subject,pipeline,group,fold,accuracy,auc,best_params,fit_seconds_total
1,classical/FBCSP+LDA,classical,0,0.4444444444444444,0.5,"{""perband__base__csp__nfilter"": 2}",45.46040979999998
1,classical/FBCSP+LDA,classical,1,0.7777777777777778,0.8,"{""perband__base__csp__nfilter"": 4}",45.46040979999998
1,classical/FBCSP+LDA,classical,2,0.7777777777777778,0.8,"{""perband__base__csp__nfilter"": 2}",45.46040979999998
1,classical/FBCSP+LDA,classical,3,0.6666666666666666,0.8,"{""perband__base__csp__nfilter"": 4}",45.46040979999998
1,classical/FBCSP+LDA,classical,4,0.6666666666666666,0.7,"{""perband__base__csp__nfilter"": 2}",45.46040979999998
1,classical/FBCSP+LDA,classical,5,0.7777777777777778,0.95,"{""perband__base__csp__nfilter"": 2}",45.46040979999998
1,classical/FBCSP+LDA,classical,6,0.6666666666666666,0.65,"{""perband__base__csp__nfilter"": 2}",45.46040979999998
1,classical/FBCSP+LDA,classical,7,0.5555555555555556,0.7,"{""perband__base__csp__nfilter"": 4}",45.46040979999998
1,classical/FBCSP+LDA,classical,8,0.6666666666666666,0.6499999999999999,"{""perband__base__csp__nfilter"": 4}",45.46040979999998
1,classical/FBCSP+LDA,classical,9,0.7777777777777778,0.8500000000000001,"{""perband__base__csp__nfilter"": 2}",45.46040979999998
1,classical/FBCSP+LDA,classical,10,0.6666666666666666,0.85,"{""perband__base__csp__nfilter"": 4}",45.46040979999998
1,classical/FBCSP+LDA,classical,11,0.8888888888888888,0.8,"{""perband__base__csp__nfilter"": 2}",45.46040979999998
1,classical/FBCSP+LDA,classical,12,0.8888888888888888,0.8500000000000001,"{""perband__base__csp__nfilter"": 2}",45.46040979999998
1,classical/FBCSP+LDA,classical,13,0.3333333333333333,0.0999999999999999,"{""perband__base__csp__nfilter"": 6}",45.46040979999998
1,classical/FBCSP+LDA,classical,14,0.6666666666666666,0.9,"{""perband__base__csp__nfilter"": 4}",45.46040979999998
1,classical/FB-TS+LR,classical,0,0.2222222222222222,0.45,"{""clf__C"": 0.1}",47.94488270000011
1,classical/FB-TS+LR,classical,1,0.5555555555555556,0.75,"{""clf__C"": 10.0}",47.94488270000011
1,classical/FB-TS+LR,classical,2,0.5555555555555556,0.7,"{""clf__C"": 0.1}",47.94488270000011
1,classical/FB-TS+LR,classical,3,0.4444444444444444,0.65,"{""clf__C"": 0.1}",47.94488270000011
1,classical/FB-TS+LR,classical,4,0.6666666666666666,0.8,"{""clf__C"": 0.1}",47.94488270000011
1,classical/FB-TS+LR,classical,5,0.5555555555555556,0.5,"{""clf__C"": 0.1}",47.94488270000011
1,classical/FB-TS+LR,classical,6,0.5555555555555556,0.85,"{""clf__C"": 0.1}",47.94488270000011
1,classical/FB-TS+LR,classical,7,0.5555555555555556,0.75,"{""clf__C"": 0.1}",47.94488270000011
1,classical/FB-TS+LR,classical,8,0.7777777777777778,0.7000000000000001,"{""clf__C"": 0.1}",47.94488270000011
1,classical/FB-TS+LR,classical,9,0.7777777777777778,0.65,"{""clf__C"": 0.1}",47.94488270000011
1,classical/FB-TS+LR,classical,10,0.7777777777777778,0.8500000000000001,"{""clf__C"": 0.1}",47.94488270000011
1,classical/FB-TS+LR,classical,11,0.6666666666666666,0.6499999999999999,"{""clf__C"": 1.0}",47.94488270000011
1,classical/FB-TS+LR,classical,12,0.7777777777777778,0.95,"{""clf__C"": 1.0}",47.94488270000011
1,classical/FB-TS+LR,classical,13,0.3333333333333333,0.3,"{""clf__C"": 0.1}",47.94488270000011
1,classical/FB-TS+LR,classical,14,0.5555555555555556,0.75,"{""clf__C"": 0.1}",47.94488270000011
1,classical/FB-TS+RBF-SVM,classical,0,0.2222222222222222,0.3,"{""clf__C"": 10.0, ""clf__gamma"": ""scale""}",86.03696570000011
1,classical/FB-TS+RBF-SVM,classical,1,0.7777777777777778,0.8500000000000001,"{""clf__C"": 10.0, ""clf__gamma"": ""scale""}",86.03696570000011
1,classical/FB-TS+RBF-SVM,classical,2,0.5555555555555556,0.6,"{""clf__C"": 10.0, ""clf__gamma"": ""scale""}",86.03696570000011
1,classical/FB-TS+RBF-SVM,classical,3,0.4444444444444444,0.6,"{""clf__C"": 10.0, ""clf__gamma"": ""scale""}",86.03696570000011
1,classical/FB-TS+RBF-SVM,classical,4,0.6666666666666666,0.8,"{""clf__C"": 10.0, ""clf__gamma"": ""scale""}",86.03696570000011
1,classical/FB-TS+RBF-SVM,classical,5,0.4444444444444444,0.4,"{""clf__C"": 10.0, ""clf__gamma"": ""scale""}",86.03696570000011
1,classical/FB-TS+RBF-SVM,classical,6,0.4444444444444444,0.6000000000000001,"{""clf__C"": 10.0, ""clf__gamma"": ""scale""}",86.03696570000011
1,classical/FB-TS+RBF-SVM,classical,7,0.6666666666666666,0.7000000000000001,"{""clf__C"": 10.0, ""clf__gamma"": ""scale""}",86.03696570000011
1,classical/FB-TS+RBF-SVM,classical,8,0.7777777777777778,0.6500000000000001,"{""clf__C"": 10.0, ""clf__gamma"": ""scale""}",86.03696570000011
1,classical/FB-TS+RBF-SVM,classical,9,0.6666666666666666,0.65,"{""clf__C"": 10.0, ""clf__gamma"": ""scale""}",86.03696570000011
1,classical/FB-TS+RBF-SVM,classical,10,0.6666666666666666,0.7,"{""clf__C"": 10.0, ""clf__gamma"": ""scale""}",86.03696570000011
1,classical/FB-TS+RBF-SVM,classical,11,0.6666666666666666,0.8,"{""clf__C"": 10.0, ""clf__gamma"": ""scale""}",86.03696570000011
1,classical/FB-TS+RBF-SVM,classical,12,0.8888888888888888,0.95,"{""clf__C"": 10.0, ""clf__gamma"": ""scale""}",86.03696570000011
1,classical/FB-TS+RBF-SVM,classical,13,0.5555555555555556,0.35,"{""clf__C"": 10.0, ""clf__gamma"": ""scale""}",86.03696570000011
1,classical/FB-TS+RBF-SVM,classical,14,0.6666666666666666,0.85,"{""clf__C"": 10.0, ""clf__gamma"": ""scale""}",86.03696570000011
1,quantum/FB-HS-overlap-SVM,quantum,0,0.4444444444444444,0.4499999999999999,"{""clf__C"": 0.1}",36.27314239999987
1,quantum/FB-HS-overlap-SVM,quantum,1,0.4444444444444444,0.45,"{""clf__C"": 10.0}",36.27314239999987
1,quantum/FB-HS-overlap-SVM,quantum,2,0.3333333333333333,0.35,"{""clf__C"": 10.0}",36.27314239999987
1,quantum/FB-HS-overlap-SVM,quantum,3,0.6666666666666666,0.5,"{""clf__C"": 10.0}",36.27314239999987
1,quantum/FB-HS-overlap-SVM,quantum,4,0.4444444444444444,0.5,"{""clf__C"": 10.0}",36.27314239999987
1,quantum/FB-HS-overlap-SVM,quantum,5,0.2222222222222222,0.35,"{""clf__C"": 10.0}",36.27314239999987
1,quantum/FB-HS-overlap-SVM,quantum,6,0.5555555555555556,0.8,"{""clf__C"": 10.0}",36.27314239999987
1,quantum/FB-HS-overlap-SVM,quantum,7,0.7777777777777778,0.85,"{""clf__C"": 0.1}",36.27314239999987
1,quantum/FB-HS-overlap-SVM,quantum,8,0.4444444444444444,0.55,"{""clf__C"": 10.0}",36.27314239999987
1,quantum/FB-HS-overlap-SVM,quantum,9,0.6666666666666666,0.4,"{""clf__C"": 0.1}",36.27314239999987
1,quantum/FB-HS-overlap-SVM,quantum,10,0.4444444444444444,0.4,"{""clf__C"": 0.1}",36.27314239999987
1,quantum/FB-HS-overlap-SVM,quantum,11,0.4444444444444444,0.4,"{""clf__C"": 10.0}",36.27314239999987
1,quantum/FB-HS-overlap-SVM,quantum,12,0.6666666666666666,0.6,"{""clf__C"": 0.1}",36.27314239999987
1,quantum/FB-HS-overlap-SVM,quantum,13,0.3333333333333333,0.3,"{""clf__C"": 10.0}",36.27314239999987
1,quantum/FB-HS-overlap-SVM,quantum,14,0.3333333333333333,0.1,"{""clf__C"": 10.0}",36.27314239999987
1,quantum/FB-HS-overlap-ref-SVM,quantum,0,0.4444444444444444,0.6,"{""clf__C"": 10.0}",41.90418
1,quantum/FB-HS-overlap-ref-SVM,quantum,1,0.7777777777777778,0.8500000000000001,"{""clf__C"": 10.0}",41.90418
1,quantum/FB-HS-overlap-ref-SVM,quantum,2,0.8888888888888888,0.8500000000000001,"{""clf__C"": 10.0}",41.90418
1,quantum/FB-HS-overlap-ref-SVM,quantum,3,0.6666666666666666,0.8,"{""clf__C"": 10.0}",41.90418
1,quantum/FB-HS-overlap-ref-SVM,quantum,4,0.8888888888888888,0.9,"{""clf__C"": 10.0}",41.90418
1,quantum/FB-HS-overlap-ref-SVM,quantum,5,0.4444444444444444,0.7,"{""clf__C"": 10.0}",41.90418
1,quantum/FB-HS-overlap-ref-SVM,quantum,6,1.0,1.0,"{""clf__C"": 10.0}",41.90418
1,quantum/FB-HS-overlap-ref-SVM,quantum,7,0.6666666666666666,0.65,"{""clf__C"": 10.0}",41.90418
1,quantum/FB-HS-overlap-ref-SVM,quantum,8,0.7777777777777778,0.7000000000000001,"{""clf__C"": 10.0}",41.90418
1,quantum/FB-HS-overlap-ref-SVM,quantum,9,0.8888888888888888,1.0,"{""clf__C"": 10.0}",41.90418
1,quantum/FB-HS-overlap-ref-SVM,quantum,10,0.8888888888888888,0.95,"{""clf__C"": 10.0}",41.90418
1,quantum/FB-HS-overlap-ref-SVM,quantum,11,0.7777777777777778,0.8,"{""clf__C"": 10.0}",41.90418
1,quantum/FB-HS-overlap-ref-SVM,quantum,12,0.7777777777777778,0.95,"{""clf__C"": 10.0}",41.90418
1,quantum/FB-HS-overlap-ref-SVM,quantum,13,0.5555555555555556,0.4,"{""clf__C"": 10.0}",41.90418
1,quantum/FB-HS-overlap-ref-SVM,quantum,14,0.8888888888888888,1.0,"{""clf__C"": 10.0}",41.90418
1,quantum/FB-Fidelity-SVM,quantum,0,0.4444444444444444,0.45,"{""clf__C"": 10.0}",44.77997109999978
1,quantum/FB-Fidelity-SVM,quantum,1,0.4444444444444444,0.4999999999999999,"{""clf__C"": 0.1}",44.77997109999978
1,quantum/FB-Fidelity-SVM,quantum,2,0.3333333333333333,0.2999999999999999,"{""clf__C"": 0.1}",44.77997109999978
1,quantum/FB-Fidelity-SVM,quantum,3,0.4444444444444444,0.5,"{""clf__C"": 0.1}",44.77997109999978
1,quantum/FB-Fidelity-SVM,quantum,4,0.3333333333333333,0.25,"{""clf__C"": 0.1}",44.77997109999978
1,quantum/FB-Fidelity-SVM,quantum,5,0.4444444444444444,0.2,"{""clf__C"": 0.1}",44.77997109999978
1,quantum/FB-Fidelity-SVM,quantum,6,0.4444444444444444,0.75,"{""clf__C"": 0.1}",44.77997109999978
1,quantum/FB-Fidelity-SVM,quantum,7,0.6666666666666666,0.65,"{""clf__C"": 0.1}",44.77997109999978
1,quantum/FB-Fidelity-SVM,quantum,8,0.4444444444444444,0.4,"{""clf__C"": 0.1}",44.77997109999978
1,quantum/FB-Fidelity-SVM,quantum,9,0.6666666666666666,0.4,"{""clf__C"": 0.1}",44.77997109999978
1,quantum/FB-Fidelity-SVM,quantum,10,0.4444444444444444,0.55,"{""clf__C"": 0.1}",44.77997109999978
1,quantum/FB-Fidelity-SVM,quantum,11,0.4444444444444444,0.35,"{""clf__C"": 0.1}",44.77997109999978
1,quantum/FB-Fidelity-SVM,quantum,12,0.7777777777777778,0.7000000000000001,"{""clf__C"": 0.1}",44.77997109999978
1,quantum/FB-Fidelity-SVM,quantum,13,0.3333333333333333,0.2999999999999999,"{""clf__C"": 10.0}",44.77997109999978
1,quantum/FB-Fidelity-SVM,quantum,14,0.0,0.0,"{""clf__C"": 0.1}",44.77997109999978
1,quantum/FB-Fidelity-ref-SVM,quantum,0,0.6666666666666666,0.6,"{""clf__C"": 10.0}",53.90173619999996
1,quantum/FB-Fidelity-ref-SVM,quantum,1,0.8888888888888888,0.8,"{""clf__C"": 10.0}",53.90173619999996
1,quantum/FB-Fidelity-ref-SVM,quantum,2,0.8888888888888888,0.8500000000000001,"{""clf__C"": 10.0}",53.90173619999996
1,quantum/FB-Fidelity-ref-SVM,quantum,3,0.6666666666666666,0.75,"{""clf__C"": 10.0}",53.90173619999996
1,quantum/FB-Fidelity-ref-SVM,quantum,4,0.8888888888888888,0.9,"{""clf__C"": 10.0}",53.90173619999996
1,quantum/FB-Fidelity-ref-SVM,quantum,5,0.6666666666666666,0.7,"{""clf__C"": 10.0}",53.90173619999996
1,quantum/FB-Fidelity-ref-SVM,quantum,6,1.0,1.0,"{""clf__C"": 10.0}",53.90173619999996
1,quantum/FB-Fidelity-ref-SVM,quantum,7,0.7777777777777778,0.75,"{""clf__C"": 10.0}",53.90173619999996
1,quantum/FB-Fidelity-ref-SVM,quantum,8,0.7777777777777778,0.6500000000000001,"{""clf__C"": 10.0}",53.90173619999996
1,quantum/FB-Fidelity-ref-SVM,quantum,9,0.8888888888888888,0.95,"{""clf__C"": 10.0}",53.90173619999996
1,quantum/FB-Fidelity-ref-SVM,quantum,10,0.8888888888888888,1.0,"{""clf__C"": 10.0}",53.90173619999996
1,quantum/FB-Fidelity-ref-SVM,quantum,11,0.7777777777777778,0.8,"{""clf__C"": 10.0}",53.90173619999996
1,quantum/FB-Fidelity-ref-SVM,quantum,12,0.8888888888888888,0.95,"{""clf__C"": 10.0}",53.90173619999996
1,quantum/FB-Fidelity-ref-SVM,quantum,13,0.4444444444444444,0.4,"{""clf__C"": 10.0}",53.90173619999996
1,quantum/FB-Fidelity-ref-SVM,quantum,14,0.6666666666666666,1.0,"{""clf__C"": 10.0}",53.90173619999996
1,quantum/FB-HS-RBF-SVM,quantum,0,0.5555555555555556,0.6,"{""clf__C"": 1.0, ""clf__gamma_mult"": 1.0}",44.20784229999981
1,quantum/FB-HS-RBF-SVM,quantum,1,0.4444444444444444,0.55,"{""clf__C"": 1.0, ""clf__gamma_mult"": 4.0}",44.20784229999981
1,quantum/FB-HS-RBF-SVM,quantum,2,0.3333333333333333,0.3999999999999999,"{""clf__C"": 1.0, ""clf__gamma_mult"": 1.0}",44.20784229999981
1,quantum/FB-HS-RBF-SVM,quantum,3,0.5555555555555556,0.75,"{""clf__C"": 1.0, ""clf__gamma_mult"": 4.0}",44.20784229999981
1,quantum/FB-HS-RBF-SVM,quantum,4,0.5555555555555556,0.55,"{""clf__C"": 10.0, ""clf__gamma_mult"": 1.0}",44.20784229999981
1,quantum/FB-HS-RBF-SVM,quantum,5,0.4444444444444444,0.3,"{""clf__C"": 10.0, ""clf__gamma_mult"": 0.25}",44.20784229999981
1,quantum/FB-HS-RBF-SVM,quantum,6,0.7777777777777778,0.7,"{""clf__C"": 10.0, ""clf__gamma_mult"": 1.0}",44.20784229999981
1,quantum/FB-HS-RBF-SVM,quantum,7,0.6666666666666666,0.8,"{""clf__C"": 10.0, ""clf__gamma_mult"": 1.0}",44.20784229999981
1,quantum/FB-HS-RBF-SVM,quantum,8,0.4444444444444444,0.4499999999999999,"{""clf__C"": 10.0, ""clf__gamma_mult"": 0.25}",44.20784229999981
1,quantum/FB-HS-RBF-SVM,quantum,9,0.7777777777777778,0.8500000000000001,"{""clf__C"": 10.0, ""clf__gamma_mult"": 1.0}",44.20784229999981
1,quantum/FB-HS-RBF-SVM,quantum,10,0.4444444444444444,0.6499999999999999,"{""clf__C"": 1.0, ""clf__gamma_mult"": 1.0}",44.20784229999981
1,quantum/FB-HS-RBF-SVM,quantum,11,0.5555555555555556,0.5,"{""clf__C"": 10.0, ""clf__gamma_mult"": 0.25}",44.20784229999981
1,quantum/FB-HS-RBF-SVM,quantum,12,0.4444444444444444,0.4499999999999999,"{""clf__C"": 10.0, ""clf__gamma_mult"": 4.0}",44.20784229999981
1,quantum/FB-HS-RBF-SVM,quantum,13,0.5555555555555556,0.55,"{""clf__C"": 10.0, ""clf__gamma_mult"": 1.0}",44.20784229999981
1,quantum/FB-HS-RBF-SVM,quantum,14,0.3333333333333333,0.25,"{""clf__C"": 10.0, ""clf__gamma_mult"": 0.25}",44.20784229999981
1,quantum/FB-HS-RBF-ref-SVM,quantum,0,0.5555555555555556,0.55,"{""clf__C"": 10.0, ""clf__gamma_mult"": 1.0}",61.1139931000007
1,quantum/FB-HS-RBF-ref-SVM,quantum,1,0.8888888888888888,0.8500000000000001,"{""clf__C"": 10.0, ""clf__gamma_mult"": 0.25}",61.1139931000007
1,quantum/FB-HS-RBF-ref-SVM,quantum,2,0.8888888888888888,0.8,"{""clf__C"": 10.0, ""clf__gamma_mult"": 1.0}",61.1139931000007
1,quantum/FB-HS-RBF-ref-SVM,quantum,3,0.5555555555555556,0.8,"{""clf__C"": 10.0, ""clf__gamma_mult"": 0.25}",61.1139931000007
1,quantum/FB-HS-RBF-ref-SVM,quantum,4,0.8888888888888888,0.9,"{""clf__C"": 10.0, ""clf__gamma_mult"": 0.25}",61.1139931000007
1,quantum/FB-HS-RBF-ref-SVM,quantum,5,0.5555555555555556,0.7,"{""clf__C"": 10.0, ""clf__gamma_mult"": 0.25}",61.1139931000007
1,quantum/FB-HS-RBF-ref-SVM,quantum,6,0.8888888888888888,1.0,"{""clf__C"": 10.0, ""clf__gamma_mult"": 0.25}",61.1139931000007
1,quantum/FB-HS-RBF-ref-SVM,quantum,7,0.5555555555555556,0.65,"{""clf__C"": 10.0, ""clf__gamma_mult"": 1.0}",61.1139931000007
1,quantum/FB-HS-RBF-ref-SVM,quantum,8,0.7777777777777778,0.7000000000000001,"{""clf__C"": 10.0, ""clf__gamma_mult"": 0.25}",61.1139931000007
1,quantum/FB-HS-RBF-ref-SVM,quantum,9,0.8888888888888888,1.0,"{""clf__C"": 10.0, ""clf__gamma_mult"": 0.25}",61.1139931000007
1,quantum/FB-HS-RBF-ref-SVM,quantum,10,0.8888888888888888,0.95,"{""clf__C"": 10.0, ""clf__gamma_mult"": 1.0}",61.1139931000007
1,quantum/FB-HS-RBF-ref-SVM,quantum,11,0.7777777777777778,0.8,"{""clf__C"": 10.0, ""clf__gamma_mult"": 0.25}",61.1139931000007
1,quantum/FB-HS-RBF-ref-SVM,quantum,12,0.7777777777777778,0.95,"{""clf__C"": 10.0, ""clf__gamma_mult"": 0.25}",61.1139931000007
1,quantum/FB-HS-RBF-ref-SVM,quantum,13,0.5555555555555556,0.4,"{""clf__C"": 10.0, ""clf__gamma_mult"": 0.25}",61.1139931000007
1,quantum/FB-HS-RBF-ref-SVM,quantum,14,0.7777777777777778,1.0,"{""clf__C"": 10.0, ""clf__gamma_mult"": 0.25}",61.1139931000007
1,quantum/FB-Bures-RBF-SVM,quantum,0,0.6666666666666666,0.5,"{""clf__C"": 10.0, ""clf__gamma_mult"": 0.25}",67.31572169999981
1,quantum/FB-Bures-RBF-SVM,quantum,1,0.3333333333333333,0.55,"{""clf__C"": 1.0, ""clf__gamma_mult"": 4.0}",67.31572169999981
1,quantum/FB-Bures-RBF-SVM,quantum,2,0.3333333333333333,0.35,"{""clf__C"": 1.0, ""clf__gamma_mult"": 4.0}",67.31572169999981
1,quantum/FB-Bures-RBF-SVM,quantum,3,0.7777777777777778,0.75,"{""clf__C"": 10.0, ""clf__gamma_mult"": 0.25}",67.31572169999981
1,quantum/FB-Bures-RBF-SVM,quantum,4,0.6666666666666666,0.45,"{""clf__C"": 10.0, ""clf__gamma_mult"": 1.0}",67.31572169999981
1,quantum/FB-Bures-RBF-SVM,quantum,5,0.3333333333333333,0.35,"{""clf__C"": 1.0, ""clf__gamma_mult"": 4.0}",67.31572169999981
1,quantum/FB-Bures-RBF-SVM,quantum,6,0.4444444444444444,0.6,"{""clf__C"": 1.0, ""clf__gamma_mult"": 1.0}",67.31572169999981
1,quantum/FB-Bures-RBF-SVM,quantum,7,0.7777777777777778,0.7000000000000001,"{""clf__C"": 10.0, ""clf__gamma_mult"": 4.0}",67.31572169999981
1,quantum/FB-Bures-RBF-SVM,quantum,8,0.5555555555555556,0.6,"{""clf__C"": 1.0, ""clf__gamma_mult"": 4.0}",67.31572169999981
1,quantum/FB-Bures-RBF-SVM,quantum,9,0.8888888888888888,0.8500000000000001,"{""clf__C"": 10.0, ""clf__gamma_mult"": 1.0}",67.31572169999981
1,quantum/FB-Bures-RBF-SVM,quantum,10,0.7777777777777778,0.85,"{""clf__C"": 10.0, ""clf__gamma_mult"": 1.0}",67.31572169999981
1,quantum/FB-Bures-RBF-SVM,quantum,11,0.5555555555555556,0.55,"{""clf__C"": 10.0, ""clf__gamma_mult"": 0.25}",67.31572169999981
1,quantum/FB-Bures-RBF-SVM,quantum,12,0.4444444444444444,0.5,"{""clf__C"": 1.0, ""clf__gamma_mult"": 4.0}",67.31572169999981
1,quantum/FB-Bures-RBF-SVM,quantum,13,0.3333333333333333,0.3999999999999999,"{""clf__C"": 10.0, ""clf__gamma_mult"": 4.0}",67.31572169999981
1,quantum/FB-Bures-RBF-SVM,quantum,14,0.5555555555555556,0.65,"{""clf__C"": 10.0, ""clf__gamma_mult"": 4.0}",67.31572169999981
1,quantum/FB-Bures-RBF-ref-SVM,quantum,0,0.5555555555555556,0.55,"{""clf__C"": 1.0, ""clf__gamma_mult"": 1.0}",85.98701110000002
1,quantum/FB-Bures-RBF-ref-SVM,quantum,1,0.8888888888888888,0.8,"{""clf__C"": 10.0, ""clf__gamma_mult"": 0.25}",85.98701110000002
1,quantum/FB-Bures-RBF-ref-SVM,quantum,2,0.7777777777777778,0.8500000000000001,"{""clf__C"": 10.0, ""clf__gamma_mult"": 0.25}",85.98701110000002
1,quantum/FB-Bures-RBF-ref-SVM,quantum,3,0.7777777777777778,0.75,"{""clf__C"": 1.0, ""clf__gamma_mult"": 1.0}",85.98701110000002
1,quantum/FB-Bures-RBF-ref-SVM,quantum,4,0.8888888888888888,0.9,"{""clf__C"": 10.0, ""clf__gamma_mult"": 1.0}",85.98701110000002
1,quantum/FB-Bures-RBF-ref-SVM,quantum,5,0.4444444444444444,0.65,"{""clf__C"": 10.0, ""clf__gamma_mult"": 0.25}",85.98701110000002
1,quantum/FB-Bures-RBF-ref-SVM,quantum,6,0.8888888888888888,0.95,"{""clf__C"": 10.0, ""clf__gamma_mult"": 1.0}",85.98701110000002
1,quantum/FB-Bures-RBF-ref-SVM,quantum,7,0.6666666666666666,0.7,"{""clf__C"": 10.0, ""clf__gamma_mult"": 0.25}",85.98701110000002
1,quantum/FB-Bures-RBF-ref-SVM,quantum,8,0.7777777777777778,0.6500000000000001,"{""clf__C"": 10.0, ""clf__gamma_mult"": 0.25}",85.98701110000002
1,quantum/FB-Bures-RBF-ref-SVM,quantum,9,0.8888888888888888,0.8500000000000001,"{""clf__C"": 10.0, ""clf__gamma_mult"": 1.0}",85.98701110000002
1,quantum/FB-Bures-RBF-ref-SVM,quantum,10,0.8888888888888888,0.95,"{""clf__C"": 10.0, ""clf__gamma_mult"": 1.0}",85.98701110000002
1,quantum/FB-Bures-RBF-ref-SVM,quantum,11,0.7777777777777778,0.8,"{""clf__C"": 10.0, ""clf__gamma_mult"": 0.25}",85.98701110000002
1,quantum/FB-Bures-RBF-ref-SVM,quantum,12,0.7777777777777778,0.95,"{""clf__C"": 10.0, ""clf__gamma_mult"": 0.25}",85.98701110000002
1,quantum/FB-Bures-RBF-ref-SVM,quantum,13,0.5555555555555556,0.45,"{""clf__C"": 10.0, ""clf__gamma_mult"": 0.25}",85.98701110000002
1,quantum/FB-Bures-RBF-ref-SVM,quantum,14,0.7777777777777778,0.95,"{""clf__C"": 10.0, ""clf__gamma_mult"": 0.25}",85.98701110000002
1,quantum/FB-QRE-RBF-SVM,quantum,0,0.6666666666666666,0.5,"{""clf__C"": 10.0, ""clf__gamma_mult"": 0.25}",50.85276879999947
1,quantum/FB-QRE-RBF-SVM,quantum,1,0.4444444444444444,0.55,"{""clf__C"": 1.0, ""clf__gamma_mult"": 4.0}",50.85276879999947
1,quantum/FB-QRE-RBF-SVM,quantum,2,0.3333333333333333,0.3999999999999999,"{""clf__C"": 1.0, ""clf__gamma_mult"": 4.0}",50.85276879999947
1,quantum/FB-QRE-RBF-SVM,quantum,3,0.6666666666666666,0.7,"{""clf__C"": 1.0, ""clf__gamma_mult"": 4.0}",50.85276879999947
1,quantum/FB-QRE-RBF-SVM,quantum,4,0.6666666666666666,0.45,"{""clf__C"": 10.0, ""clf__gamma_mult"": 1.0}",50.85276879999947
1,quantum/FB-QRE-RBF-SVM,quantum,5,0.4444444444444444,0.25,"{""clf__C"": 1.0, ""clf__gamma_mult"": 1.0}",50.85276879999947
1,quantum/FB-QRE-RBF-SVM,quantum,6,0.4444444444444444,0.6,"{""clf__C"": 1.0, ""clf__gamma_mult"": 1.0}",50.85276879999947
1,quantum/FB-QRE-RBF-SVM,quantum,7,0.7777777777777778,0.7000000000000001,"{""clf__C"": 10.0, ""clf__gamma_mult"": 4.0}",50.85276879999947
1,quantum/FB-QRE-RBF-SVM,quantum,8,0.4444444444444444,0.6,"{""clf__C"": 1.0, ""clf__gamma_mult"": 4.0}",50.85276879999947
1,quantum/FB-QRE-RBF-SVM,quantum,9,0.8888888888888888,0.8500000000000001,"{""clf__C"": 10.0, ""clf__gamma_mult"": 1.0}",50.85276879999947
1,quantum/FB-QRE-RBF-SVM,quantum,10,0.6666666666666666,0.7000000000000001,"{""clf__C"": 1.0, ""clf__gamma_mult"": 4.0}",50.85276879999947
1,quantum/FB-QRE-RBF-SVM,quantum,11,0.5555555555555556,0.55,"{""clf__C"": 10.0, ""clf__gamma_mult"": 0.25}",50.85276879999947
1,quantum/FB-QRE-RBF-SVM,quantum,12,0.4444444444444444,0.5,"{""clf__C"": 1.0, ""clf__gamma_mult"": 4.0}",50.85276879999947
1,quantum/FB-QRE-RBF-SVM,quantum,13,0.4444444444444444,0.3999999999999999,"{""clf__C"": 10.0, ""clf__gamma_mult"": 4.0}",50.85276879999947
1,quantum/FB-QRE-RBF-SVM,quantum,14,0.3333333333333333,0.3,"{""clf__C"": 1.0, ""clf__gamma_mult"": 1.0}",50.85276879999947
1,quantum/FB-QRE-RBF-ref-SVM,quantum,0,0.5555555555555556,0.5,"{""clf__C"": 1.0, ""clf__gamma_mult"": 1.0}",67.34918679999919
1,quantum/FB-QRE-RBF-ref-SVM,quantum,1,0.8888888888888888,0.8,"{""clf__C"": 10.0, ""clf__gamma_mult"": 0.25}",67.34918679999919
1,quantum/FB-QRE-RBF-ref-SVM,quantum,2,0.8888888888888888,0.8500000000000001,"{""clf__C"": 10.0, ""clf__gamma_mult"": 0.25}",67.34918679999919
1,quantum/FB-QRE-RBF-ref-SVM,quantum,3,0.5555555555555556,0.75,"{""clf__C"": 10.0, ""clf__gamma_mult"": 0.25}",67.34918679999919
1,quantum/FB-QRE-RBF-ref-SVM,quantum,4,0.8888888888888888,0.9,"{""clf__C"": 10.0, ""clf__gamma_mult"": 0.25}",67.34918679999919
1,quantum/FB-QRE-RBF-ref-SVM,quantum,5,0.5555555555555556,0.8,"{""clf__C"": 10.0, ""clf__gamma_mult"": 1.0}",67.34918679999919
1,quantum/FB-QRE-RBF-ref-SVM,quantum,6,0.8888888888888888,0.95,"{""clf__C"": 10.0, ""clf__gamma_mult"": 1.0}",67.34918679999919
1,quantum/FB-QRE-RBF-ref-SVM,quantum,7,0.6666666666666666,0.7,"{""clf__C"": 10.0, ""clf__gamma_mult"": 0.25}",67.34918679999919
1,quantum/FB-QRE-RBF-ref-SVM,quantum,8,0.7777777777777778,0.6500000000000001,"{""clf__C"": 10.0, ""clf__gamma_mult"": 0.25}",67.34918679999919
1,quantum/FB-QRE-RBF-ref-SVM,quantum,9,0.8888888888888888,1.0,"{""clf__C"": 10.0, ""clf__gamma_mult"": 0.25}",67.34918679999919
1,quantum/FB-QRE-RBF-ref-SVM,quantum,10,0.8888888888888888,0.95,"{""clf__C"": 10.0, ""clf__gamma_mult"": 1.0}",67.34918679999919
1,quantum/FB-QRE-RBF-ref-SVM,quantum,11,0.7777777777777778,0.8,"{""clf__C"": 10.0, ""clf__gamma_mult"": 0.25}",67.34918679999919
1,quantum/FB-QRE-RBF-ref-SVM,quantum,12,0.7777777777777778,0.95,"{""clf__C"": 10.0, ""clf__gamma_mult"": 0.25}",67.34918679999919
1,quantum/FB-QRE-RBF-ref-SVM,quantum,13,0.5555555555555556,0.45,"{""clf__C"": 10.0, ""clf__gamma_mult"": 0.25}",67.34918679999919
1,quantum/FB-QRE-RBF-ref-SVM,quantum,14,0.7777777777777778,0.95,"{""clf__C"": 10.0, ""clf__gamma_mult"": 0.25}",67.34918679999919
1,control/FB-riemann-kernel-SVM,control,0,0.6666666666666666,0.5,"{""clf__C"": 0.1}",45.90905789999943
1,control/FB-riemann-kernel-SVM,control,1,0.6666666666666666,0.8,"{""clf__C"": 0.1}",45.90905789999943
1,control/FB-riemann-kernel-SVM,control,2,0.5555555555555556,0.7000000000000001,"{""clf__C"": 0.1}",45.90905789999943
1,control/FB-riemann-kernel-SVM,control,3,0.5555555555555556,0.7,"{""clf__C"": 1.0}",45.90905789999943
1,control/FB-riemann-kernel-SVM,control,4,0.6666666666666666,0.9,"{""clf__C"": 1.0}",45.90905789999943
1,control/FB-riemann-kernel-SVM,control,5,0.5555555555555556,0.65,"{""clf__C"": 1.0}",45.90905789999943
1,control/FB-riemann-kernel-SVM,control,6,0.7777777777777778,0.85,"{""clf__C"": 0.1}",45.90905789999943
1,control/FB-riemann-kernel-SVM,control,7,0.5555555555555556,0.7,"{""clf__C"": 1.0}",45.90905789999943
1,control/FB-riemann-kernel-SVM,control,8,0.6666666666666666,0.7000000000000001,"{""clf__C"": 0.1}",45.90905789999943
1,control/FB-riemann-kernel-SVM,control,9,0.7777777777777778,0.75,"{""clf__C"": 0.1}",45.90905789999943
1,control/FB-riemann-kernel-SVM,control,10,0.7777777777777778,0.95,"{""clf__C"": 1.0}",45.90905789999943
1,control/FB-riemann-kernel-SVM,control,11,0.7777777777777778,0.75,"{""clf__C"": 1.0}",45.90905789999943
1,control/FB-riemann-kernel-SVM,control,12,0.7777777777777778,0.95,"{""clf__C"": 0.1}",45.90905789999943
1,control/FB-riemann-kernel-SVM,control,13,0.4444444444444444,0.5,"{""clf__C"": 0.1}",45.90905789999943
1,control/FB-riemann-kernel-SVM,control,14,0.7777777777777778,0.9,"{""clf__C"": 1.0}",45.90905789999943
1,control/FB-logeuclid-kernel-SVM,control,0,0.5555555555555556,0.55,"{""clf__C"": 0.1}",46.8404888999994
1,control/FB-logeuclid-kernel-SVM,control,1,0.6666666666666666,0.7,"{""clf__C"": 1.0}",46.8404888999994
1,control/FB-logeuclid-kernel-SVM,control,2,0.5555555555555556,0.7,"{""clf__C"": 1.0}",46.8404888999994
1,control/FB-logeuclid-kernel-SVM,control,3,0.7777777777777778,0.7,"{""clf__C"": 1.0}",46.8404888999994
1,control/FB-logeuclid-kernel-SVM,control,4,0.8888888888888888,0.95,"{""clf__C"": 1.0}",46.8404888999994
1,control/FB-logeuclid-kernel-SVM,control,5,0.5555555555555556,0.6,"{""clf__C"": 1.0}",46.8404888999994
1,control/FB-logeuclid-kernel-SVM,control,6,0.7777777777777778,0.8,"{""clf__C"": 0.1}",46.8404888999994
1,control/FB-logeuclid-kernel-SVM,control,7,0.6666666666666666,0.8,"{""clf__C"": 1.0}",46.8404888999994
1,control/FB-logeuclid-kernel-SVM,control,8,0.6666666666666666,0.75,"{""clf__C"": 1.0}",46.8404888999994
1,control/FB-logeuclid-kernel-SVM,control,9,0.6666666666666666,0.75,"{""clf__C"": 0.1}",46.8404888999994
1,control/FB-logeuclid-kernel-SVM,control,10,0.8888888888888888,0.95,"{""clf__C"": 1.0}",46.8404888999994
1,control/FB-logeuclid-kernel-SVM,control,11,0.7777777777777778,0.8500000000000001,"{""clf__C"": 1.0}",46.8404888999994
1,control/FB-logeuclid-kernel-SVM,control,12,0.5555555555555556,0.8,"{""clf__C"": 0.1}",46.8404888999994
1,control/FB-logeuclid-kernel-SVM,control,13,0.4444444444444444,0.5,"{""clf__C"": 0.1}",46.8404888999994
1,control/FB-logeuclid-kernel-SVM,control,14,0.7777777777777778,0.9,"{""clf__C"": 1.0}",46.8404888999994
7,classical/FBCSP+LDA,classical,0,1.0,1.0,"{""perband__base__csp__nfilter"": 2}",45.61481730000014
7,classical/FBCSP+LDA,classical,1,0.8888888888888888,0.95,"{""perband__base__csp__nfilter"": 2}",45.61481730000014
7,classical/FBCSP+LDA,classical,2,1.0,1.0,"{""perband__base__csp__nfilter"": 2}",45.61481730000014
7,classical/FBCSP+LDA,classical,3,1.0,1.0,"{""perband__base__csp__nfilter"": 2}",45.61481730000014
7,classical/FBCSP+LDA,classical,4,1.0,1.0,"{""perband__base__csp__nfilter"": 2}",45.61481730000014
7,classical/FBCSP+LDA,classical,5,1.0,1.0,"{""perband__base__csp__nfilter"": 2}",45.61481730000014
7,classical/FBCSP+LDA,classical,6,0.8888888888888888,1.0,"{""perband__base__csp__nfilter"": 2}",45.61481730000014
7,classical/FBCSP+LDA,classical,7,1.0,1.0,"{""perband__base__csp__nfilter"": 2}",45.61481730000014
7,classical/FBCSP+LDA,classical,8,1.0,1.0,"{""perband__base__csp__nfilter"": 4}",45.61481730000014
7,classical/FBCSP+LDA,classical,9,1.0,1.0,"{""perband__base__csp__nfilter"": 2}",45.61481730000014
7,classical/FBCSP+LDA,classical,10,1.0,1.0,"{""perband__base__csp__nfilter"": 4}",45.61481730000014
7,classical/FBCSP+LDA,classical,11,0.8888888888888888,1.0,"{""perband__base__csp__nfilter"": 4}",45.61481730000014
7,classical/FBCSP+LDA,classical,12,1.0,1.0,"{""perband__base__csp__nfilter"": 2}",45.61481730000014
7,classical/FBCSP+LDA,classical,13,1.0,1.0,"{""perband__base__csp__nfilter"": 2}",45.61481730000014
7,classical/FBCSP+LDA,classical,14,1.0,1.0,"{""perband__base__csp__nfilter"": 2}",45.61481730000014
7,classical/FB-TS+LR,classical,0,1.0,1.0,"{""clf__C"": 0.1}",48.67544550000002
7,classical/FB-TS+LR,classical,1,0.8888888888888888,1.0,"{""clf__C"": 0.1}",48.67544550000002
7,classical/FB-TS+LR,classical,2,1.0,1.0,"{""clf__C"": 0.1}",48.67544550000002
7,classical/FB-TS+LR,classical,3,1.0,1.0,"{""clf__C"": 1.0}",48.67544550000002
7,classical/FB-TS+LR,classical,4,1.0,1.0,"{""clf__C"": 0.1}",48.67544550000002
7,classical/FB-TS+LR,classical,5,1.0,1.0,"{""clf__C"": 0.1}",48.67544550000002
7,classical/FB-TS+LR,classical,6,0.8888888888888888,1.0,"{""clf__C"": 0.1}",48.67544550000002
7,classical/FB-TS+LR,classical,7,1.0,1.0,"{""clf__C"": 0.1}",48.67544550000002
7,classical/FB-TS+LR,classical,8,1.0,1.0,"{""clf__C"": 0.1}",48.67544550000002
7,classical/FB-TS+LR,classical,9,1.0,1.0,"{""clf__C"": 0.1}",48.67544550000002
7,classical/FB-TS+LR,classical,10,1.0,1.0,"{""clf__C"": 0.1}",48.67544550000002
7,classical/FB-TS+LR,classical,11,1.0,1.0,"{""clf__C"": 0.1}",48.67544550000002
7,classical/FB-TS+LR,classical,12,1.0,1.0,"{""clf__C"": 0.1}",48.67544550000002
7,classical/FB-TS+LR,classical,13,1.0,1.0,"{""clf__C"": 0.1}",48.67544550000002
7,classical/FB-TS+LR,classical,14,1.0,1.0,"{""clf__C"": 0.1}",48.67544550000002
7,classical/FB-TS+RBF-SVM,classical,0,1.0,1.0,"{""clf__C"": 1.0, ""clf__gamma"": ""scale""}",85.64060850000033
7,classical/FB-TS+RBF-SVM,classical,1,0.8888888888888888,1.0,"{""clf__C"": 1.0, ""clf__gamma"": ""scale""}",85.64060850000033
7,classical/FB-TS+RBF-SVM,classical,2,1.0,1.0,"{""clf__C"": 1.0, ""clf__gamma"": ""scale""}",85.64060850000033
7,classical/FB-TS+RBF-SVM,classical,3,1.0,1.0,"{""clf__C"": 1.0, ""clf__gamma"": ""scale""}",85.64060850000033
7,classical/FB-TS+RBF-SVM,classical,4,1.0,1.0,"{""clf__C"": 1.0, ""clf__gamma"": ""scale""}",85.64060850000033
7,classical/FB-TS+RBF-SVM,classical,5,1.0,1.0,"{""clf__C"": 1.0, ""clf__gamma"": ""scale""}",85.64060850000033
7,classical/FB-TS+RBF-SVM,classical,6,0.8888888888888888,1.0,"{""clf__C"": 1.0, ""clf__gamma"": ""scale""}",85.64060850000033
7,classical/FB-TS+RBF-SVM,classical,7,1.0,1.0,"{""clf__C"": 1.0, ""clf__gamma"": ""scale""}",85.64060850000033
7,classical/FB-TS+RBF-SVM,classical,8,1.0,1.0,"{""clf__C"": 10.0, ""clf__gamma"": ""scale""}",85.64060850000033
7,classical/FB-TS+RBF-SVM,classical,9,1.0,1.0,"{""clf__C"": 1.0, ""clf__gamma"": ""scale""}",85.64060850000033
7,classical/FB-TS+RBF-SVM,classical,10,1.0,1.0,"{""clf__C"": 1.0, ""clf__gamma"": ""scale""}",85.64060850000033
7,classical/FB-TS+RBF-SVM,classical,11,1.0,1.0,"{""clf__C"": 1.0, ""clf__gamma"": ""scale""}",85.64060850000033
7,classical/FB-TS+RBF-SVM,classical,12,1.0,1.0,"{""clf__C"": 1.0, ""clf__gamma"": ""scale""}",85.64060850000033
7,classical/FB-TS+RBF-SVM,classical,13,1.0,1.0,"{""clf__C"": 10.0, ""clf__gamma"": ""scale""}",85.64060850000033
7,classical/FB-TS+RBF-SVM,classical,14,1.0,1.0,"{""clf__C"": 1.0, ""clf__gamma"": ""scale""}",85.64060850000033
7,quantum/FB-HS-overlap-SVM,quantum,0,0.8888888888888888,1.0,"{""clf__C"": 10.0}",36.89860940000017
7,quantum/FB-HS-overlap-SVM,quantum,1,0.6666666666666666,0.65,"{""clf__C"": 10.0}",36.89860940000017
7,quantum/FB-HS-overlap-SVM,quantum,2,0.8888888888888888,1.0,"{""clf__C"": 10.0}",36.89860940000017
7,quantum/FB-HS-overlap-SVM,quantum,3,0.4444444444444444,0.4,"{""clf__C"": 10.0}",36.89860940000017
7,quantum/FB-HS-overlap-SVM,quantum,4,0.8888888888888888,1.0,"{""clf__C"": 10.0}",36.89860940000017
7,quantum/FB-HS-overlap-SVM,quantum,5,0.5555555555555556,0.8,"{""clf__C"": 10.0}",36.89860940000017
7,quantum/FB-HS-overlap-SVM,quantum,6,0.7777777777777778,0.8,"{""clf__C"": 10.0}",36.89860940000017
7,quantum/FB-HS-overlap-SVM,quantum,7,0.7777777777777778,0.8,"{""clf__C"": 10.0}",36.89860940000017
7,quantum/FB-HS-overlap-SVM,quantum,8,0.7777777777777778,1.0,"{""clf__C"": 10.0}",36.89860940000017
7,quantum/FB-HS-overlap-SVM,quantum,9,0.4444444444444444,0.7,"{""clf__C"": 10.0}",36.89860940000017
7,quantum/FB-HS-overlap-SVM,quantum,10,0.8888888888888888,1.0,"{""clf__C"": 10.0}",36.89860940000017
7,quantum/FB-HS-overlap-SVM,quantum,11,0.6666666666666666,0.7,"{""clf__C"": 10.0}",36.89860940000017
7,quantum/FB-HS-overlap-SVM,quantum,12,0.7777777777777778,0.85,"{""clf__C"": 10.0}",36.89860940000017
7,quantum/FB-HS-overlap-SVM,quantum,13,0.6666666666666666,0.65,"{""clf__C"": 10.0}",36.89860940000017
7,quantum/FB-HS-overlap-SVM,quantum,14,0.6666666666666666,0.7,"{""clf__C"": 10.0}",36.89860940000017
7,quantum/FB-HS-overlap-ref-SVM,quantum,0,1.0,1.0,"{""clf__C"": 1.0}",41.93471640000007
7,quantum/FB-HS-overlap-ref-SVM,quantum,1,0.8888888888888888,1.0,"{""clf__C"": 1.0}",41.93471640000007
7,quantum/FB-HS-overlap-ref-SVM,quantum,2,1.0,1.0,"{""clf__C"": 10.0}",41.93471640000007
7,quantum/FB-HS-overlap-ref-SVM,quantum,3,1.0,1.0,"{""clf__C"": 1.0}",41.93471640000007
7,quantum/FB-HS-overlap-ref-SVM,quantum,4,1.0,1.0,"{""clf__C"": 1.0}",41.93471640000007
7,quantum/FB-HS-overlap-ref-SVM,quantum,5,1.0,1.0,"{""clf__C"": 1.0}",41.93471640000007
7,quantum/FB-HS-overlap-ref-SVM,quantum,6,0.8888888888888888,1.0,"{""clf__C"": 1.0}",41.93471640000007
7,quantum/FB-HS-overlap-ref-SVM,quantum,7,1.0,1.0,"{""clf__C"": 1.0}",41.93471640000007
7,quantum/FB-HS-overlap-ref-SVM,quantum,8,1.0,1.0,"{""clf__C"": 1.0}",41.93471640000007
7,quantum/FB-HS-overlap-ref-SVM,quantum,9,1.0,1.0,"{""clf__C"": 1.0}",41.93471640000007
7,quantum/FB-HS-overlap-ref-SVM,quantum,10,1.0,1.0,"{""clf__C"": 1.0}",41.93471640000007
7,quantum/FB-HS-overlap-ref-SVM,quantum,11,0.8888888888888888,1.0,"{""clf__C"": 10.0}",41.93471640000007
7,quantum/FB-HS-overlap-ref-SVM,quantum,12,1.0,1.0,"{""clf__C"": 10.0}",41.93471640000007
7,quantum/FB-HS-overlap-ref-SVM,quantum,13,1.0,1.0,"{""clf__C"": 1.0}",41.93471640000007
7,quantum/FB-HS-overlap-ref-SVM,quantum,14,1.0,1.0,"{""clf__C"": 1.0}",41.93471640000007
7,quantum/FB-Fidelity-SVM,quantum,0,0.7777777777777778,1.0,"{""clf__C"": 0.1}",44.73274399999991
7,quantum/FB-Fidelity-SVM,quantum,1,0.4444444444444444,0.6,"{""clf__C"": 10.0}",44.73274399999991
7,quantum/FB-Fidelity-SVM,quantum,2,0.8888888888888888,0.9,"{""clf__C"": 10.0}",44.73274399999991
7,quantum/FB-Fidelity-SVM,quantum,3,0.2222222222222222,0.3,"{""clf__C"": 10.0}",44.73274399999991
7,quantum/FB-Fidelity-SVM,quantum,4,0.7777777777777778,0.9,"{""clf__C"": 10.0}",44.73274399999991
7,quantum/FB-Fidelity-SVM,quantum,5,0.6666666666666666,0.75,"{""clf__C"": 10.0}",44.73274399999991
7,quantum/FB-Fidelity-SVM,quantum,6,0.7777777777777778,0.9,"{""clf__C"": 10.0}",44.73274399999991
7,quantum/FB-Fidelity-SVM,quantum,7,0.6666666666666666,0.75,"{""clf__C"": 10.0}",44.73274399999991
7,quantum/FB-Fidelity-SVM,quantum,8,0.7777777777777778,1.0,"{""clf__C"": 10.0}",44.73274399999991
7,quantum/FB-Fidelity-SVM,quantum,9,0.4444444444444444,0.6,"{""clf__C"": 10.0}",44.73274399999991
7,quantum/FB-Fidelity-SVM,quantum,10,1.0,1.0,"{""clf__C"": 0.1}",44.73274399999991
7,quantum/FB-Fidelity-SVM,quantum,11,0.5555555555555556,0.7,"{""clf__C"": 10.0}",44.73274399999991
7,quantum/FB-Fidelity-SVM,quantum,12,0.7777777777777778,0.85,"{""clf__C"": 10.0}",44.73274399999991
7,quantum/FB-Fidelity-SVM,quantum,13,0.5555555555555556,0.65,"{""clf__C"": 10.0}",44.73274399999991
7,quantum/FB-Fidelity-SVM,quantum,14,0.4444444444444444,0.55,"{""clf__C"": 10.0}",44.73274399999991
7,quantum/FB-Fidelity-ref-SVM,quantum,0,1.0,1.0,"{""clf__C"": 10.0}",54.1458461000002
7,quantum/FB-Fidelity-ref-SVM,quantum,1,0.8888888888888888,1.0,"{""clf__C"": 10.0}",54.1458461000002
7,quantum/FB-Fidelity-ref-SVM,quantum,2,1.0,1.0,"{""clf__C"": 10.0}",54.1458461000002
7,quantum/FB-Fidelity-ref-SVM,quantum,3,1.0,1.0,"{""clf__C"": 10.0}",54.1458461000002
7,quantum/FB-Fidelity-ref-SVM,quantum,4,1.0,1.0,"{""clf__C"": 10.0}",54.1458461000002
7,quantum/FB-Fidelity-ref-SVM,quantum,5,1.0,1.0,"{""clf__C"": 10.0}",54.1458461000002
7,quantum/FB-Fidelity-ref-SVM,quantum,6,0.8888888888888888,1.0,"{""clf__C"": 10.0}",54.1458461000002
7,quantum/FB-Fidelity-ref-SVM,quantum,7,0.8888888888888888,1.0,"{""clf__C"": 1.0}",54.1458461000002
7,quantum/FB-Fidelity-ref-SVM,quantum,8,1.0,1.0,"{""clf__C"": 10.0}",54.1458461000002
7,quantum/FB-Fidelity-ref-SVM,quantum,9,1.0,1.0,"{""clf__C"": 10.0}",54.1458461000002
7,quantum/FB-Fidelity-ref-SVM,quantum,10,1.0,1.0,"{""clf__C"": 10.0}",54.1458461000002
7,quantum/FB-Fidelity-ref-SVM,quantum,11,0.8888888888888888,1.0,"{""clf__C"": 10.0}",54.1458461000002
7,quantum/FB-Fidelity-ref-SVM,quantum,12,1.0,1.0,"{""clf__C"": 10.0}",54.1458461000002
7,quantum/FB-Fidelity-ref-SVM,quantum,13,1.0,1.0,"{""clf__C"": 10.0}",54.1458461000002
7,quantum/FB-Fidelity-ref-SVM,quantum,14,1.0,1.0,"{""clf__C"": 10.0}",54.1458461000002
7,quantum/FB-HS-RBF-SVM,quantum,0,0.8888888888888888,0.95,"{""clf__C"": 10.0, ""clf__gamma_mult"": 0.25}",44.07793070000025
7,quantum/FB-HS-RBF-SVM,quantum,1,0.7777777777777778,0.6,"{""clf__C"": 10.0, ""clf__gamma_mult"": 0.25}",44.07793070000025
7,quantum/FB-HS-RBF-SVM,quantum,2,0.8888888888888888,1.0,"{""clf__C"": 10.0, ""clf__gamma_mult"": 0.25}",44.07793070000025
7,quantum/FB-HS-RBF-SVM,quantum,3,0.3333333333333333,0.45,"{""clf__C"": 10.0, ""clf__gamma_mult"": 0.25}",44.07793070000025
7,quantum/FB-HS-RBF-SVM,quantum,4,0.7777777777777778,0.95,"{""clf__C"": 10.0, ""clf__gamma_mult"": 0.25}",44.07793070000025
7,quantum/FB-HS-RBF-SVM,quantum,5,0.6666666666666666,0.8,"{""clf__C"": 10.0, ""clf__gamma_mult"": 0.25}",44.07793070000025
7,quantum/FB-HS-RBF-SVM,quantum,6,0.7777777777777778,0.8,"{""clf__C"": 10.0, ""clf__gamma_mult"": 0.25}",44.07793070000025
7,quantum/FB-HS-RBF-SVM,quantum,7,0.7777777777777778,0.85,"{""clf__C"": 10.0, ""clf__gamma_mult"": 0.25}",44.07793070000025
7,quantum/FB-HS-RBF-SVM,quantum,8,0.6666666666666666,1.0,"{""clf__C"": 1.0, ""clf__gamma_mult"": 1.0}",44.07793070000025
7,quantum/FB-HS-RBF-SVM,quantum,9,0.3333333333333333,0.4,"{""clf__C"": 1.0, ""clf__gamma_mult"": 1.0}",44.07793070000025
7,quantum/FB-HS-RBF-SVM,quantum,10,1.0,1.0,"{""clf__C"": 10.0, ""clf__gamma_mult"": 0.25}",44.07793070000025
7,quantum/FB-HS-RBF-SVM,quantum,11,0.6666666666666666,0.7,"{""clf__C"": 10.0, ""clf__gamma_mult"": 0.25}",44.07793070000025
7,quantum/FB-HS-RBF-SVM,quantum,12,0.7777777777777778,0.95,"{""clf__C"": 10.0, ""clf__gamma_mult"": 0.25}",44.07793070000025
7,quantum/FB-HS-RBF-SVM,quantum,13,0.5555555555555556,0.6,"{""clf__C"": 10.0, ""clf__gamma_mult"": 0.25}",44.07793070000025
7,quantum/FB-HS-RBF-SVM,quantum,14,0.5555555555555556,0.7,"{""clf__C"": 10.0, ""clf__gamma_mult"": 0.25}",44.07793070000025
7,quantum/FB-HS-RBF-ref-SVM,quantum,0,1.0,1.0,"{""clf__C"": 1.0, ""clf__gamma_mult"": 0.25}",60.938729699999385
7,quantum/FB-HS-RBF-ref-SVM,quantum,1,0.8888888888888888,1.0,"{""clf__C"": 1.0, ""clf__gamma_mult"": 0.25}",60.938729699999385
7,quantum/FB-HS-RBF-ref-SVM,quantum,2,1.0,1.0,"{""clf__C"": 1.0, ""clf__gamma_mult"": 1.0}",60.938729699999385
7,quantum/FB-HS-RBF-ref-SVM,quantum,3,1.0,1.0,"{""clf__C"": 1.0, ""clf__gamma_mult"": 1.0}",60.938729699999385
7,quantum/FB-HS-RBF-ref-SVM,quantum,4,1.0,1.0,"{""clf__C"": 1.0, ""clf__gamma_mult"": 1.0}",60.938729699999385
7,quantum/FB-HS-RBF-ref-SVM,quantum,5,1.0,1.0,"{""clf__C"": 1.0, ""clf__gamma_mult"": 0.25}",60.938729699999385
7,quantum/FB-HS-RBF-ref-SVM,quantum,6,0.8888888888888888,1.0,"{""clf__C"": 1.0, ""clf__gamma_mult"": 0.25}",60.938729699999385
7,quantum/FB-HS-RBF-ref-SVM,quantum,7,1.0,1.0,"{""clf__C"": 1.0, ""clf__gamma_mult"": 0.25}",60.938729699999385
7,quantum/FB-HS-RBF-ref-SVM,quantum,8,1.0,1.0,"{""clf__C"": 1.0, ""clf__gamma_mult"": 0.25}",60.938729699999385
7,quantum/FB-HS-RBF-ref-SVM,quantum,9,1.0,1.0,"{""clf__C"": 1.0, ""clf__gamma_mult"": 0.25}",60.938729699999385
7,quantum/FB-HS-RBF-ref-SVM,quantum,10,1.0,1.0,"{""clf__C"": 1.0, ""clf__gamma_mult"": 0.25}",60.938729699999385
7,quantum/FB-HS-RBF-ref-SVM,quantum,11,0.8888888888888888,1.0,"{""clf__C"": 1.0, ""clf__gamma_mult"": 1.0}",60.938729699999385
7,quantum/FB-HS-RBF-ref-SVM,quantum,12,1.0,1.0,"{""clf__C"": 10.0, ""clf__gamma_mult"": 0.25}",60.938729699999385
7,quantum/FB-HS-RBF-ref-SVM,quantum,13,1.0,1.0,"{""clf__C"": 1.0, ""clf__gamma_mult"": 1.0}",60.938729699999385
7,quantum/FB-HS-RBF-ref-SVM,quantum,14,1.0,1.0,"{""clf__C"": 1.0, ""clf__gamma_mult"": 0.25}",60.938729699999385
7,quantum/FB-Bures-RBF-SVM,quantum,0,0.8888888888888888,1.0,"{""clf__C"": 10.0, ""clf__gamma_mult"": 0.25}",67.83301819999997
7,quantum/FB-Bures-RBF-SVM,quantum,1,0.7777777777777778,0.6,"{""clf__C"": 10.0, ""clf__gamma_mult"": 0.25}",67.83301819999997
7,quantum/FB-Bures-RBF-SVM,quantum,2,0.8888888888888888,1.0,"{""clf__C"": 10.0, ""clf__gamma_mult"": 0.25}",67.83301819999997
7,quantum/FB-Bures-RBF-SVM,quantum,3,0.2222222222222222,0.3,"{""clf__C"": 1.0, ""clf__gamma_mult"": 0.25}",67.83301819999997
7,quantum/FB-Bures-RBF-SVM,quantum,4,0.7777777777777778,0.9,"{""clf__C"": 1.0, ""clf__gamma_mult"": 1.0}",67.83301819999997
7,quantum/FB-Bures-RBF-SVM,quantum,5,0.6666666666666666,0.8,"{""clf__C"": 10.0, ""clf__gamma_mult"": 0.25}",67.83301819999997
7,quantum/FB-Bures-RBF-SVM,quantum,6,0.6666666666666666,0.65,"{""clf__C"": 10.0, ""clf__gamma_mult"": 1.0}",67.83301819999997
7,quantum/FB-Bures-RBF-SVM,quantum,7,0.7777777777777778,0.9,"{""clf__C"": 10.0, ""clf__gamma_mult"": 0.25}",67.83301819999997
7,quantum/FB-Bures-RBF-SVM,quantum,8,0.6666666666666666,1.0,"{""clf__C"": 1.0, ""clf__gamma_mult"": 1.0}",67.83301819999997
7,quantum/FB-Bures-RBF-SVM,quantum,9,0.3333333333333333,0.4,"{""clf__C"": 1.0, ""clf__gamma_mult"": 1.0}",67.83301819999997
7,quantum/FB-Bures-RBF-SVM,quantum,10,1.0,1.0,"{""clf__C"": 10.0, ""clf__gamma_mult"": 0.25}",67.83301819999997
7,quantum/FB-Bures-RBF-SVM,quantum,11,0.6666666666666666,0.8,"{""clf__C"": 10.0, ""clf__gamma_mult"": 0.25}",67.83301819999997
7,quantum/FB-Bures-RBF-SVM,quantum,12,0.6666666666666666,0.8,"{""clf__C"": 1.0, ""clf__gamma_mult"": 0.25}",67.83301819999997
7,quantum/FB-Bures-RBF-SVM,quantum,13,0.6666666666666666,0.7,"{""clf__C"": 10.0, ""clf__gamma_mult"": 0.25}",67.83301819999997
7,quantum/FB-Bures-RBF-SVM,quantum,14,0.4444444444444444,0.6,"{""clf__C"": 1.0, ""clf__gamma_mult"": 1.0}",67.83301819999997
7,quantum/FB-Bures-RBF-ref-SVM,quantum,0,1.0,1.0,"{""clf__C"": 1.0, ""clf__gamma_mult"": 0.25}",86.02946800000063
7,quantum/FB-Bures-RBF-ref-SVM,quantum,1,0.8888888888888888,1.0,"{""clf__C"": 1.0, ""clf__gamma_mult"": 0.25}",86.02946800000063
7,quantum/FB-Bures-RBF-ref-SVM,quantum,2,1.0,1.0,"{""clf__C"": 1.0, ""clf__gamma_mult"": 0.25}",86.02946800000063
7,quantum/FB-Bures-RBF-ref-SVM,quantum,3,1.0,1.0,"{""clf__C"": 1.0, ""clf__gamma_mult"": 0.25}",86.02946800000063
7,quantum/FB-Bures-RBF-ref-SVM,quantum,4,1.0,1.0,"{""clf__C"": 1.0, ""clf__gamma_mult"": 0.25}",86.02946800000063
7,quantum/FB-Bures-RBF-ref-SVM,quantum,5,1.0,1.0,"{""clf__C"": 1.0, ""clf__gamma_mult"": 0.25}",86.02946800000063
7,quantum/FB-Bures-RBF-ref-SVM,quantum,6,0.8888888888888888,1.0,"{""clf__C"": 1.0, ""clf__gamma_mult"": 0.25}",86.02946800000063
7,quantum/FB-Bures-RBF-ref-SVM,quantum,7,1.0,1.0,"{""clf__C"": 1.0, ""clf__gamma_mult"": 0.25}",86.02946800000063
7,quantum/FB-Bures-RBF-ref-SVM,quantum,8,1.0,1.0,"{""clf__C"": 1.0, ""clf__gamma_mult"": 0.25}",86.02946800000063
7,quantum/FB-Bures-RBF-ref-SVM,quantum,9,1.0,1.0,"{""clf__C"": 1.0, ""clf__gamma_mult"": 0.25}",86.02946800000063
7,quantum/FB-Bures-RBF-ref-SVM,quantum,10,1.0,1.0,"{""clf__C"": 1.0, ""clf__gamma_mult"": 0.25}",86.02946800000063
7,quantum/FB-Bures-RBF-ref-SVM,quantum,11,0.8888888888888888,1.0,"{""clf__C"": 1.0, ""clf__gamma_mult"": 1.0}",86.02946800000063
7,quantum/FB-Bures-RBF-ref-SVM,quantum,12,1.0,1.0,"{""clf__C"": 1.0, ""clf__gamma_mult"": 0.25}",86.02946800000063
7,quantum/FB-Bures-RBF-ref-SVM,quantum,13,1.0,1.0,"{""clf__C"": 1.0, ""clf__gamma_mult"": 0.25}",86.02946800000063
7,quantum/FB-Bures-RBF-ref-SVM,quantum,14,1.0,1.0,"{""clf__C"": 1.0, ""clf__gamma_mult"": 0.25}",86.02946800000063
7,quantum/FB-QRE-RBF-SVM,quantum,0,0.8888888888888888,0.95,"{""clf__C"": 10.0, ""clf__gamma_mult"": 0.25}",50.87113119999958
7,quantum/FB-QRE-RBF-SVM,quantum,1,0.7777777777777778,0.6,"{""clf__C"": 10.0, ""clf__gamma_mult"": 0.25}",50.87113119999958
7,quantum/FB-QRE-RBF-SVM,quantum,2,0.8888888888888888,1.0,"{""clf__C"": 10.0, ""clf__gamma_mult"": 0.25}",50.87113119999958
7,quantum/FB-QRE-RBF-SVM,quantum,3,0.2222222222222222,0.3,"{""clf__C"": 1.0, ""clf__gamma_mult"": 0.25}",50.87113119999958
7,quantum/FB-QRE-RBF-SVM,quantum,4,0.7777777777777778,0.9,"{""clf__C"": 1.0, ""clf__gamma_mult"": 1.0}",50.87113119999958
7,quantum/FB-QRE-RBF-SVM,quantum,5,0.7777777777777778,0.8,"{""clf__C"": 10.0, ""clf__gamma_mult"": 0.25}",50.87113119999958
7,quantum/FB-QRE-RBF-SVM,quantum,6,0.6666666666666666,0.65,"{""clf__C"": 10.0, ""clf__gamma_mult"": 0.25}",50.87113119999958
7,quantum/FB-QRE-RBF-SVM,quantum,7,0.8888888888888888,0.9,"{""clf__C"": 10.0, ""clf__gamma_mult"": 0.25}",50.87113119999958
7,quantum/FB-QRE-RBF-SVM,quantum,8,1.0,1.0,"{""clf__C"": 10.0, ""clf__gamma_mult"": 0.25}",50.87113119999958
7,quantum/FB-QRE-RBF-SVM,quantum,9,0.3333333333333333,0.45,"{""clf__C"": 1.0, ""clf__gamma_mult"": 1.0}",50.87113119999958
7,quantum/FB-QRE-RBF-SVM,quantum,10,1.0,1.0,"{""clf__C"": 10.0, ""clf__gamma_mult"": 0.25}",50.87113119999958
7,quantum/FB-QRE-RBF-SVM,quantum,11,0.6666666666666666,0.8,"{""clf__C"": 10.0, ""clf__gamma_mult"": 0.25}",50.87113119999958
7,quantum/FB-QRE-RBF-SVM,quantum,12,0.8888888888888888,1.0,"{""clf__C"": 10.0, ""clf__gamma_mult"": 0.25}",50.87113119999958
7,quantum/FB-QRE-RBF-SVM,quantum,13,0.7777777777777778,0.7,"{""clf__C"": 10.0, ""clf__gamma_mult"": 0.25}",50.87113119999958
7,quantum/FB-QRE-RBF-SVM,quantum,14,0.5555555555555556,0.6,"{""clf__C"": 1.0, ""clf__gamma_mult"": 1.0}",50.87113119999958
7,quantum/FB-QRE-RBF-ref-SVM,quantum,0,1.0,1.0,"{""clf__C"": 1.0, ""clf__gamma_mult"": 0.25}",67.91499480000039
7,quantum/FB-QRE-RBF-ref-SVM,quantum,1,0.8888888888888888,1.0,"{""clf__C"": 1.0, ""clf__gamma_mult"": 0.25}",67.91499480000039
7,quantum/FB-QRE-RBF-ref-SVM,quantum,2,1.0,1.0,"{""clf__C"": 1.0, ""clf__gamma_mult"": 0.25}",67.91499480000039
7,quantum/FB-QRE-RBF-ref-SVM,quantum,3,1.0,1.0,"{""clf__C"": 1.0, ""clf__gamma_mult"": 0.25}",67.91499480000039
7,quantum/FB-QRE-RBF-ref-SVM,quantum,4,1.0,1.0,"{""clf__C"": 1.0, ""clf__gamma_mult"": 0.25}",67.91499480000039
7,quantum/FB-QRE-RBF-ref-SVM,quantum,5,1.0,1.0,"{""clf__C"": 1.0, ""clf__gamma_mult"": 0.25}",67.91499480000039
7,quantum/FB-QRE-RBF-ref-SVM,quantum,6,0.8888888888888888,1.0,"{""clf__C"": 1.0, ""clf__gamma_mult"": 0.25}",67.91499480000039
7,quantum/FB-QRE-RBF-ref-SVM,quantum,7,1.0,1.0,"{""clf__C"": 1.0, ""clf__gamma_mult"": 0.25}",67.91499480000039
7,quantum/FB-QRE-RBF-ref-SVM,quantum,8,1.0,1.0,"{""clf__C"": 1.0, ""clf__gamma_mult"": 0.25}",67.91499480000039
7,quantum/FB-QRE-RBF-ref-SVM,quantum,9,1.0,1.0,"{""clf__C"": 1.0, ""clf__gamma_mult"": 0.25}",67.91499480000039
7,quantum/FB-QRE-RBF-ref-SVM,quantum,10,1.0,1.0,"{""clf__C"": 1.0, ""clf__gamma_mult"": 0.25}",67.91499480000039
7,quantum/FB-QRE-RBF-ref-SVM,quantum,11,0.8888888888888888,1.0,"{""clf__C"": 1.0, ""clf__gamma_mult"": 1.0}",67.91499480000039
7,quantum/FB-QRE-RBF-ref-SVM,quantum,12,1.0,1.0,"{""clf__C"": 1.0, ""clf__gamma_mult"": 0.25}",67.91499480000039
7,quantum/FB-QRE-RBF-ref-SVM,quantum,13,1.0,1.0,"{""clf__C"": 1.0, ""clf__gamma_mult"": 0.25}",67.91499480000039
7,quantum/FB-QRE-RBF-ref-SVM,quantum,14,1.0,1.0,"{""clf__C"": 1.0, ""clf__gamma_mult"": 0.25}",67.91499480000039
7,control/FB-riemann-kernel-SVM,control,0,1.0,1.0,"{""clf__C"": 0.1}",46.299309600000015
7,control/FB-riemann-kernel-SVM,control,1,0.8888888888888888,1.0,"{""clf__C"": 0.1}",46.299309600000015
7,control/FB-riemann-kernel-SVM,control,2,1.0,1.0,"{""clf__C"": 0.1}",46.299309600000015
7,control/FB-riemann-kernel-SVM,control,3,1.0,1.0,"{""clf__C"": 0.1}",46.299309600000015
7,control/FB-riemann-kernel-SVM,control,4,1.0,1.0,"{""clf__C"": 0.1}",46.299309600000015
7,control/FB-riemann-kernel-SVM,control,5,1.0,1.0,"{""clf__C"": 0.1}",46.299309600000015
7,control/FB-riemann-kernel-SVM,control,6,0.8888888888888888,1.0,"{""clf__C"": 0.1}",46.299309600000015
7,control/FB-riemann-kernel-SVM,control,7,1.0,1.0,"{""clf__C"": 0.1}",46.299309600000015
7,control/FB-riemann-kernel-SVM,control,8,1.0,1.0,"{""clf__C"": 1.0}",46.299309600000015
7,control/FB-riemann-kernel-SVM,control,9,1.0,1.0,"{""clf__C"": 0.1}",46.299309600000015
7,control/FB-riemann-kernel-SVM,control,10,1.0,1.0,"{""clf__C"": 0.1}",46.299309600000015
7,control/FB-riemann-kernel-SVM,control,11,0.8888888888888888,1.0,"{""clf__C"": 0.1}",46.299309600000015
7,control/FB-riemann-kernel-SVM,control,12,1.0,1.0,"{""clf__C"": 0.1}",46.299309600000015
7,control/FB-riemann-kernel-SVM,control,13,1.0,1.0,"{""clf__C"": 0.1}",46.299309600000015
7,control/FB-riemann-kernel-SVM,control,14,1.0,1.0,"{""clf__C"": 0.1}",46.299309600000015
7,control/FB-logeuclid-kernel-SVM,control,0,1.0,1.0,"{""clf__C"": 0.1}",46.68912480000017
7,control/FB-logeuclid-kernel-SVM,control,1,0.8888888888888888,0.95,"{""clf__C"": 0.1}",46.68912480000017
7,control/FB-logeuclid-kernel-SVM,control,2,1.0,1.0,"{""clf__C"": 0.1}",46.68912480000017
7,control/FB-logeuclid-kernel-SVM,control,3,1.0,1.0,"{""clf__C"": 0.1}",46.68912480000017
7,control/FB-logeuclid-kernel-SVM,control,4,1.0,1.0,"{""clf__C"": 0.1}",46.68912480000017
7,control/FB-logeuclid-kernel-SVM,control,5,1.0,1.0,"{""clf__C"": 0.1}",46.68912480000017
7,control/FB-logeuclid-kernel-SVM,control,6,0.8888888888888888,1.0,"{""clf__C"": 0.1}",46.68912480000017
7,control/FB-logeuclid-kernel-SVM,control,7,0.8888888888888888,1.0,"{""clf__C"": 0.1}",46.68912480000017
7,control/FB-logeuclid-kernel-SVM,control,8,1.0,1.0,"{""clf__C"": 0.1}",46.68912480000017
7,control/FB-logeuclid-kernel-SVM,control,9,1.0,1.0,"{""clf__C"": 0.1}",46.68912480000017
7,control/FB-logeuclid-kernel-SVM,control,10,1.0,1.0,"{""clf__C"": 0.1}",46.68912480000017
7,control/FB-logeuclid-kernel-SVM,control,11,0.8888888888888888,1.0,"{""clf__C"": 0.1}",46.68912480000017
7,control/FB-logeuclid-kernel-SVM,control,12,1.0,1.0,"{""clf__C"": 0.1}",46.68912480000017
7,control/FB-logeuclid-kernel-SVM,control,13,1.0,1.0,"{""clf__C"": 0.1}",46.68912480000017
7,control/FB-logeuclid-kernel-SVM,control,14,1.0,1.0,"{""clf__C"": 0.1}",46.68912480000017
13,classical/FBCSP+LDA,classical,0,0.5555555555555556,0.55,"{""perband__base__csp__nfilter"": 6}",44.95328049999989
13,classical/FBCSP+LDA,classical,1,0.7777777777777778,0.8,"{""perband__base__csp__nfilter"": 6}",44.95328049999989
13,classical/FBCSP+LDA,classical,2,0.5555555555555556,0.65,"{""perband__base__csp__nfilter"": 6}",44.95328049999989
13,classical/FBCSP+LDA,classical,3,0.6666666666666666,0.8,"{""perband__base__csp__nfilter"": 4}",44.95328049999989
13,classical/FBCSP+LDA,classical,4,0.6666666666666666,0.6,"{""perband__base__csp__nfilter"": 2}",44.95328049999989
13,classical/FBCSP+LDA,classical,5,0.5555555555555556,0.65,"{""perband__base__csp__nfilter"": 4}",44.95328049999989
13,classical/FBCSP+LDA,classical,6,0.7777777777777778,0.8,"{""perband__base__csp__nfilter"": 4}",44.95328049999989
13,classical/FBCSP+LDA,classical,7,0.7777777777777778,0.8,"{""perband__base__csp__nfilter"": 4}",44.95328049999989
13,classical/FBCSP+LDA,classical,8,0.8888888888888888,0.75,"{""perband__base__csp__nfilter"": 6}",44.95328049999989
13,classical/FBCSP+LDA,classical,9,0.7777777777777778,0.6500000000000001,"{""perband__base__csp__nfilter"": 4}",44.95328049999989
13,classical/FBCSP+LDA,classical,10,0.5555555555555556,0.6,"{""perband__base__csp__nfilter"": 4}",44.95328049999989
13,classical/FBCSP+LDA,classical,11,0.4444444444444444,0.6,"{""perband__base__csp__nfilter"": 2}",44.95328049999989
13,classical/FBCSP+LDA,classical,12,0.5555555555555556,0.7,"{""perband__base__csp__nfilter"": 4}",44.95328049999989
13,classical/FBCSP+LDA,classical,13,0.6666666666666666,0.7000000000000001,"{""perband__base__csp__nfilter"": 4}",44.95328049999989
13,classical/FBCSP+LDA,classical,14,0.5555555555555556,0.8,"{""perband__base__csp__nfilter"": 6}",44.95328049999989
13,classical/FB-TS+LR,classical,0,0.3333333333333333,0.4,"{""clf__C"": 0.1}",47.846016599999984
13,classical/FB-TS+LR,classical,1,0.7777777777777778,0.8,"{""clf__C"": 0.1}",47.846016599999984
13,classical/FB-TS+LR,classical,2,0.4444444444444444,0.55,"{""clf__C"": 0.1}",47.846016599999984
13,classical/FB-TS+LR,classical,3,0.5555555555555556,0.7,"{""clf__C"": 0.1}",47.846016599999984
13,classical/FB-TS+LR,classical,4,0.4444444444444444,0.55,"{""clf__C"": 1.0}",47.846016599999984
13,classical/FB-TS+LR,classical,5,0.6666666666666666,0.55,"{""clf__C"": 0.1}",47.846016599999984
13,classical/FB-TS+LR,classical,6,0.5555555555555556,0.6,"{""clf__C"": 1.0}",47.846016599999984
13,classical/FB-TS+LR,classical,7,0.3333333333333333,0.3,"{""clf__C"": 0.1}",47.846016599999984
13,classical/FB-TS+LR,classical,8,0.6666666666666666,1.0,"{""clf__C"": 0.1}",47.846016599999984
13,classical/FB-TS+LR,classical,9,0.5555555555555556,0.85,"{""clf__C"": 1.0}",47.846016599999984
13,classical/FB-TS+LR,classical,10,0.5555555555555556,0.5,"{""clf__C"": 0.1}",47.846016599999984
13,classical/FB-TS+LR,classical,11,0.4444444444444444,0.7,"{""clf__C"": 0.1}",47.846016599999984
13,classical/FB-TS+LR,classical,12,0.6666666666666666,0.6,"{""clf__C"": 1.0}",47.846016599999984
13,classical/FB-TS+LR,classical,13,0.5555555555555556,0.7,"{""clf__C"": 1.0}",47.846016599999984
13,classical/FB-TS+LR,classical,14,0.4444444444444444,0.65,"{""clf__C"": 0.1}",47.846016599999984
13,classical/FB-TS+RBF-SVM,classical,0,0.5555555555555556,0.4,"{""clf__C"": 10.0, ""clf__gamma"": 0.01}",85.20104140000012
13,classical/FB-TS+RBF-SVM,classical,1,0.6666666666666666,0.8,"{""clf__C"": 10.0, ""clf__gamma"": 0.01}",85.20104140000012
13,classical/FB-TS+RBF-SVM,classical,2,0.4444444444444444,0.4,"{""clf__C"": 10.0, ""clf__gamma"": ""scale""}",85.20104140000012
13,classical/FB-TS+RBF-SVM,classical,3,0.4444444444444444,0.75,"{""clf__C"": 10.0, ""clf__gamma"": ""scale""}",85.20104140000012
13,classical/FB-TS+RBF-SVM,classical,4,0.4444444444444444,0.55,"{""clf__C"": 10.0, ""clf__gamma"": ""scale""}",85.20104140000012
13,classical/FB-TS+RBF-SVM,classical,5,0.6666666666666666,0.7000000000000001,"{""clf__C"": 10.0, ""clf__gamma"": ""scale""}",85.20104140000012
13,classical/FB-TS+RBF-SVM,classical,6,0.6666666666666666,0.5,"{""clf__C"": 1.0, ""clf__gamma"": 0.01}",85.20104140000012
13,classical/FB-TS+RBF-SVM,classical,7,0.4444444444444444,0.35,"{""clf__C"": 10.0, ""clf__gamma"": ""scale""}",85.20104140000012
13,classical/FB-TS+RBF-SVM,classical,8,0.8888888888888888,0.85,"{""clf__C"": 10.0, ""clf__gamma"": 0.01}",85.20104140000012
13,classical/FB-TS+RBF-SVM,classical,9,0.8888888888888888,0.95,"{""clf__C"": 10.0, ""clf__gamma"": 0.01}",85.20104140000012
13,classical/FB-TS+RBF-SVM,classical,10,0.5555555555555556,0.55,"{""clf__C"": 10.0, ""clf__gamma"": 0.01}",85.20104140000012
13,classical/FB-TS+RBF-SVM,classical,11,0.4444444444444444,0.65,"{""clf__C"": 1.0, ""clf__gamma"": ""scale""}",85.20104140000012
13,classical/FB-TS+RBF-SVM,classical,12,0.4444444444444444,0.55,"{""clf__C"": 10.0, ""clf__gamma"": ""scale""}",85.20104140000012
13,classical/FB-TS+RBF-SVM,classical,13,0.6666666666666666,0.8,"{""clf__C"": 10.0, ""clf__gamma"": 0.01}",85.20104140000012
13,classical/FB-TS+RBF-SVM,classical,14,0.6666666666666666,0.7000000000000001,"{""clf__C"": 10.0, ""clf__gamma"": ""scale""}",85.20104140000012
13,quantum/FB-HS-overlap-SVM,quantum,0,0.5555555555555556,0.65,"{""clf__C"": 10.0}",36.04018020000012
13,quantum/FB-HS-overlap-SVM,quantum,1,0.5555555555555556,0.4,"{""clf__C"": 10.0}",36.04018020000012
13,quantum/FB-HS-overlap-SVM,quantum,2,0.2222222222222222,0.2499999999999999,"{""clf__C"": 10.0}",36.04018020000012
13,quantum/FB-HS-overlap-SVM,quantum,3,0.3333333333333333,0.5,"{""clf__C"": 10.0}",36.04018020000012
13,quantum/FB-HS-overlap-SVM,quantum,4,0.6666666666666666,0.75,"{""clf__C"": 10.0}",36.04018020000012
13,quantum/FB-HS-overlap-SVM,quantum,5,0.5555555555555556,0.5,"{""clf__C"": 10.0}",36.04018020000012
13,quantum/FB-HS-overlap-SVM,quantum,6,0.3333333333333333,0.4,"{""clf__C"": 10.0}",36.04018020000012
13,quantum/FB-HS-overlap-SVM,quantum,7,0.2222222222222222,0.25,"{""clf__C"": 10.0}",36.04018020000012
13,quantum/FB-HS-overlap-SVM,quantum,8,0.5555555555555556,0.8,"{""clf__C"": 10.0}",36.04018020000012
13,quantum/FB-HS-overlap-SVM,quantum,9,0.4444444444444444,0.55,"{""clf__C"": 10.0}",36.04018020000012
13,quantum/FB-HS-overlap-SVM,quantum,10,0.4444444444444444,0.5,"{""clf__C"": 10.0}",36.04018020000012
13,quantum/FB-HS-overlap-SVM,quantum,11,0.5555555555555556,0.8,"{""clf__C"": 10.0}",36.04018020000012
13,quantum/FB-HS-overlap-SVM,quantum,12,0.3333333333333333,0.35,"{""clf__C"": 10.0}",36.04018020000012
13,quantum/FB-HS-overlap-SVM,quantum,13,0.5555555555555556,0.7,"{""clf__C"": 10.0}",36.04018020000012
13,quantum/FB-HS-overlap-SVM,quantum,14,0.6666666666666666,0.75,"{""clf__C"": 10.0}",36.04018020000012
13,quantum/FB-HS-overlap-ref-SVM,quantum,0,0.5555555555555556,0.45,"{""clf__C"": 10.0}",41.90835759999982
13,quantum/FB-HS-overlap-ref-SVM,quantum,1,0.7777777777777778,0.85,"{""clf__C"": 10.0}",41.90835759999982
13,quantum/FB-HS-overlap-ref-SVM,quantum,2,0.4444444444444444,0.55,"{""clf__C"": 10.0}",41.90835759999982
13,quantum/FB-HS-overlap-ref-SVM,quantum,3,0.4444444444444444,0.65,"{""clf__C"": 10.0}",41.90835759999982
13,quantum/FB-HS-overlap-ref-SVM,quantum,4,0.6666666666666666,0.8,"{""clf__C"": 10.0}",41.90835759999982
13,quantum/FB-HS-overlap-ref-SVM,quantum,5,0.5555555555555556,0.8,"{""clf__C"": 10.0}",41.90835759999982
13,quantum/FB-HS-overlap-ref-SVM,quantum,6,0.5555555555555556,0.7,"{""clf__C"": 10.0}",41.90835759999982
13,quantum/FB-HS-overlap-ref-SVM,quantum,7,0.6666666666666666,0.55,"{""clf__C"": 10.0}",41.90835759999982
13,quantum/FB-HS-overlap-ref-SVM,quantum,8,0.7777777777777778,0.9,"{""clf__C"": 10.0}",41.90835759999982
13,quantum/FB-HS-overlap-ref-SVM,quantum,9,0.6666666666666666,0.7000000000000001,"{""clf__C"": 10.0}",41.90835759999982
13,quantum/FB-HS-overlap-ref-SVM,quantum,10,0.6666666666666666,0.5,"{""clf__C"": 10.0}",41.90835759999982
13,quantum/FB-HS-overlap-ref-SVM,quantum,11,0.7777777777777778,0.9,"{""clf__C"": 10.0}",41.90835759999982
13,quantum/FB-HS-overlap-ref-SVM,quantum,12,0.5555555555555556,0.7,"{""clf__C"": 10.0}",41.90835759999982
13,quantum/FB-HS-overlap-ref-SVM,quantum,13,0.6666666666666666,0.75,"{""clf__C"": 10.0}",41.90835759999982
13,quantum/FB-HS-overlap-ref-SVM,quantum,14,0.6666666666666666,0.7,"{""clf__C"": 10.0}",41.90835759999982
13,quantum/FB-Fidelity-SVM,quantum,0,0.6666666666666666,0.7,"{""clf__C"": 10.0}",44.16523150000012
13,quantum/FB-Fidelity-SVM,quantum,1,0.5555555555555556,0.4,"{""clf__C"": 10.0}",44.16523150000012
13,quantum/FB-Fidelity-SVM,quantum,2,0.2222222222222222,0.35,"{""clf__C"": 10.0}",44.16523150000012
13,quantum/FB-Fidelity-SVM,quantum,3,0.4444444444444444,0.35,"{""clf__C"": 0.1}",44.16523150000012
13,quantum/FB-Fidelity-SVM,quantum,4,0.4444444444444444,0.55,"{""clf__C"": 10.0}",44.16523150000012
13,quantum/FB-Fidelity-SVM,quantum,5,0.4444444444444444,0.55,"{""clf__C"": 10.0}",44.16523150000012
13,quantum/FB-Fidelity-SVM,quantum,6,0.4444444444444444,0.45,"{""clf__C"": 10.0}",44.16523150000012
13,quantum/FB-Fidelity-SVM,quantum,7,0.3333333333333333,0.15,"{""clf__C"": 10.0}",44.16523150000012
13,quantum/FB-Fidelity-SVM,quantum,8,0.5555555555555556,0.85,"{""clf__C"": 10.0}",44.16523150000012
13,quantum/FB-Fidelity-SVM,quantum,9,0.5555555555555556,0.5,"{""clf__C"": 10.0}",44.16523150000012
13,quantum/FB-Fidelity-SVM,quantum,10,0.5555555555555556,0.65,"{""clf__C"": 10.0}",44.16523150000012
13,quantum/FB-Fidelity-SVM,quantum,11,0.5555555555555556,0.65,"{""clf__C"": 10.0}",44.16523150000012
13,quantum/FB-Fidelity-SVM,quantum,12,0.4444444444444444,0.3,"{""clf__C"": 10.0}",44.16523150000012
13,quantum/FB-Fidelity-SVM,quantum,13,0.4444444444444444,0.6,"{""clf__C"": 10.0}",44.16523150000012
13,quantum/FB-Fidelity-SVM,quantum,14,0.6666666666666666,0.7000000000000001,"{""clf__C"": 10.0}",44.16523150000012
13,quantum/FB-Fidelity-ref-SVM,quantum,0,0.4444444444444444,0.45,"{""clf__C"": 10.0}",53.9107441000001
13,quantum/FB-Fidelity-ref-SVM,quantum,1,0.6666666666666666,0.8,"{""clf__C"": 10.0}",53.9107441000001
13,quantum/FB-Fidelity-ref-SVM,quantum,2,0.6666666666666666,0.6,"{""clf__C"": 10.0}",53.9107441000001
13,quantum/FB-Fidelity-ref-SVM,quantum,3,0.4444444444444444,0.65,"{""clf__C"": 10.0}",53.9107441000001
13,quantum/FB-Fidelity-ref-SVM,quantum,4,0.7777777777777778,0.85,"{""clf__C"": 10.0}",53.9107441000001
13,quantum/FB-Fidelity-ref-SVM,quantum,5,0.6666666666666666,0.8,"{""clf__C"": 10.0}",53.9107441000001
13,quantum/FB-Fidelity-ref-SVM,quantum,6,0.5555555555555556,0.65,"{""clf__C"": 10.0}",53.9107441000001
13,quantum/FB-Fidelity-ref-SVM,quantum,7,0.6666666666666666,0.6,"{""clf__C"": 10.0}",53.9107441000001
13,quantum/FB-Fidelity-ref-SVM,quantum,8,0.7777777777777778,0.95,"{""clf__C"": 10.0}",53.9107441000001
13,quantum/FB-Fidelity-ref-SVM,quantum,9,0.6666666666666666,0.75,"{""clf__C"": 10.0}",53.9107441000001
13,quantum/FB-Fidelity-ref-SVM,quantum,10,0.5555555555555556,0.55,"{""clf__C"": 10.0}",53.9107441000001
13,quantum/FB-Fidelity-ref-SVM,quantum,11,0.8888888888888888,0.9,"{""clf__C"": 10.0}",53.9107441000001
13,quantum/FB-Fidelity-ref-SVM,quantum,12,0.4444444444444444,0.6,"{""clf__C"": 10.0}",53.9107441000001
13,quantum/FB-Fidelity-ref-SVM,quantum,13,0.6666666666666666,0.55,"{""clf__C"": 10.0}",53.9107441000001
13,quantum/FB-Fidelity-ref-SVM,quantum,14,0.5555555555555556,0.65,"{""clf__C"": 10.0}",53.9107441000001
13,quantum/FB-HS-RBF-SVM,quantum,0,0.5555555555555556,0.45,"{""clf__C"": 10.0, ""clf__gamma_mult"": 0.25}",43.67466639999975
13,quantum/FB-HS-RBF-SVM,quantum,1,0.3333333333333333,0.15,"{""clf__C"": 10.0, ""clf__gamma_mult"": 4.0}",43.67466639999975
13,quantum/FB-HS-RBF-SVM,quantum,2,0.4444444444444444,0.2999999999999999,"{""clf__C"": 10.0, ""clf__gamma_mult"": 0.25}",43.67466639999975
13,quantum/FB-HS-RBF-SVM,quantum,3,0.4444444444444444,0.5,"{""clf__C"": 10.0, ""clf__gamma_mult"": 0.25}",43.67466639999975
13,quantum/FB-HS-RBF-SVM,quantum,4,0.6666666666666666,0.8,"{""clf__C"": 10.0, ""clf__gamma_mult"": 1.0}",43.67466639999975
13,quantum/FB-HS-RBF-SVM,quantum,5,0.5555555555555556,0.4,"{""clf__C"": 10.0, ""clf__gamma_mult"": 0.25}",43.67466639999975
13,quantum/FB-HS-RBF-SVM,quantum,6,0.2222222222222222,0.35,"{""clf__C"": 10.0, ""clf__gamma_mult"": 0.25}",43.67466639999975
13,quantum/FB-HS-RBF-SVM,quantum,7,0.2222222222222222,0.25,"{""clf__C"": 10.0, ""clf__gamma_mult"": 0.25}",43.67466639999975
13,quantum/FB-HS-RBF-SVM,quantum,8,0.4444444444444444,0.55,"{""clf__C"": 1.0, ""clf__gamma_mult"": 4.0}",43.67466639999975
13,quantum/FB-HS-RBF-SVM,quantum,9,0.6666666666666666,0.7000000000000001,"{""clf__C"": 10.0, ""clf__gamma_mult"": 0.25}",43.67466639999975
13,quantum/FB-HS-RBF-SVM,quantum,10,0.4444444444444444,0.4,"{""clf__C"": 10.0, ""clf__gamma_mult"": 0.25}",43.67466639999975
13,quantum/FB-HS-RBF-SVM,quantum,11,0.3333333333333333,0.45,"{""clf__C"": 1.0, ""clf__gamma_mult"": 4.0}",43.67466639999975
13,quantum/FB-HS-RBF-SVM,quantum,12,0.6666666666666666,0.45,"{""clf__C"": 10.0, ""clf__gamma_mult"": 0.25}",43.67466639999975
13,quantum/FB-HS-RBF-SVM,quantum,13,0.5555555555555556,0.5,"{""clf__C"": 10.0, ""clf__gamma_mult"": 1.0}",43.67466639999975
13,quantum/FB-HS-RBF-SVM,quantum,14,0.4444444444444444,0.65,"{""clf__C"": 10.0, ""clf__gamma_mult"": 0.25}",43.67466639999975
13,quantum/FB-HS-RBF-ref-SVM,quantum,0,0.5555555555555556,0.45,"{""clf__C"": 10.0, ""clf__gamma_mult"": 0.25}",60.71039860000064
13,quantum/FB-HS-RBF-ref-SVM,quantum,1,0.7777777777777778,0.8,"{""clf__C"": 10.0, ""clf__gamma_mult"": 1.0}",60.71039860000064
13,quantum/FB-HS-RBF-ref-SVM,quantum,2,0.4444444444444444,0.45,"{""clf__C"": 10.0, ""clf__gamma_mult"": 0.25}",60.71039860000064
13,quantum/FB-HS-RBF-ref-SVM,quantum,3,0.4444444444444444,0.65,"{""clf__C"": 10.0, ""clf__gamma_mult"": 0.25}",60.71039860000064
13,quantum/FB-HS-RBF-ref-SVM,quantum,4,0.7777777777777778,0.7,"{""clf__C"": 1.0, ""clf__gamma_mult"": 1.0}",60.71039860000064
13,quantum/FB-HS-RBF-ref-SVM,quantum,5,0.5555555555555556,0.8,"{""clf__C"": 10.0, ""clf__gamma_mult"": 0.25}",60.71039860000064
13,quantum/FB-HS-RBF-ref-SVM,quantum,6,0.5555555555555556,0.7,"{""clf__C"": 10.0, ""clf__gamma_mult"": 0.25}",60.71039860000064
13,quantum/FB-HS-RBF-ref-SVM,quantum,7,0.6666666666666666,0.6,"{""clf__C"": 10.0, ""clf__gamma_mult"": 1.0}",60.71039860000064
13,quantum/FB-HS-RBF-ref-SVM,quantum,8,0.7777777777777778,0.8,"{""clf__C"": 1.0, ""clf__gamma_mult"": 1.0}",60.71039860000064
13,quantum/FB-HS-RBF-ref-SVM,quantum,9,0.6666666666666666,0.75,"{""clf__C"": 10.0, ""clf__gamma_mult"": 0.25}",60.71039860000064
13,quantum/FB-HS-RBF-ref-SVM,quantum,10,0.6666666666666666,0.5,"{""clf__C"": 10.0, ""clf__gamma_mult"": 0.25}",60.71039860000064
13,quantum/FB-HS-RBF-ref-SVM,quantum,11,0.4444444444444444,0.9,"{""clf__C"": 1.0, ""clf__gamma_mult"": 1.0}",60.71039860000064
13,quantum/FB-HS-RBF-ref-SVM,quantum,12,0.4444444444444444,0.6,"{""clf__C"": 10.0, ""clf__gamma_mult"": 1.0}",60.71039860000064
13,quantum/FB-HS-RBF-ref-SVM,quantum,13,0.5555555555555556,0.65,"{""clf__C"": 10.0, ""clf__gamma_mult"": 1.0}",60.71039860000064
13,quantum/FB-HS-RBF-ref-SVM,quantum,14,0.6666666666666666,0.7,"{""clf__C"": 10.0, ""clf__gamma_mult"": 0.25}",60.71039860000064
13,quantum/FB-Bures-RBF-SVM,quantum,0,0.5555555555555556,0.65,"{""clf__C"": 10.0, ""clf__gamma_mult"": 0.25}",67.28997710000021
13,quantum/FB-Bures-RBF-SVM,quantum,1,0.6666666666666666,0.55,"{""clf__C"": 10.0, ""clf__gamma_mult"": 0.25}",67.28997710000021
13,quantum/FB-Bures-RBF-SVM,quantum,2,0.3333333333333333,0.2499999999999999,"{""clf__C"": 10.0, ""clf__gamma_mult"": 0.25}",67.28997710000021
13,quantum/FB-Bures-RBF-SVM,quantum,3,0.5555555555555556,0.5,"{""clf__C"": 10.0, ""clf__gamma_mult"": 0.25}",67.28997710000021
13,quantum/FB-Bures-RBF-SVM,quantum,4,0.4444444444444444,0.65,"{""clf__C"": 10.0, ""clf__gamma_mult"": 0.25}",67.28997710000021
13,quantum/FB-Bures-RBF-SVM,quantum,5,0.5555555555555556,0.55,"{""clf__C"": 10.0, ""clf__gamma_mult"": 0.25}",67.28997710000021
13,quantum/FB-Bures-RBF-SVM,quantum,6,0.5555555555555556,0.45,"{""clf__C"": 10.0, ""clf__gamma_mult"": 1.0}",67.28997710000021
13,quantum/FB-Bures-RBF-SVM,quantum,7,0.1111111111111111,0.25,"{""clf__C"": 10.0, ""clf__gamma_mult"": 0.25}",67.28997710000021
13,quantum/FB-Bures-RBF-SVM,quantum,8,0.5555555555555556,0.65,"{""clf__C"": 10.0, ""clf__gamma_mult"": 1.0}",67.28997710000021
13,quantum/FB-Bures-RBF-SVM,quantum,9,0.7777777777777778,0.8,"{""clf__C"": 10.0, ""clf__gamma_mult"": 0.25}",67.28997710000021
13,quantum/FB-Bures-RBF-SVM,quantum,10,0.4444444444444444,0.45,"{""clf__C"": 10.0, ""clf__gamma_mult"": 0.25}",67.28997710000021
13,quantum/FB-Bures-RBF-SVM,quantum,11,0.5555555555555556,0.8,"{""clf__C"": 10.0, ""clf__gamma_mult"": 0.25}",67.28997710000021
13,quantum/FB-Bures-RBF-SVM,quantum,12,0.2222222222222222,0.3,"{""clf__C"": 1.0, ""clf__gamma_mult"": 1.0}",67.28997710000021
13,quantum/FB-Bures-RBF-SVM,quantum,13,0.5555555555555556,0.6,"{""clf__C"": 10.0, ""clf__gamma_mult"": 1.0}",67.28997710000021
13,quantum/FB-Bures-RBF-SVM,quantum,14,0.5555555555555556,0.6,"{""clf__C"": 10.0, ""clf__gamma_mult"": 1.0}",67.28997710000021
13,quantum/FB-Bures-RBF-ref-SVM,quantum,0,0.3333333333333333,0.4,"{""clf__C"": 10.0, ""clf__gamma_mult"": 0.25}",85.80848309999965
13,quantum/FB-Bures-RBF-ref-SVM,quantum,1,0.7777777777777778,0.8,"{""clf__C"": 10.0, ""clf__gamma_mult"": 1.0}",85.80848309999965
13,quantum/FB-Bures-RBF-ref-SVM,quantum,2,0.3333333333333333,0.45,"{""clf__C"": 10.0, ""clf__gamma_mult"": 1.0}",85.80848309999965
13,quantum/FB-Bures-RBF-ref-SVM,quantum,3,0.4444444444444444,0.6,"{""clf__C"": 10.0, ""clf__gamma_mult"": 1.0}",85.80848309999965
13,quantum/FB-Bures-RBF-ref-SVM,quantum,4,0.6666666666666666,0.75,"{""clf__C"": 10.0, ""clf__gamma_mult"": 1.0}",85.80848309999965
13,quantum/FB-Bures-RBF-ref-SVM,quantum,5,0.6666666666666666,0.8,"{""clf__C"": 10.0, ""clf__gamma_mult"": 1.0}",85.80848309999965
13,quantum/FB-Bures-RBF-ref-SVM,quantum,6,0.5555555555555556,0.7,"{""clf__C"": 10.0, ""clf__gamma_mult"": 0.25}",85.80848309999965
13,quantum/FB-Bures-RBF-ref-SVM,quantum,7,0.6666666666666666,0.6,"{""clf__C"": 10.0, ""clf__gamma_mult"": 1.0}",85.80848309999965
13,quantum/FB-Bures-RBF-ref-SVM,quantum,8,0.8888888888888888,0.95,"{""clf__C"": 10.0, ""clf__gamma_mult"": 1.0}",85.80848309999965
13,quantum/FB-Bures-RBF-ref-SVM,quantum,9,0.6666666666666666,0.85,"{""clf__C"": 10.0, ""clf__gamma_mult"": 0.25}",85.80848309999965
13,quantum/FB-Bures-RBF-ref-SVM,quantum,10,0.5555555555555556,0.5,"{""clf__C"": 10.0, ""clf__gamma_mult"": 1.0}",85.80848309999965
13,quantum/FB-Bures-RBF-ref-SVM,quantum,11,0.7777777777777778,0.9,"{""clf__C"": 10.0, ""clf__gamma_mult"": 1.0}",85.80848309999965
13,quantum/FB-Bures-RBF-ref-SVM,quantum,12,0.4444444444444444,0.5,"{""clf__C"": 1.0, ""clf__gamma_mult"": 1.0}",85.80848309999965
13,quantum/FB-Bures-RBF-ref-SVM,quantum,13,0.6666666666666666,0.65,"{""clf__C"": 10.0, ""clf__gamma_mult"": 0.25}",85.80848309999965
13,quantum/FB-Bures-RBF-ref-SVM,quantum,14,0.6666666666666666,0.75,"{""clf__C"": 10.0, ""clf__gamma_mult"": 1.0}",85.80848309999965
13,quantum/FB-QRE-RBF-SVM,quantum,0,0.6666666666666666,0.6,"{""clf__C"": 10.0, ""clf__gamma_mult"": 0.25}",50.01672529999996
13,quantum/FB-QRE-RBF-SVM,quantum,1,0.6666666666666666,0.6000000000000001,"{""clf__C"": 10.0, ""clf__gamma_mult"": 0.25}",50.01672529999996
13,quantum/FB-QRE-RBF-SVM,quantum,2,0.2222222222222222,0.2499999999999999,"{""clf__C"": 10.0, ""clf__gamma_mult"": 0.25}",50.01672529999996
13,quantum/FB-QRE-RBF-SVM,quantum,3,0.5555555555555556,0.45,"{""clf__C"": 10.0, ""clf__gamma_mult"": 0.25}",50.01672529999996
13,quantum/FB-QRE-RBF-SVM,quantum,4,0.6666666666666666,0.65,"{""clf__C"": 10.0, ""clf__gamma_mult"": 1.0}",50.01672529999996
13,quantum/FB-QRE-RBF-SVM,quantum,5,0.5555555555555556,0.55,"{""clf__C"": 10.0, ""clf__gamma_mult"": 0.25}",50.01672529999996
13,quantum/FB-QRE-RBF-SVM,quantum,6,0.5555555555555556,0.75,"{""clf__C"": 10.0, ""clf__gamma_mult"": 0.25}",50.01672529999996
13,quantum/FB-QRE-RBF-SVM,quantum,7,0.1111111111111111,0.25,"{""clf__C"": 10.0, ""clf__gamma_mult"": 0.25}",50.01672529999996
13,quantum/FB-QRE-RBF-SVM,quantum,8,0.5555555555555556,0.65,"{""clf__C"": 10.0, ""clf__gamma_mult"": 1.0}",50.01672529999996
13,quantum/FB-QRE-RBF-SVM,quantum,9,0.5555555555555556,0.75,"{""clf__C"": 10.0, ""clf__gamma_mult"": 0.25}",50.01672529999996
13,quantum/FB-QRE-RBF-SVM,quantum,10,0.4444444444444444,0.45,"{""clf__C"": 10.0, ""clf__gamma_mult"": 0.25}",50.01672529999996
13,quantum/FB-QRE-RBF-SVM,quantum,11,0.5555555555555556,0.85,"{""clf__C"": 10.0, ""clf__gamma_mult"": 0.25}",50.01672529999996
13,quantum/FB-QRE-RBF-SVM,quantum,12,0.6666666666666666,0.55,"{""clf__C"": 10.0, ""clf__gamma_mult"": 0.25}",50.01672529999996
13,quantum/FB-QRE-RBF-SVM,quantum,13,0.4444444444444444,0.6,"{""clf__C"": 10.0, ""clf__gamma_mult"": 1.0}",50.01672529999996
13,quantum/FB-QRE-RBF-SVM,quantum,14,0.4444444444444444,0.6,"{""clf__C"": 10.0, ""clf__gamma_mult"": 1.0}",50.01672529999996
13,quantum/FB-QRE-RBF-ref-SVM,quantum,0,0.4444444444444444,0.5,"{""clf__C"": 10.0, ""clf__gamma_mult"": 1.0}",67.25644699999975
13,quantum/FB-QRE-RBF-ref-SVM,quantum,1,0.7777777777777778,0.8,"{""clf__C"": 10.0, ""clf__gamma_mult"": 1.0}",67.25644699999975
13,quantum/FB-QRE-RBF-ref-SVM,quantum,2,0.4444444444444444,0.4999999999999999,"{""clf__C"": 10.0, ""clf__gamma_mult"": 1.0}",67.25644699999975
13,quantum/FB-QRE-RBF-ref-SVM,quantum,3,0.4444444444444444,0.6,"{""clf__C"": 10.0, ""clf__gamma_mult"": 1.0}",67.25644699999975
13,quantum/FB-QRE-RBF-ref-SVM,quantum,4,0.6666666666666666,0.75,"{""clf__C"": 10.0, ""clf__gamma_mult"": 1.0}",67.25644699999975
13,quantum/FB-QRE-RBF-ref-SVM,quantum,5,0.6666666666666666,0.8,"{""clf__C"": 10.0, ""clf__gamma_mult"": 1.0}",67.25644699999975
13,quantum/FB-QRE-RBF-ref-SVM,quantum,6,0.5555555555555556,0.65,"{""clf__C"": 10.0, ""clf__gamma_mult"": 1.0}",67.25644699999975
13,quantum/FB-QRE-RBF-ref-SVM,quantum,7,0.6666666666666666,0.6,"{""clf__C"": 10.0, ""clf__gamma_mult"": 1.0}",67.25644699999975
13,quantum/FB-QRE-RBF-ref-SVM,quantum,8,0.7777777777777778,0.95,"{""clf__C"": 10.0, ""clf__gamma_mult"": 1.0}",67.25644699999975
13,quantum/FB-QRE-RBF-ref-SVM,quantum,9,0.6666666666666666,0.8,"{""clf__C"": 10.0, ""clf__gamma_mult"": 0.25}",67.25644699999975
13,quantum/FB-QRE-RBF-ref-SVM,quantum,10,0.5555555555555556,0.5,"{""clf__C"": 10.0, ""clf__gamma_mult"": 1.0}",67.25644699999975
13,quantum/FB-QRE-RBF-ref-SVM,quantum,11,0.8888888888888888,0.9,"{""clf__C"": 10.0, ""clf__gamma_mult"": 1.0}",67.25644699999975
13,quantum/FB-QRE-RBF-ref-SVM,quantum,12,0.4444444444444444,0.5,"{""clf__C"": 1.0, ""clf__gamma_mult"": 1.0}",67.25644699999975
13,quantum/FB-QRE-RBF-ref-SVM,quantum,13,0.6666666666666666,0.55,"{""clf__C"": 10.0, ""clf__gamma_mult"": 1.0}",67.25644699999975
13,quantum/FB-QRE-RBF-ref-SVM,quantum,14,0.6666666666666666,0.75,"{""clf__C"": 10.0, ""clf__gamma_mult"": 1.0}",67.25644699999975
13,control/FB-riemann-kernel-SVM,control,0,0.3333333333333333,0.45,"{""clf__C"": 0.1}",45.23059659999944
13,control/FB-riemann-kernel-SVM,control,1,0.6666666666666666,0.75,"{""clf__C"": 0.1}",45.23059659999944
13,control/FB-riemann-kernel-SVM,control,2,0.6666666666666666,0.8,"{""clf__C"": 0.1}",45.23059659999944
13,control/FB-riemann-kernel-SVM,control,3,0.4444444444444444,0.6,"{""clf__C"": 1.0}",45.23059659999944
13,control/FB-riemann-kernel-SVM,control,4,0.6666666666666666,0.75,"{""clf__C"": 0.1}",45.23059659999944
13,control/FB-riemann-kernel-SVM,control,5,0.5555555555555556,0.7500000000000001,"{""clf__C"": 1.0}",45.23059659999944
13,control/FB-riemann-kernel-SVM,control,6,0.4444444444444444,0.65,"{""clf__C"": 1.0}",45.23059659999944
13,control/FB-riemann-kernel-SVM,control,7,0.4444444444444444,0.55,"{""clf__C"": 0.1}",45.23059659999944
13,control/FB-riemann-kernel-SVM,control,8,0.8888888888888888,0.9,"{""clf__C"": 0.1}",45.23059659999944
13,control/FB-riemann-kernel-SVM,control,9,0.7777777777777778,0.8,"{""clf__C"": 0.1}",45.23059659999944
13,control/FB-riemann-kernel-SVM,control,10,0.5555555555555556,0.55,"{""clf__C"": 0.1}",45.23059659999944
13,control/FB-riemann-kernel-SVM,control,11,0.7777777777777778,0.8,"{""clf__C"": 0.1}",45.23059659999944
13,control/FB-riemann-kernel-SVM,control,12,0.4444444444444444,0.5499999999999999,"{""clf__C"": 0.1}",45.23059659999944
13,control/FB-riemann-kernel-SVM,control,13,0.7777777777777778,0.6,"{""clf__C"": 1.0}",45.23059659999944
13,control/FB-riemann-kernel-SVM,control,14,0.6666666666666666,0.75,"{""clf__C"": 0.1}",45.23059659999944
13,control/FB-logeuclid-kernel-SVM,control,0,0.3333333333333333,0.45,"{""clf__C"": 0.1}",47.71816609999951
13,control/FB-logeuclid-kernel-SVM,control,1,0.5555555555555556,0.8,"{""clf__C"": 0.1}",47.71816609999951
13,control/FB-logeuclid-kernel-SVM,control,2,0.6666666666666666,0.8,"{""clf__C"": 1.0}",47.71816609999951
13,control/FB-logeuclid-kernel-SVM,control,3,0.4444444444444444,0.65,"{""clf__C"": 1.0}",47.71816609999951
13,control/FB-logeuclid-kernel-SVM,control,4,0.8888888888888888,0.85,"{""clf__C"": 0.1}",47.71816609999951
13,control/FB-logeuclid-kernel-SVM,control,5,0.6666666666666666,0.7500000000000001,"{""clf__C"": 1.0}",47.71816609999951
13,control/FB-logeuclid-kernel-SVM,control,6,0.3333333333333333,0.55,"{""clf__C"": 1.0}",47.71816609999951
13,control/FB-logeuclid-kernel-SVM,control,7,0.5555555555555556,0.6,"{""clf__C"": 0.1}",47.71816609999951
13,control/FB-logeuclid-kernel-SVM,control,8,0.7777777777777778,0.9,"{""clf__C"": 1.0}",47.71816609999951
13,control/FB-logeuclid-kernel-SVM,control,9,0.8888888888888888,0.8500000000000001,"{""clf__C"": 0.1}",47.71816609999951
13,control/FB-logeuclid-kernel-SVM,control,10,0.6666666666666666,0.6,"{""clf__C"": 1.0}",47.71816609999951
13,control/FB-logeuclid-kernel-SVM,control,11,0.7777777777777778,0.7500000000000001,"{""clf__C"": 0.1}",47.71816609999951
13,control/FB-logeuclid-kernel-SVM,control,12,0.4444444444444444,0.5499999999999999,"{""clf__C"": 0.1}",47.71816609999951
13,control/FB-logeuclid-kernel-SVM,control,13,0.7777777777777778,0.6499999999999999,"{""clf__C"": 1.0}",47.71816609999951
13,control/FB-logeuclid-kernel-SVM,control,14,0.6666666666666666,0.75,"{""clf__C"": 0.1}",47.71816609999951
19,classical/FBCSP+LDA,classical,0,0.6666666666666666,0.85,"{""perband__base__csp__nfilter"": 2}",45.358800299999984
19,classical/FBCSP+LDA,classical,1,0.6666666666666666,0.65,"{""perband__base__csp__nfilter"": 6}",45.358800299999984
19,classical/FBCSP+LDA,classical,2,0.6666666666666666,0.6,"{""perband__base__csp__nfilter"": 2}",45.358800299999984
19,classical/FBCSP+LDA,classical,3,0.6666666666666666,0.75,"{""perband__base__csp__nfilter"": 2}",45.358800299999984
19,classical/FBCSP+LDA,classical,4,0.6666666666666666,0.55,"{""perband__base__csp__nfilter"": 6}",45.358800299999984
19,classical/FBCSP+LDA,classical,5,0.4444444444444444,0.55,"{""perband__base__csp__nfilter"": 4}",45.358800299999984
19,classical/FBCSP+LDA,classical,6,0.6666666666666666,0.75,"{""perband__base__csp__nfilter"": 2}",45.358800299999984
19,classical/FBCSP+LDA,classical,7,0.6666666666666666,0.7000000000000001,"{""perband__base__csp__nfilter"": 4}",45.358800299999984
19,classical/FBCSP+LDA,classical,8,0.6666666666666666,0.6,"{""perband__base__csp__nfilter"": 4}",45.358800299999984
19,classical/FBCSP+LDA,classical,9,0.6666666666666666,0.6000000000000001,"{""perband__base__csp__nfilter"": 6}",45.358800299999984
19,classical/FBCSP+LDA,classical,10,0.5555555555555556,0.6499999999999999,"{""perband__base__csp__nfilter"": 6}",45.358800299999984
19,classical/FBCSP+LDA,classical,11,0.5555555555555556,0.6000000000000001,"{""perband__base__csp__nfilter"": 6}",45.358800299999984
19,classical/FBCSP+LDA,classical,12,0.5555555555555556,0.65,"{""perband__base__csp__nfilter"": 2}",45.358800299999984
19,classical/FBCSP+LDA,classical,13,0.8888888888888888,0.9,"{""perband__base__csp__nfilter"": 4}",45.358800299999984
19,classical/FBCSP+LDA,classical,14,0.7777777777777778,0.8,"{""perband__base__csp__nfilter"": 4}",45.358800299999984
19,classical/FB-TS+LR,classical,0,0.6666666666666666,0.65,"{""clf__C"": 0.1}",47.668007200000375
19,classical/FB-TS+LR,classical,1,0.6666666666666666,0.75,"{""clf__C"": 0.1}",47.668007200000375
19,classical/FB-TS+LR,classical,2,0.4444444444444444,0.45,"{""clf__C"": 0.1}",47.668007200000375
19,classical/FB-TS+LR,classical,3,0.7777777777777778,0.8,"{""clf__C"": 0.1}",47.668007200000375
19,classical/FB-TS+LR,classical,4,0.6666666666666666,0.55,"{""clf__C"": 10.0}",47.668007200000375
19,classical/FB-TS+LR,classical,5,0.5555555555555556,0.55,"{""clf__C"": 0.1}",47.668007200000375
19,classical/FB-TS+LR,classical,6,0.6666666666666666,0.65,"{""clf__C"": 0.1}",47.668007200000375
19,classical/FB-TS+LR,classical,7,0.7777777777777778,0.7,"{""clf__C"": 0.1}",47.668007200000375
19,classical/FB-TS+LR,classical,8,0.7777777777777778,0.6,"{""clf__C"": 0.1}",47.668007200000375
19,classical/FB-TS+LR,classical,9,0.6666666666666666,0.75,"{""clf__C"": 0.1}",47.668007200000375
19,classical/FB-TS+LR,classical,10,0.5555555555555556,0.6000000000000001,"{""clf__C"": 0.1}",47.668007200000375
19,classical/FB-TS+LR,classical,11,0.6666666666666666,0.6000000000000001,"{""clf__C"": 0.1}",47.668007200000375
19,classical/FB-TS+LR,classical,12,0.4444444444444444,0.6,"{""clf__C"": 10.0}",47.668007200000375
19,classical/FB-TS+LR,classical,13,0.5555555555555556,0.6,"{""clf__C"": 10.0}",47.668007200000375
19,classical/FB-TS+LR,classical,14,0.8888888888888888,0.75,"{""clf__C"": 0.1}",47.668007200000375
19,classical/FB-TS+RBF-SVM,classical,0,0.6666666666666666,0.65,"{""clf__C"": 1.0, ""clf__gamma"": ""scale""}",84.83854159999964
19,classical/FB-TS+RBF-SVM,classical,1,0.5555555555555556,0.65,"{""clf__C"": 1.0, ""clf__gamma"": ""scale""}",84.83854159999964
19,classical/FB-TS+RBF-SVM,classical,2,0.5555555555555556,0.55,"{""clf__C"": 1.0, ""clf__gamma"": ""scale""}",84.83854159999964
19,classical/FB-TS+RBF-SVM,classical,3,0.8888888888888888,0.8,"{""clf__C"": 10.0, ""clf__gamma"": ""scale""}",84.83854159999964
19,classical/FB-TS+RBF-SVM,classical,4,0.6666666666666666,0.6,"{""clf__C"": 1.0, ""clf__gamma"": ""scale""}",84.83854159999964
19,classical/FB-TS+RBF-SVM,classical,5,0.4444444444444444,0.45,"{""clf__C"": 1.0, ""clf__gamma"": ""scale""}",84.83854159999964
19,classical/FB-TS+RBF-SVM,classical,6,0.4444444444444444,0.65,"{""clf__C"": 1.0, ""clf__gamma"": ""scale""}",84.83854159999964
19,classical/FB-TS+RBF-SVM,classical,7,0.7777777777777778,0.8,"{""clf__C"": 1.0, ""clf__gamma"": ""scale""}",84.83854159999964
19,classical/FB-TS+RBF-SVM,classical,8,0.6666666666666666,0.7,"{""clf__C"": 10.0, ""clf__gamma"": ""scale""}",84.83854159999964
19,classical/FB-TS+RBF-SVM,classical,9,0.4444444444444444,0.6,"{""clf__C"": 10.0, ""clf__gamma"": ""scale""}",84.83854159999964
19,classical/FB-TS+RBF-SVM,classical,10,0.5555555555555556,0.6000000000000001,"{""clf__C"": 10.0, ""clf__gamma"": ""scale""}",84.83854159999964
19,classical/FB-TS+RBF-SVM,classical,11,0.6666666666666666,0.55,"{""clf__C"": 10.0, ""clf__gamma"": ""scale""}",84.83854159999964
19,classical/FB-TS+RBF-SVM,classical,12,0.4444444444444444,0.6,"{""clf__C"": 10.0, ""clf__gamma"": ""scale""}",84.83854159999964
19,classical/FB-TS+RBF-SVM,classical,13,0.4444444444444444,0.7,"{""clf__C"": 10.0, ""clf__gamma"": ""scale""}",84.83854159999964
19,classical/FB-TS+RBF-SVM,classical,14,0.8888888888888888,0.75,"{""clf__C"": 10.0, ""clf__gamma"": ""scale""}",84.83854159999964
19,quantum/FB-HS-overlap-SVM,quantum,0,0.4444444444444444,0.45,"{""clf__C"": 0.1}",36.243414499999744
19,quantum/FB-HS-overlap-SVM,quantum,1,0.4444444444444444,0.45,"{""clf__C"": 0.1}",36.243414499999744
19,quantum/FB-HS-overlap-SVM,quantum,2,0.5555555555555556,0.35,"{""clf__C"": 10.0}",36.243414499999744
19,quantum/FB-HS-overlap-SVM,quantum,3,0.4444444444444444,0.65,"{""clf__C"": 10.0}",36.243414499999744
19,quantum/FB-HS-overlap-SVM,quantum,4,0.6666666666666666,0.45,"{""clf__C"": 0.1}",36.243414499999744
19,quantum/FB-HS-overlap-SVM,quantum,5,0.2222222222222222,0.25,"{""clf__C"": 10.0}",36.243414499999744
19,quantum/FB-HS-overlap-SVM,quantum,6,0.4444444444444444,0.55,"{""clf__C"": 0.1}",36.243414499999744
19,quantum/FB-HS-overlap-SVM,quantum,7,0.5555555555555556,0.4,"{""clf__C"": 10.0}",36.243414499999744
19,quantum/FB-HS-overlap-SVM,quantum,8,0.2222222222222222,0.3999999999999999,"{""clf__C"": 0.1}",36.243414499999744
19,quantum/FB-HS-overlap-SVM,quantum,9,0.5555555555555556,0.6000000000000001,"{""clf__C"": 0.1}",36.243414499999744
19,quantum/FB-HS-overlap-SVM,quantum,10,0.6666666666666666,0.55,"{""clf__C"": 10.0}",36.243414499999744
19,quantum/FB-HS-overlap-SVM,quantum,11,0.4444444444444444,0.5,"{""clf__C"": 0.1}",36.243414499999744
19,quantum/FB-HS-overlap-SVM,quantum,12,0.4444444444444444,0.45,"{""clf__C"": 10.0}",36.243414499999744
19,quantum/FB-HS-overlap-SVM,quantum,13,0.7777777777777778,0.75,"{""clf__C"": 10.0}",36.243414499999744
19,quantum/FB-HS-overlap-SVM,quantum,14,0.4444444444444444,0.2499999999999999,"{""clf__C"": 0.1}",36.243414499999744
19,quantum/FB-HS-overlap-ref-SVM,quantum,0,0.4444444444444444,1.0,"{""clf__C"": 0.1}",41.726578600000266
19,quantum/FB-HS-overlap-ref-SVM,quantum,1,0.6666666666666666,0.8,"{""clf__C"": 10.0}",41.726578600000266
19,quantum/FB-HS-overlap-ref-SVM,quantum,2,0.5555555555555556,0.5,"{""clf__C"": 10.0}",41.726578600000266
19,quantum/FB-HS-overlap-ref-SVM,quantum,3,0.7777777777777778,0.8,"{""clf__C"": 10.0}",41.726578600000266
19,quantum/FB-HS-overlap-ref-SVM,quantum,4,0.6666666666666666,0.75,"{""clf__C"": 10.0}",41.726578600000266
19,quantum/FB-HS-overlap-ref-SVM,quantum,5,0.3333333333333333,0.35,"{""clf__C"": 10.0}",41.726578600000266
19,quantum/FB-HS-overlap-ref-SVM,quantum,6,0.2222222222222222,0.4,"{""clf__C"": 10.0}",41.726578600000266
19,quantum/FB-HS-overlap-ref-SVM,quantum,7,0.7777777777777778,0.8500000000000001,"{""clf__C"": 10.0}",41.726578600000266
19,quantum/FB-HS-overlap-ref-SVM,quantum,8,0.7777777777777778,0.8,"{""clf__C"": 10.0}",41.726578600000266
19,quantum/FB-HS-overlap-ref-SVM,quantum,9,0.7777777777777778,0.95,"{""clf__C"": 10.0}",41.726578600000266
19,quantum/FB-HS-overlap-ref-SVM,quantum,10,0.5555555555555556,0.75,"{""clf__C"": 10.0}",41.726578600000266
19,quantum/FB-HS-overlap-ref-SVM,quantum,11,0.6666666666666666,0.65,"{""clf__C"": 10.0}",41.726578600000266
19,quantum/FB-HS-overlap-ref-SVM,quantum,12,0.5555555555555556,0.65,"{""clf__C"": 10.0}",41.726578600000266
19,quantum/FB-HS-overlap-ref-SVM,quantum,13,0.5555555555555556,0.5,"{""clf__C"": 10.0}",41.726578600000266
19,quantum/FB-HS-overlap-ref-SVM,quantum,14,0.7777777777777778,0.85,"{""clf__C"": 10.0}",41.726578600000266
19,quantum/FB-Fidelity-SVM,quantum,0,0.4444444444444444,0.45,"{""clf__C"": 0.1}",44.65975149999986
19,quantum/FB-Fidelity-SVM,quantum,1,0.4444444444444444,0.55,"{""clf__C"": 0.1}",44.65975149999986
19,quantum/FB-Fidelity-SVM,quantum,2,0.4444444444444444,0.2,"{""clf__C"": 10.0}",44.65975149999986
19,quantum/FB-Fidelity-SVM,quantum,3,0.5555555555555556,0.6,"{""clf__C"": 10.0}",44.65975149999986
19,quantum/FB-Fidelity-SVM,quantum,4,0.6666666666666666,0.5,"{""clf__C"": 0.1}",44.65975149999986
19,quantum/FB-Fidelity-SVM,quantum,5,0.2222222222222222,0.2,"{""clf__C"": 10.0}",44.65975149999986
19,quantum/FB-Fidelity-SVM,quantum,6,0.5555555555555556,0.55,"{""clf__C"": 10.0}",44.65975149999986
19,quantum/FB-Fidelity-SVM,quantum,7,0.5555555555555556,0.4,"{""clf__C"": 0.1}",44.65975149999986
19,quantum/FB-Fidelity-SVM,quantum,8,0.5555555555555556,0.45,"{""clf__C"": 0.1}",44.65975149999986
19,quantum/FB-Fidelity-SVM,quantum,9,0.4444444444444444,0.35,"{""clf__C"": 10.0}",44.65975149999986
19,quantum/FB-Fidelity-SVM,quantum,10,0.4444444444444444,0.55,"{""clf__C"": 0.1}",44.65975149999986
19,quantum/FB-Fidelity-SVM,quantum,11,0.4444444444444444,0.55,"{""clf__C"": 0.1}",44.65975149999986
19,quantum/FB-Fidelity-SVM,quantum,12,0.3333333333333333,0.35,"{""clf__C"": 10.0}",44.65975149999986
19,quantum/FB-Fidelity-SVM,quantum,13,0.6666666666666666,0.6,"{""clf__C"": 0.1}",44.65975149999986
19,quantum/FB-Fidelity-SVM,quantum,14,0.4444444444444444,0.1999999999999999,"{""clf__C"": 10.0}",44.65975149999986
19,quantum/FB-Fidelity-ref-SVM,quantum,0,0.6666666666666666,0.95,"{""clf__C"": 10.0}",53.78342329999987
19,quantum/FB-Fidelity-ref-SVM,quantum,1,0.7777777777777778,0.8,"{""clf__C"": 10.0}",53.78342329999987
19,quantum/FB-Fidelity-ref-SVM,quantum,2,0.4444444444444444,0.55,"{""clf__C"": 10.0}",53.78342329999987
19,quantum/FB-Fidelity-ref-SVM,quantum,3,0.6666666666666666,0.8,"{""clf__C"": 10.0}",53.78342329999987
19,quantum/FB-Fidelity-ref-SVM,quantum,4,0.6666666666666666,0.65,"{""clf__C"": 10.0}",53.78342329999987
19,quantum/FB-Fidelity-ref-SVM,quantum,5,0.5555555555555556,0.35,"{""clf__C"": 10.0}",53.78342329999987
19,quantum/FB-Fidelity-ref-SVM,quantum,6,0.5555555555555556,0.5,"{""clf__C"": 10.0}",53.78342329999987
19,quantum/FB-Fidelity-ref-SVM,quantum,7,0.6666666666666666,0.8,"{""clf__C"": 10.0}",53.78342329999987
19,quantum/FB-Fidelity-ref-SVM,quantum,8,0.7777777777777778,0.85,"{""clf__C"": 10.0}",53.78342329999987
19,quantum/FB-Fidelity-ref-SVM,quantum,9,0.6666666666666666,0.8,"{""clf__C"": 10.0}",53.78342329999987
19,quantum/FB-Fidelity-ref-SVM,quantum,10,0.6666666666666666,0.7000000000000001,"{""clf__C"": 10.0}",53.78342329999987
19,quantum/FB-Fidelity-ref-SVM,quantum,11,0.6666666666666666,0.65,"{""clf__C"": 10.0}",53.78342329999987
19,quantum/FB-Fidelity-ref-SVM,quantum,12,0.4444444444444444,0.65,"{""clf__C"": 10.0}",53.78342329999987
19,quantum/FB-Fidelity-ref-SVM,quantum,13,0.5555555555555556,0.6,"{""clf__C"": 10.0}",53.78342329999987
19,quantum/FB-Fidelity-ref-SVM,quantum,14,0.7777777777777778,0.95,"{""clf__C"": 10.0}",53.78342329999987
19,quantum/FB-HS-RBF-SVM,quantum,0,0.4444444444444444,0.5,"{""clf__C"": 1.0, ""clf__gamma_mult"": 1.0}",43.85117610000043
19,quantum/FB-HS-RBF-SVM,quantum,1,0.7777777777777778,0.8,"{""clf__C"": 10.0, ""clf__gamma_mult"": 1.0}",43.85117610000043
19,quantum/FB-HS-RBF-SVM,quantum,2,0.4444444444444444,0.45,"{""clf__C"": 10.0, ""clf__gamma_mult"": 1.0}",43.85117610000043
19,quantum/FB-HS-RBF-SVM,quantum,3,0.3333333333333333,0.5,"{""clf__C"": 1.0, ""clf__gamma_mult"": 4.0}",43.85117610000043
19,quantum/FB-HS-RBF-SVM,quantum,4,0.6666666666666666,0.45,"{""clf__C"": 0.1, ""clf__gamma_mult"": 0.25}",43.85117610000043
19,quantum/FB-HS-RBF-SVM,quantum,5,0.1111111111111111,0.2,"{""clf__C"": 1.0, ""clf__gamma_mult"": 4.0}",43.85117610000043
19,quantum/FB-HS-RBF-SVM,quantum,6,0.6666666666666666,0.75,"{""clf__C"": 10.0, ""clf__gamma_mult"": 1.0}",43.85117610000043
19,quantum/FB-HS-RBF-SVM,quantum,7,0.4444444444444444,0.4499999999999999,"{""clf__C"": 1.0, ""clf__gamma_mult"": 4.0}",43.85117610000043
19,quantum/FB-HS-RBF-SVM,quantum,8,0.4444444444444444,0.5499999999999999,"{""clf__C"": 1.0, ""clf__gamma_mult"": 4.0}",43.85117610000043
19,quantum/FB-HS-RBF-SVM,quantum,9,0.6666666666666666,0.85,"{""clf__C"": 10.0, ""clf__gamma_mult"": 4.0}",43.85117610000043
19,quantum/FB-HS-RBF-SVM,quantum,10,0.6666666666666666,0.6000000000000001,"{""clf__C"": 10.0, ""clf__gamma_mult"": 1.0}",43.85117610000043
19,quantum/FB-HS-RBF-SVM,quantum,11,0.4444444444444444,0.6,"{""clf__C"": 0.1, ""clf__gamma_mult"": 0.25}",43.85117610000043
19,quantum/FB-HS-RBF-SVM,quantum,12,0.3333333333333333,0.35,"{""clf__C"": 1.0, ""clf__gamma_mult"": 0.25}",43.85117610000043
19,quantum/FB-HS-RBF-SVM,quantum,13,0.4444444444444444,0.25,"{""clf__C"": 1.0, ""clf__gamma_mult"": 4.0}",43.85117610000043
19,quantum/FB-HS-RBF-SVM,quantum,14,0.4444444444444444,0.35,"{""clf__C"": 10.0, ""clf__gamma_mult"": 4.0}",43.85117610000043
19,quantum/FB-HS-RBF-ref-SVM,quantum,0,0.7777777777777778,1.0,"{""clf__C"": 1.0, ""clf__gamma_mult"": 1.0}",60.714841400000296
19,quantum/FB-HS-RBF-ref-SVM,quantum,1,0.6666666666666666,0.8,"{""clf__C"": 10.0, ""clf__gamma_mult"": 0.25}",60.714841400000296
19,quantum/FB-HS-RBF-ref-SVM,quantum,2,0.5555555555555556,0.4499999999999999,"{""clf__C"": 10.0, ""clf__gamma_mult"": 0.25}",60.714841400000296
19,quantum/FB-HS-RBF-ref-SVM,quantum,3,0.7777777777777778,0.8,"{""clf__C"": 10.0, ""clf__gamma_mult"": 0.25}",60.714841400000296
19,quantum/FB-HS-RBF-ref-SVM,quantum,4,0.6666666666666666,0.65,"{""clf__C"": 1.0, ""clf__gamma_mult"": 1.0}",60.714841400000296
19,quantum/FB-HS-RBF-ref-SVM,quantum,5,0.4444444444444444,0.45,"{""clf__C"": 1.0, ""clf__gamma_mult"": 1.0}",60.714841400000296
19,quantum/FB-HS-RBF-ref-SVM,quantum,6,0.2222222222222222,0.4,"{""clf__C"": 10.0, ""clf__gamma_mult"": 0.25}",60.714841400000296
19,quantum/FB-HS-RBF-ref-SVM,quantum,7,0.8888888888888888,0.8500000000000001,"{""clf__C"": 10.0, ""clf__gamma_mult"": 1.0}",60.714841400000296
19,quantum/FB-HS-RBF-ref-SVM,quantum,8,0.7777777777777778,0.8,"{""clf__C"": 10.0, ""clf__gamma_mult"": 1.0}",60.714841400000296
19,quantum/FB-HS-RBF-ref-SVM,quantum,9,0.6666666666666666,0.75,"{""clf__C"": 1.0, ""clf__gamma_mult"": 1.0}",60.714841400000296
19,quantum/FB-HS-RBF-ref-SVM,quantum,10,0.6666666666666666,0.7,"{""clf__C"": 10.0, ""clf__gamma_mult"": 1.0}",60.714841400000296
19,quantum/FB-HS-RBF-ref-SVM,quantum,11,0.6666666666666666,0.65,"{""clf__C"": 10.0, ""clf__gamma_mult"": 0.25}",60.714841400000296
19,quantum/FB-HS-RBF-ref-SVM,quantum,12,0.6666666666666666,0.75,"{""clf__C"": 10.0, ""clf__gamma_mult"": 0.25}",60.714841400000296
19,quantum/FB-HS-RBF-ref-SVM,quantum,13,0.5555555555555556,0.55,"{""clf__C"": 10.0, ""clf__gamma_mult"": 1.0}",60.714841400000296
19,quantum/FB-HS-RBF-ref-SVM,quantum,14,0.7777777777777778,0.95,"{""clf__C"": 10.0, ""clf__gamma_mult"": 1.0}",60.714841400000296
19,quantum/FB-Bures-RBF-SVM,quantum,0,0.6666666666666666,0.7,"{""clf__C"": 1.0, ""clf__gamma_mult"": 4.0}",68.15657180000017
19,quantum/FB-Bures-RBF-SVM,quantum,1,0.7777777777777778,0.7,"{""clf__C"": 10.0, ""clf__gamma_mult"": 1.0}",68.15657180000017
19,quantum/FB-Bures-RBF-SVM,quantum,2,0.4444444444444444,0.35,"{""clf__C"": 10.0, ""clf__gamma_mult"": 0.25}",68.15657180000017
19,quantum/FB-Bures-RBF-SVM,quantum,3,0.3333333333333333,0.5,"{""clf__C"": 1.0, ""clf__gamma_mult"": 4.0}",68.15657180000017
19,quantum/FB-Bures-RBF-SVM,quantum,4,0.6666666666666666,0.45,"{""clf__C"": 0.1, ""clf__gamma_mult"": 0.25}",68.15657180000017
19,quantum/FB-Bures-RBF-SVM,quantum,5,0.1111111111111111,0.2,"{""clf__C"": 1.0, ""clf__gamma_mult"": 4.0}",68.15657180000017
19,quantum/FB-Bures-RBF-SVM,quantum,6,0.5555555555555556,0.65,"{""clf__C"": 10.0, ""clf__gamma_mult"": 0.25}",68.15657180000017
19,quantum/FB-Bures-RBF-SVM,quantum,7,0.5555555555555556,0.7,"{""clf__C"": 10.0, ""clf__gamma_mult"": 4.0}",68.15657180000017
19,quantum/FB-Bures-RBF-SVM,quantum,8,0.4444444444444444,0.7,"{""clf__C"": 10.0, ""clf__gamma_mult"": 4.0}",68.15657180000017
19,quantum/FB-Bures-RBF-SVM,quantum,9,0.3333333333333333,0.4,"{""clf__C"": 1.0, ""clf__gamma_mult"": 0.25}",68.15657180000017
19,quantum/FB-Bures-RBF-SVM,quantum,10,0.6666666666666666,0.6500000000000001,"{""clf__C"": 10.0, ""clf__gamma_mult"": 1.0}",68.15657180000017
19,quantum/FB-Bures-RBF-SVM,quantum,11,0.4444444444444444,0.65,"{""clf__C"": 0.1, ""clf__gamma_mult"": 0.25}",68.15657180000017
19,quantum/FB-Bures-RBF-SVM,quantum,12,0.4444444444444444,0.4,"{""clf__C"": 1.0, ""clf__gamma_mult"": 1.0}",68.15657180000017
19,quantum/FB-Bures-RBF-SVM,quantum,13,0.4444444444444444,0.35,"{""clf__C"": 1.0, ""clf__gamma_mult"": 4.0}",68.15657180000017
19,quantum/FB-Bures-RBF-SVM,quantum,14,0.5555555555555556,0.45,"{""clf__C"": 10.0, ""clf__gamma_mult"": 1.0}",68.15657180000017
19,quantum/FB-Bures-RBF-ref-SVM,quantum,0,0.7777777777777778,0.9,"{""clf__C"": 1.0, ""clf__gamma_mult"": 1.0}",86.07558400000016
19,quantum/FB-Bures-RBF-ref-SVM,quantum,1,0.6666666666666666,0.85,"{""clf__C"": 10.0, ""clf__gamma_mult"": 0.25}",86.07558400000016
19,quantum/FB-Bures-RBF-ref-SVM,quantum,2,0.4444444444444444,0.4499999999999999,"{""clf__C"": 10.0, ""clf__gamma_mult"": 0.25}",86.07558400000016
19,quantum/FB-Bures-RBF-ref-SVM,quantum,3,0.6666666666666666,0.8,"{""clf__C"": 10.0, ""clf__gamma_mult"": 0.25}",86.07558400000016
19,quantum/FB-Bures-RBF-ref-SVM,quantum,4,0.6666666666666666,0.65,"{""clf__C"": 1.0, ""clf__gamma_mult"": 1.0}",86.07558400000016
19,quantum/FB-Bures-RBF-ref-SVM,quantum,5,0.5555555555555556,0.65,"{""clf__C"": 10.0, ""clf__gamma_mult"": 1.0}",86.07558400000016
19,quantum/FB-Bures-RBF-ref-SVM,quantum,6,0.2222222222222222,0.4,"{""clf__C"": 10.0, ""clf__gamma_mult"": 0.25}",86.07558400000016
19,quantum/FB-Bures-RBF-ref-SVM,quantum,7,0.6666666666666666,0.8500000000000001,"{""clf__C"": 1.0, ""clf__gamma_mult"": 1.0}",86.07558400000016
19,quantum/FB-Bures-RBF-ref-SVM,quantum,8,0.7777777777777778,0.85,"{""clf__C"": 1.0, ""clf__gamma_mult"": 1.0}",86.07558400000016
19,quantum/FB-Bures-RBF-ref-SVM,quantum,9,0.6666666666666666,0.7000000000000001,"{""clf__C"": 1.0, ""clf__gamma_mult"": 1.0}",86.07558400000016
19,quantum/FB-Bures-RBF-ref-SVM,quantum,10,0.6666666666666666,0.75,"{""clf__C"": 10.0, ""clf__gamma_mult"": 0.25}",86.07558400000016
19,quantum/FB-Bures-RBF-ref-SVM,quantum,11,0.6666666666666666,0.65,"{""clf__C"": 10.0, ""clf__gamma_mult"": 0.25}",86.07558400000016
19,quantum/FB-Bures-RBF-ref-SVM,quantum,12,0.5555555555555556,0.65,"{""clf__C"": 10.0, ""clf__gamma_mult"": 0.25}",86.07558400000016
19,quantum/FB-Bures-RBF-ref-SVM,quantum,13,0.5555555555555556,0.7,"{""clf__C"": 10.0, ""clf__gamma_mult"": 1.0}",86.07558400000016
19,quantum/FB-Bures-RBF-ref-SVM,quantum,14,0.7777777777777778,0.95,"{""clf__C"": 10.0, ""clf__gamma_mult"": 0.25}",86.07558400000016
19,quantum/FB-QRE-RBF-SVM,quantum,0,0.5555555555555556,0.65,"{""clf__C"": 10.0, ""clf__gamma_mult"": 1.0}",50.75129740000011
19,quantum/FB-QRE-RBF-SVM,quantum,1,0.7777777777777778,0.7,"{""clf__C"": 10.0, ""clf__gamma_mult"": 1.0}",50.75129740000011
19,quantum/FB-QRE-RBF-SVM,quantum,2,0.4444444444444444,0.4,"{""clf__C"": 10.0, ""clf__gamma_mult"": 1.0}",50.75129740000011
19,quantum/FB-QRE-RBF-SVM,quantum,3,0.3333333333333333,0.55,"{""clf__C"": 1.0, ""clf__gamma_mult"": 4.0}",50.75129740000011
19,quantum/FB-QRE-RBF-SVM,quantum,4,0.6666666666666666,0.5,"{""clf__C"": 0.1, ""clf__gamma_mult"": 0.25}",50.75129740000011
19,quantum/FB-QRE-RBF-SVM,quantum,5,0.1111111111111111,0.2,"{""clf__C"": 1.0, ""clf__gamma_mult"": 4.0}",50.75129740000011
19,quantum/FB-QRE-RBF-SVM,quantum,6,0.4444444444444444,0.75,"{""clf__C"": 1.0, ""clf__gamma_mult"": 4.0}",50.75129740000011
19,quantum/FB-QRE-RBF-SVM,quantum,7,0.5555555555555556,0.7,"{""clf__C"": 10.0, ""clf__gamma_mult"": 4.0}",50.75129740000011
19,quantum/FB-QRE-RBF-SVM,quantum,8,0.6666666666666666,0.6,"{""clf__C"": 10.0, ""clf__gamma_mult"": 1.0}",50.75129740000011
19,quantum/FB-QRE-RBF-SVM,quantum,9,0.3333333333333333,0.4,"{""clf__C"": 1.0, ""clf__gamma_mult"": 0.25}",50.75129740000011
19,quantum/FB-QRE-RBF-SVM,quantum,10,0.6666666666666666,0.6500000000000001,"{""clf__C"": 10.0, ""clf__gamma_mult"": 1.0}",50.75129740000011
19,quantum/FB-QRE-RBF-SVM,quantum,11,0.4444444444444444,0.65,"{""clf__C"": 0.1, ""clf__gamma_mult"": 0.25}",50.75129740000011
19,quantum/FB-QRE-RBF-SVM,quantum,12,0.4444444444444444,0.4,"{""clf__C"": 1.0, ""clf__gamma_mult"": 1.0}",50.75129740000011
19,quantum/FB-QRE-RBF-SVM,quantum,13,0.4444444444444444,0.45,"{""clf__C"": 1.0, ""clf__gamma_mult"": 4.0}",50.75129740000011
19,quantum/FB-QRE-RBF-SVM,quantum,14,0.5555555555555556,0.45,"{""clf__C"": 10.0, ""clf__gamma_mult"": 1.0}",50.75129740000011
19,quantum/FB-QRE-RBF-ref-SVM,quantum,0,0.7777777777777778,0.95,"{""clf__C"": 1.0, ""clf__gamma_mult"": 1.0}",67.07902970000032
19,quantum/FB-QRE-RBF-ref-SVM,quantum,1,0.6666666666666666,0.85,"{""clf__C"": 10.0, ""clf__gamma_mult"": 0.25}",67.07902970000032
19,quantum/FB-QRE-RBF-ref-SVM,quantum,2,0.5555555555555556,0.5,"{""clf__C"": 10.0, ""clf__gamma_mult"": 0.25}",67.07902970000032
19,quantum/FB-QRE-RBF-ref-SVM,quantum,3,0.7777777777777778,0.8,"{""clf__C"": 10.0, ""clf__gamma_mult"": 0.25}",67.07902970000032
19,quantum/FB-QRE-RBF-ref-SVM,quantum,4,0.6666666666666666,0.65,"{""clf__C"": 1.0, ""clf__gamma_mult"": 1.0}",67.07902970000032
19,quantum/FB-QRE-RBF-ref-SVM,quantum,5,0.5555555555555556,0.5,"{""clf__C"": 10.0, ""clf__gamma_mult"": 0.25}",67.07902970000032
19,quantum/FB-QRE-RBF-ref-SVM,quantum,6,0.2222222222222222,0.4,"{""clf__C"": 10.0, ""clf__gamma_mult"": 0.25}",67.07902970000032
19,quantum/FB-QRE-RBF-ref-SVM,quantum,7,0.6666666666666666,0.8500000000000001,"{""clf__C"": 1.0, ""clf__gamma_mult"": 1.0}",67.07902970000032
19,quantum/FB-QRE-RBF-ref-SVM,quantum,8,0.7777777777777778,0.85,"{""clf__C"": 1.0, ""clf__gamma_mult"": 1.0}",67.07902970000032
19,quantum/FB-QRE-RBF-ref-SVM,quantum,9,0.6666666666666666,0.7000000000000001,"{""clf__C"": 1.0, ""clf__gamma_mult"": 1.0}",67.07902970000032
19,quantum/FB-QRE-RBF-ref-SVM,quantum,10,0.7777777777777778,0.75,"{""clf__C"": 10.0, ""clf__gamma_mult"": 0.25}",67.07902970000032
19,quantum/FB-QRE-RBF-ref-SVM,quantum,11,0.6666666666666666,0.65,"{""clf__C"": 10.0, ""clf__gamma_mult"": 0.25}",67.07902970000032
19,quantum/FB-QRE-RBF-ref-SVM,quantum,12,0.5555555555555556,0.65,"{""clf__C"": 10.0, ""clf__gamma_mult"": 0.25}",67.07902970000032
19,quantum/FB-QRE-RBF-ref-SVM,quantum,13,0.6666666666666666,0.6,"{""clf__C"": 10.0, ""clf__gamma_mult"": 0.25}",67.07902970000032
19,quantum/FB-QRE-RBF-ref-SVM,quantum,14,0.7777777777777778,0.95,"{""clf__C"": 10.0, ""clf__gamma_mult"": 0.25}",67.07902970000032
19,control/FB-riemann-kernel-SVM,control,0,0.6666666666666666,0.85,"{""clf__C"": 0.1}",45.47811580000052
19,control/FB-riemann-kernel-SVM,control,1,0.6666666666666666,0.9,"{""clf__C"": 1.0}",45.47811580000052
19,control/FB-riemann-kernel-SVM,control,2,0.5555555555555556,0.4499999999999999,"{""clf__C"": 0.1}",45.47811580000052
19,control/FB-riemann-kernel-SVM,control,3,0.6666666666666666,0.8,"{""clf__C"": 1.0}",45.47811580000052
19,control/FB-riemann-kernel-SVM,control,4,0.5555555555555556,0.65,"{""clf__C"": 1.0}",45.47811580000052
19,control/FB-riemann-kernel-SVM,control,5,0.5555555555555556,0.4,"{""clf__C"": 0.1}",45.47811580000052
19,control/FB-riemann-kernel-SVM,control,6,0.6666666666666666,0.55,"{""clf__C"": 1.0}",45.47811580000052
19,control/FB-riemann-kernel-SVM,control,7,0.5555555555555556,0.7,"{""clf__C"": 1.0}",45.47811580000052
19,control/FB-riemann-kernel-SVM,control,8,0.7777777777777778,0.75,"{""clf__C"": 1.0}",45.47811580000052
19,control/FB-riemann-kernel-SVM,control,9,0.6666666666666666,0.8500000000000001,"{""clf__C"": 0.1}",45.47811580000052
19,control/FB-riemann-kernel-SVM,control,10,0.7777777777777778,0.7000000000000001,"{""clf__C"": 0.1}",45.47811580000052
19,control/FB-riemann-kernel-SVM,control,11,0.6666666666666666,0.65,"{""clf__C"": 0.1}",45.47811580000052
19,control/FB-riemann-kernel-SVM,control,12,0.5555555555555556,0.6,"{""clf__C"": 1.0}",45.47811580000052
19,control/FB-riemann-kernel-SVM,control,13,0.6666666666666666,0.8,"{""clf__C"": 0.1}",45.47811580000052
19,control/FB-riemann-kernel-SVM,control,14,0.7777777777777778,0.9,"{""clf__C"": 1.0}",45.47811580000052
19,control/FB-logeuclid-kernel-SVM,control,0,0.7777777777777778,0.8,"{""clf__C"": 0.1}",46.95816009999999
19,control/FB-logeuclid-kernel-SVM,control,1,0.7777777777777778,0.85,"{""clf__C"": 1.0}",46.95816009999999
19,control/FB-logeuclid-kernel-SVM,control,2,0.4444444444444444,0.45,"{""clf__C"": 1.0}",46.95816009999999
19,control/FB-logeuclid-kernel-SVM,control,3,0.6666666666666666,0.8,"{""clf__C"": 1.0}",46.95816009999999
19,control/FB-logeuclid-kernel-SVM,control,4,0.5555555555555556,0.7000000000000001,"{""clf__C"": 1.0}",46.95816009999999
19,control/FB-logeuclid-kernel-SVM,control,5,0.4444444444444444,0.5,"{""clf__C"": 1.0}",46.95816009999999
19,control/FB-logeuclid-kernel-SVM,control,6,0.5555555555555556,0.55,"{""clf__C"": 1.0}",46.95816009999999
19,control/FB-logeuclid-kernel-SVM,control,7,0.7777777777777778,0.8,"{""clf__C"": 0.1}",46.95816009999999
19,control/FB-logeuclid-kernel-SVM,control,8,0.6666666666666666,0.8,"{""clf__C"": 1.0}",46.95816009999999
19,control/FB-logeuclid-kernel-SVM,control,9,0.6666666666666666,0.7,"{""clf__C"": 0.1}",46.95816009999999
19,control/FB-logeuclid-kernel-SVM,control,10,0.6666666666666666,0.7500000000000001,"{""clf__C"": 0.1}",46.95816009999999
19,control/FB-logeuclid-kernel-SVM,control,11,0.6666666666666666,0.7,"{""clf__C"": 1.0}",46.95816009999999
19,control/FB-logeuclid-kernel-SVM,control,12,0.4444444444444444,0.6,"{""clf__C"": 0.1}",46.95816009999999
19,control/FB-logeuclid-kernel-SVM,control,13,0.5555555555555556,0.65,"{""clf__C"": 1.0}",46.95816009999999
19,control/FB-logeuclid-kernel-SVM,control,14,0.6666666666666666,0.85,"{""clf__C"": 0.1}",46.95816009999999
25,classical/FBCSP+LDA,classical,0,0.8888888888888888,1.0,"{""perband__base__csp__nfilter"": 2}",45.21595410000009
25,classical/FBCSP+LDA,classical,1,0.6666666666666666,0.7,"{""perband__base__csp__nfilter"": 4}",45.21595410000009
25,classical/FBCSP+LDA,classical,2,0.2222222222222222,0.3,"{""perband__base__csp__nfilter"": 2}",45.21595410000009
25,classical/FBCSP+LDA,classical,3,0.7777777777777778,0.8,"{""perband__base__csp__nfilter"": 2}",45.21595410000009
25,classical/FBCSP+LDA,classical,4,0.5555555555555556,0.65,"{""perband__base__csp__nfilter"": 4}",45.21595410000009
25,classical/FBCSP+LDA,classical,5,0.7777777777777778,0.8,"{""perband__base__csp__nfilter"": 2}",45.21595410000009
25,classical/FBCSP+LDA,classical,6,0.4444444444444444,0.5,"{""perband__base__csp__nfilter"": 4}",45.21595410000009
25,classical/FBCSP+LDA,classical,7,0.5555555555555556,0.55,"{""perband__base__csp__nfilter"": 4}",45.21595410000009
25,classical/FBCSP+LDA,classical,8,0.6666666666666666,0.65,"{""perband__base__csp__nfilter"": 6}",45.21595410000009
25,classical/FBCSP+LDA,classical,9,0.4444444444444444,0.5,"{""perband__base__csp__nfilter"": 4}",45.21595410000009
25,classical/FBCSP+LDA,classical,10,0.5555555555555556,0.55,"{""perband__base__csp__nfilter"": 2}",45.21595410000009
25,classical/FBCSP+LDA,classical,11,0.7777777777777778,0.9,"{""perband__base__csp__nfilter"": 6}",45.21595410000009
25,classical/FBCSP+LDA,classical,12,0.7777777777777778,0.75,"{""perband__base__csp__nfilter"": 4}",45.21595410000009
25,classical/FBCSP+LDA,classical,13,0.6666666666666666,0.85,"{""perband__base__csp__nfilter"": 4}",45.21595410000009
25,classical/FBCSP+LDA,classical,14,0.6666666666666666,0.5,"{""perband__base__csp__nfilter"": 6}",45.21595410000009
25,classical/FB-TS+LR,classical,0,0.4444444444444444,0.8,"{""clf__C"": 0.1}",48.32780149999962
25,classical/FB-TS+LR,classical,1,0.5555555555555556,0.6000000000000001,"{""clf__C"": 0.1}",48.32780149999962
25,classical/FB-TS+LR,classical,2,0.5555555555555556,0.5,"{""clf__C"": 1.0}",48.32780149999962
25,classical/FB-TS+LR,classical,3,0.5555555555555556,0.6499999999999999,"{""clf__C"": 1.0}",48.32780149999962
25,classical/FB-TS+LR,classical,4,0.7777777777777778,0.75,"{""clf__C"": 0.1}",48.32780149999962
25,classical/FB-TS+LR,classical,5,0.4444444444444444,0.8,"{""clf__C"": 10.0}",48.32780149999962
25,classical/FB-TS+LR,classical,6,0.2222222222222222,0.4,"{""clf__C"": 10.0}",48.32780149999962
25,classical/FB-TS+LR,classical,7,0.7777777777777778,0.85,"{""clf__C"": 0.1}",48.32780149999962
25,classical/FB-TS+LR,classical,8,0.6666666666666666,0.7,"{""clf__C"": 0.1}",48.32780149999962
25,classical/FB-TS+LR,classical,9,0.4444444444444444,0.4499999999999999,"{""clf__C"": 1.0}",48.32780149999962
25,classical/FB-TS+LR,classical,10,0.6666666666666666,0.7000000000000001,"{""clf__C"": 0.1}",48.32780149999962
25,classical/FB-TS+LR,classical,11,0.7777777777777778,0.7000000000000001,"{""clf__C"": 0.1}",48.32780149999962
25,classical/FB-TS+LR,classical,12,0.7777777777777778,0.85,"{""clf__C"": 0.1}",48.32780149999962
25,classical/FB-TS+LR,classical,13,0.5555555555555556,0.5499999999999999,"{""clf__C"": 0.1}",48.32780149999962
25,classical/FB-TS+LR,classical,14,0.5555555555555556,0.3999999999999999,"{""clf__C"": 0.1}",48.32780149999962
25,classical/FB-TS+RBF-SVM,classical,0,0.5555555555555556,0.8,"{""clf__C"": 10.0, ""clf__gamma"": ""scale""}",85.11206619999984
25,classical/FB-TS+RBF-SVM,classical,1,0.7777777777777778,0.8,"{""clf__C"": 10.0, ""clf__gamma"": 0.01}",85.11206619999984
25,classical/FB-TS+RBF-SVM,classical,2,0.4444444444444444,0.6000000000000001,"{""clf__C"": 10.0, ""clf__gamma"": ""scale""}",85.11206619999984
25,classical/FB-TS+RBF-SVM,classical,3,0.5555555555555556,0.7,"{""clf__C"": 10.0, ""clf__gamma"": ""scale""}",85.11206619999984
25,classical/FB-TS+RBF-SVM,classical,4,0.6666666666666666,0.7000000000000001,"{""clf__C"": 10.0, ""clf__gamma"": ""scale""}",85.11206619999984
25,classical/FB-TS+RBF-SVM,classical,5,0.4444444444444444,0.75,"{""clf__C"": 10.0, ""clf__gamma"": ""scale""}",85.11206619999984
25,classical/FB-TS+RBF-SVM,classical,6,0.3333333333333333,0.3,"{""clf__C"": 10.0, ""clf__gamma"": ""scale""}",85.11206619999984
25,classical/FB-TS+RBF-SVM,classical,7,0.7777777777777778,0.8,"{""clf__C"": 10.0, ""clf__gamma"": ""scale""}",85.11206619999984
25,classical/FB-TS+RBF-SVM,classical,8,0.4444444444444444,0.65,"{""clf__C"": 10.0, ""clf__gamma"": 0.01}",85.11206619999984
25,classical/FB-TS+RBF-SVM,classical,9,0.4444444444444444,0.4999999999999999,"{""clf__C"": 1.0, ""clf__gamma"": ""scale""}",85.11206619999984
25,classical/FB-TS+RBF-SVM,classical,10,0.5555555555555556,0.75,"{""clf__C"": 10.0, ""clf__gamma"": ""scale""}",85.11206619999984
25,classical/FB-TS+RBF-SVM,classical,11,0.7777777777777778,0.75,"{""clf__C"": 10.0, ""clf__gamma"": ""scale""}",85.11206619999984
25,classical/FB-TS+RBF-SVM,classical,12,0.6666666666666666,0.9,"{""clf__C"": 10.0, ""clf__gamma"": ""scale""}",85.11206619999984
25,classical/FB-TS+RBF-SVM,classical,13,0.5555555555555556,0.7000000000000001,"{""clf__C"": 10.0, ""clf__gamma"": ""scale""}",85.11206619999984
25,classical/FB-TS+RBF-SVM,classical,14,0.6666666666666666,0.4,"{""clf__C"": 10.0, ""clf__gamma"": ""scale""}",85.11206619999984
25,quantum/FB-HS-overlap-SVM,quantum,0,0.3333333333333333,0.1,"{""clf__C"": 0.1}",36.48047349999979
25,quantum/FB-HS-overlap-SVM,quantum,1,0.4444444444444444,0.5,"{""clf__C"": 0.1}",36.48047349999979
25,quantum/FB-HS-overlap-SVM,quantum,2,0.4444444444444444,0.3,"{""clf__C"": 10.0}",36.48047349999979
25,quantum/FB-HS-overlap-SVM,quantum,3,0.4444444444444444,0.3,"{""clf__C"": 0.1}",36.48047349999979
25,quantum/FB-HS-overlap-SVM,quantum,4,0.4444444444444444,0.1499999999999999,"{""clf__C"": 0.1}",36.48047349999979
25,quantum/FB-HS-overlap-SVM,quantum,5,0.3333333333333333,0.35,"{""clf__C"": 0.1}",36.48047349999979
25,quantum/FB-HS-overlap-SVM,quantum,6,0.4444444444444444,0.35,"{""clf__C"": 0.1}",36.48047349999979
25,quantum/FB-HS-overlap-SVM,quantum,7,0.4444444444444444,0.65,"{""clf__C"": 0.1}",36.48047349999979
25,quantum/FB-HS-overlap-SVM,quantum,8,0.4444444444444444,0.35,"{""clf__C"": 0.1}",36.48047349999979
25,quantum/FB-HS-overlap-SVM,quantum,9,0.4444444444444444,0.3,"{""clf__C"": 0.1}",36.48047349999979
25,quantum/FB-HS-overlap-SVM,quantum,10,0.4444444444444444,0.35,"{""clf__C"": 0.1}",36.48047349999979
25,quantum/FB-HS-overlap-SVM,quantum,11,0.4444444444444444,0.35,"{""clf__C"": 0.1}",36.48047349999979
25,quantum/FB-HS-overlap-SVM,quantum,12,0.3333333333333333,0.2,"{""clf__C"": 0.1}",36.48047349999979
25,quantum/FB-HS-overlap-SVM,quantum,13,0.4444444444444444,0.1999999999999999,"{""clf__C"": 0.1}",36.48047349999979
25,quantum/FB-HS-overlap-SVM,quantum,14,0.4444444444444444,0.2,"{""clf__C"": 0.1}",36.48047349999979
25,quantum/FB-HS-overlap-ref-SVM,quantum,0,0.6666666666666666,0.75,"{""clf__C"": 10.0}",41.97679500000004
25,quantum/FB-HS-overlap-ref-SVM,quantum,1,0.7777777777777778,1.0,"{""clf__C"": 10.0}",41.97679500000004
25,quantum/FB-HS-overlap-ref-SVM,quantum,2,0.6666666666666666,0.6,"{""clf__C"": 10.0}",41.97679500000004
25,quantum/FB-HS-overlap-ref-SVM,quantum,3,0.6666666666666666,0.7000000000000001,"{""clf__C"": 10.0}",41.97679500000004
25,quantum/FB-HS-overlap-ref-SVM,quantum,4,0.6666666666666666,0.8,"{""clf__C"": 10.0}",41.97679500000004
25,quantum/FB-HS-overlap-ref-SVM,quantum,5,0.6666666666666666,0.7,"{""clf__C"": 10.0}",41.97679500000004
25,quantum/FB-HS-overlap-ref-SVM,quantum,6,0.5555555555555556,0.65,"{""clf__C"": 10.0}",41.97679500000004
25,quantum/FB-HS-overlap-ref-SVM,quantum,7,0.8888888888888888,0.95,"{""clf__C"": 10.0}",41.97679500000004
25,quantum/FB-HS-overlap-ref-SVM,quantum,8,0.6666666666666666,0.7000000000000001,"{""clf__C"": 10.0}",41.97679500000004
25,quantum/FB-HS-overlap-ref-SVM,quantum,9,0.5555555555555556,0.5499999999999999,"{""clf__C"": 10.0}",41.97679500000004
25,quantum/FB-HS-overlap-ref-SVM,quantum,10,0.6666666666666666,0.7,"{""clf__C"": 10.0}",41.97679500000004
25,quantum/FB-HS-overlap-ref-SVM,quantum,11,0.8888888888888888,0.9,"{""clf__C"": 10.0}",41.97679500000004
25,quantum/FB-HS-overlap-ref-SVM,quantum,12,0.7777777777777778,0.9,"{""clf__C"": 10.0}",41.97679500000004
25,quantum/FB-HS-overlap-ref-SVM,quantum,13,0.6666666666666666,0.55,"{""clf__C"": 10.0}",41.97679500000004
25,quantum/FB-HS-overlap-ref-SVM,quantum,14,0.5555555555555556,0.75,"{""clf__C"": 10.0}",41.97679500000004
25,quantum/FB-Fidelity-SVM,quantum,0,0.2222222222222222,0.1,"{""clf__C"": 0.1}",45.36035990000028
25,quantum/FB-Fidelity-SVM,quantum,1,0.4444444444444444,0.5,"{""clf__C"": 10.0}",45.36035990000028
25,quantum/FB-Fidelity-SVM,quantum,2,0.4444444444444444,0.3,"{""clf__C"": 10.0}",45.36035990000028
25,quantum/FB-Fidelity-SVM,quantum,3,0.4444444444444444,0.3,"{""clf__C"": 0.1}",45.36035990000028
25,quantum/FB-Fidelity-SVM,quantum,4,0.4444444444444444,0.1499999999999999,"{""clf__C"": 0.1}",45.36035990000028
25,quantum/FB-Fidelity-SVM,quantum,5,0.4444444444444444,0.35,"{""clf__C"": 0.1}",45.36035990000028
25,quantum/FB-Fidelity-SVM,quantum,6,0.4444444444444444,0.35,"{""clf__C"": 0.1}",45.36035990000028
25,quantum/FB-Fidelity-SVM,quantum,7,0.4444444444444444,0.65,"{""clf__C"": 0.1}",45.36035990000028
25,quantum/FB-Fidelity-SVM,quantum,8,0.4444444444444444,0.35,"{""clf__C"": 0.1}",45.36035990000028
25,quantum/FB-Fidelity-SVM,quantum,9,0.4444444444444444,0.2,"{""clf__C"": 0.1}",45.36035990000028
25,quantum/FB-Fidelity-SVM,quantum,10,0.4444444444444444,0.35,"{""clf__C"": 10.0}",45.36035990000028
25,quantum/FB-Fidelity-SVM,quantum,11,0.4444444444444444,0.3,"{""clf__C"": 0.1}",45.36035990000028
25,quantum/FB-Fidelity-SVM,quantum,12,0.4444444444444444,0.35,"{""clf__C"": 0.1}",45.36035990000028
25,quantum/FB-Fidelity-SVM,quantum,13,0.4444444444444444,0.1999999999999999,"{""clf__C"": 0.1}",45.36035990000028
25,quantum/FB-Fidelity-SVM,quantum,14,0.4444444444444444,0.2,"{""clf__C"": 0.1}",45.36035990000028
25,quantum/FB-Fidelity-ref-SVM,quantum,0,0.6666666666666666,0.95,"{""clf__C"": 10.0}",53.9869362999998
25,quantum/FB-Fidelity-ref-SVM,quantum,1,0.8888888888888888,0.9,"{""clf__C"": 10.0}",53.9869362999998
25,quantum/FB-Fidelity-ref-SVM,quantum,2,0.3333333333333333,0.6000000000000001,"{""clf__C"": 10.0}",53.9869362999998
25,quantum/FB-Fidelity-ref-SVM,quantum,3,0.6666666666666666,0.7,"{""clf__C"": 10.0}",53.9869362999998
25,quantum/FB-Fidelity-ref-SVM,quantum,4,0.7777777777777778,0.75,"{""clf__C"": 10.0}",53.9869362999998
25,quantum/FB-Fidelity-ref-SVM,quantum,5,0.6666666666666666,0.75,"{""clf__C"": 10.0}",53.9869362999998
25,quantum/FB-Fidelity-ref-SVM,quantum,6,0.6666666666666666,0.6500000000000001,"{""clf__C"": 10.0}",53.9869362999998
25,quantum/FB-Fidelity-ref-SVM,quantum,7,0.8888888888888888,0.95,"{""clf__C"": 10.0}",53.9869362999998
25,quantum/FB-Fidelity-ref-SVM,quantum,8,0.6666666666666666,0.7,"{""clf__C"": 10.0}",53.9869362999998
25,quantum/FB-Fidelity-ref-SVM,quantum,9,0.6666666666666666,0.5499999999999999,"{""clf__C"": 10.0}",53.9869362999998
25,quantum/FB-Fidelity-ref-SVM,quantum,10,0.6666666666666666,0.7500000000000001,"{""clf__C"": 10.0}",53.9869362999998
25,quantum/FB-Fidelity-ref-SVM,quantum,11,0.7777777777777778,0.8500000000000001,"{""clf__C"": 10.0}",53.9869362999998
25,quantum/FB-Fidelity-ref-SVM,quantum,12,0.7777777777777778,1.0,"{""clf__C"": 10.0}",53.9869362999998
25,quantum/FB-Fidelity-ref-SVM,quantum,13,0.6666666666666666,0.5,"{""clf__C"": 10.0}",53.9869362999998
25,quantum/FB-Fidelity-ref-SVM,quantum,14,0.7777777777777778,0.8,"{""clf__C"": 10.0}",53.9869362999998
25,quantum/FB-HS-RBF-SVM,quantum,0,0.3333333333333333,0.3,"{""clf__C"": 10.0, ""clf__gamma_mult"": 4.0}",44.471564899999976
25,quantum/FB-HS-RBF-SVM,quantum,1,0.6666666666666666,0.45,"{""clf__C"": 10.0, ""clf__gamma_mult"": 4.0}",44.471564899999976
25,quantum/FB-HS-RBF-SVM,quantum,2,0.3333333333333333,0.3,"{""clf__C"": 10.0, ""clf__gamma_mult"": 0.25}",44.471564899999976
25,quantum/FB-HS-RBF-SVM,quantum,3,0.3333333333333333,0.55,"{""clf__C"": 1.0, ""clf__gamma_mult"": 1.0}",44.471564899999976
25,quantum/FB-HS-RBF-SVM,quantum,4,0.4444444444444444,0.1499999999999999,"{""clf__C"": 0.1, ""clf__gamma_mult"": 0.25}",44.471564899999976
25,quantum/FB-HS-RBF-SVM,quantum,5,0.4444444444444444,0.35,"{""clf__C"": 0.1, ""clf__gamma_mult"": 0.25}",44.471564899999976
25,quantum/FB-HS-RBF-SVM,quantum,6,0.3333333333333333,0.1,"{""clf__C"": 10.0, ""clf__gamma_mult"": 0.25}",44.471564899999976
25,quantum/FB-HS-RBF-SVM,quantum,7,0.2222222222222222,0.1,"{""clf__C"": 1.0, ""clf__gamma_mult"": 4.0}",44.471564899999976
25,quantum/FB-HS-RBF-SVM,quantum,8,0.2222222222222222,0.3,"{""clf__C"": 1.0, ""clf__gamma_mult"": 0.25}",44.471564899999976
25,quantum/FB-HS-RBF-SVM,quantum,9,0.4444444444444444,0.3999999999999999,"{""clf__C"": 0.1, ""clf__gamma_mult"": 0.25}",44.471564899999976
25,quantum/FB-HS-RBF-SVM,quantum,10,0.3333333333333333,0.4,"{""clf__C"": 10.0, ""clf__gamma_mult"": 0.25}",44.471564899999976
25,quantum/FB-HS-RBF-SVM,quantum,11,0.3333333333333333,0.15,"{""clf__C"": 1.0, ""clf__gamma_mult"": 0.25}",44.471564899999976
25,quantum/FB-HS-RBF-SVM,quantum,12,0.4444444444444444,0.35,"{""clf__C"": 10.0, ""clf__gamma_mult"": 0.25}",44.471564899999976
25,quantum/FB-HS-RBF-SVM,quantum,13,0.4444444444444444,0.25,"{""clf__C"": 10.0, ""clf__gamma_mult"": 4.0}",44.471564899999976
25,quantum/FB-HS-RBF-SVM,quantum,14,0.4444444444444444,0.3999999999999999,"{""clf__C"": 1.0, ""clf__gamma_mult"": 4.0}",44.471564899999976
25,quantum/FB-HS-RBF-ref-SVM,quantum,0,0.6666666666666666,0.9,"{""clf__C"": 10.0, ""clf__gamma_mult"": 0.25}",60.8066843000006
25,quantum/FB-HS-RBF-ref-SVM,quantum,1,1.0,1.0,"{""clf__C"": 10.0, ""clf__gamma_mult"": 0.25}",60.8066843000006
25,quantum/FB-HS-RBF-ref-SVM,quantum,2,0.6666666666666666,0.6,"{""clf__C"": 10.0, ""clf__gamma_mult"": 0.25}",60.8066843000006
25,quantum/FB-HS-RBF-ref-SVM,quantum,3,0.6666666666666666,0.65,"{""clf__C"": 10.0, ""clf__gamma_mult"": 1.0}",60.8066843000006
25,quantum/FB-HS-RBF-ref-SVM,quantum,4,0.6666666666666666,0.75,"{""clf__C"": 10.0, ""clf__gamma_mult"": 1.0}",60.8066843000006
25,quantum/FB-HS-RBF-ref-SVM,quantum,5,0.6666666666666666,0.75,"{""clf__C"": 10.0, ""clf__gamma_mult"": 0.25}",60.8066843000006
25,quantum/FB-HS-RBF-ref-SVM,quantum,6,0.6666666666666666,0.65,"{""clf__C"": 10.0, ""clf__gamma_mult"": 0.25}",60.8066843000006
25,quantum/FB-HS-RBF-ref-SVM,quantum,7,0.7777777777777778,1.0,"{""clf__C"": 10.0, ""clf__gamma_mult"": 0.25}",60.8066843000006
25,quantum/FB-HS-RBF-ref-SVM,quantum,8,0.6666666666666666,0.6499999999999999,"{""clf__C"": 10.0, ""clf__gamma_mult"": 1.0}",60.8066843000006
25,quantum/FB-HS-RBF-ref-SVM,quantum,9,0.5555555555555556,0.6,"{""clf__C"": 10.0, ""clf__gamma_mult"": 0.25}",60.8066843000006
25,quantum/FB-HS-RBF-ref-SVM,quantum,10,0.6666666666666666,0.75,"{""clf__C"": 10.0, ""clf__gamma_mult"": 0.25}",60.8066843000006
25,quantum/FB-HS-RBF-ref-SVM,quantum,11,0.8888888888888888,0.9,"{""clf__C"": 10.0, ""clf__gamma_mult"": 1.0}",60.8066843000006
25,quantum/FB-HS-RBF-ref-SVM,quantum,12,0.7777777777777778,0.9,"{""clf__C"": 10.0, ""clf__gamma_mult"": 0.25}",60.8066843000006
25,quantum/FB-HS-RBF-ref-SVM,quantum,13,0.6666666666666666,0.5,"{""clf__C"": 10.0, ""clf__gamma_mult"": 0.25}",60.8066843000006
25,quantum/FB-HS-RBF-ref-SVM,quantum,14,0.6666666666666666,0.75,"{""clf__C"": 10.0, ""clf__gamma_mult"": 1.0}",60.8066843000006
25,quantum/FB-Bures-RBF-SVM,quantum,0,0.3333333333333333,0.4,"{""clf__C"": 10.0, ""clf__gamma_mult"": 1.0}",67.91617899999983
25,quantum/FB-Bures-RBF-SVM,quantum,1,0.6666666666666666,0.45,"{""clf__C"": 10.0, ""clf__gamma_mult"": 4.0}",67.91617899999983
25,quantum/FB-Bures-RBF-SVM,quantum,2,0.3333333333333333,0.3,"{""clf__C"": 1.0, ""clf__gamma_mult"": 1.0}",67.91617899999983
25,quantum/FB-Bures-RBF-SVM,quantum,3,0.3333333333333333,0.55,"{""clf__C"": 1.0, ""clf__gamma_mult"": 1.0}",67.91617899999983
25,quantum/FB-Bures-RBF-SVM,quantum,4,0.4444444444444444,0.1499999999999999,"{""clf__C"": 0.1, ""clf__gamma_mult"": 0.25}",67.91617899999983
25,quantum/FB-Bures-RBF-SVM,quantum,5,0.4444444444444444,0.35,"{""clf__C"": 0.1, ""clf__gamma_mult"": 0.25}",67.91617899999983
25,quantum/FB-Bures-RBF-SVM,quantum,6,0.3333333333333333,0.2,"{""clf__C"": 10.0, ""clf__gamma_mult"": 0.25}",67.91617899999983
25,quantum/FB-Bures-RBF-SVM,quantum,7,0.2222222222222222,0.3,"{""clf__C"": 10.0, ""clf__gamma_mult"": 4.0}",67.91617899999983
25,quantum/FB-Bures-RBF-SVM,quantum,8,0.3333333333333333,0.3,"{""clf__C"": 1.0, ""clf__gamma_mult"": 0.25}",67.91617899999983
25,quantum/FB-Bures-RBF-SVM,quantum,9,0.4444444444444444,0.3999999999999999,"{""clf__C"": 0.1, ""clf__gamma_mult"": 0.25}",67.91617899999983
25,quantum/FB-Bures-RBF-SVM,quantum,10,0.3333333333333333,0.35,"{""clf__C"": 10.0, ""clf__gamma_mult"": 0.25}",67.91617899999983
25,quantum/FB-Bures-RBF-SVM,quantum,11,0.3333333333333333,0.2,"{""clf__C"": 1.0, ""clf__gamma_mult"": 0.25}",67.91617899999983
25,quantum/FB-Bures-RBF-SVM,quantum,12,0.4444444444444444,0.3,"{""clf__C"": 10.0, ""clf__gamma_mult"": 0.25}",67.91617899999983
25,quantum/FB-Bures-RBF-SVM,quantum,13,0.4444444444444444,0.25,"{""clf__C"": 10.0, ""clf__gamma_mult"": 4.0}",67.91617899999983
25,quantum/FB-Bures-RBF-SVM,quantum,14,0.5555555555555556,0.5,"{""clf__C"": 1.0, ""clf__gamma_mult"": 4.0}",67.91617899999983
25,quantum/FB-Bures-RBF-ref-SVM,quantum,0,0.6666666666666666,0.85,"{""clf__C"": 10.0, ""clf__gamma_mult"": 0.25}",86.33259540000017
25,quantum/FB-Bures-RBF-ref-SVM,quantum,1,0.7777777777777778,1.0,"{""clf__C"": 10.0, ""clf__gamma_mult"": 0.25}",86.33259540000017
25,quantum/FB-Bures-RBF-ref-SVM,quantum,2,0.4444444444444444,0.6000000000000001,"{""clf__C"": 10.0, ""clf__gamma_mult"": 0.25}",86.33259540000017
25,quantum/FB-Bures-RBF-ref-SVM,quantum,3,0.6666666666666666,0.7,"{""clf__C"": 10.0, ""clf__gamma_mult"": 1.0}",86.33259540000017
25,quantum/FB-Bures-RBF-ref-SVM,quantum,4,0.6666666666666666,0.85,"{""clf__C"": 10.0, ""clf__gamma_mult"": 0.25}",86.33259540000017
25,quantum/FB-Bures-RBF-ref-SVM,quantum,5,0.6666666666666666,0.7,"{""clf__C"": 10.0, ""clf__gamma_mult"": 0.25}",86.33259540000017
25,quantum/FB-Bures-RBF-ref-SVM,quantum,6,0.5555555555555556,0.6000000000000001,"{""clf__C"": 10.0, ""clf__gamma_mult"": 0.25}",86.33259540000017
25,quantum/FB-Bures-RBF-ref-SVM,quantum,7,0.7777777777777778,1.0,"{""clf__C"": 10.0, ""clf__gamma_mult"": 0.25}",86.33259540000017
25,quantum/FB-Bures-RBF-ref-SVM,quantum,8,0.6666666666666666,0.75,"{""clf__C"": 10.0, ""clf__gamma_mult"": 1.0}",86.33259540000017
25,quantum/FB-Bures-RBF-ref-SVM,quantum,9,0.5555555555555556,0.6,"{""clf__C"": 10.0, ""clf__gamma_mult"": 0.25}",86.33259540000017
25,quantum/FB-Bures-RBF-ref-SVM,quantum,10,0.6666666666666666,0.75,"{""clf__C"": 10.0, ""clf__gamma_mult"": 1.0}",86.33259540000017
25,quantum/FB-Bures-RBF-ref-SVM,quantum,11,0.8888888888888888,0.9,"{""clf__C"": 10.0, ""clf__gamma_mult"": 0.25}",86.33259540000017
25,quantum/FB-Bures-RBF-ref-SVM,quantum,12,0.8888888888888888,0.9,"{""clf__C"": 10.0, ""clf__gamma_mult"": 0.25}",86.33259540000017
25,quantum/FB-Bures-RBF-ref-SVM,quantum,13,0.6666666666666666,0.5,"{""clf__C"": 10.0, ""clf__gamma_mult"": 0.25}",86.33259540000017
25,quantum/FB-Bures-RBF-ref-SVM,quantum,14,0.5555555555555556,0.8,"{""clf__C"": 10.0, ""clf__gamma_mult"": 1.0}",86.33259540000017
25,quantum/FB-QRE-RBF-SVM,quantum,0,0.3333333333333333,0.4,"{""clf__C"": 10.0, ""clf__gamma_mult"": 1.0}",50.86523399999987
25,quantum/FB-QRE-RBF-SVM,quantum,1,0.6666666666666666,0.45,"{""clf__C"": 10.0, ""clf__gamma_mult"": 4.0}",50.86523399999987
25,quantum/FB-QRE-RBF-SVM,quantum,2,0.3333333333333333,0.3,"{""clf__C"": 1.0, ""clf__gamma_mult"": 1.0}",50.86523399999987
25,quantum/FB-QRE-RBF-SVM,quantum,3,0.3333333333333333,0.55,"{""clf__C"": 1.0, ""clf__gamma_mult"": 1.0}",50.86523399999987
25,quantum/FB-QRE-RBF-SVM,quantum,4,0.4444444444444444,0.1499999999999999,"{""clf__C"": 0.1, ""clf__gamma_mult"": 0.25}",50.86523399999987
25,quantum/FB-QRE-RBF-SVM,quantum,5,0.4444444444444444,0.35,"{""clf__C"": 0.1, ""clf__gamma_mult"": 0.25}",50.86523399999987
25,quantum/FB-QRE-RBF-SVM,quantum,6,0.3333333333333333,0.2,"{""clf__C"": 10.0, ""clf__gamma_mult"": 0.25}",50.86523399999987
25,quantum/FB-QRE-RBF-SVM,quantum,7,0.2222222222222222,0.2,"{""clf__C"": 1.0, ""clf__gamma_mult"": 4.0}",50.86523399999987
25,quantum/FB-QRE-RBF-SVM,quantum,8,0.3333333333333333,0.3,"{""clf__C"": 1.0, ""clf__gamma_mult"": 0.25}",50.86523399999987
25,quantum/FB-QRE-RBF-SVM,quantum,9,0.4444444444444444,0.3999999999999999,"{""clf__C"": 0.1, ""clf__gamma_mult"": 0.25}",50.86523399999987
25,quantum/FB-QRE-RBF-SVM,quantum,10,0.3333333333333333,0.35,"{""clf__C"": 10.0, ""clf__gamma_mult"": 0.25}",50.86523399999987
25,quantum/FB-QRE-RBF-SVM,quantum,11,0.3333333333333333,0.2,"{""clf__C"": 1.0, ""clf__gamma_mult"": 0.25}",50.86523399999987
25,quantum/FB-QRE-RBF-SVM,quantum,12,0.4444444444444444,0.3,"{""clf__C"": 10.0, ""clf__gamma_mult"": 0.25}",50.86523399999987
25,quantum/FB-QRE-RBF-SVM,quantum,13,0.4444444444444444,0.25,"{""clf__C"": 10.0, ""clf__gamma_mult"": 4.0}",50.86523399999987
25,quantum/FB-QRE-RBF-SVM,quantum,14,0.5555555555555556,0.5,"{""clf__C"": 1.0, ""clf__gamma_mult"": 4.0}",50.86523399999987
25,quantum/FB-QRE-RBF-ref-SVM,quantum,0,0.6666666666666666,0.9,"{""clf__C"": 10.0, ""clf__gamma_mult"": 0.25}",67.83805410000059
25,quantum/FB-QRE-RBF-ref-SVM,quantum,1,0.7777777777777778,1.0,"{""clf__C"": 10.0, ""clf__gamma_mult"": 0.25}",67.83805410000059
25,quantum/FB-QRE-RBF-ref-SVM,quantum,2,0.4444444444444444,0.6000000000000001,"{""clf__C"": 10.0, ""clf__gamma_mult"": 0.25}",67.83805410000059
25,quantum/FB-QRE-RBF-ref-SVM,quantum,3,0.6666666666666666,0.65,"{""clf__C"": 10.0, ""clf__gamma_mult"": 1.0}",67.83805410000059
25,quantum/FB-QRE-RBF-ref-SVM,quantum,4,0.7777777777777778,0.85,"{""clf__C"": 10.0, ""clf__gamma_mult"": 1.0}",67.83805410000059
25,quantum/FB-QRE-RBF-ref-SVM,quantum,5,0.6666666666666666,0.8,"{""clf__C"": 10.0, ""clf__gamma_mult"": 1.0}",67.83805410000059
25,quantum/FB-QRE-RBF-ref-SVM,quantum,6,0.5555555555555556,0.6000000000000001,"{""clf__C"": 10.0, ""clf__gamma_mult"": 0.25}",67.83805410000059
25,quantum/FB-QRE-RBF-ref-SVM,quantum,7,0.7777777777777778,1.0,"{""clf__C"": 10.0, ""clf__gamma_mult"": 0.25}",67.83805410000059
25,quantum/FB-QRE-RBF-ref-SVM,quantum,8,0.6666666666666666,0.75,"{""clf__C"": 10.0, ""clf__gamma_mult"": 1.0}",67.83805410000059
25,quantum/FB-QRE-RBF-ref-SVM,quantum,9,0.5555555555555556,0.55,"{""clf__C"": 10.0, ""clf__gamma_mult"": 0.25}",67.83805410000059
25,quantum/FB-QRE-RBF-ref-SVM,quantum,10,0.6666666666666666,0.75,"{""clf__C"": 10.0, ""clf__gamma_mult"": 1.0}",67.83805410000059
25,quantum/FB-QRE-RBF-ref-SVM,quantum,11,0.8888888888888888,0.9,"{""clf__C"": 10.0, ""clf__gamma_mult"": 1.0}",67.83805410000059
25,quantum/FB-QRE-RBF-ref-SVM,quantum,12,0.8888888888888888,0.9,"{""clf__C"": 10.0, ""clf__gamma_mult"": 0.25}",67.83805410000059
25,quantum/FB-QRE-RBF-ref-SVM,quantum,13,0.6666666666666666,0.5,"{""clf__C"": 10.0, ""clf__gamma_mult"": 0.25}",67.83805410000059
25,quantum/FB-QRE-RBF-ref-SVM,quantum,14,0.5555555555555556,0.8,"{""clf__C"": 10.0, ""clf__gamma_mult"": 0.25}",67.83805410000059
25,control/FB-riemann-kernel-SVM,control,0,0.6666666666666666,0.85,"{""clf__C"": 1.0}",46.413182100000085
25,control/FB-riemann-kernel-SVM,control,1,0.6666666666666666,0.75,"{""clf__C"": 1.0}",46.413182100000085
25,control/FB-riemann-kernel-SVM,control,2,0.4444444444444444,0.5,"{""clf__C"": 1.0}",46.413182100000085
25,control/FB-riemann-kernel-SVM,control,3,0.6666666666666666,0.6500000000000001,"{""clf__C"": 1.0}",46.413182100000085
25,control/FB-riemann-kernel-SVM,control,4,0.8888888888888888,0.8,"{""clf__C"": 0.1}",46.413182100000085
25,control/FB-riemann-kernel-SVM,control,5,0.6666666666666666,0.7,"{""clf__C"": 1.0}",46.413182100000085
25,control/FB-riemann-kernel-SVM,control,6,0.3333333333333333,0.4,"{""clf__C"": 1.0}",46.413182100000085
25,control/FB-riemann-kernel-SVM,control,7,0.7777777777777778,1.0,"{""clf__C"": 1.0}",46.413182100000085
25,control/FB-riemann-kernel-SVM,control,8,0.6666666666666666,0.7,"{""clf__C"": 0.1}",46.413182100000085
25,control/FB-riemann-kernel-SVM,control,9,0.6666666666666666,0.7000000000000001,"{""clf__C"": 0.1}",46.413182100000085
25,control/FB-riemann-kernel-SVM,control,10,0.6666666666666666,0.7000000000000001,"{""clf__C"": 0.1}",46.413182100000085
25,control/FB-riemann-kernel-SVM,control,11,0.6666666666666666,0.7,"{""clf__C"": 0.1}",46.413182100000085
25,control/FB-riemann-kernel-SVM,control,12,0.6666666666666666,0.95,"{""clf__C"": 0.1}",46.413182100000085
25,control/FB-riemann-kernel-SVM,control,13,0.5555555555555556,0.45,"{""clf__C"": 1.0}",46.413182100000085
25,control/FB-riemann-kernel-SVM,control,14,0.7777777777777778,0.75,"{""clf__C"": 0.1}",46.413182100000085
25,control/FB-logeuclid-kernel-SVM,control,0,0.5555555555555556,0.8,"{""clf__C"": 1.0}",46.65174790000037
25,control/FB-logeuclid-kernel-SVM,control,1,0.6666666666666666,0.8,"{""clf__C"": 1.0}",46.65174790000037
25,control/FB-logeuclid-kernel-SVM,control,2,0.4444444444444444,0.4499999999999999,"{""clf__C"": 1.0}",46.65174790000037
25,control/FB-logeuclid-kernel-SVM,control,3,0.6666666666666666,0.7000000000000001,"{""clf__C"": 0.1}",46.65174790000037
25,control/FB-logeuclid-kernel-SVM,control,4,0.7777777777777778,0.75,"{""clf__C"": 0.1}",46.65174790000037
25,control/FB-logeuclid-kernel-SVM,control,5,0.5555555555555556,0.7,"{""clf__C"": 1.0}",46.65174790000037
25,control/FB-logeuclid-kernel-SVM,control,6,0.5555555555555556,0.4499999999999999,"{""clf__C"": 0.1}",46.65174790000037
25,control/FB-logeuclid-kernel-SVM,control,7,0.6666666666666666,0.9,"{""clf__C"": 0.1}",46.65174790000037
25,control/FB-logeuclid-kernel-SVM,control,8,0.6666666666666666,0.6500000000000001,"{""clf__C"": 1.0}",46.65174790000037
25,control/FB-logeuclid-kernel-SVM,control,9,0.6666666666666666,0.6,"{""clf__C"": 0.1}",46.65174790000037
25,control/FB-logeuclid-kernel-SVM,control,10,0.6666666666666666,0.6,"{""clf__C"": 1.0}",46.65174790000037
25,control/FB-logeuclid-kernel-SVM,control,11,0.6666666666666666,0.7,"{""clf__C"": 0.1}",46.65174790000037
25,control/FB-logeuclid-kernel-SVM,control,12,0.5555555555555556,0.8,"{""clf__C"": 0.1}",46.65174790000037
25,control/FB-logeuclid-kernel-SVM,control,13,0.4444444444444444,0.6,"{""clf__C"": 1.0}",46.65174790000037
25,control/FB-logeuclid-kernel-SVM,control,14,0.6666666666666666,0.6500000000000001,"{""clf__C"": 1.0}",46.65174790000037
2,classical/FBCSP+LDA,classical,0,0.8888888888888888,1.0,"{""perband__base__csp__nfilter"": 2}",52.08875470000021
2,classical/FBCSP+LDA,classical,1,0.8888888888888888,1.0,"{""perband__base__csp__nfilter"": 2}",52.08875470000021
2,classical/FBCSP+LDA,classical,2,0.8888888888888888,0.95,"{""perband__base__csp__nfilter"": 4}",52.08875470000021
2,classical/FBCSP+LDA,classical,3,0.8888888888888888,0.95,"{""perband__base__csp__nfilter"": 2}",52.08875470000021
2,classical/FBCSP+LDA,classical,4,1.0,1.0,"{""perband__base__csp__nfilter"": 2}",52.08875470000021
2,classical/FBCSP+LDA,classical,5,1.0,1.0,"{""perband__base__csp__nfilter"": 2}",52.08875470000021
2,classical/FBCSP+LDA,classical,6,1.0,1.0,"{""perband__base__csp__nfilter"": 4}",52.08875470000021
2,classical/FBCSP+LDA,classical,7,0.8888888888888888,0.9,"{""perband__base__csp__nfilter"": 2}",52.08875470000021
2,classical/FBCSP+LDA,classical,8,1.0,1.0,"{""perband__base__csp__nfilter"": 2}",52.08875470000021
2,classical/FBCSP+LDA,classical,9,0.7777777777777778,1.0,"{""perband__base__csp__nfilter"": 6}",52.08875470000021
2,classical/FBCSP+LDA,classical,10,0.7777777777777778,0.8500000000000001,"{""perband__base__csp__nfilter"": 2}",52.08875470000021
2,classical/FBCSP+LDA,classical,11,0.8888888888888888,1.0,"{""perband__base__csp__nfilter"": 6}",52.08875470000021
2,classical/FBCSP+LDA,classical,12,0.8888888888888888,1.0,"{""perband__base__csp__nfilter"": 2}",52.08875470000021
2,classical/FBCSP+LDA,classical,13,1.0,1.0,"{""perband__base__csp__nfilter"": 6}",52.08875470000021
2,classical/FBCSP+LDA,classical,14,0.8888888888888888,1.0,"{""perband__base__csp__nfilter"": 2}",52.08875470000021
2,classical/FB-TS+LR,classical,0,1.0,1.0,"{""clf__C"": 10.0}",52.612592600000426
2,classical/FB-TS+LR,classical,1,0.8888888888888888,1.0,"{""clf__C"": 0.1}",52.612592600000426
2,classical/FB-TS+LR,classical,2,0.8888888888888888,0.95,"{""clf__C"": 0.1}",52.612592600000426
2,classical/FB-TS+LR,classical,3,0.7777777777777778,0.95,"{""clf__C"": 1.0}",52.612592600000426
2,classical/FB-TS+LR,classical,4,1.0,1.0,"{""clf__C"": 0.1}",52.612592600000426
2,classical/FB-TS+LR,classical,5,1.0,1.0,"{""clf__C"": 0.1}",52.612592600000426
2,classical/FB-TS+LR,classical,6,0.7777777777777778,0.8,"{""clf__C"": 0.1}",52.612592600000426
2,classical/FB-TS+LR,classical,7,0.7777777777777778,0.9,"{""clf__C"": 0.1}",52.612592600000426
2,classical/FB-TS+LR,classical,8,1.0,1.0,"{""clf__C"": 0.1}",52.612592600000426
2,classical/FB-TS+LR,classical,9,1.0,1.0,"{""clf__C"": 0.1}",52.612592600000426
2,classical/FB-TS+LR,classical,10,0.8888888888888888,0.95,"{""clf__C"": 0.1}",52.612592600000426
2,classical/FB-TS+LR,classical,11,0.8888888888888888,0.9,"{""clf__C"": 0.1}",52.612592600000426
2,classical/FB-TS+LR,classical,12,1.0,1.0,"{""clf__C"": 0.1}",52.612592600000426
2,classical/FB-TS+LR,classical,13,1.0,1.0,"{""clf__C"": 0.1}",52.612592600000426
2,classical/FB-TS+LR,classical,14,0.8888888888888888,1.0,"{""clf__C"": 0.1}",52.612592600000426
2,classical/FB-TS+RBF-SVM,classical,0,1.0,1.0,"{""clf__C"": 1.0, ""clf__gamma"": ""scale""}",89.16854429999967
2,classical/FB-TS+RBF-SVM,classical,1,1.0,1.0,"{""clf__C"": 1.0, ""clf__gamma"": ""scale""}",89.16854429999967
2,classical/FB-TS+RBF-SVM,classical,2,1.0,1.0,"{""clf__C"": 1.0, ""clf__gamma"": ""scale""}",89.16854429999967
2,classical/FB-TS+RBF-SVM,classical,3,0.7777777777777778,0.9,"{""clf__C"": 1.0, ""clf__gamma"": 0.01}",89.16854429999967
2,classical/FB-TS+RBF-SVM,classical,4,0.8888888888888888,1.0,"{""clf__C"": 1.0, ""clf__gamma"": ""scale""}",89.16854429999967
2,classical/FB-TS+RBF-SVM,classical,5,1.0,1.0,"{""clf__C"": 10.0, ""clf__gamma"": ""scale""}",89.16854429999967
2,classical/FB-TS+RBF-SVM,classical,6,0.7777777777777778,0.95,"{""clf__C"": 1.0, ""clf__gamma"": ""scale""}",89.16854429999967
2,classical/FB-TS+RBF-SVM,classical,7,0.7777777777777778,0.9,"{""clf__C"": 1.0, ""clf__gamma"": ""scale""}",89.16854429999967
2,classical/FB-TS+RBF-SVM,classical,8,1.0,1.0,"{""clf__C"": 10.0, ""clf__gamma"": ""scale""}",89.16854429999967
2,classical/FB-TS+RBF-SVM,classical,9,1.0,1.0,"{""clf__C"": 10.0, ""clf__gamma"": 0.01}",89.16854429999967
2,classical/FB-TS+RBF-SVM,classical,10,1.0,1.0,"{""clf__C"": 1.0, ""clf__gamma"": ""scale""}",89.16854429999967
2,classical/FB-TS+RBF-SVM,classical,11,0.8888888888888888,0.9,"{""clf__C"": 10.0, ""clf__gamma"": ""scale""}",89.16854429999967
2,classical/FB-TS+RBF-SVM,classical,12,1.0,1.0,"{""clf__C"": 10.0, ""clf__gamma"": ""scale""}",89.16854429999967
2,classical/FB-TS+RBF-SVM,classical,13,1.0,1.0,"{""clf__C"": 1.0, ""clf__gamma"": ""scale""}",89.16854429999967
2,classical/FB-TS+RBF-SVM,classical,14,0.8888888888888888,1.0,"{""clf__C"": 1.0, ""clf__gamma"": ""scale""}",89.16854429999967
2,quantum/FB-HS-overlap-SVM,quantum,0,0.3333333333333333,0.3,"{""clf__C"": 0.1}",34.74329339999986
2,quantum/FB-HS-overlap-SVM,quantum,1,0.6666666666666666,0.25,"{""clf__C"": 10.0}",34.74329339999986
2,quantum/FB-HS-overlap-SVM,quantum,2,0.5555555555555556,0.5,"{""clf__C"": 0.1}",34.74329339999986
2,quantum/FB-HS-overlap-SVM,quantum,3,0.4444444444444444,0.3,"{""clf__C"": 0.1}",34.74329339999986
2,quantum/FB-HS-overlap-SVM,quantum,4,0.5555555555555556,0.45,"{""clf__C"": 10.0}",34.74329339999986
2,quantum/FB-HS-overlap-SVM,quantum,5,0.5555555555555556,0.5,"{""clf__C"": 0.1}",34.74329339999986
2,quantum/FB-HS-overlap-SVM,quantum,6,0.6666666666666666,0.8500000000000001,"{""clf__C"": 0.1}",34.74329339999986
2,quantum/FB-HS-overlap-SVM,quantum,7,0.6666666666666666,0.65,"{""clf__C"": 10.0}",34.74329339999986
2,quantum/FB-HS-overlap-SVM,quantum,8,0.4444444444444444,0.5,"{""clf__C"": 10.0}",34.74329339999986
2,quantum/FB-HS-overlap-SVM,quantum,9,0.4444444444444444,0.35,"{""clf__C"": 0.1}",34.74329339999986
2,quantum/FB-HS-overlap-SVM,quantum,10,0.5555555555555556,0.5,"{""clf__C"": 0.1}",34.74329339999986
2,quantum/FB-HS-overlap-SVM,quantum,11,0.5555555555555556,0.5499999999999999,"{""clf__C"": 10.0}",34.74329339999986
2,quantum/FB-HS-overlap-SVM,quantum,12,0.5555555555555556,0.3999999999999999,"{""clf__C"": 10.0}",34.74329339999986
2,quantum/FB-HS-overlap-SVM,quantum,13,0.3333333333333333,0.4499999999999999,"{""clf__C"": 10.0}",34.74329339999986
2,quantum/FB-HS-overlap-SVM,quantum,14,0.4444444444444444,0.45,"{""clf__C"": 0.1}",34.74329339999986
2,quantum/FB-HS-overlap-ref-SVM,quantum,0,0.6666666666666666,0.8,"{""clf__C"": 10.0}",39.69152310000027
2,quantum/FB-HS-overlap-ref-SVM,quantum,1,0.6666666666666666,0.9,"{""clf__C"": 10.0}",39.69152310000027
2,quantum/FB-HS-overlap-ref-SVM,quantum,2,0.8888888888888888,0.9,"{""clf__C"": 1.0}",39.69152310000027
2,quantum/FB-HS-overlap-ref-SVM,quantum,3,0.7777777777777778,0.9,"{""clf__C"": 1.0}",39.69152310000027
2,quantum/FB-HS-overlap-ref-SVM,quantum,4,1.0,1.0,"{""clf__C"": 10.0}",39.69152310000027
2,quantum/FB-HS-overlap-ref-SVM,quantum,5,1.0,1.0,"{""clf__C"": 1.0}",39.69152310000027
2,quantum/FB-HS-overlap-ref-SVM,quantum,6,0.6666666666666666,0.75,"{""clf__C"": 10.0}",39.69152310000027
2,quantum/FB-HS-overlap-ref-SVM,quantum,7,0.7777777777777778,0.95,"{""clf__C"": 1.0}",39.69152310000027
2,quantum/FB-HS-overlap-ref-SVM,quantum,8,0.8888888888888888,1.0,"{""clf__C"": 10.0}",39.69152310000027
2,quantum/FB-HS-overlap-ref-SVM,quantum,9,0.7777777777777778,0.9,"{""clf__C"": 10.0}",39.69152310000027
2,quantum/FB-HS-overlap-ref-SVM,quantum,10,0.7777777777777778,0.75,"{""clf__C"": 10.0}",39.69152310000027
2,quantum/FB-HS-overlap-ref-SVM,quantum,11,0.7777777777777778,0.9,"{""clf__C"": 10.0}",39.69152310000027
2,quantum/FB-HS-overlap-ref-SVM,quantum,12,0.8888888888888888,0.95,"{""clf__C"": 10.0}",39.69152310000027
2,quantum/FB-HS-overlap-ref-SVM,quantum,13,0.8888888888888888,1.0,"{""clf__C"": 10.0}",39.69152310000027
2,quantum/FB-HS-overlap-ref-SVM,quantum,14,0.7777777777777778,1.0,"{""clf__C"": 10.0}",39.69152310000027
2,quantum/FB-Fidelity-SVM,quantum,0,0.3333333333333333,0.1999999999999999,"{""clf__C"": 0.1}",39.97968260000016
2,quantum/FB-Fidelity-SVM,quantum,1,0.5555555555555556,0.35,"{""clf__C"": 0.1}",39.97968260000016
2,quantum/FB-Fidelity-SVM,quantum,2,0.5555555555555556,0.5499999999999999,"{""clf__C"": 0.1}",39.97968260000016
2,quantum/FB-Fidelity-SVM,quantum,3,0.4444444444444444,0.3,"{""clf__C"": 0.1}",39.97968260000016
2,quantum/FB-Fidelity-SVM,quantum,4,0.4444444444444444,0.5,"{""clf__C"": 0.1}",39.97968260000016
2,quantum/FB-Fidelity-SVM,quantum,5,0.5555555555555556,0.5,"{""clf__C"": 10.0}",39.97968260000016
2,quantum/FB-Fidelity-SVM,quantum,6,0.6666666666666666,0.6,"{""clf__C"": 0.1}",39.97968260000016
2,quantum/FB-Fidelity-SVM,quantum,7,0.6666666666666666,0.65,"{""clf__C"": 0.1}",39.97968260000016
2,quantum/FB-Fidelity-SVM,quantum,8,0.4444444444444444,0.35,"{""clf__C"": 0.1}",39.97968260000016
2,quantum/FB-Fidelity-SVM,quantum,9,0.4444444444444444,0.4,"{""clf__C"": 0.1}",39.97968260000016
2,quantum/FB-Fidelity-SVM,quantum,10,0.5555555555555556,0.5,"{""clf__C"": 0.1}",39.97968260000016
2,quantum/FB-Fidelity-SVM,quantum,11,0.4444444444444444,0.5499999999999999,"{""clf__C"": 0.1}",39.97968260000016
2,quantum/FB-Fidelity-SVM,quantum,12,0.4444444444444444,0.45,"{""clf__C"": 0.1}",39.97968260000016
2,quantum/FB-Fidelity-SVM,quantum,13,0.4444444444444444,0.4499999999999999,"{""clf__C"": 0.1}",39.97968260000016
2,quantum/FB-Fidelity-SVM,quantum,14,0.4444444444444444,0.5499999999999999,"{""clf__C"": 0.1}",39.97968260000016
2,quantum/FB-Fidelity-ref-SVM,quantum,0,0.8888888888888888,0.9,"{""clf__C"": 10.0}",47.68639510000048
2,quantum/FB-Fidelity-ref-SVM,quantum,1,0.8888888888888888,0.95,"{""clf__C"": 10.0}",47.68639510000048
2,quantum/FB-Fidelity-ref-SVM,quantum,2,0.8888888888888888,0.8,"{""clf__C"": 10.0}",47.68639510000048
2,quantum/FB-Fidelity-ref-SVM,quantum,3,0.7777777777777778,0.95,"{""clf__C"": 10.0}",47.68639510000048
2,quantum/FB-Fidelity-ref-SVM,quantum,4,1.0,1.0,"{""clf__C"": 10.0}",47.68639510000048
2,quantum/FB-Fidelity-ref-SVM,quantum,5,1.0,1.0,"{""clf__C"": 10.0}",47.68639510000048
2,quantum/FB-Fidelity-ref-SVM,quantum,6,0.6666666666666666,0.85,"{""clf__C"": 10.0}",47.68639510000048
2,quantum/FB-Fidelity-ref-SVM,quantum,7,0.7777777777777778,0.95,"{""clf__C"": 10.0}",47.68639510000048
2,quantum/FB-Fidelity-ref-SVM,quantum,8,1.0,1.0,"{""clf__C"": 10.0}",47.68639510000048
2,quantum/FB-Fidelity-ref-SVM,quantum,9,0.7777777777777778,0.95,"{""clf__C"": 10.0}",47.68639510000048
2,quantum/FB-Fidelity-ref-SVM,quantum,10,0.7777777777777778,0.8,"{""clf__C"": 10.0}",47.68639510000048
2,quantum/FB-Fidelity-ref-SVM,quantum,11,0.8888888888888888,0.95,"{""clf__C"": 10.0}",47.68639510000048
2,quantum/FB-Fidelity-ref-SVM,quantum,12,0.8888888888888888,0.95,"{""clf__C"": 10.0}",47.68639510000048
2,quantum/FB-Fidelity-ref-SVM,quantum,13,1.0,1.0,"{""clf__C"": 10.0}",47.68639510000048
2,quantum/FB-Fidelity-ref-SVM,quantum,14,0.7777777777777778,1.0,"{""clf__C"": 10.0}",47.68639510000048
2,quantum/FB-HS-RBF-SVM,quantum,0,0.6666666666666666,0.8,"{""clf__C"": 10.0, ""clf__gamma_mult"": 0.25}",42.87685710000005
2,quantum/FB-HS-RBF-SVM,quantum,1,0.7777777777777778,0.7,"{""clf__C"": 10.0, ""clf__gamma_mult"": 1.0}",42.87685710000005
2,quantum/FB-HS-RBF-SVM,quantum,2,0.7777777777777778,0.9,"{""clf__C"": 10.0, ""clf__gamma_mult"": 1.0}",42.87685710000005
2,quantum/FB-HS-RBF-SVM,quantum,3,0.3333333333333333,0.35,"{""clf__C"": 10.0, ""clf__gamma_mult"": 1.0}",42.87685710000005
2,quantum/FB-HS-RBF-SVM,quantum,4,0.6666666666666666,0.75,"{""clf__C"": 10.0, ""clf__gamma_mult"": 1.0}",42.87685710000005
2,quantum/FB-HS-RBF-SVM,quantum,5,0.5555555555555556,0.6,"{""clf__C"": 10.0, ""clf__gamma_mult"": 1.0}",42.87685710000005
2,quantum/FB-HS-RBF-SVM,quantum,6,0.7777777777777778,0.8500000000000001,"{""clf__C"": 10.0, ""clf__gamma_mult"": 0.25}",42.87685710000005
2,quantum/FB-HS-RBF-SVM,quantum,7,0.5555555555555556,0.6,"{""clf__C"": 10.0, ""clf__gamma_mult"": 1.0}",42.87685710000005
2,quantum/FB-HS-RBF-SVM,quantum,8,0.4444444444444444,0.55,"{""clf__C"": 10.0, ""clf__gamma_mult"": 1.0}",42.87685710000005
2,quantum/FB-HS-RBF-SVM,quantum,9,0.4444444444444444,0.4,"{""clf__C"": 1.0, ""clf__gamma_mult"": 0.25}",42.87685710000005
2,quantum/FB-HS-RBF-SVM,quantum,10,0.6666666666666666,1.0,"{""clf__C"": 10.0, ""clf__gamma_mult"": 1.0}",42.87685710000005
2,quantum/FB-HS-RBF-SVM,quantum,11,0.3333333333333333,0.45,"{""clf__C"": 10.0, ""clf__gamma_mult"": 0.25}",42.87685710000005
2,quantum/FB-HS-RBF-SVM,quantum,12,0.6666666666666666,0.85,"{""clf__C"": 10.0, ""clf__gamma_mult"": 1.0}",42.87685710000005
2,quantum/FB-HS-RBF-SVM,quantum,13,0.8888888888888888,0.8500000000000001,"{""clf__C"": 10.0, ""clf__gamma_mult"": 1.0}",42.87685710000005
2,quantum/FB-HS-RBF-SVM,quantum,14,0.6666666666666666,0.75,"{""clf__C"": 10.0, ""clf__gamma_mult"": 0.25}",42.87685710000005
2,quantum/FB-HS-RBF-ref-SVM,quantum,0,0.8888888888888888,0.95,"{""clf__C"": 1.0, ""clf__gamma_mult"": 1.0}",63.20565339999939
2,quantum/FB-HS-RBF-ref-SVM,quantum,1,0.6666666666666666,0.95,"{""clf__C"": 10.0, ""clf__gamma_mult"": 0.25}",63.20565339999939
2,quantum/FB-HS-RBF-ref-SVM,quantum,2,0.8888888888888888,0.8,"{""clf__C"": 10.0, ""clf__gamma_mult"": 0.25}",63.20565339999939
2,quantum/FB-HS-RBF-ref-SVM,quantum,3,0.7777777777777778,0.9,"{""clf__C"": 1.0, ""clf__gamma_mult"": 1.0}",63.20565339999939
2,quantum/FB-HS-RBF-ref-SVM,quantum,4,1.0,1.0,"{""clf__C"": 1.0, ""clf__gamma_mult"": 1.0}",63.20565339999939
2,quantum/FB-HS-RBF-ref-SVM,quantum,5,1.0,1.0,"{""clf__C"": 1.0, ""clf__gamma_mult"": 1.0}",63.20565339999939
2,quantum/FB-HS-RBF-ref-SVM,quantum,6,0.7777777777777778,0.9,"{""clf__C"": 10.0, ""clf__gamma_mult"": 1.0}",63.20565339999939
2,quantum/FB-HS-RBF-ref-SVM,quantum,7,0.7777777777777778,0.95,"{""clf__C"": 1.0, ""clf__gamma_mult"": 1.0}",63.20565339999939
2,quantum/FB-HS-RBF-ref-SVM,quantum,8,1.0,1.0,"{""clf__C"": 1.0, ""clf__gamma_mult"": 1.0}",63.20565339999939
2,quantum/FB-HS-RBF-ref-SVM,quantum,9,0.7777777777777778,1.0,"{""clf__C"": 10.0, ""clf__gamma_mult"": 1.0}",63.20565339999939
2,quantum/FB-HS-RBF-ref-SVM,quantum,10,0.7777777777777778,0.8,"{""clf__C"": 10.0, ""clf__gamma_mult"": 0.25}",63.20565339999939
2,quantum/FB-HS-RBF-ref-SVM,quantum,11,0.8888888888888888,1.0,"{""clf__C"": 10.0, ""clf__gamma_mult"": 4.0}",63.20565339999939
2,quantum/FB-HS-RBF-ref-SVM,quantum,12,1.0,1.0,"{""clf__C"": 10.0, ""clf__gamma_mult"": 4.0}",63.20565339999939
2,quantum/FB-HS-RBF-ref-SVM,quantum,13,1.0,1.0,"{""clf__C"": 1.0, ""clf__gamma_mult"": 1.0}",63.20565339999939
2,quantum/FB-HS-RBF-ref-SVM,quantum,14,0.7777777777777778,1.0,"{""clf__C"": 10.0, ""clf__gamma_mult"": 1.0}",63.20565339999939
2,quantum/FB-Bures-RBF-SVM,quantum,0,0.6666666666666666,0.8,"{""clf__C"": 10.0, ""clf__gamma_mult"": 1.0}",62.43809559999954
2,quantum/FB-Bures-RBF-SVM,quantum,1,0.7777777777777778,0.65,"{""clf__C"": 10.0, ""clf__gamma_mult"": 1.0}",62.43809559999954
2,quantum/FB-Bures-RBF-SVM,quantum,2,0.6666666666666666,0.75,"{""clf__C"": 10.0, ""clf__gamma_mult"": 1.0}",62.43809559999954
2,quantum/FB-Bures-RBF-SVM,quantum,3,0.3333333333333333,0.35,"{""clf__C"": 10.0, ""clf__gamma_mult"": 1.0}",62.43809559999954
2,quantum/FB-Bures-RBF-SVM,quantum,4,0.7777777777777778,0.75,"{""clf__C"": 10.0, ""clf__gamma_mult"": 1.0}",62.43809559999954
2,quantum/FB-Bures-RBF-SVM,quantum,5,0.6666666666666666,0.7000000000000001,"{""clf__C"": 10.0, ""clf__gamma_mult"": 1.0}",62.43809559999954
2,quantum/FB-Bures-RBF-SVM,quantum,6,0.7777777777777778,0.8500000000000001,"{""clf__C"": 10.0, ""clf__gamma_mult"": 1.0}",62.43809559999954
2,quantum/FB-Bures-RBF-SVM,quantum,7,0.5555555555555556,0.5,"{""clf__C"": 10.0, ""clf__gamma_mult"": 1.0}",62.43809559999954
2,quantum/FB-Bures-RBF-SVM,quantum,8,0.3333333333333333,0.4,"{""clf__C"": 10.0, ""clf__gamma_mult"": 0.25}",62.43809559999954
2,quantum/FB-Bures-RBF-SVM,quantum,9,0.5555555555555556,0.65,"{""clf__C"": 10.0, ""clf__gamma_mult"": 0.25}",62.43809559999954
2,quantum/FB-Bures-RBF-SVM,quantum,10,0.6666666666666666,0.8500000000000001,"{""clf__C"": 10.0, ""clf__gamma_mult"": 1.0}",62.43809559999954
2,quantum/FB-Bures-RBF-SVM,quantum,11,0.4444444444444444,0.4,"{""clf__C"": 10.0, ""clf__gamma_mult"": 0.25}",62.43809559999954
2,quantum/FB-Bures-RBF-SVM,quantum,12,0.6666666666666666,0.85,"{""clf__C"": 10.0, ""clf__gamma_mult"": 1.0}",62.43809559999954
2,quantum/FB-Bures-RBF-SVM,quantum,13,0.5555555555555556,0.85,"{""clf__C"": 10.0, ""clf__gamma_mult"": 0.25}",62.43809559999954
2,quantum/FB-Bures-RBF-SVM,quantum,14,0.7777777777777778,0.9,"{""clf__C"": 10.0, ""clf__gamma_mult"": 1.0}",62.43809559999954
2,quantum/FB-Bures-RBF-ref-SVM,quantum,0,0.8888888888888888,1.0,"{""clf__C"": 1.0, ""clf__gamma_mult"": 1.0}",78.69719170000008
2,quantum/FB-Bures-RBF-ref-SVM,quantum,1,0.8888888888888888,1.0,"{""clf__C"": 1.0, ""clf__gamma_mult"": 4.0}",78.69719170000008
2,quantum/FB-Bures-RBF-ref-SVM,quantum,2,0.8888888888888888,1.0,"{""clf__C"": 1.0, ""clf__gamma_mult"": 1.0}",78.69719170000008
2,quantum/FB-Bures-RBF-ref-SVM,quantum,3,0.7777777777777778,0.9,"{""clf__C"": 10.0, ""clf__gamma_mult"": 4.0}",78.69719170000008
2,quantum/FB-Bures-RBF-ref-SVM,quantum,4,1.0,1.0,"{""clf__C"": 1.0, ""clf__gamma_mult"": 1.0}",78.69719170000008
2,quantum/FB-Bures-RBF-ref-SVM,quantum,5,1.0,1.0,"{""clf__C"": 1.0, ""clf__gamma_mult"": 1.0}",78.69719170000008
2,quantum/FB-Bures-RBF-ref-SVM,quantum,6,0.7777777777777778,0.95,"{""clf__C"": 10.0, ""clf__gamma_mult"": 1.0}",78.69719170000008
2,quantum/FB-Bures-RBF-ref-SVM,quantum,7,0.7777777777777778,0.95,"{""clf__C"": 1.0, ""clf__gamma_mult"": 1.0}",78.69719170000008
2,quantum/FB-Bures-RBF-ref-SVM,quantum,8,1.0,1.0,"{""clf__C"": 1.0, ""clf__gamma_mult"": 1.0}",78.69719170000008
2,quantum/FB-Bures-RBF-ref-SVM,quantum,9,0.8888888888888888,1.0,"{""clf__C"": 1.0, ""clf__gamma_mult"": 1.0}",78.69719170000008
2,quantum/FB-Bures-RBF-ref-SVM,quantum,10,0.8888888888888888,1.0,"{""clf__C"": 1.0, ""clf__gamma_mult"": 1.0}",78.69719170000008
2,quantum/FB-Bures-RBF-ref-SVM,quantum,11,0.8888888888888888,1.0,"{""clf__C"": 10.0, ""clf__gamma_mult"": 1.0}",78.69719170000008
2,quantum/FB-Bures-RBF-ref-SVM,quantum,12,1.0,1.0,"{""clf__C"": 10.0, ""clf__gamma_mult"": 4.0}",78.69719170000008
2,quantum/FB-Bures-RBF-ref-SVM,quantum,13,1.0,1.0,"{""clf__C"": 10.0, ""clf__gamma_mult"": 1.0}",78.69719170000008
2,quantum/FB-Bures-RBF-ref-SVM,quantum,14,0.8888888888888888,1.0,"{""clf__C"": 10.0, ""clf__gamma_mult"": 1.0}",78.69719170000008
2,quantum/FB-QRE-RBF-SVM,quantum,0,0.6666666666666666,0.8,"{""clf__C"": 10.0, ""clf__gamma_mult"": 1.0}",51.17604200000005
2,quantum/FB-QRE-RBF-SVM,quantum,1,0.7777777777777778,0.65,"{""clf__C"": 10.0, ""clf__gamma_mult"": 1.0}",51.17604200000005
2,quantum/FB-QRE-RBF-SVM,quantum,2,0.6666666666666666,0.75,"{""clf__C"": 10.0, ""clf__gamma_mult"": 1.0}",51.17604200000005
2,quantum/FB-QRE-RBF-SVM,quantum,3,0.3333333333333333,0.3,"{""clf__C"": 10.0, ""clf__gamma_mult"": 1.0}",51.17604200000005
2,quantum/FB-QRE-RBF-SVM,quantum,4,0.7777777777777778,0.75,"{""clf__C"": 10.0, ""clf__gamma_mult"": 1.0}",51.17604200000005
2,quantum/FB-QRE-RBF-SVM,quantum,5,0.6666666666666666,0.7000000000000001,"{""clf__C"": 10.0, ""clf__gamma_mult"": 1.0}",51.17604200000005
2,quantum/FB-QRE-RBF-SVM,quantum,6,0.7777777777777778,0.8500000000000001,"{""clf__C"": 10.0, ""clf__gamma_mult"": 1.0}",51.17604200000005
2,quantum/FB-QRE-RBF-SVM,quantum,7,0.5555555555555556,0.5,"{""clf__C"": 10.0, ""clf__gamma_mult"": 1.0}",51.17604200000005
2,quantum/FB-QRE-RBF-SVM,quantum,8,0.4444444444444444,0.5,"{""clf__C"": 10.0, ""clf__gamma_mult"": 1.0}",51.17604200000005
2,quantum/FB-QRE-RBF-SVM,quantum,9,0.5555555555555556,0.55,"{""clf__C"": 10.0, ""clf__gamma_mult"": 0.25}",51.17604200000005
2,quantum/FB-QRE-RBF-SVM,quantum,10,0.6666666666666666,0.8500000000000001,"{""clf__C"": 10.0, ""clf__gamma_mult"": 1.0}",51.17604200000005
2,quantum/FB-QRE-RBF-SVM,quantum,11,0.3333333333333333,0.4,"{""clf__C"": 10.0, ""clf__gamma_mult"": 0.25}",51.17604200000005
2,quantum/FB-QRE-RBF-SVM,quantum,12,0.6666666666666666,0.85,"{""clf__C"": 10.0, ""clf__gamma_mult"": 1.0}",51.17604200000005
2,quantum/FB-QRE-RBF-SVM,quantum,13,0.5555555555555556,0.85,"{""clf__C"": 10.0, ""clf__gamma_mult"": 0.25}",51.17604200000005
2,quantum/FB-QRE-RBF-SVM,quantum,14,0.6666666666666666,0.7,"{""clf__C"": 10.0, ""clf__gamma_mult"": 0.25}",51.17604200000005
2,quantum/FB-QRE-RBF-ref-SVM,quantum,0,0.8888888888888888,1.0,"{""clf__C"": 1.0, ""clf__gamma_mult"": 1.0}",58.768563699999504
2,quantum/FB-QRE-RBF-ref-SVM,quantum,1,0.7777777777777778,1.0,"{""clf__C"": 1.0, ""clf__gamma_mult"": 4.0}",58.768563699999504
2,quantum/FB-QRE-RBF-ref-SVM,quantum,2,0.8888888888888888,1.0,"{""clf__C"": 10.0, ""clf__gamma_mult"": 1.0}",58.768563699999504
2,quantum/FB-QRE-RBF-ref-SVM,quantum,3,0.7777777777777778,0.9,"{""clf__C"": 10.0, ""clf__gamma_mult"": 4.0}",58.768563699999504
2,quantum/FB-QRE-RBF-ref-SVM,quantum,4,1.0,1.0,"{""clf__C"": 1.0, ""clf__gamma_mult"": 1.0}",58.768563699999504
2,quantum/FB-QRE-RBF-ref-SVM,quantum,5,1.0,1.0,"{""clf__C"": 10.0, ""clf__gamma_mult"": 4.0}",58.768563699999504
2,quantum/FB-QRE-RBF-ref-SVM,quantum,6,0.6666666666666666,0.9,"{""clf__C"": 10.0, ""clf__gamma_mult"": 1.0}",58.768563699999504
2,quantum/FB-QRE-RBF-ref-SVM,quantum,7,0.7777777777777778,0.95,"{""clf__C"": 1.0, ""clf__gamma_mult"": 1.0}",58.768563699999504
2,quantum/FB-QRE-RBF-ref-SVM,quantum,8,1.0,1.0,"{""clf__C"": 1.0, ""clf__gamma_mult"": 1.0}",58.768563699999504
2,quantum/FB-QRE-RBF-ref-SVM,quantum,9,0.7777777777777778,1.0,"{""clf__C"": 10.0, ""clf__gamma_mult"": 1.0}",58.768563699999504
2,quantum/FB-QRE-RBF-ref-SVM,quantum,10,0.8888888888888888,0.95,"{""clf__C"": 1.0, ""clf__gamma_mult"": 1.0}",58.768563699999504
2,quantum/FB-QRE-RBF-ref-SVM,quantum,11,0.8888888888888888,1.0,"{""clf__C"": 1.0, ""clf__gamma_mult"": 1.0}",58.768563699999504
2,quantum/FB-QRE-RBF-ref-SVM,quantum,12,1.0,1.0,"{""clf__C"": 10.0, ""clf__gamma_mult"": 4.0}",58.768563699999504
2,quantum/FB-QRE-RBF-ref-SVM,quantum,13,1.0,1.0,"{""clf__C"": 10.0, ""clf__gamma_mult"": 1.0}",58.768563699999504
2,quantum/FB-QRE-RBF-ref-SVM,quantum,14,0.7777777777777778,1.0,"{""clf__C"": 1.0, ""clf__gamma_mult"": 4.0}",58.768563699999504
2,control/FB-riemann-kernel-SVM,control,0,0.8888888888888888,1.0,"{""clf__C"": 0.1}",39.75684780000029
2,control/FB-riemann-kernel-SVM,control,1,0.8888888888888888,1.0,"{""clf__C"": 0.1}",39.75684780000029
2,control/FB-riemann-kernel-SVM,control,2,1.0,1.0,"{""clf__C"": 0.1}",39.75684780000029
2,control/FB-riemann-kernel-SVM,control,3,0.8888888888888888,0.95,"{""clf__C"": 0.1}",39.75684780000029
2,control/FB-riemann-kernel-SVM,control,4,1.0,1.0,"{""clf__C"": 1.0}",39.75684780000029
2,control/FB-riemann-kernel-SVM,control,5,1.0,1.0,"{""clf__C"": 0.1}",39.75684780000029
2,control/FB-riemann-kernel-SVM,control,6,0.6666666666666666,0.9,"{""clf__C"": 0.1}",39.75684780000029
2,control/FB-riemann-kernel-SVM,control,7,0.7777777777777778,0.95,"{""clf__C"": 0.1}",39.75684780000029
2,control/FB-riemann-kernel-SVM,control,8,1.0,1.0,"{""clf__C"": 1.0}",39.75684780000029
2,control/FB-riemann-kernel-SVM,control,9,0.7777777777777778,1.0,"{""clf__C"": 0.1}",39.75684780000029
2,control/FB-riemann-kernel-SVM,control,10,0.8888888888888888,0.9,"{""clf__C"": 0.1}",39.75684780000029
2,control/FB-riemann-kernel-SVM,control,11,0.8888888888888888,1.0,"{""clf__C"": 0.1}",39.75684780000029
2,control/FB-riemann-kernel-SVM,control,12,0.8888888888888888,1.0,"{""clf__C"": 0.1}",39.75684780000029
2,control/FB-riemann-kernel-SVM,control,13,1.0,1.0,"{""clf__C"": 1.0}",39.75684780000029
2,control/FB-riemann-kernel-SVM,control,14,0.7777777777777778,1.0,"{""clf__C"": 0.1}",39.75684780000029
2,control/FB-logeuclid-kernel-SVM,control,0,0.8888888888888888,1.0,"{""clf__C"": 0.1}",38.41064540000025
2,control/FB-logeuclid-kernel-SVM,control,1,0.8888888888888888,1.0,"{""clf__C"": 0.1}",38.41064540000025
2,control/FB-logeuclid-kernel-SVM,control,2,1.0,1.0,"{""clf__C"": 0.1}",38.41064540000025
2,control/FB-logeuclid-kernel-SVM,control,3,0.8888888888888888,0.95,"{""clf__C"": 1.0}",38.41064540000025
2,control/FB-logeuclid-kernel-SVM,control,4,1.0,1.0,"{""clf__C"": 0.1}",38.41064540000025
2,control/FB-logeuclid-kernel-SVM,control,5,1.0,1.0,"{""clf__C"": 0.1}",38.41064540000025
2,control/FB-logeuclid-kernel-SVM,control,6,0.7777777777777778,0.9,"{""clf__C"": 1.0}",38.41064540000025
2,control/FB-logeuclid-kernel-SVM,control,7,0.8888888888888888,0.9,"{""clf__C"": 0.1}",38.41064540000025
2,control/FB-logeuclid-kernel-SVM,control,8,1.0,1.0,"{""clf__C"": 0.1}",38.41064540000025
2,control/FB-logeuclid-kernel-SVM,control,9,0.7777777777777778,1.0,"{""clf__C"": 0.1}",38.41064540000025
2,control/FB-logeuclid-kernel-SVM,control,10,0.8888888888888888,0.95,"{""clf__C"": 0.1}",38.41064540000025
2,control/FB-logeuclid-kernel-SVM,control,11,0.8888888888888888,1.0,"{""clf__C"": 0.1}",38.41064540000025
2,control/FB-logeuclid-kernel-SVM,control,12,0.8888888888888888,1.0,"{""clf__C"": 0.1}",38.41064540000025
2,control/FB-logeuclid-kernel-SVM,control,13,1.0,1.0,"{""clf__C"": 1.0}",38.41064540000025
2,control/FB-logeuclid-kernel-SVM,control,14,0.7777777777777778,1.0,"{""clf__C"": 1.0}",38.41064540000025
3,classical/FBCSP+LDA,classical,0,0.5555555555555556,0.65,"{""perband__base__csp__nfilter"": 6}",43.41717739999967
3,classical/FBCSP+LDA,classical,1,0.3333333333333333,0.25,"{""perband__base__csp__nfilter"": 4}",43.41717739999967
3,classical/FBCSP+LDA,classical,2,0.3333333333333333,0.0,"{""perband__base__csp__nfilter"": 4}",43.41717739999967
3,classical/FBCSP+LDA,classical,3,0.4444444444444444,0.35,"{""perband__base__csp__nfilter"": 6}",43.41717739999967
3,classical/FBCSP+LDA,classical,4,0.4444444444444444,0.45,"{""perband__base__csp__nfilter"": 4}",43.41717739999967
3,classical/FBCSP+LDA,classical,5,0.5555555555555556,0.9,"{""perband__base__csp__nfilter"": 6}",43.41717739999967
3,classical/FBCSP+LDA,classical,6,0.5555555555555556,0.6,"{""perband__base__csp__nfilter"": 4}",43.41717739999967
3,classical/FBCSP+LDA,classical,7,0.4444444444444444,0.65,"{""perband__base__csp__nfilter"": 6}",43.41717739999967
3,classical/FBCSP+LDA,classical,8,0.8888888888888888,0.9,"{""perband__base__csp__nfilter"": 6}",43.41717739999967
3,classical/FBCSP+LDA,classical,9,0.7777777777777778,0.9,"{""perband__base__csp__nfilter"": 6}",43.41717739999967
3,classical/FBCSP+LDA,classical,10,0.5555555555555556,0.6,"{""perband__base__csp__nfilter"": 2}",43.41717739999967
3,classical/FBCSP+LDA,classical,11,0.5555555555555556,0.65,"{""perband__base__csp__nfilter"": 4}",43.41717739999967
3,classical/FBCSP+LDA,classical,12,0.4444444444444444,0.1999999999999999,"{""perband__base__csp__nfilter"": 2}",43.41717739999967
3,classical/FBCSP+LDA,classical,13,0.3333333333333333,0.2499999999999999,"{""perband__base__csp__nfilter"": 2}",43.41717739999967
3,classical/FBCSP+LDA,classical,14,0.5555555555555556,0.75,"{""perband__base__csp__nfilter"": 6}",43.41717739999967
3,classical/FB-TS+LR,classical,0,0.6666666666666666,0.85,"{""clf__C"": 1.0}",46.69902769999953
3,classical/FB-TS+LR,classical,1,0.4444444444444444,0.25,"{""clf__C"": 0.1}",46.69902769999953
3,classical/FB-TS+LR,classical,2,0.4444444444444444,0.6,"{""clf__C"": 10.0}",46.69902769999953
3,classical/FB-TS+LR,classical,3,0.3333333333333333,0.4,"{""clf__C"": 1.0}",46.69902769999953
3,classical/FB-TS+LR,classical,4,0.4444444444444444,0.4499999999999999,"{""clf__C"": 1.0}",46.69902769999953
3,classical/FB-TS+LR,classical,5,0.7777777777777778,1.0,"{""clf__C"": 10.0}",46.69902769999953
3,classical/FB-TS+LR,classical,6,0.4444444444444444,0.35,"{""clf__C"": 0.1}",46.69902769999953
3,classical/FB-TS+LR,classical,7,0.4444444444444444,0.6499999999999999,"{""clf__C"": 1.0}",46.69902769999953
3,classical/FB-TS+LR,classical,8,0.7777777777777778,0.75,"{""clf__C"": 10.0}",46.69902769999953
3,classical/FB-TS+LR,classical,9,0.8888888888888888,0.8500000000000001,"{""clf__C"": 0.1}",46.69902769999953
3,classical/FB-TS+LR,classical,10,0.7777777777777778,0.75,"{""clf__C"": 0.1}",46.69902769999953
3,classical/FB-TS+LR,classical,11,0.6666666666666666,0.65,"{""clf__C"": 10.0}",46.69902769999953
3,classical/FB-TS+LR,classical,12,0.7777777777777778,0.7,"{""clf__C"": 1.0}",46.69902769999953
3,classical/FB-TS+LR,classical,13,0.7777777777777778,0.9,"{""clf__C"": 1.0}",46.69902769999953
3,classical/FB-TS+LR,classical,14,0.6666666666666666,0.7,"{""clf__C"": 10.0}",46.69902769999953
3,classical/FB-TS+RBF-SVM,classical,0,0.5555555555555556,0.6000000000000001,"{""clf__C"": 10.0, ""clf__gamma"": ""scale""}",81.06130440000015
3,classical/FB-TS+RBF-SVM,classical,1,0.2222222222222222,0.25,"{""clf__C"": 10.0, ""clf__gamma"": ""scale""}",81.06130440000015
3,classical/FB-TS+RBF-SVM,classical,2,0.4444444444444444,0.4999999999999999,"{""clf__C"": 10.0, ""clf__gamma"": ""scale""}",81.06130440000015
3,classical/FB-TS+RBF-SVM,classical,3,0.1111111111111111,0.25,"{""clf__C"": 10.0, ""clf__gamma"": ""scale""}",81.06130440000015
3,classical/FB-TS+RBF-SVM,classical,4,0.2222222222222222,0.3,"{""clf__C"": 10.0, ""clf__gamma"": ""scale""}",81.06130440000015
3,classical/FB-TS+RBF-SVM,classical,5,0.5555555555555556,0.9,"{""clf__C"": 10.0, ""clf__gamma"": 0.01}",81.06130440000015
3,classical/FB-TS+RBF-SVM,classical,6,0.4444444444444444,0.5,"{""clf__C"": 0.1, ""clf__gamma"": ""scale""}",81.06130440000015
3,classical/FB-TS+RBF-SVM,classical,7,0.5555555555555556,0.5499999999999999,"{""clf__C"": 10.0, ""clf__gamma"": ""scale""}",81.06130440000015
3,classical/FB-TS+RBF-SVM,classical,8,0.6666666666666666,0.7,"{""clf__C"": 10.0, ""clf__gamma"": 0.01}",81.06130440000015
3,classical/FB-TS+RBF-SVM,classical,9,0.7777777777777778,0.75,"{""clf__C"": 10.0, ""clf__gamma"": 0.01}",81.06130440000015
3,classical/FB-TS+RBF-SVM,classical,10,0.6666666666666666,0.7,"{""clf__C"": 10.0, ""clf__gamma"": 0.01}",81.06130440000015
3,classical/FB-TS+RBF-SVM,classical,11,0.4444444444444444,0.55,"{""clf__C"": 10.0, ""clf__gamma"": ""scale""}",81.06130440000015
3,classical/FB-TS+RBF-SVM,classical,12,0.5555555555555556,0.6,"{""clf__C"": 10.0, ""clf__gamma"": ""scale""}",81.06130440000015
3,classical/FB-TS+RBF-SVM,classical,13,0.3333333333333333,0.55,"{""clf__C"": 1.0, ""clf__gamma"": 0.01}",81.06130440000015
3,classical/FB-TS+RBF-SVM,classical,14,0.5555555555555556,0.45,"{""clf__C"": 10.0, ""clf__gamma"": 0.01}",81.06130440000015
3,quantum/FB-HS-overlap-SVM,quantum,0,0.5555555555555556,0.35,"{""clf__C"": 10.0}",33.5690881999999
3,quantum/FB-HS-overlap-SVM,quantum,1,0.2222222222222222,0.1,"{""clf__C"": 10.0}",33.5690881999999
3,quantum/FB-HS-overlap-SVM,quantum,2,0.4444444444444444,0.3999999999999999,"{""clf__C"": 1.0}",33.5690881999999
3,quantum/FB-HS-overlap-SVM,quantum,3,0.5555555555555556,0.4499999999999999,"{""clf__C"": 10.0}",33.5690881999999
3,quantum/FB-HS-overlap-SVM,quantum,4,0.4444444444444444,0.4499999999999999,"{""clf__C"": 10.0}",33.5690881999999
3,quantum/FB-HS-overlap-SVM,quantum,5,0.4444444444444444,0.9,"{""clf__C"": 10.0}",33.5690881999999
3,quantum/FB-HS-overlap-SVM,quantum,6,0.5555555555555556,0.55,"{""clf__C"": 10.0}",33.5690881999999
3,quantum/FB-HS-overlap-SVM,quantum,7,0.6666666666666666,0.6500000000000001,"{""clf__C"": 10.0}",33.5690881999999
3,quantum/FB-HS-overlap-SVM,quantum,8,0.5555555555555556,0.6,"{""clf__C"": 10.0}",33.5690881999999
3,quantum/FB-HS-overlap-SVM,quantum,9,0.4444444444444444,0.3,"{""clf__C"": 10.0}",33.5690881999999
3,quantum/FB-HS-overlap-SVM,quantum,10,0.6666666666666666,0.75,"{""clf__C"": 10.0}",33.5690881999999
3,quantum/FB-HS-overlap-SVM,quantum,11,0.3333333333333333,0.5,"{""clf__C"": 10.0}",33.5690881999999
3,quantum/FB-HS-overlap-SVM,quantum,12,0.4444444444444444,0.7000000000000001,"{""clf__C"": 10.0}",33.5690881999999
3,quantum/FB-HS-overlap-SVM,quantum,13,0.6666666666666666,0.9,"{""clf__C"": 10.0}",33.5690881999999
3,quantum/FB-HS-overlap-SVM,quantum,14,0.5555555555555556,0.5,"{""clf__C"": 10.0}",33.5690881999999
3,quantum/FB-HS-overlap-ref-SVM,quantum,0,0.8888888888888888,0.95,"{""clf__C"": 10.0}",39.0697597999997
3,quantum/FB-HS-overlap-ref-SVM,quantum,1,0.4444444444444444,0.35,"{""clf__C"": 10.0}",39.0697597999997
3,quantum/FB-HS-overlap-ref-SVM,quantum,2,0.4444444444444444,0.4999999999999999,"{""clf__C"": 10.0}",39.0697597999997
3,quantum/FB-HS-overlap-ref-SVM,quantum,3,0.5555555555555556,0.5,"{""clf__C"": 10.0}",39.0697597999997
3,quantum/FB-HS-overlap-ref-SVM,quantum,4,0.4444444444444444,0.55,"{""clf__C"": 1.0}",39.0697597999997
3,quantum/FB-HS-overlap-ref-SVM,quantum,5,0.6666666666666666,0.9,"{""clf__C"": 10.0}",39.0697597999997
3,quantum/FB-HS-overlap-ref-SVM,quantum,6,0.6666666666666666,0.55,"{""clf__C"": 10.0}",39.0697597999997
3,quantum/FB-HS-overlap-ref-SVM,quantum,7,0.3333333333333333,0.6500000000000001,"{""clf__C"": 10.0}",39.0697597999997
3,quantum/FB-HS-overlap-ref-SVM,quantum,8,0.7777777777777778,0.7,"{""clf__C"": 10.0}",39.0697597999997
3,quantum/FB-HS-overlap-ref-SVM,quantum,9,0.6666666666666666,0.75,"{""clf__C"": 10.0}",39.0697597999997
3,quantum/FB-HS-overlap-ref-SVM,quantum,10,0.6666666666666666,0.7,"{""clf__C"": 10.0}",39.0697597999997
3,quantum/FB-HS-overlap-ref-SVM,quantum,11,0.6666666666666666,0.65,"{""clf__C"": 10.0}",39.0697597999997
3,quantum/FB-HS-overlap-ref-SVM,quantum,12,0.7777777777777778,0.9,"{""clf__C"": 10.0}",39.0697597999997
3,quantum/FB-HS-overlap-ref-SVM,quantum,13,0.8888888888888888,0.9,"{""clf__C"": 10.0}",39.0697597999997
3,quantum/FB-HS-overlap-ref-SVM,quantum,14,0.6666666666666666,0.6,"{""clf__C"": 10.0}",39.0697597999997
3,quantum/FB-Fidelity-SVM,quantum,0,0.5555555555555556,0.3,"{""clf__C"": 10.0}",41.7294608000002
3,quantum/FB-Fidelity-SVM,quantum,1,0.0,0.0,"{""clf__C"": 10.0}",41.7294608000002
3,quantum/FB-Fidelity-SVM,quantum,2,0.4444444444444444,0.3999999999999999,"{""clf__C"": 0.1}",41.7294608000002
3,quantum/FB-Fidelity-SVM,quantum,3,0.5555555555555556,0.55,"{""clf__C"": 10.0}",41.7294608000002
3,quantum/FB-Fidelity-SVM,quantum,4,0.4444444444444444,0.35,"{""clf__C"": 10.0}",41.7294608000002
3,quantum/FB-Fidelity-SVM,quantum,5,0.4444444444444444,0.9,"{""clf__C"": 10.0}",41.7294608000002
3,quantum/FB-Fidelity-SVM,quantum,6,0.5555555555555556,0.5,"{""clf__C"": 10.0}",41.7294608000002
3,quantum/FB-Fidelity-SVM,quantum,7,0.6666666666666666,0.5499999999999999,"{""clf__C"": 10.0}",41.7294608000002
3,quantum/FB-Fidelity-SVM,quantum,8,0.5555555555555556,0.6,"{""clf__C"": 10.0}",41.7294608000002
3,quantum/FB-Fidelity-SVM,quantum,9,0.4444444444444444,0.3,"{""clf__C"": 10.0}",41.7294608000002
3,quantum/FB-Fidelity-SVM,quantum,10,0.4444444444444444,0.7,"{""clf__C"": 0.1}",41.7294608000002
3,quantum/FB-Fidelity-SVM,quantum,11,0.3333333333333333,0.5,"{""clf__C"": 10.0}",41.7294608000002
3,quantum/FB-Fidelity-SVM,quantum,12,0.4444444444444444,0.35,"{""clf__C"": 0.1}",41.7294608000002
3,quantum/FB-Fidelity-SVM,quantum,13,0.7777777777777778,0.7,"{""clf__C"": 0.1}",41.7294608000002
3,quantum/FB-Fidelity-SVM,quantum,14,0.5555555555555556,0.35,"{""clf__C"": 10.0}",41.7294608000002
3,quantum/FB-Fidelity-ref-SVM,quantum,0,1.0,1.0,"{""clf__C"": 10.0}",49.557029199999306
3,quantum/FB-Fidelity-ref-SVM,quantum,1,0.3333333333333333,0.45,"{""clf__C"": 10.0}",49.557029199999306
3,quantum/FB-Fidelity-ref-SVM,quantum,2,0.4444444444444444,0.65,"{""clf__C"": 10.0}",49.557029199999306
3,quantum/FB-Fidelity-ref-SVM,quantum,3,0.5555555555555556,0.5,"{""clf__C"": 10.0}",49.557029199999306
3,quantum/FB-Fidelity-ref-SVM,quantum,4,0.6666666666666666,0.75,"{""clf__C"": 10.0}",49.557029199999306
3,quantum/FB-Fidelity-ref-SVM,quantum,5,0.6666666666666666,0.9,"{""clf__C"": 10.0}",49.557029199999306
3,quantum/FB-Fidelity-ref-SVM,quantum,6,0.7777777777777778,0.65,"{""clf__C"": 10.0}",49.557029199999306
3,quantum/FB-Fidelity-ref-SVM,quantum,7,0.3333333333333333,0.6500000000000001,"{""clf__C"": 10.0}",49.557029199999306
3,quantum/FB-Fidelity-ref-SVM,quantum,8,0.7777777777777778,0.8,"{""clf__C"": 10.0}",49.557029199999306
3,quantum/FB-Fidelity-ref-SVM,quantum,9,0.5555555555555556,0.8,"{""clf__C"": 10.0}",49.557029199999306
3,quantum/FB-Fidelity-ref-SVM,quantum,10,0.5555555555555556,0.8,"{""clf__C"": 10.0}",49.557029199999306
3,quantum/FB-Fidelity-ref-SVM,quantum,11,0.7777777777777778,0.75,"{""clf__C"": 10.0}",49.557029199999306
3,quantum/FB-Fidelity-ref-SVM,quantum,12,0.8888888888888888,0.9,"{""clf__C"": 10.0}",49.557029199999306
3,quantum/FB-Fidelity-ref-SVM,quantum,13,0.7777777777777778,0.85,"{""clf__C"": 10.0}",49.557029199999306
3,quantum/FB-Fidelity-ref-SVM,quantum,14,0.6666666666666666,0.65,"{""clf__C"": 10.0}",49.557029199999306
3,quantum/FB-HS-RBF-SVM,quantum,0,0.5555555555555556,0.4499999999999999,"{""clf__C"": 10.0, ""clf__gamma_mult"": 4.0}",42.52354899999955
3,quantum/FB-HS-RBF-SVM,quantum,1,0.2222222222222222,0.15,"{""clf__C"": 1.0, ""clf__gamma_mult"": 4.0}",42.52354899999955
3,quantum/FB-HS-RBF-SVM,quantum,2,0.5555555555555556,0.55,"{""clf__C"": 10.0, ""clf__gamma_mult"": 0.25}",42.52354899999955
3,quantum/FB-HS-RBF-SVM,quantum,3,0.5555555555555556,0.3999999999999999,"{""clf__C"": 10.0, ""clf__gamma_mult"": 0.25}",42.52354899999955
3,quantum/FB-HS-RBF-SVM,quantum,4,0.3333333333333333,0.35,"{""clf__C"": 1.0, ""clf__gamma_mult"": 0.25}",42.52354899999955
3,quantum/FB-HS-RBF-SVM,quantum,5,0.4444444444444444,0.7,"{""clf__C"": 10.0, ""clf__gamma_mult"": 4.0}",42.52354899999955
3,quantum/FB-HS-RBF-SVM,quantum,6,0.3333333333333333,0.45,"{""clf__C"": 10.0, ""clf__gamma_mult"": 0.25}",42.52354899999955
3,quantum/FB-HS-RBF-SVM,quantum,7,0.7777777777777778,0.75,"{""clf__C"": 10.0, ""clf__gamma_mult"": 4.0}",42.52354899999955
3,quantum/FB-HS-RBF-SVM,quantum,8,0.3333333333333333,0.35,"{""clf__C"": 1.0, ""clf__gamma_mult"": 4.0}",42.52354899999955
3,quantum/FB-HS-RBF-SVM,quantum,9,0.4444444444444444,0.4,"{""clf__C"": 10.0, ""clf__gamma_mult"": 0.25}",42.52354899999955
3,quantum/FB-HS-RBF-SVM,quantum,10,0.4444444444444444,0.45,"{""clf__C"": 10.0, ""clf__gamma_mult"": 1.0}",42.52354899999955
3,quantum/FB-HS-RBF-SVM,quantum,11,0.3333333333333333,0.5,"{""clf__C"": 10.0, ""clf__gamma_mult"": 0.25}",42.52354899999955
3,quantum/FB-HS-RBF-SVM,quantum,12,0.3333333333333333,0.2499999999999999,"{""clf__C"": 10.0, ""clf__gamma_mult"": 1.0}",42.52354899999955
3,quantum/FB-HS-RBF-SVM,quantum,13,0.7777777777777778,0.8500000000000001,"{""clf__C"": 10.0, ""clf__gamma_mult"": 4.0}",42.52354899999955
3,quantum/FB-HS-RBF-SVM,quantum,14,0.3333333333333333,0.4,"{""clf__C"": 1.0, ""clf__gamma_mult"": 0.25}",42.52354899999955
3,quantum/FB-HS-RBF-ref-SVM,quantum,0,0.8888888888888888,0.95,"{""clf__C"": 10.0, ""clf__gamma_mult"": 0.25}",58.1037637999998
3,quantum/FB-HS-RBF-ref-SVM,quantum,1,0.4444444444444444,0.4,"{""clf__C"": 10.0, ""clf__gamma_mult"": 0.25}",58.1037637999998
3,quantum/FB-HS-RBF-ref-SVM,quantum,2,0.4444444444444444,0.4,"{""clf__C"": 10.0, ""clf__gamma_mult"": 1.0}",58.1037637999998
3,quantum/FB-HS-RBF-ref-SVM,quantum,3,0.4444444444444444,0.6,"{""clf__C"": 10.0, ""clf__gamma_mult"": 0.25}",58.1037637999998
3,quantum/FB-HS-RBF-ref-SVM,quantum,4,0.5555555555555556,0.55,"{""clf__C"": 1.0, ""clf__gamma_mult"": 1.0}",58.1037637999998
3,quantum/FB-HS-RBF-ref-SVM,quantum,5,0.6666666666666666,0.95,"{""clf__C"": 10.0, ""clf__gamma_mult"": 1.0}",58.1037637999998
3,quantum/FB-HS-RBF-ref-SVM,quantum,6,0.6666666666666666,0.65,"{""clf__C"": 10.0, ""clf__gamma_mult"": 0.25}",58.1037637999998
3,quantum/FB-HS-RBF-ref-SVM,quantum,7,0.4444444444444444,0.6000000000000001,"{""clf__C"": 10.0, ""clf__gamma_mult"": 0.25}",58.1037637999998
3,quantum/FB-HS-RBF-ref-SVM,quantum,8,0.7777777777777778,0.75,"{""clf__C"": 10.0, ""clf__gamma_mult"": 1.0}",58.1037637999998
3,quantum/FB-HS-RBF-ref-SVM,quantum,9,0.6666666666666666,0.7,"{""clf__C"": 10.0, ""clf__gamma_mult"": 0.25}",58.1037637999998
3,quantum/FB-HS-RBF-ref-SVM,quantum,10,0.6666666666666666,0.65,"{""clf__C"": 10.0, ""clf__gamma_mult"": 0.25}",58.1037637999998
3,quantum/FB-HS-RBF-ref-SVM,quantum,11,0.5555555555555556,0.55,"{""clf__C"": 10.0, ""clf__gamma_mult"": 1.0}",58.1037637999998
3,quantum/FB-HS-RBF-ref-SVM,quantum,12,0.6666666666666666,0.9,"{""clf__C"": 10.0, ""clf__gamma_mult"": 0.25}",58.1037637999998
3,quantum/FB-HS-RBF-ref-SVM,quantum,13,0.6666666666666666,0.8,"{""clf__C"": 10.0, ""clf__gamma_mult"": 0.25}",58.1037637999998
3,quantum/FB-HS-RBF-ref-SVM,quantum,14,0.6666666666666666,0.6,"{""clf__C"": 10.0, ""clf__gamma_mult"": 1.0}",58.1037637999998
3,quantum/FB-Bures-RBF-SVM,quantum,0,0.5555555555555556,0.4,"{""clf__C"": 10.0, ""clf__gamma_mult"": 4.0}",61.41787910000039
3,quantum/FB-Bures-RBF-SVM,quantum,1,0.0,0.0,"{""clf__C"": 1.0, ""clf__gamma_mult"": 1.0}",61.41787910000039
3,quantum/FB-Bures-RBF-SVM,quantum,2,0.5555555555555556,0.7000000000000001,"{""clf__C"": 10.0, ""clf__gamma_mult"": 0.25}",61.41787910000039
3,quantum/FB-Bures-RBF-SVM,quantum,3,0.5555555555555556,0.4499999999999999,"{""clf__C"": 10.0, ""clf__gamma_mult"": 0.25}",61.41787910000039
3,quantum/FB-Bures-RBF-SVM,quantum,4,0.3333333333333333,0.35,"{""clf__C"": 1.0, ""clf__gamma_mult"": 0.25}",61.41787910000039
3,quantum/FB-Bures-RBF-SVM,quantum,5,0.5555555555555556,0.95,"{""clf__C"": 10.0, ""clf__gamma_mult"": 0.25}",61.41787910000039
3,quantum/FB-Bures-RBF-SVM,quantum,6,0.3333333333333333,0.5,"{""clf__C"": 10.0, ""clf__gamma_mult"": 0.25}",61.41787910000039
3,quantum/FB-Bures-RBF-SVM,quantum,7,0.7777777777777778,0.75,"{""clf__C"": 10.0, ""clf__gamma_mult"": 4.0}",61.41787910000039
3,quantum/FB-Bures-RBF-SVM,quantum,8,0.3333333333333333,0.35,"{""clf__C"": 1.0, ""clf__gamma_mult"": 4.0}",61.41787910000039
3,quantum/FB-Bures-RBF-SVM,quantum,9,0.4444444444444444,0.2499999999999999,"{""clf__C"": 1.0, ""clf__gamma_mult"": 1.0}",61.41787910000039
3,quantum/FB-Bures-RBF-SVM,quantum,10,0.4444444444444444,0.5,"{""clf__C"": 10.0, ""clf__gamma_mult"": 4.0}",61.41787910000039
3,quantum/FB-Bures-RBF-SVM,quantum,11,0.3333333333333333,0.5,"{""clf__C"": 10.0, ""clf__gamma_mult"": 0.25}",61.41787910000039
3,quantum/FB-Bures-RBF-SVM,quantum,12,0.3333333333333333,0.1999999999999999,"{""clf__C"": 10.0, ""clf__gamma_mult"": 1.0}",61.41787910000039
3,quantum/FB-Bures-RBF-SVM,quantum,13,0.7777777777777778,1.0,"{""clf__C"": 10.0, ""clf__gamma_mult"": 0.25}",61.41787910000039
3,quantum/FB-Bures-RBF-SVM,quantum,14,0.5555555555555556,0.4,"{""clf__C"": 1.0, ""clf__gamma_mult"": 0.25}",61.41787910000039
3,quantum/FB-Bures-RBF-ref-SVM,quantum,0,1.0,1.0,"{""clf__C"": 10.0, ""clf__gamma_mult"": 0.25}",83.09598000000005
3,quantum/FB-Bures-RBF-ref-SVM,quantum,1,0.4444444444444444,0.35,"{""clf__C"": 10.0, ""clf__gamma_mult"": 0.25}",83.09598000000005
3,quantum/FB-Bures-RBF-ref-SVM,quantum,2,0.4444444444444444,0.55,"{""clf__C"": 10.0, ""clf__gamma_mult"": 0.25}",83.09598000000005
3,quantum/FB-Bures-RBF-ref-SVM,quantum,3,0.5555555555555556,0.45,"{""clf__C"": 10.0, ""clf__gamma_mult"": 0.25}",83.09598000000005
3,quantum/FB-Bures-RBF-ref-SVM,quantum,4,0.5555555555555556,0.55,"{""clf__C"": 1.0, ""clf__gamma_mult"": 1.0}",83.09598000000005
3,quantum/FB-Bures-RBF-ref-SVM,quantum,5,0.6666666666666666,0.9,"{""clf__C"": 10.0, ""clf__gamma_mult"": 0.25}",83.09598000000005
3,quantum/FB-Bures-RBF-ref-SVM,quantum,6,0.6666666666666666,0.6,"{""clf__C"": 10.0, ""clf__gamma_mult"": 0.25}",83.09598000000005
3,quantum/FB-Bures-RBF-ref-SVM,quantum,7,0.3333333333333333,0.7000000000000001,"{""clf__C"": 10.0, ""clf__gamma_mult"": 0.25}",83.09598000000005
3,quantum/FB-Bures-RBF-ref-SVM,quantum,8,0.6666666666666666,0.8,"{""clf__C"": 10.0, ""clf__gamma_mult"": 0.25}",83.09598000000005
3,quantum/FB-Bures-RBF-ref-SVM,quantum,9,0.6666666666666666,0.8,"{""clf__C"": 10.0, ""clf__gamma_mult"": 0.25}",83.09598000000005
3,quantum/FB-Bures-RBF-ref-SVM,quantum,10,0.5555555555555556,0.8,"{""clf__C"": 10.0, ""clf__gamma_mult"": 0.25}",83.09598000000005
3,quantum/FB-Bures-RBF-ref-SVM,quantum,11,0.5555555555555556,0.7,"{""clf__C"": 10.0, ""clf__gamma_mult"": 1.0}",83.09598000000005
3,quantum/FB-Bures-RBF-ref-SVM,quantum,12,0.7777777777777778,0.9,"{""clf__C"": 10.0, ""clf__gamma_mult"": 0.25}",83.09598000000005
3,quantum/FB-Bures-RBF-ref-SVM,quantum,13,0.6666666666666666,0.85,"{""clf__C"": 10.0, ""clf__gamma_mult"": 0.25}",83.09598000000005
3,quantum/FB-Bures-RBF-ref-SVM,quantum,14,0.6666666666666666,0.6,"{""clf__C"": 10.0, ""clf__gamma_mult"": 0.25}",83.09598000000005
3,quantum/FB-QRE-RBF-SVM,quantum,0,0.5555555555555556,0.4,"{""clf__C"": 10.0, ""clf__gamma_mult"": 4.0}",50.40291630000047
3,quantum/FB-QRE-RBF-SVM,quantum,1,0.2222222222222222,0.05,"{""clf__C"": 10.0, ""clf__gamma_mult"": 0.25}",50.40291630000047
3,quantum/FB-QRE-RBF-SVM,quantum,2,0.5555555555555556,0.7000000000000001,"{""clf__C"": 10.0, ""clf__gamma_mult"": 0.25}",50.40291630000047
3,quantum/FB-QRE-RBF-SVM,quantum,3,0.4444444444444444,0.3999999999999999,"{""clf__C"": 10.0, ""clf__gamma_mult"": 0.25}",50.40291630000047
3,quantum/FB-QRE-RBF-SVM,quantum,4,0.5555555555555556,0.4499999999999999,"{""clf__C"": 10.0, ""clf__gamma_mult"": 0.25}",50.40291630000047
3,quantum/FB-QRE-RBF-SVM,quantum,5,0.5555555555555556,0.9,"{""clf__C"": 10.0, ""clf__gamma_mult"": 0.25}",50.40291630000047
3,quantum/FB-QRE-RBF-SVM,quantum,6,0.4444444444444444,0.55,"{""clf__C"": 10.0, ""clf__gamma_mult"": 0.25}",50.40291630000047
3,quantum/FB-QRE-RBF-SVM,quantum,7,0.7777777777777778,0.75,"{""clf__C"": 10.0, ""clf__gamma_mult"": 4.0}",50.40291630000047
3,quantum/FB-QRE-RBF-SVM,quantum,8,0.5555555555555556,0.65,"{""clf__C"": 10.0, ""clf__gamma_mult"": 0.25}",50.40291630000047
3,quantum/FB-QRE-RBF-SVM,quantum,9,0.4444444444444444,0.4999999999999999,"{""clf__C"": 10.0, ""clf__gamma_mult"": 0.25}",50.40291630000047
3,quantum/FB-QRE-RBF-SVM,quantum,10,0.4444444444444444,0.5,"{""clf__C"": 10.0, ""clf__gamma_mult"": 4.0}",50.40291630000047
3,quantum/FB-QRE-RBF-SVM,quantum,11,0.4444444444444444,0.4,"{""clf__C"": 10.0, ""clf__gamma_mult"": 1.0}",50.40291630000047
3,quantum/FB-QRE-RBF-SVM,quantum,12,0.3333333333333333,0.1999999999999999,"{""clf__C"": 10.0, ""clf__gamma_mult"": 1.0}",50.40291630000047
3,quantum/FB-QRE-RBF-SVM,quantum,13,0.7777777777777778,1.0,"{""clf__C"": 10.0, ""clf__gamma_mult"": 0.25}",50.40291630000047
3,quantum/FB-QRE-RBF-SVM,quantum,14,0.6666666666666666,0.6,"{""clf__C"": 10.0, ""clf__gamma_mult"": 0.25}",50.40291630000047
3,quantum/FB-QRE-RBF-ref-SVM,quantum,0,1.0,1.0,"{""clf__C"": 10.0, ""clf__gamma_mult"": 0.25}",66.7434588999995
3,quantum/FB-QRE-RBF-ref-SVM,quantum,1,0.5555555555555556,0.45,"{""clf__C"": 10.0, ""clf__gamma_mult"": 0.25}",66.7434588999995
3,quantum/FB-QRE-RBF-ref-SVM,quantum,2,0.4444444444444444,0.6,"{""clf__C"": 10.0, ""clf__gamma_mult"": 0.25}",66.7434588999995
3,quantum/FB-QRE-RBF-ref-SVM,quantum,3,0.4444444444444444,0.45,"{""clf__C"": 10.0, ""clf__gamma_mult"": 0.25}",66.7434588999995
3,quantum/FB-QRE-RBF-ref-SVM,quantum,4,0.6666666666666666,0.7,"{""clf__C"": 10.0, ""clf__gamma_mult"": 0.25}",66.7434588999995
3,quantum/FB-QRE-RBF-ref-SVM,quantum,5,0.6666666666666666,0.9,"{""clf__C"": 10.0, ""clf__gamma_mult"": 0.25}",66.7434588999995
3,quantum/FB-QRE-RBF-ref-SVM,quantum,6,0.4444444444444444,0.65,"{""clf__C"": 10.0, ""clf__gamma_mult"": 0.25}",66.7434588999995
3,quantum/FB-QRE-RBF-ref-SVM,quantum,7,0.4444444444444444,0.6500000000000001,"{""clf__C"": 10.0, ""clf__gamma_mult"": 0.25}",66.7434588999995
3,quantum/FB-QRE-RBF-ref-SVM,quantum,8,0.6666666666666666,0.8,"{""clf__C"": 10.0, ""clf__gamma_mult"": 1.0}",66.7434588999995
3,quantum/FB-QRE-RBF-ref-SVM,quantum,9,0.6666666666666666,0.75,"{""clf__C"": 10.0, ""clf__gamma_mult"": 0.25}",66.7434588999995
3,quantum/FB-QRE-RBF-ref-SVM,quantum,10,0.5555555555555556,0.8,"{""clf__C"": 10.0, ""clf__gamma_mult"": 0.25}",66.7434588999995
3,quantum/FB-QRE-RBF-ref-SVM,quantum,11,0.5555555555555556,0.7,"{""clf__C"": 10.0, ""clf__gamma_mult"": 1.0}",66.7434588999995
3,quantum/FB-QRE-RBF-ref-SVM,quantum,12,0.7777777777777778,0.9,"{""clf__C"": 10.0, ""clf__gamma_mult"": 0.25}",66.7434588999995
3,quantum/FB-QRE-RBF-ref-SVM,quantum,13,0.7777777777777778,0.85,"{""clf__C"": 10.0, ""clf__gamma_mult"": 0.25}",66.7434588999995
3,quantum/FB-QRE-RBF-ref-SVM,quantum,14,0.5555555555555556,0.6,"{""clf__C"": 1.0, ""clf__gamma_mult"": 1.0}",66.7434588999995
3,control/FB-riemann-kernel-SVM,control,0,1.0,1.0,"{""clf__C"": 1.0}",38.92476859999988
3,control/FB-riemann-kernel-SVM,control,1,0.5555555555555556,0.5499999999999999,"{""clf__C"": 0.1}",38.92476859999988
3,control/FB-riemann-kernel-SVM,control,2,0.4444444444444444,0.6,"{""clf__C"": 0.1}",38.92476859999988
3,control/FB-riemann-kernel-SVM,control,3,0.5555555555555556,0.5,"{""clf__C"": 1.0}",38.92476859999988
3,control/FB-riemann-kernel-SVM,control,4,0.6666666666666666,0.7,"{""clf__C"": 0.1}",38.92476859999988
3,control/FB-riemann-kernel-SVM,control,5,0.7777777777777778,0.9,"{""clf__C"": 1.0}",38.92476859999988
3,control/FB-riemann-kernel-SVM,control,6,0.5555555555555556,0.5,"{""clf__C"": 1.0}",38.92476859999988
3,control/FB-riemann-kernel-SVM,control,7,0.5555555555555556,0.75,"{""clf__C"": 1.0}",38.92476859999988
3,control/FB-riemann-kernel-SVM,control,8,0.6666666666666666,0.8,"{""clf__C"": 0.1}",38.92476859999988
3,control/FB-riemann-kernel-SVM,control,9,0.7777777777777778,0.8,"{""clf__C"": 1.0}",38.92476859999988
3,control/FB-riemann-kernel-SVM,control,10,0.6666666666666666,0.8,"{""clf__C"": 0.1}",38.92476859999988
3,control/FB-riemann-kernel-SVM,control,11,0.7777777777777778,0.75,"{""clf__C"": 0.1}",38.92476859999988
3,control/FB-riemann-kernel-SVM,control,12,0.7777777777777778,0.8,"{""clf__C"": 1.0}",38.92476859999988
3,control/FB-riemann-kernel-SVM,control,13,0.6666666666666666,0.9,"{""clf__C"": 0.1}",38.92476859999988
3,control/FB-riemann-kernel-SVM,control,14,0.6666666666666666,0.55,"{""clf__C"": 1.0}",38.92476859999988
3,control/FB-logeuclid-kernel-SVM,control,0,1.0,1.0,"{""clf__C"": 1.0}",38.72892330000013
3,control/FB-logeuclid-kernel-SVM,control,1,0.5555555555555556,0.5,"{""clf__C"": 1.0}",38.72892330000013
3,control/FB-logeuclid-kernel-SVM,control,2,0.4444444444444444,0.5,"{""clf__C"": 0.1}",38.72892330000013
3,control/FB-logeuclid-kernel-SVM,control,3,0.5555555555555556,0.5,"{""clf__C"": 1.0}",38.72892330000013
3,control/FB-logeuclid-kernel-SVM,control,4,0.4444444444444444,0.5499999999999999,"{""clf__C"": 0.1}",38.72892330000013
3,control/FB-logeuclid-kernel-SVM,control,5,0.6666666666666666,0.9,"{""clf__C"": 0.1}",38.72892330000013
3,control/FB-logeuclid-kernel-SVM,control,6,0.6666666666666666,0.7,"{""clf__C"": 1.0}",38.72892330000013
3,control/FB-logeuclid-kernel-SVM,control,7,0.5555555555555556,0.75,"{""clf__C"": 1.0}",38.72892330000013
3,control/FB-logeuclid-kernel-SVM,control,8,0.6666666666666666,0.8,"{""clf__C"": 0.1}",38.72892330000013
3,control/FB-logeuclid-kernel-SVM,control,9,0.4444444444444444,0.75,"{""clf__C"": 0.1}",38.72892330000013
3,control/FB-logeuclid-kernel-SVM,control,10,0.6666666666666666,0.8,"{""clf__C"": 0.1}",38.72892330000013
3,control/FB-logeuclid-kernel-SVM,control,11,0.6666666666666666,0.75,"{""clf__C"": 1.0}",38.72892330000013
3,control/FB-logeuclid-kernel-SVM,control,12,0.7777777777777778,0.75,"{""clf__C"": 1.0}",38.72892330000013
3,control/FB-logeuclid-kernel-SVM,control,13,0.7777777777777778,0.9,"{""clf__C"": 1.0}",38.72892330000013
3,control/FB-logeuclid-kernel-SVM,control,14,0.4444444444444444,0.6,"{""clf__C"": 1.0}",38.72892330000013
4,classical/FBCSP+LDA,classical,0,0.7777777777777778,0.8,"{""perband__base__csp__nfilter"": 2}",41.682433999999375
4,classical/FBCSP+LDA,classical,1,0.4444444444444444,0.55,"{""perband__base__csp__nfilter"": 2}",41.682433999999375
4,classical/FBCSP+LDA,classical,2,0.7777777777777778,0.95,"{""perband__base__csp__nfilter"": 2}",41.682433999999375
4,classical/FBCSP+LDA,classical,3,0.7777777777777778,0.8,"{""perband__base__csp__nfilter"": 2}",41.682433999999375
4,classical/FBCSP+LDA,classical,4,0.6666666666666666,0.7,"{""perband__base__csp__nfilter"": 6}",41.682433999999375
4,classical/FBCSP+LDA,classical,5,0.7777777777777778,0.9,"{""perband__base__csp__nfilter"": 2}",41.682433999999375
4,classical/FBCSP+LDA,classical,6,1.0,1.0,"{""perband__base__csp__nfilter"": 2}",41.682433999999375
4,classical/FBCSP+LDA,classical,7,0.5555555555555556,0.8,"{""perband__base__csp__nfilter"": 2}",41.682433999999375
4,classical/FBCSP+LDA,classical,8,0.4444444444444444,0.7,"{""perband__base__csp__nfilter"": 2}",41.682433999999375
4,classical/FBCSP+LDA,classical,9,0.7777777777777778,0.9,"{""perband__base__csp__nfilter"": 4}",41.682433999999375
4,classical/FBCSP+LDA,classical,10,0.6666666666666666,0.75,"{""perband__base__csp__nfilter"": 6}",41.682433999999375
4,classical/FBCSP+LDA,classical,11,0.7777777777777778,0.9,"{""perband__base__csp__nfilter"": 2}",41.682433999999375
4,classical/FBCSP+LDA,classical,12,0.7777777777777778,0.95,"{""perband__base__csp__nfilter"": 2}",41.682433999999375
4,classical/FBCSP+LDA,classical,13,0.7777777777777778,0.95,"{""perband__base__csp__nfilter"": 4}",41.682433999999375
4,classical/FBCSP+LDA,classical,14,0.6666666666666666,0.9,"{""perband__base__csp__nfilter"": 2}",41.682433999999375
4,classical/FB-TS+LR,classical,0,0.7777777777777778,0.9,"{""clf__C"": 0.1}",56.53658859999996
4,classical/FB-TS+LR,classical,1,0.5555555555555556,0.6,"{""clf__C"": 0.1}",56.53658859999996
4,classical/FB-TS+LR,classical,2,0.6666666666666666,0.7000000000000001,"{""clf__C"": 1.0}",56.53658859999996
4,classical/FB-TS+LR,classical,3,0.7777777777777778,0.7000000000000001,"{""clf__C"": 0.1}",56.53658859999996
4,classical/FB-TS+LR,classical,4,0.6666666666666666,0.7,"{""clf__C"": 0.1}",56.53658859999996
4,classical/FB-TS+LR,classical,5,0.5555555555555556,0.75,"{""clf__C"": 0.1}",56.53658859999996
4,classical/FB-TS+LR,classical,6,0.8888888888888888,0.95,"{""clf__C"": 0.1}",56.53658859999996
4,classical/FB-TS+LR,classical,7,0.5555555555555556,0.5,"{""clf__C"": 0.1}",56.53658859999996
4,classical/FB-TS+LR,classical,8,0.5555555555555556,0.65,"{""clf__C"": 0.1}",56.53658859999996
4,classical/FB-TS+LR,classical,9,0.7777777777777778,0.95,"{""clf__C"": 0.1}",56.53658859999996
4,classical/FB-TS+LR,classical,10,0.6666666666666666,0.7000000000000001,"{""clf__C"": 1.0}",56.53658859999996
4,classical/FB-TS+LR,classical,11,0.6666666666666666,0.85,"{""clf__C"": 0.1}",56.53658859999996
4,classical/FB-TS+LR,classical,12,0.5555555555555556,0.65,"{""clf__C"": 0.1}",56.53658859999996
4,classical/FB-TS+LR,classical,13,0.7777777777777778,0.7000000000000001,"{""clf__C"": 0.1}",56.53658859999996
4,classical/FB-TS+LR,classical,14,0.6666666666666666,0.7,"{""clf__C"": 0.1}",56.53658859999996
4,classical/FB-TS+RBF-SVM,classical,0,0.7777777777777778,0.9,"{""clf__C"": 10.0, ""clf__gamma"": 0.01}",94.18476910000028
4,classical/FB-TS+RBF-SVM,classical,1,0.5555555555555556,0.7,"{""clf__C"": 10.0, ""clf__gamma"": 0.01}",94.18476910000028
4,classical/FB-TS+RBF-SVM,classical,2,0.6666666666666666,0.8,"{""clf__C"": 10.0, ""clf__gamma"": ""scale""}",94.18476910000028
4,classical/FB-TS+RBF-SVM,classical,3,0.6666666666666666,0.75,"{""clf__C"": 10.0, ""clf__gamma"": 0.01}",94.18476910000028
4,classical/FB-TS+RBF-SVM,classical,4,0.6666666666666666,0.8,"{""clf__C"": 10.0, ""clf__gamma"": ""scale""}",94.18476910000028
4,classical/FB-TS+RBF-SVM,classical,5,0.5555555555555556,0.75,"{""clf__C"": 1.0, ""clf__gamma"": ""scale""}",94.18476910000028
4,classical/FB-TS+RBF-SVM,classical,6,0.8888888888888888,0.9,"{""clf__C"": 10.0, ""clf__gamma"": ""scale""}",94.18476910000028
4,classical/FB-TS+RBF-SVM,classical,7,0.5555555555555556,0.6,"{""clf__C"": 10.0, ""clf__gamma"": 0.01}",94.18476910000028
4,classical/FB-TS+RBF-SVM,classical,8,0.5555555555555556,0.65,"{""clf__C"": 10.0, ""clf__gamma"": 0.01}",94.18476910000028
4,classical/FB-TS+RBF-SVM,classical,9,0.7777777777777778,0.95,"{""clf__C"": 10.0, ""clf__gamma"": ""scale""}",94.18476910000028
4,classical/FB-TS+RBF-SVM,classical,10,0.7777777777777778,0.75,"{""clf__C"": 10.0, ""clf__gamma"": ""scale""}",94.18476910000028
4,classical/FB-TS+RBF-SVM,classical,11,0.7777777777777778,0.85,"{""clf__C"": 10.0, ""clf__gamma"": ""scale""}",94.18476910000028
4,classical/FB-TS+RBF-SVM,classical,12,0.6666666666666666,0.65,"{""clf__C"": 10.0, ""clf__gamma"": 0.01}",94.18476910000028
4,classical/FB-TS+RBF-SVM,classical,13,0.7777777777777778,0.8,"{""clf__C"": 10.0, ""clf__gamma"": ""scale""}",94.18476910000028
4,classical/FB-TS+RBF-SVM,classical,14,0.5555555555555556,0.8,"{""clf__C"": 10.0, ""clf__gamma"": 0.01}",94.18476910000028
4,quantum/FB-HS-overlap-SVM,quantum,0,0.5555555555555556,0.3999999999999999,"{""clf__C"": 0.1}",40.52137390000007
4,quantum/FB-HS-overlap-SVM,quantum,1,0.6666666666666666,0.6,"{""clf__C"": 0.1}",40.52137390000007
4,quantum/FB-HS-overlap-SVM,quantum,2,0.6666666666666666,0.8,"{""clf__C"": 0.1}",40.52137390000007
4,quantum/FB-HS-overlap-SVM,quantum,3,0.4444444444444444,0.875,"{""clf__C"": 0.1}",40.52137390000007
4,quantum/FB-HS-overlap-SVM,quantum,4,0.4444444444444444,0.6,"{""clf__C"": 0.1}",40.52137390000007
4,quantum/FB-HS-overlap-SVM,quantum,5,0.7777777777777778,0.7,"{""clf__C"": 0.1}",40.52137390000007
4,quantum/FB-HS-overlap-SVM,quantum,6,0.4444444444444444,0.35,"{""clf__C"": 0.1}",40.52137390000007
4,quantum/FB-HS-overlap-SVM,quantum,7,0.6666666666666666,0.95,"{""clf__C"": 0.1}",40.52137390000007
4,quantum/FB-HS-overlap-SVM,quantum,8,0.4444444444444444,0.6,"{""clf__C"": 0.1}",40.52137390000007
4,quantum/FB-HS-overlap-SVM,quantum,9,0.4444444444444444,0.8,"{""clf__C"": 0.1}",40.52137390000007
4,quantum/FB-HS-overlap-SVM,quantum,10,0.6666666666666666,0.65,"{""clf__C"": 0.1}",40.52137390000007
4,quantum/FB-HS-overlap-SVM,quantum,11,0.5555555555555556,0.5,"{""clf__C"": 0.1}",40.52137390000007
4,quantum/FB-HS-overlap-SVM,quantum,12,0.6666666666666666,0.525,"{""clf__C"": 0.1}",40.52137390000007
4,quantum/FB-HS-overlap-SVM,quantum,13,0.4444444444444444,0.5,"{""clf__C"": 0.1}",40.52137390000007
4,quantum/FB-HS-overlap-SVM,quantum,14,0.4444444444444444,0.7,"{""clf__C"": 0.1}",40.52137390000007
4,quantum/FB-HS-overlap-ref-SVM,quantum,0,0.6666666666666666,0.75,"{""clf__C"": 10.0}",51.85834460000024
4,quantum/FB-HS-overlap-ref-SVM,quantum,1,0.4444444444444444,0.6,"{""clf__C"": 10.0}",51.85834460000024
4,quantum/FB-HS-overlap-ref-SVM,quantum,2,0.6666666666666666,0.75,"{""clf__C"": 10.0}",51.85834460000024
4,quantum/FB-HS-overlap-ref-SVM,quantum,3,0.5555555555555556,0.6000000000000001,"{""clf__C"": 10.0}",51.85834460000024
4,quantum/FB-HS-overlap-ref-SVM,quantum,4,0.6666666666666666,0.75,"{""clf__C"": 10.0}",51.85834460000024
4,quantum/FB-HS-overlap-ref-SVM,quantum,5,0.5555555555555556,0.65,"{""clf__C"": 10.0}",51.85834460000024
4,quantum/FB-HS-overlap-ref-SVM,quantum,6,0.6666666666666666,0.9,"{""clf__C"": 10.0}",51.85834460000024
4,quantum/FB-HS-overlap-ref-SVM,quantum,7,0.4444444444444444,0.4499999999999999,"{""clf__C"": 10.0}",51.85834460000024
4,quantum/FB-HS-overlap-ref-SVM,quantum,8,0.5555555555555556,0.6,"{""clf__C"": 10.0}",51.85834460000024
4,quantum/FB-HS-overlap-ref-SVM,quantum,9,0.8888888888888888,0.95,"{""clf__C"": 10.0}",51.85834460000024
4,quantum/FB-HS-overlap-ref-SVM,quantum,10,0.4444444444444444,0.55,"{""clf__C"": 10.0}",51.85834460000024
4,quantum/FB-HS-overlap-ref-SVM,quantum,11,0.7777777777777778,1.0,"{""clf__C"": 10.0}",51.85834460000024
4,quantum/FB-HS-overlap-ref-SVM,quantum,12,0.5555555555555556,0.6,"{""clf__C"": 10.0}",51.85834460000024
4,quantum/FB-HS-overlap-ref-SVM,quantum,13,0.7777777777777778,0.85,"{""clf__C"": 10.0}",51.85834460000024
4,quantum/FB-HS-overlap-ref-SVM,quantum,14,0.6666666666666666,0.75,"{""clf__C"": 10.0}",51.85834460000024
4,quantum/FB-Fidelity-SVM,quantum,0,0.5555555555555556,0.3999999999999999,"{""clf__C"": 0.1}",50.13310369999999
4,quantum/FB-Fidelity-SVM,quantum,1,0.6666666666666666,0.6,"{""clf__C"": 0.1}",50.13310369999999
4,quantum/FB-Fidelity-SVM,quantum,2,0.6666666666666666,0.85,"{""clf__C"": 0.1}",50.13310369999999
4,quantum/FB-Fidelity-SVM,quantum,3,0.4444444444444444,0.75,"{""clf__C"": 0.1}",50.13310369999999
4,quantum/FB-Fidelity-SVM,quantum,4,0.4444444444444444,0.5,"{""clf__C"": 0.1}",50.13310369999999
4,quantum/FB-Fidelity-SVM,quantum,5,0.7777777777777778,0.7,"{""clf__C"": 0.1}",50.13310369999999
4,quantum/FB-Fidelity-SVM,quantum,6,0.4444444444444444,0.35,"{""clf__C"": 0.1}",50.13310369999999
4,quantum/FB-Fidelity-SVM,quantum,7,0.6666666666666666,1.0,"{""clf__C"": 0.1}",50.13310369999999
4,quantum/FB-Fidelity-SVM,quantum,8,0.4444444444444444,0.5,"{""clf__C"": 0.1}",50.13310369999999
4,quantum/FB-Fidelity-SVM,quantum,9,0.4444444444444444,0.6499999999999999,"{""clf__C"": 0.1}",50.13310369999999
4,quantum/FB-Fidelity-SVM,quantum,10,0.6666666666666666,0.6,"{""clf__C"": 0.1}",50.13310369999999
4,quantum/FB-Fidelity-SVM,quantum,11,0.5555555555555556,0.7,"{""clf__C"": 0.1}",50.13310369999999
4,quantum/FB-Fidelity-SVM,quantum,12,0.6666666666666666,0.4499999999999999,"{""clf__C"": 0.1}",50.13310369999999
4,quantum/FB-Fidelity-SVM,quantum,13,0.4444444444444444,0.5,"{""clf__C"": 0.1}",50.13310369999999
4,quantum/FB-Fidelity-SVM,quantum,14,0.4444444444444444,0.7,"{""clf__C"": 0.1}",50.13310369999999
4,quantum/FB-Fidelity-ref-SVM,quantum,0,0.6666666666666666,0.85,"{""clf__C"": 10.0}",55.53091249999943
4,quantum/FB-Fidelity-ref-SVM,quantum,1,0.3333333333333333,0.55,"{""clf__C"": 10.0}",55.53091249999943
4,quantum/FB-Fidelity-ref-SVM,quantum,2,0.6666666666666666,0.75,"{""clf__C"": 10.0}",55.53091249999943
4,quantum/FB-Fidelity-ref-SVM,quantum,3,0.5555555555555556,0.55,"{""clf__C"": 10.0}",55.53091249999943
4,quantum/FB-Fidelity-ref-SVM,quantum,4,0.6666666666666666,0.75,"{""clf__C"": 10.0}",55.53091249999943
4,quantum/FB-Fidelity-ref-SVM,quantum,5,0.5555555555555556,0.7000000000000001,"{""clf__C"": 10.0}",55.53091249999943
4,quantum/FB-Fidelity-ref-SVM,quantum,6,0.7777777777777778,0.9,"{""clf__C"": 10.0}",55.53091249999943
4,quantum/FB-Fidelity-ref-SVM,quantum,7,0.4444444444444444,0.6,"{""clf__C"": 10.0}",55.53091249999943
4,quantum/FB-Fidelity-ref-SVM,quantum,8,0.5555555555555556,0.6,"{""clf__C"": 10.0}",55.53091249999943
4,quantum/FB-Fidelity-ref-SVM,quantum,9,0.8888888888888888,0.95,"{""clf__C"": 10.0}",55.53091249999943
4,quantum/FB-Fidelity-ref-SVM,quantum,10,0.5555555555555556,0.7000000000000001,"{""clf__C"": 10.0}",55.53091249999943
4,quantum/FB-Fidelity-ref-SVM,quantum,11,0.7777777777777778,0.95,"{""clf__C"": 10.0}",55.53091249999943
4,quantum/FB-Fidelity-ref-SVM,quantum,12,0.5555555555555556,0.65,"{""clf__C"": 10.0}",55.53091249999943
4,quantum/FB-Fidelity-ref-SVM,quantum,13,0.6666666666666666,0.8500000000000001,"{""clf__C"": 10.0}",55.53091249999943
4,quantum/FB-Fidelity-ref-SVM,quantum,14,0.6666666666666666,0.75,"{""clf__C"": 10.0}",55.53091249999943
4,quantum/FB-HS-RBF-SVM,quantum,0,0.5555555555555556,0.3999999999999999,"{""clf__C"": 1.0, ""clf__gamma_mult"": 0.25}",48.99759650000033
4,quantum/FB-HS-RBF-SVM,quantum,1,0.6666666666666666,0.6,"{""clf__C"": 1.0, ""clf__gamma_mult"": 0.25}",48.99759650000033
4,quantum/FB-HS-RBF-SVM,quantum,2,0.6666666666666666,0.7,"{""clf__C"": 1.0, ""clf__gamma_mult"": 0.25}",48.99759650000033
4,quantum/FB-HS-RBF-SVM,quantum,3,0.4444444444444444,0.55,"{""clf__C"": 10.0, ""clf__gamma_mult"": 1.0}",48.99759650000033
4,quantum/FB-HS-RBF-SVM,quantum,4,0.3333333333333333,0.45,"{""clf__C"": 1.0, ""clf__gamma_mult"": 0.25}",48.99759650000033
4,quantum/FB-HS-RBF-SVM,quantum,5,0.4444444444444444,0.5499999999999999,"{""clf__C"": 10.0, ""clf__gamma_mult"": 1.0}",48.99759650000033
4,quantum/FB-HS-RBF-SVM,quantum,6,0.4444444444444444,0.1999999999999999,"{""clf__C"": 1.0, ""clf__gamma_mult"": 0.25}",48.99759650000033
4,quantum/FB-HS-RBF-SVM,quantum,7,0.6666666666666666,0.8,"{""clf__C"": 1.0, ""clf__gamma_mult"": 0.25}",48.99759650000033
4,quantum/FB-HS-RBF-SVM,quantum,8,0.4444444444444444,0.6,"{""clf__C"": 1.0, ""clf__gamma_mult"": 0.25}",48.99759650000033
4,quantum/FB-HS-RBF-SVM,quantum,9,0.7777777777777778,0.7,"{""clf__C"": 1.0, ""clf__gamma_mult"": 0.25}",48.99759650000033
4,quantum/FB-HS-RBF-SVM,quantum,10,0.6666666666666666,0.65,"{""clf__C"": 1.0, ""clf__gamma_mult"": 0.25}",48.99759650000033
4,quantum/FB-HS-RBF-SVM,quantum,11,0.5555555555555556,0.5,"{""clf__C"": 1.0, ""clf__gamma_mult"": 0.25}",48.99759650000033
4,quantum/FB-HS-RBF-SVM,quantum,12,0.5555555555555556,0.6,"{""clf__C"": 1.0, ""clf__gamma_mult"": 0.25}",48.99759650000033
4,quantum/FB-HS-RBF-SVM,quantum,13,0.4444444444444444,0.45,"{""clf__C"": 10.0, ""clf__gamma_mult"": 1.0}",48.99759650000033
4,quantum/FB-HS-RBF-SVM,quantum,14,0.4444444444444444,0.6,"{""clf__C"": 10.0, ""clf__gamma_mult"": 1.0}",48.99759650000033
4,quantum/FB-HS-RBF-ref-SVM,quantum,0,0.7777777777777778,0.85,"{""clf__C"": 1.0, ""clf__gamma_mult"": 1.0}",68.08206690000043
4,quantum/FB-HS-RBF-ref-SVM,quantum,1,0.5555555555555556,0.65,"{""clf__C"": 10.0, ""clf__gamma_mult"": 1.0}",68.08206690000043
4,quantum/FB-HS-RBF-ref-SVM,quantum,2,0.6666666666666666,0.75,"{""clf__C"": 10.0, ""clf__gamma_mult"": 0.25}",68.08206690000043
4,quantum/FB-HS-RBF-ref-SVM,quantum,3,0.5555555555555556,0.6500000000000001,"{""clf__C"": 10.0, ""clf__gamma_mult"": 0.25}",68.08206690000043
4,quantum/FB-HS-RBF-ref-SVM,quantum,4,0.6666666666666666,0.8,"{""clf__C"": 10.0, ""clf__gamma_mult"": 1.0}",68.08206690000043
4,quantum/FB-HS-RBF-ref-SVM,quantum,5,0.6666666666666666,0.75,"{""clf__C"": 1.0, ""clf__gamma_mult"": 1.0}",68.08206690000043
4,quantum/FB-HS-RBF-ref-SVM,quantum,6,0.7777777777777778,0.9,"{""clf__C"": 10.0, ""clf__gamma_mult"": 1.0}",68.08206690000043
4,quantum/FB-HS-RBF-ref-SVM,quantum,7,0.5555555555555556,0.6,"{""clf__C"": 10.0, ""clf__gamma_mult"": 1.0}",68.08206690000043
4,quantum/FB-HS-RBF-ref-SVM,quantum,8,0.5555555555555556,0.6,"{""clf__C"": 10.0, ""clf__gamma_mult"": 0.25}",68.08206690000043
4,quantum/FB-HS-RBF-ref-SVM,quantum,9,0.8888888888888888,0.95,"{""clf__C"": 10.0, ""clf__gamma_mult"": 1.0}",68.08206690000043
4,quantum/FB-HS-RBF-ref-SVM,quantum,10,0.5555555555555556,0.55,"{""clf__C"": 10.0, ""clf__gamma_mult"": 0.25}",68.08206690000043
4,quantum/FB-HS-RBF-ref-SVM,quantum,11,0.8888888888888888,1.0,"{""clf__C"": 10.0, ""clf__gamma_mult"": 1.0}",68.08206690000043
4,quantum/FB-HS-RBF-ref-SVM,quantum,12,0.5555555555555556,0.6,"{""clf__C"": 10.0, ""clf__gamma_mult"": 0.25}",68.08206690000043
4,quantum/FB-HS-RBF-ref-SVM,quantum,13,0.7777777777777778,0.9,"{""clf__C"": 10.0, ""clf__gamma_mult"": 1.0}",68.08206690000043
4,quantum/FB-HS-RBF-ref-SVM,quantum,14,0.7777777777777778,0.75,"{""clf__C"": 10.0, ""clf__gamma_mult"": 1.0}",68.08206690000043
4,quantum/FB-Bures-RBF-SVM,quantum,0,0.5555555555555556,0.3999999999999999,"{""clf__C"": 1.0, ""clf__gamma_mult"": 0.25}",84.04999319999934
4,quantum/FB-Bures-RBF-SVM,quantum,1,0.6666666666666666,0.5,"{""clf__C"": 1.0, ""clf__gamma_mult"": 0.25}",84.04999319999934
4,quantum/FB-Bures-RBF-SVM,quantum,2,0.6666666666666666,0.6499999999999999,"{""clf__C"": 1.0, ""clf__gamma_mult"": 0.25}",84.04999319999934
4,quantum/FB-Bures-RBF-SVM,quantum,3,0.4444444444444444,0.6000000000000001,"{""clf__C"": 10.0, ""clf__gamma_mult"": 1.0}",84.04999319999934
4,quantum/FB-Bures-RBF-SVM,quantum,4,0.4444444444444444,0.6,"{""clf__C"": 1.0, ""clf__gamma_mult"": 0.25}",84.04999319999934
4,quantum/FB-Bures-RBF-SVM,quantum,5,0.4444444444444444,0.6,"{""clf__C"": 10.0, ""clf__gamma_mult"": 1.0}",84.04999319999934
4,quantum/FB-Bures-RBF-SVM,quantum,6,0.4444444444444444,0.1499999999999999,"{""clf__C"": 1.0, ""clf__gamma_mult"": 0.25}",84.04999319999934
4,quantum/FB-Bures-RBF-SVM,quantum,7,0.6666666666666666,0.8,"{""clf__C"": 1.0, ""clf__gamma_mult"": 0.25}",84.04999319999934
4,quantum/FB-Bures-RBF-SVM,quantum,8,0.4444444444444444,0.5,"{""clf__C"": 1.0, ""clf__gamma_mult"": 0.25}",84.04999319999934
4,quantum/FB-Bures-RBF-SVM,quantum,9,0.7777777777777778,0.7,"{""clf__C"": 1.0, ""clf__gamma_mult"": 0.25}",84.04999319999934
4,quantum/FB-Bures-RBF-SVM,quantum,10,0.6666666666666666,0.65,"{""clf__C"": 1.0, ""clf__gamma_mult"": 0.25}",84.04999319999934
4,quantum/FB-Bures-RBF-SVM,quantum,11,0.5555555555555556,0.55,"{""clf__C"": 1.0, ""clf__gamma_mult"": 0.25}",84.04999319999934
4,quantum/FB-Bures-RBF-SVM,quantum,12,0.5555555555555556,0.6,"{""clf__C"": 1.0, ""clf__gamma_mult"": 0.25}",84.04999319999934
4,quantum/FB-Bures-RBF-SVM,quantum,13,0.4444444444444444,0.45,"{""clf__C"": 10.0, ""clf__gamma_mult"": 1.0}",84.04999319999934
4,quantum/FB-Bures-RBF-SVM,quantum,14,0.4444444444444444,0.6,"{""clf__C"": 10.0, ""clf__gamma_mult"": 1.0}",84.04999319999934
4,quantum/FB-Bures-RBF-ref-SVM,quantum,0,0.7777777777777778,0.9,"{""clf__C"": 1.0, ""clf__gamma_mult"": 1.0}",104.76722590000008
4,quantum/FB-Bures-RBF-ref-SVM,quantum,1,0.6666666666666666,0.65,"{""clf__C"": 10.0, ""clf__gamma_mult"": 1.0}",104.76722590000008
4,quantum/FB-Bures-RBF-ref-SVM,quantum,2,0.6666666666666666,0.9,"{""clf__C"": 10.0, ""clf__gamma_mult"": 1.0}",104.76722590000008
4,quantum/FB-Bures-RBF-ref-SVM,quantum,3,0.7777777777777778,0.85,"{""clf__C"": 1.0, ""clf__gamma_mult"": 1.0}",104.76722590000008
4,quantum/FB-Bures-RBF-ref-SVM,quantum,4,0.6666666666666666,0.75,"{""clf__C"": 10.0, ""clf__gamma_mult"": 0.25}",104.76722590000008
4,quantum/FB-Bures-RBF-ref-SVM,quantum,5,0.7777777777777778,0.75,"{""clf__C"": 1.0, ""clf__gamma_mult"": 1.0}",104.76722590000008
4,quantum/FB-Bures-RBF-ref-SVM,quantum,6,0.7777777777777778,0.95,"{""clf__C"": 10.0, ""clf__gamma_mult"": 1.0}",104.76722590000008
4,quantum/FB-Bures-RBF-ref-SVM,quantum,7,0.4444444444444444,0.6,"{""clf__C"": 10.0, ""clf__gamma_mult"": 0.25}",104.76722590000008
4,quantum/FB-Bures-RBF-ref-SVM,quantum,8,0.5555555555555556,0.6499999999999999,"{""clf__C"": 10.0, ""clf__gamma_mult"": 0.25}",104.76722590000008
4,quantum/FB-Bures-RBF-ref-SVM,quantum,9,0.8888888888888888,1.0,"{""clf__C"": 10.0, ""clf__gamma_mult"": 1.0}",104.76722590000008
4,quantum/FB-Bures-RBF-ref-SVM,quantum,10,0.7777777777777778,0.75,"{""clf__C"": 10.0, ""clf__gamma_mult"": 1.0}",104.76722590000008
4,quantum/FB-Bures-RBF-ref-SVM,quantum,11,0.8888888888888888,0.95,"{""clf__C"": 10.0, ""clf__gamma_mult"": 4.0}",104.76722590000008
4,quantum/FB-Bures-RBF-ref-SVM,quantum,12,0.5555555555555556,0.7,"{""clf__C"": 10.0, ""clf__gamma_mult"": 1.0}",104.76722590000008
4,quantum/FB-Bures-RBF-ref-SVM,quantum,13,0.6666666666666666,0.9,"{""clf__C"": 10.0, ""clf__gamma_mult"": 0.25}",104.76722590000008
4,quantum/FB-Bures-RBF-ref-SVM,quantum,14,0.6666666666666666,0.75,"{""clf__C"": 10.0, ""clf__gamma_mult"": 1.0}",104.76722590000008
4,quantum/FB-QRE-RBF-SVM,quantum,0,0.5555555555555556,0.3999999999999999,"{""clf__C"": 1.0, ""clf__gamma_mult"": 0.25}",60.99608529999932
4,quantum/FB-QRE-RBF-SVM,quantum,1,0.6666666666666666,0.6,"{""clf__C"": 1.0, ""clf__gamma_mult"": 0.25}",60.99608529999932
4,quantum/FB-QRE-RBF-SVM,quantum,2,0.6666666666666666,0.6499999999999999,"{""clf__C"": 1.0, ""clf__gamma_mult"": 0.25}",60.99608529999932
4,quantum/FB-QRE-RBF-SVM,quantum,3,0.4444444444444444,0.5,"{""clf__C"": 10.0, ""clf__gamma_mult"": 1.0}",60.99608529999932
4,quantum/FB-QRE-RBF-SVM,quantum,4,0.4444444444444444,0.55,"{""clf__C"": 1.0, ""clf__gamma_mult"": 0.25}",60.99608529999932
4,quantum/FB-QRE-RBF-SVM,quantum,5,0.4444444444444444,0.5499999999999999,"{""clf__C"": 10.0, ""clf__gamma_mult"": 1.0}",60.99608529999932
4,quantum/FB-QRE-RBF-SVM,quantum,6,0.4444444444444444,0.0499999999999999,"{""clf__C"": 1.0, ""clf__gamma_mult"": 0.25}",60.99608529999932
4,quantum/FB-QRE-RBF-SVM,quantum,7,0.6666666666666666,0.75,"{""clf__C"": 1.0, ""clf__gamma_mult"": 0.25}",60.99608529999932
4,quantum/FB-QRE-RBF-SVM,quantum,8,0.4444444444444444,0.55,"{""clf__C"": 1.0, ""clf__gamma_mult"": 0.25}",60.99608529999932
4,quantum/FB-QRE-RBF-SVM,quantum,9,0.7777777777777778,0.75,"{""clf__C"": 1.0, ""clf__gamma_mult"": 0.25}",60.99608529999932
4,quantum/FB-QRE-RBF-SVM,quantum,10,0.6666666666666666,0.6,"{""clf__C"": 1.0, ""clf__gamma_mult"": 0.25}",60.99608529999932
4,quantum/FB-QRE-RBF-SVM,quantum,11,0.5555555555555556,0.4999999999999999,"{""clf__C"": 1.0, ""clf__gamma_mult"": 0.25}",60.99608529999932
4,quantum/FB-QRE-RBF-SVM,quantum,12,0.5555555555555556,0.4499999999999999,"{""clf__C"": 1.0, ""clf__gamma_mult"": 0.25}",60.99608529999932
4,quantum/FB-QRE-RBF-SVM,quantum,13,0.4444444444444444,0.45,"{""clf__C"": 10.0, ""clf__gamma_mult"": 1.0}",60.99608529999932
4,quantum/FB-QRE-RBF-SVM,quantum,14,0.4444444444444444,0.6,"{""clf__C"": 10.0, ""clf__gamma_mult"": 1.0}",60.99608529999932
4,quantum/FB-QRE-RBF-ref-SVM,quantum,0,0.7777777777777778,0.9,"{""clf__C"": 1.0, ""clf__gamma_mult"": 1.0}",79.17617770000015
4,quantum/FB-QRE-RBF-ref-SVM,quantum,1,0.6666666666666666,0.65,"{""clf__C"": 10.0, ""clf__gamma_mult"": 1.0}",79.17617770000015
4,quantum/FB-QRE-RBF-ref-SVM,quantum,2,0.6666666666666666,0.9,"{""clf__C"": 10.0, ""clf__gamma_mult"": 1.0}",79.17617770000015
4,quantum/FB-QRE-RBF-ref-SVM,quantum,3,0.6666666666666666,0.85,"{""clf__C"": 1.0, ""clf__gamma_mult"": 1.0}",79.17617770000015
4,quantum/FB-QRE-RBF-ref-SVM,quantum,4,0.7777777777777778,0.9,"{""clf__C"": 1.0, ""clf__gamma_mult"": 1.0}",79.17617770000015
4,quantum/FB-QRE-RBF-ref-SVM,quantum,5,0.5555555555555556,0.7000000000000001,"{""clf__C"": 10.0, ""clf__gamma_mult"": 0.25}",79.17617770000015
4,quantum/FB-QRE-RBF-ref-SVM,quantum,6,0.7777777777777778,0.95,"{""clf__C"": 10.0, ""clf__gamma_mult"": 1.0}",79.17617770000015
4,quantum/FB-QRE-RBF-ref-SVM,quantum,7,0.4444444444444444,0.5499999999999999,"{""clf__C"": 10.0, ""clf__gamma_mult"": 0.25}",79.17617770000015
4,quantum/FB-QRE-RBF-ref-SVM,quantum,8,0.5555555555555556,0.6499999999999999,"{""clf__C"": 10.0, ""clf__gamma_mult"": 0.25}",79.17617770000015
4,quantum/FB-QRE-RBF-ref-SVM,quantum,9,0.8888888888888888,1.0,"{""clf__C"": 10.0, ""clf__gamma_mult"": 1.0}",79.17617770000015
4,quantum/FB-QRE-RBF-ref-SVM,quantum,10,0.7777777777777778,0.75,"{""clf__C"": 10.0, ""clf__gamma_mult"": 1.0}",79.17617770000015
4,quantum/FB-QRE-RBF-ref-SVM,quantum,11,0.8888888888888888,0.95,"{""clf__C"": 10.0, ""clf__gamma_mult"": 4.0}",79.17617770000015
4,quantum/FB-QRE-RBF-ref-SVM,quantum,12,0.5555555555555556,0.65,"{""clf__C"": 10.0, ""clf__gamma_mult"": 1.0}",79.17617770000015
4,quantum/FB-QRE-RBF-ref-SVM,quantum,13,0.7777777777777778,0.9,"{""clf__C"": 10.0, ""clf__gamma_mult"": 1.0}",79.17617770000015
4,quantum/FB-QRE-RBF-ref-SVM,quantum,14,0.6666666666666666,0.75,"{""clf__C"": 10.0, ""clf__gamma_mult"": 0.25}",79.17617770000015
4,control/FB-riemann-kernel-SVM,control,0,0.7777777777777778,0.85,"{""clf__C"": 0.1}",47.90019430000029
4,control/FB-riemann-kernel-SVM,control,1,0.5555555555555556,0.6,"{""clf__C"": 0.1}",47.90019430000029
4,control/FB-riemann-kernel-SVM,control,2,0.6666666666666666,0.75,"{""clf__C"": 1.0}",47.90019430000029
4,control/FB-riemann-kernel-SVM,control,3,0.5555555555555556,0.7,"{""clf__C"": 0.1}",47.90019430000029
4,control/FB-riemann-kernel-SVM,control,4,0.6666666666666666,0.7,"{""clf__C"": 0.1}",47.90019430000029
4,control/FB-riemann-kernel-SVM,control,5,0.5555555555555556,0.75,"{""clf__C"": 1.0}",47.90019430000029
4,control/FB-riemann-kernel-SVM,control,6,0.7777777777777778,0.85,"{""clf__C"": 1.0}",47.90019430000029
4,control/FB-riemann-kernel-SVM,control,7,0.5555555555555556,0.75,"{""clf__C"": 0.1}",47.90019430000029
4,control/FB-riemann-kernel-SVM,control,8,0.5555555555555556,0.7,"{""clf__C"": 0.1}",47.90019430000029
4,control/FB-riemann-kernel-SVM,control,9,0.7777777777777778,0.9,"{""clf__C"": 0.1}",47.90019430000029
4,control/FB-riemann-kernel-SVM,control,10,0.7777777777777778,0.7000000000000001,"{""clf__C"": 0.1}",47.90019430000029
4,control/FB-riemann-kernel-SVM,control,11,0.6666666666666666,0.95,"{""clf__C"": 0.1}",47.90019430000029
4,control/FB-riemann-kernel-SVM,control,12,0.5555555555555556,0.7,"{""clf__C"": 0.1}",47.90019430000029
4,control/FB-riemann-kernel-SVM,control,13,0.6666666666666666,0.8500000000000001,"{""clf__C"": 1.0}",47.90019430000029
4,control/FB-riemann-kernel-SVM,control,14,0.6666666666666666,0.75,"{""clf__C"": 0.1}",47.90019430000029
4,control/FB-logeuclid-kernel-SVM,control,0,0.8888888888888888,0.95,"{""clf__C"": 0.1}",49.14943179999955
4,control/FB-logeuclid-kernel-SVM,control,1,0.5555555555555556,0.6,"{""clf__C"": 0.1}",49.14943179999955
4,control/FB-logeuclid-kernel-SVM,control,2,0.6666666666666666,0.55,"{""clf__C"": 1.0}",49.14943179999955
4,control/FB-logeuclid-kernel-SVM,control,3,0.5555555555555556,0.6000000000000001,"{""clf__C"": 0.1}",49.14943179999955
4,control/FB-logeuclid-kernel-SVM,control,4,0.5555555555555556,0.75,"{""clf__C"": 1.0}",49.14943179999955
4,control/FB-logeuclid-kernel-SVM,control,5,0.6666666666666666,0.75,"{""clf__C"": 0.1}",49.14943179999955
4,control/FB-logeuclid-kernel-SVM,control,6,0.7777777777777778,0.8,"{""clf__C"": 1.0}",49.14943179999955
4,control/FB-logeuclid-kernel-SVM,control,7,0.5555555555555556,0.75,"{""clf__C"": 0.1}",49.14943179999955
4,control/FB-logeuclid-kernel-SVM,control,8,0.4444444444444444,0.65,"{""clf__C"": 1.0}",49.14943179999955
4,control/FB-logeuclid-kernel-SVM,control,9,0.7777777777777778,1.0,"{""clf__C"": 1.0}",49.14943179999955
4,control/FB-logeuclid-kernel-SVM,control,10,0.7777777777777778,0.75,"{""clf__C"": 0.1}",49.14943179999955
4,control/FB-logeuclid-kernel-SVM,control,11,0.6666666666666666,0.95,"{""clf__C"": 0.1}",49.14943179999955
4,control/FB-logeuclid-kernel-SVM,control,12,0.5555555555555556,0.7,"{""clf__C"": 0.1}",49.14943179999955
4,control/FB-logeuclid-kernel-SVM,control,13,0.6666666666666666,0.75,"{""clf__C"": 1.0}",49.14943179999955
4,control/FB-logeuclid-kernel-SVM,control,14,0.5555555555555556,0.65,"{""clf__C"": 0.1}",49.14943179999955
5,classical/FBCSP+LDA,classical,0,0.6666666666666666,0.75,"{""perband__base__csp__nfilter"": 6}",49.977811400000064
5,classical/FBCSP+LDA,classical,1,0.7777777777777778,0.8,"{""perband__base__csp__nfilter"": 6}",49.977811400000064
5,classical/FBCSP+LDA,classical,2,0.6666666666666666,0.75,"{""perband__base__csp__nfilter"": 4}",49.977811400000064
5,classical/FBCSP+LDA,classical,3,0.6666666666666666,0.7,"{""perband__base__csp__nfilter"": 2}",49.977811400000064
5,classical/FBCSP+LDA,classical,4,0.7777777777777778,1.0,"{""perband__base__csp__nfilter"": 2}",49.977811400000064
5,classical/FBCSP+LDA,classical,5,0.6666666666666666,0.7,"{""perband__base__csp__nfilter"": 2}",49.977811400000064
5,classical/FBCSP+LDA,classical,6,1.0,1.0,"{""perband__base__csp__nfilter"": 4}",49.977811400000064
5,classical/FBCSP+LDA,classical,7,0.4444444444444444,0.6000000000000001,"{""perband__base__csp__nfilter"": 2}",49.977811400000064
5,classical/FBCSP+LDA,classical,8,0.7777777777777778,0.95,"{""perband__base__csp__nfilter"": 4}",49.977811400000064
5,classical/FBCSP+LDA,classical,9,0.4444444444444444,0.55,"{""perband__base__csp__nfilter"": 6}",49.977811400000064
5,classical/FBCSP+LDA,classical,10,0.8888888888888888,0.95,"{""perband__base__csp__nfilter"": 2}",49.977811400000064
5,classical/FBCSP+LDA,classical,11,0.7777777777777778,0.85,"{""perband__base__csp__nfilter"": 6}",49.977811400000064
5,classical/FBCSP+LDA,classical,12,0.4444444444444444,0.35,"{""perband__base__csp__nfilter"": 4}",49.977811400000064
5,classical/FBCSP+LDA,classical,13,0.6666666666666666,0.75,"{""perband__base__csp__nfilter"": 4}",49.977811400000064
5,classical/FBCSP+LDA,classical,14,0.6666666666666666,0.75,"{""perband__base__csp__nfilter"": 2}",49.977811400000064
5,classical/FB-TS+LR,classical,0,0.5555555555555556,0.65,"{""clf__C"": 0.1}",55.26747530000012
5,classical/FB-TS+LR,classical,1,0.7777777777777778,0.8,"{""clf__C"": 0.1}",55.26747530000012
5,classical/FB-TS+LR,classical,2,0.6666666666666666,0.6,"{""clf__C"": 10.0}",55.26747530000012
5,classical/FB-TS+LR,classical,3,0.5555555555555556,0.4,"{""clf__C"": 1.0}",55.26747530000012
5,classical/FB-TS+LR,classical,4,0.6666666666666666,0.75,"{""clf__C"": 0.1}",55.26747530000012
5,classical/FB-TS+LR,classical,5,0.4444444444444444,0.4,"{""clf__C"": 0.1}",55.26747530000012
5,classical/FB-TS+LR,classical,6,0.8888888888888888,0.8,"{""clf__C"": 0.1}",55.26747530000012
5,classical/FB-TS+LR,classical,7,0.4444444444444444,0.45,"{""clf__C"": 1.0}",55.26747530000012
5,classical/FB-TS+LR,classical,8,0.8888888888888888,0.9,"{""clf__C"": 0.1}",55.26747530000012
5,classical/FB-TS+LR,classical,9,0.3333333333333333,0.5,"{""clf__C"": 1.0}",55.26747530000012
5,classical/FB-TS+LR,classical,10,0.5555555555555556,0.7,"{""clf__C"": 1.0}",55.26747530000012
5,classical/FB-TS+LR,classical,11,0.6666666666666666,0.8,"{""clf__C"": 0.1}",55.26747530000012
5,classical/FB-TS+LR,classical,12,0.3333333333333333,0.3,"{""clf__C"": 0.1}",55.26747530000012
5,classical/FB-TS+LR,classical,13,0.4444444444444444,0.55,"{""clf__C"": 0.1}",55.26747530000012
5,classical/FB-TS+LR,classical,14,0.7777777777777778,0.7,"{""clf__C"": 0.1}",55.26747530000012
5,classical/FB-TS+RBF-SVM,classical,0,0.6666666666666666,0.75,"{""clf__C"": 10.0, ""clf__gamma"": ""scale""}",93.29010289999952
5,classical/FB-TS+RBF-SVM,classical,1,0.7777777777777778,0.75,"{""clf__C"": 10.0, ""clf__gamma"": ""scale""}",93.29010289999952
5,classical/FB-TS+RBF-SVM,classical,2,0.5555555555555556,0.7,"{""clf__C"": 1.0, ""clf__gamma"": ""scale""}",93.29010289999952
5,classical/FB-TS+RBF-SVM,classical,3,0.6666666666666666,0.4,"{""clf__C"": 1.0, ""clf__gamma"": ""scale""}",93.29010289999952
5,classical/FB-TS+RBF-SVM,classical,4,0.5555555555555556,0.85,"{""clf__C"": 10.0, ""clf__gamma"": ""scale""}",93.29010289999952
5,classical/FB-TS+RBF-SVM,classical,5,0.3333333333333333,0.55,"{""clf__C"": 10.0, ""clf__gamma"": ""scale""}",93.29010289999952
5,classical/FB-TS+RBF-SVM,classical,6,0.6666666666666666,0.75,"{""clf__C"": 1.0, ""clf__gamma"": ""scale""}",93.29010289999952
5,classical/FB-TS+RBF-SVM,classical,7,0.4444444444444444,0.45,"{""clf__C"": 10.0, ""clf__gamma"": 0.01}",93.29010289999952
5,classical/FB-TS+RBF-SVM,classical,8,0.5555555555555556,0.8,"{""clf__C"": 0.1, ""clf__gamma"": ""scale""}",93.29010289999952
5,classical/FB-TS+RBF-SVM,classical,9,0.4444444444444444,0.4499999999999999,"{""clf__C"": 1.0, ""clf__gamma"": ""scale""}",93.29010289999952
5,classical/FB-TS+RBF-SVM,classical,10,0.6666666666666666,0.7000000000000001,"{""clf__C"": 10.0, ""clf__gamma"": ""scale""}",93.29010289999952
5,classical/FB-TS+RBF-SVM,classical,11,0.6666666666666666,0.7500000000000001,"{""clf__C"": 10.0, ""clf__gamma"": ""scale""}",93.29010289999952
5,classical/FB-TS+RBF-SVM,classical,12,0.5555555555555556,0.35,"{""clf__C"": 10.0, ""clf__gamma"": 0.01}",93.29010289999952
5,classical/FB-TS+RBF-SVM,classical,13,0.7777777777777778,0.65,"{""clf__C"": 10.0, ""clf__gamma"": 0.01}",93.29010289999952
5,classical/FB-TS+RBF-SVM,classical,14,0.6666666666666666,0.55,"{""clf__C"": 10.0, ""clf__gamma"": ""scale""}",93.29010289999952
5,quantum/FB-HS-overlap-SVM,quantum,0,0.5555555555555556,0.1,"{""clf__C"": 0.1}",39.11177550000048
5,quantum/FB-HS-overlap-SVM,quantum,1,0.5555555555555556,0.4,"{""clf__C"": 0.1}",39.11177550000048
5,quantum/FB-HS-overlap-SVM,quantum,2,0.5555555555555556,0.35,"{""clf__C"": 0.1}",39.11177550000048
5,quantum/FB-HS-overlap-SVM,quantum,3,0.5555555555555556,0.5,"{""clf__C"": 10.0}",39.11177550000048
5,quantum/FB-HS-overlap-SVM,quantum,4,0.4444444444444444,0.8,"{""clf__C"": 0.1}",39.11177550000048
5,quantum/FB-HS-overlap-SVM,quantum,5,0.5555555555555556,0.5,"{""clf__C"": 0.1}",39.11177550000048
5,quantum/FB-HS-overlap-SVM,quantum,6,0.5555555555555556,0.45,"{""clf__C"": 0.1}",39.11177550000048
5,quantum/FB-HS-overlap-SVM,quantum,7,0.5555555555555556,0.75,"{""clf__C"": 0.1}",39.11177550000048
5,quantum/FB-HS-overlap-SVM,quantum,8,0.5555555555555556,0.65,"{""clf__C"": 0.1}",39.11177550000048
5,quantum/FB-HS-overlap-SVM,quantum,9,0.4444444444444444,0.3249999999999999,"{""clf__C"": 0.1}",39.11177550000048
5,quantum/FB-HS-overlap-SVM,quantum,10,0.5555555555555556,0.35,"{""clf__C"": 0.1}",39.11177550000048
5,quantum/FB-HS-overlap-SVM,quantum,11,0.5555555555555556,0.3999999999999999,"{""clf__C"": 0.1}",39.11177550000048
5,quantum/FB-HS-overlap-SVM,quantum,12,0.1111111111111111,0.1,"{""clf__C"": 10.0}",39.11177550000048
5,quantum/FB-HS-overlap-SVM,quantum,13,0.5555555555555556,0.35,"{""clf__C"": 0.1}",39.11177550000048
5,quantum/FB-HS-overlap-SVM,quantum,14,0.4444444444444444,0.3,"{""clf__C"": 0.1}",39.11177550000048
5,quantum/FB-HS-overlap-ref-SVM,quantum,0,0.5555555555555556,0.6,"{""clf__C"": 10.0}",43.43047789999946
5,quantum/FB-HS-overlap-ref-SVM,quantum,1,0.7777777777777778,0.8,"{""clf__C"": 10.0}",43.43047789999946
5,quantum/FB-HS-overlap-ref-SVM,quantum,2,0.5555555555555556,0.7500000000000001,"{""clf__C"": 10.0}",43.43047789999946
5,quantum/FB-HS-overlap-ref-SVM,quantum,3,0.6666666666666666,0.55,"{""clf__C"": 10.0}",43.43047789999946
5,quantum/FB-HS-overlap-ref-SVM,quantum,4,0.6666666666666666,0.95,"{""clf__C"": 10.0}",43.43047789999946
5,quantum/FB-HS-overlap-ref-SVM,quantum,5,0.5555555555555556,0.55,"{""clf__C"": 10.0}",43.43047789999946
5,quantum/FB-HS-overlap-ref-SVM,quantum,6,0.7777777777777778,0.9,"{""clf__C"": 10.0}",43.43047789999946
5,quantum/FB-HS-overlap-ref-SVM,quantum,7,0.4444444444444444,0.45,"{""clf__C"": 10.0}",43.43047789999946
5,quantum/FB-HS-overlap-ref-SVM,quantum,8,0.8888888888888888,1.0,"{""clf__C"": 10.0}",43.43047789999946
5,quantum/FB-HS-overlap-ref-SVM,quantum,9,0.3333333333333333,0.3999999999999999,"{""clf__C"": 10.0}",43.43047789999946
5,quantum/FB-HS-overlap-ref-SVM,quantum,10,0.6666666666666666,0.8500000000000001,"{""clf__C"": 10.0}",43.43047789999946
5,quantum/FB-HS-overlap-ref-SVM,quantum,11,0.8888888888888888,0.9,"{""clf__C"": 10.0}",43.43047789999946
5,quantum/FB-HS-overlap-ref-SVM,quantum,12,0.2222222222222222,0.25,"{""clf__C"": 10.0}",43.43047789999946
5,quantum/FB-HS-overlap-ref-SVM,quantum,13,0.4444444444444444,0.65,"{""clf__C"": 10.0}",43.43047789999946
5,quantum/FB-HS-overlap-ref-SVM,quantum,14,0.4444444444444444,0.5499999999999999,"{""clf__C"": 10.0}",43.43047789999946
5,quantum/FB-Fidelity-SVM,quantum,0,0.5555555555555556,0.25,"{""clf__C"": 0.1}",42.44448589999956
5,quantum/FB-Fidelity-SVM,quantum,1,0.5555555555555556,0.35,"{""clf__C"": 0.1}",42.44448589999956
5,quantum/FB-Fidelity-SVM,quantum,2,0.5555555555555556,0.6,"{""clf__C"": 0.1}",42.44448589999956
5,quantum/FB-Fidelity-SVM,quantum,3,0.5555555555555556,0.5,"{""clf__C"": 0.1}",42.44448589999956
5,quantum/FB-Fidelity-SVM,quantum,4,0.4444444444444444,0.525,"{""clf__C"": 0.1}",42.44448589999956
5,quantum/FB-Fidelity-SVM,quantum,5,0.5555555555555556,0.4,"{""clf__C"": 0.1}",42.44448589999956
5,quantum/FB-Fidelity-SVM,quantum,6,0.5555555555555556,0.6000000000000001,"{""clf__C"": 0.1}",42.44448589999956
5,quantum/FB-Fidelity-SVM,quantum,7,0.5555555555555556,0.15,"{""clf__C"": 0.1}",42.44448589999956
5,quantum/FB-Fidelity-SVM,quantum,8,0.5555555555555556,0.575,"{""clf__C"": 0.1}",42.44448589999956
5,quantum/FB-Fidelity-SVM,quantum,9,0.4444444444444444,0.35,"{""clf__C"": 0.1}",42.44448589999956
5,quantum/FB-Fidelity-SVM,quantum,10,0.5555555555555556,0.45,"{""clf__C"": 0.1}",42.44448589999956
5,quantum/FB-Fidelity-SVM,quantum,11,0.5555555555555556,0.6000000000000001,"{""clf__C"": 0.1}",42.44448589999956
5,quantum/FB-Fidelity-SVM,quantum,12,0.5555555555555556,0.1,"{""clf__C"": 0.1}",42.44448589999956
5,quantum/FB-Fidelity-SVM,quantum,13,0.5555555555555556,0.525,"{""clf__C"": 0.1}",42.44448589999956
5,quantum/FB-Fidelity-SVM,quantum,14,0.4444444444444444,0.525,"{""clf__C"": 0.1}",42.44448589999956
5,quantum/FB-Fidelity-ref-SVM,quantum,0,0.5555555555555556,0.6,"{""clf__C"": 10.0}",50.110589800000525
5,quantum/FB-Fidelity-ref-SVM,quantum,1,0.8888888888888888,0.8,"{""clf__C"": 10.0}",50.110589800000525
5,quantum/FB-Fidelity-ref-SVM,quantum,2,0.5555555555555556,0.85,"{""clf__C"": 10.0}",50.110589800000525
5,quantum/FB-Fidelity-ref-SVM,quantum,3,0.6666666666666666,0.5,"{""clf__C"": 10.0}",50.110589800000525
5,quantum/FB-Fidelity-ref-SVM,quantum,4,0.4444444444444444,0.8500000000000001,"{""clf__C"": 0.1}",50.110589800000525
5,quantum/FB-Fidelity-ref-SVM,quantum,5,0.3333333333333333,0.55,"{""clf__C"": 10.0}",50.110589800000525
5,quantum/FB-Fidelity-ref-SVM,quantum,6,0.8888888888888888,0.85,"{""clf__C"": 10.0}",50.110589800000525
5,quantum/FB-Fidelity-ref-SVM,quantum,7,0.3333333333333333,0.45,"{""clf__C"": 10.0}",50.110589800000525
5,quantum/FB-Fidelity-ref-SVM,quantum,8,0.8888888888888888,1.0,"{""clf__C"": 10.0}",50.110589800000525
5,quantum/FB-Fidelity-ref-SVM,quantum,9,0.3333333333333333,0.4499999999999999,"{""clf__C"": 10.0}",50.110589800000525
5,quantum/FB-Fidelity-ref-SVM,quantum,10,0.7777777777777778,0.95,"{""clf__C"": 10.0}",50.110589800000525
5,quantum/FB-Fidelity-ref-SVM,quantum,11,0.6666666666666666,0.8,"{""clf__C"": 10.0}",50.110589800000525
5,quantum/FB-Fidelity-ref-SVM,quantum,12,0.4444444444444444,0.25,"{""clf__C"": 10.0}",50.110589800000525
5,quantum/FB-Fidelity-ref-SVM,quantum,13,0.4444444444444444,0.65,"{""clf__C"": 10.0}",50.110589800000525
5,quantum/FB-Fidelity-ref-SVM,quantum,14,0.5555555555555556,0.5,"{""clf__C"": 10.0}",50.110589800000525
5,quantum/FB-HS-RBF-SVM,quantum,0,0.3333333333333333,0.5499999999999999,"{""clf__C"": 10.0, ""clf__gamma_mult"": 0.25}",43.86353490000056
5,quantum/FB-HS-RBF-SVM,quantum,1,0.5555555555555556,0.5,"{""clf__C"": 10.0, ""clf__gamma_mult"": 4.0}",43.86353490000056
5,quantum/FB-HS-RBF-SVM,quantum,2,0.5555555555555556,0.8,"{""clf__C"": 1.0, ""clf__gamma_mult"": 0.25}",43.86353490000056
5,quantum/FB-HS-RBF-SVM,quantum,3,0.3333333333333333,0.4,"{""clf__C"": 10.0, ""clf__gamma_mult"": 1.0}",43.86353490000056
5,quantum/FB-HS-RBF-SVM,quantum,4,0.4444444444444444,0.65,"{""clf__C"": 0.1, ""clf__gamma_mult"": 0.25}",43.86353490000056
5,quantum/FB-HS-RBF-SVM,quantum,5,0.6666666666666666,0.45,"{""clf__C"": 10.0, ""clf__gamma_mult"": 4.0}",43.86353490000056
5,quantum/FB-HS-RBF-SVM,quantum,6,0.5555555555555556,0.4999999999999999,"{""clf__C"": 10.0, ""clf__gamma_mult"": 1.0}",43.86353490000056
5,quantum/FB-HS-RBF-SVM,quantum,7,0.4444444444444444,0.35,"{""clf__C"": 1.0, ""clf__gamma_mult"": 4.0}",43.86353490000056
5,quantum/FB-HS-RBF-SVM,quantum,8,0.5555555555555556,0.45,"{""clf__C"": 0.1, ""clf__gamma_mult"": 0.25}",43.86353490000056
5,quantum/FB-HS-RBF-SVM,quantum,9,0.4444444444444444,0.3999999999999999,"{""clf__C"": 0.1, ""clf__gamma_mult"": 0.25}",43.86353490000056
5,quantum/FB-HS-RBF-SVM,quantum,10,0.5555555555555556,0.55,"{""clf__C"": 10.0, ""clf__gamma_mult"": 4.0}",43.86353490000056
5,quantum/FB-HS-RBF-SVM,quantum,11,0.3333333333333333,0.25,"{""clf__C"": 10.0, ""clf__gamma_mult"": 4.0}",43.86353490000056
5,quantum/FB-HS-RBF-SVM,quantum,12,0.1111111111111111,0.1,"{""clf__C"": 1.0, ""clf__gamma_mult"": 0.25}",43.86353490000056
5,quantum/FB-HS-RBF-SVM,quantum,13,0.6666666666666666,0.6,"{""clf__C"": 1.0, ""clf__gamma_mult"": 4.0}",43.86353490000056
5,quantum/FB-HS-RBF-SVM,quantum,14,0.2222222222222222,0.45,"{""clf__C"": 10.0, ""clf__gamma_mult"": 0.25}",43.86353490000056
5,quantum/FB-HS-RBF-ref-SVM,quantum,0,0.6666666666666666,0.65,"{""clf__C"": 10.0, ""clf__gamma_mult"": 0.25}",58.89513070000066
5,quantum/FB-HS-RBF-ref-SVM,quantum,1,0.6666666666666666,0.8,"{""clf__C"": 10.0, ""clf__gamma_mult"": 0.25}",58.89513070000066
5,quantum/FB-HS-RBF-ref-SVM,quantum,2,0.6666666666666666,0.8,"{""clf__C"": 10.0, ""clf__gamma_mult"": 1.0}",58.89513070000066
5,quantum/FB-HS-RBF-ref-SVM,quantum,3,0.6666666666666666,0.55,"{""clf__C"": 10.0, ""clf__gamma_mult"": 0.25}",58.89513070000066
5,quantum/FB-HS-RBF-ref-SVM,quantum,4,0.5555555555555556,0.9,"{""clf__C"": 10.0, ""clf__gamma_mult"": 1.0}",58.89513070000066
5,quantum/FB-HS-RBF-ref-SVM,quantum,5,0.5555555555555556,0.55,"{""clf__C"": 10.0, ""clf__gamma_mult"": 1.0}",58.89513070000066
5,quantum/FB-HS-RBF-ref-SVM,quantum,6,0.8888888888888888,0.95,"{""clf__C"": 10.0, ""clf__gamma_mult"": 0.25}",58.89513070000066
5,quantum/FB-HS-RBF-ref-SVM,quantum,7,0.4444444444444444,0.4999999999999999,"{""clf__C"": 10.0, ""clf__gamma_mult"": 1.0}",58.89513070000066
5,quantum/FB-HS-RBF-ref-SVM,quantum,8,0.8888888888888888,1.0,"{""clf__C"": 10.0, ""clf__gamma_mult"": 0.25}",58.89513070000066
5,quantum/FB-HS-RBF-ref-SVM,quantum,9,0.3333333333333333,0.4499999999999999,"{""clf__C"": 10.0, ""clf__gamma_mult"": 0.25}",58.89513070000066
5,quantum/FB-HS-RBF-ref-SVM,quantum,10,0.8888888888888888,1.0,"{""clf__C"": 10.0, ""clf__gamma_mult"": 1.0}",58.89513070000066
5,quantum/FB-HS-RBF-ref-SVM,quantum,11,0.8888888888888888,0.9,"{""clf__C"": 10.0, ""clf__gamma_mult"": 1.0}",58.89513070000066
5,quantum/FB-HS-RBF-ref-SVM,quantum,12,0.3333333333333333,0.25,"{""clf__C"": 10.0, ""clf__gamma_mult"": 0.25}",58.89513070000066
5,quantum/FB-HS-RBF-ref-SVM,quantum,13,0.5555555555555556,0.75,"{""clf__C"": 10.0, ""clf__gamma_mult"": 0.25}",58.89513070000066
5,quantum/FB-HS-RBF-ref-SVM,quantum,14,0.5555555555555556,0.4499999999999999,"{""clf__C"": 10.0, ""clf__gamma_mult"": 1.0}",58.89513070000066
5,quantum/FB-Bures-RBF-SVM,quantum,0,0.3333333333333333,0.4,"{""clf__C"": 1.0, ""clf__gamma_mult"": 4.0}",63.49755910000022
5,quantum/FB-Bures-RBF-SVM,quantum,1,0.7777777777777778,0.65,"{""clf__C"": 10.0, ""clf__gamma_mult"": 4.0}",63.49755910000022
5,quantum/FB-Bures-RBF-SVM,quantum,2,0.5555555555555556,0.8,"{""clf__C"": 1.0, ""clf__gamma_mult"": 0.25}",63.49755910000022
5,quantum/FB-Bures-RBF-SVM,quantum,3,0.3333333333333333,0.35,"{""clf__C"": 10.0, ""clf__gamma_mult"": 1.0}",63.49755910000022
5,quantum/FB-Bures-RBF-SVM,quantum,4,0.4444444444444444,0.4,"{""clf__C"": 0.1, ""clf__gamma_mult"": 0.25}",63.49755910000022
5,quantum/FB-Bures-RBF-SVM,quantum,5,0.6666666666666666,0.4,"{""clf__C"": 10.0, ""clf__gamma_mult"": 4.0}",63.49755910000022
5,quantum/FB-Bures-RBF-SVM,quantum,6,0.5555555555555556,0.4499999999999999,"{""clf__C"": 1.0, ""clf__gamma_mult"": 1.0}",63.49755910000022
5,quantum/FB-Bures-RBF-SVM,quantum,7,0.4444444444444444,0.4,"{""clf__C"": 1.0, ""clf__gamma_mult"": 4.0}",63.49755910000022
5,quantum/FB-Bures-RBF-SVM,quantum,8,0.5555555555555556,0.4,"{""clf__C"": 0.1, ""clf__gamma_mult"": 0.25}",63.49755910000022
5,quantum/FB-Bures-RBF-SVM,quantum,9,0.4444444444444444,0.3,"{""clf__C"": 0.1, ""clf__gamma_mult"": 0.25}",63.49755910000022
5,quantum/FB-Bures-RBF-SVM,quantum,10,0.5555555555555556,0.55,"{""clf__C"": 10.0, ""clf__gamma_mult"": 4.0}",63.49755910000022
5,quantum/FB-Bures-RBF-SVM,quantum,11,0.4444444444444444,0.45,"{""clf__C"": 1.0, ""clf__gamma_mult"": 4.0}",63.49755910000022
5,quantum/FB-Bures-RBF-SVM,quantum,12,0.1111111111111111,0.1,"{""clf__C"": 1.0, ""clf__gamma_mult"": 0.25}",63.49755910000022
5,quantum/FB-Bures-RBF-SVM,quantum,13,0.4444444444444444,0.5,"{""clf__C"": 1.0, ""clf__gamma_mult"": 4.0}",63.49755910000022
5,quantum/FB-Bures-RBF-SVM,quantum,14,0.4444444444444444,0.5,"{""clf__C"": 0.1, ""clf__gamma_mult"": 0.25}",63.49755910000022
5,quantum/FB-Bures-RBF-ref-SVM,quantum,0,0.5555555555555556,0.65,"{""clf__C"": 10.0, ""clf__gamma_mult"": 0.25}",84.03984700000001
5,quantum/FB-Bures-RBF-ref-SVM,quantum,1,0.8888888888888888,0.8,"{""clf__C"": 10.0, ""clf__gamma_mult"": 0.25}",84.03984700000001
5,quantum/FB-Bures-RBF-ref-SVM,quantum,2,0.6666666666666666,0.85,"{""clf__C"": 10.0, ""clf__gamma_mult"": 1.0}",84.03984700000001
5,quantum/FB-Bures-RBF-ref-SVM,quantum,3,0.6666666666666666,0.55,"{""clf__C"": 10.0, ""clf__gamma_mult"": 0.25}",84.03984700000001
5,quantum/FB-Bures-RBF-ref-SVM,quantum,4,0.5555555555555556,0.9,"{""clf__C"": 10.0, ""clf__gamma_mult"": 1.0}",84.03984700000001
5,quantum/FB-Bures-RBF-ref-SVM,quantum,5,0.3333333333333333,0.55,"{""clf__C"": 10.0, ""clf__gamma_mult"": 1.0}",84.03984700000001
5,quantum/FB-Bures-RBF-ref-SVM,quantum,6,0.8888888888888888,0.85,"{""clf__C"": 10.0, ""clf__gamma_mult"": 0.25}",84.03984700000001
5,quantum/FB-Bures-RBF-ref-SVM,quantum,7,0.5555555555555556,0.4,"{""clf__C"": 10.0, ""clf__gamma_mult"": 1.0}",84.03984700000001
5,quantum/FB-Bures-RBF-ref-SVM,quantum,8,0.8888888888888888,1.0,"{""clf__C"": 10.0, ""clf__gamma_mult"": 0.25}",84.03984700000001
5,quantum/FB-Bures-RBF-ref-SVM,quantum,9,0.3333333333333333,0.4499999999999999,"{""clf__C"": 10.0, ""clf__gamma_mult"": 0.25}",84.03984700000001
5,quantum/FB-Bures-RBF-ref-SVM,quantum,10,0.7777777777777778,0.8500000000000001,"{""clf__C"": 10.0, ""clf__gamma_mult"": 0.25}",84.03984700000001
5,quantum/FB-Bures-RBF-ref-SVM,quantum,11,0.6666666666666666,0.85,"{""clf__C"": 10.0, ""clf__gamma_mult"": 0.25}",84.03984700000001
5,quantum/FB-Bures-RBF-ref-SVM,quantum,12,0.5555555555555556,0.25,"{""clf__C"": 10.0, ""clf__gamma_mult"": 0.25}",84.03984700000001
5,quantum/FB-Bures-RBF-ref-SVM,quantum,13,0.5555555555555556,0.6,"{""clf__C"": 10.0, ""clf__gamma_mult"": 0.25}",84.03984700000001
5,quantum/FB-Bures-RBF-ref-SVM,quantum,14,0.6666666666666666,0.4499999999999999,"{""clf__C"": 10.0, ""clf__gamma_mult"": 1.0}",84.03984700000001
5,quantum/FB-QRE-RBF-SVM,quantum,0,0.3333333333333333,0.4499999999999999,"{""clf__C"": 1.0, ""clf__gamma_mult"": 4.0}",50.414644399999816
5,quantum/FB-QRE-RBF-SVM,quantum,1,0.7777777777777778,0.65,"{""clf__C"": 10.0, ""clf__gamma_mult"": 4.0}",50.414644399999816
5,quantum/FB-QRE-RBF-SVM,quantum,2,0.5555555555555556,0.8,"{""clf__C"": 1.0, ""clf__gamma_mult"": 0.25}",50.414644399999816
5,quantum/FB-QRE-RBF-SVM,quantum,3,0.3333333333333333,0.25,"{""clf__C"": 10.0, ""clf__gamma_mult"": 1.0}",50.414644399999816
5,quantum/FB-QRE-RBF-SVM,quantum,4,0.4444444444444444,0.525,"{""clf__C"": 0.1, ""clf__gamma_mult"": 0.25}",50.414644399999816
5,quantum/FB-QRE-RBF-SVM,quantum,5,0.6666666666666666,0.35,"{""clf__C"": 10.0, ""clf__gamma_mult"": 4.0}",50.414644399999816
5,quantum/FB-QRE-RBF-SVM,quantum,6,0.5555555555555556,0.5499999999999999,"{""clf__C"": 1.0, ""clf__gamma_mult"": 1.0}",50.414644399999816
5,quantum/FB-QRE-RBF-SVM,quantum,7,0.4444444444444444,0.4,"{""clf__C"": 1.0, ""clf__gamma_mult"": 4.0}",50.414644399999816
5,quantum/FB-QRE-RBF-SVM,quantum,8,0.5555555555555556,0.35,"{""clf__C"": 0.1, ""clf__gamma_mult"": 0.25}",50.414644399999816
5,quantum/FB-QRE-RBF-SVM,quantum,9,0.4444444444444444,0.3999999999999999,"{""clf__C"": 0.1, ""clf__gamma_mult"": 0.25}",50.414644399999816
5,quantum/FB-QRE-RBF-SVM,quantum,10,0.5555555555555556,0.55,"{""clf__C"": 10.0, ""clf__gamma_mult"": 4.0}",50.414644399999816
5,quantum/FB-QRE-RBF-SVM,quantum,11,0.4444444444444444,0.45,"{""clf__C"": 1.0, ""clf__gamma_mult"": 4.0}",50.414644399999816
5,quantum/FB-QRE-RBF-SVM,quantum,12,0.1111111111111111,0.1,"{""clf__C"": 1.0, ""clf__gamma_mult"": 0.25}",50.414644399999816
5,quantum/FB-QRE-RBF-SVM,quantum,13,0.4444444444444444,0.5,"{""clf__C"": 1.0, ""clf__gamma_mult"": 4.0}",50.414644399999816
5,quantum/FB-QRE-RBF-SVM,quantum,14,0.4444444444444444,0.5,"{""clf__C"": 0.1, ""clf__gamma_mult"": 0.25}",50.414644399999816
5,quantum/FB-QRE-RBF-ref-SVM,quantum,0,0.5555555555555556,0.65,"{""clf__C"": 10.0, ""clf__gamma_mult"": 0.25}",68.1395739999989
5,quantum/FB-QRE-RBF-ref-SVM,quantum,1,0.7777777777777778,0.8,"{""clf__C"": 10.0, ""clf__gamma_mult"": 0.25}",68.1395739999989
5,quantum/FB-QRE-RBF-ref-SVM,quantum,2,0.6666666666666666,0.85,"{""clf__C"": 10.0, ""clf__gamma_mult"": 1.0}",68.1395739999989
5,quantum/FB-QRE-RBF-ref-SVM,quantum,3,0.6666666666666666,0.55,"{""clf__C"": 10.0, ""clf__gamma_mult"": 0.25}",68.1395739999989
5,quantum/FB-QRE-RBF-ref-SVM,quantum,4,0.5555555555555556,0.9,"{""clf__C"": 10.0, ""clf__gamma_mult"": 1.0}",68.1395739999989
5,quantum/FB-QRE-RBF-ref-SVM,quantum,5,0.4444444444444444,0.55,"{""clf__C"": 10.0, ""clf__gamma_mult"": 1.0}",68.1395739999989
5,quantum/FB-QRE-RBF-ref-SVM,quantum,6,0.8888888888888888,0.85,"{""clf__C"": 10.0, ""clf__gamma_mult"": 0.25}",68.1395739999989
5,quantum/FB-QRE-RBF-ref-SVM,quantum,7,0.5555555555555556,0.4499999999999999,"{""clf__C"": 10.0, ""clf__gamma_mult"": 0.25}",68.1395739999989
5,quantum/FB-QRE-RBF-ref-SVM,quantum,8,0.8888888888888888,1.0,"{""clf__C"": 10.0, ""clf__gamma_mult"": 0.25}",68.1395739999989
5,quantum/FB-QRE-RBF-ref-SVM,quantum,9,0.3333333333333333,0.4499999999999999,"{""clf__C"": 10.0, ""clf__gamma_mult"": 0.25}",68.1395739999989
5,quantum/FB-QRE-RBF-ref-SVM,quantum,10,0.8888888888888888,0.95,"{""clf__C"": 10.0, ""clf__gamma_mult"": 1.0}",68.1395739999989
5,quantum/FB-QRE-RBF-ref-SVM,quantum,11,0.7777777777777778,0.85,"{""clf__C"": 10.0, ""clf__gamma_mult"": 0.25}",68.1395739999989
5,quantum/FB-QRE-RBF-ref-SVM,quantum,12,0.4444444444444444,0.25,"{""clf__C"": 10.0, ""clf__gamma_mult"": 1.0}",68.1395739999989
5,quantum/FB-QRE-RBF-ref-SVM,quantum,13,0.5555555555555556,0.65,"{""clf__C"": 10.0, ""clf__gamma_mult"": 0.25}",68.1395739999989
5,quantum/FB-QRE-RBF-ref-SVM,quantum,14,0.6666666666666666,0.5,"{""clf__C"": 10.0, ""clf__gamma_mult"": 1.0}",68.1395739999989
5,control/FB-riemann-kernel-SVM,control,0,0.4444444444444444,0.6499999999999999,"{""clf__C"": 0.1}",44.68766170000163
5,control/FB-riemann-kernel-SVM,control,1,0.8888888888888888,0.8,"{""clf__C"": 1.0}",44.68766170000163
5,control/FB-riemann-kernel-SVM,control,2,0.5555555555555556,0.7,"{""clf__C"": 1.0}",44.68766170000163
5,control/FB-riemann-kernel-SVM,control,3,0.5555555555555556,0.5,"{""clf__C"": 1.0}",44.68766170000163
5,control/FB-riemann-kernel-SVM,control,4,0.5555555555555556,0.8500000000000001,"{""clf__C"": 0.1}",44.68766170000163
5,control/FB-riemann-kernel-SVM,control,5,0.4444444444444444,0.5,"{""clf__C"": 0.1}",44.68766170000163
5,control/FB-riemann-kernel-SVM,control,6,0.8888888888888888,1.0,"{""clf__C"": 0.1}",44.68766170000163
5,control/FB-riemann-kernel-SVM,control,7,0.4444444444444444,0.4,"{""clf__C"": 1.0}",44.68766170000163
5,control/FB-riemann-kernel-SVM,control,8,0.7777777777777778,0.95,"{""clf__C"": 0.1}",44.68766170000163
5,control/FB-riemann-kernel-SVM,control,9,0.4444444444444444,0.5,"{""clf__C"": 1.0}",44.68766170000163
5,control/FB-riemann-kernel-SVM,control,10,0.5555555555555556,0.6,"{""clf__C"": 0.1}",44.68766170000163
5,control/FB-riemann-kernel-SVM,control,11,0.5555555555555556,0.8,"{""clf__C"": 1.0}",44.68766170000163
5,control/FB-riemann-kernel-SVM,control,12,0.4444444444444444,0.35,"{""clf__C"": 0.1}",44.68766170000163
5,control/FB-riemann-kernel-SVM,control,13,0.4444444444444444,0.65,"{""clf__C"": 0.1}",44.68766170000163
5,control/FB-riemann-kernel-SVM,control,14,0.4444444444444444,0.55,"{""clf__C"": 0.1}",44.68766170000163
5,control/FB-logeuclid-kernel-SVM,control,0,0.5555555555555556,0.6499999999999999,"{""clf__C"": 0.1}",39.93269049999981
5,control/FB-logeuclid-kernel-SVM,control,1,0.8888888888888888,0.85,"{""clf__C"": 1.0}",39.93269049999981
5,control/FB-logeuclid-kernel-SVM,control,2,0.5555555555555556,0.85,"{""clf__C"": 1.0}",39.93269049999981
5,control/FB-logeuclid-kernel-SVM,control,3,0.5555555555555556,0.45,"{""clf__C"": 1.0}",39.93269049999981
5,control/FB-logeuclid-kernel-SVM,control,4,0.5555555555555556,0.8,"{""clf__C"": 0.1}",39.93269049999981
5,control/FB-logeuclid-kernel-SVM,control,5,0.5555555555555556,0.75,"{""clf__C"": 0.1}",39.93269049999981
5,control/FB-logeuclid-kernel-SVM,control,6,0.8888888888888888,1.0,"{""clf__C"": 0.1}",39.93269049999981
5,control/FB-logeuclid-kernel-SVM,control,7,0.6666666666666666,0.65,"{""clf__C"": 1.0}",39.93269049999981
5,control/FB-logeuclid-kernel-SVM,control,8,0.7777777777777778,0.95,"{""clf__C"": 1.0}",39.93269049999981
5,control/FB-logeuclid-kernel-SVM,control,9,0.3333333333333333,0.5,"{""clf__C"": 1.0}",39.93269049999981
5,control/FB-logeuclid-kernel-SVM,control,10,0.5555555555555556,0.55,"{""clf__C"": 1.0}",39.93269049999981
5,control/FB-logeuclid-kernel-SVM,control,11,0.6666666666666666,0.8,"{""clf__C"": 0.1}",39.93269049999981
5,control/FB-logeuclid-kernel-SVM,control,12,0.4444444444444444,0.35,"{""clf__C"": 0.1}",39.93269049999981
5,control/FB-logeuclid-kernel-SVM,control,13,0.6666666666666666,0.65,"{""clf__C"": 0.1}",39.93269049999981
5,control/FB-logeuclid-kernel-SVM,control,14,0.4444444444444444,0.55,"{""clf__C"": 0.1}",39.93269049999981
6,classical/FBCSP+LDA,classical,0,0.5555555555555556,0.3999999999999999,"{""perband__base__csp__nfilter"": 2}",42.616073700000925
6,classical/FBCSP+LDA,classical,1,0.4444444444444444,0.35,"{""perband__base__csp__nfilter"": 6}",42.616073700000925
6,classical/FBCSP+LDA,classical,2,0.5555555555555556,0.5,"{""perband__base__csp__nfilter"": 6}",42.616073700000925
6,classical/FBCSP+LDA,classical,3,0.8888888888888888,0.8,"{""perband__base__csp__nfilter"": 4}",42.616073700000925
6,classical/FBCSP+LDA,classical,4,0.2222222222222222,0.3,"{""perband__base__csp__nfilter"": 6}",42.616073700000925
6,classical/FBCSP+LDA,classical,5,0.5555555555555556,0.5,"{""perband__base__csp__nfilter"": 2}",42.616073700000925
6,classical/FBCSP+LDA,classical,6,0.3333333333333333,0.0499999999999999,"{""perband__base__csp__nfilter"": 4}",42.616073700000925
6,classical/FBCSP+LDA,classical,7,0.3333333333333333,0.2,"{""perband__base__csp__nfilter"": 6}",42.616073700000925
6,classical/FBCSP+LDA,classical,8,0.6666666666666666,0.75,"{""perband__base__csp__nfilter"": 4}",42.616073700000925
6,classical/FBCSP+LDA,classical,9,0.5555555555555556,0.65,"{""perband__base__csp__nfilter"": 2}",42.616073700000925
6,classical/FBCSP+LDA,classical,10,0.3333333333333333,0.25,"{""perband__base__csp__nfilter"": 6}",42.616073700000925
6,classical/FBCSP+LDA,classical,11,0.7777777777777778,1.0,"{""perband__base__csp__nfilter"": 2}",42.616073700000925
6,classical/FBCSP+LDA,classical,12,0.5555555555555556,0.65,"{""perband__base__csp__nfilter"": 2}",42.616073700000925
6,classical/FBCSP+LDA,classical,13,0.4444444444444444,0.35,"{""perband__base__csp__nfilter"": 4}",42.616073700000925
6,classical/FBCSP+LDA,classical,14,0.6666666666666666,0.8,"{""perband__base__csp__nfilter"": 2}",42.616073700000925
6,classical/FB-TS+LR,classical,0,0.6666666666666666,0.5,"{""clf__C"": 0.1}",45.32435299999997
6,classical/FB-TS+LR,classical,1,0.4444444444444444,0.3,"{""clf__C"": 0.1}",45.32435299999997
6,classical/FB-TS+LR,classical,2,0.4444444444444444,0.55,"{""clf__C"": 0.1}",45.32435299999997
6,classical/FB-TS+LR,classical,3,0.6666666666666666,0.5,"{""clf__C"": 0.1}",45.32435299999997
6,classical/FB-TS+LR,classical,4,0.3333333333333333,0.35,"{""clf__C"": 0.1}",45.32435299999997
6,classical/FB-TS+LR,classical,5,0.5555555555555556,0.3999999999999999,"{""clf__C"": 1.0}",45.32435299999997
6,classical/FB-TS+LR,classical,6,0.2222222222222222,0.3,"{""clf__C"": 0.1}",45.32435299999997
6,classical/FB-TS+LR,classical,7,0.4444444444444444,0.5,"{""clf__C"": 0.1}",45.32435299999997
6,classical/FB-TS+LR,classical,8,0.5555555555555556,0.8,"{""clf__C"": 10.0}",45.32435299999997
6,classical/FB-TS+LR,classical,9,0.5555555555555556,0.55,"{""clf__C"": 0.1}",45.32435299999997
6,classical/FB-TS+LR,classical,10,0.5555555555555556,0.45,"{""clf__C"": 1.0}",45.32435299999997
6,classical/FB-TS+LR,classical,11,0.5555555555555556,0.65,"{""clf__C"": 0.1}",45.32435299999997
6,classical/FB-TS+LR,classical,12,0.4444444444444444,0.3,"{""clf__C"": 0.1}",45.32435299999997
6,classical/FB-TS+LR,classical,13,0.4444444444444444,0.3,"{""clf__C"": 10.0}",45.32435299999997
6,classical/FB-TS+LR,classical,14,0.6666666666666666,0.75,"{""clf__C"": 0.1}",45.32435299999997
6,classical/FB-TS+RBF-SVM,classical,0,0.5555555555555556,0.3,"{""clf__C"": 0.1, ""clf__gamma"": ""scale""}",75.50294570000005
6,classical/FB-TS+RBF-SVM,classical,1,0.4444444444444444,0.35,"{""clf__C"": 1.0, ""clf__gamma"": ""scale""}",75.50294570000005
6,classical/FB-TS+RBF-SVM,classical,2,0.5555555555555556,0.65,"{""clf__C"": 10.0, ""clf__gamma"": 0.01}",75.50294570000005
6,classical/FB-TS+RBF-SVM,classical,3,0.5555555555555556,0.55,"{""clf__C"": 0.1, ""clf__gamma"": ""scale""}",75.50294570000005
6,classical/FB-TS+RBF-SVM,classical,4,0.4444444444444444,0.55,"{""clf__C"": 0.1, ""clf__gamma"": ""scale""}",75.50294570000005
6,classical/FB-TS+RBF-SVM,classical,5,0.5555555555555556,0.4499999999999999,"{""clf__C"": 10.0, ""clf__gamma"": ""scale""}",75.50294570000005
6,classical/FB-TS+RBF-SVM,classical,6,0.5555555555555556,0.2499999999999999,"{""clf__C"": 0.1, ""clf__gamma"": ""scale""}",75.50294570000005
6,classical/FB-TS+RBF-SVM,classical,7,0.5555555555555556,0.5,"{""clf__C"": 0.1, ""clf__gamma"": ""scale""}",75.50294570000005
6,classical/FB-TS+RBF-SVM,classical,8,0.5555555555555556,0.65,"{""clf__C"": 0.1, ""clf__gamma"": ""scale""}",75.50294570000005
6,classical/FB-TS+RBF-SVM,classical,9,0.5555555555555556,0.5,"{""clf__C"": 10.0, ""clf__gamma"": 0.01}",75.50294570000005
6,classical/FB-TS+RBF-SVM,classical,10,0.5555555555555556,0.6,"{""clf__C"": 0.1, ""clf__gamma"": ""scale""}",75.50294570000005
6,classical/FB-TS+RBF-SVM,classical,11,0.5555555555555556,0.65,"{""clf__C"": 0.1, ""clf__gamma"": ""scale""}",75.50294570000005
6,classical/FB-TS+RBF-SVM,classical,12,0.5555555555555556,0.3,"{""clf__C"": 0.1, ""clf__gamma"": ""scale""}",75.50294570000005
6,classical/FB-TS+RBF-SVM,classical,13,0.4444444444444444,0.35,"{""clf__C"": 1.0, ""clf__gamma"": ""scale""}",75.50294570000005
6,classical/FB-TS+RBF-SVM,classical,14,0.4444444444444444,0.7,"{""clf__C"": 0.1, ""clf__gamma"": ""scale""}",75.50294570000005
6,quantum/FB-HS-overlap-SVM,quantum,0,0.5555555555555556,0.75,"{""clf__C"": 0.1}",32.56565039999987
6,quantum/FB-HS-overlap-SVM,quantum,1,0.5555555555555556,0.2999999999999999,"{""clf__C"": 10.0}",32.56565039999987
6,quantum/FB-HS-overlap-SVM,quantum,2,0.5555555555555556,0.4,"{""clf__C"": 0.1}",32.56565039999987
6,quantum/FB-HS-overlap-SVM,quantum,3,0.5555555555555556,0.4499999999999999,"{""clf__C"": 0.1}",32.56565039999987
6,quantum/FB-HS-overlap-SVM,quantum,4,0.4444444444444444,0.55,"{""clf__C"": 0.1}",32.56565039999987
6,quantum/FB-HS-overlap-SVM,quantum,5,0.5555555555555556,0.3999999999999999,"{""clf__C"": 0.1}",32.56565039999987
6,quantum/FB-HS-overlap-SVM,quantum,6,0.5555555555555556,0.375,"{""clf__C"": 0.1}",32.56565039999987
6,quantum/FB-HS-overlap-SVM,quantum,7,0.5555555555555556,0.2499999999999999,"{""clf__C"": 0.1}",32.56565039999987
6,quantum/FB-HS-overlap-SVM,quantum,8,0.5555555555555556,0.525,"{""clf__C"": 0.1}",32.56565039999987
6,quantum/FB-HS-overlap-SVM,quantum,9,0.4444444444444444,0.525,"{""clf__C"": 0.1}",32.56565039999987
6,quantum/FB-HS-overlap-SVM,quantum,10,0.5555555555555556,0.2999999999999999,"{""clf__C"": 0.1}",32.56565039999987
6,quantum/FB-HS-overlap-SVM,quantum,11,0.5555555555555556,0.0999999999999999,"{""clf__C"": 10.0}",32.56565039999987
6,quantum/FB-HS-overlap-SVM,quantum,12,0.5555555555555556,0.25,"{""clf__C"": 0.1}",32.56565039999987
6,quantum/FB-HS-overlap-SVM,quantum,13,0.5555555555555556,0.6,"{""clf__C"": 0.1}",32.56565039999987
6,quantum/FB-HS-overlap-SVM,quantum,14,0.4444444444444444,0.45,"{""clf__C"": 0.1}",32.56565039999987
6,quantum/FB-HS-overlap-ref-SVM,quantum,0,0.4444444444444444,0.3,"{""clf__C"": 10.0}",39.52038080000057
6,quantum/FB-HS-overlap-ref-SVM,quantum,1,0.4444444444444444,0.5,"{""clf__C"": 10.0}",39.52038080000057
6,quantum/FB-HS-overlap-ref-SVM,quantum,2,0.6666666666666666,0.6,"{""clf__C"": 10.0}",39.52038080000057
6,quantum/FB-HS-overlap-ref-SVM,quantum,3,0.5555555555555556,0.6000000000000001,"{""clf__C"": 0.1}",39.52038080000057
6,quantum/FB-HS-overlap-ref-SVM,quantum,4,0.1111111111111111,0.15,"{""clf__C"": 10.0}",39.52038080000057
6,quantum/FB-HS-overlap-ref-SVM,quantum,5,0.5555555555555556,0.45,"{""clf__C"": 10.0}",39.52038080000057
6,quantum/FB-HS-overlap-ref-SVM,quantum,6,0.5555555555555556,0.25,"{""clf__C"": 0.1}",39.52038080000057
6,quantum/FB-HS-overlap-ref-SVM,quantum,7,0.4444444444444444,0.35,"{""clf__C"": 10.0}",39.52038080000057
6,quantum/FB-HS-overlap-ref-SVM,quantum,8,0.5555555555555556,0.6,"{""clf__C"": 0.1}",39.52038080000057
6,quantum/FB-HS-overlap-ref-SVM,quantum,9,0.4444444444444444,0.35,"{""clf__C"": 0.1}",39.52038080000057
6,quantum/FB-HS-overlap-ref-SVM,quantum,10,0.3333333333333333,0.0,"{""clf__C"": 10.0}",39.52038080000057
6,quantum/FB-HS-overlap-ref-SVM,quantum,11,0.6666666666666666,0.75,"{""clf__C"": 10.0}",39.52038080000057
6,quantum/FB-HS-overlap-ref-SVM,quantum,12,0.5555555555555556,0.0999999999999999,"{""clf__C"": 0.1}",39.52038080000057
6,quantum/FB-HS-overlap-ref-SVM,quantum,13,0.5555555555555556,0.5,"{""clf__C"": 10.0}",39.52038080000057
6,quantum/FB-HS-overlap-ref-SVM,quantum,14,0.4444444444444444,0.6000000000000001,"{""clf__C"": 0.1}",39.52038080000057
6,quantum/FB-Fidelity-SVM,quantum,0,0.5555555555555556,0.65,"{""clf__C"": 0.1}",38.35087980000026
6,quantum/FB-Fidelity-SVM,quantum,1,0.5555555555555556,0.3999999999999999,"{""clf__C"": 0.1}",38.35087980000026
6,quantum/FB-Fidelity-SVM,quantum,2,0.5555555555555556,0.3,"{""clf__C"": 0.1}",38.35087980000026
6,quantum/FB-Fidelity-SVM,quantum,3,0.5555555555555556,0.4499999999999999,"{""clf__C"": 0.1}",38.35087980000026
6,quantum/FB-Fidelity-SVM,quantum,4,0.4444444444444444,0.5,"{""clf__C"": 0.1}",38.35087980000026
6,quantum/FB-Fidelity-SVM,quantum,5,0.5555555555555556,0.35,"{""clf__C"": 0.1}",38.35087980000026
6,quantum/FB-Fidelity-SVM,quantum,6,0.5555555555555556,0.3,"{""clf__C"": 0.1}",38.35087980000026
6,quantum/FB-Fidelity-SVM,quantum,7,0.5555555555555556,0.2499999999999999,"{""clf__C"": 0.1}",38.35087980000026
6,quantum/FB-Fidelity-SVM,quantum,8,0.5555555555555556,0.6,"{""clf__C"": 0.1}",38.35087980000026
6,quantum/FB-Fidelity-SVM,quantum,9,0.4444444444444444,0.425,"{""clf__C"": 0.1}",38.35087980000026
6,quantum/FB-Fidelity-SVM,quantum,10,0.5555555555555556,0.1999999999999999,"{""clf__C"": 0.1}",38.35087980000026
6,quantum/FB-Fidelity-SVM,quantum,11,0.5555555555555556,0.0499999999999999,"{""clf__C"": 0.1}",38.35087980000026
6,quantum/FB-Fidelity-SVM,quantum,12,0.5555555555555556,0.1,"{""clf__C"": 0.1}",38.35087980000026
6,quantum/FB-Fidelity-SVM,quantum,13,0.5555555555555556,0.4499999999999999,"{""clf__C"": 0.1}",38.35087980000026
6,quantum/FB-Fidelity-SVM,quantum,14,0.4444444444444444,0.5,"{""clf__C"": 0.1}",38.35087980000026
6,quantum/FB-Fidelity-ref-SVM,quantum,0,0.5555555555555556,0.55,"{""clf__C"": 10.0}",51.948941299999206
6,quantum/FB-Fidelity-ref-SVM,quantum,1,0.3333333333333333,0.3999999999999999,"{""clf__C"": 10.0}",51.948941299999206
6,quantum/FB-Fidelity-ref-SVM,quantum,2,0.4444444444444444,0.5,"{""clf__C"": 10.0}",51.948941299999206
6,quantum/FB-Fidelity-ref-SVM,quantum,3,0.5555555555555556,0.6,"{""clf__C"": 0.1}",51.948941299999206
6,quantum/FB-Fidelity-ref-SVM,quantum,4,0.4444444444444444,0.1,"{""clf__C"": 0.1}",51.948941299999206
6,quantum/FB-Fidelity-ref-SVM,quantum,5,0.5555555555555556,0.5,"{""clf__C"": 10.0}",51.948941299999206
6,quantum/FB-Fidelity-ref-SVM,quantum,6,0.5555555555555556,0.25,"{""clf__C"": 0.1}",51.948941299999206
6,quantum/FB-Fidelity-ref-SVM,quantum,7,0.3333333333333333,0.3999999999999999,"{""clf__C"": 10.0}",51.948941299999206
6,quantum/FB-Fidelity-ref-SVM,quantum,8,0.5555555555555556,0.7,"{""clf__C"": 10.0}",51.948941299999206
6,quantum/FB-Fidelity-ref-SVM,quantum,9,0.4444444444444444,0.3999999999999999,"{""clf__C"": 0.1}",51.948941299999206
6,quantum/FB-Fidelity-ref-SVM,quantum,10,0.2222222222222222,0.1499999999999999,"{""clf__C"": 10.0}",51.948941299999206
6,quantum/FB-Fidelity-ref-SVM,quantum,11,0.5555555555555556,0.65,"{""clf__C"": 10.0}",51.948941299999206
6,quantum/FB-Fidelity-ref-SVM,quantum,12,0.4444444444444444,0.35,"{""clf__C"": 10.0}",51.948941299999206
6,quantum/FB-Fidelity-ref-SVM,quantum,13,0.5555555555555556,0.5,"{""clf__C"": 10.0}",51.948941299999206
6,quantum/FB-Fidelity-ref-SVM,quantum,14,0.4444444444444444,0.55,"{""clf__C"": 0.1}",51.948941299999206
6,quantum/FB-HS-RBF-SVM,quantum,0,0.5555555555555556,0.7,"{""clf__C"": 0.1, ""clf__gamma_mult"": 0.25}",42.39746130000094
6,quantum/FB-HS-RBF-SVM,quantum,1,0.5555555555555556,0.3999999999999999,"{""clf__C"": 0.1, ""clf__gamma_mult"": 0.25}",42.39746130000094
6,quantum/FB-HS-RBF-SVM,quantum,2,0.5555555555555556,0.3999999999999999,"{""clf__C"": 0.1, ""clf__gamma_mult"": 0.25}",42.39746130000094
6,quantum/FB-HS-RBF-SVM,quantum,3,0.5555555555555556,0.45,"{""clf__C"": 0.1, ""clf__gamma_mult"": 0.25}",42.39746130000094
6,quantum/FB-HS-RBF-SVM,quantum,4,0.4444444444444444,0.6000000000000001,"{""clf__C"": 0.1, ""clf__gamma_mult"": 0.25}",42.39746130000094
6,quantum/FB-HS-RBF-SVM,quantum,5,0.3333333333333333,0.1999999999999999,"{""clf__C"": 1.0, ""clf__gamma_mult"": 4.0}",42.39746130000094
6,quantum/FB-HS-RBF-SVM,quantum,6,0.5555555555555556,0.2499999999999999,"{""clf__C"": 0.1, ""clf__gamma_mult"": 0.25}",42.39746130000094
6,quantum/FB-HS-RBF-SVM,quantum,7,0.4444444444444444,0.275,"{""clf__C"": 1.0, ""clf__gamma_mult"": 0.25}",42.39746130000094
6,quantum/FB-HS-RBF-SVM,quantum,8,0.5555555555555556,0.65,"{""clf__C"": 0.1, ""clf__gamma_mult"": 0.25}",42.39746130000094
6,quantum/FB-HS-RBF-SVM,quantum,9,0.4444444444444444,0.5,"{""clf__C"": 0.1, ""clf__gamma_mult"": 0.25}",42.39746130000094
6,quantum/FB-HS-RBF-SVM,quantum,10,0.5555555555555556,0.45,"{""clf__C"": 0.1, ""clf__gamma_mult"": 0.25}",42.39746130000094
6,quantum/FB-HS-RBF-SVM,quantum,11,0.5555555555555556,0.15,"{""clf__C"": 0.1, ""clf__gamma_mult"": 0.25}",42.39746130000094
6,quantum/FB-HS-RBF-SVM,quantum,12,0.3333333333333333,0.3,"{""clf__C"": 1.0, ""clf__gamma_mult"": 1.0}",42.39746130000094
6,quantum/FB-HS-RBF-SVM,quantum,13,0.5555555555555556,0.5,"{""clf__C"": 0.1, ""clf__gamma_mult"": 0.25}",42.39746130000094
6,quantum/FB-HS-RBF-SVM,quantum,14,0.4444444444444444,0.55,"{""clf__C"": 0.1, ""clf__gamma_mult"": 0.25}",42.39746130000094
6,quantum/FB-HS-RBF-ref-SVM,quantum,0,0.4444444444444444,0.2499999999999999,"{""clf__C"": 10.0, ""clf__gamma_mult"": 0.25}",55.12945129999935
6,quantum/FB-HS-RBF-ref-SVM,quantum,1,0.3333333333333333,0.3,"{""clf__C"": 10.0, ""clf__gamma_mult"": 1.0}",55.12945129999935
6,quantum/FB-HS-RBF-ref-SVM,quantum,2,0.4444444444444444,0.5,"{""clf__C"": 10.0, ""clf__gamma_mult"": 0.25}",55.12945129999935
6,quantum/FB-HS-RBF-ref-SVM,quantum,3,0.5555555555555556,0.6499999999999999,"{""clf__C"": 0.1, ""clf__gamma_mult"": 0.25}",55.12945129999935
6,quantum/FB-HS-RBF-ref-SVM,quantum,4,0.1111111111111111,0.15,"{""clf__C"": 10.0, ""clf__gamma_mult"": 0.25}",55.12945129999935
6,quantum/FB-HS-RBF-ref-SVM,quantum,5,0.3333333333333333,0.35,"{""clf__C"": 10.0, ""clf__gamma_mult"": 1.0}",55.12945129999935
6,quantum/FB-HS-RBF-ref-SVM,quantum,6,0.5555555555555556,0.35,"{""clf__C"": 10.0, ""clf__gamma_mult"": 0.25}",55.12945129999935
6,quantum/FB-HS-RBF-ref-SVM,quantum,7,0.3333333333333333,0.2999999999999999,"{""clf__C"": 10.0, ""clf__gamma_mult"": 0.25}",55.12945129999935
6,quantum/FB-HS-RBF-ref-SVM,quantum,8,0.5555555555555556,0.65,"{""clf__C"": 10.0, ""clf__gamma_mult"": 0.25}",55.12945129999935
6,quantum/FB-HS-RBF-ref-SVM,quantum,9,0.4444444444444444,0.4,"{""clf__C"": 0.1, ""clf__gamma_mult"": 0.25}",55.12945129999935
6,quantum/FB-HS-RBF-ref-SVM,quantum,10,0.2222222222222222,0.1999999999999999,"{""clf__C"": 10.0, ""clf__gamma_mult"": 4.0}",55.12945129999935
6,quantum/FB-HS-RBF-ref-SVM,quantum,11,0.2222222222222222,0.3,"{""clf__C"": 10.0, ""clf__gamma_mult"": 4.0}",55.12945129999935
6,quantum/FB-HS-RBF-ref-SVM,quantum,12,0.5555555555555556,0.1999999999999999,"{""clf__C"": 0.1, ""clf__gamma_mult"": 0.25}",55.12945129999935
6,quantum/FB-HS-RBF-ref-SVM,quantum,13,0.5555555555555556,0.35,"{""clf__C"": 10.0, ""clf__gamma_mult"": 0.25}",55.12945129999935
6,quantum/FB-HS-RBF-ref-SVM,quantum,14,0.4444444444444444,0.55,"{""clf__C"": 0.1, ""clf__gamma_mult"": 0.25}",55.12945129999935
6,quantum/FB-Bures-RBF-SVM,quantum,0,0.5555555555555556,0.8,"{""clf__C"": 0.1, ""clf__gamma_mult"": 0.25}",57.9164051000007
6,quantum/FB-Bures-RBF-SVM,quantum,1,0.5555555555555556,0.3999999999999999,"{""clf__C"": 0.1, ""clf__gamma_mult"": 0.25}",57.9164051000007
6,quantum/FB-Bures-RBF-SVM,quantum,2,0.5555555555555556,0.3,"{""clf__C"": 0.1, ""clf__gamma_mult"": 0.25}",57.9164051000007
6,quantum/FB-Bures-RBF-SVM,quantum,3,0.5555555555555556,0.3,"{""clf__C"": 0.1, ""clf__gamma_mult"": 0.25}",57.9164051000007
6,quantum/FB-Bures-RBF-SVM,quantum,4,0.4444444444444444,0.75,"{""clf__C"": 0.1, ""clf__gamma_mult"": 0.25}",57.9164051000007
6,quantum/FB-Bures-RBF-SVM,quantum,5,0.3333333333333333,0.1999999999999999,"{""clf__C"": 1.0, ""clf__gamma_mult"": 4.0}",57.9164051000007
6,quantum/FB-Bures-RBF-SVM,quantum,6,0.5555555555555556,0.2499999999999999,"{""clf__C"": 0.1, ""clf__gamma_mult"": 0.25}",57.9164051000007
6,quantum/FB-Bures-RBF-SVM,quantum,7,0.5555555555555556,0.1999999999999999,"{""clf__C"": 0.1, ""clf__gamma_mult"": 0.25}",57.9164051000007
6,quantum/FB-Bures-RBF-SVM,quantum,8,0.5555555555555556,0.65,"{""clf__C"": 0.1, ""clf__gamma_mult"": 0.25}",57.9164051000007
6,quantum/FB-Bures-RBF-SVM,quantum,9,0.4444444444444444,0.5,"{""clf__C"": 0.1, ""clf__gamma_mult"": 0.25}",57.9164051000007
6,quantum/FB-Bures-RBF-SVM,quantum,10,0.5555555555555556,0.4,"{""clf__C"": 0.1, ""clf__gamma_mult"": 0.25}",57.9164051000007
6,quantum/FB-Bures-RBF-SVM,quantum,11,0.5555555555555556,0.15,"{""clf__C"": 0.1, ""clf__gamma_mult"": 0.25}",57.9164051000007
6,quantum/FB-Bures-RBF-SVM,quantum,12,0.2222222222222222,0.2999999999999999,"{""clf__C"": 1.0, ""clf__gamma_mult"": 4.0}",57.9164051000007
6,quantum/FB-Bures-RBF-SVM,quantum,13,0.5555555555555556,0.55,"{""clf__C"": 0.1, ""clf__gamma_mult"": 0.25}",57.9164051000007
6,quantum/FB-Bures-RBF-SVM,quantum,14,0.4444444444444444,0.4,"{""clf__C"": 0.1, ""clf__gamma_mult"": 0.25}",57.9164051000007
6,quantum/FB-Bures-RBF-ref-SVM,quantum,0,0.4444444444444444,0.3,"{""clf__C"": 10.0, ""clf__gamma_mult"": 1.0}",78.78387479999947
6,quantum/FB-Bures-RBF-ref-SVM,quantum,1,0.3333333333333333,0.3999999999999999,"{""clf__C"": 10.0, ""clf__gamma_mult"": 0.25}",78.78387479999947
6,quantum/FB-Bures-RBF-ref-SVM,quantum,2,0.4444444444444444,0.4499999999999999,"{""clf__C"": 10.0, ""clf__gamma_mult"": 1.0}",78.78387479999947
6,quantum/FB-Bures-RBF-ref-SVM,quantum,3,0.4444444444444444,0.6,"{""clf__C"": 10.0, ""clf__gamma_mult"": 4.0}",78.78387479999947
6,quantum/FB-Bures-RBF-ref-SVM,quantum,4,0.4444444444444444,0.1,"{""clf__C"": 0.1, ""clf__gamma_mult"": 0.25}",78.78387479999947
6,quantum/FB-Bures-RBF-ref-SVM,quantum,5,0.5555555555555556,0.25,"{""clf__C"": 1.0, ""clf__gamma_mult"": 4.0}",78.78387479999947
6,quantum/FB-Bures-RBF-ref-SVM,quantum,6,0.5555555555555556,0.25,"{""clf__C"": 0.1, ""clf__gamma_mult"": 0.25}",78.78387479999947
6,quantum/FB-Bures-RBF-ref-SVM,quantum,7,0.3333333333333333,0.2999999999999999,"{""clf__C"": 10.0, ""clf__gamma_mult"": 0.25}",78.78387479999947
6,quantum/FB-Bures-RBF-ref-SVM,quantum,8,0.4444444444444444,0.7,"{""clf__C"": 10.0, ""clf__gamma_mult"": 0.25}",78.78387479999947
6,quantum/FB-Bures-RBF-ref-SVM,quantum,9,0.3333333333333333,0.25,"{""clf__C"": 10.0, ""clf__gamma_mult"": 4.0}",78.78387479999947
6,quantum/FB-Bures-RBF-ref-SVM,quantum,10,0.3333333333333333,0.3,"{""clf__C"": 10.0, ""clf__gamma_mult"": 1.0}",78.78387479999947
6,quantum/FB-Bures-RBF-ref-SVM,quantum,11,0.5555555555555556,0.65,"{""clf__C"": 10.0, ""clf__gamma_mult"": 0.25}",78.78387479999947
6,quantum/FB-Bures-RBF-ref-SVM,quantum,12,0.4444444444444444,0.4,"{""clf__C"": 10.0, ""clf__gamma_mult"": 1.0}",78.78387479999947
6,quantum/FB-Bures-RBF-ref-SVM,quantum,13,0.4444444444444444,0.3,"{""clf__C"": 10.0, ""clf__gamma_mult"": 4.0}",78.78387479999947
6,quantum/FB-Bures-RBF-ref-SVM,quantum,14,0.4444444444444444,0.6000000000000001,"{""clf__C"": 0.1, ""clf__gamma_mult"": 0.25}",78.78387479999947
6,quantum/FB-QRE-RBF-SVM,quantum,0,0.5555555555555556,0.8,"{""clf__C"": 0.1, ""clf__gamma_mult"": 0.25}",44.48671779999859
6,quantum/FB-QRE-RBF-SVM,quantum,1,0.5555555555555556,0.3999999999999999,"{""clf__C"": 0.1, ""clf__gamma_mult"": 0.25}",44.48671779999859
6,quantum/FB-QRE-RBF-SVM,quantum,2,0.5555555555555556,0.3999999999999999,"{""clf__C"": 0.1, ""clf__gamma_mult"": 0.25}",44.48671779999859
6,quantum/FB-QRE-RBF-SVM,quantum,3,0.5555555555555556,0.3,"{""clf__C"": 0.1, ""clf__gamma_mult"": 0.25}",44.48671779999859
6,quantum/FB-QRE-RBF-SVM,quantum,4,0.4444444444444444,0.675,"{""clf__C"": 0.1, ""clf__gamma_mult"": 0.25}",44.48671779999859
6,quantum/FB-QRE-RBF-SVM,quantum,5,0.3333333333333333,0.1999999999999999,"{""clf__C"": 1.0, ""clf__gamma_mult"": 4.0}",44.48671779999859
6,quantum/FB-QRE-RBF-SVM,quantum,6,0.5555555555555556,0.2499999999999999,"{""clf__C"": 0.1, ""clf__gamma_mult"": 0.25}",44.48671779999859
6,quantum/FB-QRE-RBF-SVM,quantum,7,0.5555555555555556,0.25,"{""clf__C"": 0.1, ""clf__gamma_mult"": 0.25}",44.48671779999859
6,quantum/FB-QRE-RBF-SVM,quantum,8,0.5555555555555556,0.65,"{""clf__C"": 0.1, ""clf__gamma_mult"": 0.25}",44.48671779999859
6,quantum/FB-QRE-RBF-SVM,quantum,9,0.4444444444444444,0.4,"{""clf__C"": 0.1, ""clf__gamma_mult"": 0.25}",44.48671779999859
6,quantum/FB-QRE-RBF-SVM,quantum,10,0.5555555555555556,0.45,"{""clf__C"": 0.1, ""clf__gamma_mult"": 0.25}",44.48671779999859
6,quantum/FB-QRE-RBF-SVM,quantum,11,0.5555555555555556,0.15,"{""clf__C"": 0.1, ""clf__gamma_mult"": 0.25}",44.48671779999859
6,quantum/FB-QRE-RBF-SVM,quantum,12,0.2222222222222222,0.2999999999999999,"{""clf__C"": 1.0, ""clf__gamma_mult"": 4.0}",44.48671779999859
6,quantum/FB-QRE-RBF-SVM,quantum,13,0.5555555555555556,0.5,"{""clf__C"": 0.1, ""clf__gamma_mult"": 0.25}",44.48671779999859
6,quantum/FB-QRE-RBF-SVM,quantum,14,0.4444444444444444,0.4,"{""clf__C"": 1.0, ""clf__gamma_mult"": 0.25}",44.48671779999859
6,quantum/FB-QRE-RBF-ref-SVM,quantum,0,0.4444444444444444,0.35,"{""clf__C"": 10.0, ""clf__gamma_mult"": 1.0}",59.09135419999984
6,quantum/FB-QRE-RBF-ref-SVM,quantum,1,0.3333333333333333,0.35,"{""clf__C"": 10.0, ""clf__gamma_mult"": 0.25}",59.09135419999984
6,quantum/FB-QRE-RBF-ref-SVM,quantum,2,0.4444444444444444,0.4499999999999999,"{""clf__C"": 10.0, ""clf__gamma_mult"": 1.0}",59.09135419999984
6,quantum/FB-QRE-RBF-ref-SVM,quantum,3,0.4444444444444444,0.6,"{""clf__C"": 10.0, ""clf__gamma_mult"": 4.0}",59.09135419999984
6,quantum/FB-QRE-RBF-ref-SVM,quantum,4,0.4444444444444444,0.15,"{""clf__C"": 0.1, ""clf__gamma_mult"": 0.25}",59.09135419999984
6,quantum/FB-QRE-RBF-ref-SVM,quantum,5,0.5555555555555556,0.3999999999999999,"{""clf__C"": 10.0, ""clf__gamma_mult"": 0.25}",59.09135419999984
6,quantum/FB-QRE-RBF-ref-SVM,quantum,6,0.2222222222222222,0.2499999999999999,"{""clf__C"": 10.0, ""clf__gamma_mult"": 1.0}",59.09135419999984
6,quantum/FB-QRE-RBF-ref-SVM,quantum,7,0.3333333333333333,0.35,"{""clf__C"": 10.0, ""clf__gamma_mult"": 0.25}",59.09135419999984
6,quantum/FB-QRE-RBF-ref-SVM,quantum,8,0.5555555555555556,0.65,"{""clf__C"": 1.0, ""clf__gamma_mult"": 1.0}",59.09135419999984
6,quantum/FB-QRE-RBF-ref-SVM,quantum,9,0.3333333333333333,0.3,"{""clf__C"": 10.0, ""clf__gamma_mult"": 4.0}",59.09135419999984
6,quantum/FB-QRE-RBF-ref-SVM,quantum,10,0.3333333333333333,0.3,"{""clf__C"": 10.0, ""clf__gamma_mult"": 1.0}",59.09135419999984
6,quantum/FB-QRE-RBF-ref-SVM,quantum,11,0.3333333333333333,0.35,"{""clf__C"": 10.0, ""clf__gamma_mult"": 4.0}",59.09135419999984
6,quantum/FB-QRE-RBF-ref-SVM,quantum,12,0.3333333333333333,0.35,"{""clf__C"": 10.0, ""clf__gamma_mult"": 0.25}",59.09135419999984
6,quantum/FB-QRE-RBF-ref-SVM,quantum,13,0.5555555555555556,0.5,"{""clf__C"": 10.0, ""clf__gamma_mult"": 0.25}",59.09135419999984
6,quantum/FB-QRE-RBF-ref-SVM,quantum,14,0.4444444444444444,0.6000000000000001,"{""clf__C"": 0.1, ""clf__gamma_mult"": 0.25}",59.09135419999984
6,control/FB-riemann-kernel-SVM,control,0,0.5555555555555556,0.5,"{""clf__C"": 0.1}",37.17933300000004
6,control/FB-riemann-kernel-SVM,control,1,0.3333333333333333,0.3,"{""clf__C"": 1.0}",37.17933300000004
6,control/FB-riemann-kernel-SVM,control,2,0.3333333333333333,0.45,"{""clf__C"": 0.1}",37.17933300000004
6,control/FB-riemann-kernel-SVM,control,3,0.5555555555555556,0.7,"{""clf__C"": 1.0}",37.17933300000004
6,control/FB-riemann-kernel-SVM,control,4,0.3333333333333333,0.15,"{""clf__C"": 1.0}",37.17933300000004
6,control/FB-riemann-kernel-SVM,control,5,0.5555555555555556,0.5,"{""clf__C"": 1.0}",37.17933300000004
6,control/FB-riemann-kernel-SVM,control,6,0.4444444444444444,0.3,"{""clf__C"": 0.1}",37.17933300000004
6,control/FB-riemann-kernel-SVM,control,7,0.4444444444444444,0.3999999999999999,"{""clf__C"": 1.0}",37.17933300000004
6,control/FB-riemann-kernel-SVM,control,8,0.4444444444444444,0.7,"{""clf__C"": 1.0}",37.17933300000004
6,control/FB-riemann-kernel-SVM,control,9,0.5555555555555556,0.5,"{""clf__C"": 0.1}",37.17933300000004
6,control/FB-riemann-kernel-SVM,control,10,0.3333333333333333,0.2999999999999999,"{""clf__C"": 1.0}",37.17933300000004
6,control/FB-riemann-kernel-SVM,control,11,0.6666666666666666,0.5,"{""clf__C"": 0.1}",37.17933300000004
6,control/FB-riemann-kernel-SVM,control,12,0.3333333333333333,0.3,"{""clf__C"": 0.1}",37.17933300000004
6,control/FB-riemann-kernel-SVM,control,13,0.4444444444444444,0.4499999999999999,"{""clf__C"": 0.1}",37.17933300000004
6,control/FB-riemann-kernel-SVM,control,14,0.5555555555555556,0.7,"{""clf__C"": 0.1}",37.17933300000004
6,control/FB-logeuclid-kernel-SVM,control,0,0.6666666666666666,0.7,"{""clf__C"": 1.0}",35.281031400001666
6,control/FB-logeuclid-kernel-SVM,control,1,0.3333333333333333,0.35,"{""clf__C"": 1.0}",35.281031400001666
6,control/FB-logeuclid-kernel-SVM,control,2,0.5555555555555556,0.6,"{""clf__C"": 1.0}",35.281031400001666
6,control/FB-logeuclid-kernel-SVM,control,3,0.6666666666666666,0.7,"{""clf__C"": 1.0}",35.281031400001666
6,control/FB-logeuclid-kernel-SVM,control,4,0.4444444444444444,0.2,"{""clf__C"": 0.1}",35.281031400001666
6,control/FB-logeuclid-kernel-SVM,control,5,0.6666666666666666,0.55,"{""clf__C"": 1.0}",35.281031400001666
6,control/FB-logeuclid-kernel-SVM,control,6,0.3333333333333333,0.4499999999999999,"{""clf__C"": 1.0}",35.281031400001666
6,control/FB-logeuclid-kernel-SVM,control,7,0.5555555555555556,0.3999999999999999,"{""clf__C"": 1.0}",35.281031400001666
6,control/FB-logeuclid-kernel-SVM,control,8,0.4444444444444444,0.7,"{""clf__C"": 1.0}",35.281031400001666
6,control/FB-logeuclid-kernel-SVM,control,9,0.4444444444444444,0.4,"{""clf__C"": 0.1}",35.281031400001666
6,control/FB-logeuclid-kernel-SVM,control,10,0.3333333333333333,0.3999999999999999,"{""clf__C"": 1.0}",35.281031400001666
6,control/FB-logeuclid-kernel-SVM,control,11,0.3333333333333333,0.1999999999999999,"{""clf__C"": 0.1}",35.281031400001666
6,control/FB-logeuclid-kernel-SVM,control,12,0.3333333333333333,0.35,"{""clf__C"": 1.0}",35.281031400001666
6,control/FB-logeuclid-kernel-SVM,control,13,0.4444444444444444,0.4499999999999999,"{""clf__C"": 1.0}",35.281031400001666
6,control/FB-logeuclid-kernel-SVM,control,14,0.5555555555555556,0.6000000000000001,"{""clf__C"": 0.1}",35.281031400001666
8,classical/FBCSP+LDA,classical,0,0.4444444444444444,0.35,"{""perband__base__csp__nfilter"": 2}",52.0793577000004
8,classical/FBCSP+LDA,classical,1,0.4444444444444444,0.55,"{""perband__base__csp__nfilter"": 2}",52.0793577000004
8,classical/FBCSP+LDA,classical,2,0.3333333333333333,0.4,"{""perband__base__csp__nfilter"": 4}",52.0793577000004
8,classical/FBCSP+LDA,classical,3,0.4444444444444444,0.3,"{""perband__base__csp__nfilter"": 4}",52.0793577000004
8,classical/FBCSP+LDA,classical,4,0.4444444444444444,0.3,"{""perband__base__csp__nfilter"": 2}",52.0793577000004
8,classical/FBCSP+LDA,classical,5,0.4444444444444444,0.35,"{""perband__base__csp__nfilter"": 2}",52.0793577000004
8,classical/FBCSP+LDA,classical,6,0.3333333333333333,0.0999999999999999,"{""perband__base__csp__nfilter"": 4}",52.0793577000004
8,classical/FBCSP+LDA,classical,7,0.3333333333333333,0.3,"{""perband__base__csp__nfilter"": 2}",52.0793577000004
8,classical/FBCSP+LDA,classical,8,0.6666666666666666,0.7,"{""perband__base__csp__nfilter"": 6}",52.0793577000004
8,classical/FBCSP+LDA,classical,9,0.4444444444444444,0.55,"{""perband__base__csp__nfilter"": 2}",52.0793577000004
8,classical/FBCSP+LDA,classical,10,0.5555555555555556,0.5,"{""perband__base__csp__nfilter"": 6}",52.0793577000004
8,classical/FBCSP+LDA,classical,11,0.3333333333333333,0.5,"{""perband__base__csp__nfilter"": 2}",52.0793577000004
8,classical/FBCSP+LDA,classical,12,0.5555555555555556,0.55,"{""perband__base__csp__nfilter"": 2}",52.0793577000004
8,classical/FBCSP+LDA,classical,13,0.3333333333333333,0.45,"{""perband__base__csp__nfilter"": 6}",52.0793577000004
8,classical/FBCSP+LDA,classical,14,0.6666666666666666,0.6000000000000001,"{""perband__base__csp__nfilter"": 2}",52.0793577000004
8,classical/FB-TS+LR,classical,0,0.3333333333333333,0.1499999999999999,"{""clf__C"": 0.1}",52.4414196000007
8,classical/FB-TS+LR,classical,1,0.4444444444444444,0.35,"{""clf__C"": 1.0}",52.4414196000007
8,classical/FB-TS+LR,classical,2,0.5555555555555556,0.6000000000000001,"{""clf__C"": 10.0}",52.4414196000007
8,classical/FB-TS+LR,classical,3,0.6666666666666666,0.4,"{""clf__C"": 0.1}",52.4414196000007
8,classical/FB-TS+LR,classical,4,0.6666666666666666,0.5,"{""clf__C"": 0.1}",52.4414196000007
8,classical/FB-TS+LR,classical,5,0.4444444444444444,0.35,"{""clf__C"": 1.0}",52.4414196000007
8,classical/FB-TS+LR,classical,6,0.2222222222222222,0.0,"{""clf__C"": 10.0}",52.4414196000007
8,classical/FB-TS+LR,classical,7,0.4444444444444444,0.3,"{""clf__C"": 0.1}",52.4414196000007
8,classical/FB-TS+LR,classical,8,0.4444444444444444,0.45,"{""clf__C"": 10.0}",52.4414196000007
8,classical/FB-TS+LR,classical,9,0.4444444444444444,0.4,"{""clf__C"": 0.1}",52.4414196000007
8,classical/FB-TS+LR,classical,10,0.4444444444444444,0.4499999999999999,"{""clf__C"": 0.1}",52.4414196000007
8,classical/FB-TS+LR,classical,11,0.3333333333333333,0.45,"{""clf__C"": 1.0}",52.4414196000007
8,classical/FB-TS+LR,classical,12,0.1111111111111111,0.2,"{""clf__C"": 0.1}",52.4414196000007
8,classical/FB-TS+LR,classical,13,0.5555555555555556,0.4499999999999999,"{""clf__C"": 1.0}",52.4414196000007
8,classical/FB-TS+LR,classical,14,0.5555555555555556,0.4,"{""clf__C"": 10.0}",52.4414196000007
8,classical/FB-TS+RBF-SVM,classical,0,0.4444444444444444,0.1499999999999999,"{""clf__C"": 0.1, ""clf__gamma"": ""scale""}",88.80456190000041
8,classical/FB-TS+RBF-SVM,classical,1,0.4444444444444444,0.25,"{""clf__C"": 0.1, ""clf__gamma"": ""scale""}",88.80456190000041
8,classical/FB-TS+RBF-SVM,classical,2,0.4444444444444444,0.45,"{""clf__C"": 1.0, ""clf__gamma"": 0.01}",88.80456190000041
8,classical/FB-TS+RBF-SVM,classical,3,0.4444444444444444,0.3,"{""clf__C"": 10.0, ""clf__gamma"": ""scale""}",88.80456190000041
8,classical/FB-TS+RBF-SVM,classical,4,0.3333333333333333,0.45,"{""clf__C"": 0.1, ""clf__gamma"": ""scale""}",88.80456190000041
8,classical/FB-TS+RBF-SVM,classical,5,0.4444444444444444,0.3,"{""clf__C"": 0.1, ""clf__gamma"": ""scale""}",88.80456190000041
8,classical/FB-TS+RBF-SVM,classical,6,0.4444444444444444,0.0,"{""clf__C"": 0.1, ""clf__gamma"": ""scale""}",88.80456190000041
8,classical/FB-TS+RBF-SVM,classical,7,0.2222222222222222,0.1,"{""clf__C"": 10.0, ""clf__gamma"": 0.01}",88.80456190000041
8,classical/FB-TS+RBF-SVM,classical,8,0.5555555555555556,0.5,"{""clf__C"": 0.1, ""clf__gamma"": ""scale""}",88.80456190000041
8,classical/FB-TS+RBF-SVM,classical,9,0.5555555555555556,0.5,"{""clf__C"": 0.1, ""clf__gamma"": ""scale""}",88.80456190000041
8,classical/FB-TS+RBF-SVM,classical,10,0.4444444444444444,0.15,"{""clf__C"": 0.1, ""clf__gamma"": ""scale""}",88.80456190000041
8,classical/FB-TS+RBF-SVM,classical,11,0.4444444444444444,0.6,"{""clf__C"": 0.1, ""clf__gamma"": ""scale""}",88.80456190000041
8,classical/FB-TS+RBF-SVM,classical,12,0.4444444444444444,0.2,"{""clf__C"": 10.0, ""clf__gamma"": 0.01}",88.80456190000041
8,classical/FB-TS+RBF-SVM,classical,13,0.3333333333333333,0.25,"{""clf__C"": 0.1, ""clf__gamma"": ""scale""}",88.80456190000041
8,classical/FB-TS+RBF-SVM,classical,14,0.4444444444444444,0.4,"{""clf__C"": 0.1, ""clf__gamma"": ""scale""}",88.80456190000041
8,quantum/FB-HS-overlap-SVM,quantum,0,0.4444444444444444,0.55,"{""clf__C"": 0.1}",34.53862010000012
8,quantum/FB-HS-overlap-SVM,quantum,1,0.4444444444444444,0.7,"{""clf__C"": 0.1}",34.53862010000012
8,quantum/FB-HS-overlap-SVM,quantum,2,0.5555555555555556,0.5,"{""clf__C"": 0.1}",34.53862010000012
8,quantum/FB-HS-overlap-SVM,quantum,3,0.3333333333333333,0.5,"{""clf__C"": 10.0}",34.53862010000012
8,quantum/FB-HS-overlap-SVM,quantum,4,0.5555555555555556,0.85,"{""clf__C"": 0.1}",34.53862010000012
8,quantum/FB-HS-overlap-SVM,quantum,5,0.4444444444444444,0.7000000000000001,"{""clf__C"": 0.1}",34.53862010000012
8,quantum/FB-HS-overlap-SVM,quantum,6,0.4444444444444444,0.3999999999999999,"{""clf__C"": 0.1}",34.53862010000012
8,quantum/FB-HS-overlap-SVM,quantum,7,0.2222222222222222,0.15,"{""clf__C"": 10.0}",34.53862010000012
8,quantum/FB-HS-overlap-SVM,quantum,8,0.5555555555555556,0.95,"{""clf__C"": 0.1}",34.53862010000012
8,quantum/FB-HS-overlap-SVM,quantum,9,0.5555555555555556,0.95,"{""clf__C"": 0.1}",34.53862010000012
8,quantum/FB-HS-overlap-SVM,quantum,10,0.4444444444444444,0.4499999999999999,"{""clf__C"": 10.0}",34.53862010000012
8,quantum/FB-HS-overlap-SVM,quantum,11,0.4444444444444444,0.7000000000000001,"{""clf__C"": 0.1}",34.53862010000012
8,quantum/FB-HS-overlap-SVM,quantum,12,0.5555555555555556,0.7,"{""clf__C"": 0.1}",34.53862010000012
8,quantum/FB-HS-overlap-SVM,quantum,13,0.4444444444444444,0.5,"{""clf__C"": 10.0}",34.53862010000012
8,quantum/FB-HS-overlap-SVM,quantum,14,0.4444444444444444,0.75,"{""clf__C"": 0.1}",34.53862010000012
8,quantum/FB-HS-overlap-ref-SVM,quantum,0,0.4444444444444444,0.55,"{""clf__C"": 0.1}",39.551507300000594
8,quantum/FB-HS-overlap-ref-SVM,quantum,1,0.4444444444444444,0.4,"{""clf__C"": 10.0}",39.551507300000594
8,quantum/FB-HS-overlap-ref-SVM,quantum,2,0.5555555555555556,0.6000000000000001,"{""clf__C"": 10.0}",39.551507300000594
8,quantum/FB-HS-overlap-ref-SVM,quantum,3,0.5555555555555556,0.4,"{""clf__C"": 10.0}",39.551507300000594
8,quantum/FB-HS-overlap-ref-SVM,quantum,4,0.7777777777777778,0.8,"{""clf__C"": 10.0}",39.551507300000594
8,quantum/FB-HS-overlap-ref-SVM,quantum,5,0.4444444444444444,0.3999999999999999,"{""clf__C"": 0.1}",39.551507300000594
8,quantum/FB-HS-overlap-ref-SVM,quantum,6,0.5555555555555556,0.5499999999999999,"{""clf__C"": 10.0}",39.551507300000594
8,quantum/FB-HS-overlap-ref-SVM,quantum,7,0.5555555555555556,0.4,"{""clf__C"": 10.0}",39.551507300000594
8,quantum/FB-HS-overlap-ref-SVM,quantum,8,0.4444444444444444,0.7,"{""clf__C"": 10.0}",39.551507300000594
8,quantum/FB-HS-overlap-ref-SVM,quantum,9,0.5555555555555556,0.7,"{""clf__C"": 10.0}",39.551507300000594
8,quantum/FB-HS-overlap-ref-SVM,quantum,10,0.8888888888888888,0.85,"{""clf__C"": 10.0}",39.551507300000594
8,quantum/FB-HS-overlap-ref-SVM,quantum,11,0.4444444444444444,0.55,"{""clf__C"": 10.0}",39.551507300000594
8,quantum/FB-HS-overlap-ref-SVM,quantum,12,0.5555555555555556,0.6,"{""clf__C"": 0.1}",39.551507300000594
8,quantum/FB-HS-overlap-ref-SVM,quantum,13,0.5555555555555556,0.5499999999999999,"{""clf__C"": 10.0}",39.551507300000594
8,quantum/FB-HS-overlap-ref-SVM,quantum,14,0.5555555555555556,0.7,"{""clf__C"": 10.0}",39.551507300000594
8,quantum/FB-Fidelity-SVM,quantum,0,0.4444444444444444,0.55,"{""clf__C"": 10.0}",39.93300850000014
8,quantum/FB-Fidelity-SVM,quantum,1,0.4444444444444444,0.7,"{""clf__C"": 0.1}",39.93300850000014
8,quantum/FB-Fidelity-SVM,quantum,2,0.6666666666666666,0.5,"{""clf__C"": 0.1}",39.93300850000014
8,quantum/FB-Fidelity-SVM,quantum,3,0.3333333333333333,0.5,"{""clf__C"": 0.1}",39.93300850000014
8,quantum/FB-Fidelity-SVM,quantum,4,0.5555555555555556,0.8,"{""clf__C"": 0.1}",39.93300850000014
8,quantum/FB-Fidelity-SVM,quantum,5,0.4444444444444444,0.7000000000000001,"{""clf__C"": 0.1}",39.93300850000014
8,quantum/FB-Fidelity-SVM,quantum,6,0.4444444444444444,0.3999999999999999,"{""clf__C"": 0.1}",39.93300850000014
8,quantum/FB-Fidelity-SVM,quantum,7,0.2222222222222222,0.15,"{""clf__C"": 0.1}",39.93300850000014
8,quantum/FB-Fidelity-SVM,quantum,8,0.6666666666666666,0.95,"{""clf__C"": 0.1}",39.93300850000014
8,quantum/FB-Fidelity-SVM,quantum,9,0.5555555555555556,0.95,"{""clf__C"": 0.1}",39.93300850000014
8,quantum/FB-Fidelity-SVM,quantum,10,0.4444444444444444,0.4499999999999999,"{""clf__C"": 0.1}",39.93300850000014
8,quantum/FB-Fidelity-SVM,quantum,11,0.4444444444444444,0.8,"{""clf__C"": 0.1}",39.93300850000014
8,quantum/FB-Fidelity-SVM,quantum,12,0.6666666666666666,0.7,"{""clf__C"": 0.1}",39.93300850000014
8,quantum/FB-Fidelity-SVM,quantum,13,0.4444444444444444,0.5,"{""clf__C"": 0.1}",39.93300850000014
8,quantum/FB-Fidelity-SVM,quantum,14,0.4444444444444444,0.75,"{""clf__C"": 0.1}",39.93300850000014
8,quantum/FB-Fidelity-ref-SVM,quantum,0,0.4444444444444444,0.3999999999999999,"{""clf__C"": 0.1}",47.76757019999968
8,quantum/FB-Fidelity-ref-SVM,quantum,1,0.4444444444444444,0.4,"{""clf__C"": 10.0}",47.76757019999968
8,quantum/FB-Fidelity-ref-SVM,quantum,2,0.5555555555555556,0.4,"{""clf__C"": 10.0}",47.76757019999968
8,quantum/FB-Fidelity-ref-SVM,quantum,3,0.5555555555555556,0.3,"{""clf__C"": 10.0}",47.76757019999968
8,quantum/FB-Fidelity-ref-SVM,quantum,4,0.6666666666666666,0.7,"{""clf__C"": 10.0}",47.76757019999968
8,quantum/FB-Fidelity-ref-SVM,quantum,5,0.4444444444444444,0.5,"{""clf__C"": 0.1}",47.76757019999968
8,quantum/FB-Fidelity-ref-SVM,quantum,6,0.5555555555555556,0.4499999999999999,"{""clf__C"": 10.0}",47.76757019999968
8,quantum/FB-Fidelity-ref-SVM,quantum,7,0.4444444444444444,0.4,"{""clf__C"": 10.0}",47.76757019999968
8,quantum/FB-Fidelity-ref-SVM,quantum,8,0.5555555555555556,0.7,"{""clf__C"": 10.0}",47.76757019999968
8,quantum/FB-Fidelity-ref-SVM,quantum,9,0.6666666666666666,0.45,"{""clf__C"": 10.0}",47.76757019999968
8,quantum/FB-Fidelity-ref-SVM,quantum,10,0.5555555555555556,0.75,"{""clf__C"": 10.0}",47.76757019999968
8,quantum/FB-Fidelity-ref-SVM,quantum,11,0.4444444444444444,0.55,"{""clf__C"": 0.1}",47.76757019999968
8,quantum/FB-Fidelity-ref-SVM,quantum,12,0.5555555555555556,0.5,"{""clf__C"": 10.0}",47.76757019999968
8,quantum/FB-Fidelity-ref-SVM,quantum,13,0.4444444444444444,0.4,"{""clf__C"": 10.0}",47.76757019999968
8,quantum/FB-Fidelity-ref-SVM,quantum,14,0.5555555555555556,0.55,"{""clf__C"": 10.0}",47.76757019999968
8,quantum/FB-HS-RBF-SVM,quantum,0,0.4444444444444444,0.6,"{""clf__C"": 10.0, ""clf__gamma_mult"": 1.0}",42.47396889999982
8,quantum/FB-HS-RBF-SVM,quantum,1,0.5555555555555556,0.5,"{""clf__C"": 10.0, ""clf__gamma_mult"": 4.0}",42.47396889999982
8,quantum/FB-HS-RBF-SVM,quantum,2,0.4444444444444444,0.2,"{""clf__C"": 10.0, ""clf__gamma_mult"": 4.0}",42.47396889999982
8,quantum/FB-HS-RBF-SVM,quantum,3,0.6666666666666666,0.45,"{""clf__C"": 1.0, ""clf__gamma_mult"": 4.0}",42.47396889999982
8,quantum/FB-HS-RBF-SVM,quantum,4,0.7777777777777778,0.8,"{""clf__C"": 1.0, ""clf__gamma_mult"": 4.0}",42.47396889999982
8,quantum/FB-HS-RBF-SVM,quantum,5,0.5555555555555556,0.35,"{""clf__C"": 1.0, ""clf__gamma_mult"": 1.0}",42.47396889999982
8,quantum/FB-HS-RBF-SVM,quantum,6,0.4444444444444444,0.3999999999999999,"{""clf__C"": 1.0, ""clf__gamma_mult"": 1.0}",42.47396889999982
8,quantum/FB-HS-RBF-SVM,quantum,7,0.4444444444444444,0.15,"{""clf__C"": 1.0, ""clf__gamma_mult"": 1.0}",42.47396889999982
8,quantum/FB-HS-RBF-SVM,quantum,8,0.4444444444444444,0.55,"{""clf__C"": 10.0, ""clf__gamma_mult"": 4.0}",42.47396889999982
8,quantum/FB-HS-RBF-SVM,quantum,9,0.7777777777777778,0.75,"{""clf__C"": 1.0, ""clf__gamma_mult"": 4.0}",42.47396889999982
8,quantum/FB-HS-RBF-SVM,quantum,10,0.7777777777777778,0.65,"{""clf__C"": 10.0, ""clf__gamma_mult"": 4.0}",42.47396889999982
8,quantum/FB-HS-RBF-SVM,quantum,11,0.5555555555555556,0.5,"{""clf__C"": 1.0, ""clf__gamma_mult"": 4.0}",42.47396889999982
8,quantum/FB-HS-RBF-SVM,quantum,12,0.6666666666666666,0.7,"{""clf__C"": 10.0, ""clf__gamma_mult"": 1.0}",42.47396889999982
8,quantum/FB-HS-RBF-SVM,quantum,13,0.5555555555555556,0.5,"{""clf__C"": 1.0, ""clf__gamma_mult"": 1.0}",42.47396889999982
8,quantum/FB-HS-RBF-SVM,quantum,14,0.6666666666666666,0.7,"{""clf__C"": 10.0, ""clf__gamma_mult"": 1.0}",42.47396889999982
8,quantum/FB-HS-RBF-ref-SVM,quantum,0,0.4444444444444444,0.55,"{""clf__C"": 0.1, ""clf__gamma_mult"": 0.25}",62.88122250000015
8,quantum/FB-HS-RBF-ref-SVM,quantum,1,0.4444444444444444,0.35,"{""clf__C"": 10.0, ""clf__gamma_mult"": 1.0}",62.88122250000015
8,quantum/FB-HS-RBF-ref-SVM,quantum,2,0.4444444444444444,0.5,"{""clf__C"": 10.0, ""clf__gamma_mult"": 4.0}",62.88122250000015
8,quantum/FB-HS-RBF-ref-SVM,quantum,3,0.5555555555555556,0.4,"{""clf__C"": 10.0, ""clf__gamma_mult"": 1.0}",62.88122250000015
8,quantum/FB-HS-RBF-ref-SVM,quantum,4,0.6666666666666666,0.8,"{""clf__C"": 10.0, ""clf__gamma_mult"": 1.0}",62.88122250000015
8,quantum/FB-HS-RBF-ref-SVM,quantum,5,0.4444444444444444,0.3999999999999999,"{""clf__C"": 0.1, ""clf__gamma_mult"": 0.25}",62.88122250000015
8,quantum/FB-HS-RBF-ref-SVM,quantum,6,0.3333333333333333,0.4,"{""clf__C"": 1.0, ""clf__gamma_mult"": 1.0}",62.88122250000015
8,quantum/FB-HS-RBF-ref-SVM,quantum,7,0.4444444444444444,0.3,"{""clf__C"": 10.0, ""clf__gamma_mult"": 1.0}",62.88122250000015
8,quantum/FB-HS-RBF-ref-SVM,quantum,8,0.4444444444444444,0.7,"{""clf__C"": 10.0, ""clf__gamma_mult"": 0.25}",62.88122250000015
8,quantum/FB-HS-RBF-ref-SVM,quantum,9,0.5555555555555556,0.65,"{""clf__C"": 10.0, ""clf__gamma_mult"": 1.0}",62.88122250000015
8,quantum/FB-HS-RBF-ref-SVM,quantum,10,0.4444444444444444,0.6000000000000001,"{""clf__C"": 10.0, ""clf__gamma_mult"": 1.0}",62.88122250000015
8,quantum/FB-HS-RBF-ref-SVM,quantum,11,0.4444444444444444,0.6,"{""clf__C"": 10.0, ""clf__gamma_mult"": 1.0}",62.88122250000015
8,quantum/FB-HS-RBF-ref-SVM,quantum,12,0.5555555555555556,0.55,"{""clf__C"": 10.0, ""clf__gamma_mult"": 4.0}",62.88122250000015
8,quantum/FB-HS-RBF-ref-SVM,quantum,13,0.4444444444444444,0.55,"{""clf__C"": 10.0, ""clf__gamma_mult"": 1.0}",62.88122250000015
8,quantum/FB-HS-RBF-ref-SVM,quantum,14,0.6666666666666666,0.7,"{""clf__C"": 10.0, ""clf__gamma_mult"": 0.25}",62.88122250000015
8,quantum/FB-Bures-RBF-SVM,quantum,0,0.4444444444444444,0.6,"{""clf__C"": 10.0, ""clf__gamma_mult"": 1.0}",62.26630550000027
8,quantum/FB-Bures-RBF-SVM,quantum,1,0.4444444444444444,0.45,"{""clf__C"": 10.0, ""clf__gamma_mult"": 4.0}",62.26630550000027
8,quantum/FB-Bures-RBF-SVM,quantum,2,0.4444444444444444,0.2,"{""clf__C"": 10.0, ""clf__gamma_mult"": 4.0}",62.26630550000027
8,quantum/FB-Bures-RBF-SVM,quantum,3,0.5555555555555556,0.2,"{""clf__C"": 1.0, ""clf__gamma_mult"": 0.25}",62.26630550000027
8,quantum/FB-Bures-RBF-SVM,quantum,4,0.7777777777777778,0.7,"{""clf__C"": 1.0, ""clf__gamma_mult"": 4.0}",62.26630550000027
8,quantum/FB-Bures-RBF-SVM,quantum,5,0.4444444444444444,0.3999999999999999,"{""clf__C"": 0.1, ""clf__gamma_mult"": 0.25}",62.26630550000027
8,quantum/FB-Bures-RBF-SVM,quantum,6,0.4444444444444444,0.3999999999999999,"{""clf__C"": 1.0, ""clf__gamma_mult"": 1.0}",62.26630550000027
8,quantum/FB-Bures-RBF-SVM,quantum,7,0.3333333333333333,0.4499999999999999,"{""clf__C"": 10.0, ""clf__gamma_mult"": 1.0}",62.26630550000027
8,quantum/FB-Bures-RBF-SVM,quantum,8,0.6666666666666666,0.85,"{""clf__C"": 10.0, ""clf__gamma_mult"": 1.0}",62.26630550000027
8,quantum/FB-Bures-RBF-SVM,quantum,9,0.7777777777777778,0.7,"{""clf__C"": 1.0, ""clf__gamma_mult"": 4.0}",62.26630550000027
8,quantum/FB-Bures-RBF-SVM,quantum,10,0.7777777777777778,0.75,"{""clf__C"": 10.0, ""clf__gamma_mult"": 4.0}",62.26630550000027
8,quantum/FB-Bures-RBF-SVM,quantum,11,0.5555555555555556,0.5,"{""clf__C"": 1.0, ""clf__gamma_mult"": 4.0}",62.26630550000027
8,quantum/FB-Bures-RBF-SVM,quantum,12,0.7777777777777778,0.7,"{""clf__C"": 10.0, ""clf__gamma_mult"": 4.0}",62.26630550000027
8,quantum/FB-Bures-RBF-SVM,quantum,13,0.5555555555555556,0.5,"{""clf__C"": 1.0, ""clf__gamma_mult"": 1.0}",62.26630550000027
8,quantum/FB-Bures-RBF-SVM,quantum,14,0.4444444444444444,0.5,"{""clf__C"": 1.0, ""clf__gamma_mult"": 4.0}",62.26630550000027
8,quantum/FB-Bures-RBF-ref-SVM,quantum,0,0.4444444444444444,0.3999999999999999,"{""clf__C"": 0.1, ""clf__gamma_mult"": 0.25}",78.5302013999999
8,quantum/FB-Bures-RBF-ref-SVM,quantum,1,0.3333333333333333,0.15,"{""clf__C"": 10.0, ""clf__gamma_mult"": 4.0}",78.5302013999999
8,quantum/FB-Bures-RBF-ref-SVM,quantum,2,0.4444444444444444,0.5,"{""clf__C"": 10.0, ""clf__gamma_mult"": 1.0}",78.5302013999999
8,quantum/FB-Bures-RBF-ref-SVM,quantum,3,0.2222222222222222,0.1,"{""clf__C"": 0.1, ""clf__gamma_mult"": 0.25}",78.5302013999999
8,quantum/FB-Bures-RBF-ref-SVM,quantum,4,0.5555555555555556,0.7,"{""clf__C"": 10.0, ""clf__gamma_mult"": 0.25}",78.5302013999999
8,quantum/FB-Bures-RBF-ref-SVM,quantum,5,0.4444444444444444,0.5,"{""clf__C"": 0.1, ""clf__gamma_mult"": 0.25}",78.5302013999999
8,quantum/FB-Bures-RBF-ref-SVM,quantum,6,0.3333333333333333,0.1999999999999999,"{""clf__C"": 10.0, ""clf__gamma_mult"": 4.0}",78.5302013999999
8,quantum/FB-Bures-RBF-ref-SVM,quantum,7,0.4444444444444444,0.35,"{""clf__C"": 10.0, ""clf__gamma_mult"": 0.25}",78.5302013999999
8,quantum/FB-Bures-RBF-ref-SVM,quantum,8,0.4444444444444444,0.65,"{""clf__C"": 10.0, ""clf__gamma_mult"": 0.25}",78.5302013999999
8,quantum/FB-Bures-RBF-ref-SVM,quantum,9,0.4444444444444444,0.5,"{""clf__C"": 10.0, ""clf__gamma_mult"": 1.0}",78.5302013999999
8,quantum/FB-Bures-RBF-ref-SVM,quantum,10,0.4444444444444444,0.6,"{""clf__C"": 10.0, ""clf__gamma_mult"": 1.0}",78.5302013999999
8,quantum/FB-Bures-RBF-ref-SVM,quantum,11,0.3333333333333333,0.55,"{""clf__C"": 10.0, ""clf__gamma_mult"": 0.25}",78.5302013999999
8,quantum/FB-Bures-RBF-ref-SVM,quantum,12,0.4444444444444444,0.5,"{""clf__C"": 10.0, ""clf__gamma_mult"": 0.25}",78.5302013999999
8,quantum/FB-Bures-RBF-ref-SVM,quantum,13,0.5555555555555556,0.4,"{""clf__C"": 10.0, ""clf__gamma_mult"": 0.25}",78.5302013999999
8,quantum/FB-Bures-RBF-ref-SVM,quantum,14,0.6666666666666666,0.75,"{""clf__C"": 10.0, ""clf__gamma_mult"": 0.25}",78.5302013999999
8,quantum/FB-QRE-RBF-SVM,quantum,0,0.4444444444444444,0.6,"{""clf__C"": 10.0, ""clf__gamma_mult"": 1.0}",50.80940880000071
8,quantum/FB-QRE-RBF-SVM,quantum,1,0.4444444444444444,0.45,"{""clf__C"": 10.0, ""clf__gamma_mult"": 4.0}",50.80940880000071
8,quantum/FB-QRE-RBF-SVM,quantum,2,0.4444444444444444,0.2,"{""clf__C"": 10.0, ""clf__gamma_mult"": 4.0}",50.80940880000071
8,quantum/FB-QRE-RBF-SVM,quantum,3,0.5555555555555556,0.2,"{""clf__C"": 1.0, ""clf__gamma_mult"": 0.25}",50.80940880000071
8,quantum/FB-QRE-RBF-SVM,quantum,4,0.7777777777777778,0.7,"{""clf__C"": 1.0, ""clf__gamma_mult"": 4.0}",50.80940880000071
8,quantum/FB-QRE-RBF-SVM,quantum,5,0.4444444444444444,0.3999999999999999,"{""clf__C"": 0.1, ""clf__gamma_mult"": 0.25}",50.80940880000071
8,quantum/FB-QRE-RBF-SVM,quantum,6,0.4444444444444444,0.3999999999999999,"{""clf__C"": 1.0, ""clf__gamma_mult"": 1.0}",50.80940880000071
8,quantum/FB-QRE-RBF-SVM,quantum,7,0.5555555555555556,0.5,"{""clf__C"": 10.0, ""clf__gamma_mult"": 4.0}",50.80940880000071
8,quantum/FB-QRE-RBF-SVM,quantum,8,0.6666666666666666,0.85,"{""clf__C"": 10.0, ""clf__gamma_mult"": 1.0}",50.80940880000071
8,quantum/FB-QRE-RBF-SVM,quantum,9,0.7777777777777778,0.7,"{""clf__C"": 1.0, ""clf__gamma_mult"": 4.0}",50.80940880000071
8,quantum/FB-QRE-RBF-SVM,quantum,10,0.7777777777777778,0.75,"{""clf__C"": 10.0, ""clf__gamma_mult"": 4.0}",50.80940880000071
8,quantum/FB-QRE-RBF-SVM,quantum,11,0.5555555555555556,0.5,"{""clf__C"": 1.0, ""clf__gamma_mult"": 4.0}",50.80940880000071
8,quantum/FB-QRE-RBF-SVM,quantum,12,0.7777777777777778,0.7,"{""clf__C"": 10.0, ""clf__gamma_mult"": 4.0}",50.80940880000071
8,quantum/FB-QRE-RBF-SVM,quantum,13,0.5555555555555556,0.5,"{""clf__C"": 1.0, ""clf__gamma_mult"": 1.0}",50.80940880000071
8,quantum/FB-QRE-RBF-SVM,quantum,14,0.5555555555555556,0.7,"{""clf__C"": 10.0, ""clf__gamma_mult"": 1.0}",50.80940880000071
8,quantum/FB-QRE-RBF-ref-SVM,quantum,0,0.4444444444444444,0.35,"{""clf__C"": 0.1, ""clf__gamma_mult"": 0.25}",58.589848900000106
8,quantum/FB-QRE-RBF-ref-SVM,quantum,1,0.3333333333333333,0.15,"{""clf__C"": 10.0, ""clf__gamma_mult"": 4.0}",58.589848900000106
8,quantum/FB-QRE-RBF-ref-SVM,quantum,2,0.6666666666666666,0.55,"{""clf__C"": 10.0, ""clf__gamma_mult"": 1.0}",58.589848900000106
8,quantum/FB-QRE-RBF-ref-SVM,quantum,3,0.2222222222222222,0.1,"{""clf__C"": 0.1, ""clf__gamma_mult"": 0.25}",58.589848900000106
8,quantum/FB-QRE-RBF-ref-SVM,quantum,4,0.6666666666666666,0.7,"{""clf__C"": 10.0, ""clf__gamma_mult"": 0.25}",58.589848900000106
8,quantum/FB-QRE-RBF-ref-SVM,quantum,5,0.4444444444444444,0.5,"{""clf__C"": 0.1, ""clf__gamma_mult"": 0.25}",58.589848900000106
8,quantum/FB-QRE-RBF-ref-SVM,quantum,6,0.3333333333333333,0.25,"{""clf__C"": 1.0, ""clf__gamma_mult"": 1.0}",58.589848900000106
8,quantum/FB-QRE-RBF-ref-SVM,quantum,7,0.4444444444444444,0.3999999999999999,"{""clf__C"": 10.0, ""clf__gamma_mult"": 0.25}",58.589848900000106
8,quantum/FB-QRE-RBF-ref-SVM,quantum,8,0.6666666666666666,0.65,"{""clf__C"": 10.0, ""clf__gamma_mult"": 0.25}",58.589848900000106
8,quantum/FB-QRE-RBF-ref-SVM,quantum,9,0.5555555555555556,0.5,"{""clf__C"": 10.0, ""clf__gamma_mult"": 0.25}",58.589848900000106
8,quantum/FB-QRE-RBF-ref-SVM,quantum,10,0.4444444444444444,0.6,"{""clf__C"": 10.0, ""clf__gamma_mult"": 1.0}",58.589848900000106
8,quantum/FB-QRE-RBF-ref-SVM,quantum,11,0.4444444444444444,0.5,"{""clf__C"": 10.0, ""clf__gamma_mult"": 1.0}",58.589848900000106
8,quantum/FB-QRE-RBF-ref-SVM,quantum,12,0.4444444444444444,0.45,"{""clf__C"": 0.1, ""clf__gamma_mult"": 0.25}",58.589848900000106
8,quantum/FB-QRE-RBF-ref-SVM,quantum,13,0.5555555555555556,0.4,"{""clf__C"": 10.0, ""clf__gamma_mult"": 0.25}",58.589848900000106
8,quantum/FB-QRE-RBF-ref-SVM,quantum,14,0.6666666666666666,0.75,"{""clf__C"": 10.0, ""clf__gamma_mult"": 0.25}",58.589848900000106
8,control/FB-riemann-kernel-SVM,control,0,0.5555555555555556,0.2499999999999999,"{""clf__C"": 0.1}",39.02189030000045
8,control/FB-riemann-kernel-SVM,control,1,0.3333333333333333,0.25,"{""clf__C"": 0.1}",39.02189030000045
8,control/FB-riemann-kernel-SVM,control,2,0.5555555555555556,0.4,"{""clf__C"": 0.1}",39.02189030000045
8,control/FB-riemann-kernel-SVM,control,3,0.5555555555555556,0.35,"{""clf__C"": 0.1}",39.02189030000045
8,control/FB-riemann-kernel-SVM,control,4,0.4444444444444444,0.5,"{""clf__C"": 0.1}",39.02189030000045
8,control/FB-riemann-kernel-SVM,control,5,0.4444444444444444,0.4499999999999999,"{""clf__C"": 0.1}",39.02189030000045
8,control/FB-riemann-kernel-SVM,control,6,0.1111111111111111,0.0999999999999999,"{""clf__C"": 0.1}",39.02189030000045
8,control/FB-riemann-kernel-SVM,control,7,0.4444444444444444,0.25,"{""clf__C"": 1.0}",39.02189030000045
8,control/FB-riemann-kernel-SVM,control,8,0.5555555555555556,0.5,"{""clf__C"": 1.0}",39.02189030000045
8,control/FB-riemann-kernel-SVM,control,9,0.4444444444444444,0.35,"{""clf__C"": 1.0}",39.02189030000045
8,control/FB-riemann-kernel-SVM,control,10,0.3333333333333333,0.55,"{""clf__C"": 0.1}",39.02189030000045
8,control/FB-riemann-kernel-SVM,control,11,0.3333333333333333,0.5,"{""clf__C"": 0.1}",39.02189030000045
8,control/FB-riemann-kernel-SVM,control,12,0.3333333333333333,0.25,"{""clf__C"": 0.1}",39.02189030000045
8,control/FB-riemann-kernel-SVM,control,13,0.4444444444444444,0.5,"{""clf__C"": 1.0}",39.02189030000045
8,control/FB-riemann-kernel-SVM,control,14,0.4444444444444444,0.5,"{""clf__C"": 0.1}",39.02189030000045
8,control/FB-logeuclid-kernel-SVM,control,0,0.5555555555555556,0.2499999999999999,"{""clf__C"": 0.1}",38.19228089999979
8,control/FB-logeuclid-kernel-SVM,control,1,0.3333333333333333,0.3,"{""clf__C"": 0.1}",38.19228089999979
8,control/FB-logeuclid-kernel-SVM,control,2,0.5555555555555556,0.45,"{""clf__C"": 1.0}",38.19228089999979
8,control/FB-logeuclid-kernel-SVM,control,3,0.2222222222222222,0.05,"{""clf__C"": 0.1}",38.19228089999979
8,control/FB-logeuclid-kernel-SVM,control,4,0.5555555555555556,0.5,"{""clf__C"": 1.0}",38.19228089999979
8,control/FB-logeuclid-kernel-SVM,control,5,0.4444444444444444,0.3999999999999999,"{""clf__C"": 0.1}",38.19228089999979
8,control/FB-logeuclid-kernel-SVM,control,6,0.1111111111111111,0.1,"{""clf__C"": 0.1}",38.19228089999979
8,control/FB-logeuclid-kernel-SVM,control,7,0.4444444444444444,0.15,"{""clf__C"": 1.0}",38.19228089999979
8,control/FB-logeuclid-kernel-SVM,control,8,0.6666666666666666,0.7,"{""clf__C"": 0.1}",38.19228089999979
8,control/FB-logeuclid-kernel-SVM,control,9,0.6666666666666666,0.45,"{""clf__C"": 1.0}",38.19228089999979
8,control/FB-logeuclid-kernel-SVM,control,10,0.4444444444444444,0.5,"{""clf__C"": 0.1}",38.19228089999979
8,control/FB-logeuclid-kernel-SVM,control,11,0.4444444444444444,0.55,"{""clf__C"": 0.1}",38.19228089999979
8,control/FB-logeuclid-kernel-SVM,control,12,0.3333333333333333,0.3,"{""clf__C"": 1.0}",38.19228089999979
8,control/FB-logeuclid-kernel-SVM,control,13,0.4444444444444444,0.25,"{""clf__C"": 1.0}",38.19228089999979
8,control/FB-logeuclid-kernel-SVM,control,14,0.5555555555555556,0.5,"{""clf__C"": 1.0}",38.19228089999979
9,classical/FBCSP+LDA,classical,0,0.3333333333333333,0.45,"{""perband__base__csp__nfilter"": 4}",43.44247309999992
9,classical/FBCSP+LDA,classical,1,0.4444444444444444,0.55,"{""perband__base__csp__nfilter"": 2}",43.44247309999992
9,classical/FBCSP+LDA,classical,2,0.6666666666666666,0.6,"{""perband__base__csp__nfilter"": 6}",43.44247309999992
9,classical/FBCSP+LDA,classical,3,0.4444444444444444,0.3999999999999999,"{""perband__base__csp__nfilter"": 4}",43.44247309999992
9,classical/FBCSP+LDA,classical,4,0.4444444444444444,0.3,"{""perband__base__csp__nfilter"": 2}",43.44247309999992
9,classical/FBCSP+LDA,classical,5,0.4444444444444444,0.45,"{""perband__base__csp__nfilter"": 6}",43.44247309999992
9,classical/FBCSP+LDA,classical,6,0.4444444444444444,0.6,"{""perband__base__csp__nfilter"": 6}",43.44247309999992
9,classical/FBCSP+LDA,classical,7,0.4444444444444444,0.5,"{""perband__base__csp__nfilter"": 6}",43.44247309999992
9,classical/FBCSP+LDA,classical,8,0.4444444444444444,0.25,"{""perband__base__csp__nfilter"": 2}",43.44247309999992
9,classical/FBCSP+LDA,classical,9,0.4444444444444444,0.5499999999999999,"{""perband__base__csp__nfilter"": 2}",43.44247309999992
9,classical/FBCSP+LDA,classical,10,0.4444444444444444,0.5,"{""perband__base__csp__nfilter"": 6}",43.44247309999992
9,classical/FBCSP+LDA,classical,11,0.5555555555555556,0.3,"{""perband__base__csp__nfilter"": 4}",43.44247309999992
9,classical/FBCSP+LDA,classical,12,0.5555555555555556,0.5,"{""perband__base__csp__nfilter"": 6}",43.44247309999992
9,classical/FBCSP+LDA,classical,13,0.5555555555555556,0.5,"{""perband__base__csp__nfilter"": 2}",43.44247309999992
9,classical/FBCSP+LDA,classical,14,0.5555555555555556,0.3,"{""perband__base__csp__nfilter"": 2}",43.44247309999992
9,classical/FB-TS+LR,classical,0,0.3333333333333333,0.4,"{""clf__C"": 0.1}",46.28865489999953
9,classical/FB-TS+LR,classical,1,0.5555555555555556,0.6,"{""clf__C"": 0.1}",46.28865489999953
9,classical/FB-TS+LR,classical,2,0.4444444444444444,0.45,"{""clf__C"": 10.0}",46.28865489999953
9,classical/FB-TS+LR,classical,3,0.5555555555555556,0.4999999999999999,"{""clf__C"": 10.0}",46.28865489999953
9,classical/FB-TS+LR,classical,4,0.4444444444444444,0.55,"{""clf__C"": 0.1}",46.28865489999953
9,classical/FB-TS+LR,classical,5,0.4444444444444444,0.55,"{""clf__C"": 0.1}",46.28865489999953
9,classical/FB-TS+LR,classical,6,0.4444444444444444,0.5,"{""clf__C"": 1.0}",46.28865489999953
9,classical/FB-TS+LR,classical,7,0.4444444444444444,0.2999999999999999,"{""clf__C"": 0.1}",46.28865489999953
9,classical/FB-TS+LR,classical,8,0.3333333333333333,0.3,"{""clf__C"": 0.1}",46.28865489999953
9,classical/FB-TS+LR,classical,9,0.4444444444444444,0.55,"{""clf__C"": 1.0}",46.28865489999953
9,classical/FB-TS+LR,classical,10,0.7777777777777778,0.75,"{""clf__C"": 0.1}",46.28865489999953
9,classical/FB-TS+LR,classical,11,0.2222222222222222,0.0,"{""clf__C"": 0.1}",46.28865489999953
9,classical/FB-TS+LR,classical,12,0.4444444444444444,0.5,"{""clf__C"": 0.1}",46.28865489999953
9,classical/FB-TS+LR,classical,13,0.4444444444444444,0.5499999999999999,"{""clf__C"": 0.1}",46.28865489999953
9,classical/FB-TS+LR,classical,14,0.3333333333333333,0.55,"{""clf__C"": 1.0}",46.28865489999953
9,classical/FB-TS+RBF-SVM,classical,0,0.4444444444444444,0.45,"{""clf__C"": 0.1, ""clf__gamma"": ""scale""}",80.3425127999999
9,classical/FB-TS+RBF-SVM,classical,1,0.5555555555555556,0.5499999999999999,"{""clf__C"": 0.1, ""clf__gamma"": ""scale""}",80.3425127999999
9,classical/FB-TS+RBF-SVM,classical,2,0.5555555555555556,0.55,"{""clf__C"": 10.0, ""clf__gamma"": ""scale""}",80.3425127999999
9,classical/FB-TS+RBF-SVM,classical,3,0.5555555555555556,0.5,"{""clf__C"": 0.1, ""clf__gamma"": ""scale""}",80.3425127999999
9,classical/FB-TS+RBF-SVM,classical,4,0.5555555555555556,0.45,"{""clf__C"": 1.0, ""clf__gamma"": ""scale""}",80.3425127999999
9,classical/FB-TS+RBF-SVM,classical,5,0.4444444444444444,0.5,"{""clf__C"": 0.1, ""clf__gamma"": ""scale""}",80.3425127999999
9,classical/FB-TS+RBF-SVM,classical,6,0.5555555555555556,0.5,"{""clf__C"": 0.1, ""clf__gamma"": ""scale""}",80.3425127999999
9,classical/FB-TS+RBF-SVM,classical,7,0.4444444444444444,0.35,"{""clf__C"": 1.0, ""clf__gamma"": ""scale""}",80.3425127999999
9,classical/FB-TS+RBF-SVM,classical,8,0.2222222222222222,0.3,"{""clf__C"": 10.0, ""clf__gamma"": ""scale""}",80.3425127999999
9,classical/FB-TS+RBF-SVM,classical,9,0.4444444444444444,0.7,"{""clf__C"": 1.0, ""clf__gamma"": 0.01}",80.3425127999999
9,classical/FB-TS+RBF-SVM,classical,10,0.4444444444444444,0.85,"{""clf__C"": 0.1, ""clf__gamma"": ""scale""}",80.3425127999999
9,classical/FB-TS+RBF-SVM,classical,11,0.3333333333333333,0.0499999999999999,"{""clf__C"": 10.0, ""clf__gamma"": ""scale""}",80.3425127999999
9,classical/FB-TS+RBF-SVM,classical,12,0.4444444444444444,0.55,"{""clf__C"": 10.0, ""clf__gamma"": ""scale""}",80.3425127999999
9,classical/FB-TS+RBF-SVM,classical,13,0.4444444444444444,0.5,"{""clf__C"": 10.0, ""clf__gamma"": 0.01}",80.3425127999999
9,classical/FB-TS+RBF-SVM,classical,14,0.5555555555555556,0.5499999999999999,"{""clf__C"": 0.1, ""clf__gamma"": ""scale""}",80.3425127999999
9,quantum/FB-HS-overlap-SVM,quantum,0,0.4444444444444444,0.4999999999999999,"{""clf__C"": 0.1}",33.482406200000696
9,quantum/FB-HS-overlap-SVM,quantum,1,0.5555555555555556,0.7,"{""clf__C"": 0.1}",33.482406200000696
9,quantum/FB-HS-overlap-SVM,quantum,2,0.5555555555555556,0.4499999999999999,"{""clf__C"": 0.1}",33.482406200000696
9,quantum/FB-HS-overlap-SVM,quantum,3,0.5555555555555556,0.45,"{""clf__C"": 0.1}",33.482406200000696
9,quantum/FB-HS-overlap-SVM,quantum,4,0.5555555555555556,0.4,"{""clf__C"": 10.0}",33.482406200000696
9,quantum/FB-HS-overlap-SVM,quantum,5,0.5555555555555556,0.5,"{""clf__C"": 10.0}",33.482406200000696
9,quantum/FB-HS-overlap-SVM,quantum,6,0.5555555555555556,0.6,"{""clf__C"": 0.1}",33.482406200000696
9,quantum/FB-HS-overlap-SVM,quantum,7,0.2222222222222222,0.15,"{""clf__C"": 10.0}",33.482406200000696
9,quantum/FB-HS-overlap-SVM,quantum,8,0.5555555555555556,0.6000000000000001,"{""clf__C"": 0.1}",33.482406200000696
9,quantum/FB-HS-overlap-SVM,quantum,9,0.5555555555555556,0.0,"{""clf__C"": 0.1}",33.482406200000696
9,quantum/FB-HS-overlap-SVM,quantum,10,0.4444444444444444,0.6,"{""clf__C"": 0.1}",33.482406200000696
9,quantum/FB-HS-overlap-SVM,quantum,11,0.3333333333333333,0.1999999999999999,"{""clf__C"": 10.0}",33.482406200000696
9,quantum/FB-HS-overlap-SVM,quantum,12,0.5555555555555556,0.6,"{""clf__C"": 0.1}",33.482406200000696
9,quantum/FB-HS-overlap-SVM,quantum,13,0.4444444444444444,0.55,"{""clf__C"": 10.0}",33.482406200000696
9,quantum/FB-HS-overlap-SVM,quantum,14,0.5555555555555556,0.45,"{""clf__C"": 0.1}",33.482406200000696
9,quantum/FB-HS-overlap-ref-SVM,quantum,0,0.4444444444444444,0.45,"{""clf__C"": 0.1}",38.78171939999993
9,quantum/FB-HS-overlap-ref-SVM,quantum,1,0.5555555555555556,0.65,"{""clf__C"": 0.1}",38.78171939999993
9,quantum/FB-HS-overlap-ref-SVM,quantum,2,0.5555555555555556,0.5499999999999999,"{""clf__C"": 0.1}",38.78171939999993
9,quantum/FB-HS-overlap-ref-SVM,quantum,3,0.5555555555555556,0.5,"{""clf__C"": 0.1}",38.78171939999993
9,quantum/FB-HS-overlap-ref-SVM,quantum,4,0.5555555555555556,0.45,"{""clf__C"": 0.1}",38.78171939999993
9,quantum/FB-HS-overlap-ref-SVM,quantum,5,0.4444444444444444,0.45,"{""clf__C"": 0.1}",38.78171939999993
9,quantum/FB-HS-overlap-ref-SVM,quantum,6,0.5555555555555556,0.4499999999999999,"{""clf__C"": 0.1}",38.78171939999993
9,quantum/FB-HS-overlap-ref-SVM,quantum,7,0.5555555555555556,0.35,"{""clf__C"": 0.1}",38.78171939999993
9,quantum/FB-HS-overlap-ref-SVM,quantum,8,0.5555555555555556,0.5,"{""clf__C"": 0.1}",38.78171939999993
9,quantum/FB-HS-overlap-ref-SVM,quantum,9,0.5555555555555556,0.6,"{""clf__C"": 0.1}",38.78171939999993
9,quantum/FB-HS-overlap-ref-SVM,quantum,10,0.4444444444444444,0.7,"{""clf__C"": 0.1}",38.78171939999993
9,quantum/FB-HS-overlap-ref-SVM,quantum,11,0.3333333333333333,0.15,"{""clf__C"": 10.0}",38.78171939999993
9,quantum/FB-HS-overlap-ref-SVM,quantum,12,0.5555555555555556,0.35,"{""clf__C"": 10.0}",38.78171939999993
9,quantum/FB-HS-overlap-ref-SVM,quantum,13,0.5555555555555556,0.55,"{""clf__C"": 10.0}",38.78171939999993
9,quantum/FB-HS-overlap-ref-SVM,quantum,14,0.5555555555555556,0.65,"{""clf__C"": 0.1}",38.78171939999993
9,quantum/FB-Fidelity-SVM,quantum,0,0.4444444444444444,0.5499999999999999,"{""clf__C"": 0.1}",41.77806469999996
9,quantum/FB-Fidelity-SVM,quantum,1,0.5555555555555556,0.7,"{""clf__C"": 0.1}",41.77806469999996
9,quantum/FB-Fidelity-SVM,quantum,2,0.5555555555555556,0.5,"{""clf__C"": 0.1}",41.77806469999996
9,quantum/FB-Fidelity-SVM,quantum,3,0.5555555555555556,0.5,"{""clf__C"": 0.1}",41.77806469999996
9,quantum/FB-Fidelity-SVM,quantum,4,0.5555555555555556,0.5,"{""clf__C"": 10.0}",41.77806469999996
9,quantum/FB-Fidelity-SVM,quantum,5,0.4444444444444444,0.55,"{""clf__C"": 10.0}",41.77806469999996
9,quantum/FB-Fidelity-SVM,quantum,6,0.6666666666666666,0.65,"{""clf__C"": 10.0}",41.77806469999996
9,quantum/FB-Fidelity-SVM,quantum,7,0.2222222222222222,0.15,"{""clf__C"": 10.0}",41.77806469999996
9,quantum/FB-Fidelity-SVM,quantum,8,0.5555555555555556,0.5499999999999999,"{""clf__C"": 0.1}",41.77806469999996
9,quantum/FB-Fidelity-SVM,quantum,9,0.5555555555555556,0.0,"{""clf__C"": 0.1}",41.77806469999996
9,quantum/FB-Fidelity-SVM,quantum,10,0.4444444444444444,0.65,"{""clf__C"": 0.1}",41.77806469999996
9,quantum/FB-Fidelity-SVM,quantum,11,0.3333333333333333,0.1999999999999999,"{""clf__C"": 10.0}",41.77806469999996
9,quantum/FB-Fidelity-SVM,quantum,12,0.5555555555555556,0.7,"{""clf__C"": 0.1}",41.77806469999996
9,quantum/FB-Fidelity-SVM,quantum,13,0.4444444444444444,0.55,"{""clf__C"": 10.0}",41.77806469999996
9,quantum/FB-Fidelity-SVM,quantum,14,0.5555555555555556,0.6000000000000001,"{""clf__C"": 0.1}",41.77806469999996
9,quantum/FB-Fidelity-ref-SVM,quantum,0,0.4444444444444444,0.35,"{""clf__C"": 0.1}",49.277698099999725
9,quantum/FB-Fidelity-ref-SVM,quantum,1,0.5555555555555556,0.6,"{""clf__C"": 0.1}",49.277698099999725
9,quantum/FB-Fidelity-ref-SVM,quantum,2,0.4444444444444444,0.45,"{""clf__C"": 10.0}",49.277698099999725
9,quantum/FB-Fidelity-ref-SVM,quantum,3,0.5555555555555556,0.45,"{""clf__C"": 0.1}",49.277698099999725
9,quantum/FB-Fidelity-ref-SVM,quantum,4,0.5555555555555556,0.45,"{""clf__C"": 10.0}",49.277698099999725
9,quantum/FB-Fidelity-ref-SVM,quantum,5,0.4444444444444444,0.45,"{""clf__C"": 0.1}",49.277698099999725
9,quantum/FB-Fidelity-ref-SVM,quantum,6,0.5555555555555556,0.4499999999999999,"{""clf__C"": 10.0}",49.277698099999725
9,quantum/FB-Fidelity-ref-SVM,quantum,7,0.2222222222222222,0.1499999999999999,"{""clf__C"": 10.0}",49.277698099999725
9,quantum/FB-Fidelity-ref-SVM,quantum,8,0.5555555555555556,0.5,"{""clf__C"": 0.1}",49.277698099999725
9,quantum/FB-Fidelity-ref-SVM,quantum,9,0.5555555555555556,0.65,"{""clf__C"": 0.1}",49.277698099999725
9,quantum/FB-Fidelity-ref-SVM,quantum,10,0.4444444444444444,0.7,"{""clf__C"": 0.1}",49.277698099999725
9,quantum/FB-Fidelity-ref-SVM,quantum,11,0.2222222222222222,0.15,"{""clf__C"": 10.0}",49.277698099999725
9,quantum/FB-Fidelity-ref-SVM,quantum,12,0.4444444444444444,0.35,"{""clf__C"": 10.0}",49.277698099999725
9,quantum/FB-Fidelity-ref-SVM,quantum,13,0.5555555555555556,0.65,"{""clf__C"": 0.1}",49.277698099999725
9,quantum/FB-Fidelity-ref-SVM,quantum,14,0.5555555555555556,0.65,"{""clf__C"": 0.1}",49.277698099999725
9,quantum/FB-HS-RBF-SVM,quantum,0,0.4444444444444444,0.3,"{""clf__C"": 10.0, ""clf__gamma_mult"": 4.0}",42.49137289999999
9,quantum/FB-HS-RBF-SVM,quantum,1,0.5555555555555556,0.5,"{""clf__C"": 10.0, ""clf__gamma_mult"": 4.0}",42.49137289999999
9,quantum/FB-HS-RBF-SVM,quantum,2,0.6666666666666666,0.8,"{""clf__C"": 10.0, ""clf__gamma_mult"": 4.0}",42.49137289999999
9,quantum/FB-HS-RBF-SVM,quantum,3,0.5555555555555556,0.45,"{""clf__C"": 0.1, ""clf__gamma_mult"": 0.25}",42.49137289999999
9,quantum/FB-HS-RBF-SVM,quantum,4,0.5555555555555556,0.35,"{""clf__C"": 10.0, ""clf__gamma_mult"": 0.25}",42.49137289999999
9,quantum/FB-HS-RBF-SVM,quantum,5,0.4444444444444444,0.5,"{""clf__C"": 1.0, ""clf__gamma_mult"": 0.25}",42.49137289999999
9,quantum/FB-HS-RBF-SVM,quantum,6,0.5555555555555556,0.65,"{""clf__C"": 0.1, ""clf__gamma_mult"": 0.25}",42.49137289999999
9,quantum/FB-HS-RBF-SVM,quantum,7,0.2222222222222222,0.2499999999999999,"{""clf__C"": 10.0, ""clf__gamma_mult"": 0.25}",42.49137289999999
9,quantum/FB-HS-RBF-SVM,quantum,8,0.5555555555555556,0.6000000000000001,"{""clf__C"": 0.1, ""clf__gamma_mult"": 0.25}",42.49137289999999
9,quantum/FB-HS-RBF-SVM,quantum,9,0.3333333333333333,0.35,"{""clf__C"": 10.0, ""clf__gamma_mult"": 4.0}",42.49137289999999
9,quantum/FB-HS-RBF-SVM,quantum,10,0.5555555555555556,0.35,"{""clf__C"": 10.0, ""clf__gamma_mult"": 4.0}",42.49137289999999
9,quantum/FB-HS-RBF-SVM,quantum,11,0.3333333333333333,0.6,"{""clf__C"": 10.0, ""clf__gamma_mult"": 4.0}",42.49137289999999
9,quantum/FB-HS-RBF-SVM,quantum,12,0.5555555555555556,0.65,"{""clf__C"": 0.1, ""clf__gamma_mult"": 0.25}",42.49137289999999
9,quantum/FB-HS-RBF-SVM,quantum,13,0.4444444444444444,0.4499999999999999,"{""clf__C"": 10.0, ""clf__gamma_mult"": 4.0}",42.49137289999999
9,quantum/FB-HS-RBF-SVM,quantum,14,0.3333333333333333,0.2499999999999999,"{""clf__C"": 10.0, ""clf__gamma_mult"": 4.0}",42.49137289999999
9,quantum/FB-HS-RBF-ref-SVM,quantum,0,0.4444444444444444,0.45,"{""clf__C"": 0.1, ""clf__gamma_mult"": 0.25}",58.05864930000007
9,quantum/FB-HS-RBF-ref-SVM,quantum,1,0.5555555555555556,0.45,"{""clf__C"": 10.0, ""clf__gamma_mult"": 4.0}",58.05864930000007
9,quantum/FB-HS-RBF-ref-SVM,quantum,2,0.5555555555555556,0.7000000000000001,"{""clf__C"": 10.0, ""clf__gamma_mult"": 4.0}",58.05864930000007
9,quantum/FB-HS-RBF-ref-SVM,quantum,3,0.2222222222222222,0.3999999999999999,"{""clf__C"": 10.0, ""clf__gamma_mult"": 1.0}",58.05864930000007
9,quantum/FB-HS-RBF-ref-SVM,quantum,4,0.5555555555555556,0.45,"{""clf__C"": 10.0, ""clf__gamma_mult"": 4.0}",58.05864930000007
9,quantum/FB-HS-RBF-ref-SVM,quantum,5,0.3333333333333333,0.55,"{""clf__C"": 10.0, ""clf__gamma_mult"": 1.0}",58.05864930000007
9,quantum/FB-HS-RBF-ref-SVM,quantum,6,0.4444444444444444,0.3999999999999999,"{""clf__C"": 10.0, ""clf__gamma_mult"": 1.0}",58.05864930000007
9,quantum/FB-HS-RBF-ref-SVM,quantum,7,0.5555555555555556,0.35,"{""clf__C"": 0.1, ""clf__gamma_mult"": 0.25}",58.05864930000007
9,quantum/FB-HS-RBF-ref-SVM,quantum,8,0.4444444444444444,0.5,"{""clf__C"": 1.0, ""clf__gamma_mult"": 1.0}",58.05864930000007
9,quantum/FB-HS-RBF-ref-SVM,quantum,9,0.5555555555555556,0.4,"{""clf__C"": 10.0, ""clf__gamma_mult"": 4.0}",58.05864930000007
9,quantum/FB-HS-RBF-ref-SVM,quantum,10,0.4444444444444444,0.7,"{""clf__C"": 0.1, ""clf__gamma_mult"": 0.25}",58.05864930000007
9,quantum/FB-HS-RBF-ref-SVM,quantum,11,0.3333333333333333,0.2499999999999999,"{""clf__C"": 10.0, ""clf__gamma_mult"": 1.0}",58.05864930000007
9,quantum/FB-HS-RBF-ref-SVM,quantum,12,0.5555555555555556,0.4,"{""clf__C"": 10.0, ""clf__gamma_mult"": 0.25}",58.05864930000007
9,quantum/FB-HS-RBF-ref-SVM,quantum,13,0.4444444444444444,0.55,"{""clf__C"": 10.0, ""clf__gamma_mult"": 0.25}",58.05864930000007
9,quantum/FB-HS-RBF-ref-SVM,quantum,14,0.5555555555555556,0.65,"{""clf__C"": 0.1, ""clf__gamma_mult"": 0.25}",58.05864930000007
9,quantum/FB-Bures-RBF-SVM,quantum,0,0.4444444444444444,0.3,"{""clf__C"": 10.0, ""clf__gamma_mult"": 4.0}",61.33997980000004
9,quantum/FB-Bures-RBF-SVM,quantum,1,0.6666666666666666,0.55,"{""clf__C"": 10.0, ""clf__gamma_mult"": 4.0}",61.33997980000004
9,quantum/FB-Bures-RBF-SVM,quantum,2,0.5555555555555556,0.85,"{""clf__C"": 10.0, ""clf__gamma_mult"": 4.0}",61.33997980000004
9,quantum/FB-Bures-RBF-SVM,quantum,3,0.5555555555555556,0.45,"{""clf__C"": 0.1, ""clf__gamma_mult"": 0.25}",61.33997980000004
9,quantum/FB-Bures-RBF-SVM,quantum,4,0.5555555555555556,0.5,"{""clf__C"": 1.0, ""clf__gamma_mult"": 0.25}",61.33997980000004
9,quantum/FB-Bures-RBF-SVM,quantum,5,0.4444444444444444,0.4,"{""clf__C"": 1.0, ""clf__gamma_mult"": 0.25}",61.33997980000004
9,quantum/FB-Bures-RBF-SVM,quantum,6,0.6666666666666666,0.85,"{""clf__C"": 10.0, ""clf__gamma_mult"": 4.0}",61.33997980000004
9,quantum/FB-Bures-RBF-SVM,quantum,7,0.2222222222222222,0.15,"{""clf__C"": 1.0, ""clf__gamma_mult"": 0.25}",61.33997980000004
9,quantum/FB-Bures-RBF-SVM,quantum,8,0.4444444444444444,0.5499999999999999,"{""clf__C"": 10.0, ""clf__gamma_mult"": 4.0}",61.33997980000004
9,quantum/FB-Bures-RBF-SVM,quantum,9,0.2222222222222222,0.35,"{""clf__C"": 10.0, ""clf__gamma_mult"": 4.0}",61.33997980000004
9,quantum/FB-Bures-RBF-SVM,quantum,10,0.5555555555555556,0.55,"{""clf__C"": 10.0, ""clf__gamma_mult"": 4.0}",61.33997980000004
9,quantum/FB-Bures-RBF-SVM,quantum,11,0.4444444444444444,0.65,"{""clf__C"": 10.0, ""clf__gamma_mult"": 4.0}",61.33997980000004
9,quantum/FB-Bures-RBF-SVM,quantum,12,0.5555555555555556,0.6,"{""clf__C"": 0.1, ""clf__gamma_mult"": 0.25}",61.33997980000004
9,quantum/FB-Bures-RBF-SVM,quantum,13,0.5555555555555556,0.3999999999999999,"{""clf__C"": 10.0, ""clf__gamma_mult"": 4.0}",61.33997980000004
9,quantum/FB-Bures-RBF-SVM,quantum,14,0.3333333333333333,0.35,"{""clf__C"": 10.0, ""clf__gamma_mult"": 4.0}",61.33997980000004
9,quantum/FB-Bures-RBF-ref-SVM,quantum,0,0.4444444444444444,0.35,"{""clf__C"": 0.1, ""clf__gamma_mult"": 0.25}",82.54776189999939
9,quantum/FB-Bures-RBF-ref-SVM,quantum,1,0.4444444444444444,0.45,"{""clf__C"": 10.0, ""clf__gamma_mult"": 4.0}",82.54776189999939
9,quantum/FB-Bures-RBF-ref-SVM,quantum,2,0.5555555555555556,0.5499999999999999,"{""clf__C"": 0.1, ""clf__gamma_mult"": 0.25}",82.54776189999939
9,quantum/FB-Bures-RBF-ref-SVM,quantum,3,0.5555555555555556,0.4499999999999999,"{""clf__C"": 10.0, ""clf__gamma_mult"": 4.0}",82.54776189999939
9,quantum/FB-Bures-RBF-ref-SVM,quantum,4,0.5555555555555556,0.45,"{""clf__C"": 10.0, ""clf__gamma_mult"": 4.0}",82.54776189999939
9,quantum/FB-Bures-RBF-ref-SVM,quantum,5,0.5555555555555556,0.45,"{""clf__C"": 10.0, ""clf__gamma_mult"": 4.0}",82.54776189999939
9,quantum/FB-Bures-RBF-ref-SVM,quantum,6,0.5555555555555556,0.5,"{""clf__C"": 1.0, ""clf__gamma_mult"": 1.0}",82.54776189999939
9,quantum/FB-Bures-RBF-ref-SVM,quantum,7,0.5555555555555556,0.35,"{""clf__C"": 10.0, ""clf__gamma_mult"": 4.0}",82.54776189999939
9,quantum/FB-Bures-RBF-ref-SVM,quantum,8,0.3333333333333333,0.4,"{""clf__C"": 10.0, ""clf__gamma_mult"": 0.25}",82.54776189999939
9,quantum/FB-Bures-RBF-ref-SVM,quantum,9,0.5555555555555556,0.5,"{""clf__C"": 10.0, ""clf__gamma_mult"": 4.0}",82.54776189999939
9,quantum/FB-Bures-RBF-ref-SVM,quantum,10,0.4444444444444444,0.75,"{""clf__C"": 0.1, ""clf__gamma_mult"": 0.25}",82.54776189999939
9,quantum/FB-Bures-RBF-ref-SVM,quantum,11,0.3333333333333333,0.1999999999999999,"{""clf__C"": 10.0, ""clf__gamma_mult"": 1.0}",82.54776189999939
9,quantum/FB-Bures-RBF-ref-SVM,quantum,12,0.4444444444444444,0.3999999999999999,"{""clf__C"": 10.0, ""clf__gamma_mult"": 1.0}",82.54776189999939
9,quantum/FB-Bures-RBF-ref-SVM,quantum,13,0.5555555555555556,0.55,"{""clf__C"": 10.0, ""clf__gamma_mult"": 0.25}",82.54776189999939
9,quantum/FB-Bures-RBF-ref-SVM,quantum,14,0.5555555555555556,0.65,"{""clf__C"": 0.1, ""clf__gamma_mult"": 0.25}",82.54776189999939
9,quantum/FB-QRE-RBF-SVM,quantum,0,0.4444444444444444,0.3,"{""clf__C"": 10.0, ""clf__gamma_mult"": 4.0}",49.95545990000028
9,quantum/FB-QRE-RBF-SVM,quantum,1,0.6666666666666666,0.55,"{""clf__C"": 10.0, ""clf__gamma_mult"": 4.0}",49.95545990000028
9,quantum/FB-QRE-RBF-SVM,quantum,2,0.5555555555555556,0.85,"{""clf__C"": 10.0, ""clf__gamma_mult"": 4.0}",49.95545990000028
9,quantum/FB-QRE-RBF-SVM,quantum,3,0.6666666666666666,0.85,"{""clf__C"": 10.0, ""clf__gamma_mult"": 4.0}",49.95545990000028
9,quantum/FB-QRE-RBF-SVM,quantum,4,0.5555555555555556,0.5,"{""clf__C"": 1.0, ""clf__gamma_mult"": 0.25}",49.95545990000028
9,quantum/FB-QRE-RBF-SVM,quantum,5,0.4444444444444444,0.5,"{""clf__C"": 1.0, ""clf__gamma_mult"": 0.25}",49.95545990000028
9,quantum/FB-QRE-RBF-SVM,quantum,6,0.5555555555555556,0.65,"{""clf__C"": 0.1, ""clf__gamma_mult"": 0.25}",49.95545990000028
9,quantum/FB-QRE-RBF-SVM,quantum,7,0.2222222222222222,0.15,"{""clf__C"": 1.0, ""clf__gamma_mult"": 0.25}",49.95545990000028
9,quantum/FB-QRE-RBF-SVM,quantum,8,0.3333333333333333,0.5499999999999999,"{""clf__C"": 10.0, ""clf__gamma_mult"": 4.0}",49.95545990000028
9,quantum/FB-QRE-RBF-SVM,quantum,9,0.4444444444444444,0.35,"{""clf__C"": 1.0, ""clf__gamma_mult"": 4.0}",49.95545990000028
9,quantum/FB-QRE-RBF-SVM,quantum,10,0.5555555555555556,0.55,"{""clf__C"": 10.0, ""clf__gamma_mult"": 4.0}",49.95545990000028
9,quantum/FB-QRE-RBF-SVM,quantum,11,0.5555555555555556,0.65,"{""clf__C"": 10.0, ""clf__gamma_mult"": 4.0}",49.95545990000028
9,quantum/FB-QRE-RBF-SVM,quantum,12,0.5555555555555556,0.6,"{""clf__C"": 1.0, ""clf__gamma_mult"": 0.25}",49.95545990000028
9,quantum/FB-QRE-RBF-SVM,quantum,13,0.4444444444444444,0.4499999999999999,"{""clf__C"": 10.0, ""clf__gamma_mult"": 4.0}",49.95545990000028
9,quantum/FB-QRE-RBF-SVM,quantum,14,0.3333333333333333,0.3999999999999999,"{""clf__C"": 10.0, ""clf__gamma_mult"": 4.0}",49.95545990000028
9,quantum/FB-QRE-RBF-ref-SVM,quantum,0,0.4444444444444444,0.35,"{""clf__C"": 0.1, ""clf__gamma_mult"": 0.25}",67.10341549999976
9,quantum/FB-QRE-RBF-ref-SVM,quantum,1,0.4444444444444444,0.45,"{""clf__C"": 10.0, ""clf__gamma_mult"": 4.0}",67.10341549999976
9,quantum/FB-QRE-RBF-ref-SVM,quantum,2,0.4444444444444444,0.3999999999999999,"{""clf__C"": 10.0, ""clf__gamma_mult"": 0.25}",67.10341549999976
9,quantum/FB-QRE-RBF-ref-SVM,quantum,3,0.5555555555555556,0.3999999999999999,"{""clf__C"": 10.0, ""clf__gamma_mult"": 4.0}",67.10341549999976
9,quantum/FB-QRE-RBF-ref-SVM,quantum,4,0.5555555555555556,0.45,"{""clf__C"": 10.0, ""clf__gamma_mult"": 4.0}",67.10341549999976
9,quantum/FB-QRE-RBF-ref-SVM,quantum,5,0.5555555555555556,0.45,"{""clf__C"": 10.0, ""clf__gamma_mult"": 4.0}",67.10341549999976
9,quantum/FB-QRE-RBF-ref-SVM,quantum,6,0.5555555555555556,0.5,"{""clf__C"": 1.0, ""clf__gamma_mult"": 1.0}",67.10341549999976
9,quantum/FB-QRE-RBF-ref-SVM,quantum,7,0.5555555555555556,0.35,"{""clf__C"": 10.0, ""clf__gamma_mult"": 4.0}",67.10341549999976
9,quantum/FB-QRE-RBF-ref-SVM,quantum,8,0.3333333333333333,0.4,"{""clf__C"": 10.0, ""clf__gamma_mult"": 0.25}",67.10341549999976
9,quantum/FB-QRE-RBF-ref-SVM,quantum,9,0.5555555555555556,0.55,"{""clf__C"": 10.0, ""clf__gamma_mult"": 4.0}",67.10341549999976
9,quantum/FB-QRE-RBF-ref-SVM,quantum,10,0.4444444444444444,0.7,"{""clf__C"": 0.1, ""clf__gamma_mult"": 0.25}",67.10341549999976
9,quantum/FB-QRE-RBF-ref-SVM,quantum,11,0.3333333333333333,0.1499999999999999,"{""clf__C"": 10.0, ""clf__gamma_mult"": 1.0}",67.10341549999976
9,quantum/FB-QRE-RBF-ref-SVM,quantum,12,0.5555555555555556,0.4,"{""clf__C"": 10.0, ""clf__gamma_mult"": 0.25}",67.10341549999976
9,quantum/FB-QRE-RBF-ref-SVM,quantum,13,0.5555555555555556,0.4999999999999999,"{""clf__C"": 10.0, ""clf__gamma_mult"": 0.25}",67.10341549999976
9,quantum/FB-QRE-RBF-ref-SVM,quantum,14,0.5555555555555556,0.65,"{""clf__C"": 0.1, ""clf__gamma_mult"": 0.25}",67.10341549999976
9,control/FB-riemann-kernel-SVM,control,0,0.2222222222222222,0.3,"{""clf__C"": 1.0}",38.90397039999971
9,control/FB-riemann-kernel-SVM,control,1,0.6666666666666666,0.65,"{""clf__C"": 0.1}",38.90397039999971
9,control/FB-riemann-kernel-SVM,control,2,0.6666666666666666,0.5,"{""clf__C"": 0.1}",38.90397039999971
9,control/FB-riemann-kernel-SVM,control,3,0.4444444444444444,0.3999999999999999,"{""clf__C"": 1.0}",38.90397039999971
9,control/FB-riemann-kernel-SVM,control,4,0.5555555555555556,0.4,"{""clf__C"": 0.1}",38.90397039999971
9,control/FB-riemann-kernel-SVM,control,5,0.4444444444444444,0.5,"{""clf__C"": 1.0}",38.90397039999971
9,control/FB-riemann-kernel-SVM,control,6,0.5555555555555556,0.5,"{""clf__C"": 0.1}",38.90397039999971
9,control/FB-riemann-kernel-SVM,control,7,0.4444444444444444,0.25,"{""clf__C"": 0.1}",38.90397039999971
9,control/FB-riemann-kernel-SVM,control,8,0.3333333333333333,0.35,"{""clf__C"": 0.1}",38.90397039999971
9,control/FB-riemann-kernel-SVM,control,9,0.7777777777777778,0.8,"{""clf__C"": 0.1}",38.90397039999971
9,control/FB-riemann-kernel-SVM,control,10,0.5555555555555556,0.85,"{""clf__C"": 0.1}",38.90397039999971
9,control/FB-riemann-kernel-SVM,control,11,0.3333333333333333,0.15,"{""clf__C"": 0.1}",38.90397039999971
9,control/FB-riemann-kernel-SVM,control,12,0.5555555555555556,0.5,"{""clf__C"": 0.1}",38.90397039999971
9,control/FB-riemann-kernel-SVM,control,13,0.4444444444444444,0.5,"{""clf__C"": 0.1}",38.90397039999971
9,control/FB-riemann-kernel-SVM,control,14,0.4444444444444444,0.6,"{""clf__C"": 1.0}",38.90397039999971
9,control/FB-logeuclid-kernel-SVM,control,0,0.3333333333333333,0.25,"{""clf__C"": 1.0}",39.43534910000017
9,control/FB-logeuclid-kernel-SVM,control,1,0.7777777777777778,0.6500000000000001,"{""clf__C"": 0.1}",39.43534910000017
9,control/FB-logeuclid-kernel-SVM,control,2,0.4444444444444444,0.65,"{""clf__C"": 0.1}",39.43534910000017
9,control/FB-logeuclid-kernel-SVM,control,3,0.4444444444444444,0.4499999999999999,"{""clf__C"": 1.0}",39.43534910000017
9,control/FB-logeuclid-kernel-SVM,control,4,0.5555555555555556,0.4,"{""clf__C"": 0.1}",39.43534910000017
9,control/FB-logeuclid-kernel-SVM,control,5,0.5555555555555556,0.6000000000000001,"{""clf__C"": 1.0}",39.43534910000017
9,control/FB-logeuclid-kernel-SVM,control,6,0.4444444444444444,0.6,"{""clf__C"": 0.1}",39.43534910000017
9,control/FB-logeuclid-kernel-SVM,control,7,0.3333333333333333,0.15,"{""clf__C"": 1.0}",39.43534910000017
9,control/FB-logeuclid-kernel-SVM,control,8,0.5555555555555556,0.4,"{""clf__C"": 0.1}",39.43534910000017
9,control/FB-logeuclid-kernel-SVM,control,9,0.5555555555555556,0.65,"{""clf__C"": 1.0}",39.43534910000017
9,control/FB-logeuclid-kernel-SVM,control,10,0.4444444444444444,0.85,"{""clf__C"": 0.1}",39.43534910000017
9,control/FB-logeuclid-kernel-SVM,control,11,0.4444444444444444,0.25,"{""clf__C"": 0.1}",39.43534910000017
9,control/FB-logeuclid-kernel-SVM,control,12,0.5555555555555556,0.65,"{""clf__C"": 0.1}",39.43534910000017
9,control/FB-logeuclid-kernel-SVM,control,13,0.4444444444444444,0.4499999999999999,"{""clf__C"": 1.0}",39.43534910000017
9,control/FB-logeuclid-kernel-SVM,control,14,0.3333333333333333,0.5,"{""clf__C"": 1.0}",39.43534910000017
10,classical/FBCSP+LDA,classical,0,0.8888888888888888,0.9,"{""perband__base__csp__nfilter"": 6}",39.76113280000027
10,classical/FBCSP+LDA,classical,1,0.7777777777777778,0.9,"{""perband__base__csp__nfilter"": 4}",39.76113280000027
10,classical/FBCSP+LDA,classical,2,0.8888888888888888,0.95,"{""perband__base__csp__nfilter"": 4}",39.76113280000027
10,classical/FBCSP+LDA,classical,3,0.6666666666666666,0.85,"{""perband__base__csp__nfilter"": 4}",39.76113280000027
10,classical/FBCSP+LDA,classical,4,0.7777777777777778,0.8,"{""perband__base__csp__nfilter"": 4}",39.76113280000027
10,classical/FBCSP+LDA,classical,5,0.6666666666666666,1.0,"{""perband__base__csp__nfilter"": 2}",39.76113280000027
10,classical/FBCSP+LDA,classical,6,0.7777777777777778,0.95,"{""perband__base__csp__nfilter"": 2}",39.76113280000027
10,classical/FBCSP+LDA,classical,7,0.7777777777777778,1.0,"{""perband__base__csp__nfilter"": 2}",39.76113280000027
10,classical/FBCSP+LDA,classical,8,0.7777777777777778,0.75,"{""perband__base__csp__nfilter"": 4}",39.76113280000027
10,classical/FBCSP+LDA,classical,9,0.6666666666666666,0.8500000000000001,"{""perband__base__csp__nfilter"": 6}",39.76113280000027
10,classical/FBCSP+LDA,classical,10,0.7777777777777778,0.6,"{""perband__base__csp__nfilter"": 4}",39.76113280000027
10,classical/FBCSP+LDA,classical,11,0.8888888888888888,1.0,"{""perband__base__csp__nfilter"": 6}",39.76113280000027
10,classical/FBCSP+LDA,classical,12,0.8888888888888888,0.8500000000000001,"{""perband__base__csp__nfilter"": 4}",39.76113280000027
10,classical/FBCSP+LDA,classical,13,0.6666666666666666,0.7,"{""perband__base__csp__nfilter"": 4}",39.76113280000027
10,classical/FBCSP+LDA,classical,14,0.8888888888888888,0.9,"{""perband__base__csp__nfilter"": 4}",39.76113280000027
10,classical/FB-TS+LR,classical,0,0.8888888888888888,0.85,"{""clf__C"": 1.0}",56.43728920000012
10,classical/FB-TS+LR,classical,1,0.7777777777777778,0.95,"{""clf__C"": 1.0}",56.43728920000012
10,classical/FB-TS+LR,classical,2,0.7777777777777778,0.8,"{""clf__C"": 0.1}",56.43728920000012
10,classical/FB-TS+LR,classical,3,0.7777777777777778,0.85,"{""clf__C"": 1.0}",56.43728920000012
10,classical/FB-TS+LR,classical,4,0.6666666666666666,0.7,"{""clf__C"": 0.1}",56.43728920000012
10,classical/FB-TS+LR,classical,5,0.6666666666666666,0.7,"{""clf__C"": 0.1}",56.43728920000012
10,classical/FB-TS+LR,classical,6,0.8888888888888888,1.0,"{""clf__C"": 0.1}",56.43728920000012
10,classical/FB-TS+LR,classical,7,0.7777777777777778,0.8,"{""clf__C"": 1.0}",56.43728920000012
10,classical/FB-TS+LR,classical,8,0.6666666666666666,0.65,"{""clf__C"": 0.1}",56.43728920000012
10,classical/FB-TS+LR,classical,9,0.5555555555555556,0.75,"{""clf__C"": 1.0}",56.43728920000012
10,classical/FB-TS+LR,classical,10,0.8888888888888888,1.0,"{""clf__C"": 0.1}",56.43728920000012
10,classical/FB-TS+LR,classical,11,0.7777777777777778,0.9,"{""clf__C"": 1.0}",56.43728920000012
10,classical/FB-TS+LR,classical,12,0.7777777777777778,0.95,"{""clf__C"": 0.1}",56.43728920000012
10,classical/FB-TS+LR,classical,13,0.6666666666666666,0.6,"{""clf__C"": 0.1}",56.43728920000012
10,classical/FB-TS+LR,classical,14,0.6666666666666666,0.7,"{""clf__C"": 1.0}",56.43728920000012
10,classical/FB-TS+RBF-SVM,classical,0,0.7777777777777778,0.75,"{""clf__C"": 1.0, ""clf__gamma"": ""scale""}",93.68793819999972
10,classical/FB-TS+RBF-SVM,classical,1,0.5555555555555556,0.7,"{""clf__C"": 10.0, ""clf__gamma"": 0.01}",93.68793819999972
10,classical/FB-TS+RBF-SVM,classical,2,0.5555555555555556,0.65,"{""clf__C"": 10.0, ""clf__gamma"": ""scale""}",93.68793819999972
10,classical/FB-TS+RBF-SVM,classical,3,0.7777777777777778,0.8500000000000001,"{""clf__C"": 10.0, ""clf__gamma"": ""scale""}",93.68793819999972
10,classical/FB-TS+RBF-SVM,classical,4,0.5555555555555556,0.7,"{""clf__C"": 10.0, ""clf__gamma"": ""scale""}",93.68793819999972
10,classical/FB-TS+RBF-SVM,classical,5,0.6666666666666666,0.7,"{""clf__C"": 10.0, ""clf__gamma"": ""scale""}",93.68793819999972
10,classical/FB-TS+RBF-SVM,classical,6,0.7777777777777778,0.7,"{""clf__C"": 10.0, ""clf__gamma"": 0.01}",93.68793819999972
10,classical/FB-TS+RBF-SVM,classical,7,0.7777777777777778,0.85,"{""clf__C"": 10.0, ""clf__gamma"": ""scale""}",93.68793819999972
10,classical/FB-TS+RBF-SVM,classical,8,0.6666666666666666,0.5499999999999999,"{""clf__C"": 10.0, ""clf__gamma"": ""scale""}",93.68793819999972
10,classical/FB-TS+RBF-SVM,classical,9,0.5555555555555556,0.7,"{""clf__C"": 10.0, ""clf__gamma"": ""scale""}",93.68793819999972
10,classical/FB-TS+RBF-SVM,classical,10,0.8888888888888888,1.0,"{""clf__C"": 10.0, ""clf__gamma"": ""scale""}",93.68793819999972
10,classical/FB-TS+RBF-SVM,classical,11,0.7777777777777778,0.85,"{""clf__C"": 10.0, ""clf__gamma"": ""scale""}",93.68793819999972
10,classical/FB-TS+RBF-SVM,classical,12,0.7777777777777778,0.8,"{""clf__C"": 10.0, ""clf__gamma"": ""scale""}",93.68793819999972
10,classical/FB-TS+RBF-SVM,classical,13,0.6666666666666666,0.65,"{""clf__C"": 1.0, ""clf__gamma"": ""scale""}",93.68793819999972
10,classical/FB-TS+RBF-SVM,classical,14,0.6666666666666666,0.7,"{""clf__C"": 10.0, ""clf__gamma"": ""scale""}",93.68793819999972
10,quantum/FB-HS-overlap-SVM,quantum,0,0.4444444444444444,0.2,"{""clf__C"": 10.0}",40.74120729999959
10,quantum/FB-HS-overlap-SVM,quantum,1,0.5555555555555556,0.45,"{""clf__C"": 0.1}",40.74120729999959
10,quantum/FB-HS-overlap-SVM,quantum,2,0.6666666666666666,0.5,"{""clf__C"": 10.0}",40.74120729999959
10,quantum/FB-HS-overlap-SVM,quantum,3,0.5555555555555556,0.6,"{""clf__C"": 10.0}",40.74120729999959
10,quantum/FB-HS-overlap-SVM,quantum,4,0.4444444444444444,0.55,"{""clf__C"": 0.1}",40.74120729999959
10,quantum/FB-HS-overlap-SVM,quantum,5,0.5555555555555556,0.3999999999999999,"{""clf__C"": 0.1}",40.74120729999959
10,quantum/FB-HS-overlap-SVM,quantum,6,0.5555555555555556,0.75,"{""clf__C"": 0.1}",40.74120729999959
10,quantum/FB-HS-overlap-SVM,quantum,7,0.5555555555555556,0.4499999999999999,"{""clf__C"": 0.1}",40.74120729999959
10,quantum/FB-HS-overlap-SVM,quantum,8,0.4444444444444444,0.25,"{""clf__C"": 10.0}",40.74120729999959
10,quantum/FB-HS-overlap-SVM,quantum,9,0.4444444444444444,0.7000000000000001,"{""clf__C"": 0.1}",40.74120729999959
10,quantum/FB-HS-overlap-SVM,quantum,10,0.4444444444444444,0.25,"{""clf__C"": 10.0}",40.74120729999959
10,quantum/FB-HS-overlap-SVM,quantum,11,0.5555555555555556,0.6000000000000001,"{""clf__C"": 0.1}",40.74120729999959
10,quantum/FB-HS-overlap-SVM,quantum,12,0.5555555555555556,0.55,"{""clf__C"": 10.0}",40.74120729999959
10,quantum/FB-HS-overlap-SVM,quantum,13,0.5555555555555556,0.4,"{""clf__C"": 10.0}",40.74120729999959
10,quantum/FB-HS-overlap-SVM,quantum,14,0.4444444444444444,0.55,"{""clf__C"": 0.1}",40.74120729999959
10,quantum/FB-HS-overlap-ref-SVM,quantum,0,0.7777777777777778,1.0,"{""clf__C"": 10.0}",51.53735510000024
10,quantum/FB-HS-overlap-ref-SVM,quantum,1,0.7777777777777778,0.95,"{""clf__C"": 10.0}",51.53735510000024
10,quantum/FB-HS-overlap-ref-SVM,quantum,2,0.8888888888888888,1.0,"{""clf__C"": 10.0}",51.53735510000024
10,quantum/FB-HS-overlap-ref-SVM,quantum,3,0.8888888888888888,0.95,"{""clf__C"": 10.0}",51.53735510000024
10,quantum/FB-HS-overlap-ref-SVM,quantum,4,0.8888888888888888,1.0,"{""clf__C"": 10.0}",51.53735510000024
10,quantum/FB-HS-overlap-ref-SVM,quantum,5,0.8888888888888888,0.85,"{""clf__C"": 10.0}",51.53735510000024
10,quantum/FB-HS-overlap-ref-SVM,quantum,6,0.8888888888888888,1.0,"{""clf__C"": 10.0}",51.53735510000024
10,quantum/FB-HS-overlap-ref-SVM,quantum,7,0.6666666666666666,1.0,"{""clf__C"": 10.0}",51.53735510000024
10,quantum/FB-HS-overlap-ref-SVM,quantum,8,0.7777777777777778,0.9,"{""clf__C"": 10.0}",51.53735510000024
10,quantum/FB-HS-overlap-ref-SVM,quantum,9,0.8888888888888888,0.85,"{""clf__C"": 10.0}",51.53735510000024
10,quantum/FB-HS-overlap-ref-SVM,quantum,10,0.8888888888888888,1.0,"{""clf__C"": 10.0}",51.53735510000024
10,quantum/FB-HS-overlap-ref-SVM,quantum,11,0.8888888888888888,0.95,"{""clf__C"": 10.0}",51.53735510000024
10,quantum/FB-HS-overlap-ref-SVM,quantum,12,0.7777777777777778,0.9,"{""clf__C"": 10.0}",51.53735510000024
10,quantum/FB-HS-overlap-ref-SVM,quantum,13,0.7777777777777778,0.85,"{""clf__C"": 10.0}",51.53735510000024
10,quantum/FB-HS-overlap-ref-SVM,quantum,14,0.8888888888888888,1.0,"{""clf__C"": 10.0}",51.53735510000024
10,quantum/FB-Fidelity-SVM,quantum,0,0.5555555555555556,0.25,"{""clf__C"": 10.0}",50.519063100000494
10,quantum/FB-Fidelity-SVM,quantum,1,0.5555555555555556,0.55,"{""clf__C"": 0.1}",50.519063100000494
10,quantum/FB-Fidelity-SVM,quantum,2,0.5555555555555556,0.6,"{""clf__C"": 0.1}",50.519063100000494
10,quantum/FB-Fidelity-SVM,quantum,3,0.5555555555555556,0.6,"{""clf__C"": 0.1}",50.519063100000494
10,quantum/FB-Fidelity-SVM,quantum,4,0.4444444444444444,0.65,"{""clf__C"": 0.1}",50.519063100000494
10,quantum/FB-Fidelity-SVM,quantum,5,0.5555555555555556,0.4999999999999999,"{""clf__C"": 0.1}",50.519063100000494
10,quantum/FB-Fidelity-SVM,quantum,6,0.5555555555555556,0.75,"{""clf__C"": 0.1}",50.519063100000494
10,quantum/FB-Fidelity-SVM,quantum,7,0.5555555555555556,0.35,"{""clf__C"": 0.1}",50.519063100000494
10,quantum/FB-Fidelity-SVM,quantum,8,0.5555555555555556,0.6,"{""clf__C"": 0.1}",50.519063100000494
10,quantum/FB-Fidelity-SVM,quantum,9,0.4444444444444444,0.7500000000000001,"{""clf__C"": 0.1}",50.519063100000494
10,quantum/FB-Fidelity-SVM,quantum,10,0.5555555555555556,0.3,"{""clf__C"": 0.1}",50.519063100000494
10,quantum/FB-Fidelity-SVM,quantum,11,0.5555555555555556,0.55,"{""clf__C"": 0.1}",50.519063100000494
10,quantum/FB-Fidelity-SVM,quantum,12,0.5555555555555556,0.8,"{""clf__C"": 0.1}",50.519063100000494
10,quantum/FB-Fidelity-SVM,quantum,13,0.5555555555555556,0.4499999999999999,"{""clf__C"": 10.0}",50.519063100000494
10,quantum/FB-Fidelity-SVM,quantum,14,0.4444444444444444,0.65,"{""clf__C"": 0.1}",50.519063100000494
10,quantum/FB-Fidelity-ref-SVM,quantum,0,0.8888888888888888,0.95,"{""clf__C"": 10.0}",54.89921789999971
10,quantum/FB-Fidelity-ref-SVM,quantum,1,0.7777777777777778,0.9,"{""clf__C"": 10.0}",54.89921789999971
10,quantum/FB-Fidelity-ref-SVM,quantum,2,0.8888888888888888,1.0,"{""clf__C"": 10.0}",54.89921789999971
10,quantum/FB-Fidelity-ref-SVM,quantum,3,0.7777777777777778,0.9,"{""clf__C"": 10.0}",54.89921789999971
10,quantum/FB-Fidelity-ref-SVM,quantum,4,0.7777777777777778,0.9,"{""clf__C"": 10.0}",54.89921789999971
10,quantum/FB-Fidelity-ref-SVM,quantum,5,0.7777777777777778,0.75,"{""clf__C"": 10.0}",54.89921789999971
10,quantum/FB-Fidelity-ref-SVM,quantum,6,1.0,1.0,"{""clf__C"": 10.0}",54.89921789999971
10,quantum/FB-Fidelity-ref-SVM,quantum,7,0.6666666666666666,1.0,"{""clf__C"": 10.0}",54.89921789999971
10,quantum/FB-Fidelity-ref-SVM,quantum,8,0.7777777777777778,0.8,"{""clf__C"": 10.0}",54.89921789999971
10,quantum/FB-Fidelity-ref-SVM,quantum,9,0.8888888888888888,0.85,"{""clf__C"": 10.0}",54.89921789999971
10,quantum/FB-Fidelity-ref-SVM,quantum,10,0.8888888888888888,1.0,"{""clf__C"": 10.0}",54.89921789999971
10,quantum/FB-Fidelity-ref-SVM,quantum,11,0.8888888888888888,1.0,"{""clf__C"": 10.0}",54.89921789999971
10,quantum/FB-Fidelity-ref-SVM,quantum,12,0.7777777777777778,1.0,"{""clf__C"": 10.0}",54.89921789999971
10,quantum/FB-Fidelity-ref-SVM,quantum,13,0.7777777777777778,0.9,"{""clf__C"": 10.0}",54.89921789999971
10,quantum/FB-Fidelity-ref-SVM,quantum,14,0.8888888888888888,0.95,"{""clf__C"": 10.0}",54.89921789999971
10,quantum/FB-HS-RBF-SVM,quantum,0,0.5555555555555556,0.45,"{""clf__C"": 10.0, ""clf__gamma_mult"": 4.0}",49.08453180000015
10,quantum/FB-HS-RBF-SVM,quantum,1,0.4444444444444444,0.4499999999999999,"{""clf__C"": 10.0, ""clf__gamma_mult"": 1.0}",49.08453180000015
10,quantum/FB-HS-RBF-SVM,quantum,2,0.5555555555555556,0.5499999999999999,"{""clf__C"": 10.0, ""clf__gamma_mult"": 4.0}",49.08453180000015
10,quantum/FB-HS-RBF-SVM,quantum,3,0.5555555555555556,0.8,"{""clf__C"": 1.0, ""clf__gamma_mult"": 0.25}",49.08453180000015
10,quantum/FB-HS-RBF-SVM,quantum,4,0.5555555555555556,0.7,"{""clf__C"": 10.0, ""clf__gamma_mult"": 0.25}",49.08453180000015
10,quantum/FB-HS-RBF-SVM,quantum,5,0.6666666666666666,0.6000000000000001,"{""clf__C"": 10.0, ""clf__gamma_mult"": 4.0}",49.08453180000015
10,quantum/FB-HS-RBF-SVM,quantum,6,0.5555555555555556,0.55,"{""clf__C"": 10.0, ""clf__gamma_mult"": 1.0}",49.08453180000015
10,quantum/FB-HS-RBF-SVM,quantum,7,0.4444444444444444,0.3999999999999999,"{""clf__C"": 10.0, ""clf__gamma_mult"": 0.25}",49.08453180000015
10,quantum/FB-HS-RBF-SVM,quantum,8,0.4444444444444444,0.3999999999999999,"{""clf__C"": 10.0, ""clf__gamma_mult"": 0.25}",49.08453180000015
10,quantum/FB-HS-RBF-SVM,quantum,9,0.5555555555555556,0.6499999999999999,"{""clf__C"": 10.0, ""clf__gamma_mult"": 4.0}",49.08453180000015
10,quantum/FB-HS-RBF-SVM,quantum,10,0.2222222222222222,0.1999999999999999,"{""clf__C"": 1.0, ""clf__gamma_mult"": 1.0}",49.08453180000015
10,quantum/FB-HS-RBF-SVM,quantum,11,0.4444444444444444,0.4999999999999999,"{""clf__C"": 10.0, ""clf__gamma_mult"": 0.25}",49.08453180000015
10,quantum/FB-HS-RBF-SVM,quantum,12,0.5555555555555556,0.65,"{""clf__C"": 1.0, ""clf__gamma_mult"": 1.0}",49.08453180000015
10,quantum/FB-HS-RBF-SVM,quantum,13,0.5555555555555556,0.5,"{""clf__C"": 10.0, ""clf__gamma_mult"": 1.0}",49.08453180000015
10,quantum/FB-HS-RBF-SVM,quantum,14,0.4444444444444444,0.55,"{""clf__C"": 0.1, ""clf__gamma_mult"": 0.25}",49.08453180000015
10,quantum/FB-HS-RBF-ref-SVM,quantum,0,0.7777777777777778,1.0,"{""clf__C"": 10.0, ""clf__gamma_mult"": 0.25}",66.32526190000044
10,quantum/FB-HS-RBF-ref-SVM,quantum,1,0.7777777777777778,0.9,"{""clf__C"": 10.0, ""clf__gamma_mult"": 0.25}",66.32526190000044
10,quantum/FB-HS-RBF-ref-SVM,quantum,2,0.8888888888888888,1.0,"{""clf__C"": 10.0, ""clf__gamma_mult"": 0.25}",66.32526190000044
10,quantum/FB-HS-RBF-ref-SVM,quantum,3,0.8888888888888888,0.95,"{""clf__C"": 10.0, ""clf__gamma_mult"": 0.25}",66.32526190000044
10,quantum/FB-HS-RBF-ref-SVM,quantum,4,0.8888888888888888,1.0,"{""clf__C"": 10.0, ""clf__gamma_mult"": 0.25}",66.32526190000044
10,quantum/FB-HS-RBF-ref-SVM,quantum,5,0.7777777777777778,0.8,"{""clf__C"": 10.0, ""clf__gamma_mult"": 0.25}",66.32526190000044
10,quantum/FB-HS-RBF-ref-SVM,quantum,6,0.8888888888888888,1.0,"{""clf__C"": 10.0, ""clf__gamma_mult"": 0.25}",66.32526190000044
10,quantum/FB-HS-RBF-ref-SVM,quantum,7,0.6666666666666666,1.0,"{""clf__C"": 10.0, ""clf__gamma_mult"": 0.25}",66.32526190000044
10,quantum/FB-HS-RBF-ref-SVM,quantum,8,0.7777777777777778,0.8500000000000001,"{""clf__C"": 10.0, ""clf__gamma_mult"": 0.25}",66.32526190000044
10,quantum/FB-HS-RBF-ref-SVM,quantum,9,0.8888888888888888,0.85,"{""clf__C"": 10.0, ""clf__gamma_mult"": 0.25}",66.32526190000044
10,quantum/FB-HS-RBF-ref-SVM,quantum,10,0.8888888888888888,1.0,"{""clf__C"": 10.0, ""clf__gamma_mult"": 0.25}",66.32526190000044
10,quantum/FB-HS-RBF-ref-SVM,quantum,11,0.7777777777777778,0.9,"{""clf__C"": 10.0, ""clf__gamma_mult"": 0.25}",66.32526190000044
10,quantum/FB-HS-RBF-ref-SVM,quantum,12,0.7777777777777778,0.9,"{""clf__C"": 10.0, ""clf__gamma_mult"": 0.25}",66.32526190000044
10,quantum/FB-HS-RBF-ref-SVM,quantum,13,0.7777777777777778,0.95,"{""clf__C"": 10.0, ""clf__gamma_mult"": 0.25}",66.32526190000044
10,quantum/FB-HS-RBF-ref-SVM,quantum,14,0.8888888888888888,1.0,"{""clf__C"": 10.0, ""clf__gamma_mult"": 0.25}",66.32526190000044
10,quantum/FB-Bures-RBF-SVM,quantum,0,0.5555555555555556,0.45,"{""clf__C"": 10.0, ""clf__gamma_mult"": 4.0}",83.25103440000021
10,quantum/FB-Bures-RBF-SVM,quantum,1,0.5555555555555556,0.5499999999999999,"{""clf__C"": 10.0, ""clf__gamma_mult"": 1.0}",83.25103440000021
10,quantum/FB-Bures-RBF-SVM,quantum,2,0.4444444444444444,0.5,"{""clf__C"": 10.0, ""clf__gamma_mult"": 1.0}",83.25103440000021
10,quantum/FB-Bures-RBF-SVM,quantum,3,0.5555555555555556,0.75,"{""clf__C"": 0.1, ""clf__gamma_mult"": 0.25}",83.25103440000021
10,quantum/FB-Bures-RBF-SVM,quantum,4,0.5555555555555556,0.75,"{""clf__C"": 10.0, ""clf__gamma_mult"": 0.25}",83.25103440000021
10,quantum/FB-Bures-RBF-SVM,quantum,5,0.6666666666666666,0.5499999999999999,"{""clf__C"": 10.0, ""clf__gamma_mult"": 4.0}",83.25103440000021
10,quantum/FB-Bures-RBF-SVM,quantum,6,0.6666666666666666,0.55,"{""clf__C"": 10.0, ""clf__gamma_mult"": 0.25}",83.25103440000021
10,quantum/FB-Bures-RBF-SVM,quantum,7,0.3333333333333333,0.35,"{""clf__C"": 1.0, ""clf__gamma_mult"": 1.0}",83.25103440000021
10,quantum/FB-Bures-RBF-SVM,quantum,8,0.5555555555555556,0.5,"{""clf__C"": 10.0, ""clf__gamma_mult"": 0.25}",83.25103440000021
10,quantum/FB-Bures-RBF-SVM,quantum,9,0.6666666666666666,0.7000000000000001,"{""clf__C"": 10.0, ""clf__gamma_mult"": 1.0}",83.25103440000021
10,quantum/FB-Bures-RBF-SVM,quantum,10,0.2222222222222222,0.15,"{""clf__C"": 1.0, ""clf__gamma_mult"": 1.0}",83.25103440000021
10,quantum/FB-Bures-RBF-SVM,quantum,11,0.4444444444444444,0.55,"{""clf__C"": 10.0, ""clf__gamma_mult"": 1.0}",83.25103440000021
10,quantum/FB-Bures-RBF-SVM,quantum,12,0.6666666666666666,0.8,"{""clf__C"": 1.0, ""clf__gamma_mult"": 1.0}",83.25103440000021
10,quantum/FB-Bures-RBF-SVM,quantum,13,0.4444444444444444,0.4,"{""clf__C"": 10.0, ""clf__gamma_mult"": 1.0}",83.25103440000021
10,quantum/FB-Bures-RBF-SVM,quantum,14,0.3333333333333333,0.4,"{""clf__C"": 1.0, ""clf__gamma_mult"": 4.0}",83.25103440000021
10,quantum/FB-Bures-RBF-ref-SVM,quantum,0,0.8888888888888888,1.0,"{""clf__C"": 10.0, ""clf__gamma_mult"": 0.25}",103.4307944000002
10,quantum/FB-Bures-RBF-ref-SVM,quantum,1,0.7777777777777778,0.9,"{""clf__C"": 10.0, ""clf__gamma_mult"": 0.25}",103.4307944000002
10,quantum/FB-Bures-RBF-ref-SVM,quantum,2,0.8888888888888888,1.0,"{""clf__C"": 10.0, ""clf__gamma_mult"": 0.25}",103.4307944000002
10,quantum/FB-Bures-RBF-ref-SVM,quantum,3,0.7777777777777778,0.9,"{""clf__C"": 10.0, ""clf__gamma_mult"": 0.25}",103.4307944000002
10,quantum/FB-Bures-RBF-ref-SVM,quantum,4,0.7777777777777778,0.9,"{""clf__C"": 10.0, ""clf__gamma_mult"": 1.0}",103.4307944000002
10,quantum/FB-Bures-RBF-ref-SVM,quantum,5,0.7777777777777778,0.8,"{""clf__C"": 10.0, ""clf__gamma_mult"": 0.25}",103.4307944000002
10,quantum/FB-Bures-RBF-ref-SVM,quantum,6,0.8888888888888888,1.0,"{""clf__C"": 10.0, ""clf__gamma_mult"": 0.25}",103.4307944000002
10,quantum/FB-Bures-RBF-ref-SVM,quantum,7,0.6666666666666666,1.0,"{""clf__C"": 10.0, ""clf__gamma_mult"": 0.25}",103.4307944000002
10,quantum/FB-Bures-RBF-ref-SVM,quantum,8,0.7777777777777778,0.8,"{""clf__C"": 10.0, ""clf__gamma_mult"": 0.25}",103.4307944000002
10,quantum/FB-Bures-RBF-ref-SVM,quantum,9,0.8888888888888888,0.85,"{""clf__C"": 10.0, ""clf__gamma_mult"": 0.25}",103.4307944000002
10,quantum/FB-Bures-RBF-ref-SVM,quantum,10,0.8888888888888888,1.0,"{""clf__C"": 10.0, ""clf__gamma_mult"": 0.25}",103.4307944000002
10,quantum/FB-Bures-RBF-ref-SVM,quantum,11,0.8888888888888888,1.0,"{""clf__C"": 10.0, ""clf__gamma_mult"": 0.25}",103.4307944000002
10,quantum/FB-Bures-RBF-ref-SVM,quantum,12,0.7777777777777778,0.95,"{""clf__C"": 10.0, ""clf__gamma_mult"": 1.0}",103.4307944000002
10,quantum/FB-Bures-RBF-ref-SVM,quantum,13,0.7777777777777778,0.85,"{""clf__C"": 10.0, ""clf__gamma_mult"": 0.25}",103.4307944000002
10,quantum/FB-Bures-RBF-ref-SVM,quantum,14,0.7777777777777778,0.85,"{""clf__C"": 10.0, ""clf__gamma_mult"": 1.0}",103.4307944000002
10,quantum/FB-QRE-RBF-SVM,quantum,0,0.5555555555555556,0.55,"{""clf__C"": 10.0, ""clf__gamma_mult"": 4.0}",63.24335470000005
10,quantum/FB-QRE-RBF-SVM,quantum,1,0.5555555555555556,0.6,"{""clf__C"": 10.0, ""clf__gamma_mult"": 1.0}",63.24335470000005
10,quantum/FB-QRE-RBF-SVM,quantum,2,0.4444444444444444,0.5,"{""clf__C"": 10.0, ""clf__gamma_mult"": 1.0}",63.24335470000005
10,quantum/FB-QRE-RBF-SVM,quantum,3,0.4444444444444444,0.6,"{""clf__C"": 10.0, ""clf__gamma_mult"": 0.25}",63.24335470000005
10,quantum/FB-QRE-RBF-SVM,quantum,4,0.6666666666666666,0.75,"{""clf__C"": 10.0, ""clf__gamma_mult"": 0.25}",63.24335470000005
10,quantum/FB-QRE-RBF-SVM,quantum,5,0.6666666666666666,0.5499999999999999,"{""clf__C"": 10.0, ""clf__gamma_mult"": 4.0}",63.24335470000005
10,quantum/FB-QRE-RBF-SVM,quantum,6,0.6666666666666666,0.55,"{""clf__C"": 10.0, ""clf__gamma_mult"": 0.25}",63.24335470000005
10,quantum/FB-QRE-RBF-SVM,quantum,7,0.3333333333333333,0.3999999999999999,"{""clf__C"": 1.0, ""clf__gamma_mult"": 1.0}",63.24335470000005
10,quantum/FB-QRE-RBF-SVM,quantum,8,0.5555555555555556,0.55,"{""clf__C"": 10.0, ""clf__gamma_mult"": 0.25}",63.24335470000005
10,quantum/FB-QRE-RBF-SVM,quantum,9,0.6666666666666666,0.7000000000000001,"{""clf__C"": 10.0, ""clf__gamma_mult"": 1.0}",63.24335470000005
10,quantum/FB-QRE-RBF-SVM,quantum,10,0.2222222222222222,0.15,"{""clf__C"": 1.0, ""clf__gamma_mult"": 1.0}",63.24335470000005
10,quantum/FB-QRE-RBF-SVM,quantum,11,0.6666666666666666,0.5,"{""clf__C"": 10.0, ""clf__gamma_mult"": 4.0}",63.24335470000005
10,quantum/FB-QRE-RBF-SVM,quantum,12,0.7777777777777778,0.85,"{""clf__C"": 1.0, ""clf__gamma_mult"": 1.0}",63.24335470000005
10,quantum/FB-QRE-RBF-SVM,quantum,13,0.3333333333333333,0.4,"{""clf__C"": 10.0, ""clf__gamma_mult"": 1.0}",63.24335470000005
10,quantum/FB-QRE-RBF-SVM,quantum,14,0.5555555555555556,0.65,"{""clf__C"": 10.0, ""clf__gamma_mult"": 4.0}",63.24335470000005
10,quantum/FB-QRE-RBF-ref-SVM,quantum,0,0.8888888888888888,1.0,"{""clf__C"": 10.0, ""clf__gamma_mult"": 0.25}",78.34047349999946
10,quantum/FB-QRE-RBF-ref-SVM,quantum,1,0.7777777777777778,0.85,"{""clf__C"": 10.0, ""clf__gamma_mult"": 0.25}",78.34047349999946
10,quantum/FB-QRE-RBF-ref-SVM,quantum,2,0.8888888888888888,1.0,"{""clf__C"": 10.0, ""clf__gamma_mult"": 0.25}",78.34047349999946
10,quantum/FB-QRE-RBF-ref-SVM,quantum,3,0.7777777777777778,0.95,"{""clf__C"": 10.0, ""clf__gamma_mult"": 0.25}",78.34047349999946
10,quantum/FB-QRE-RBF-ref-SVM,quantum,4,0.7777777777777778,0.9,"{""clf__C"": 10.0, ""clf__gamma_mult"": 1.0}",78.34047349999946
10,quantum/FB-QRE-RBF-ref-SVM,quantum,5,0.7777777777777778,0.8,"{""clf__C"": 10.0, ""clf__gamma_mult"": 0.25}",78.34047349999946
10,quantum/FB-QRE-RBF-ref-SVM,quantum,6,0.8888888888888888,1.0,"{""clf__C"": 10.0, ""clf__gamma_mult"": 0.25}",78.34047349999946
10,quantum/FB-QRE-RBF-ref-SVM,quantum,7,0.7777777777777778,1.0,"{""clf__C"": 10.0, ""clf__gamma_mult"": 0.25}",78.34047349999946
10,quantum/FB-QRE-RBF-ref-SVM,quantum,8,0.7777777777777778,0.75,"{""clf__C"": 10.0, ""clf__gamma_mult"": 0.25}",78.34047349999946
10,quantum/FB-QRE-RBF-ref-SVM,quantum,9,0.8888888888888888,0.85,"{""clf__C"": 10.0, ""clf__gamma_mult"": 0.25}",78.34047349999946
10,quantum/FB-QRE-RBF-ref-SVM,quantum,10,0.8888888888888888,1.0,"{""clf__C"": 10.0, ""clf__gamma_mult"": 1.0}",78.34047349999946
10,quantum/FB-QRE-RBF-ref-SVM,quantum,11,0.8888888888888888,1.0,"{""clf__C"": 10.0, ""clf__gamma_mult"": 0.25}",78.34047349999946
10,quantum/FB-QRE-RBF-ref-SVM,quantum,12,0.7777777777777778,0.9,"{""clf__C"": 10.0, ""clf__gamma_mult"": 0.25}",78.34047349999946
10,quantum/FB-QRE-RBF-ref-SVM,quantum,13,0.7777777777777778,0.8,"{""clf__C"": 10.0, ""clf__gamma_mult"": 0.25}",78.34047349999946
10,quantum/FB-QRE-RBF-ref-SVM,quantum,14,0.7777777777777778,0.95,"{""clf__C"": 10.0, ""clf__gamma_mult"": 0.25}",78.34047349999946
10,control/FB-riemann-kernel-SVM,control,0,0.8888888888888888,0.95,"{""clf__C"": 1.0}",46.48763139999937
10,control/FB-riemann-kernel-SVM,control,1,0.7777777777777778,0.85,"{""clf__C"": 1.0}",46.48763139999937
10,control/FB-riemann-kernel-SVM,control,2,0.7777777777777778,0.95,"{""clf__C"": 1.0}",46.48763139999937
10,control/FB-riemann-kernel-SVM,control,3,0.7777777777777778,0.9,"{""clf__C"": 1.0}",46.48763139999937
10,control/FB-riemann-kernel-SVM,control,4,0.6666666666666666,0.95,"{""clf__C"": 0.1}",46.48763139999937
10,control/FB-riemann-kernel-SVM,control,5,0.6666666666666666,0.75,"{""clf__C"": 0.1}",46.48763139999937
10,control/FB-riemann-kernel-SVM,control,6,0.7777777777777778,1.0,"{""clf__C"": 1.0}",46.48763139999937
10,control/FB-riemann-kernel-SVM,control,7,0.7777777777777778,1.0,"{""clf__C"": 0.1}",46.48763139999937
10,control/FB-riemann-kernel-SVM,control,8,0.7777777777777778,0.8,"{""clf__C"": 1.0}",46.48763139999937
10,control/FB-riemann-kernel-SVM,control,9,0.7777777777777778,0.85,"{""clf__C"": 0.1}",46.48763139999937
10,control/FB-riemann-kernel-SVM,control,10,0.7777777777777778,1.0,"{""clf__C"": 0.1}",46.48763139999937
10,control/FB-riemann-kernel-SVM,control,11,0.7777777777777778,0.9,"{""clf__C"": 1.0}",46.48763139999937
10,control/FB-riemann-kernel-SVM,control,12,0.7777777777777778,1.0,"{""clf__C"": 1.0}",46.48763139999937
10,control/FB-riemann-kernel-SVM,control,13,0.7777777777777778,0.9,"{""clf__C"": 0.1}",46.48763139999937
10,control/FB-riemann-kernel-SVM,control,14,0.6666666666666666,0.85,"{""clf__C"": 1.0}",46.48763139999937
10,control/FB-logeuclid-kernel-SVM,control,0,0.8888888888888888,0.8,"{""clf__C"": 1.0}",49.57647569999972
10,control/FB-logeuclid-kernel-SVM,control,1,0.6666666666666666,0.9,"{""clf__C"": 1.0}",49.57647569999972
10,control/FB-logeuclid-kernel-SVM,control,2,1.0,1.0,"{""clf__C"": 1.0}",49.57647569999972
10,control/FB-logeuclid-kernel-SVM,control,3,0.7777777777777778,0.95,"{""clf__C"": 1.0}",49.57647569999972
10,control/FB-logeuclid-kernel-SVM,control,4,0.8888888888888888,0.9,"{""clf__C"": 1.0}",49.57647569999972
10,control/FB-logeuclid-kernel-SVM,control,5,0.8888888888888888,0.8,"{""clf__C"": 1.0}",49.57647569999972
10,control/FB-logeuclid-kernel-SVM,control,6,0.8888888888888888,0.95,"{""clf__C"": 1.0}",49.57647569999972
10,control/FB-logeuclid-kernel-SVM,control,7,0.7777777777777778,1.0,"{""clf__C"": 1.0}",49.57647569999972
10,control/FB-logeuclid-kernel-SVM,control,8,0.7777777777777778,0.7000000000000001,"{""clf__C"": 1.0}",49.57647569999972
10,control/FB-logeuclid-kernel-SVM,control,9,0.8888888888888888,0.85,"{""clf__C"": 1.0}",49.57647569999972
10,control/FB-logeuclid-kernel-SVM,control,10,0.8888888888888888,1.0,"{""clf__C"": 1.0}",49.57647569999972
10,control/FB-logeuclid-kernel-SVM,control,11,0.6666666666666666,0.8500000000000001,"{""clf__C"": 1.0}",49.57647569999972
10,control/FB-logeuclid-kernel-SVM,control,12,0.7777777777777778,0.95,"{""clf__C"": 1.0}",49.57647569999972
10,control/FB-logeuclid-kernel-SVM,control,13,0.8888888888888888,0.85,"{""clf__C"": 1.0}",49.57647569999972
10,control/FB-logeuclid-kernel-SVM,control,14,0.6666666666666666,0.85,"{""clf__C"": 0.1}",49.57647569999972
11,classical/FBCSP+LDA,classical,0,0.4444444444444444,0.6000000000000001,"{""perband__base__csp__nfilter"": 4}",51.008603700000094
11,classical/FBCSP+LDA,classical,1,0.7777777777777778,0.8,"{""perband__base__csp__nfilter"": 4}",51.008603700000094
11,classical/FBCSP+LDA,classical,2,0.7777777777777778,0.8,"{""perband__base__csp__nfilter"": 4}",51.008603700000094
11,classical/FBCSP+LDA,classical,3,0.6666666666666666,0.6,"{""perband__base__csp__nfilter"": 4}",51.008603700000094
11,classical/FBCSP+LDA,classical,4,0.5555555555555556,0.4999999999999999,"{""perband__base__csp__nfilter"": 2}",51.008603700000094
11,classical/FBCSP+LDA,classical,5,0.5555555555555556,0.55,"{""perband__base__csp__nfilter"": 4}",51.008603700000094
11,classical/FBCSP+LDA,classical,6,0.5555555555555556,0.55,"{""perband__base__csp__nfilter"": 2}",51.008603700000094
11,classical/FBCSP+LDA,classical,7,0.6666666666666666,0.65,"{""perband__base__csp__nfilter"": 4}",51.008603700000094
11,classical/FBCSP+LDA,classical,8,0.6666666666666666,0.75,"{""perband__base__csp__nfilter"": 6}",51.008603700000094
11,classical/FBCSP+LDA,classical,9,0.3333333333333333,0.25,"{""perband__base__csp__nfilter"": 2}",51.008603700000094
11,classical/FBCSP+LDA,classical,10,0.8888888888888888,0.85,"{""perband__base__csp__nfilter"": 2}",51.008603700000094
11,classical/FBCSP+LDA,classical,11,0.4444444444444444,0.3999999999999999,"{""perband__base__csp__nfilter"": 2}",51.008603700000094
11,classical/FBCSP+LDA,classical,12,0.4444444444444444,0.35,"{""perband__base__csp__nfilter"": 6}",51.008603700000094
11,classical/FBCSP+LDA,classical,13,0.3333333333333333,0.35,"{""perband__base__csp__nfilter"": 6}",51.008603700000094
11,classical/FBCSP+LDA,classical,14,0.4444444444444444,0.5,"{""perband__base__csp__nfilter"": 2}",51.008603700000094
11,classical/FB-TS+LR,classical,0,0.5555555555555556,0.75,"{""clf__C"": 10.0}",54.41574690000016
11,classical/FB-TS+LR,classical,1,0.6666666666666666,1.0,"{""clf__C"": 1.0}",54.41574690000016
11,classical/FB-TS+LR,classical,2,0.4444444444444444,0.3999999999999999,"{""clf__C"": 0.1}",54.41574690000016
11,classical/FB-TS+LR,classical,3,0.6666666666666666,0.65,"{""clf__C"": 0.1}",54.41574690000016
11,classical/FB-TS+LR,classical,4,0.3333333333333333,0.55,"{""clf__C"": 10.0}",54.41574690000016
11,classical/FB-TS+LR,classical,5,0.7777777777777778,0.6000000000000001,"{""clf__C"": 0.1}",54.41574690000016
11,classical/FB-TS+LR,classical,6,0.4444444444444444,0.6,"{""clf__C"": 0.1}",54.41574690000016
11,classical/FB-TS+LR,classical,7,0.5555555555555556,0.6,"{""clf__C"": 0.1}",54.41574690000016
11,classical/FB-TS+LR,classical,8,0.6666666666666666,0.75,"{""clf__C"": 0.1}",54.41574690000016
11,classical/FB-TS+LR,classical,9,0.6666666666666666,0.4,"{""clf__C"": 1.0}",54.41574690000016
11,classical/FB-TS+LR,classical,10,0.6666666666666666,0.6,"{""clf__C"": 0.1}",54.41574690000016
11,classical/FB-TS+LR,classical,11,0.4444444444444444,0.35,"{""clf__C"": 0.1}",54.41574690000016
11,classical/FB-TS+LR,classical,12,0.6666666666666666,0.6,"{""clf__C"": 0.1}",54.41574690000016
11,classical/FB-TS+LR,classical,13,0.4444444444444444,0.25,"{""clf__C"": 0.1}",54.41574690000016
11,classical/FB-TS+LR,classical,14,0.7777777777777778,0.6500000000000001,"{""clf__C"": 0.1}",54.41574690000016
11,classical/FB-TS+RBF-SVM,classical,0,0.5555555555555556,0.6,"{""clf__C"": 10.0, ""clf__gamma"": ""scale""}",93.65226600000004
11,classical/FB-TS+RBF-SVM,classical,1,0.7777777777777778,0.7,"{""clf__C"": 10.0, ""clf__gamma"": 0.01}",93.65226600000004
11,classical/FB-TS+RBF-SVM,classical,2,0.3333333333333333,0.5499999999999999,"{""clf__C"": 1.0, ""clf__gamma"": ""scale""}",93.65226600000004
11,classical/FB-TS+RBF-SVM,classical,3,0.4444444444444444,0.6000000000000001,"{""clf__C"": 10.0, ""clf__gamma"": ""scale""}",93.65226600000004
11,classical/FB-TS+RBF-SVM,classical,4,0.4444444444444444,0.65,"{""clf__C"": 0.1, ""clf__gamma"": ""scale""}",93.65226600000004
11,classical/FB-TS+RBF-SVM,classical,5,0.5555555555555556,0.4999999999999999,"{""clf__C"": 10.0, ""clf__gamma"": ""scale""}",93.65226600000004
11,classical/FB-TS+RBF-SVM,classical,6,0.4444444444444444,0.55,"{""clf__C"": 10.0, ""clf__gamma"": 0.01}",93.65226600000004
11,classical/FB-TS+RBF-SVM,classical,7,0.5555555555555556,0.5,"{""clf__C"": 10.0, ""clf__gamma"": 0.01}",93.65226600000004
11,classical/FB-TS+RBF-SVM,classical,8,0.4444444444444444,0.95,"{""clf__C"": 0.1, ""clf__gamma"": ""scale""}",93.65226600000004
11,classical/FB-TS+RBF-SVM,classical,9,0.4444444444444444,0.6000000000000001,"{""clf__C"": 1.0, ""clf__gamma"": ""scale""}",93.65226600000004
11,classical/FB-TS+RBF-SVM,classical,10,0.6666666666666666,0.55,"{""clf__C"": 1.0, ""clf__gamma"": ""scale""}",93.65226600000004
11,classical/FB-TS+RBF-SVM,classical,11,0.6666666666666666,0.55,"{""clf__C"": 10.0, ""clf__gamma"": ""scale""}",93.65226600000004
11,classical/FB-TS+RBF-SVM,classical,12,0.6666666666666666,0.75,"{""clf__C"": 10.0, ""clf__gamma"": 0.01}",93.65226600000004
11,classical/FB-TS+RBF-SVM,classical,13,0.3333333333333333,0.3,"{""clf__C"": 10.0, ""clf__gamma"": ""scale""}",93.65226600000004
11,classical/FB-TS+RBF-SVM,classical,14,0.4444444444444444,0.55,"{""clf__C"": 0.1, ""clf__gamma"": ""scale""}",93.65226600000004
11,quantum/FB-HS-overlap-SVM,quantum,0,0.5555555555555556,0.55,"{""clf__C"": 0.1}",39.364740600000005
11,quantum/FB-HS-overlap-SVM,quantum,1,0.4444444444444444,0.5,"{""clf__C"": 0.1}",39.364740600000005
11,quantum/FB-HS-overlap-SVM,quantum,2,0.4444444444444444,0.575,"{""clf__C"": 0.1}",39.364740600000005
11,quantum/FB-HS-overlap-SVM,quantum,3,0.4444444444444444,0.55,"{""clf__C"": 0.1}",39.364740600000005
11,quantum/FB-HS-overlap-SVM,quantum,4,0.4444444444444444,0.25,"{""clf__C"": 0.1}",39.364740600000005
11,quantum/FB-HS-overlap-SVM,quantum,5,0.5555555555555556,0.5499999999999999,"{""clf__C"": 0.1}",39.364740600000005
11,quantum/FB-HS-overlap-SVM,quantum,6,0.3333333333333333,0.4999999999999999,"{""clf__C"": 0.1}",39.364740600000005
11,quantum/FB-HS-overlap-SVM,quantum,7,0.4444444444444444,0.7000000000000001,"{""clf__C"": 0.1}",39.364740600000005
11,quantum/FB-HS-overlap-SVM,quantum,8,0.4444444444444444,0.625,"{""clf__C"": 0.1}",39.364740600000005
11,quantum/FB-HS-overlap-SVM,quantum,9,0.4444444444444444,0.875,"{""clf__C"": 0.1}",39.364740600000005
11,quantum/FB-HS-overlap-SVM,quantum,10,0.4444444444444444,0.7,"{""clf__C"": 0.1}",39.364740600000005
11,quantum/FB-HS-overlap-SVM,quantum,11,0.4444444444444444,0.55,"{""clf__C"": 0.1}",39.364740600000005
11,quantum/FB-HS-overlap-SVM,quantum,12,0.7777777777777778,0.925,"{""clf__C"": 0.1}",39.364740600000005
11,quantum/FB-HS-overlap-SVM,quantum,13,0.4444444444444444,0.3,"{""clf__C"": 0.1}",39.364740600000005
11,quantum/FB-HS-overlap-SVM,quantum,14,0.4444444444444444,0.8,"{""clf__C"": 0.1}",39.364740600000005
11,quantum/FB-HS-overlap-ref-SVM,quantum,0,0.6666666666666666,0.4999999999999999,"{""clf__C"": 10.0}",44.22663079999984
11,quantum/FB-HS-overlap-ref-SVM,quantum,1,0.7777777777777778,0.95,"{""clf__C"": 10.0}",44.22663079999984
11,quantum/FB-HS-overlap-ref-SVM,quantum,2,0.5555555555555556,0.6,"{""clf__C"": 10.0}",44.22663079999984
11,quantum/FB-HS-overlap-ref-SVM,quantum,3,0.5555555555555556,0.6,"{""clf__C"": 10.0}",44.22663079999984
11,quantum/FB-HS-overlap-ref-SVM,quantum,4,0.4444444444444444,0.45,"{""clf__C"": 10.0}",44.22663079999984
11,quantum/FB-HS-overlap-ref-SVM,quantum,5,0.5555555555555556,0.55,"{""clf__C"": 10.0}",44.22663079999984
11,quantum/FB-HS-overlap-ref-SVM,quantum,6,0.6666666666666666,0.75,"{""clf__C"": 10.0}",44.22663079999984
11,quantum/FB-HS-overlap-ref-SVM,quantum,7,0.5555555555555556,0.7000000000000001,"{""clf__C"": 10.0}",44.22663079999984
11,quantum/FB-HS-overlap-ref-SVM,quantum,8,0.4444444444444444,0.75,"{""clf__C"": 0.1}",44.22663079999984
11,quantum/FB-HS-overlap-ref-SVM,quantum,9,0.5555555555555556,0.5,"{""clf__C"": 10.0}",44.22663079999984
11,quantum/FB-HS-overlap-ref-SVM,quantum,10,0.6666666666666666,0.5,"{""clf__C"": 10.0}",44.22663079999984
11,quantum/FB-HS-overlap-ref-SVM,quantum,11,0.5555555555555556,0.45,"{""clf__C"": 10.0}",44.22663079999984
11,quantum/FB-HS-overlap-ref-SVM,quantum,12,0.5555555555555556,0.6,"{""clf__C"": 10.0}",44.22663079999984
11,quantum/FB-HS-overlap-ref-SVM,quantum,13,0.4444444444444444,0.55,"{""clf__C"": 10.0}",44.22663079999984
11,quantum/FB-HS-overlap-ref-SVM,quantum,14,0.4444444444444444,0.55,"{""clf__C"": 0.1}",44.22663079999984
11,quantum/FB-Fidelity-SVM,quantum,0,0.5555555555555556,0.55,"{""clf__C"": 0.1}",42.83417850000024
11,quantum/FB-Fidelity-SVM,quantum,1,0.4444444444444444,0.65,"{""clf__C"": 0.1}",42.83417850000024
11,quantum/FB-Fidelity-SVM,quantum,2,0.4444444444444444,0.4999999999999999,"{""clf__C"": 0.1}",42.83417850000024
11,quantum/FB-Fidelity-SVM,quantum,3,0.4444444444444444,0.45,"{""clf__C"": 0.1}",42.83417850000024
11,quantum/FB-Fidelity-SVM,quantum,4,0.4444444444444444,0.25,"{""clf__C"": 0.1}",42.83417850000024
11,quantum/FB-Fidelity-SVM,quantum,5,0.5555555555555556,0.55,"{""clf__C"": 0.1}",42.83417850000024
11,quantum/FB-Fidelity-SVM,quantum,6,0.3333333333333333,0.4,"{""clf__C"": 0.1}",42.83417850000024
11,quantum/FB-Fidelity-SVM,quantum,7,0.4444444444444444,0.75,"{""clf__C"": 0.1}",42.83417850000024
11,quantum/FB-Fidelity-SVM,quantum,8,0.4444444444444444,0.6499999999999999,"{""clf__C"": 0.1}",42.83417850000024
11,quantum/FB-Fidelity-SVM,quantum,9,0.4444444444444444,0.875,"{""clf__C"": 0.1}",42.83417850000024
11,quantum/FB-Fidelity-SVM,quantum,10,0.4444444444444444,0.65,"{""clf__C"": 0.1}",42.83417850000024
11,quantum/FB-Fidelity-SVM,quantum,11,0.4444444444444444,0.5,"{""clf__C"": 0.1}",42.83417850000024
11,quantum/FB-Fidelity-SVM,quantum,12,0.7777777777777778,1.0,"{""clf__C"": 0.1}",42.83417850000024
11,quantum/FB-Fidelity-SVM,quantum,13,0.4444444444444444,0.375,"{""clf__C"": 0.1}",42.83417850000024
11,quantum/FB-Fidelity-SVM,quantum,14,0.4444444444444444,0.675,"{""clf__C"": 0.1}",42.83417850000024
11,quantum/FB-Fidelity-ref-SVM,quantum,0,0.6666666666666666,0.4999999999999999,"{""clf__C"": 10.0}",49.84796000000006
11,quantum/FB-Fidelity-ref-SVM,quantum,1,0.7777777777777778,0.95,"{""clf__C"": 10.0}",49.84796000000006
11,quantum/FB-Fidelity-ref-SVM,quantum,2,0.6666666666666666,0.65,"{""clf__C"": 10.0}",49.84796000000006
11,quantum/FB-Fidelity-ref-SVM,quantum,3,0.6666666666666666,0.8,"{""clf__C"": 10.0}",49.84796000000006
11,quantum/FB-Fidelity-ref-SVM,quantum,4,0.5555555555555556,0.5,"{""clf__C"": 10.0}",49.84796000000006
11,quantum/FB-Fidelity-ref-SVM,quantum,5,0.6666666666666666,0.6,"{""clf__C"": 10.0}",49.84796000000006
11,quantum/FB-Fidelity-ref-SVM,quantum,6,0.6666666666666666,0.7000000000000001,"{""clf__C"": 10.0}",49.84796000000006
11,quantum/FB-Fidelity-ref-SVM,quantum,7,0.5555555555555556,0.65,"{""clf__C"": 10.0}",49.84796000000006
11,quantum/FB-Fidelity-ref-SVM,quantum,8,0.7777777777777778,0.75,"{""clf__C"": 10.0}",49.84796000000006
11,quantum/FB-Fidelity-ref-SVM,quantum,9,0.5555555555555556,0.7000000000000001,"{""clf__C"": 10.0}",49.84796000000006
11,quantum/FB-Fidelity-ref-SVM,quantum,10,0.6666666666666666,0.5,"{""clf__C"": 10.0}",49.84796000000006
11,quantum/FB-Fidelity-ref-SVM,quantum,11,0.3333333333333333,0.35,"{""clf__C"": 10.0}",49.84796000000006
11,quantum/FB-Fidelity-ref-SVM,quantum,12,0.5555555555555556,0.7,"{""clf__C"": 10.0}",49.84796000000006
11,quantum/FB-Fidelity-ref-SVM,quantum,13,0.4444444444444444,0.55,"{""clf__C"": 10.0}",49.84796000000006
11,quantum/FB-Fidelity-ref-SVM,quantum,14,0.4444444444444444,0.7,"{""clf__C"": 0.1}",49.84796000000006
11,quantum/FB-HS-RBF-SVM,quantum,0,0.5555555555555556,0.55,"{""clf__C"": 1.0, ""clf__gamma_mult"": 1.0}",43.38684449999983
11,quantum/FB-HS-RBF-SVM,quantum,1,0.5555555555555556,0.575,"{""clf__C"": 1.0, ""clf__gamma_mult"": 1.0}",43.38684449999983
11,quantum/FB-HS-RBF-SVM,quantum,2,0.5555555555555556,0.75,"{""clf__C"": 0.1, ""clf__gamma_mult"": 0.25}",43.38684449999983
11,quantum/FB-HS-RBF-SVM,quantum,3,0.5555555555555556,0.6000000000000001,"{""clf__C"": 1.0, ""clf__gamma_mult"": 4.0}",43.38684449999983
11,quantum/FB-HS-RBF-SVM,quantum,4,0.4444444444444444,0.425,"{""clf__C"": 0.1, ""clf__gamma_mult"": 0.25}",43.38684449999983
11,quantum/FB-HS-RBF-SVM,quantum,5,0.5555555555555556,0.4999999999999999,"{""clf__C"": 1.0, ""clf__gamma_mult"": 4.0}",43.38684449999983
11,quantum/FB-HS-RBF-SVM,quantum,6,0.3333333333333333,0.35,"{""clf__C"": 10.0, ""clf__gamma_mult"": 1.0}",43.38684449999983
11,quantum/FB-HS-RBF-SVM,quantum,7,0.4444444444444444,0.7000000000000001,"{""clf__C"": 1.0, ""clf__gamma_mult"": 0.25}",43.38684449999983
11,quantum/FB-HS-RBF-SVM,quantum,8,0.4444444444444444,0.2,"{""clf__C"": 0.1, ""clf__gamma_mult"": 0.25}",43.38684449999983
11,quantum/FB-HS-RBF-SVM,quantum,9,0.4444444444444444,0.3,"{""clf__C"": 0.1, ""clf__gamma_mult"": 0.25}",43.38684449999983
11,quantum/FB-HS-RBF-SVM,quantum,10,0.4444444444444444,0.6500000000000001,"{""clf__C"": 1.0, ""clf__gamma_mult"": 4.0}",43.38684449999983
11,quantum/FB-HS-RBF-SVM,quantum,11,0.4444444444444444,0.5,"{""clf__C"": 10.0, ""clf__gamma_mult"": 1.0}",43.38684449999983
11,quantum/FB-HS-RBF-SVM,quantum,12,0.5555555555555556,0.8,"{""clf__C"": 10.0, ""clf__gamma_mult"": 0.25}",43.38684449999983
11,quantum/FB-HS-RBF-SVM,quantum,13,0.5555555555555556,0.6,"{""clf__C"": 1.0, ""clf__gamma_mult"": 1.0}",43.38684449999983
11,quantum/FB-HS-RBF-SVM,quantum,14,0.4444444444444444,0.55,"{""clf__C"": 0.1, ""clf__gamma_mult"": 0.25}",43.38684449999983
11,quantum/FB-HS-RBF-ref-SVM,quantum,0,0.6666666666666666,0.55,"{""clf__C"": 10.0, ""clf__gamma_mult"": 0.25}",58.85354929999994
11,quantum/FB-HS-RBF-ref-SVM,quantum,1,0.7777777777777778,0.95,"{""clf__C"": 10.0, ""clf__gamma_mult"": 0.25}",58.85354929999994
11,quantum/FB-HS-RBF-ref-SVM,quantum,2,0.5555555555555556,0.55,"{""clf__C"": 10.0, ""clf__gamma_mult"": 1.0}",58.85354929999994
11,quantum/FB-HS-RBF-ref-SVM,quantum,3,0.5555555555555556,0.6499999999999999,"{""clf__C"": 10.0, ""clf__gamma_mult"": 0.25}",58.85354929999994
11,quantum/FB-HS-RBF-ref-SVM,quantum,4,0.4444444444444444,0.4,"{""clf__C"": 10.0, ""clf__gamma_mult"": 0.25}",58.85354929999994
11,quantum/FB-HS-RBF-ref-SVM,quantum,5,0.5555555555555556,0.6,"{""clf__C"": 10.0, ""clf__gamma_mult"": 1.0}",58.85354929999994
11,quantum/FB-HS-RBF-ref-SVM,quantum,6,0.6666666666666666,0.8,"{""clf__C"": 10.0, ""clf__gamma_mult"": 1.0}",58.85354929999994
11,quantum/FB-HS-RBF-ref-SVM,quantum,7,0.5555555555555556,0.7000000000000001,"{""clf__C"": 10.0, ""clf__gamma_mult"": 0.25}",58.85354929999994
11,quantum/FB-HS-RBF-ref-SVM,quantum,8,0.4444444444444444,0.75,"{""clf__C"": 0.1, ""clf__gamma_mult"": 0.25}",58.85354929999994
11,quantum/FB-HS-RBF-ref-SVM,quantum,9,0.6666666666666666,0.55,"{""clf__C"": 10.0, ""clf__gamma_mult"": 1.0}",58.85354929999994
11,quantum/FB-HS-RBF-ref-SVM,quantum,10,0.6666666666666666,0.6,"{""clf__C"": 10.0, ""clf__gamma_mult"": 1.0}",58.85354929999994
11,quantum/FB-HS-RBF-ref-SVM,quantum,11,0.5555555555555556,0.35,"{""clf__C"": 10.0, ""clf__gamma_mult"": 1.0}",58.85354929999994
11,quantum/FB-HS-RBF-ref-SVM,quantum,12,0.5555555555555556,0.65,"{""clf__C"": 10.0, ""clf__gamma_mult"": 4.0}",58.85354929999994
11,quantum/FB-HS-RBF-ref-SVM,quantum,13,0.4444444444444444,0.55,"{""clf__C"": 10.0, ""clf__gamma_mult"": 0.25}",58.85354929999994
11,quantum/FB-HS-RBF-ref-SVM,quantum,14,0.4444444444444444,0.55,"{""clf__C"": 0.1, ""clf__gamma_mult"": 0.25}",58.85354929999994
11,quantum/FB-Bures-RBF-SVM,quantum,0,0.5555555555555556,0.6,"{""clf__C"": 1.0, ""clf__gamma_mult"": 1.0}",63.248448800000006
11,quantum/FB-Bures-RBF-SVM,quantum,1,0.5555555555555556,0.65,"{""clf__C"": 1.0, ""clf__gamma_mult"": 0.25}",63.248448800000006
11,quantum/FB-Bures-RBF-SVM,quantum,2,0.5555555555555556,0.65,"{""clf__C"": 0.1, ""clf__gamma_mult"": 0.25}",63.248448800000006
11,quantum/FB-Bures-RBF-SVM,quantum,3,0.5555555555555556,0.5,"{""clf__C"": 1.0, ""clf__gamma_mult"": 4.0}",63.248448800000006
11,quantum/FB-Bures-RBF-SVM,quantum,4,0.4444444444444444,0.35,"{""clf__C"": 0.1, ""clf__gamma_mult"": 0.25}",63.248448800000006
11,quantum/FB-Bures-RBF-SVM,quantum,5,0.5555555555555556,0.4999999999999999,"{""clf__C"": 1.0, ""clf__gamma_mult"": 4.0}",63.248448800000006
11,quantum/FB-Bures-RBF-SVM,quantum,6,0.3333333333333333,0.55,"{""clf__C"": 10.0, ""clf__gamma_mult"": 1.0}",63.248448800000006
11,quantum/FB-Bures-RBF-SVM,quantum,7,0.4444444444444444,0.75,"{""clf__C"": 1.0, ""clf__gamma_mult"": 0.25}",63.248448800000006
11,quantum/FB-Bures-RBF-SVM,quantum,8,0.4444444444444444,0.1,"{""clf__C"": 0.1, ""clf__gamma_mult"": 0.25}",63.248448800000006
11,quantum/FB-Bures-RBF-SVM,quantum,9,0.4444444444444444,0.25,"{""clf__C"": 0.1, ""clf__gamma_mult"": 0.25}",63.248448800000006
11,quantum/FB-Bures-RBF-SVM,quantum,10,0.4444444444444444,0.6,"{""clf__C"": 1.0, ""clf__gamma_mult"": 4.0}",63.248448800000006
11,quantum/FB-Bures-RBF-SVM,quantum,11,0.4444444444444444,0.2499999999999999,"{""clf__C"": 10.0, ""clf__gamma_mult"": 1.0}",63.248448800000006
11,quantum/FB-Bures-RBF-SVM,quantum,12,0.5555555555555556,1.0,"{""clf__C"": 10.0, ""clf__gamma_mult"": 0.25}",63.248448800000006
11,quantum/FB-Bures-RBF-SVM,quantum,13,0.5555555555555556,0.5,"{""clf__C"": 1.0, ""clf__gamma_mult"": 1.0}",63.248448800000006
11,quantum/FB-Bures-RBF-SVM,quantum,14,0.4444444444444444,0.6,"{""clf__C"": 0.1, ""clf__gamma_mult"": 0.25}",63.248448800000006
11,quantum/FB-Bures-RBF-ref-SVM,quantum,0,0.6666666666666666,0.4999999999999999,"{""clf__C"": 10.0, ""clf__gamma_mult"": 0.25}",83.7667734000006
11,quantum/FB-Bures-RBF-ref-SVM,quantum,1,0.8888888888888888,0.95,"{""clf__C"": 10.0, ""clf__gamma_mult"": 1.0}",83.7667734000006
11,quantum/FB-Bures-RBF-ref-SVM,quantum,2,0.5555555555555556,0.5,"{""clf__C"": 10.0, ""clf__gamma_mult"": 0.25}",83.7667734000006
11,quantum/FB-Bures-RBF-ref-SVM,quantum,3,0.5555555555555556,0.75,"{""clf__C"": 10.0, ""clf__gamma_mult"": 0.25}",83.7667734000006
11,quantum/FB-Bures-RBF-ref-SVM,quantum,4,0.5555555555555556,0.5,"{""clf__C"": 10.0, ""clf__gamma_mult"": 0.25}",83.7667734000006
11,quantum/FB-Bures-RBF-ref-SVM,quantum,5,0.6666666666666666,0.6499999999999999,"{""clf__C"": 10.0, ""clf__gamma_mult"": 0.25}",83.7667734000006
11,quantum/FB-Bures-RBF-ref-SVM,quantum,6,0.6666666666666666,0.7000000000000001,"{""clf__C"": 10.0, ""clf__gamma_mult"": 0.25}",83.7667734000006
11,quantum/FB-Bures-RBF-ref-SVM,quantum,7,0.5555555555555556,0.75,"{""clf__C"": 10.0, ""clf__gamma_mult"": 0.25}",83.7667734000006
11,quantum/FB-Bures-RBF-ref-SVM,quantum,8,0.4444444444444444,0.9,"{""clf__C"": 0.1, ""clf__gamma_mult"": 0.25}",83.7667734000006
11,quantum/FB-Bures-RBF-ref-SVM,quantum,9,0.6666666666666666,0.5,"{""clf__C"": 10.0, ""clf__gamma_mult"": 0.25}",83.7667734000006
11,quantum/FB-Bures-RBF-ref-SVM,quantum,10,0.5555555555555556,0.5,"{""clf__C"": 10.0, ""clf__gamma_mult"": 0.25}",83.7667734000006
11,quantum/FB-Bures-RBF-ref-SVM,quantum,11,0.4444444444444444,0.4499999999999999,"{""clf__C"": 10.0, ""clf__gamma_mult"": 0.25}",83.7667734000006
11,quantum/FB-Bures-RBF-ref-SVM,quantum,12,0.5555555555555556,0.65,"{""clf__C"": 10.0, ""clf__gamma_mult"": 4.0}",83.7667734000006
11,quantum/FB-Bures-RBF-ref-SVM,quantum,13,0.4444444444444444,0.55,"{""clf__C"": 10.0, ""clf__gamma_mult"": 0.25}",83.7667734000006
11,quantum/FB-Bures-RBF-ref-SVM,quantum,14,0.4444444444444444,0.65,"{""clf__C"": 1.0, ""clf__gamma_mult"": 4.0}",83.7667734000006
11,quantum/FB-QRE-RBF-SVM,quantum,0,0.5555555555555556,0.5,"{""clf__C"": 1.0, ""clf__gamma_mult"": 1.0}",49.484594300000026
11,quantum/FB-QRE-RBF-SVM,quantum,1,0.5555555555555556,0.6,"{""clf__C"": 1.0, ""clf__gamma_mult"": 0.25}",49.484594300000026
11,quantum/FB-QRE-RBF-SVM,quantum,2,0.5555555555555556,0.5,"{""clf__C"": 0.1, ""clf__gamma_mult"": 0.25}",49.484594300000026
11,quantum/FB-QRE-RBF-SVM,quantum,3,0.5555555555555556,0.5,"{""clf__C"": 1.0, ""clf__gamma_mult"": 4.0}",49.484594300000026
11,quantum/FB-QRE-RBF-SVM,quantum,4,0.4444444444444444,0.35,"{""clf__C"": 0.1, ""clf__gamma_mult"": 0.25}",49.484594300000026
11,quantum/FB-QRE-RBF-SVM,quantum,5,0.5555555555555556,0.4999999999999999,"{""clf__C"": 1.0, ""clf__gamma_mult"": 4.0}",49.484594300000026
11,quantum/FB-QRE-RBF-SVM,quantum,6,0.3333333333333333,0.45,"{""clf__C"": 10.0, ""clf__gamma_mult"": 1.0}",49.484594300000026
11,quantum/FB-QRE-RBF-SVM,quantum,7,0.4444444444444444,0.675,"{""clf__C"": 1.0, ""clf__gamma_mult"": 0.25}",49.484594300000026
11,quantum/FB-QRE-RBF-SVM,quantum,8,0.4444444444444444,0.35,"{""clf__C"": 0.1, ""clf__gamma_mult"": 0.25}",49.484594300000026
11,quantum/FB-QRE-RBF-SVM,quantum,9,0.4444444444444444,0.25,"{""clf__C"": 0.1, ""clf__gamma_mult"": 0.25}",49.484594300000026
11,quantum/FB-QRE-RBF-SVM,quantum,10,0.4444444444444444,0.4499999999999999,"{""clf__C"": 1.0, ""clf__gamma_mult"": 4.0}",49.484594300000026
11,quantum/FB-QRE-RBF-SVM,quantum,11,0.4444444444444444,0.35,"{""clf__C"": 10.0, ""clf__gamma_mult"": 1.0}",49.484594300000026
11,quantum/FB-QRE-RBF-SVM,quantum,12,0.5555555555555556,0.9,"{""clf__C"": 10.0, ""clf__gamma_mult"": 0.25}",49.484594300000026
11,quantum/FB-QRE-RBF-SVM,quantum,13,0.5555555555555556,0.4,"{""clf__C"": 1.0, ""clf__gamma_mult"": 1.0}",49.484594300000026
11,quantum/FB-QRE-RBF-SVM,quantum,14,0.4444444444444444,0.7,"{""clf__C"": 0.1, ""clf__gamma_mult"": 0.25}",49.484594300000026
11,quantum/FB-QRE-RBF-ref-SVM,quantum,0,0.6666666666666666,0.4999999999999999,"{""clf__C"": 10.0, ""clf__gamma_mult"": 0.25}",66.9767170999994
11,quantum/FB-QRE-RBF-ref-SVM,quantum,1,0.8888888888888888,0.95,"{""clf__C"": 10.0, ""clf__gamma_mult"": 1.0}",66.9767170999994
11,quantum/FB-QRE-RBF-ref-SVM,quantum,2,0.4444444444444444,0.5,"{""clf__C"": 10.0, ""clf__gamma_mult"": 0.25}",66.9767170999994
11,quantum/FB-QRE-RBF-ref-SVM,quantum,3,0.5555555555555556,0.8,"{""clf__C"": 10.0, ""clf__gamma_mult"": 1.0}",66.9767170999994
11,quantum/FB-QRE-RBF-ref-SVM,quantum,4,0.5555555555555556,0.5,"{""clf__C"": 10.0, ""clf__gamma_mult"": 0.25}",66.9767170999994
11,quantum/FB-QRE-RBF-ref-SVM,quantum,5,0.5555555555555556,0.6000000000000001,"{""clf__C"": 10.0, ""clf__gamma_mult"": 1.0}",66.9767170999994
11,quantum/FB-QRE-RBF-ref-SVM,quantum,6,0.6666666666666666,0.65,"{""clf__C"": 10.0, ""clf__gamma_mult"": 1.0}",66.9767170999994
11,quantum/FB-QRE-RBF-ref-SVM,quantum,7,0.5555555555555556,0.75,"{""clf__C"": 10.0, ""clf__gamma_mult"": 0.25}",66.9767170999994
11,quantum/FB-QRE-RBF-ref-SVM,quantum,8,0.4444444444444444,0.9,"{""clf__C"": 0.1, ""clf__gamma_mult"": 0.25}",66.9767170999994
11,quantum/FB-QRE-RBF-ref-SVM,quantum,9,0.6666666666666666,0.6000000000000001,"{""clf__C"": 10.0, ""clf__gamma_mult"": 1.0}",66.9767170999994
11,quantum/FB-QRE-RBF-ref-SVM,quantum,10,0.4444444444444444,0.5,"{""clf__C"": 10.0, ""clf__gamma_mult"": 0.25}",66.9767170999994
11,quantum/FB-QRE-RBF-ref-SVM,quantum,11,0.4444444444444444,0.5,"{""clf__C"": 10.0, ""clf__gamma_mult"": 4.0}",66.9767170999994
11,quantum/FB-QRE-RBF-ref-SVM,quantum,12,0.5555555555555556,0.6,"{""clf__C"": 10.0, ""clf__gamma_mult"": 1.0}",66.9767170999994
11,quantum/FB-QRE-RBF-ref-SVM,quantum,13,0.4444444444444444,0.55,"{""clf__C"": 10.0, ""clf__gamma_mult"": 0.25}",66.9767170999994
11,quantum/FB-QRE-RBF-ref-SVM,quantum,14,0.4444444444444444,0.65,"{""clf__C"": 0.1, ""clf__gamma_mult"": 0.25}",66.9767170999994
11,control/FB-riemann-kernel-SVM,control,0,0.6666666666666666,0.6,"{""clf__C"": 1.0}",44.048512800000026
11,control/FB-riemann-kernel-SVM,control,1,0.6666666666666666,0.8500000000000001,"{""clf__C"": 1.0}",44.048512800000026
11,control/FB-riemann-kernel-SVM,control,2,0.4444444444444444,0.35,"{""clf__C"": 1.0}",44.048512800000026
11,control/FB-riemann-kernel-SVM,control,3,0.6666666666666666,0.9,"{""clf__C"": 0.1}",44.048512800000026
11,control/FB-riemann-kernel-SVM,control,4,0.4444444444444444,0.6000000000000001,"{""clf__C"": 1.0}",44.048512800000026
11,control/FB-riemann-kernel-SVM,control,5,0.5555555555555556,0.6,"{""clf__C"": 1.0}",44.048512800000026
11,control/FB-riemann-kernel-SVM,control,6,0.6666666666666666,0.5,"{""clf__C"": 0.1}",44.048512800000026
11,control/FB-riemann-kernel-SVM,control,7,0.6666666666666666,0.7000000000000001,"{""clf__C"": 1.0}",44.048512800000026
11,control/FB-riemann-kernel-SVM,control,8,0.6666666666666666,0.75,"{""clf__C"": 1.0}",44.048512800000026
11,control/FB-riemann-kernel-SVM,control,9,0.5555555555555556,0.65,"{""clf__C"": 0.1}",44.048512800000026
11,control/FB-riemann-kernel-SVM,control,10,0.4444444444444444,0.55,"{""clf__C"": 1.0}",44.048512800000026
11,control/FB-riemann-kernel-SVM,control,11,0.3333333333333333,0.4,"{""clf__C"": 0.1}",44.048512800000026
11,control/FB-riemann-kernel-SVM,control,12,0.5555555555555556,0.65,"{""clf__C"": 0.1}",44.048512800000026
11,control/FB-riemann-kernel-SVM,control,13,0.4444444444444444,0.5,"{""clf__C"": 0.1}",44.048512800000026
11,control/FB-riemann-kernel-SVM,control,14,0.6666666666666666,0.75,"{""clf__C"": 0.1}",44.048512800000026
11,control/FB-logeuclid-kernel-SVM,control,0,0.5555555555555556,0.65,"{""clf__C"": 1.0}",42.08017370000016
11,control/FB-logeuclid-kernel-SVM,control,1,0.5555555555555556,0.8,"{""clf__C"": 1.0}",42.08017370000016
11,control/FB-logeuclid-kernel-SVM,control,2,0.3333333333333333,0.45,"{""clf__C"": 1.0}",42.08017370000016
11,control/FB-logeuclid-kernel-SVM,control,3,0.5555555555555556,0.7,"{""clf__C"": 1.0}",42.08017370000016
11,control/FB-logeuclid-kernel-SVM,control,4,0.5555555555555556,0.6000000000000001,"{""clf__C"": 1.0}",42.08017370000016
11,control/FB-logeuclid-kernel-SVM,control,5,0.5555555555555556,0.5499999999999999,"{""clf__C"": 0.1}",42.08017370000016
11,control/FB-logeuclid-kernel-SVM,control,6,0.5555555555555556,0.25,"{""clf__C"": 0.1}",42.08017370000016
11,control/FB-logeuclid-kernel-SVM,control,7,0.7777777777777778,0.6000000000000001,"{""clf__C"": 1.0}",42.08017370000016
11,control/FB-logeuclid-kernel-SVM,control,8,0.7777777777777778,0.8,"{""clf__C"": 1.0}",42.08017370000016
11,control/FB-logeuclid-kernel-SVM,control,9,0.5555555555555556,0.6000000000000001,"{""clf__C"": 1.0}",42.08017370000016
11,control/FB-logeuclid-kernel-SVM,control,10,0.6666666666666666,0.6,"{""clf__C"": 1.0}",42.08017370000016
11,control/FB-logeuclid-kernel-SVM,control,11,0.5555555555555556,0.55,"{""clf__C"": 1.0}",42.08017370000016
11,control/FB-logeuclid-kernel-SVM,control,12,0.4444444444444444,0.6,"{""clf__C"": 0.1}",42.08017370000016
11,control/FB-logeuclid-kernel-SVM,control,13,0.4444444444444444,0.35,"{""clf__C"": 0.1}",42.08017370000016
11,control/FB-logeuclid-kernel-SVM,control,14,0.5555555555555556,0.7,"{""clf__C"": 0.1}",42.08017370000016
12,classical/FBCSP+LDA,classical,0,0.6666666666666666,0.5,"{""perband__base__csp__nfilter"": 4}",42.57581199999913
12,classical/FBCSP+LDA,classical,1,0.5555555555555556,0.75,"{""perband__base__csp__nfilter"": 2}",42.57581199999913
12,classical/FBCSP+LDA,classical,2,0.6666666666666666,0.85,"{""perband__base__csp__nfilter"": 6}",42.57581199999913
12,classical/FBCSP+LDA,classical,3,0.5555555555555556,0.5,"{""perband__base__csp__nfilter"": 2}",42.57581199999913
12,classical/FBCSP+LDA,classical,4,0.7777777777777778,0.9,"{""perband__base__csp__nfilter"": 6}",42.57581199999913
12,classical/FBCSP+LDA,classical,5,0.7777777777777778,0.8,"{""perband__base__csp__nfilter"": 4}",42.57581199999913
12,classical/FBCSP+LDA,classical,6,0.5555555555555556,0.75,"{""perband__base__csp__nfilter"": 4}",42.57581199999913
12,classical/FBCSP+LDA,classical,7,0.5555555555555556,0.6,"{""perband__base__csp__nfilter"": 6}",42.57581199999913
12,classical/FBCSP+LDA,classical,8,0.6666666666666666,0.8500000000000001,"{""perband__base__csp__nfilter"": 6}",42.57581199999913
12,classical/FBCSP+LDA,classical,9,0.3333333333333333,0.4,"{""perband__base__csp__nfilter"": 2}",42.57581199999913
12,classical/FBCSP+LDA,classical,10,0.5555555555555556,0.5,"{""perband__base__csp__nfilter"": 2}",42.57581199999913
12,classical/FBCSP+LDA,classical,11,0.6666666666666666,0.9,"{""perband__base__csp__nfilter"": 4}",42.57581199999913
12,classical/FBCSP+LDA,classical,12,0.2222222222222222,0.2,"{""perband__base__csp__nfilter"": 2}",42.57581199999913
12,classical/FBCSP+LDA,classical,13,0.6666666666666666,0.7,"{""perband__base__csp__nfilter"": 6}",42.57581199999913
12,classical/FBCSP+LDA,classical,14,0.6666666666666666,0.65,"{""perband__base__csp__nfilter"": 6}",42.57581199999913
12,classical/FB-TS+LR,classical,0,0.6666666666666666,0.5,"{""clf__C"": 0.1}",44.59786229999918
12,classical/FB-TS+LR,classical,1,0.8888888888888888,1.0,"{""clf__C"": 10.0}",44.59786229999918
12,classical/FB-TS+LR,classical,2,0.7777777777777778,0.75,"{""clf__C"": 10.0}",44.59786229999918
12,classical/FB-TS+LR,classical,3,0.7777777777777778,0.8,"{""clf__C"": 0.1}",44.59786229999918
12,classical/FB-TS+LR,classical,4,0.6666666666666666,0.9,"{""clf__C"": 10.0}",44.59786229999918
12,classical/FB-TS+LR,classical,5,0.8888888888888888,0.9,"{""clf__C"": 0.1}",44.59786229999918
12,classical/FB-TS+LR,classical,6,0.6666666666666666,0.8,"{""clf__C"": 10.0}",44.59786229999918
12,classical/FB-TS+LR,classical,7,0.5555555555555556,0.5,"{""clf__C"": 0.1}",44.59786229999918
12,classical/FB-TS+LR,classical,8,0.6666666666666666,1.0,"{""clf__C"": 0.1}",44.59786229999918
12,classical/FB-TS+LR,classical,9,0.7777777777777778,0.8500000000000001,"{""clf__C"": 0.1}",44.59786229999918
12,classical/FB-TS+LR,classical,10,0.7777777777777778,0.8,"{""clf__C"": 0.1}",44.59786229999918
12,classical/FB-TS+LR,classical,11,0.7777777777777778,0.85,"{""clf__C"": 1.0}",44.59786229999918
12,classical/FB-TS+LR,classical,12,0.7777777777777778,0.9,"{""clf__C"": 0.1}",44.59786229999918
12,classical/FB-TS+LR,classical,13,0.6666666666666666,0.65,"{""clf__C"": 1.0}",44.59786229999918
12,classical/FB-TS+LR,classical,14,0.6666666666666666,0.65,"{""clf__C"": 0.1}",44.59786229999918
12,classical/FB-TS+RBF-SVM,classical,0,0.5555555555555556,0.5,"{""clf__C"": 10.0, ""clf__gamma"": 0.01}",75.28943570000047
12,classical/FB-TS+RBF-SVM,classical,1,0.8888888888888888,1.0,"{""clf__C"": 10.0, ""clf__gamma"": ""scale""}",75.28943570000047
12,classical/FB-TS+RBF-SVM,classical,2,0.6666666666666666,0.75,"{""clf__C"": 10.0, ""clf__gamma"": ""scale""}",75.28943570000047
12,classical/FB-TS+RBF-SVM,classical,3,0.5555555555555556,1.0,"{""clf__C"": 0.1, ""clf__gamma"": ""scale""}",75.28943570000047
12,classical/FB-TS+RBF-SVM,classical,4,0.6666666666666666,0.55,"{""clf__C"": 10.0, ""clf__gamma"": ""scale""}",75.28943570000047
12,classical/FB-TS+RBF-SVM,classical,5,0.7777777777777778,0.75,"{""clf__C"": 10.0, ""clf__gamma"": ""scale""}",75.28943570000047
12,classical/FB-TS+RBF-SVM,classical,6,0.6666666666666666,0.7,"{""clf__C"": 10.0, ""clf__gamma"": ""scale""}",75.28943570000047
12,classical/FB-TS+RBF-SVM,classical,7,0.5555555555555556,0.6000000000000001,"{""clf__C"": 10.0, ""clf__gamma"": ""scale""}",75.28943570000047
12,classical/FB-TS+RBF-SVM,classical,8,0.6666666666666666,1.0,"{""clf__C"": 10.0, ""clf__gamma"": ""scale""}",75.28943570000047
12,classical/FB-TS+RBF-SVM,classical,9,0.7777777777777778,0.95,"{""clf__C"": 1.0, ""clf__gamma"": 0.01}",75.28943570000047
12,classical/FB-TS+RBF-SVM,classical,10,0.6666666666666666,0.9,"{""clf__C"": 10.0, ""clf__gamma"": 0.01}",75.28943570000047
12,classical/FB-TS+RBF-SVM,classical,11,0.7777777777777778,0.8,"{""clf__C"": 10.0, ""clf__gamma"": ""scale""}",75.28943570000047
12,classical/FB-TS+RBF-SVM,classical,12,0.7777777777777778,0.8,"{""clf__C"": 10.0, ""clf__gamma"": ""scale""}",75.28943570000047
12,classical/FB-TS+RBF-SVM,classical,13,0.4444444444444444,0.6000000000000001,"{""clf__C"": 10.0, ""clf__gamma"": ""scale""}",75.28943570000047
12,classical/FB-TS+RBF-SVM,classical,14,0.6666666666666666,0.7,"{""clf__C"": 10.0, ""clf__gamma"": ""scale""}",75.28943570000047
12,quantum/FB-HS-overlap-SVM,quantum,0,0.4444444444444444,0.4,"{""clf__C"": 0.1}",31.929399500000727
12,quantum/FB-HS-overlap-SVM,quantum,1,0.5555555555555556,0.325,"{""clf__C"": 0.1}",31.929399500000727
12,quantum/FB-HS-overlap-SVM,quantum,2,0.5555555555555556,0.875,"{""clf__C"": 0.1}",31.929399500000727
12,quantum/FB-HS-overlap-SVM,quantum,3,0.5555555555555556,0.05,"{""clf__C"": 0.1}",31.929399500000727
12,quantum/FB-HS-overlap-SVM,quantum,4,0.5555555555555556,0.5,"{""clf__C"": 0.1}",31.929399500000727
12,quantum/FB-HS-overlap-SVM,quantum,5,0.4444444444444444,0.3,"{""clf__C"": 0.1}",31.929399500000727
12,quantum/FB-HS-overlap-SVM,quantum,6,0.5555555555555556,0.2,"{""clf__C"": 0.1}",31.929399500000727
12,quantum/FB-HS-overlap-SVM,quantum,7,0.5555555555555556,0.6,"{""clf__C"": 0.1}",31.929399500000727
12,quantum/FB-HS-overlap-SVM,quantum,8,0.5555555555555556,0.25,"{""clf__C"": 0.1}",31.929399500000727
12,quantum/FB-HS-overlap-SVM,quantum,9,0.5555555555555556,0.25,"{""clf__C"": 0.1}",31.929399500000727
12,quantum/FB-HS-overlap-SVM,quantum,10,0.4444444444444444,0.25,"{""clf__C"": 0.1}",31.929399500000727
12,quantum/FB-HS-overlap-SVM,quantum,11,0.5555555555555556,0.25,"{""clf__C"": 0.1}",31.929399500000727
12,quantum/FB-HS-overlap-SVM,quantum,12,0.5555555555555556,0.25,"{""clf__C"": 0.1}",31.929399500000727
12,quantum/FB-HS-overlap-SVM,quantum,13,0.5555555555555556,0.4,"{""clf__C"": 0.1}",31.929399500000727
12,quantum/FB-HS-overlap-SVM,quantum,14,0.5555555555555556,0.6,"{""clf__C"": 0.1}",31.929399500000727
12,quantum/FB-HS-overlap-ref-SVM,quantum,0,0.7777777777777778,0.7,"{""clf__C"": 10.0}",37.85818050000125
12,quantum/FB-HS-overlap-ref-SVM,quantum,1,0.8888888888888888,0.9,"{""clf__C"": 10.0}",37.85818050000125
12,quantum/FB-HS-overlap-ref-SVM,quantum,2,0.6666666666666666,0.85,"{""clf__C"": 10.0}",37.85818050000125
12,quantum/FB-HS-overlap-ref-SVM,quantum,3,0.6666666666666666,0.7,"{""clf__C"": 10.0}",37.85818050000125
12,quantum/FB-HS-overlap-ref-SVM,quantum,4,0.5555555555555556,0.7,"{""clf__C"": 10.0}",37.85818050000125
12,quantum/FB-HS-overlap-ref-SVM,quantum,5,1.0,1.0,"{""clf__C"": 10.0}",37.85818050000125
12,quantum/FB-HS-overlap-ref-SVM,quantum,6,0.5555555555555556,0.8,"{""clf__C"": 10.0}",37.85818050000125
12,quantum/FB-HS-overlap-ref-SVM,quantum,7,0.4444444444444444,0.55,"{""clf__C"": 10.0}",37.85818050000125
12,quantum/FB-HS-overlap-ref-SVM,quantum,8,0.6666666666666666,0.8,"{""clf__C"": 10.0}",37.85818050000125
12,quantum/FB-HS-overlap-ref-SVM,quantum,9,0.6666666666666666,0.8,"{""clf__C"": 10.0}",37.85818050000125
12,quantum/FB-HS-overlap-ref-SVM,quantum,10,0.7777777777777778,0.6,"{""clf__C"": 10.0}",37.85818050000125
12,quantum/FB-HS-overlap-ref-SVM,quantum,11,0.7777777777777778,0.8,"{""clf__C"": 10.0}",37.85818050000125
12,quantum/FB-HS-overlap-ref-SVM,quantum,12,0.7777777777777778,1.0,"{""clf__C"": 10.0}",37.85818050000125
12,quantum/FB-HS-overlap-ref-SVM,quantum,13,0.5555555555555556,0.7000000000000001,"{""clf__C"": 10.0}",37.85818050000125
12,quantum/FB-HS-overlap-ref-SVM,quantum,14,0.5555555555555556,0.6000000000000001,"{""clf__C"": 10.0}",37.85818050000125
12,quantum/FB-Fidelity-SVM,quantum,0,0.4444444444444444,0.4,"{""clf__C"": 0.1}",40.40324549999968
12,quantum/FB-Fidelity-SVM,quantum,1,0.5555555555555556,0.4,"{""clf__C"": 0.1}",40.40324549999968
12,quantum/FB-Fidelity-SVM,quantum,2,0.5555555555555556,0.7,"{""clf__C"": 0.1}",40.40324549999968
12,quantum/FB-Fidelity-SVM,quantum,3,0.5555555555555556,0.45,"{""clf__C"": 0.1}",40.40324549999968
12,quantum/FB-Fidelity-SVM,quantum,4,0.5555555555555556,0.45,"{""clf__C"": 0.1}",40.40324549999968
12,quantum/FB-Fidelity-SVM,quantum,5,0.4444444444444444,0.3,"{""clf__C"": 0.1}",40.40324549999968
12,quantum/FB-Fidelity-SVM,quantum,6,0.5555555555555556,0.15,"{""clf__C"": 0.1}",40.40324549999968
12,quantum/FB-Fidelity-SVM,quantum,7,0.5555555555555556,0.6,"{""clf__C"": 0.1}",40.40324549999968
12,quantum/FB-Fidelity-SVM,quantum,8,0.5555555555555556,0.25,"{""clf__C"": 0.1}",40.40324549999968
12,quantum/FB-Fidelity-SVM,quantum,9,0.5555555555555556,0.3,"{""clf__C"": 0.1}",40.40324549999968
12,quantum/FB-Fidelity-SVM,quantum,10,0.4444444444444444,0.4999999999999999,"{""clf__C"": 0.1}",40.40324549999968
12,quantum/FB-Fidelity-SVM,quantum,11,0.5555555555555556,0.35,"{""clf__C"": 0.1}",40.40324549999968
12,quantum/FB-Fidelity-SVM,quantum,12,0.5555555555555556,0.2,"{""clf__C"": 0.1}",40.40324549999968
12,quantum/FB-Fidelity-SVM,quantum,13,0.5555555555555556,0.4,"{""clf__C"": 0.1}",40.40324549999968
12,quantum/FB-Fidelity-SVM,quantum,14,0.5555555555555556,0.4,"{""clf__C"": 0.1}",40.40324549999968
12,quantum/FB-Fidelity-ref-SVM,quantum,0,0.6666666666666666,0.65,"{""clf__C"": 10.0}",49.49686699999984
12,quantum/FB-Fidelity-ref-SVM,quantum,1,0.8888888888888888,0.8500000000000001,"{""clf__C"": 10.0}",49.49686699999984
12,quantum/FB-Fidelity-ref-SVM,quantum,2,0.7777777777777778,0.85,"{""clf__C"": 10.0}",49.49686699999984
12,quantum/FB-Fidelity-ref-SVM,quantum,3,0.6666666666666666,0.8,"{""clf__C"": 10.0}",49.49686699999984
12,quantum/FB-Fidelity-ref-SVM,quantum,4,0.6666666666666666,0.8,"{""clf__C"": 10.0}",49.49686699999984
12,quantum/FB-Fidelity-ref-SVM,quantum,5,1.0,1.0,"{""clf__C"": 10.0}",49.49686699999984
12,quantum/FB-Fidelity-ref-SVM,quantum,6,0.5555555555555556,0.85,"{""clf__C"": 10.0}",49.49686699999984
12,quantum/FB-Fidelity-ref-SVM,quantum,7,0.6666666666666666,0.6,"{""clf__C"": 10.0}",49.49686699999984
12,quantum/FB-Fidelity-ref-SVM,quantum,8,0.6666666666666666,0.85,"{""clf__C"": 10.0}",49.49686699999984
12,quantum/FB-Fidelity-ref-SVM,quantum,9,0.7777777777777778,0.8,"{""clf__C"": 10.0}",49.49686699999984
12,quantum/FB-Fidelity-ref-SVM,quantum,10,0.7777777777777778,0.9,"{""clf__C"": 10.0}",49.49686699999984
12,quantum/FB-Fidelity-ref-SVM,quantum,11,0.7777777777777778,0.8,"{""clf__C"": 10.0}",49.49686699999984
12,quantum/FB-Fidelity-ref-SVM,quantum,12,0.7777777777777778,1.0,"{""clf__C"": 10.0}",49.49686699999984
12,quantum/FB-Fidelity-ref-SVM,quantum,13,0.6666666666666666,0.7500000000000001,"{""clf__C"": 10.0}",49.49686699999984
12,quantum/FB-Fidelity-ref-SVM,quantum,14,0.6666666666666666,0.7000000000000001,"{""clf__C"": 10.0}",49.49686699999984
12,quantum/FB-HS-RBF-SVM,quantum,0,0.4444444444444444,0.7,"{""clf__C"": 0.1, ""clf__gamma_mult"": 0.25}",42.70701430000008
12,quantum/FB-HS-RBF-SVM,quantum,1,0.5555555555555556,0.45,"{""clf__C"": 10.0, ""clf__gamma_mult"": 4.0}",42.70701430000008
12,quantum/FB-HS-RBF-SVM,quantum,2,0.5555555555555556,0.7,"{""clf__C"": 0.1, ""clf__gamma_mult"": 0.25}",42.70701430000008
12,quantum/FB-HS-RBF-SVM,quantum,3,0.5555555555555556,0.75,"{""clf__C"": 0.1, ""clf__gamma_mult"": 0.25}",42.70701430000008
12,quantum/FB-HS-RBF-SVM,quantum,4,0.5555555555555556,0.2,"{""clf__C"": 10.0, ""clf__gamma_mult"": 1.0}",42.70701430000008
12,quantum/FB-HS-RBF-SVM,quantum,5,0.4444444444444444,0.65,"{""clf__C"": 0.1, ""clf__gamma_mult"": 0.25}",42.70701430000008
12,quantum/FB-HS-RBF-SVM,quantum,6,0.3333333333333333,0.6,"{""clf__C"": 1.0, ""clf__gamma_mult"": 4.0}",42.70701430000008
12,quantum/FB-HS-RBF-SVM,quantum,7,0.4444444444444444,0.625,"{""clf__C"": 1.0, ""clf__gamma_mult"": 4.0}",42.70701430000008
12,quantum/FB-HS-RBF-SVM,quantum,8,0.5555555555555556,0.75,"{""clf__C"": 0.1, ""clf__gamma_mult"": 0.25}",42.70701430000008
12,quantum/FB-HS-RBF-SVM,quantum,9,0.3333333333333333,0.5,"{""clf__C"": 1.0, ""clf__gamma_mult"": 4.0}",42.70701430000008
12,quantum/FB-HS-RBF-SVM,quantum,10,0.4444444444444444,0.4499999999999999,"{""clf__C"": 0.1, ""clf__gamma_mult"": 0.25}",42.70701430000008
12,quantum/FB-HS-RBF-SVM,quantum,11,0.5555555555555556,0.65,"{""clf__C"": 0.1, ""clf__gamma_mult"": 0.25}",42.70701430000008
12,quantum/FB-HS-RBF-SVM,quantum,12,0.6666666666666666,0.65,"{""clf__C"": 1.0, ""clf__gamma_mult"": 4.0}",42.70701430000008
12,quantum/FB-HS-RBF-SVM,quantum,13,0.3333333333333333,0.35,"{""clf__C"": 1.0, ""clf__gamma_mult"": 4.0}",42.70701430000008
12,quantum/FB-HS-RBF-SVM,quantum,14,0.5555555555555556,0.65,"{""clf__C"": 0.1, ""clf__gamma_mult"": 0.25}",42.70701430000008
12,quantum/FB-HS-RBF-ref-SVM,quantum,0,0.7777777777777778,0.6,"{""clf__C"": 10.0, ""clf__gamma_mult"": 0.25}",55.9117096000009
12,quantum/FB-HS-RBF-ref-SVM,quantum,1,0.8888888888888888,0.9,"{""clf__C"": 10.0, ""clf__gamma_mult"": 0.25}",55.9117096000009
12,quantum/FB-HS-RBF-ref-SVM,quantum,2,0.6666666666666666,0.85,"{""clf__C"": 10.0, ""clf__gamma_mult"": 0.25}",55.9117096000009
12,quantum/FB-HS-RBF-ref-SVM,quantum,3,0.6666666666666666,0.7,"{""clf__C"": 10.0, ""clf__gamma_mult"": 0.25}",55.9117096000009
12,quantum/FB-HS-RBF-ref-SVM,quantum,4,0.6666666666666666,0.65,"{""clf__C"": 10.0, ""clf__gamma_mult"": 1.0}",55.9117096000009
12,quantum/FB-HS-RBF-ref-SVM,quantum,5,1.0,1.0,"{""clf__C"": 10.0, ""clf__gamma_mult"": 0.25}",55.9117096000009
12,quantum/FB-HS-RBF-ref-SVM,quantum,6,0.5555555555555556,0.75,"{""clf__C"": 10.0, ""clf__gamma_mult"": 0.25}",55.9117096000009
12,quantum/FB-HS-RBF-ref-SVM,quantum,7,0.4444444444444444,0.55,"{""clf__C"": 10.0, ""clf__gamma_mult"": 0.25}",55.9117096000009
12,quantum/FB-HS-RBF-ref-SVM,quantum,8,0.6666666666666666,0.65,"{""clf__C"": 10.0, ""clf__gamma_mult"": 1.0}",55.9117096000009
12,quantum/FB-HS-RBF-ref-SVM,quantum,9,0.7777777777777778,0.75,"{""clf__C"": 10.0, ""clf__gamma_mult"": 0.25}",55.9117096000009
12,quantum/FB-HS-RBF-ref-SVM,quantum,10,0.7777777777777778,0.6499999999999999,"{""clf__C"": 10.0, ""clf__gamma_mult"": 0.25}",55.9117096000009
12,quantum/FB-HS-RBF-ref-SVM,quantum,11,0.7777777777777778,0.7,"{""clf__C"": 10.0, ""clf__gamma_mult"": 0.25}",55.9117096000009
12,quantum/FB-HS-RBF-ref-SVM,quantum,12,0.7777777777777778,1.0,"{""clf__C"": 10.0, ""clf__gamma_mult"": 0.25}",55.9117096000009
12,quantum/FB-HS-RBF-ref-SVM,quantum,13,0.5555555555555556,0.7000000000000001,"{""clf__C"": 10.0, ""clf__gamma_mult"": 1.0}",55.9117096000009
12,quantum/FB-HS-RBF-ref-SVM,quantum,14,0.5555555555555556,0.65,"{""clf__C"": 10.0, ""clf__gamma_mult"": 0.25}",55.9117096000009
12,quantum/FB-Bures-RBF-SVM,quantum,0,0.4444444444444444,0.65,"{""clf__C"": 0.1, ""clf__gamma_mult"": 0.25}",57.87460639999881
12,quantum/FB-Bures-RBF-SVM,quantum,1,0.4444444444444444,0.5,"{""clf__C"": 10.0, ""clf__gamma_mult"": 4.0}",57.87460639999881
12,quantum/FB-Bures-RBF-SVM,quantum,2,0.5555555555555556,0.6000000000000001,"{""clf__C"": 0.1, ""clf__gamma_mult"": 0.25}",57.87460639999881
12,quantum/FB-Bures-RBF-SVM,quantum,3,0.5555555555555556,0.75,"{""clf__C"": 0.1, ""clf__gamma_mult"": 0.25}",57.87460639999881
12,quantum/FB-Bures-RBF-SVM,quantum,4,0.4444444444444444,0.2,"{""clf__C"": 10.0, ""clf__gamma_mult"": 1.0}",57.87460639999881
12,quantum/FB-Bures-RBF-SVM,quantum,5,0.5555555555555556,0.8500000000000001,"{""clf__C"": 10.0, ""clf__gamma_mult"": 0.25}",57.87460639999881
12,quantum/FB-Bures-RBF-SVM,quantum,6,0.3333333333333333,0.5,"{""clf__C"": 1.0, ""clf__gamma_mult"": 4.0}",57.87460639999881
12,quantum/FB-Bures-RBF-SVM,quantum,7,0.5555555555555556,0.7,"{""clf__C"": 1.0, ""clf__gamma_mult"": 4.0}",57.87460639999881
12,quantum/FB-Bures-RBF-SVM,quantum,8,0.5555555555555556,0.75,"{""clf__C"": 0.1, ""clf__gamma_mult"": 0.25}",57.87460639999881
12,quantum/FB-Bures-RBF-SVM,quantum,9,0.4444444444444444,0.3,"{""clf__C"": 1.0, ""clf__gamma_mult"": 1.0}",57.87460639999881
12,quantum/FB-Bures-RBF-SVM,quantum,10,0.4444444444444444,0.4,"{""clf__C"": 0.1, ""clf__gamma_mult"": 0.25}",57.87460639999881
12,quantum/FB-Bures-RBF-SVM,quantum,11,0.5555555555555556,0.55,"{""clf__C"": 0.1, ""clf__gamma_mult"": 0.25}",57.87460639999881
12,quantum/FB-Bures-RBF-SVM,quantum,12,0.5555555555555556,0.6500000000000001,"{""clf__C"": 0.1, ""clf__gamma_mult"": 0.25}",57.87460639999881
12,quantum/FB-Bures-RBF-SVM,quantum,13,0.4444444444444444,0.6,"{""clf__C"": 1.0, ""clf__gamma_mult"": 0.25}",57.87460639999881
12,quantum/FB-Bures-RBF-SVM,quantum,14,0.5555555555555556,0.65,"{""clf__C"": 0.1, ""clf__gamma_mult"": 0.25}",57.87460639999881
12,quantum/FB-Bures-RBF-ref-SVM,quantum,0,0.6666666666666666,0.55,"{""clf__C"": 10.0, ""clf__gamma_mult"": 1.0}",78.2467686
12,quantum/FB-Bures-RBF-ref-SVM,quantum,1,0.8888888888888888,0.8500000000000001,"{""clf__C"": 10.0, ""clf__gamma_mult"": 0.25}",78.2467686
12,quantum/FB-Bures-RBF-ref-SVM,quantum,2,0.7777777777777778,0.85,"{""clf__C"": 10.0, ""clf__gamma_mult"": 1.0}",78.2467686
12,quantum/FB-Bures-RBF-ref-SVM,quantum,3,0.6666666666666666,0.75,"{""clf__C"": 10.0, ""clf__gamma_mult"": 0.25}",78.2467686
12,quantum/FB-Bures-RBF-ref-SVM,quantum,4,0.7777777777777778,0.7,"{""clf__C"": 10.0, ""clf__gamma_mult"": 0.25}",78.2467686
12,quantum/FB-Bures-RBF-ref-SVM,quantum,5,0.8888888888888888,0.95,"{""clf__C"": 10.0, ""clf__gamma_mult"": 1.0}",78.2467686
12,quantum/FB-Bures-RBF-ref-SVM,quantum,6,0.5555555555555556,0.85,"{""clf__C"": 10.0, ""clf__gamma_mult"": 0.25}",78.2467686
12,quantum/FB-Bures-RBF-ref-SVM,quantum,7,0.4444444444444444,0.5,"{""clf__C"": 10.0, ""clf__gamma_mult"": 0.25}",78.2467686
12,quantum/FB-Bures-RBF-ref-SVM,quantum,8,0.6666666666666666,0.8,"{""clf__C"": 10.0, ""clf__gamma_mult"": 0.25}",78.2467686
12,quantum/FB-Bures-RBF-ref-SVM,quantum,9,0.5555555555555556,0.75,"{""clf__C"": 1.0, ""clf__gamma_mult"": 1.0}",78.2467686
12,quantum/FB-Bures-RBF-ref-SVM,quantum,10,0.8888888888888888,0.85,"{""clf__C"": 10.0, ""clf__gamma_mult"": 0.25}",78.2467686
12,quantum/FB-Bures-RBF-ref-SVM,quantum,11,0.7777777777777778,0.75,"{""clf__C"": 10.0, ""clf__gamma_mult"": 0.25}",78.2467686
12,quantum/FB-Bures-RBF-ref-SVM,quantum,12,0.7777777777777778,1.0,"{""clf__C"": 10.0, ""clf__gamma_mult"": 1.0}",78.2467686
12,quantum/FB-Bures-RBF-ref-SVM,quantum,13,0.5555555555555556,0.7000000000000001,"{""clf__C"": 10.0, ""clf__gamma_mult"": 0.25}",78.2467686
12,quantum/FB-Bures-RBF-ref-SVM,quantum,14,0.5555555555555556,0.7000000000000001,"{""clf__C"": 10.0, ""clf__gamma_mult"": 0.25}",78.2467686
12,quantum/FB-QRE-RBF-SVM,quantum,0,0.4444444444444444,0.65,"{""clf__C"": 0.1, ""clf__gamma_mult"": 0.25}",44.89944269999978
12,quantum/FB-QRE-RBF-SVM,quantum,1,0.4444444444444444,0.45,"{""clf__C"": 10.0, ""clf__gamma_mult"": 4.0}",44.89944269999978
12,quantum/FB-QRE-RBF-SVM,quantum,2,0.5555555555555556,0.65,"{""clf__C"": 0.1, ""clf__gamma_mult"": 0.25}",44.89944269999978
12,quantum/FB-QRE-RBF-SVM,quantum,3,0.5555555555555556,0.75,"{""clf__C"": 0.1, ""clf__gamma_mult"": 0.25}",44.89944269999978
12,quantum/FB-QRE-RBF-SVM,quantum,4,0.4444444444444444,0.2,"{""clf__C"": 10.0, ""clf__gamma_mult"": 1.0}",44.89944269999978
12,quantum/FB-QRE-RBF-SVM,quantum,5,0.5555555555555556,0.8500000000000001,"{""clf__C"": 10.0, ""clf__gamma_mult"": 0.25}",44.89944269999978
12,quantum/FB-QRE-RBF-SVM,quantum,6,0.3333333333333333,0.5,"{""clf__C"": 1.0, ""clf__gamma_mult"": 4.0}",44.89944269999978
12,quantum/FB-QRE-RBF-SVM,quantum,7,0.5555555555555556,0.7,"{""clf__C"": 1.0, ""clf__gamma_mult"": 4.0}",44.89944269999978
12,quantum/FB-QRE-RBF-SVM,quantum,8,0.5555555555555556,0.75,"{""clf__C"": 0.1, ""clf__gamma_mult"": 0.25}",44.89944269999978
12,quantum/FB-QRE-RBF-SVM,quantum,9,0.4444444444444444,0.3,"{""clf__C"": 1.0, ""clf__gamma_mult"": 1.0}",44.89944269999978
12,quantum/FB-QRE-RBF-SVM,quantum,10,0.4444444444444444,0.4,"{""clf__C"": 0.1, ""clf__gamma_mult"": 0.25}",44.89944269999978
12,quantum/FB-QRE-RBF-SVM,quantum,11,0.5555555555555556,0.55,"{""clf__C"": 0.1, ""clf__gamma_mult"": 0.25}",44.89944269999978
12,quantum/FB-QRE-RBF-SVM,quantum,12,0.5555555555555556,0.6500000000000001,"{""clf__C"": 0.1, ""clf__gamma_mult"": 0.25}",44.89944269999978
12,quantum/FB-QRE-RBF-SVM,quantum,13,0.4444444444444444,0.55,"{""clf__C"": 1.0, ""clf__gamma_mult"": 0.25}",44.89944269999978
12,quantum/FB-QRE-RBF-SVM,quantum,14,0.5555555555555556,0.65,"{""clf__C"": 0.1, ""clf__gamma_mult"": 0.25}",44.89944269999978
12,quantum/FB-QRE-RBF-ref-SVM,quantum,0,0.6666666666666666,0.55,"{""clf__C"": 10.0, ""clf__gamma_mult"": 1.0}",58.70848130000013
12,quantum/FB-QRE-RBF-ref-SVM,quantum,1,0.8888888888888888,0.8500000000000001,"{""clf__C"": 10.0, ""clf__gamma_mult"": 0.25}",58.70848130000013
12,quantum/FB-QRE-RBF-ref-SVM,quantum,2,0.6666666666666666,0.9,"{""clf__C"": 10.0, ""clf__gamma_mult"": 0.25}",58.70848130000013
12,quantum/FB-QRE-RBF-ref-SVM,quantum,3,0.6666666666666666,0.7,"{""clf__C"": 10.0, ""clf__gamma_mult"": 0.25}",58.70848130000013
12,quantum/FB-QRE-RBF-ref-SVM,quantum,4,0.6666666666666666,0.7,"{""clf__C"": 10.0, ""clf__gamma_mult"": 0.25}",58.70848130000013
12,quantum/FB-QRE-RBF-ref-SVM,quantum,5,0.8888888888888888,0.9,"{""clf__C"": 10.0, ""clf__gamma_mult"": 1.0}",58.70848130000013
12,quantum/FB-QRE-RBF-ref-SVM,quantum,6,0.5555555555555556,0.85,"{""clf__C"": 10.0, ""clf__gamma_mult"": 0.25}",58.70848130000013
12,quantum/FB-QRE-RBF-ref-SVM,quantum,7,0.4444444444444444,0.55,"{""clf__C"": 10.0, ""clf__gamma_mult"": 0.25}",58.70848130000013
12,quantum/FB-QRE-RBF-ref-SVM,quantum,8,0.6666666666666666,0.8,"{""clf__C"": 10.0, ""clf__gamma_mult"": 0.25}",58.70848130000013
12,quantum/FB-QRE-RBF-ref-SVM,quantum,9,0.5555555555555556,0.7,"{""clf__C"": 1.0, ""clf__gamma_mult"": 1.0}",58.70848130000013
12,quantum/FB-QRE-RBF-ref-SVM,quantum,10,0.8888888888888888,0.8,"{""clf__C"": 10.0, ""clf__gamma_mult"": 0.25}",58.70848130000013
12,quantum/FB-QRE-RBF-ref-SVM,quantum,11,0.7777777777777778,0.8,"{""clf__C"": 10.0, ""clf__gamma_mult"": 0.25}",58.70848130000013
12,quantum/FB-QRE-RBF-ref-SVM,quantum,12,0.7777777777777778,1.0,"{""clf__C"": 10.0, ""clf__gamma_mult"": 0.25}",58.70848130000013
12,quantum/FB-QRE-RBF-ref-SVM,quantum,13,0.6666666666666666,0.7000000000000001,"{""clf__C"": 10.0, ""clf__gamma_mult"": 0.25}",58.70848130000013
12,quantum/FB-QRE-RBF-ref-SVM,quantum,14,0.5555555555555556,0.7000000000000001,"{""clf__C"": 10.0, ""clf__gamma_mult"": 0.25}",58.70848130000013
12,control/FB-riemann-kernel-SVM,control,0,0.6666666666666666,0.55,"{""clf__C"": 1.0}",37.20108139999866
12,control/FB-riemann-kernel-SVM,control,1,0.7777777777777778,0.8500000000000001,"{""clf__C"": 1.0}",37.20108139999866
12,control/FB-riemann-kernel-SVM,control,2,0.7777777777777778,0.85,"{""clf__C"": 1.0}",37.20108139999866
12,control/FB-riemann-kernel-SVM,control,3,0.6666666666666666,0.6,"{""clf__C"": 1.0}",37.20108139999866
12,control/FB-riemann-kernel-SVM,control,4,0.7777777777777778,0.85,"{""clf__C"": 1.0}",37.20108139999866
12,control/FB-riemann-kernel-SVM,control,5,1.0,1.0,"{""clf__C"": 1.0}",37.20108139999866
12,control/FB-riemann-kernel-SVM,control,6,0.6666666666666666,0.9,"{""clf__C"": 1.0}",37.20108139999866
12,control/FB-riemann-kernel-SVM,control,7,0.3333333333333333,0.5,"{""clf__C"": 1.0}",37.20108139999866
12,control/FB-riemann-kernel-SVM,control,8,0.7777777777777778,0.85,"{""clf__C"": 1.0}",37.20108139999866
12,control/FB-riemann-kernel-SVM,control,9,0.7777777777777778,0.8,"{""clf__C"": 1.0}",37.20108139999866
12,control/FB-riemann-kernel-SVM,control,10,0.7777777777777778,0.8,"{""clf__C"": 1.0}",37.20108139999866
12,control/FB-riemann-kernel-SVM,control,11,0.7777777777777778,0.75,"{""clf__C"": 1.0}",37.20108139999866
12,control/FB-riemann-kernel-SVM,control,12,0.7777777777777778,1.0,"{""clf__C"": 1.0}",37.20108139999866
12,control/FB-riemann-kernel-SVM,control,13,0.7777777777777778,0.7500000000000001,"{""clf__C"": 1.0}",37.20108139999866
12,control/FB-riemann-kernel-SVM,control,14,0.5555555555555556,0.7000000000000001,"{""clf__C"": 1.0}",37.20108139999866
12,control/FB-logeuclid-kernel-SVM,control,0,0.5555555555555556,0.5,"{""clf__C"": 0.1}",36.60320359999969
12,control/FB-logeuclid-kernel-SVM,control,1,0.7777777777777778,0.8500000000000001,"{""clf__C"": 1.0}",36.60320359999969
12,control/FB-logeuclid-kernel-SVM,control,2,0.6666666666666666,0.75,"{""clf__C"": 1.0}",36.60320359999969
12,control/FB-logeuclid-kernel-SVM,control,3,0.5555555555555556,0.5,"{""clf__C"": 1.0}",36.60320359999969
12,control/FB-logeuclid-kernel-SVM,control,4,0.6666666666666666,0.75,"{""clf__C"": 1.0}",36.60320359999969
12,control/FB-logeuclid-kernel-SVM,control,5,1.0,1.0,"{""clf__C"": 1.0}",36.60320359999969
12,control/FB-logeuclid-kernel-SVM,control,6,0.6666666666666666,0.8,"{""clf__C"": 1.0}",36.60320359999969
12,control/FB-logeuclid-kernel-SVM,control,7,0.4444444444444444,0.5,"{""clf__C"": 1.0}",36.60320359999969
12,control/FB-logeuclid-kernel-SVM,control,8,0.7777777777777778,0.65,"{""clf__C"": 1.0}",36.60320359999969
12,control/FB-logeuclid-kernel-SVM,control,9,0.7777777777777778,0.9,"{""clf__C"": 1.0}",36.60320359999969
12,control/FB-logeuclid-kernel-SVM,control,10,0.7777777777777778,0.75,"{""clf__C"": 1.0}",36.60320359999969
12,control/FB-logeuclid-kernel-SVM,control,11,0.6666666666666666,0.75,"{""clf__C"": 1.0}",36.60320359999969
12,control/FB-logeuclid-kernel-SVM,control,12,0.7777777777777778,0.75,"{""clf__C"": 1.0}",36.60320359999969
12,control/FB-logeuclid-kernel-SVM,control,13,0.7777777777777778,0.6500000000000001,"{""clf__C"": 1.0}",36.60320359999969
12,control/FB-logeuclid-kernel-SVM,control,14,0.6666666666666666,0.7,"{""clf__C"": 1.0}",36.60320359999969
14,classical/FBCSP+LDA,classical,0,0.7777777777777778,0.85,"{""perband__base__csp__nfilter"": 4}",52.48931850000008
14,classical/FBCSP+LDA,classical,1,0.4444444444444444,0.5,"{""perband__base__csp__nfilter"": 4}",52.48931850000008
14,classical/FBCSP+LDA,classical,2,0.6666666666666666,0.65,"{""perband__base__csp__nfilter"": 2}",52.48931850000008
14,classical/FBCSP+LDA,classical,3,0.5555555555555556,0.6,"{""perband__base__csp__nfilter"": 6}",52.48931850000008
14,classical/FBCSP+LDA,classical,4,0.6666666666666666,0.7,"{""perband__base__csp__nfilter"": 4}",52.48931850000008
14,classical/FBCSP+LDA,classical,5,0.7777777777777778,0.8,"{""perband__base__csp__nfilter"": 6}",52.48931850000008
14,classical/FBCSP+LDA,classical,6,0.6666666666666666,0.6,"{""perband__base__csp__nfilter"": 6}",52.48931850000008
14,classical/FBCSP+LDA,classical,7,0.5555555555555556,0.8,"{""perband__base__csp__nfilter"": 6}",52.48931850000008
14,classical/FBCSP+LDA,classical,8,0.4444444444444444,0.55,"{""perband__base__csp__nfilter"": 2}",52.48931850000008
14,classical/FBCSP+LDA,classical,9,0.6666666666666666,0.95,"{""perband__base__csp__nfilter"": 4}",52.48931850000008
14,classical/FBCSP+LDA,classical,10,0.4444444444444444,0.6,"{""perband__base__csp__nfilter"": 4}",52.48931850000008
14,classical/FBCSP+LDA,classical,11,0.6666666666666666,0.6,"{""perband__base__csp__nfilter"": 6}",52.48931850000008
14,classical/FBCSP+LDA,classical,12,0.8888888888888888,0.95,"{""perband__base__csp__nfilter"": 6}",52.48931850000008
14,classical/FBCSP+LDA,classical,13,0.6666666666666666,0.65,"{""perband__base__csp__nfilter"": 6}",52.48931850000008
14,classical/FBCSP+LDA,classical,14,0.5555555555555556,0.5,"{""perband__base__csp__nfilter"": 4}",52.48931850000008
14,classical/FB-TS+LR,classical,0,0.6666666666666666,0.8,"{""clf__C"": 0.1}",52.37111079999977
14,classical/FB-TS+LR,classical,1,0.4444444444444444,0.5,"{""clf__C"": 0.1}",52.37111079999977
14,classical/FB-TS+LR,classical,2,0.7777777777777778,0.7,"{""clf__C"": 0.1}",52.37111079999977
14,classical/FB-TS+LR,classical,3,0.5555555555555556,0.55,"{""clf__C"": 0.1}",52.37111079999977
14,classical/FB-TS+LR,classical,4,0.4444444444444444,0.5,"{""clf__C"": 1.0}",52.37111079999977
14,classical/FB-TS+LR,classical,5,0.6666666666666666,0.7000000000000001,"{""clf__C"": 0.1}",52.37111079999977
14,classical/FB-TS+LR,classical,6,0.4444444444444444,0.35,"{""clf__C"": 1.0}",52.37111079999977
14,classical/FB-TS+LR,classical,7,0.5555555555555556,0.8,"{""clf__C"": 1.0}",52.37111079999977
14,classical/FB-TS+LR,classical,8,0.4444444444444444,0.55,"{""clf__C"": 10.0}",52.37111079999977
14,classical/FB-TS+LR,classical,9,0.8888888888888888,0.95,"{""clf__C"": 0.1}",52.37111079999977
14,classical/FB-TS+LR,classical,10,0.6666666666666666,0.65,"{""clf__C"": 0.1}",52.37111079999977
14,classical/FB-TS+LR,classical,11,0.4444444444444444,0.4499999999999999,"{""clf__C"": 1.0}",52.37111079999977
14,classical/FB-TS+LR,classical,12,0.6666666666666666,0.85,"{""clf__C"": 0.1}",52.37111079999977
14,classical/FB-TS+LR,classical,13,0.3333333333333333,0.4,"{""clf__C"": 0.1}",52.37111079999977
14,classical/FB-TS+LR,classical,14,0.6666666666666666,0.45,"{""clf__C"": 0.1}",52.37111079999977
14,classical/FB-TS+RBF-SVM,classical,0,0.4444444444444444,0.7,"{""clf__C"": 0.1, ""clf__gamma"": ""scale""}",89.28944219999994
14,classical/FB-TS+RBF-SVM,classical,1,0.3333333333333333,0.45,"{""clf__C"": 10.0, ""clf__gamma"": ""scale""}",89.28944219999994
14,classical/FB-TS+RBF-SVM,classical,2,0.7777777777777778,0.8,"{""clf__C"": 1.0, ""clf__gamma"": ""scale""}",89.28944219999994
14,classical/FB-TS+RBF-SVM,classical,3,0.6666666666666666,0.65,"{""clf__C"": 10.0, ""clf__gamma"": ""scale""}",89.28944219999994
14,classical/FB-TS+RBF-SVM,classical,4,0.5555555555555556,0.45,"{""clf__C"": 10.0, ""clf__gamma"": ""scale""}",89.28944219999994
14,classical/FB-TS+RBF-SVM,classical,5,0.5555555555555556,0.7,"{""clf__C"": 10.0, ""clf__gamma"": 0.01}",89.28944219999994
14,classical/FB-TS+RBF-SVM,classical,6,0.5555555555555556,0.5,"{""clf__C"": 10.0, ""clf__gamma"": 0.01}",89.28944219999994
14,classical/FB-TS+RBF-SVM,classical,7,0.5555555555555556,0.7,"{""clf__C"": 0.1, ""clf__gamma"": ""scale""}",89.28944219999994
14,classical/FB-TS+RBF-SVM,classical,8,0.4444444444444444,0.65,"{""clf__C"": 10.0, ""clf__gamma"": ""scale""}",89.28944219999994
14,classical/FB-TS+RBF-SVM,classical,9,0.7777777777777778,0.95,"{""clf__C"": 10.0, ""clf__gamma"": 0.01}",89.28944219999994
14,classical/FB-TS+RBF-SVM,classical,10,0.4444444444444444,0.6,"{""clf__C"": 0.1, ""clf__gamma"": ""scale""}",89.28944219999994
14,classical/FB-TS+RBF-SVM,classical,11,0.4444444444444444,0.45,"{""clf__C"": 10.0, ""clf__gamma"": 0.01}",89.28944219999994
14,classical/FB-TS+RBF-SVM,classical,12,0.6666666666666666,0.8,"{""clf__C"": 1.0, ""clf__gamma"": ""scale""}",89.28944219999994
14,classical/FB-TS+RBF-SVM,classical,13,0.4444444444444444,0.4,"{""clf__C"": 10.0, ""clf__gamma"": ""scale""}",89.28944219999994
14,classical/FB-TS+RBF-SVM,classical,14,0.5555555555555556,0.4,"{""clf__C"": 10.0, ""clf__gamma"": ""scale""}",89.28944219999994
14,quantum/FB-HS-overlap-SVM,quantum,0,0.3333333333333333,0.5,"{""clf__C"": 10.0}",34.66296669999974
14,quantum/FB-HS-overlap-SVM,quantum,1,0.4444444444444444,0.3,"{""clf__C"": 10.0}",34.66296669999974
14,quantum/FB-HS-overlap-SVM,quantum,2,0.7777777777777778,1.0,"{""clf__C"": 0.1}",34.66296669999974
14,quantum/FB-HS-overlap-SVM,quantum,3,0.7777777777777778,0.65,"{""clf__C"": 0.1}",34.66296669999974
14,quantum/FB-HS-overlap-SVM,quantum,4,0.4444444444444444,0.55,"{""clf__C"": 10.0}",34.66296669999974
14,quantum/FB-HS-overlap-SVM,quantum,5,0.5555555555555556,0.55,"{""clf__C"": 10.0}",34.66296669999974
14,quantum/FB-HS-overlap-SVM,quantum,6,0.6666666666666666,0.65,"{""clf__C"": 10.0}",34.66296669999974
14,quantum/FB-HS-overlap-SVM,quantum,7,0.5555555555555556,0.55,"{""clf__C"": 0.1}",34.66296669999974
14,quantum/FB-HS-overlap-SVM,quantum,8,0.5555555555555556,0.4,"{""clf__C"": 10.0}",34.66296669999974
14,quantum/FB-HS-overlap-SVM,quantum,9,0.4444444444444444,0.6,"{""clf__C"": 10.0}",34.66296669999974
14,quantum/FB-HS-overlap-SVM,quantum,10,0.4444444444444444,0.1999999999999999,"{""clf__C"": 0.1}",34.66296669999974
14,quantum/FB-HS-overlap-SVM,quantum,11,0.4444444444444444,0.7,"{""clf__C"": 10.0}",34.66296669999974
14,quantum/FB-HS-overlap-SVM,quantum,12,0.5555555555555556,0.5,"{""clf__C"": 10.0}",34.66296669999974
14,quantum/FB-HS-overlap-SVM,quantum,13,0.4444444444444444,0.55,"{""clf__C"": 0.1}",34.66296669999974
14,quantum/FB-HS-overlap-SVM,quantum,14,0.3333333333333333,0.25,"{""clf__C"": 10.0}",34.66296669999974
14,quantum/FB-HS-overlap-ref-SVM,quantum,0,0.4444444444444444,0.7,"{""clf__C"": 10.0}",39.523660500000005
14,quantum/FB-HS-overlap-ref-SVM,quantum,1,0.4444444444444444,0.6,"{""clf__C"": 10.0}",39.523660500000005
14,quantum/FB-HS-overlap-ref-SVM,quantum,2,0.7777777777777778,0.9,"{""clf__C"": 10.0}",39.523660500000005
14,quantum/FB-HS-overlap-ref-SVM,quantum,3,0.4444444444444444,0.5,"{""clf__C"": 10.0}",39.523660500000005
14,quantum/FB-HS-overlap-ref-SVM,quantum,4,0.6666666666666666,0.6000000000000001,"{""clf__C"": 10.0}",39.523660500000005
14,quantum/FB-HS-overlap-ref-SVM,quantum,5,0.7777777777777778,0.75,"{""clf__C"": 10.0}",39.523660500000005
14,quantum/FB-HS-overlap-ref-SVM,quantum,6,0.5555555555555556,0.55,"{""clf__C"": 10.0}",39.523660500000005
14,quantum/FB-HS-overlap-ref-SVM,quantum,7,0.5555555555555556,0.65,"{""clf__C"": 10.0}",39.523660500000005
14,quantum/FB-HS-overlap-ref-SVM,quantum,8,0.5555555555555556,0.45,"{""clf__C"": 10.0}",39.523660500000005
14,quantum/FB-HS-overlap-ref-SVM,quantum,9,0.8888888888888888,0.95,"{""clf__C"": 10.0}",39.523660500000005
14,quantum/FB-HS-overlap-ref-SVM,quantum,10,0.5555555555555556,0.6,"{""clf__C"": 10.0}",39.523660500000005
14,quantum/FB-HS-overlap-ref-SVM,quantum,11,0.5555555555555556,0.4,"{""clf__C"": 10.0}",39.523660500000005
14,quantum/FB-HS-overlap-ref-SVM,quantum,12,0.6666666666666666,0.75,"{""clf__C"": 10.0}",39.523660500000005
14,quantum/FB-HS-overlap-ref-SVM,quantum,13,0.5555555555555556,0.45,"{""clf__C"": 10.0}",39.523660500000005
14,quantum/FB-HS-overlap-ref-SVM,quantum,14,0.7777777777777778,0.75,"{""clf__C"": 10.0}",39.523660500000005
14,quantum/FB-Fidelity-SVM,quantum,0,0.4444444444444444,0.3999999999999999,"{""clf__C"": 10.0}",39.80761530000018
14,quantum/FB-Fidelity-SVM,quantum,1,0.4444444444444444,0.3999999999999999,"{""clf__C"": 10.0}",39.80761530000018
14,quantum/FB-Fidelity-SVM,quantum,2,0.4444444444444444,1.0,"{""clf__C"": 0.1}",39.80761530000018
14,quantum/FB-Fidelity-SVM,quantum,3,0.6666666666666666,0.65,"{""clf__C"": 0.1}",39.80761530000018
14,quantum/FB-Fidelity-SVM,quantum,4,0.3333333333333333,0.55,"{""clf__C"": 0.1}",39.80761530000018
14,quantum/FB-Fidelity-SVM,quantum,5,0.4444444444444444,0.5,"{""clf__C"": 0.1}",39.80761530000018
14,quantum/FB-Fidelity-SVM,quantum,6,0.4444444444444444,0.7,"{""clf__C"": 0.1}",39.80761530000018
14,quantum/FB-Fidelity-SVM,quantum,7,0.4444444444444444,0.55,"{""clf__C"": 0.1}",39.80761530000018
14,quantum/FB-Fidelity-SVM,quantum,8,0.4444444444444444,0.45,"{""clf__C"": 10.0}",39.80761530000018
14,quantum/FB-Fidelity-SVM,quantum,9,0.4444444444444444,0.6,"{""clf__C"": 10.0}",39.80761530000018
14,quantum/FB-Fidelity-SVM,quantum,10,0.4444444444444444,0.1999999999999999,"{""clf__C"": 0.1}",39.80761530000018
14,quantum/FB-Fidelity-SVM,quantum,11,0.4444444444444444,0.5,"{""clf__C"": 10.0}",39.80761530000018
14,quantum/FB-Fidelity-SVM,quantum,12,0.4444444444444444,0.4999999999999999,"{""clf__C"": 10.0}",39.80761530000018
14,quantum/FB-Fidelity-SVM,quantum,13,0.4444444444444444,0.55,"{""clf__C"": 0.1}",39.80761530000018
14,quantum/FB-Fidelity-SVM,quantum,14,0.4444444444444444,0.25,"{""clf__C"": 10.0}",39.80761530000018
14,quantum/FB-Fidelity-ref-SVM,quantum,0,0.7777777777777778,0.9,"{""clf__C"": 10.0}",47.25462150000021
14,quantum/FB-Fidelity-ref-SVM,quantum,1,0.4444444444444444,0.55,"{""clf__C"": 10.0}",47.25462150000021
14,quantum/FB-Fidelity-ref-SVM,quantum,2,0.6666666666666666,0.9,"{""clf__C"": 10.0}",47.25462150000021
14,quantum/FB-Fidelity-ref-SVM,quantum,3,0.6666666666666666,0.6,"{""clf__C"": 10.0}",47.25462150000021
14,quantum/FB-Fidelity-ref-SVM,quantum,4,0.6666666666666666,0.55,"{""clf__C"": 10.0}",47.25462150000021
14,quantum/FB-Fidelity-ref-SVM,quantum,5,0.5555555555555556,0.75,"{""clf__C"": 10.0}",47.25462150000021
14,quantum/FB-Fidelity-ref-SVM,quantum,6,0.6666666666666666,0.55,"{""clf__C"": 10.0}",47.25462150000021
14,quantum/FB-Fidelity-ref-SVM,quantum,7,0.5555555555555556,0.8,"{""clf__C"": 10.0}",47.25462150000021
14,quantum/FB-Fidelity-ref-SVM,quantum,8,0.6666666666666666,0.65,"{""clf__C"": 10.0}",47.25462150000021
14,quantum/FB-Fidelity-ref-SVM,quantum,9,0.7777777777777778,1.0,"{""clf__C"": 10.0}",47.25462150000021
14,quantum/FB-Fidelity-ref-SVM,quantum,10,0.6666666666666666,0.65,"{""clf__C"": 10.0}",47.25462150000021
14,quantum/FB-Fidelity-ref-SVM,quantum,11,0.4444444444444444,0.4,"{""clf__C"": 10.0}",47.25462150000021
14,quantum/FB-Fidelity-ref-SVM,quantum,12,0.6666666666666666,0.8,"{""clf__C"": 10.0}",47.25462150000021
14,quantum/FB-Fidelity-ref-SVM,quantum,13,0.5555555555555556,0.5,"{""clf__C"": 10.0}",47.25462150000021
14,quantum/FB-Fidelity-ref-SVM,quantum,14,0.7777777777777778,0.55,"{""clf__C"": 10.0}",47.25462150000021
14,quantum/FB-HS-RBF-SVM,quantum,0,0.4444444444444444,0.5,"{""clf__C"": 1.0, ""clf__gamma_mult"": 4.0}",42.65550399999938
14,quantum/FB-HS-RBF-SVM,quantum,1,0.4444444444444444,0.3,"{""clf__C"": 1.0, ""clf__gamma_mult"": 1.0}",42.65550399999938
14,quantum/FB-HS-RBF-SVM,quantum,2,0.3333333333333333,0.4,"{""clf__C"": 10.0, ""clf__gamma_mult"": 4.0}",42.65550399999938
14,quantum/FB-HS-RBF-SVM,quantum,3,0.4444444444444444,0.4,"{""clf__C"": 10.0, ""clf__gamma_mult"": 1.0}",42.65550399999938
14,quantum/FB-HS-RBF-SVM,quantum,4,0.4444444444444444,0.65,"{""clf__C"": 10.0, ""clf__gamma_mult"": 1.0}",42.65550399999938
14,quantum/FB-HS-RBF-SVM,quantum,5,0.4444444444444444,0.3,"{""clf__C"": 1.0, ""clf__gamma_mult"": 1.0}",42.65550399999938
14,quantum/FB-HS-RBF-SVM,quantum,6,0.5555555555555556,0.5499999999999999,"{""clf__C"": 10.0, ""clf__gamma_mult"": 4.0}",42.65550399999938
14,quantum/FB-HS-RBF-SVM,quantum,7,0.4444444444444444,0.6500000000000001,"{""clf__C"": 10.0, ""clf__gamma_mult"": 1.0}",42.65550399999938
14,quantum/FB-HS-RBF-SVM,quantum,8,0.6666666666666666,0.55,"{""clf__C"": 1.0, ""clf__gamma_mult"": 1.0}",42.65550399999938
14,quantum/FB-HS-RBF-SVM,quantum,9,0.4444444444444444,0.55,"{""clf__C"": 10.0, ""clf__gamma_mult"": 1.0}",42.65550399999938
14,quantum/FB-HS-RBF-SVM,quantum,10,0.5555555555555556,0.8,"{""clf__C"": 1.0, ""clf__gamma_mult"": 4.0}",42.65550399999938
14,quantum/FB-HS-RBF-SVM,quantum,11,0.4444444444444444,0.55,"{""clf__C"": 10.0, ""clf__gamma_mult"": 1.0}",42.65550399999938
14,quantum/FB-HS-RBF-SVM,quantum,12,0.6666666666666666,0.6,"{""clf__C"": 1.0, ""clf__gamma_mult"": 1.0}",42.65550399999938
14,quantum/FB-HS-RBF-SVM,quantum,13,0.4444444444444444,0.4,"{""clf__C"": 10.0, ""clf__gamma_mult"": 1.0}",42.65550399999938
14,quantum/FB-HS-RBF-SVM,quantum,14,0.4444444444444444,0.15,"{""clf__C"": 10.0, ""clf__gamma_mult"": 0.25}",42.65550399999938
14,quantum/FB-HS-RBF-ref-SVM,quantum,0,0.4444444444444444,0.7,"{""clf__C"": 10.0, ""clf__gamma_mult"": 0.25}",62.70049399999971
14,quantum/FB-HS-RBF-ref-SVM,quantum,1,0.4444444444444444,0.6,"{""clf__C"": 10.0, ""clf__gamma_mult"": 0.25}",62.70049399999971
14,quantum/FB-HS-RBF-ref-SVM,quantum,2,0.7777777777777778,0.9,"{""clf__C"": 10.0, ""clf__gamma_mult"": 0.25}",62.70049399999971
14,quantum/FB-HS-RBF-ref-SVM,quantum,3,0.4444444444444444,0.55,"{""clf__C"": 10.0, ""clf__gamma_mult"": 0.25}",62.70049399999971
14,quantum/FB-HS-RBF-ref-SVM,quantum,4,0.6666666666666666,0.6000000000000001,"{""clf__C"": 10.0, ""clf__gamma_mult"": 0.25}",62.70049399999971
14,quantum/FB-HS-RBF-ref-SVM,quantum,5,0.7777777777777778,0.7,"{""clf__C"": 10.0, ""clf__gamma_mult"": 1.0}",62.70049399999971
14,quantum/FB-HS-RBF-ref-SVM,quantum,6,0.5555555555555556,0.65,"{""clf__C"": 10.0, ""clf__gamma_mult"": 0.25}",62.70049399999971
14,quantum/FB-HS-RBF-ref-SVM,quantum,7,0.4444444444444444,0.65,"{""clf__C"": 10.0, ""clf__gamma_mult"": 0.25}",62.70049399999971
14,quantum/FB-HS-RBF-ref-SVM,quantum,8,0.5555555555555556,0.45,"{""clf__C"": 10.0, ""clf__gamma_mult"": 0.25}",62.70049399999971
14,quantum/FB-HS-RBF-ref-SVM,quantum,9,0.8888888888888888,0.95,"{""clf__C"": 10.0, ""clf__gamma_mult"": 0.25}",62.70049399999971
14,quantum/FB-HS-RBF-ref-SVM,quantum,10,0.5555555555555556,0.55,"{""clf__C"": 10.0, ""clf__gamma_mult"": 0.25}",62.70049399999971
14,quantum/FB-HS-RBF-ref-SVM,quantum,11,0.6666666666666666,0.45,"{""clf__C"": 10.0, ""clf__gamma_mult"": 0.25}",62.70049399999971
14,quantum/FB-HS-RBF-ref-SVM,quantum,12,0.6666666666666666,0.75,"{""clf__C"": 10.0, ""clf__gamma_mult"": 0.25}",62.70049399999971
14,quantum/FB-HS-RBF-ref-SVM,quantum,13,0.5555555555555556,0.55,"{""clf__C"": 10.0, ""clf__gamma_mult"": 0.25}",62.70049399999971
14,quantum/FB-HS-RBF-ref-SVM,quantum,14,0.7777777777777778,0.7,"{""clf__C"": 10.0, ""clf__gamma_mult"": 0.25}",62.70049399999971
14,quantum/FB-Bures-RBF-SVM,quantum,0,0.4444444444444444,0.3999999999999999,"{""clf__C"": 1.0, ""clf__gamma_mult"": 4.0}",61.99817110000004
14,quantum/FB-Bures-RBF-SVM,quantum,1,0.4444444444444444,0.5499999999999999,"{""clf__C"": 10.0, ""clf__gamma_mult"": 1.0}",61.99817110000004
14,quantum/FB-Bures-RBF-SVM,quantum,2,0.4444444444444444,0.7,"{""clf__C"": 10.0, ""clf__gamma_mult"": 1.0}",61.99817110000004
14,quantum/FB-Bures-RBF-SVM,quantum,3,0.4444444444444444,0.4,"{""clf__C"": 10.0, ""clf__gamma_mult"": 1.0}",61.99817110000004
14,quantum/FB-Bures-RBF-SVM,quantum,4,0.4444444444444444,0.5,"{""clf__C"": 1.0, ""clf__gamma_mult"": 4.0}",61.99817110000004
14,quantum/FB-Bures-RBF-SVM,quantum,5,0.4444444444444444,0.3,"{""clf__C"": 1.0, ""clf__gamma_mult"": 1.0}",61.99817110000004
14,quantum/FB-Bures-RBF-SVM,quantum,6,0.6666666666666666,0.6,"{""clf__C"": 10.0, ""clf__gamma_mult"": 1.0}",61.99817110000004
14,quantum/FB-Bures-RBF-SVM,quantum,7,0.4444444444444444,0.55,"{""clf__C"": 1.0, ""clf__gamma_mult"": 1.0}",61.99817110000004
14,quantum/FB-Bures-RBF-SVM,quantum,8,0.4444444444444444,0.3,"{""clf__C"": 10.0, ""clf__gamma_mult"": 4.0}",61.99817110000004
14,quantum/FB-Bures-RBF-SVM,quantum,9,0.4444444444444444,0.6,"{""clf__C"": 10.0, ""clf__gamma_mult"": 4.0}",61.99817110000004
14,quantum/FB-Bures-RBF-SVM,quantum,10,0.5555555555555556,0.55,"{""clf__C"": 1.0, ""clf__gamma_mult"": 4.0}",61.99817110000004
14,quantum/FB-Bures-RBF-SVM,quantum,11,0.4444444444444444,0.4,"{""clf__C"": 10.0, ""clf__gamma_mult"": 1.0}",61.99817110000004
14,quantum/FB-Bures-RBF-SVM,quantum,12,0.5555555555555556,0.65,"{""clf__C"": 1.0, ""clf__gamma_mult"": 1.0}",61.99817110000004
14,quantum/FB-Bures-RBF-SVM,quantum,13,0.4444444444444444,0.4,"{""clf__C"": 10.0, ""clf__gamma_mult"": 1.0}",61.99817110000004
14,quantum/FB-Bures-RBF-SVM,quantum,14,0.4444444444444444,0.3,"{""clf__C"": 1.0, ""clf__gamma_mult"": 1.0}",61.99817110000004
14,quantum/FB-Bures-RBF-ref-SVM,quantum,0,0.7777777777777778,0.75,"{""clf__C"": 10.0, ""clf__gamma_mult"": 0.25}",78.50982440000007
14,quantum/FB-Bures-RBF-ref-SVM,quantum,1,0.4444444444444444,0.6,"{""clf__C"": 10.0, ""clf__gamma_mult"": 0.25}",78.50982440000007
14,quantum/FB-Bures-RBF-ref-SVM,quantum,2,0.7777777777777778,0.95,"{""clf__C"": 10.0, ""clf__gamma_mult"": 0.25}",78.50982440000007
14,quantum/FB-Bures-RBF-ref-SVM,quantum,3,0.6666666666666666,0.85,"{""clf__C"": 10.0, ""clf__gamma_mult"": 4.0}",78.50982440000007
14,quantum/FB-Bures-RBF-ref-SVM,quantum,4,0.6666666666666666,0.55,"{""clf__C"": 10.0, ""clf__gamma_mult"": 0.25}",78.50982440000007
14,quantum/FB-Bures-RBF-ref-SVM,quantum,5,0.5555555555555556,0.7,"{""clf__C"": 10.0, ""clf__gamma_mult"": 0.25}",78.50982440000007
14,quantum/FB-Bures-RBF-ref-SVM,quantum,6,0.4444444444444444,0.55,"{""clf__C"": 10.0, ""clf__gamma_mult"": 0.25}",78.50982440000007
14,quantum/FB-Bures-RBF-ref-SVM,quantum,7,0.6666666666666666,0.8,"{""clf__C"": 10.0, ""clf__gamma_mult"": 0.25}",78.50982440000007
14,quantum/FB-Bures-RBF-ref-SVM,quantum,8,0.5555555555555556,0.5499999999999999,"{""clf__C"": 10.0, ""clf__gamma_mult"": 0.25}",78.50982440000007
14,quantum/FB-Bures-RBF-ref-SVM,quantum,9,0.6666666666666666,0.9,"{""clf__C"": 10.0, ""clf__gamma_mult"": 1.0}",78.50982440000007
14,quantum/FB-Bures-RBF-ref-SVM,quantum,10,0.6666666666666666,0.65,"{""clf__C"": 10.0, ""clf__gamma_mult"": 1.0}",78.50982440000007
14,quantum/FB-Bures-RBF-ref-SVM,quantum,11,0.4444444444444444,0.5,"{""clf__C"": 10.0, ""clf__gamma_mult"": 1.0}",78.50982440000007
14,quantum/FB-Bures-RBF-ref-SVM,quantum,12,0.7777777777777778,0.8,"{""clf__C"": 10.0, ""clf__gamma_mult"": 0.25}",78.50982440000007
14,quantum/FB-Bures-RBF-ref-SVM,quantum,13,0.5555555555555556,0.45,"{""clf__C"": 10.0, ""clf__gamma_mult"": 0.25}",78.50982440000007
14,quantum/FB-Bures-RBF-ref-SVM,quantum,14,0.7777777777777778,0.55,"{""clf__C"": 10.0, ""clf__gamma_mult"": 0.25}",78.50982440000007
14,quantum/FB-QRE-RBF-SVM,quantum,0,0.4444444444444444,0.3999999999999999,"{""clf__C"": 1.0, ""clf__gamma_mult"": 4.0}",50.72159610000017
14,quantum/FB-QRE-RBF-SVM,quantum,1,0.4444444444444444,0.6,"{""clf__C"": 10.0, ""clf__gamma_mult"": 1.0}",50.72159610000017
14,quantum/FB-QRE-RBF-SVM,quantum,2,0.4444444444444444,0.55,"{""clf__C"": 1.0, ""clf__gamma_mult"": 4.0}",50.72159610000017
14,quantum/FB-QRE-RBF-SVM,quantum,3,0.5555555555555556,0.4,"{""clf__C"": 10.0, ""clf__gamma_mult"": 1.0}",50.72159610000017
14,quantum/FB-QRE-RBF-SVM,quantum,4,0.4444444444444444,0.5,"{""clf__C"": 1.0, ""clf__gamma_mult"": 4.0}",50.72159610000017
14,quantum/FB-QRE-RBF-SVM,quantum,5,0.4444444444444444,0.35,"{""clf__C"": 1.0, ""clf__gamma_mult"": 1.0}",50.72159610000017
14,quantum/FB-QRE-RBF-SVM,quantum,6,0.6666666666666666,0.6000000000000001,"{""clf__C"": 10.0, ""clf__gamma_mult"": 1.0}",50.72159610000017
14,quantum/FB-QRE-RBF-SVM,quantum,7,0.4444444444444444,0.55,"{""clf__C"": 1.0, ""clf__gamma_mult"": 1.0}",50.72159610000017
14,quantum/FB-QRE-RBF-SVM,quantum,8,0.4444444444444444,0.35,"{""clf__C"": 10.0, ""clf__gamma_mult"": 4.0}",50.72159610000017
14,quantum/FB-QRE-RBF-SVM,quantum,9,0.5555555555555556,0.7,"{""clf__C"": 10.0, ""clf__gamma_mult"": 1.0}",50.72159610000017
14,quantum/FB-QRE-RBF-SVM,quantum,10,0.5555555555555556,0.55,"{""clf__C"": 1.0, ""clf__gamma_mult"": 4.0}",50.72159610000017
14,quantum/FB-QRE-RBF-SVM,quantum,11,0.4444444444444444,0.5499999999999999,"{""clf__C"": 10.0, ""clf__gamma_mult"": 1.0}",50.72159610000017
14,quantum/FB-QRE-RBF-SVM,quantum,12,0.5555555555555556,0.65,"{""clf__C"": 10.0, ""clf__gamma_mult"": 1.0}",50.72159610000017
14,quantum/FB-QRE-RBF-SVM,quantum,13,0.4444444444444444,0.35,"{""clf__C"": 10.0, ""clf__gamma_mult"": 1.0}",50.72159610000017
14,quantum/FB-QRE-RBF-SVM,quantum,14,0.5555555555555556,0.3,"{""clf__C"": 1.0, ""clf__gamma_mult"": 4.0}",50.72159610000017
14,quantum/FB-QRE-RBF-ref-SVM,quantum,0,0.6666666666666666,0.8,"{""clf__C"": 10.0, ""clf__gamma_mult"": 0.25}",58.32751349999944
14,quantum/FB-QRE-RBF-ref-SVM,quantum,1,0.5555555555555556,0.55,"{""clf__C"": 10.0, ""clf__gamma_mult"": 0.25}",58.32751349999944
14,quantum/FB-QRE-RBF-ref-SVM,quantum,2,0.8888888888888888,0.95,"{""clf__C"": 10.0, ""clf__gamma_mult"": 1.0}",58.32751349999944
14,quantum/FB-QRE-RBF-ref-SVM,quantum,3,0.6666666666666666,0.8,"{""clf__C"": 10.0, ""clf__gamma_mult"": 4.0}",58.32751349999944
14,quantum/FB-QRE-RBF-ref-SVM,quantum,4,0.6666666666666666,0.55,"{""clf__C"": 10.0, ""clf__gamma_mult"": 1.0}",58.32751349999944
14,quantum/FB-QRE-RBF-ref-SVM,quantum,5,0.6666666666666666,0.7,"{""clf__C"": 10.0, ""clf__gamma_mult"": 1.0}",58.32751349999944
14,quantum/FB-QRE-RBF-ref-SVM,quantum,6,0.4444444444444444,0.5,"{""clf__C"": 10.0, ""clf__gamma_mult"": 0.25}",58.32751349999944
14,quantum/FB-QRE-RBF-ref-SVM,quantum,7,0.6666666666666666,0.75,"{""clf__C"": 10.0, ""clf__gamma_mult"": 0.25}",58.32751349999944
14,quantum/FB-QRE-RBF-ref-SVM,quantum,8,0.5555555555555556,0.5499999999999999,"{""clf__C"": 10.0, ""clf__gamma_mult"": 0.25}",58.32751349999944
14,quantum/FB-QRE-RBF-ref-SVM,quantum,9,0.7777777777777778,0.9,"{""clf__C"": 10.0, ""clf__gamma_mult"": 1.0}",58.32751349999944
14,quantum/FB-QRE-RBF-ref-SVM,quantum,10,0.6666666666666666,0.65,"{""clf__C"": 10.0, ""clf__gamma_mult"": 1.0}",58.32751349999944
14,quantum/FB-QRE-RBF-ref-SVM,quantum,11,0.4444444444444444,0.5,"{""clf__C"": 10.0, ""clf__gamma_mult"": 1.0}",58.32751349999944
14,quantum/FB-QRE-RBF-ref-SVM,quantum,12,0.7777777777777778,0.8,"{""clf__C"": 10.0, ""clf__gamma_mult"": 0.25}",58.32751349999944
14,quantum/FB-QRE-RBF-ref-SVM,quantum,13,0.6666666666666666,0.45,"{""clf__C"": 10.0, ""clf__gamma_mult"": 0.25}",58.32751349999944
14,quantum/FB-QRE-RBF-ref-SVM,quantum,14,0.6666666666666666,0.6,"{""clf__C"": 10.0, ""clf__gamma_mult"": 1.0}",58.32751349999944
14,control/FB-riemann-kernel-SVM,control,0,0.6666666666666666,0.8500000000000001,"{""clf__C"": 1.0}",39.02185109999937
14,control/FB-riemann-kernel-SVM,control,1,0.5555555555555556,0.6,"{""clf__C"": 0.1}",39.02185109999937
14,control/FB-riemann-kernel-SVM,control,2,0.7777777777777778,0.9,"{""clf__C"": 0.1}",39.02185109999937
14,control/FB-riemann-kernel-SVM,control,3,0.5555555555555556,0.4499999999999999,"{""clf__C"": 1.0}",39.02185109999937
14,control/FB-riemann-kernel-SVM,control,4,0.6666666666666666,0.4499999999999999,"{""clf__C"": 0.1}",39.02185109999937
14,control/FB-riemann-kernel-SVM,control,5,0.5555555555555556,0.7,"{""clf__C"": 0.1}",39.02185109999937
14,control/FB-riemann-kernel-SVM,control,6,0.5555555555555556,0.45,"{""clf__C"": 0.1}",39.02185109999937
14,control/FB-riemann-kernel-SVM,control,7,0.7777777777777778,0.8,"{""clf__C"": 1.0}",39.02185109999937
14,control/FB-riemann-kernel-SVM,control,8,0.6666666666666666,0.7500000000000001,"{""clf__C"": 0.1}",39.02185109999937
14,control/FB-riemann-kernel-SVM,control,9,0.8888888888888888,0.95,"{""clf__C"": 1.0}",39.02185109999937
14,control/FB-riemann-kernel-SVM,control,10,0.5555555555555556,0.6,"{""clf__C"": 1.0}",39.02185109999937
14,control/FB-riemann-kernel-SVM,control,11,0.4444444444444444,0.3999999999999999,"{""clf__C"": 0.1}",39.02185109999937
14,control/FB-riemann-kernel-SVM,control,12,0.7777777777777778,0.95,"{""clf__C"": 1.0}",39.02185109999937
14,control/FB-riemann-kernel-SVM,control,13,0.5555555555555556,0.45,"{""clf__C"": 1.0}",39.02185109999937
14,control/FB-riemann-kernel-SVM,control,14,0.6666666666666666,0.5,"{""clf__C"": 1.0}",39.02185109999937
14,control/FB-logeuclid-kernel-SVM,control,0,0.8888888888888888,0.8,"{""clf__C"": 1.0}",38.411980400000175
14,control/FB-logeuclid-kernel-SVM,control,1,0.6666666666666666,0.5,"{""clf__C"": 1.0}",38.411980400000175
14,control/FB-logeuclid-kernel-SVM,control,2,0.7777777777777778,0.8,"{""clf__C"": 1.0}",38.411980400000175
14,control/FB-logeuclid-kernel-SVM,control,3,0.6666666666666666,0.5,"{""clf__C"": 1.0}",38.411980400000175
14,control/FB-logeuclid-kernel-SVM,control,4,0.5555555555555556,0.4,"{""clf__C"": 0.1}",38.411980400000175
14,control/FB-logeuclid-kernel-SVM,control,5,0.6666666666666666,0.7,"{""clf__C"": 0.1}",38.411980400000175
14,control/FB-logeuclid-kernel-SVM,control,6,0.4444444444444444,0.4999999999999999,"{""clf__C"": 0.1}",38.411980400000175
14,control/FB-logeuclid-kernel-SVM,control,7,0.8888888888888888,0.8,"{""clf__C"": 1.0}",38.411980400000175
14,control/FB-logeuclid-kernel-SVM,control,8,0.6666666666666666,0.6500000000000001,"{""clf__C"": 0.1}",38.411980400000175
14,control/FB-logeuclid-kernel-SVM,control,9,0.7777777777777778,0.8500000000000001,"{""clf__C"": 0.1}",38.411980400000175
14,control/FB-logeuclid-kernel-SVM,control,10,0.6666666666666666,0.65,"{""clf__C"": 1.0}",38.411980400000175
14,control/FB-logeuclid-kernel-SVM,control,11,0.5555555555555556,0.3,"{""clf__C"": 0.1}",38.411980400000175
14,control/FB-logeuclid-kernel-SVM,control,12,0.6666666666666666,0.75,"{""clf__C"": 1.0}",38.411980400000175
14,control/FB-logeuclid-kernel-SVM,control,13,0.5555555555555556,0.45,"{""clf__C"": 1.0}",38.411980400000175
14,control/FB-logeuclid-kernel-SVM,control,14,0.5555555555555556,0.5,"{""clf__C"": 1.0}",38.411980400000175
15,classical/FBCSP+LDA,classical,0,0.8888888888888888,1.0,"{""perband__base__csp__nfilter"": 6}",43.73448220000046
15,classical/FBCSP+LDA,classical,1,0.5555555555555556,0.8,"{""perband__base__csp__nfilter"": 4}",43.73448220000046
15,classical/FBCSP+LDA,classical,2,0.6666666666666666,0.95,"{""perband__base__csp__nfilter"": 6}",43.73448220000046
15,classical/FBCSP+LDA,classical,3,0.5555555555555556,0.85,"{""perband__base__csp__nfilter"": 4}",43.73448220000046
15,classical/FBCSP+LDA,classical,4,0.8888888888888888,0.8,"{""perband__base__csp__nfilter"": 2}",43.73448220000046
15,classical/FBCSP+LDA,classical,5,0.4444444444444444,0.7000000000000001,"{""perband__base__csp__nfilter"": 2}",43.73448220000046
15,classical/FBCSP+LDA,classical,6,0.8888888888888888,0.9,"{""perband__base__csp__nfilter"": 4}",43.73448220000046
15,classical/FBCSP+LDA,classical,7,0.6666666666666666,0.7000000000000001,"{""perband__base__csp__nfilter"": 6}",43.73448220000046
15,classical/FBCSP+LDA,classical,8,1.0,1.0,"{""perband__base__csp__nfilter"": 4}",43.73448220000046
15,classical/FBCSP+LDA,classical,9,0.5555555555555556,0.7,"{""perband__base__csp__nfilter"": 4}",43.73448220000046
15,classical/FBCSP+LDA,classical,10,0.7777777777777778,0.75,"{""perband__base__csp__nfilter"": 2}",43.73448220000046
15,classical/FBCSP+LDA,classical,11,0.7777777777777778,0.8,"{""perband__base__csp__nfilter"": 4}",43.73448220000046
15,classical/FBCSP+LDA,classical,12,0.6666666666666666,0.7,"{""perband__base__csp__nfilter"": 4}",43.73448220000046
15,classical/FBCSP+LDA,classical,13,0.8888888888888888,0.95,"{""perband__base__csp__nfilter"": 4}",43.73448220000046
15,classical/FBCSP+LDA,classical,14,0.4444444444444444,0.65,"{""perband__base__csp__nfilter"": 2}",43.73448220000046
15,classical/FB-TS+LR,classical,0,0.7777777777777778,0.75,"{""clf__C"": 0.1}",46.65901229999963
15,classical/FB-TS+LR,classical,1,0.5555555555555556,0.65,"{""clf__C"": 0.1}",46.65901229999963
15,classical/FB-TS+LR,classical,2,0.7777777777777778,0.85,"{""clf__C"": 0.1}",46.65901229999963
15,classical/FB-TS+LR,classical,3,0.7777777777777778,0.85,"{""clf__C"": 10.0}",46.65901229999963
15,classical/FB-TS+LR,classical,4,0.4444444444444444,0.75,"{""clf__C"": 1.0}",46.65901229999963
15,classical/FB-TS+LR,classical,5,0.7777777777777778,0.75,"{""clf__C"": 0.1}",46.65901229999963
15,classical/FB-TS+LR,classical,6,0.6666666666666666,1.0,"{""clf__C"": 1.0}",46.65901229999963
15,classical/FB-TS+LR,classical,7,0.5555555555555556,0.7,"{""clf__C"": 0.1}",46.65901229999963
15,classical/FB-TS+LR,classical,8,1.0,1.0,"{""clf__C"": 0.1}",46.65901229999963
15,classical/FB-TS+LR,classical,9,0.6666666666666666,0.75,"{""clf__C"": 0.1}",46.65901229999963
15,classical/FB-TS+LR,classical,10,0.8888888888888888,0.95,"{""clf__C"": 0.1}",46.65901229999963
15,classical/FB-TS+LR,classical,11,0.6666666666666666,0.85,"{""clf__C"": 0.1}",46.65901229999963
15,classical/FB-TS+LR,classical,12,0.6666666666666666,0.6499999999999999,"{""clf__C"": 0.1}",46.65901229999963
15,classical/FB-TS+LR,classical,13,0.6666666666666666,0.85,"{""clf__C"": 1.0}",46.65901229999963
15,classical/FB-TS+LR,classical,14,0.5555555555555556,0.55,"{""clf__C"": 10.0}",46.65901229999963
15,classical/FB-TS+RBF-SVM,classical,0,0.7777777777777778,0.75,"{""clf__C"": 10.0, ""clf__gamma"": ""scale""}",81.30319169999984
15,classical/FB-TS+RBF-SVM,classical,1,0.5555555555555556,0.8,"{""clf__C"": 10.0, ""clf__gamma"": 0.01}",81.30319169999984
15,classical/FB-TS+RBF-SVM,classical,2,0.5555555555555556,0.7,"{""clf__C"": 10.0, ""clf__gamma"": ""scale""}",81.30319169999984
15,classical/FB-TS+RBF-SVM,classical,3,0.7777777777777778,0.9,"{""clf__C"": 10.0, ""clf__gamma"": ""scale""}",81.30319169999984
15,classical/FB-TS+RBF-SVM,classical,4,0.5555555555555556,0.45,"{""clf__C"": 10.0, ""clf__gamma"": 0.01}",81.30319169999984
15,classical/FB-TS+RBF-SVM,classical,5,0.6666666666666666,0.85,"{""clf__C"": 10.0, ""clf__gamma"": 0.01}",81.30319169999984
15,classical/FB-TS+RBF-SVM,classical,6,0.6666666666666666,0.95,"{""clf__C"": 10.0, ""clf__gamma"": ""scale""}",81.30319169999984
15,classical/FB-TS+RBF-SVM,classical,7,0.5555555555555556,0.7,"{""clf__C"": 10.0, ""clf__gamma"": ""scale""}",81.30319169999984
15,classical/FB-TS+RBF-SVM,classical,8,0.8888888888888888,1.0,"{""clf__C"": 10.0, ""clf__gamma"": ""scale""}",81.30319169999984
15,classical/FB-TS+RBF-SVM,classical,9,0.7777777777777778,0.7,"{""clf__C"": 10.0, ""clf__gamma"": ""scale""}",81.30319169999984
15,classical/FB-TS+RBF-SVM,classical,10,0.7777777777777778,0.95,"{""clf__C"": 10.0, ""clf__gamma"": ""scale""}",81.30319169999984
15,classical/FB-TS+RBF-SVM,classical,11,0.7777777777777778,0.9,"{""clf__C"": 10.0, ""clf__gamma"": ""scale""}",81.30319169999984
15,classical/FB-TS+RBF-SVM,classical,12,0.6666666666666666,0.6499999999999999,"{""clf__C"": 1.0, ""clf__gamma"": ""scale""}",81.30319169999984
15,classical/FB-TS+RBF-SVM,classical,13,0.6666666666666666,0.8,"{""clf__C"": 10.0, ""clf__gamma"": ""scale""}",81.30319169999984
15,classical/FB-TS+RBF-SVM,classical,14,0.4444444444444444,0.6000000000000001,"{""clf__C"": 10.0, ""clf__gamma"": ""scale""}",81.30319169999984
15,quantum/FB-HS-overlap-SVM,quantum,0,0.5555555555555556,0.3,"{""clf__C"": 10.0}",33.824360600000546
15,quantum/FB-HS-overlap-SVM,quantum,1,0.4444444444444444,0.5,"{""clf__C"": 10.0}",33.824360600000546
15,quantum/FB-HS-overlap-SVM,quantum,2,0.2222222222222222,0.0999999999999999,"{""clf__C"": 10.0}",33.824360600000546
15,quantum/FB-HS-overlap-SVM,quantum,3,0.4444444444444444,0.5499999999999999,"{""clf__C"": 0.1}",33.824360600000546
15,quantum/FB-HS-overlap-SVM,quantum,4,0.4444444444444444,0.3,"{""clf__C"": 10.0}",33.824360600000546
15,quantum/FB-HS-overlap-SVM,quantum,5,0.4444444444444444,0.35,"{""clf__C"": 10.0}",33.824360600000546
15,quantum/FB-HS-overlap-SVM,quantum,6,0.2222222222222222,0.2999999999999999,"{""clf__C"": 10.0}",33.824360600000546
15,quantum/FB-HS-overlap-SVM,quantum,7,0.3333333333333333,0.25,"{""clf__C"": 10.0}",33.824360600000546
15,quantum/FB-HS-overlap-SVM,quantum,8,0.4444444444444444,0.9,"{""clf__C"": 0.1}",33.824360600000546
15,quantum/FB-HS-overlap-SVM,quantum,9,0.4444444444444444,0.6,"{""clf__C"": 0.1}",33.824360600000546
15,quantum/FB-HS-overlap-SVM,quantum,10,0.5555555555555556,0.55,"{""clf__C"": 10.0}",33.824360600000546
15,quantum/FB-HS-overlap-SVM,quantum,11,0.5555555555555556,0.45,"{""clf__C"": 10.0}",33.824360600000546
15,quantum/FB-HS-overlap-SVM,quantum,12,0.6666666666666666,0.8,"{""clf__C"": 0.1}",33.824360600000546
15,quantum/FB-HS-overlap-SVM,quantum,13,0.4444444444444444,0.45,"{""clf__C"": 10.0}",33.824360600000546
15,quantum/FB-HS-overlap-SVM,quantum,14,0.4444444444444444,0.65,"{""clf__C"": 0.1}",33.824360600000546
15,quantum/FB-HS-overlap-ref-SVM,quantum,0,0.7777777777777778,0.95,"{""clf__C"": 10.0}",39.70496290000028
15,quantum/FB-HS-overlap-ref-SVM,quantum,1,0.5555555555555556,0.85,"{""clf__C"": 10.0}",39.70496290000028
15,quantum/FB-HS-overlap-ref-SVM,quantum,2,0.7777777777777778,0.9,"{""clf__C"": 10.0}",39.70496290000028
15,quantum/FB-HS-overlap-ref-SVM,quantum,3,0.7777777777777778,1.0,"{""clf__C"": 10.0}",39.70496290000028
15,quantum/FB-HS-overlap-ref-SVM,quantum,4,0.6666666666666666,0.85,"{""clf__C"": 10.0}",39.70496290000028
15,quantum/FB-HS-overlap-ref-SVM,quantum,5,0.8888888888888888,0.95,"{""clf__C"": 10.0}",39.70496290000028
15,quantum/FB-HS-overlap-ref-SVM,quantum,6,0.8888888888888888,1.0,"{""clf__C"": 10.0}",39.70496290000028
15,quantum/FB-HS-overlap-ref-SVM,quantum,7,0.7777777777777778,0.85,"{""clf__C"": 10.0}",39.70496290000028
15,quantum/FB-HS-overlap-ref-SVM,quantum,8,1.0,1.0,"{""clf__C"": 10.0}",39.70496290000028
15,quantum/FB-HS-overlap-ref-SVM,quantum,9,0.6666666666666666,0.8,"{""clf__C"": 10.0}",39.70496290000028
15,quantum/FB-HS-overlap-ref-SVM,quantum,10,0.8888888888888888,1.0,"{""clf__C"": 10.0}",39.70496290000028
15,quantum/FB-HS-overlap-ref-SVM,quantum,11,1.0,1.0,"{""clf__C"": 10.0}",39.70496290000028
15,quantum/FB-HS-overlap-ref-SVM,quantum,12,0.5555555555555556,0.75,"{""clf__C"": 10.0}",39.70496290000028
15,quantum/FB-HS-overlap-ref-SVM,quantum,13,0.7777777777777778,0.8,"{""clf__C"": 10.0}",39.70496290000028
15,quantum/FB-HS-overlap-ref-SVM,quantum,14,0.7777777777777778,0.7500000000000001,"{""clf__C"": 10.0}",39.70496290000028
15,quantum/FB-Fidelity-SVM,quantum,0,0.5555555555555556,0.4,"{""clf__C"": 10.0}",41.35497430000032
15,quantum/FB-Fidelity-SVM,quantum,1,0.4444444444444444,0.4499999999999999,"{""clf__C"": 0.1}",41.35497430000032
15,quantum/FB-Fidelity-SVM,quantum,2,0.2222222222222222,0.0499999999999999,"{""clf__C"": 0.1}",41.35497430000032
15,quantum/FB-Fidelity-SVM,quantum,3,0.4444444444444444,0.55,"{""clf__C"": 0.1}",41.35497430000032
15,quantum/FB-Fidelity-SVM,quantum,4,0.4444444444444444,0.3,"{""clf__C"": 0.1}",41.35497430000032
15,quantum/FB-Fidelity-SVM,quantum,5,0.4444444444444444,0.3,"{""clf__C"": 10.0}",41.35497430000032
15,quantum/FB-Fidelity-SVM,quantum,6,0.3333333333333333,0.2499999999999999,"{""clf__C"": 10.0}",41.35497430000032
15,quantum/FB-Fidelity-SVM,quantum,7,0.4444444444444444,0.1999999999999999,"{""clf__C"": 10.0}",41.35497430000032
15,quantum/FB-Fidelity-SVM,quantum,8,0.4444444444444444,0.8500000000000001,"{""clf__C"": 0.1}",41.35497430000032
15,quantum/FB-Fidelity-SVM,quantum,9,0.4444444444444444,0.5499999999999999,"{""clf__C"": 0.1}",41.35497430000032
15,quantum/FB-Fidelity-SVM,quantum,10,0.4444444444444444,0.55,"{""clf__C"": 10.0}",41.35497430000032
15,quantum/FB-Fidelity-SVM,quantum,11,0.4444444444444444,0.3999999999999999,"{""clf__C"": 10.0}",41.35497430000032
15,quantum/FB-Fidelity-SVM,quantum,12,0.6666666666666666,0.8,"{""clf__C"": 0.1}",41.35497430000032
15,quantum/FB-Fidelity-SVM,quantum,13,0.4444444444444444,0.45,"{""clf__C"": 10.0}",41.35497430000032
15,quantum/FB-Fidelity-SVM,quantum,14,0.4444444444444444,0.7,"{""clf__C"": 0.1}",41.35497430000032
15,quantum/FB-Fidelity-ref-SVM,quantum,0,0.8888888888888888,1.0,"{""clf__C"": 10.0}",49.60594419999961
15,quantum/FB-Fidelity-ref-SVM,quantum,1,0.5555555555555556,0.8,"{""clf__C"": 10.0}",49.60594419999961
15,quantum/FB-Fidelity-ref-SVM,quantum,2,0.5555555555555556,0.8,"{""clf__C"": 10.0}",49.60594419999961
15,quantum/FB-Fidelity-ref-SVM,quantum,3,0.7777777777777778,1.0,"{""clf__C"": 10.0}",49.60594419999961
15,quantum/FB-Fidelity-ref-SVM,quantum,4,0.6666666666666666,0.9,"{""clf__C"": 10.0}",49.60594419999961
15,quantum/FB-Fidelity-ref-SVM,quantum,5,0.8888888888888888,0.95,"{""clf__C"": 10.0}",49.60594419999961
15,quantum/FB-Fidelity-ref-SVM,quantum,6,0.8888888888888888,1.0,"{""clf__C"": 10.0}",49.60594419999961
15,quantum/FB-Fidelity-ref-SVM,quantum,7,0.5555555555555556,0.65,"{""clf__C"": 10.0}",49.60594419999961
15,quantum/FB-Fidelity-ref-SVM,quantum,8,1.0,1.0,"{""clf__C"": 10.0}",49.60594419999961
15,quantum/FB-Fidelity-ref-SVM,quantum,9,0.6666666666666666,0.85,"{""clf__C"": 10.0}",49.60594419999961
15,quantum/FB-Fidelity-ref-SVM,quantum,10,0.7777777777777778,1.0,"{""clf__C"": 10.0}",49.60594419999961
15,quantum/FB-Fidelity-ref-SVM,quantum,11,0.8888888888888888,0.95,"{""clf__C"": 10.0}",49.60594419999961
15,quantum/FB-Fidelity-ref-SVM,quantum,12,0.5555555555555556,0.85,"{""clf__C"": 10.0}",49.60594419999961
15,quantum/FB-Fidelity-ref-SVM,quantum,13,0.5555555555555556,0.85,"{""clf__C"": 10.0}",49.60594419999961
15,quantum/FB-Fidelity-ref-SVM,quantum,14,0.7777777777777778,0.8,"{""clf__C"": 10.0}",49.60594419999961
15,quantum/FB-HS-RBF-SVM,quantum,0,0.4444444444444444,0.3,"{""clf__C"": 1.0, ""clf__gamma_mult"": 1.0}",42.81953809999959
15,quantum/FB-HS-RBF-SVM,quantum,1,0.4444444444444444,0.3,"{""clf__C"": 10.0, ""clf__gamma_mult"": 0.25}",42.81953809999959
15,quantum/FB-HS-RBF-SVM,quantum,2,0.3333333333333333,0.35,"{""clf__C"": 10.0, ""clf__gamma_mult"": 0.25}",42.81953809999959
15,quantum/FB-HS-RBF-SVM,quantum,3,0.6666666666666666,0.45,"{""clf__C"": 10.0, ""clf__gamma_mult"": 1.0}",42.81953809999959
15,quantum/FB-HS-RBF-SVM,quantum,4,0.3333333333333333,0.35,"{""clf__C"": 10.0, ""clf__gamma_mult"": 0.25}",42.81953809999959
15,quantum/FB-HS-RBF-SVM,quantum,5,0.4444444444444444,0.25,"{""clf__C"": 1.0, ""clf__gamma_mult"": 1.0}",42.81953809999959
15,quantum/FB-HS-RBF-SVM,quantum,6,0.3333333333333333,0.25,"{""clf__C"": 10.0, ""clf__gamma_mult"": 4.0}",42.81953809999959
15,quantum/FB-HS-RBF-SVM,quantum,7,0.3333333333333333,0.3999999999999999,"{""clf__C"": 10.0, ""clf__gamma_mult"": 0.25}",42.81953809999959
15,quantum/FB-HS-RBF-SVM,quantum,8,0.4444444444444444,0.9,"{""clf__C"": 1.0, ""clf__gamma_mult"": 0.25}",42.81953809999959
15,quantum/FB-HS-RBF-SVM,quantum,9,0.4444444444444444,0.9,"{""clf__C"": 0.1, ""clf__gamma_mult"": 0.25}",42.81953809999959
15,quantum/FB-HS-RBF-SVM,quantum,10,0.6666666666666666,0.7000000000000001,"{""clf__C"": 10.0, ""clf__gamma_mult"": 1.0}",42.81953809999959
15,quantum/FB-HS-RBF-SVM,quantum,11,0.5555555555555556,0.4499999999999999,"{""clf__C"": 10.0, ""clf__gamma_mult"": 0.25}",42.81953809999959
15,quantum/FB-HS-RBF-SVM,quantum,12,0.6666666666666666,0.55,"{""clf__C"": 1.0, ""clf__gamma_mult"": 4.0}",42.81953809999959
15,quantum/FB-HS-RBF-SVM,quantum,13,0.2222222222222222,0.5,"{""clf__C"": 10.0, ""clf__gamma_mult"": 0.25}",42.81953809999959
15,quantum/FB-HS-RBF-SVM,quantum,14,0.4444444444444444,0.85,"{""clf__C"": 0.1, ""clf__gamma_mult"": 0.25}",42.81953809999959
15,quantum/FB-HS-RBF-ref-SVM,quantum,0,0.8888888888888888,1.0,"{""clf__C"": 10.0, ""clf__gamma_mult"": 1.0}",58.29290109999965
15,quantum/FB-HS-RBF-ref-SVM,quantum,1,0.5555555555555556,0.85,"{""clf__C"": 10.0, ""clf__gamma_mult"": 0.25}",58.29290109999965
15,quantum/FB-HS-RBF-ref-SVM,quantum,2,0.7777777777777778,0.9,"{""clf__C"": 10.0, ""clf__gamma_mult"": 0.25}",58.29290109999965
15,quantum/FB-HS-RBF-ref-SVM,quantum,3,0.7777777777777778,1.0,"{""clf__C"": 10.0, ""clf__gamma_mult"": 0.25}",58.29290109999965
15,quantum/FB-HS-RBF-ref-SVM,quantum,4,0.6666666666666666,0.85,"{""clf__C"": 10.0, ""clf__gamma_mult"": 0.25}",58.29290109999965
15,quantum/FB-HS-RBF-ref-SVM,quantum,5,0.7777777777777778,0.95,"{""clf__C"": 10.0, ""clf__gamma_mult"": 0.25}",58.29290109999965
15,quantum/FB-HS-RBF-ref-SVM,quantum,6,0.8888888888888888,1.0,"{""clf__C"": 10.0, ""clf__gamma_mult"": 0.25}",58.29290109999965
15,quantum/FB-HS-RBF-ref-SVM,quantum,7,0.6666666666666666,0.8,"{""clf__C"": 10.0, ""clf__gamma_mult"": 0.25}",58.29290109999965
15,quantum/FB-HS-RBF-ref-SVM,quantum,8,1.0,1.0,"{""clf__C"": 10.0, ""clf__gamma_mult"": 0.25}",58.29290109999965
15,quantum/FB-HS-RBF-ref-SVM,quantum,9,0.6666666666666666,0.85,"{""clf__C"": 1.0, ""clf__gamma_mult"": 1.0}",58.29290109999965
15,quantum/FB-HS-RBF-ref-SVM,quantum,10,0.8888888888888888,1.0,"{""clf__C"": 10.0, ""clf__gamma_mult"": 0.25}",58.29290109999965
15,quantum/FB-HS-RBF-ref-SVM,quantum,11,1.0,1.0,"{""clf__C"": 10.0, ""clf__gamma_mult"": 0.25}",58.29290109999965
15,quantum/FB-HS-RBF-ref-SVM,quantum,12,0.5555555555555556,0.75,"{""clf__C"": 10.0, ""clf__gamma_mult"": 0.25}",58.29290109999965
15,quantum/FB-HS-RBF-ref-SVM,quantum,13,0.5555555555555556,0.8,"{""clf__C"": 10.0, ""clf__gamma_mult"": 1.0}",58.29290109999965
15,quantum/FB-HS-RBF-ref-SVM,quantum,14,0.5555555555555556,0.6499999999999999,"{""clf__C"": 10.0, ""clf__gamma_mult"": 4.0}",58.29290109999965
15,quantum/FB-Bures-RBF-SVM,quantum,0,0.4444444444444444,0.4,"{""clf__C"": 10.0, ""clf__gamma_mult"": 1.0}",61.11786510000002
15,quantum/FB-Bures-RBF-SVM,quantum,1,0.4444444444444444,0.3,"{""clf__C"": 10.0, ""clf__gamma_mult"": 0.25}",61.11786510000002
15,quantum/FB-Bures-RBF-SVM,quantum,2,0.3333333333333333,0.1999999999999999,"{""clf__C"": 10.0, ""clf__gamma_mult"": 0.25}",61.11786510000002
15,quantum/FB-Bures-RBF-SVM,quantum,3,0.5555555555555556,0.45,"{""clf__C"": 10.0, ""clf__gamma_mult"": 4.0}",61.11786510000002
15,quantum/FB-Bures-RBF-SVM,quantum,4,0.2222222222222222,0.3,"{""clf__C"": 1.0, ""clf__gamma_mult"": 1.0}",61.11786510000002
15,quantum/FB-Bures-RBF-SVM,quantum,5,0.3333333333333333,0.3,"{""clf__C"": 1.0, ""clf__gamma_mult"": 1.0}",61.11786510000002
15,quantum/FB-Bures-RBF-SVM,quantum,6,0.4444444444444444,0.2999999999999999,"{""clf__C"": 1.0, ""clf__gamma_mult"": 1.0}",61.11786510000002
15,quantum/FB-Bures-RBF-SVM,quantum,7,0.2222222222222222,0.3,"{""clf__C"": 10.0, ""clf__gamma_mult"": 0.25}",61.11786510000002
15,quantum/FB-Bures-RBF-SVM,quantum,8,0.4444444444444444,0.95,"{""clf__C"": 0.1, ""clf__gamma_mult"": 0.25}",61.11786510000002
15,quantum/FB-Bures-RBF-SVM,quantum,9,0.6666666666666666,0.5,"{""clf__C"": 10.0, ""clf__gamma_mult"": 1.0}",61.11786510000002
15,quantum/FB-Bures-RBF-SVM,quantum,10,0.5555555555555556,0.65,"{""clf__C"": 10.0, ""clf__gamma_mult"": 0.25}",61.11786510000002
15,quantum/FB-Bures-RBF-SVM,quantum,11,0.5555555555555556,0.4,"{""clf__C"": 10.0, ""clf__gamma_mult"": 0.25}",61.11786510000002
15,quantum/FB-Bures-RBF-SVM,quantum,12,0.6666666666666666,0.75,"{""clf__C"": 10.0, ""clf__gamma_mult"": 4.0}",61.11786510000002
15,quantum/FB-Bures-RBF-SVM,quantum,13,0.2222222222222222,0.45,"{""clf__C"": 1.0, ""clf__gamma_mult"": 1.0}",61.11786510000002
15,quantum/FB-Bures-RBF-SVM,quantum,14,0.4444444444444444,0.75,"{""clf__C"": 0.1, ""clf__gamma_mult"": 0.25}",61.11786510000002
15,quantum/FB-Bures-RBF-ref-SVM,quantum,0,0.7777777777777778,0.95,"{""clf__C"": 10.0, ""clf__gamma_mult"": 1.0}",83.01217579999957
15,quantum/FB-Bures-RBF-ref-SVM,quantum,1,0.6666666666666666,0.85,"{""clf__C"": 10.0, ""clf__gamma_mult"": 0.25}",83.01217579999957
15,quantum/FB-Bures-RBF-ref-SVM,quantum,2,0.7777777777777778,0.9,"{""clf__C"": 10.0, ""clf__gamma_mult"": 0.25}",83.01217579999957
15,quantum/FB-Bures-RBF-ref-SVM,quantum,3,0.7777777777777778,1.0,"{""clf__C"": 10.0, ""clf__gamma_mult"": 1.0}",83.01217579999957
15,quantum/FB-Bures-RBF-ref-SVM,quantum,4,0.7777777777777778,0.9,"{""clf__C"": 10.0, ""clf__gamma_mult"": 0.25}",83.01217579999957
15,quantum/FB-Bures-RBF-ref-SVM,quantum,5,0.8888888888888888,0.95,"{""clf__C"": 10.0, ""clf__gamma_mult"": 1.0}",83.01217579999957
15,quantum/FB-Bures-RBF-ref-SVM,quantum,6,1.0,1.0,"{""clf__C"": 10.0, ""clf__gamma_mult"": 0.25}",83.01217579999957
15,quantum/FB-Bures-RBF-ref-SVM,quantum,7,0.7777777777777778,0.8,"{""clf__C"": 10.0, ""clf__gamma_mult"": 0.25}",83.01217579999957
15,quantum/FB-Bures-RBF-ref-SVM,quantum,8,1.0,1.0,"{""clf__C"": 10.0, ""clf__gamma_mult"": 1.0}",83.01217579999957
15,quantum/FB-Bures-RBF-ref-SVM,quantum,9,0.5555555555555556,0.85,"{""clf__C"": 1.0, ""clf__gamma_mult"": 1.0}",83.01217579999957
15,quantum/FB-Bures-RBF-ref-SVM,quantum,10,0.8888888888888888,1.0,"{""clf__C"": 10.0, ""clf__gamma_mult"": 0.25}",83.01217579999957
15,quantum/FB-Bures-RBF-ref-SVM,quantum,11,1.0,1.0,"{""clf__C"": 10.0, ""clf__gamma_mult"": 0.25}",83.01217579999957
15,quantum/FB-Bures-RBF-ref-SVM,quantum,12,0.5555555555555556,0.8,"{""clf__C"": 10.0, ""clf__gamma_mult"": 0.25}",83.01217579999957
15,quantum/FB-Bures-RBF-ref-SVM,quantum,13,0.7777777777777778,0.8,"{""clf__C"": 10.0, ""clf__gamma_mult"": 1.0}",83.01217579999957
15,quantum/FB-Bures-RBF-ref-SVM,quantum,14,0.5555555555555556,0.6,"{""clf__C"": 10.0, ""clf__gamma_mult"": 4.0}",83.01217579999957
15,quantum/FB-QRE-RBF-SVM,quantum,0,0.5555555555555556,0.3999999999999999,"{""clf__C"": 1.0, ""clf__gamma_mult"": 1.0}",49.24331509999956
15,quantum/FB-QRE-RBF-SVM,quantum,1,0.4444444444444444,0.35,"{""clf__C"": 10.0, ""clf__gamma_mult"": 0.25}",49.24331509999956
15,quantum/FB-QRE-RBF-SVM,quantum,2,0.2222222222222222,0.3,"{""clf__C"": 10.0, ""clf__gamma_mult"": 0.25}",49.24331509999956
15,quantum/FB-QRE-RBF-SVM,quantum,3,0.6666666666666666,0.55,"{""clf__C"": 10.0, ""clf__gamma_mult"": 0.25}",49.24331509999956
15,quantum/FB-QRE-RBF-SVM,quantum,4,0.3333333333333333,0.25,"{""clf__C"": 10.0, ""clf__gamma_mult"": 0.25}",49.24331509999956
15,quantum/FB-QRE-RBF-SVM,quantum,5,0.2222222222222222,0.25,"{""clf__C"": 1.0, ""clf__gamma_mult"": 1.0}",49.24331509999956
15,quantum/FB-QRE-RBF-SVM,quantum,6,0.4444444444444444,0.2999999999999999,"{""clf__C"": 1.0, ""clf__gamma_mult"": 1.0}",49.24331509999956
15,quantum/FB-QRE-RBF-SVM,quantum,7,0.4444444444444444,0.35,"{""clf__C"": 1.0, ""clf__gamma_mult"": 1.0}",49.24331509999956
15,quantum/FB-QRE-RBF-SVM,quantum,8,0.4444444444444444,0.95,"{""clf__C"": 0.1, ""clf__gamma_mult"": 0.25}",49.24331509999956
15,quantum/FB-QRE-RBF-SVM,quantum,9,0.6666666666666666,0.5,"{""clf__C"": 10.0, ""clf__gamma_mult"": 1.0}",49.24331509999956
15,quantum/FB-QRE-RBF-SVM,quantum,10,0.5555555555555556,0.7,"{""clf__C"": 10.0, ""clf__gamma_mult"": 0.25}",49.24331509999956
15,quantum/FB-QRE-RBF-SVM,quantum,11,0.5555555555555556,0.4,"{""clf__C"": 10.0, ""clf__gamma_mult"": 0.25}",49.24331509999956
15,quantum/FB-QRE-RBF-SVM,quantum,12,0.6666666666666666,0.7000000000000001,"{""clf__C"": 1.0, ""clf__gamma_mult"": 4.0}",49.24331509999956
15,quantum/FB-QRE-RBF-SVM,quantum,13,0.2222222222222222,0.4,"{""clf__C"": 1.0, ""clf__gamma_mult"": 1.0}",49.24331509999956
15,quantum/FB-QRE-RBF-SVM,quantum,14,0.4444444444444444,0.65,"{""clf__C"": 0.1, ""clf__gamma_mult"": 0.25}",49.24331509999956
15,quantum/FB-QRE-RBF-ref-SVM,quantum,0,0.8888888888888888,0.95,"{""clf__C"": 10.0, ""clf__gamma_mult"": 1.0}",67.11419360000036
15,quantum/FB-QRE-RBF-ref-SVM,quantum,1,0.6666666666666666,0.85,"{""clf__C"": 10.0, ""clf__gamma_mult"": 1.0}",67.11419360000036
15,quantum/FB-QRE-RBF-ref-SVM,quantum,2,0.5555555555555556,0.95,"{""clf__C"": 10.0, ""clf__gamma_mult"": 0.25}",67.11419360000036
15,quantum/FB-QRE-RBF-ref-SVM,quantum,3,0.7777777777777778,1.0,"{""clf__C"": 10.0, ""clf__gamma_mult"": 1.0}",67.11419360000036
15,quantum/FB-QRE-RBF-ref-SVM,quantum,4,0.6666666666666666,0.9,"{""clf__C"": 10.0, ""clf__gamma_mult"": 0.25}",67.11419360000036
15,quantum/FB-QRE-RBF-ref-SVM,quantum,5,0.8888888888888888,0.95,"{""clf__C"": 10.0, ""clf__gamma_mult"": 1.0}",67.11419360000036
15,quantum/FB-QRE-RBF-ref-SVM,quantum,6,1.0,1.0,"{""clf__C"": 10.0, ""clf__gamma_mult"": 0.25}",67.11419360000036
15,quantum/FB-QRE-RBF-ref-SVM,quantum,7,0.5555555555555556,0.6,"{""clf__C"": 1.0, ""clf__gamma_mult"": 1.0}",67.11419360000036
15,quantum/FB-QRE-RBF-ref-SVM,quantum,8,1.0,1.0,"{""clf__C"": 10.0, ""clf__gamma_mult"": 1.0}",67.11419360000036
15,quantum/FB-QRE-RBF-ref-SVM,quantum,9,0.6666666666666666,0.8,"{""clf__C"": 10.0, ""clf__gamma_mult"": 1.0}",67.11419360000036
15,quantum/FB-QRE-RBF-ref-SVM,quantum,10,0.8888888888888888,1.0,"{""clf__C"": 10.0, ""clf__gamma_mult"": 0.25}",67.11419360000036
15,quantum/FB-QRE-RBF-ref-SVM,quantum,11,1.0,1.0,"{""clf__C"": 10.0, ""clf__gamma_mult"": 0.25}",67.11419360000036
15,quantum/FB-QRE-RBF-ref-SVM,quantum,12,0.5555555555555556,0.8,"{""clf__C"": 10.0, ""clf__gamma_mult"": 0.25}",67.11419360000036
15,quantum/FB-QRE-RBF-ref-SVM,quantum,13,0.7777777777777778,0.8,"{""clf__C"": 10.0, ""clf__gamma_mult"": 1.0}",67.11419360000036
15,quantum/FB-QRE-RBF-ref-SVM,quantum,14,0.5555555555555556,0.6,"{""clf__C"": 10.0, ""clf__gamma_mult"": 4.0}",67.11419360000036
15,control/FB-riemann-kernel-SVM,control,0,0.8888888888888888,0.8500000000000001,"{""clf__C"": 1.0}",38.72711059999983
15,control/FB-riemann-kernel-SVM,control,1,0.6666666666666666,0.8,"{""clf__C"": 0.1}",38.72711059999983
15,control/FB-riemann-kernel-SVM,control,2,0.5555555555555556,0.85,"{""clf__C"": 1.0}",38.72711059999983
15,control/FB-riemann-kernel-SVM,control,3,0.8888888888888888,1.0,"{""clf__C"": 1.0}",38.72711059999983
15,control/FB-riemann-kernel-SVM,control,4,0.6666666666666666,0.75,"{""clf__C"": 1.0}",38.72711059999983
15,control/FB-riemann-kernel-SVM,control,5,0.8888888888888888,1.0,"{""clf__C"": 0.1}",38.72711059999983
15,control/FB-riemann-kernel-SVM,control,6,0.8888888888888888,1.0,"{""clf__C"": 1.0}",38.72711059999983
15,control/FB-riemann-kernel-SVM,control,7,0.7777777777777778,0.7,"{""clf__C"": 1.0}",38.72711059999983
15,control/FB-riemann-kernel-SVM,control,8,1.0,1.0,"{""clf__C"": 0.1}",38.72711059999983
15,control/FB-riemann-kernel-SVM,control,9,0.5555555555555556,0.8,"{""clf__C"": 1.0}",38.72711059999983
15,control/FB-riemann-kernel-SVM,control,10,0.8888888888888888,0.95,"{""clf__C"": 1.0}",38.72711059999983
15,control/FB-riemann-kernel-SVM,control,11,1.0,1.0,"{""clf__C"": 1.0}",38.72711059999983
15,control/FB-riemann-kernel-SVM,control,12,0.7777777777777778,0.8,"{""clf__C"": 1.0}",38.72711059999983
15,control/FB-riemann-kernel-SVM,control,13,0.7777777777777778,0.95,"{""clf__C"": 1.0}",38.72711059999983
15,control/FB-riemann-kernel-SVM,control,14,0.6666666666666666,0.6,"{""clf__C"": 1.0}",38.72711059999983
15,control/FB-logeuclid-kernel-SVM,control,0,0.7777777777777778,1.0,"{""clf__C"": 0.1}",39.46836600000006
15,control/FB-logeuclid-kernel-SVM,control,1,0.5555555555555556,0.8,"{""clf__C"": 1.0}",39.46836600000006
15,control/FB-logeuclid-kernel-SVM,control,2,0.6666666666666666,0.8,"{""clf__C"": 1.0}",39.46836600000006
15,control/FB-logeuclid-kernel-SVM,control,3,0.6666666666666666,0.8500000000000001,"{""clf__C"": 0.1}",39.46836600000006
15,control/FB-logeuclid-kernel-SVM,control,4,0.7777777777777778,0.75,"{""clf__C"": 1.0}",39.46836600000006
15,control/FB-logeuclid-kernel-SVM,control,5,0.6666666666666666,0.8,"{""clf__C"": 1.0}",39.46836600000006
15,control/FB-logeuclid-kernel-SVM,control,6,1.0,1.0,"{""clf__C"": 1.0}",39.46836600000006
15,control/FB-logeuclid-kernel-SVM,control,7,0.5555555555555556,0.45,"{""clf__C"": 0.1}",39.46836600000006
15,control/FB-logeuclid-kernel-SVM,control,8,0.8888888888888888,0.95,"{""clf__C"": 0.1}",39.46836600000006
15,control/FB-logeuclid-kernel-SVM,control,9,0.7777777777777778,0.8,"{""clf__C"": 1.0}",39.46836600000006
15,control/FB-logeuclid-kernel-SVM,control,10,0.7777777777777778,1.0,"{""clf__C"": 1.0}",39.46836600000006
15,control/FB-logeuclid-kernel-SVM,control,11,1.0,1.0,"{""clf__C"": 1.0}",39.46836600000006
15,control/FB-logeuclid-kernel-SVM,control,12,0.5555555555555556,0.65,"{""clf__C"": 1.0}",39.46836600000006
15,control/FB-logeuclid-kernel-SVM,control,13,0.8888888888888888,0.95,"{""clf__C"": 1.0}",39.46836600000006
15,control/FB-logeuclid-kernel-SVM,control,14,0.6666666666666666,0.6,"{""clf__C"": 1.0}",39.46836600000006
16,classical/FBCSP+LDA,classical,0,0.4444444444444444,0.6,"{""perband__base__csp__nfilter"": 6}",40.55378610000025
16,classical/FBCSP+LDA,classical,1,0.6666666666666666,0.75,"{""perband__base__csp__nfilter"": 6}",40.55378610000025
16,classical/FBCSP+LDA,classical,2,0.5555555555555556,0.45,"{""perband__base__csp__nfilter"": 6}",40.55378610000025
16,classical/FBCSP+LDA,classical,3,0.4444444444444444,0.55,"{""perband__base__csp__nfilter"": 2}",40.55378610000025
16,classical/FBCSP+LDA,classical,4,0.4444444444444444,0.7,"{""perband__base__csp__nfilter"": 2}",40.55378610000025
16,classical/FBCSP+LDA,classical,5,0.7777777777777778,0.8,"{""perband__base__csp__nfilter"": 6}",40.55378610000025
16,classical/FBCSP+LDA,classical,6,0.7777777777777778,0.9,"{""perband__base__csp__nfilter"": 4}",40.55378610000025
16,classical/FBCSP+LDA,classical,7,0.6666666666666666,0.7,"{""perband__base__csp__nfilter"": 4}",40.55378610000025
16,classical/FBCSP+LDA,classical,8,0.7777777777777778,0.8500000000000001,"{""perband__base__csp__nfilter"": 6}",40.55378610000025
16,classical/FBCSP+LDA,classical,9,0.7777777777777778,0.65,"{""perband__base__csp__nfilter"": 2}",40.55378610000025
16,classical/FBCSP+LDA,classical,10,0.6666666666666666,0.85,"{""perband__base__csp__nfilter"": 6}",40.55378610000025
16,classical/FBCSP+LDA,classical,11,0.4444444444444444,0.75,"{""perband__base__csp__nfilter"": 4}",40.55378610000025
16,classical/FBCSP+LDA,classical,12,0.6666666666666666,0.7,"{""perband__base__csp__nfilter"": 6}",40.55378610000025
16,classical/FBCSP+LDA,classical,13,0.5555555555555556,0.75,"{""perband__base__csp__nfilter"": 6}",40.55378610000025
16,classical/FBCSP+LDA,classical,14,0.6666666666666666,0.6000000000000001,"{""perband__base__csp__nfilter"": 6}",40.55378610000025
16,classical/FB-TS+LR,classical,0,0.6666666666666666,0.6499999999999999,"{""clf__C"": 0.1}",56.28131310000026
16,classical/FB-TS+LR,classical,1,0.7777777777777778,0.9,"{""clf__C"": 10.0}",56.28131310000026
16,classical/FB-TS+LR,classical,2,0.8888888888888888,0.85,"{""clf__C"": 1.0}",56.28131310000026
16,classical/FB-TS+LR,classical,3,0.8888888888888888,0.8,"{""clf__C"": 10.0}",56.28131310000026
16,classical/FB-TS+LR,classical,4,0.6666666666666666,0.9,"{""clf__C"": 1.0}",56.28131310000026
16,classical/FB-TS+LR,classical,5,0.6666666666666666,0.8,"{""clf__C"": 0.1}",56.28131310000026
16,classical/FB-TS+LR,classical,6,0.8888888888888888,0.9,"{""clf__C"": 10.0}",56.28131310000026
16,classical/FB-TS+LR,classical,7,0.6666666666666666,0.85,"{""clf__C"": 0.1}",56.28131310000026
16,classical/FB-TS+LR,classical,8,0.7777777777777778,0.75,"{""clf__C"": 0.1}",56.28131310000026
16,classical/FB-TS+LR,classical,9,0.8888888888888888,0.8500000000000001,"{""clf__C"": 1.0}",56.28131310000026
16,classical/FB-TS+LR,classical,10,0.7777777777777778,1.0,"{""clf__C"": 0.1}",56.28131310000026
16,classical/FB-TS+LR,classical,11,0.6666666666666666,0.85,"{""clf__C"": 0.1}",56.28131310000026
16,classical/FB-TS+LR,classical,12,0.7777777777777778,0.75,"{""clf__C"": 0.1}",56.28131310000026
16,classical/FB-TS+LR,classical,13,0.7777777777777778,0.85,"{""clf__C"": 0.1}",56.28131310000026
16,classical/FB-TS+LR,classical,14,0.6666666666666666,0.8500000000000001,"{""clf__C"": 0.1}",56.28131310000026
16,classical/FB-TS+RBF-SVM,classical,0,0.5555555555555556,0.65,"{""clf__C"": 10.0, ""clf__gamma"": ""scale""}",94.56627739999932
16,classical/FB-TS+RBF-SVM,classical,1,0.5555555555555556,0.75,"{""clf__C"": 1.0, ""clf__gamma"": ""scale""}",94.56627739999932
16,classical/FB-TS+RBF-SVM,classical,2,0.6666666666666666,0.9,"{""clf__C"": 10.0, ""clf__gamma"": ""scale""}",94.56627739999932
16,classical/FB-TS+RBF-SVM,classical,3,0.7777777777777778,0.7000000000000001,"{""clf__C"": 10.0, ""clf__gamma"": ""scale""}",94.56627739999932
16,classical/FB-TS+RBF-SVM,classical,4,0.7777777777777778,0.9,"{""clf__C"": 10.0, ""clf__gamma"": ""scale""}",94.56627739999932
16,classical/FB-TS+RBF-SVM,classical,5,0.5555555555555556,0.75,"{""clf__C"": 10.0, ""clf__gamma"": ""scale""}",94.56627739999932
16,classical/FB-TS+RBF-SVM,classical,6,0.5555555555555556,0.8,"{""clf__C"": 1.0, ""clf__gamma"": 0.01}",94.56627739999932
16,classical/FB-TS+RBF-SVM,classical,7,0.6666666666666666,0.7,"{""clf__C"": 10.0, ""clf__gamma"": ""scale""}",94.56627739999932
16,classical/FB-TS+RBF-SVM,classical,8,0.6666666666666666,0.7,"{""clf__C"": 10.0, ""clf__gamma"": ""scale""}",94.56627739999932
16,classical/FB-TS+RBF-SVM,classical,9,0.4444444444444444,0.5,"{""clf__C"": 1.0, ""clf__gamma"": ""scale""}",94.56627739999932
16,classical/FB-TS+RBF-SVM,classical,10,0.6666666666666666,0.85,"{""clf__C"": 10.0, ""clf__gamma"": ""scale""}",94.56627739999932
16,classical/FB-TS+RBF-SVM,classical,11,0.4444444444444444,0.75,"{""clf__C"": 1.0, ""clf__gamma"": 0.01}",94.56627739999932
16,classical/FB-TS+RBF-SVM,classical,12,0.4444444444444444,0.45,"{""clf__C"": 1.0, ""clf__gamma"": 0.01}",94.56627739999932
16,classical/FB-TS+RBF-SVM,classical,13,0.7777777777777778,0.8,"{""clf__C"": 10.0, ""clf__gamma"": ""scale""}",94.56627739999932
16,classical/FB-TS+RBF-SVM,classical,14,0.7777777777777778,0.9,"{""clf__C"": 10.0, ""clf__gamma"": ""scale""}",94.56627739999932
16,quantum/FB-HS-overlap-SVM,quantum,0,0.4444444444444444,0.75,"{""clf__C"": 0.1}",40.71916160000001
16,quantum/FB-HS-overlap-SVM,quantum,1,0.5555555555555556,0.65,"{""clf__C"": 10.0}",40.71916160000001
16,quantum/FB-HS-overlap-SVM,quantum,2,0.4444444444444444,0.7000000000000001,"{""clf__C"": 1.0}",40.71916160000001
16,quantum/FB-HS-overlap-SVM,quantum,3,0.6666666666666666,0.55,"{""clf__C"": 10.0}",40.71916160000001
16,quantum/FB-HS-overlap-SVM,quantum,4,0.6666666666666666,0.75,"{""clf__C"": 10.0}",40.71916160000001
16,quantum/FB-HS-overlap-SVM,quantum,5,0.6666666666666666,0.6499999999999999,"{""clf__C"": 10.0}",40.71916160000001
16,quantum/FB-HS-overlap-SVM,quantum,6,0.5555555555555556,0.4499999999999999,"{""clf__C"": 10.0}",40.71916160000001
16,quantum/FB-HS-overlap-SVM,quantum,7,0.4444444444444444,0.55,"{""clf__C"": 10.0}",40.71916160000001
16,quantum/FB-HS-overlap-SVM,quantum,8,0.6666666666666666,0.8,"{""clf__C"": 10.0}",40.71916160000001
16,quantum/FB-HS-overlap-SVM,quantum,9,0.5555555555555556,0.55,"{""clf__C"": 10.0}",40.71916160000001
16,quantum/FB-HS-overlap-SVM,quantum,10,0.4444444444444444,0.6499999999999999,"{""clf__C"": 1.0}",40.71916160000001
16,quantum/FB-HS-overlap-SVM,quantum,11,0.4444444444444444,0.6,"{""clf__C"": 10.0}",40.71916160000001
16,quantum/FB-HS-overlap-SVM,quantum,12,0.3333333333333333,0.4,"{""clf__C"": 1.0}",40.71916160000001
16,quantum/FB-HS-overlap-SVM,quantum,13,0.8888888888888888,0.85,"{""clf__C"": 0.1}",40.71916160000001
16,quantum/FB-HS-overlap-SVM,quantum,14,0.7777777777777778,1.0,"{""clf__C"": 0.1}",40.71916160000001
16,quantum/FB-HS-overlap-ref-SVM,quantum,0,0.6666666666666666,0.85,"{""clf__C"": 10.0}",51.32830030000059
16,quantum/FB-HS-overlap-ref-SVM,quantum,1,0.8888888888888888,1.0,"{""clf__C"": 10.0}",51.32830030000059
16,quantum/FB-HS-overlap-ref-SVM,quantum,2,0.6666666666666666,0.9,"{""clf__C"": 10.0}",51.32830030000059
16,quantum/FB-HS-overlap-ref-SVM,quantum,3,0.5555555555555556,0.8,"{""clf__C"": 10.0}",51.32830030000059
16,quantum/FB-HS-overlap-ref-SVM,quantum,4,0.8888888888888888,0.8,"{""clf__C"": 10.0}",51.32830030000059
16,quantum/FB-HS-overlap-ref-SVM,quantum,5,0.7777777777777778,0.8500000000000001,"{""clf__C"": 10.0}",51.32830030000059
16,quantum/FB-HS-overlap-ref-SVM,quantum,6,0.8888888888888888,0.95,"{""clf__C"": 10.0}",51.32830030000059
16,quantum/FB-HS-overlap-ref-SVM,quantum,7,0.7777777777777778,0.95,"{""clf__C"": 10.0}",51.32830030000059
16,quantum/FB-HS-overlap-ref-SVM,quantum,8,0.7777777777777778,0.8500000000000001,"{""clf__C"": 10.0}",51.32830030000059
16,quantum/FB-HS-overlap-ref-SVM,quantum,9,0.8888888888888888,1.0,"{""clf__C"": 10.0}",51.32830030000059
16,quantum/FB-HS-overlap-ref-SVM,quantum,10,0.8888888888888888,1.0,"{""clf__C"": 10.0}",51.32830030000059
16,quantum/FB-HS-overlap-ref-SVM,quantum,11,0.7777777777777778,0.95,"{""clf__C"": 10.0}",51.32830030000059
16,quantum/FB-HS-overlap-ref-SVM,quantum,12,0.7777777777777778,0.75,"{""clf__C"": 10.0}",51.32830030000059
16,quantum/FB-HS-overlap-ref-SVM,quantum,13,1.0,1.0,"{""clf__C"": 10.0}",51.32830030000059
16,quantum/FB-HS-overlap-ref-SVM,quantum,14,0.5555555555555556,0.75,"{""clf__C"": 10.0}",51.32830030000059
16,quantum/FB-Fidelity-SVM,quantum,0,0.6666666666666666,0.75,"{""clf__C"": 10.0}",50.20141559999957
16,quantum/FB-Fidelity-SVM,quantum,1,0.5555555555555556,0.65,"{""clf__C"": 10.0}",50.20141559999957
16,quantum/FB-Fidelity-SVM,quantum,2,0.5555555555555556,0.6,"{""clf__C"": 10.0}",50.20141559999957
16,quantum/FB-Fidelity-SVM,quantum,3,0.6666666666666666,0.5,"{""clf__C"": 10.0}",50.20141559999957
16,quantum/FB-Fidelity-SVM,quantum,4,0.5555555555555556,0.7,"{""clf__C"": 10.0}",50.20141559999957
16,quantum/FB-Fidelity-SVM,quantum,5,0.4444444444444444,0.7000000000000001,"{""clf__C"": 0.1}",50.20141559999957
16,quantum/FB-Fidelity-SVM,quantum,6,0.4444444444444444,0.4499999999999999,"{""clf__C"": 10.0}",50.20141559999957
16,quantum/FB-Fidelity-SVM,quantum,7,0.4444444444444444,0.55,"{""clf__C"": 10.0}",50.20141559999957
16,quantum/FB-Fidelity-SVM,quantum,8,0.6666666666666666,0.8,"{""clf__C"": 10.0}",50.20141559999957
16,quantum/FB-Fidelity-SVM,quantum,9,0.5555555555555556,0.55,"{""clf__C"": 10.0}",50.20141559999957
16,quantum/FB-Fidelity-SVM,quantum,10,0.4444444444444444,0.6,"{""clf__C"": 10.0}",50.20141559999957
16,quantum/FB-Fidelity-SVM,quantum,11,0.4444444444444444,0.4999999999999999,"{""clf__C"": 10.0}",50.20141559999957
16,quantum/FB-Fidelity-SVM,quantum,12,0.3333333333333333,0.4,"{""clf__C"": 10.0}",50.20141559999957
16,quantum/FB-Fidelity-SVM,quantum,13,0.8888888888888888,0.85,"{""clf__C"": 10.0}",50.20141559999957
16,quantum/FB-Fidelity-SVM,quantum,14,0.7777777777777778,1.0,"{""clf__C"": 0.1}",50.20141559999957
16,quantum/FB-Fidelity-ref-SVM,quantum,0,0.6666666666666666,0.85,"{""clf__C"": 10.0}",55.08416219999981
16,quantum/FB-Fidelity-ref-SVM,quantum,1,0.7777777777777778,0.95,"{""clf__C"": 10.0}",55.08416219999981
16,quantum/FB-Fidelity-ref-SVM,quantum,2,0.8888888888888888,1.0,"{""clf__C"": 10.0}",55.08416219999981
16,quantum/FB-Fidelity-ref-SVM,quantum,3,0.5555555555555556,0.7,"{""clf__C"": 10.0}",55.08416219999981
16,quantum/FB-Fidelity-ref-SVM,quantum,4,0.8888888888888888,0.8,"{""clf__C"": 10.0}",55.08416219999981
16,quantum/FB-Fidelity-ref-SVM,quantum,5,0.6666666666666666,0.9,"{""clf__C"": 10.0}",55.08416219999981
16,quantum/FB-Fidelity-ref-SVM,quantum,6,0.8888888888888888,0.8,"{""clf__C"": 10.0}",55.08416219999981
16,quantum/FB-Fidelity-ref-SVM,quantum,7,0.8888888888888888,0.85,"{""clf__C"": 10.0}",55.08416219999981
16,quantum/FB-Fidelity-ref-SVM,quantum,8,0.5555555555555556,0.8,"{""clf__C"": 10.0}",55.08416219999981
16,quantum/FB-Fidelity-ref-SVM,quantum,9,0.8888888888888888,0.8500000000000001,"{""clf__C"": 10.0}",55.08416219999981
16,quantum/FB-Fidelity-ref-SVM,quantum,10,0.7777777777777778,0.95,"{""clf__C"": 10.0}",55.08416219999981
16,quantum/FB-Fidelity-ref-SVM,quantum,11,0.6666666666666666,0.9,"{""clf__C"": 10.0}",55.08416219999981
16,quantum/FB-Fidelity-ref-SVM,quantum,12,0.6666666666666666,0.9,"{""clf__C"": 10.0}",55.08416219999981
16,quantum/FB-Fidelity-ref-SVM,quantum,13,1.0,1.0,"{""clf__C"": 10.0}",55.08416219999981
16,quantum/FB-Fidelity-ref-SVM,quantum,14,0.5555555555555556,0.7,"{""clf__C"": 10.0}",55.08416219999981
16,quantum/FB-HS-RBF-SVM,quantum,0,0.6666666666666666,0.75,"{""clf__C"": 1.0, ""clf__gamma_mult"": 0.25}",48.87444680000044
16,quantum/FB-HS-RBF-SVM,quantum,1,0.5555555555555556,0.65,"{""clf__C"": 1.0, ""clf__gamma_mult"": 0.25}",48.87444680000044
16,quantum/FB-HS-RBF-SVM,quantum,2,0.4444444444444444,0.7000000000000001,"{""clf__C"": 10.0, ""clf__gamma_mult"": 0.25}",48.87444680000044
16,quantum/FB-HS-RBF-SVM,quantum,3,0.4444444444444444,0.6000000000000001,"{""clf__C"": 10.0, ""clf__gamma_mult"": 4.0}",48.87444680000044
16,quantum/FB-HS-RBF-SVM,quantum,4,0.5555555555555556,0.55,"{""clf__C"": 10.0, ""clf__gamma_mult"": 4.0}",48.87444680000044
16,quantum/FB-HS-RBF-SVM,quantum,5,0.4444444444444444,0.7000000000000001,"{""clf__C"": 0.1, ""clf__gamma_mult"": 0.25}",48.87444680000044
16,quantum/FB-HS-RBF-SVM,quantum,6,0.5555555555555556,0.4499999999999999,"{""clf__C"": 1.0, ""clf__gamma_mult"": 0.25}",48.87444680000044
16,quantum/FB-HS-RBF-SVM,quantum,7,0.3333333333333333,0.55,"{""clf__C"": 1.0, ""clf__gamma_mult"": 4.0}",48.87444680000044
16,quantum/FB-HS-RBF-SVM,quantum,8,0.6666666666666666,0.75,"{""clf__C"": 1.0, ""clf__gamma_mult"": 0.25}",48.87444680000044
16,quantum/FB-HS-RBF-SVM,quantum,9,0.5555555555555556,0.65,"{""clf__C"": 1.0, ""clf__gamma_mult"": 0.25}",48.87444680000044
16,quantum/FB-HS-RBF-SVM,quantum,10,0.4444444444444444,0.4999999999999999,"{""clf__C"": 1.0, ""clf__gamma_mult"": 0.25}",48.87444680000044
16,quantum/FB-HS-RBF-SVM,quantum,11,0.5555555555555556,0.4,"{""clf__C"": 10.0, ""clf__gamma_mult"": 4.0}",48.87444680000044
16,quantum/FB-HS-RBF-SVM,quantum,12,0.3333333333333333,0.35,"{""clf__C"": 1.0, ""clf__gamma_mult"": 0.25}",48.87444680000044
16,quantum/FB-HS-RBF-SVM,quantum,13,0.5555555555555556,0.65,"{""clf__C"": 10.0, ""clf__gamma_mult"": 4.0}",48.87444680000044
16,quantum/FB-HS-RBF-SVM,quantum,14,0.6666666666666666,0.5499999999999999,"{""clf__C"": 10.0, ""clf__gamma_mult"": 4.0}",48.87444680000044
16,quantum/FB-HS-RBF-ref-SVM,quantum,0,0.6666666666666666,0.85,"{""clf__C"": 10.0, ""clf__gamma_mult"": 0.25}",67.25812399999995
16,quantum/FB-HS-RBF-ref-SVM,quantum,1,0.8888888888888888,1.0,"{""clf__C"": 10.0, ""clf__gamma_mult"": 0.25}",67.25812399999995
16,quantum/FB-HS-RBF-ref-SVM,quantum,2,0.8888888888888888,1.0,"{""clf__C"": 10.0, ""clf__gamma_mult"": 0.25}",67.25812399999995
16,quantum/FB-HS-RBF-ref-SVM,quantum,3,0.5555555555555556,0.65,"{""clf__C"": 10.0, ""clf__gamma_mult"": 1.0}",67.25812399999995
16,quantum/FB-HS-RBF-ref-SVM,quantum,4,0.8888888888888888,0.8,"{""clf__C"": 10.0, ""clf__gamma_mult"": 0.25}",67.25812399999995
16,quantum/FB-HS-RBF-ref-SVM,quantum,5,0.7777777777777778,0.85,"{""clf__C"": 10.0, ""clf__gamma_mult"": 0.25}",67.25812399999995
16,quantum/FB-HS-RBF-ref-SVM,quantum,6,0.8888888888888888,0.8500000000000001,"{""clf__C"": 10.0, ""clf__gamma_mult"": 1.0}",67.25812399999995
16,quantum/FB-HS-RBF-ref-SVM,quantum,7,0.7777777777777778,0.95,"{""clf__C"": 10.0, ""clf__gamma_mult"": 0.25}",67.25812399999995
16,quantum/FB-HS-RBF-ref-SVM,quantum,8,0.7777777777777778,0.8,"{""clf__C"": 10.0, ""clf__gamma_mult"": 1.0}",67.25812399999995
16,quantum/FB-HS-RBF-ref-SVM,quantum,9,0.8888888888888888,1.0,"{""clf__C"": 10.0, ""clf__gamma_mult"": 0.25}",67.25812399999995
16,quantum/FB-HS-RBF-ref-SVM,quantum,10,0.7777777777777778,1.0,"{""clf__C"": 10.0, ""clf__gamma_mult"": 0.25}",67.25812399999995
16,quantum/FB-HS-RBF-ref-SVM,quantum,11,0.6666666666666666,0.95,"{""clf__C"": 10.0, ""clf__gamma_mult"": 0.25}",67.25812399999995
16,quantum/FB-HS-RBF-ref-SVM,quantum,12,0.4444444444444444,0.55,"{""clf__C"": 10.0, ""clf__gamma_mult"": 4.0}",67.25812399999995
16,quantum/FB-HS-RBF-ref-SVM,quantum,13,1.0,1.0,"{""clf__C"": 10.0, ""clf__gamma_mult"": 0.25}",67.25812399999995
16,quantum/FB-HS-RBF-ref-SVM,quantum,14,0.5555555555555556,0.75,"{""clf__C"": 10.0, ""clf__gamma_mult"": 1.0}",67.25812399999995
16,quantum/FB-Bures-RBF-SVM,quantum,0,0.6666666666666666,0.75,"{""clf__C"": 1.0, ""clf__gamma_mult"": 0.25}",83.26300279999941
16,quantum/FB-Bures-RBF-SVM,quantum,1,0.4444444444444444,0.65,"{""clf__C"": 0.1, ""clf__gamma_mult"": 0.25}",83.26300279999941
16,quantum/FB-Bures-RBF-SVM,quantum,2,0.4444444444444444,0.6,"{""clf__C"": 10.0, ""clf__gamma_mult"": 0.25}",83.26300279999941
16,quantum/FB-Bures-RBF-SVM,quantum,3,0.4444444444444444,0.55,"{""clf__C"": 10.0, ""clf__gamma_mult"": 4.0}",83.26300279999941
16,quantum/FB-Bures-RBF-SVM,quantum,4,0.6666666666666666,0.75,"{""clf__C"": 1.0, ""clf__gamma_mult"": 0.25}",83.26300279999941
16,quantum/FB-Bures-RBF-SVM,quantum,5,0.4444444444444444,0.7000000000000001,"{""clf__C"": 0.1, ""clf__gamma_mult"": 0.25}",83.26300279999941
16,quantum/FB-Bures-RBF-SVM,quantum,6,0.5555555555555556,0.4499999999999999,"{""clf__C"": 1.0, ""clf__gamma_mult"": 0.25}",83.26300279999941
16,quantum/FB-Bures-RBF-SVM,quantum,7,0.3333333333333333,0.55,"{""clf__C"": 1.0, ""clf__gamma_mult"": 1.0}",83.26300279999941
16,quantum/FB-Bures-RBF-SVM,quantum,8,0.6666666666666666,0.65,"{""clf__C"": 1.0, ""clf__gamma_mult"": 1.0}",83.26300279999941
16,quantum/FB-Bures-RBF-SVM,quantum,9,0.5555555555555556,0.6,"{""clf__C"": 1.0, ""clf__gamma_mult"": 0.25}",83.26300279999941
16,quantum/FB-Bures-RBF-SVM,quantum,10,0.4444444444444444,0.4999999999999999,"{""clf__C"": 1.0, ""clf__gamma_mult"": 0.25}",83.26300279999941
16,quantum/FB-Bures-RBF-SVM,quantum,11,0.4444444444444444,0.4,"{""clf__C"": 10.0, ""clf__gamma_mult"": 4.0}",83.26300279999941
16,quantum/FB-Bures-RBF-SVM,quantum,12,0.3333333333333333,0.35,"{""clf__C"": 1.0, ""clf__gamma_mult"": 0.25}",83.26300279999941
16,quantum/FB-Bures-RBF-SVM,quantum,13,0.6666666666666666,0.7,"{""clf__C"": 10.0, ""clf__gamma_mult"": 4.0}",83.26300279999941
16,quantum/FB-Bures-RBF-SVM,quantum,14,0.6666666666666666,0.6,"{""clf__C"": 10.0, ""clf__gamma_mult"": 4.0}",83.26300279999941
16,quantum/FB-Bures-RBF-ref-SVM,quantum,0,0.6666666666666666,0.8,"{""clf__C"": 10.0, ""clf__gamma_mult"": 0.25}",103.94076539999968
16,quantum/FB-Bures-RBF-ref-SVM,quantum,1,0.4444444444444444,0.9,"{""clf__C"": 1.0, ""clf__gamma_mult"": 4.0}",103.94076539999968
16,quantum/FB-Bures-RBF-ref-SVM,quantum,2,0.7777777777777778,0.95,"{""clf__C"": 10.0, ""clf__gamma_mult"": 0.25}",103.94076539999968
16,quantum/FB-Bures-RBF-ref-SVM,quantum,3,0.6666666666666666,0.75,"{""clf__C"": 10.0, ""clf__gamma_mult"": 1.0}",103.94076539999968
16,quantum/FB-Bures-RBF-ref-SVM,quantum,4,0.8888888888888888,0.8,"{""clf__C"": 10.0, ""clf__gamma_mult"": 0.25}",103.94076539999968
16,quantum/FB-Bures-RBF-ref-SVM,quantum,5,0.6666666666666666,0.85,"{""clf__C"": 10.0, ""clf__gamma_mult"": 0.25}",103.94076539999968
16,quantum/FB-Bures-RBF-ref-SVM,quantum,6,0.8888888888888888,0.95,"{""clf__C"": 10.0, ""clf__gamma_mult"": 0.25}",103.94076539999968
16,quantum/FB-Bures-RBF-ref-SVM,quantum,7,0.8888888888888888,1.0,"{""clf__C"": 10.0, ""clf__gamma_mult"": 0.25}",103.94076539999968
16,quantum/FB-Bures-RBF-ref-SVM,quantum,8,0.7777777777777778,0.8,"{""clf__C"": 10.0, ""clf__gamma_mult"": 1.0}",103.94076539999968
16,quantum/FB-Bures-RBF-ref-SVM,quantum,9,0.7777777777777778,0.95,"{""clf__C"": 10.0, ""clf__gamma_mult"": 0.25}",103.94076539999968
16,quantum/FB-Bures-RBF-ref-SVM,quantum,10,0.7777777777777778,1.0,"{""clf__C"": 10.0, ""clf__gamma_mult"": 0.25}",103.94076539999968
16,quantum/FB-Bures-RBF-ref-SVM,quantum,11,0.6666666666666666,0.9,"{""clf__C"": 10.0, ""clf__gamma_mult"": 0.25}",103.94076539999968
16,quantum/FB-Bures-RBF-ref-SVM,quantum,12,0.7777777777777778,0.8,"{""clf__C"": 10.0, ""clf__gamma_mult"": 0.25}",103.94076539999968
16,quantum/FB-Bures-RBF-ref-SVM,quantum,13,1.0,1.0,"{""clf__C"": 10.0, ""clf__gamma_mult"": 0.25}",103.94076539999968
16,quantum/FB-Bures-RBF-ref-SVM,quantum,14,0.5555555555555556,0.7,"{""clf__C"": 10.0, ""clf__gamma_mult"": 0.25}",103.94076539999968
16,quantum/FB-QRE-RBF-SVM,quantum,0,0.6666666666666666,0.75,"{""clf__C"": 1.0, ""clf__gamma_mult"": 0.25}",62.00854879999952
16,quantum/FB-QRE-RBF-SVM,quantum,1,0.4444444444444444,0.4999999999999999,"{""clf__C"": 10.0, ""clf__gamma_mult"": 4.0}",62.00854879999952
16,quantum/FB-QRE-RBF-SVM,quantum,2,0.4444444444444444,0.65,"{""clf__C"": 10.0, ""clf__gamma_mult"": 0.25}",62.00854879999952
16,quantum/FB-QRE-RBF-SVM,quantum,3,0.4444444444444444,0.55,"{""clf__C"": 10.0, ""clf__gamma_mult"": 4.0}",62.00854879999952
16,quantum/FB-QRE-RBF-SVM,quantum,4,0.6666666666666666,0.75,"{""clf__C"": 1.0, ""clf__gamma_mult"": 0.25}",62.00854879999952
16,quantum/FB-QRE-RBF-SVM,quantum,5,0.4444444444444444,0.7000000000000001,"{""clf__C"": 0.1, ""clf__gamma_mult"": 0.25}",62.00854879999952
16,quantum/FB-QRE-RBF-SVM,quantum,6,0.5555555555555556,0.4499999999999999,"{""clf__C"": 1.0, ""clf__gamma_mult"": 0.25}",62.00854879999952
16,quantum/FB-QRE-RBF-SVM,quantum,7,0.3333333333333333,0.5,"{""clf__C"": 1.0, ""clf__gamma_mult"": 4.0}",62.00854879999952
16,quantum/FB-QRE-RBF-SVM,quantum,8,0.5555555555555556,0.5,"{""clf__C"": 10.0, ""clf__gamma_mult"": 4.0}",62.00854879999952
16,quantum/FB-QRE-RBF-SVM,quantum,9,0.5555555555555556,0.6,"{""clf__C"": 1.0, ""clf__gamma_mult"": 0.25}",62.00854879999952
16,quantum/FB-QRE-RBF-SVM,quantum,10,0.4444444444444444,0.4999999999999999,"{""clf__C"": 1.0, ""clf__gamma_mult"": 0.25}",62.00854879999952
16,quantum/FB-QRE-RBF-SVM,quantum,11,0.4444444444444444,0.4,"{""clf__C"": 10.0, ""clf__gamma_mult"": 4.0}",62.00854879999952
16,quantum/FB-QRE-RBF-SVM,quantum,12,0.3333333333333333,0.35,"{""clf__C"": 1.0, ""clf__gamma_mult"": 0.25}",62.00854879999952
16,quantum/FB-QRE-RBF-SVM,quantum,13,0.6666666666666666,0.7,"{""clf__C"": 10.0, ""clf__gamma_mult"": 4.0}",62.00854879999952
16,quantum/FB-QRE-RBF-SVM,quantum,14,0.6666666666666666,0.6,"{""clf__C"": 10.0, ""clf__gamma_mult"": 4.0}",62.00854879999952
16,quantum/FB-QRE-RBF-ref-SVM,quantum,0,0.6666666666666666,0.8,"{""clf__C"": 10.0, ""clf__gamma_mult"": 0.25}",78.96009430000049
16,quantum/FB-QRE-RBF-ref-SVM,quantum,1,1.0,1.0,"{""clf__C"": 10.0, ""clf__gamma_mult"": 0.25}",78.96009430000049
16,quantum/FB-QRE-RBF-ref-SVM,quantum,2,0.7777777777777778,0.95,"{""clf__C"": 10.0, ""clf__gamma_mult"": 1.0}",78.96009430000049
16,quantum/FB-QRE-RBF-ref-SVM,quantum,3,0.6666666666666666,0.9,"{""clf__C"": 10.0, ""clf__gamma_mult"": 0.25}",78.96009430000049
16,quantum/FB-QRE-RBF-ref-SVM,quantum,4,0.8888888888888888,0.8,"{""clf__C"": 10.0, ""clf__gamma_mult"": 0.25}",78.96009430000049
16,quantum/FB-QRE-RBF-ref-SVM,quantum,5,0.6666666666666666,0.85,"{""clf__C"": 10.0, ""clf__gamma_mult"": 0.25}",78.96009430000049
16,quantum/FB-QRE-RBF-ref-SVM,quantum,6,0.8888888888888888,0.9,"{""clf__C"": 10.0, ""clf__gamma_mult"": 0.25}",78.96009430000049
16,quantum/FB-QRE-RBF-ref-SVM,quantum,7,0.8888888888888888,0.95,"{""clf__C"": 10.0, ""clf__gamma_mult"": 0.25}",78.96009430000049
16,quantum/FB-QRE-RBF-ref-SVM,quantum,8,0.7777777777777778,0.8,"{""clf__C"": 10.0, ""clf__gamma_mult"": 1.0}",78.96009430000049
16,quantum/FB-QRE-RBF-ref-SVM,quantum,9,0.7777777777777778,0.95,"{""clf__C"": 10.0, ""clf__gamma_mult"": 0.25}",78.96009430000049
16,quantum/FB-QRE-RBF-ref-SVM,quantum,10,0.7777777777777778,1.0,"{""clf__C"": 10.0, ""clf__gamma_mult"": 0.25}",78.96009430000049
16,quantum/FB-QRE-RBF-ref-SVM,quantum,11,0.7777777777777778,0.9,"{""clf__C"": 10.0, ""clf__gamma_mult"": 0.25}",78.96009430000049
16,quantum/FB-QRE-RBF-ref-SVM,quantum,12,0.5555555555555556,0.55,"{""clf__C"": 10.0, ""clf__gamma_mult"": 4.0}",78.96009430000049
16,quantum/FB-QRE-RBF-ref-SVM,quantum,13,1.0,1.0,"{""clf__C"": 10.0, ""clf__gamma_mult"": 0.25}",78.96009430000049
16,quantum/FB-QRE-RBF-ref-SVM,quantum,14,0.5555555555555556,0.7,"{""clf__C"": 10.0, ""clf__gamma_mult"": 0.25}",78.96009430000049
16,control/FB-riemann-kernel-SVM,control,0,0.6666666666666666,0.75,"{""clf__C"": 1.0}",46.599371899999824
16,control/FB-riemann-kernel-SVM,control,1,1.0,1.0,"{""clf__C"": 1.0}",46.599371899999824
16,control/FB-riemann-kernel-SVM,control,2,0.6666666666666666,0.85,"{""clf__C"": 1.0}",46.599371899999824
16,control/FB-riemann-kernel-SVM,control,3,0.5555555555555556,0.75,"{""clf__C"": 0.1}",46.599371899999824
16,control/FB-riemann-kernel-SVM,control,4,0.7777777777777778,0.7000000000000001,"{""clf__C"": 1.0}",46.599371899999824
16,control/FB-riemann-kernel-SVM,control,5,0.6666666666666666,0.9,"{""clf__C"": 1.0}",46.599371899999824
16,control/FB-riemann-kernel-SVM,control,6,0.8888888888888888,0.95,"{""clf__C"": 1.0}",46.599371899999824
16,control/FB-riemann-kernel-SVM,control,7,0.6666666666666666,0.85,"{""clf__C"": 0.1}",46.599371899999824
16,control/FB-riemann-kernel-SVM,control,8,0.7777777777777778,0.8500000000000001,"{""clf__C"": 1.0}",46.599371899999824
16,control/FB-riemann-kernel-SVM,control,9,0.7777777777777778,0.8,"{""clf__C"": 1.0}",46.599371899999824
16,control/FB-riemann-kernel-SVM,control,10,0.7777777777777778,1.0,"{""clf__C"": 1.0}",46.599371899999824
16,control/FB-riemann-kernel-SVM,control,11,0.7777777777777778,0.9,"{""clf__C"": 1.0}",46.599371899999824
16,control/FB-riemann-kernel-SVM,control,12,0.5555555555555556,0.65,"{""clf__C"": 0.1}",46.599371899999824
16,control/FB-riemann-kernel-SVM,control,13,1.0,1.0,"{""clf__C"": 1.0}",46.599371899999824
16,control/FB-riemann-kernel-SVM,control,14,0.4444444444444444,0.75,"{""clf__C"": 1.0}",46.599371899999824
16,control/FB-logeuclid-kernel-SVM,control,0,0.7777777777777778,0.7000000000000001,"{""clf__C"": 1.0}",49.519905899999685
16,control/FB-logeuclid-kernel-SVM,control,1,0.6666666666666666,0.9,"{""clf__C"": 1.0}",49.519905899999685
16,control/FB-logeuclid-kernel-SVM,control,2,0.5555555555555556,0.65,"{""clf__C"": 1.0}",49.519905899999685
16,control/FB-logeuclid-kernel-SVM,control,3,0.5555555555555556,0.6,"{""clf__C"": 1.0}",49.519905899999685
16,control/FB-logeuclid-kernel-SVM,control,4,0.6666666666666666,0.6500000000000001,"{""clf__C"": 1.0}",49.519905899999685
16,control/FB-logeuclid-kernel-SVM,control,5,0.6666666666666666,0.8,"{""clf__C"": 1.0}",49.519905899999685
16,control/FB-logeuclid-kernel-SVM,control,6,0.8888888888888888,0.8,"{""clf__C"": 1.0}",49.519905899999685
16,control/FB-logeuclid-kernel-SVM,control,7,0.8888888888888888,0.8,"{""clf__C"": 1.0}",49.519905899999685
16,control/FB-logeuclid-kernel-SVM,control,8,0.5555555555555556,0.5,"{""clf__C"": 0.1}",49.519905899999685
16,control/FB-logeuclid-kernel-SVM,control,9,0.7777777777777778,0.7000000000000001,"{""clf__C"": 1.0}",49.519905899999685
16,control/FB-logeuclid-kernel-SVM,control,10,0.6666666666666666,0.8,"{""clf__C"": 0.1}",49.519905899999685
16,control/FB-logeuclid-kernel-SVM,control,11,0.6666666666666666,0.8,"{""clf__C"": 1.0}",49.519905899999685
16,control/FB-logeuclid-kernel-SVM,control,12,0.5555555555555556,0.55,"{""clf__C"": 0.1}",49.519905899999685
16,control/FB-logeuclid-kernel-SVM,control,13,1.0,1.0,"{""clf__C"": 1.0}",49.519905899999685
16,control/FB-logeuclid-kernel-SVM,control,14,0.5555555555555556,0.6,"{""clf__C"": 1.0}",49.519905899999685
17,classical/FBCSP+LDA,classical,0,0.5555555555555556,0.4,"{""perband__base__csp__nfilter"": 4}",50.358259099999486
17,classical/FBCSP+LDA,classical,1,0.3333333333333333,0.2,"{""perband__base__csp__nfilter"": 6}",50.358259099999486
17,classical/FBCSP+LDA,classical,2,0.5555555555555556,0.4999999999999999,"{""perband__base__csp__nfilter"": 2}",50.358259099999486
17,classical/FBCSP+LDA,classical,3,0.6666666666666666,0.65,"{""perband__base__csp__nfilter"": 6}",50.358259099999486
17,classical/FBCSP+LDA,classical,4,0.4444444444444444,0.3999999999999999,"{""perband__base__csp__nfilter"": 2}",50.358259099999486
17,classical/FBCSP+LDA,classical,5,0.6666666666666666,0.5,"{""perband__base__csp__nfilter"": 6}",50.358259099999486
17,classical/FBCSP+LDA,classical,6,0.5555555555555556,0.55,"{""perband__base__csp__nfilter"": 6}",50.358259099999486
17,classical/FBCSP+LDA,classical,7,0.2222222222222222,0.2499999999999999,"{""perband__base__csp__nfilter"": 2}",50.358259099999486
17,classical/FBCSP+LDA,classical,8,0.5555555555555556,0.35,"{""perband__base__csp__nfilter"": 4}",50.358259099999486
17,classical/FBCSP+LDA,classical,9,0.5555555555555556,0.55,"{""perband__base__csp__nfilter"": 4}",50.358259099999486
17,classical/FBCSP+LDA,classical,10,0.5555555555555556,0.5,"{""perband__base__csp__nfilter"": 4}",50.358259099999486
17,classical/FBCSP+LDA,classical,11,0.6666666666666666,0.55,"{""perband__base__csp__nfilter"": 2}",50.358259099999486
17,classical/FBCSP+LDA,classical,12,0.4444444444444444,0.4,"{""perband__base__csp__nfilter"": 4}",50.358259099999486
17,classical/FBCSP+LDA,classical,13,0.4444444444444444,0.25,"{""perband__base__csp__nfilter"": 6}",50.358259099999486
17,classical/FBCSP+LDA,classical,14,0.4444444444444444,0.4,"{""perband__base__csp__nfilter"": 4}",50.358259099999486
17,classical/FB-TS+LR,classical,0,0.4444444444444444,0.4,"{""clf__C"": 0.1}",54.7173886999999
17,classical/FB-TS+LR,classical,1,0.2222222222222222,0.25,"{""clf__C"": 1.0}",54.7173886999999
17,classical/FB-TS+LR,classical,2,0.3333333333333333,0.3,"{""clf__C"": 0.1}",54.7173886999999
17,classical/FB-TS+LR,classical,3,0.7777777777777778,0.85,"{""clf__C"": 10.0}",54.7173886999999
17,classical/FB-TS+LR,classical,4,0.4444444444444444,0.4499999999999999,"{""clf__C"": 0.1}",54.7173886999999
17,classical/FB-TS+LR,classical,5,0.7777777777777778,0.7500000000000001,"{""clf__C"": 0.1}",54.7173886999999
17,classical/FB-TS+LR,classical,6,0.4444444444444444,0.35,"{""clf__C"": 0.1}",54.7173886999999
17,classical/FB-TS+LR,classical,7,0.4444444444444444,0.3,"{""clf__C"": 1.0}",54.7173886999999
17,classical/FB-TS+LR,classical,8,0.6666666666666666,0.6500000000000001,"{""clf__C"": 10.0}",54.7173886999999
17,classical/FB-TS+LR,classical,9,0.6666666666666666,0.7,"{""clf__C"": 1.0}",54.7173886999999
17,classical/FB-TS+LR,classical,10,0.3333333333333333,0.3,"{""clf__C"": 0.1}",54.7173886999999
17,classical/FB-TS+LR,classical,11,0.8888888888888888,0.85,"{""clf__C"": 10.0}",54.7173886999999
17,classical/FB-TS+LR,classical,12,0.1111111111111111,0.1,"{""clf__C"": 1.0}",54.7173886999999
17,classical/FB-TS+LR,classical,13,0.3333333333333333,0.25,"{""clf__C"": 0.1}",54.7173886999999
17,classical/FB-TS+LR,classical,14,0.4444444444444444,0.45,"{""clf__C"": 1.0}",54.7173886999999
17,classical/FB-TS+RBF-SVM,classical,0,0.5555555555555556,0.45,"{""clf__C"": 10.0, ""clf__gamma"": ""scale""}",93.27428240000064
17,classical/FB-TS+RBF-SVM,classical,1,0.2222222222222222,0.15,"{""clf__C"": 10.0, ""clf__gamma"": ""scale""}",93.27428240000064
17,classical/FB-TS+RBF-SVM,classical,2,0.1111111111111111,0.0499999999999999,"{""clf__C"": 10.0, ""clf__gamma"": 0.01}",93.27428240000064
17,classical/FB-TS+RBF-SVM,classical,3,0.5555555555555556,0.55,"{""clf__C"": 0.1, ""clf__gamma"": ""scale""}",93.27428240000064
17,classical/FB-TS+RBF-SVM,classical,4,0.5555555555555556,0.3999999999999999,"{""clf__C"": 0.1, ""clf__gamma"": ""scale""}",93.27428240000064
17,classical/FB-TS+RBF-SVM,classical,5,0.4444444444444444,0.6500000000000001,"{""clf__C"": 0.1, ""clf__gamma"": ""scale""}",93.27428240000064
17,classical/FB-TS+RBF-SVM,classical,6,0.4444444444444444,0.2,"{""clf__C"": 0.1, ""clf__gamma"": ""scale""}",93.27428240000064
17,classical/FB-TS+RBF-SVM,classical,7,0.4444444444444444,0.2499999999999999,"{""clf__C"": 10.0, ""clf__gamma"": ""scale""}",93.27428240000064
17,classical/FB-TS+RBF-SVM,classical,8,0.4444444444444444,0.6000000000000001,"{""clf__C"": 0.1, ""clf__gamma"": ""scale""}",93.27428240000064
17,classical/FB-TS+RBF-SVM,classical,9,0.5555555555555556,0.4,"{""clf__C"": 0.1, ""clf__gamma"": ""scale""}",93.27428240000064
17,classical/FB-TS+RBF-SVM,classical,10,0.4444444444444444,0.2,"{""clf__C"": 0.1, ""clf__gamma"": ""scale""}",93.27428240000064
17,classical/FB-TS+RBF-SVM,classical,11,0.4444444444444444,0.8500000000000001,"{""clf__C"": 0.1, ""clf__gamma"": ""scale""}",93.27428240000064
17,classical/FB-TS+RBF-SVM,classical,12,0.3333333333333333,0.1499999999999999,"{""clf__C"": 10.0, ""clf__gamma"": ""scale""}",93.27428240000064
17,classical/FB-TS+RBF-SVM,classical,13,0.3333333333333333,0.2,"{""clf__C"": 10.0, ""clf__gamma"": ""scale""}",93.27428240000064
17,classical/FB-TS+RBF-SVM,classical,14,0.4444444444444444,0.3999999999999999,"{""clf__C"": 10.0, ""clf__gamma"": 0.01}",93.27428240000064
17,quantum/FB-HS-overlap-SVM,quantum,0,0.4444444444444444,0.4499999999999999,"{""clf__C"": 0.1}",39.199409199999536
17,quantum/FB-HS-overlap-SVM,quantum,1,0.4444444444444444,0.35,"{""clf__C"": 0.1}",39.199409199999536
17,quantum/FB-HS-overlap-SVM,quantum,2,0.6666666666666666,0.65,"{""clf__C"": 10.0}",39.199409199999536
17,quantum/FB-HS-overlap-SVM,quantum,3,0.5555555555555556,0.5,"{""clf__C"": 10.0}",39.199409199999536
17,quantum/FB-HS-overlap-SVM,quantum,4,0.4444444444444444,0.4999999999999999,"{""clf__C"": 0.1}",39.199409199999536
17,quantum/FB-HS-overlap-SVM,quantum,5,0.4444444444444444,0.4,"{""clf__C"": 0.1}",39.199409199999536
17,quantum/FB-HS-overlap-SVM,quantum,6,0.4444444444444444,0.35,"{""clf__C"": 0.1}",39.199409199999536
17,quantum/FB-HS-overlap-SVM,quantum,7,0.3333333333333333,0.25,"{""clf__C"": 10.0}",39.199409199999536
17,quantum/FB-HS-overlap-SVM,quantum,8,0.6666666666666666,0.55,"{""clf__C"": 10.0}",39.199409199999536
17,quantum/FB-HS-overlap-SVM,quantum,9,0.2222222222222222,0.1999999999999999,"{""clf__C"": 10.0}",39.199409199999536
17,quantum/FB-HS-overlap-SVM,quantum,10,0.4444444444444444,0.4,"{""clf__C"": 0.1}",39.199409199999536
17,quantum/FB-HS-overlap-SVM,quantum,11,0.4444444444444444,0.7,"{""clf__C"": 0.1}",39.199409199999536
17,quantum/FB-HS-overlap-SVM,quantum,12,0.5555555555555556,0.5,"{""clf__C"": 10.0}",39.199409199999536
17,quantum/FB-HS-overlap-SVM,quantum,13,0.5555555555555556,0.5499999999999999,"{""clf__C"": 0.1}",39.199409199999536
17,quantum/FB-HS-overlap-SVM,quantum,14,0.2222222222222222,0.0499999999999999,"{""clf__C"": 10.0}",39.199409199999536
17,quantum/FB-HS-overlap-ref-SVM,quantum,0,0.5555555555555556,0.5,"{""clf__C"": 10.0}",43.904797600000165
17,quantum/FB-HS-overlap-ref-SVM,quantum,1,0.3333333333333333,0.3,"{""clf__C"": 10.0}",43.904797600000165
17,quantum/FB-HS-overlap-ref-SVM,quantum,2,0.2222222222222222,0.3,"{""clf__C"": 10.0}",43.904797600000165
17,quantum/FB-HS-overlap-ref-SVM,quantum,3,0.5555555555555556,0.8,"{""clf__C"": 0.1}",43.904797600000165
17,quantum/FB-HS-overlap-ref-SVM,quantum,4,0.3333333333333333,0.3,"{""clf__C"": 0.1}",43.904797600000165
17,quantum/FB-HS-overlap-ref-SVM,quantum,5,0.4444444444444444,0.5,"{""clf__C"": 0.1}",43.904797600000165
17,quantum/FB-HS-overlap-ref-SVM,quantum,6,0.5555555555555556,0.4,"{""clf__C"": 10.0}",43.904797600000165
17,quantum/FB-HS-overlap-ref-SVM,quantum,7,0.4444444444444444,0.4499999999999999,"{""clf__C"": 10.0}",43.904797600000165
17,quantum/FB-HS-overlap-ref-SVM,quantum,8,0.6666666666666666,0.6500000000000001,"{""clf__C"": 0.1}",43.904797600000165
17,quantum/FB-HS-overlap-ref-SVM,quantum,9,0.4444444444444444,0.3,"{""clf__C"": 10.0}",43.904797600000165
17,quantum/FB-HS-overlap-ref-SVM,quantum,10,0.4444444444444444,0.0,"{""clf__C"": 0.1}",43.904797600000165
17,quantum/FB-HS-overlap-ref-SVM,quantum,11,0.4444444444444444,0.7,"{""clf__C"": 0.1}",43.904797600000165
17,quantum/FB-HS-overlap-ref-SVM,quantum,12,0.2222222222222222,0.4,"{""clf__C"": 10.0}",43.904797600000165
17,quantum/FB-HS-overlap-ref-SVM,quantum,13,0.5555555555555556,0.3,"{""clf__C"": 10.0}",43.904797600000165
17,quantum/FB-HS-overlap-ref-SVM,quantum,14,0.5555555555555556,0.5,"{""clf__C"": 10.0}",43.904797600000165
17,quantum/FB-Fidelity-SVM,quantum,0,0.4444444444444444,0.3,"{""clf__C"": 0.1}",42.27757750000001
17,quantum/FB-Fidelity-SVM,quantum,1,0.4444444444444444,0.35,"{""clf__C"": 10.0}",42.27757750000001
17,quantum/FB-Fidelity-SVM,quantum,2,0.4444444444444444,0.65,"{""clf__C"": 0.1}",42.27757750000001
17,quantum/FB-Fidelity-SVM,quantum,3,0.3333333333333333,0.5,"{""clf__C"": 0.1}",42.27757750000001
17,quantum/FB-Fidelity-SVM,quantum,4,0.4444444444444444,0.4999999999999999,"{""clf__C"": 0.1}",42.27757750000001
17,quantum/FB-Fidelity-SVM,quantum,5,0.4444444444444444,0.4,"{""clf__C"": 0.1}",42.27757750000001
17,quantum/FB-Fidelity-SVM,quantum,6,0.4444444444444444,0.3,"{""clf__C"": 0.1}",42.27757750000001
17,quantum/FB-Fidelity-SVM,quantum,7,0.3333333333333333,0.3,"{""clf__C"": 10.0}",42.27757750000001
17,quantum/FB-Fidelity-SVM,quantum,8,0.5555555555555556,0.7,"{""clf__C"": 10.0}",42.27757750000001
17,quantum/FB-Fidelity-SVM,quantum,9,0.4444444444444444,0.2499999999999999,"{""clf__C"": 0.1}",42.27757750000001
17,quantum/FB-Fidelity-SVM,quantum,10,0.4444444444444444,0.45,"{""clf__C"": 0.1}",42.27757750000001
17,quantum/FB-Fidelity-SVM,quantum,11,0.4444444444444444,0.55,"{""clf__C"": 0.1}",42.27757750000001
17,quantum/FB-Fidelity-SVM,quantum,12,0.3333333333333333,0.45,"{""clf__C"": 0.1}",42.27757750000001
17,quantum/FB-Fidelity-SVM,quantum,13,0.3333333333333333,0.4,"{""clf__C"": 0.1}",42.27757750000001
17,quantum/FB-Fidelity-SVM,quantum,14,0.2222222222222222,0.0499999999999999,"{""clf__C"": 10.0}",42.27757750000001
17,quantum/FB-Fidelity-ref-SVM,quantum,0,0.5555555555555556,0.55,"{""clf__C"": 10.0}",49.8960948999993
17,quantum/FB-Fidelity-ref-SVM,quantum,1,0.4444444444444444,0.15,"{""clf__C"": 0.1}",49.8960948999993
17,quantum/FB-Fidelity-ref-SVM,quantum,2,0.2222222222222222,0.35,"{""clf__C"": 10.0}",49.8960948999993
17,quantum/FB-Fidelity-ref-SVM,quantum,3,0.7777777777777778,0.95,"{""clf__C"": 10.0}",49.8960948999993
17,quantum/FB-Fidelity-ref-SVM,quantum,4,0.3333333333333333,0.25,"{""clf__C"": 0.1}",49.8960948999993
17,quantum/FB-Fidelity-ref-SVM,quantum,5,0.4444444444444444,0.5,"{""clf__C"": 0.1}",49.8960948999993
17,quantum/FB-Fidelity-ref-SVM,quantum,6,0.3333333333333333,0.5,"{""clf__C"": 10.0}",49.8960948999993
17,quantum/FB-Fidelity-ref-SVM,quantum,7,0.5555555555555556,0.5,"{""clf__C"": 10.0}",49.8960948999993
17,quantum/FB-Fidelity-ref-SVM,quantum,8,0.6666666666666666,0.7000000000000001,"{""clf__C"": 0.1}",49.8960948999993
17,quantum/FB-Fidelity-ref-SVM,quantum,9,0.4444444444444444,0.25,"{""clf__C"": 0.1}",49.8960948999993
17,quantum/FB-Fidelity-ref-SVM,quantum,10,0.4444444444444444,0.2,"{""clf__C"": 0.1}",49.8960948999993
17,quantum/FB-Fidelity-ref-SVM,quantum,11,0.4444444444444444,0.75,"{""clf__C"": 0.1}",49.8960948999993
17,quantum/FB-Fidelity-ref-SVM,quantum,12,0.3333333333333333,0.1999999999999999,"{""clf__C"": 10.0}",49.8960948999993
17,quantum/FB-Fidelity-ref-SVM,quantum,13,0.4444444444444444,0.3,"{""clf__C"": 10.0}",49.8960948999993
17,quantum/FB-Fidelity-ref-SVM,quantum,14,0.4444444444444444,0.45,"{""clf__C"": 10.0}",49.8960948999993
17,quantum/FB-HS-RBF-SVM,quantum,0,0.4444444444444444,0.4,"{""clf__C"": 10.0, ""clf__gamma_mult"": 4.0}",43.36808259999998
17,quantum/FB-HS-RBF-SVM,quantum,1,0.5555555555555556,0.45,"{""clf__C"": 1.0, ""clf__gamma_mult"": 1.0}",43.36808259999998
17,quantum/FB-HS-RBF-SVM,quantum,2,0.7777777777777778,0.65,"{""clf__C"": 10.0, ""clf__gamma_mult"": 0.25}",43.36808259999998
17,quantum/FB-HS-RBF-SVM,quantum,3,0.5555555555555556,0.7,"{""clf__C"": 10.0, ""clf__gamma_mult"": 0.25}",43.36808259999998
17,quantum/FB-HS-RBF-SVM,quantum,4,0.5555555555555556,0.65,"{""clf__C"": 10.0, ""clf__gamma_mult"": 1.0}",43.36808259999998
17,quantum/FB-HS-RBF-SVM,quantum,5,0.4444444444444444,0.5,"{""clf__C"": 0.1, ""clf__gamma_mult"": 0.25}",43.36808259999998
17,quantum/FB-HS-RBF-SVM,quantum,6,0.4444444444444444,0.4,"{""clf__C"": 1.0, ""clf__gamma_mult"": 4.0}",43.36808259999998
17,quantum/FB-HS-RBF-SVM,quantum,7,0.6666666666666666,0.75,"{""clf__C"": 10.0, ""clf__gamma_mult"": 4.0}",43.36808259999998
17,quantum/FB-HS-RBF-SVM,quantum,8,0.5555555555555556,0.7,"{""clf__C"": 10.0, ""clf__gamma_mult"": 4.0}",43.36808259999998
17,quantum/FB-HS-RBF-SVM,quantum,9,0.4444444444444444,0.35,"{""clf__C"": 10.0, ""clf__gamma_mult"": 1.0}",43.36808259999998
17,quantum/FB-HS-RBF-SVM,quantum,10,0.4444444444444444,0.45,"{""clf__C"": 0.1, ""clf__gamma_mult"": 0.25}",43.36808259999998
17,quantum/FB-HS-RBF-SVM,quantum,11,0.7777777777777778,0.9,"{""clf__C"": 10.0, ""clf__gamma_mult"": 4.0}",43.36808259999998
17,quantum/FB-HS-RBF-SVM,quantum,12,0.4444444444444444,0.6,"{""clf__C"": 1.0, ""clf__gamma_mult"": 4.0}",43.36808259999998
17,quantum/FB-HS-RBF-SVM,quantum,13,0.4444444444444444,0.1999999999999999,"{""clf__C"": 10.0, ""clf__gamma_mult"": 1.0}",43.36808259999998
17,quantum/FB-HS-RBF-SVM,quantum,14,0.3333333333333333,0.3,"{""clf__C"": 10.0, ""clf__gamma_mult"": 0.25}",43.36808259999998
17,quantum/FB-HS-RBF-ref-SVM,quantum,0,0.4444444444444444,0.45,"{""clf__C"": 10.0, ""clf__gamma_mult"": 0.25}",58.62914699999965
17,quantum/FB-HS-RBF-ref-SVM,quantum,1,0.3333333333333333,0.2,"{""clf__C"": 10.0, ""clf__gamma_mult"": 0.25}",58.62914699999965
17,quantum/FB-HS-RBF-ref-SVM,quantum,2,0.4444444444444444,0.3,"{""clf__C"": 10.0, ""clf__gamma_mult"": 1.0}",58.62914699999965
17,quantum/FB-HS-RBF-ref-SVM,quantum,3,0.5555555555555556,0.8,"{""clf__C"": 0.1, ""clf__gamma_mult"": 0.25}",58.62914699999965
17,quantum/FB-HS-RBF-ref-SVM,quantum,4,0.3333333333333333,0.35,"{""clf__C"": 0.1, ""clf__gamma_mult"": 0.25}",58.62914699999965
17,quantum/FB-HS-RBF-ref-SVM,quantum,5,0.4444444444444444,0.25,"{""clf__C"": 10.0, ""clf__gamma_mult"": 4.0}",58.62914699999965
17,quantum/FB-HS-RBF-ref-SVM,quantum,6,0.4444444444444444,0.4,"{""clf__C"": 10.0, ""clf__gamma_mult"": 0.25}",58.62914699999965
17,quantum/FB-HS-RBF-ref-SVM,quantum,7,0.3333333333333333,0.3999999999999999,"{""clf__C"": 10.0, ""clf__gamma_mult"": 0.25}",58.62914699999965
17,quantum/FB-HS-RBF-ref-SVM,quantum,8,0.4444444444444444,0.45,"{""clf__C"": 10.0, ""clf__gamma_mult"": 4.0}",58.62914699999965
17,quantum/FB-HS-RBF-ref-SVM,quantum,9,0.4444444444444444,0.35,"{""clf__C"": 10.0, ""clf__gamma_mult"": 0.25}",58.62914699999965
17,quantum/FB-HS-RBF-ref-SVM,quantum,10,0.4444444444444444,0.0,"{""clf__C"": 0.1, ""clf__gamma_mult"": 0.25}",58.62914699999965
17,quantum/FB-HS-RBF-ref-SVM,quantum,11,0.4444444444444444,0.7,"{""clf__C"": 0.1, ""clf__gamma_mult"": 0.25}",58.62914699999965
17,quantum/FB-HS-RBF-ref-SVM,quantum,12,0.3333333333333333,0.3,"{""clf__C"": 10.0, ""clf__gamma_mult"": 0.25}",58.62914699999965
17,quantum/FB-HS-RBF-ref-SVM,quantum,13,0.4444444444444444,0.3,"{""clf__C"": 10.0, ""clf__gamma_mult"": 0.25}",58.62914699999965
17,quantum/FB-HS-RBF-ref-SVM,quantum,14,0.5555555555555556,0.5,"{""clf__C"": 10.0, ""clf__gamma_mult"": 0.25}",58.62914699999965
17,quantum/FB-Bures-RBF-SVM,quantum,0,0.3333333333333333,0.45,"{""clf__C"": 10.0, ""clf__gamma_mult"": 0.25}",62.68288070000017
17,quantum/FB-Bures-RBF-SVM,quantum,1,0.3333333333333333,0.35,"{""clf__C"": 10.0, ""clf__gamma_mult"": 4.0}",62.68288070000017
17,quantum/FB-Bures-RBF-SVM,quantum,2,0.6666666666666666,0.7,"{""clf__C"": 1.0, ""clf__gamma_mult"": 4.0}",62.68288070000017
17,quantum/FB-Bures-RBF-SVM,quantum,3,0.7777777777777778,0.9,"{""clf__C"": 10.0, ""clf__gamma_mult"": 1.0}",62.68288070000017
17,quantum/FB-Bures-RBF-SVM,quantum,4,0.5555555555555556,0.75,"{""clf__C"": 10.0, ""clf__gamma_mult"": 1.0}",62.68288070000017
17,quantum/FB-Bures-RBF-SVM,quantum,5,0.4444444444444444,0.45,"{""clf__C"": 10.0, ""clf__gamma_mult"": 1.0}",62.68288070000017
17,quantum/FB-Bures-RBF-SVM,quantum,6,0.4444444444444444,0.5,"{""clf__C"": 1.0, ""clf__gamma_mult"": 4.0}",62.68288070000017
17,quantum/FB-Bures-RBF-SVM,quantum,7,0.6666666666666666,0.7000000000000001,"{""clf__C"": 10.0, ""clf__gamma_mult"": 4.0}",62.68288070000017
17,quantum/FB-Bures-RBF-SVM,quantum,8,0.7777777777777778,0.8,"{""clf__C"": 10.0, ""clf__gamma_mult"": 1.0}",62.68288070000017
17,quantum/FB-Bures-RBF-SVM,quantum,9,0.4444444444444444,0.3999999999999999,"{""clf__C"": 10.0, ""clf__gamma_mult"": 0.25}",62.68288070000017
17,quantum/FB-Bures-RBF-SVM,quantum,10,0.4444444444444444,0.5,"{""clf__C"": 0.1, ""clf__gamma_mult"": 0.25}",62.68288070000017
17,quantum/FB-Bures-RBF-SVM,quantum,11,0.7777777777777778,0.9,"{""clf__C"": 10.0, ""clf__gamma_mult"": 1.0}",62.68288070000017
17,quantum/FB-Bures-RBF-SVM,quantum,12,0.5555555555555556,0.75,"{""clf__C"": 10.0, ""clf__gamma_mult"": 1.0}",62.68288070000017
17,quantum/FB-Bures-RBF-SVM,quantum,13,0.4444444444444444,0.3999999999999999,"{""clf__C"": 10.0, ""clf__gamma_mult"": 1.0}",62.68288070000017
17,quantum/FB-Bures-RBF-SVM,quantum,14,0.3333333333333333,0.1999999999999999,"{""clf__C"": 10.0, ""clf__gamma_mult"": 0.25}",62.68288070000017
17,quantum/FB-Bures-RBF-ref-SVM,quantum,0,0.3333333333333333,0.45,"{""clf__C"": 10.0, ""clf__gamma_mult"": 1.0}",83.85309970000071
17,quantum/FB-Bures-RBF-ref-SVM,quantum,1,0.1111111111111111,0.0,"{""clf__C"": 10.0, ""clf__gamma_mult"": 4.0}",83.85309970000071
17,quantum/FB-Bures-RBF-ref-SVM,quantum,2,0.2222222222222222,0.35,"{""clf__C"": 10.0, ""clf__gamma_mult"": 0.25}",83.85309970000071
17,quantum/FB-Bures-RBF-ref-SVM,quantum,3,0.5555555555555556,0.85,"{""clf__C"": 0.1, ""clf__gamma_mult"": 0.25}",83.85309970000071
17,quantum/FB-Bures-RBF-ref-SVM,quantum,4,0.4444444444444444,0.3999999999999999,"{""clf__C"": 10.0, ""clf__gamma_mult"": 1.0}",83.85309970000071
17,quantum/FB-Bures-RBF-ref-SVM,quantum,5,0.3333333333333333,0.2,"{""clf__C"": 10.0, ""clf__gamma_mult"": 4.0}",83.85309970000071
17,quantum/FB-Bures-RBF-ref-SVM,quantum,6,0.4444444444444444,0.45,"{""clf__C"": 10.0, ""clf__gamma_mult"": 0.25}",83.85309970000071
17,quantum/FB-Bures-RBF-ref-SVM,quantum,7,0.3333333333333333,0.3,"{""clf__C"": 10.0, ""clf__gamma_mult"": 4.0}",83.85309970000071
17,quantum/FB-Bures-RBF-ref-SVM,quantum,8,0.5555555555555556,0.5,"{""clf__C"": 10.0, ""clf__gamma_mult"": 4.0}",83.85309970000071
17,quantum/FB-Bures-RBF-ref-SVM,quantum,9,0.5555555555555556,0.4,"{""clf__C"": 10.0, ""clf__gamma_mult"": 0.25}",83.85309970000071
17,quantum/FB-Bures-RBF-ref-SVM,quantum,10,0.4444444444444444,0.2,"{""clf__C"": 0.1, ""clf__gamma_mult"": 0.25}",83.85309970000071
17,quantum/FB-Bures-RBF-ref-SVM,quantum,11,0.4444444444444444,0.75,"{""clf__C"": 0.1, ""clf__gamma_mult"": 0.25}",83.85309970000071
17,quantum/FB-Bures-RBF-ref-SVM,quantum,12,0.3333333333333333,0.1999999999999999,"{""clf__C"": 10.0, ""clf__gamma_mult"": 0.25}",83.85309970000071
17,quantum/FB-Bures-RBF-ref-SVM,quantum,13,0.3333333333333333,0.25,"{""clf__C"": 10.0, ""clf__gamma_mult"": 0.25}",83.85309970000071
17,quantum/FB-Bures-RBF-ref-SVM,quantum,14,0.5555555555555556,0.45,"{""clf__C"": 10.0, ""clf__gamma_mult"": 0.25}",83.85309970000071
17,quantum/FB-QRE-RBF-SVM,quantum,0,0.3333333333333333,0.45,"{""clf__C"": 10.0, ""clf__gamma_mult"": 0.25}",50.29312839999966
17,quantum/FB-QRE-RBF-SVM,quantum,1,0.3333333333333333,0.3,"{""clf__C"": 10.0, ""clf__gamma_mult"": 4.0}",50.29312839999966
17,quantum/FB-QRE-RBF-SVM,quantum,2,0.6666666666666666,0.7,"{""clf__C"": 1.0, ""clf__gamma_mult"": 4.0}",50.29312839999966
17,quantum/FB-QRE-RBF-SVM,quantum,3,0.4444444444444444,0.7,"{""clf__C"": 10.0, ""clf__gamma_mult"": 0.25}",50.29312839999966
17,quantum/FB-QRE-RBF-SVM,quantum,4,0.5555555555555556,0.75,"{""clf__C"": 10.0, ""clf__gamma_mult"": 1.0}",50.29312839999966
17,quantum/FB-QRE-RBF-SVM,quantum,5,0.4444444444444444,0.45,"{""clf__C"": 10.0, ""clf__gamma_mult"": 1.0}",50.29312839999966
17,quantum/FB-QRE-RBF-SVM,quantum,6,0.4444444444444444,0.5,"{""clf__C"": 1.0, ""clf__gamma_mult"": 4.0}",50.29312839999966
17,quantum/FB-QRE-RBF-SVM,quantum,7,0.6666666666666666,0.7000000000000001,"{""clf__C"": 10.0, ""clf__gamma_mult"": 4.0}",50.29312839999966
17,quantum/FB-QRE-RBF-SVM,quantum,8,0.7777777777777778,0.8,"{""clf__C"": 10.0, ""clf__gamma_mult"": 1.0}",50.29312839999966
17,quantum/FB-QRE-RBF-SVM,quantum,9,0.4444444444444444,0.4499999999999999,"{""clf__C"": 10.0, ""clf__gamma_mult"": 1.0}",50.29312839999966
17,quantum/FB-QRE-RBF-SVM,quantum,10,0.5555555555555556,0.6,"{""clf__C"": 10.0, ""clf__gamma_mult"": 4.0}",50.29312839999966
17,quantum/FB-QRE-RBF-SVM,quantum,11,0.7777777777777778,0.9,"{""clf__C"": 10.0, ""clf__gamma_mult"": 1.0}",50.29312839999966
17,quantum/FB-QRE-RBF-SVM,quantum,12,0.5555555555555556,0.7,"{""clf__C"": 10.0, ""clf__gamma_mult"": 1.0}",50.29312839999966
17,quantum/FB-QRE-RBF-SVM,quantum,13,0.4444444444444444,0.55,"{""clf__C"": 10.0, ""clf__gamma_mult"": 4.0}",50.29312839999966
17,quantum/FB-QRE-RBF-SVM,quantum,14,0.3333333333333333,0.2499999999999999,"{""clf__C"": 10.0, ""clf__gamma_mult"": 0.25}",50.29312839999966
17,quantum/FB-QRE-RBF-ref-SVM,quantum,0,0.3333333333333333,0.5,"{""clf__C"": 10.0, ""clf__gamma_mult"": 1.0}",67.1507829000002
17,quantum/FB-QRE-RBF-ref-SVM,quantum,1,0.3333333333333333,0.25,"{""clf__C"": 10.0, ""clf__gamma_mult"": 0.25}",67.1507829000002
17,quantum/FB-QRE-RBF-ref-SVM,quantum,2,0.2222222222222222,0.35,"{""clf__C"": 10.0, ""clf__gamma_mult"": 0.25}",67.1507829000002
17,quantum/FB-QRE-RBF-ref-SVM,quantum,3,0.7777777777777778,0.95,"{""clf__C"": 10.0, ""clf__gamma_mult"": 1.0}",67.1507829000002
17,quantum/FB-QRE-RBF-ref-SVM,quantum,4,0.4444444444444444,0.3999999999999999,"{""clf__C"": 10.0, ""clf__gamma_mult"": 1.0}",67.1507829000002
17,quantum/FB-QRE-RBF-ref-SVM,quantum,5,0.3333333333333333,0.2,"{""clf__C"": 10.0, ""clf__gamma_mult"": 4.0}",67.1507829000002
17,quantum/FB-QRE-RBF-ref-SVM,quantum,6,0.4444444444444444,0.4,"{""clf__C"": 10.0, ""clf__gamma_mult"": 0.25}",67.1507829000002
17,quantum/FB-QRE-RBF-ref-SVM,quantum,7,0.3333333333333333,0.3,"{""clf__C"": 10.0, ""clf__gamma_mult"": 4.0}",67.1507829000002
17,quantum/FB-QRE-RBF-ref-SVM,quantum,8,0.5555555555555556,0.5,"{""clf__C"": 10.0, ""clf__gamma_mult"": 4.0}",67.1507829000002
17,quantum/FB-QRE-RBF-ref-SVM,quantum,9,0.4444444444444444,0.35,"{""clf__C"": 10.0, ""clf__gamma_mult"": 0.25}",67.1507829000002
17,quantum/FB-QRE-RBF-ref-SVM,quantum,10,0.4444444444444444,0.2,"{""clf__C"": 0.1, ""clf__gamma_mult"": 0.25}",67.1507829000002
17,quantum/FB-QRE-RBF-ref-SVM,quantum,11,0.4444444444444444,0.75,"{""clf__C"": 0.1, ""clf__gamma_mult"": 0.25}",67.1507829000002
17,quantum/FB-QRE-RBF-ref-SVM,quantum,12,0.2222222222222222,0.3,"{""clf__C"": 10.0, ""clf__gamma_mult"": 0.25}",67.1507829000002
17,quantum/FB-QRE-RBF-ref-SVM,quantum,13,0.4444444444444444,0.25,"{""clf__C"": 10.0, ""clf__gamma_mult"": 0.25}",67.1507829000002
17,quantum/FB-QRE-RBF-ref-SVM,quantum,14,0.5555555555555556,0.45,"{""clf__C"": 10.0, ""clf__gamma_mult"": 0.25}",67.1507829000002
17,control/FB-riemann-kernel-SVM,control,0,0.4444444444444444,0.5,"{""clf__C"": 1.0}",43.86282389999906
17,control/FB-riemann-kernel-SVM,control,1,0.3333333333333333,0.25,"{""clf__C"": 1.0}",43.86282389999906
17,control/FB-riemann-kernel-SVM,control,2,0.3333333333333333,0.4,"{""clf__C"": 1.0}",43.86282389999906
17,control/FB-riemann-kernel-SVM,control,3,0.4444444444444444,0.55,"{""clf__C"": 0.1}",43.86282389999906
17,control/FB-riemann-kernel-SVM,control,4,0.4444444444444444,0.45,"{""clf__C"": 1.0}",43.86282389999906
17,control/FB-riemann-kernel-SVM,control,5,0.5555555555555556,0.7000000000000001,"{""clf__C"": 0.1}",43.86282389999906
17,control/FB-riemann-kernel-SVM,control,6,0.3333333333333333,0.6,"{""clf__C"": 1.0}",43.86282389999906
17,control/FB-riemann-kernel-SVM,control,7,0.3333333333333333,0.45,"{""clf__C"": 0.1}",43.86282389999906
17,control/FB-riemann-kernel-SVM,control,8,0.7777777777777778,0.7000000000000001,"{""clf__C"": 0.1}",43.86282389999906
17,control/FB-riemann-kernel-SVM,control,9,0.4444444444444444,0.35,"{""clf__C"": 0.1}",43.86282389999906
17,control/FB-riemann-kernel-SVM,control,10,0.4444444444444444,0.3,"{""clf__C"": 0.1}",43.86282389999906
17,control/FB-riemann-kernel-SVM,control,11,0.6666666666666666,0.7,"{""clf__C"": 1.0}",43.86282389999906
17,control/FB-riemann-kernel-SVM,control,12,0.4444444444444444,0.4,"{""clf__C"": 1.0}",43.86282389999906
17,control/FB-riemann-kernel-SVM,control,13,0.3333333333333333,0.3,"{""clf__C"": 0.1}",43.86282389999906
17,control/FB-riemann-kernel-SVM,control,14,0.4444444444444444,0.35,"{""clf__C"": 0.1}",43.86282389999906
17,control/FB-logeuclid-kernel-SVM,control,0,0.3333333333333333,0.35,"{""clf__C"": 0.1}",41.595114400000966
17,control/FB-logeuclid-kernel-SVM,control,1,0.2222222222222222,0.25,"{""clf__C"": 1.0}",41.595114400000966
17,control/FB-logeuclid-kernel-SVM,control,2,0.2222222222222222,0.2,"{""clf__C"": 0.1}",41.595114400000966
17,control/FB-logeuclid-kernel-SVM,control,3,0.4444444444444444,0.4499999999999999,"{""clf__C"": 0.1}",41.595114400000966
17,control/FB-logeuclid-kernel-SVM,control,4,0.4444444444444444,0.35,"{""clf__C"": 1.0}",41.595114400000966
17,control/FB-logeuclid-kernel-SVM,control,5,0.4444444444444444,0.55,"{""clf__C"": 0.1}",41.595114400000966
17,control/FB-logeuclid-kernel-SVM,control,6,0.7777777777777778,0.7000000000000001,"{""clf__C"": 1.0}",41.595114400000966
17,control/FB-logeuclid-kernel-SVM,control,7,0.3333333333333333,0.2499999999999999,"{""clf__C"": 0.1}",41.595114400000966
17,control/FB-logeuclid-kernel-SVM,control,8,0.5555555555555556,0.6,"{""clf__C"": 1.0}",41.595114400000966
17,control/FB-logeuclid-kernel-SVM,control,9,0.6666666666666666,0.4,"{""clf__C"": 1.0}",41.595114400000966
17,control/FB-logeuclid-kernel-SVM,control,10,0.4444444444444444,0.2,"{""clf__C"": 0.1}",41.595114400000966
17,control/FB-logeuclid-kernel-SVM,control,11,0.4444444444444444,0.65,"{""clf__C"": 0.1}",41.595114400000966
17,control/FB-logeuclid-kernel-SVM,control,12,0.5555555555555556,0.4,"{""clf__C"": 1.0}",41.595114400000966
17,control/FB-logeuclid-kernel-SVM,control,13,0.3333333333333333,0.25,"{""clf__C"": 1.0}",41.595114400000966
17,control/FB-logeuclid-kernel-SVM,control,14,0.4444444444444444,0.35,"{""clf__C"": 1.0}",41.595114400000966
18,classical/FBCSP+LDA,classical,0,0.4444444444444444,0.4,"{""perband__base__csp__nfilter"": 2}",42.966524299999946
18,classical/FBCSP+LDA,classical,1,0.4444444444444444,0.5,"{""perband__base__csp__nfilter"": 6}",42.966524299999946
18,classical/FBCSP+LDA,classical,2,0.4444444444444444,0.5,"{""perband__base__csp__nfilter"": 4}",42.966524299999946
18,classical/FBCSP+LDA,classical,3,0.4444444444444444,0.5,"{""perband__base__csp__nfilter"": 2}",42.966524299999946
18,classical/FBCSP+LDA,classical,4,0.6666666666666666,0.5499999999999999,"{""perband__base__csp__nfilter"": 4}",42.966524299999946
18,classical/FBCSP+LDA,classical,5,0.5555555555555556,0.5,"{""perband__base__csp__nfilter"": 2}",42.966524299999946
18,classical/FBCSP+LDA,classical,6,0.4444444444444444,0.45,"{""perband__base__csp__nfilter"": 2}",42.966524299999946
18,classical/FBCSP+LDA,classical,7,0.5555555555555556,0.55,"{""perband__base__csp__nfilter"": 2}",42.966524299999946
18,classical/FBCSP+LDA,classical,8,0.6666666666666666,0.9,"{""perband__base__csp__nfilter"": 2}",42.966524299999946
18,classical/FBCSP+LDA,classical,9,0.3333333333333333,0.55,"{""perband__base__csp__nfilter"": 4}",42.966524299999946
18,classical/FBCSP+LDA,classical,10,0.4444444444444444,0.6,"{""perband__base__csp__nfilter"": 2}",42.966524299999946
18,classical/FBCSP+LDA,classical,11,0.4444444444444444,0.4,"{""perband__base__csp__nfilter"": 4}",42.966524299999946
18,classical/FBCSP+LDA,classical,12,0.6666666666666666,0.85,"{""perband__base__csp__nfilter"": 2}",42.966524299999946
18,classical/FBCSP+LDA,classical,13,0.4444444444444444,0.2499999999999999,"{""perband__base__csp__nfilter"": 4}",42.966524299999946
18,classical/FBCSP+LDA,classical,14,0.3333333333333333,0.2499999999999999,"{""perband__base__csp__nfilter"": 2}",42.966524299999946
18,classical/FB-TS+LR,classical,0,0.5555555555555556,0.5,"{""clf__C"": 0.1}",44.80667209999956
18,classical/FB-TS+LR,classical,1,0.4444444444444444,0.55,"{""clf__C"": 0.1}",44.80667209999956
18,classical/FB-TS+LR,classical,2,0.4444444444444444,0.35,"{""clf__C"": 0.1}",44.80667209999956
18,classical/FB-TS+LR,classical,3,0.3333333333333333,0.25,"{""clf__C"": 1.0}",44.80667209999956
18,classical/FB-TS+LR,classical,4,0.4444444444444444,0.35,"{""clf__C"": 1.0}",44.80667209999956
18,classical/FB-TS+LR,classical,5,0.4444444444444444,0.15,"{""clf__C"": 0.1}",44.80667209999956
18,classical/FB-TS+LR,classical,6,0.4444444444444444,0.45,"{""clf__C"": 0.1}",44.80667209999956
18,classical/FB-TS+LR,classical,7,0.4444444444444444,0.4,"{""clf__C"": 0.1}",44.80667209999956
18,classical/FB-TS+LR,classical,8,0.5555555555555556,0.35,"{""clf__C"": 0.1}",44.80667209999956
18,classical/FB-TS+LR,classical,9,0.4444444444444444,0.5,"{""clf__C"": 1.0}",44.80667209999956
18,classical/FB-TS+LR,classical,10,0.4444444444444444,0.4999999999999999,"{""clf__C"": 1.0}",44.80667209999956
18,classical/FB-TS+LR,classical,11,0.3333333333333333,0.05,"{""clf__C"": 1.0}",44.80667209999956
18,classical/FB-TS+LR,classical,12,0.5555555555555556,0.45,"{""clf__C"": 0.1}",44.80667209999956
18,classical/FB-TS+LR,classical,13,0.4444444444444444,0.4,"{""clf__C"": 0.1}",44.80667209999956
18,classical/FB-TS+LR,classical,14,0.3333333333333333,0.4,"{""clf__C"": 0.1}",44.80667209999956
18,classical/FB-TS+RBF-SVM,classical,0,0.5555555555555556,0.4,"{""clf__C"": 10.0, ""clf__gamma"": ""scale""}",75.2068016000012
18,classical/FB-TS+RBF-SVM,classical,1,0.4444444444444444,0.25,"{""clf__C"": 1.0, ""clf__gamma"": 0.01}",75.2068016000012
18,classical/FB-TS+RBF-SVM,classical,2,0.5555555555555556,0.35,"{""clf__C"": 0.1, ""clf__gamma"": ""scale""}",75.2068016000012
18,classical/FB-TS+RBF-SVM,classical,3,0.3333333333333333,0.25,"{""clf__C"": 1.0, ""clf__gamma"": ""scale""}",75.2068016000012
18,classical/FB-TS+RBF-SVM,classical,4,0.4444444444444444,0.4999999999999999,"{""clf__C"": 0.1, ""clf__gamma"": ""scale""}",75.2068016000012
18,classical/FB-TS+RBF-SVM,classical,5,0.4444444444444444,0.5,"{""clf__C"": 0.1, ""clf__gamma"": ""scale""}",75.2068016000012
18,classical/FB-TS+RBF-SVM,classical,6,0.4444444444444444,0.5,"{""clf__C"": 0.1, ""clf__gamma"": ""scale""}",75.2068016000012
18,classical/FB-TS+RBF-SVM,classical,7,0.4444444444444444,0.5,"{""clf__C"": 0.1, ""clf__gamma"": ""scale""}",75.2068016000012
18,classical/FB-TS+RBF-SVM,classical,8,0.4444444444444444,0.45,"{""clf__C"": 1.0, ""clf__gamma"": 0.01}",75.2068016000012
18,classical/FB-TS+RBF-SVM,classical,9,0.4444444444444444,0.35,"{""clf__C"": 0.1, ""clf__gamma"": ""scale""}",75.2068016000012
18,classical/FB-TS+RBF-SVM,classical,10,0.3333333333333333,0.3,"{""clf__C"": 0.1, ""clf__gamma"": ""scale""}",75.2068016000012
18,classical/FB-TS+RBF-SVM,classical,11,0.3333333333333333,0.45,"{""clf__C"": 10.0, ""clf__gamma"": 0.01}",75.2068016000012
18,classical/FB-TS+RBF-SVM,classical,12,0.2222222222222222,0.4,"{""clf__C"": 1.0, ""clf__gamma"": ""scale""}",75.2068016000012
18,classical/FB-TS+RBF-SVM,classical,13,0.3333333333333333,0.25,"{""clf__C"": 10.0, ""clf__gamma"": 0.01}",75.2068016000012
18,classical/FB-TS+RBF-SVM,classical,14,0.4444444444444444,0.3999999999999999,"{""clf__C"": 0.1, ""clf__gamma"": ""scale""}",75.2068016000012
18,quantum/FB-HS-overlap-SVM,quantum,0,0.5555555555555556,0.825,"{""clf__C"": 0.1}",32.56326479999916
18,quantum/FB-HS-overlap-SVM,quantum,1,0.5555555555555556,0.45,"{""clf__C"": 0.1}",32.56326479999916
18,quantum/FB-HS-overlap-SVM,quantum,2,0.5555555555555556,0.425,"{""clf__C"": 0.1}",32.56326479999916
18,quantum/FB-HS-overlap-SVM,quantum,3,0.4444444444444444,0.7,"{""clf__C"": 0.1}",32.56326479999916
18,quantum/FB-HS-overlap-SVM,quantum,4,0.4444444444444444,0.75,"{""clf__C"": 0.1}",32.56326479999916
18,quantum/FB-HS-overlap-SVM,quantum,5,0.6666666666666666,0.525,"{""clf__C"": 0.1}",32.56326479999916
18,quantum/FB-HS-overlap-SVM,quantum,6,0.5555555555555556,0.375,"{""clf__C"": 0.1}",32.56326479999916
18,quantum/FB-HS-overlap-SVM,quantum,7,0.5555555555555556,0.325,"{""clf__C"": 0.1}",32.56326479999916
18,quantum/FB-HS-overlap-SVM,quantum,8,0.4444444444444444,0.5,"{""clf__C"": 0.1}",32.56326479999916
18,quantum/FB-HS-overlap-SVM,quantum,9,0.4444444444444444,0.35,"{""clf__C"": 0.1}",32.56326479999916
18,quantum/FB-HS-overlap-SVM,quantum,10,0.5555555555555556,0.475,"{""clf__C"": 0.1}",32.56326479999916
18,quantum/FB-HS-overlap-SVM,quantum,11,0.5555555555555556,0.625,"{""clf__C"": 0.1}",32.56326479999916
18,quantum/FB-HS-overlap-SVM,quantum,12,0.5555555555555556,0.55,"{""clf__C"": 0.1}",32.56326479999916
18,quantum/FB-HS-overlap-SVM,quantum,13,0.4444444444444444,0.575,"{""clf__C"": 0.1}",32.56326479999916
18,quantum/FB-HS-overlap-SVM,quantum,14,0.4444444444444444,0.4,"{""clf__C"": 0.1}",32.56326479999916
18,quantum/FB-HS-overlap-ref-SVM,quantum,0,0.4444444444444444,0.4,"{""clf__C"": 10.0}",38.24131959999977
18,quantum/FB-HS-overlap-ref-SVM,quantum,1,0.3333333333333333,0.25,"{""clf__C"": 0.1}",38.24131959999977
18,quantum/FB-HS-overlap-ref-SVM,quantum,2,0.3333333333333333,0.25,"{""clf__C"": 0.1}",38.24131959999977
18,quantum/FB-HS-overlap-ref-SVM,quantum,3,0.3333333333333333,0.35,"{""clf__C"": 10.0}",38.24131959999977
18,quantum/FB-HS-overlap-ref-SVM,quantum,4,0.4444444444444444,0.4499999999999999,"{""clf__C"": 0.1}",38.24131959999977
18,quantum/FB-HS-overlap-ref-SVM,quantum,5,0.4444444444444444,0.4,"{""clf__C"": 10.0}",38.24131959999977
18,quantum/FB-HS-overlap-ref-SVM,quantum,6,0.3333333333333333,0.35,"{""clf__C"": 10.0}",38.24131959999977
18,quantum/FB-HS-overlap-ref-SVM,quantum,7,0.5555555555555556,0.3,"{""clf__C"": 0.1}",38.24131959999977
18,quantum/FB-HS-overlap-ref-SVM,quantum,8,0.4444444444444444,0.35,"{""clf__C"": 10.0}",38.24131959999977
18,quantum/FB-HS-overlap-ref-SVM,quantum,9,0.4444444444444444,0.3999999999999999,"{""clf__C"": 0.1}",38.24131959999977
18,quantum/FB-HS-overlap-ref-SVM,quantum,10,0.3333333333333333,0.4,"{""clf__C"": 0.1}",38.24131959999977
18,quantum/FB-HS-overlap-ref-SVM,quantum,11,0.4444444444444444,0.3,"{""clf__C"": 0.1}",38.24131959999977
18,quantum/FB-HS-overlap-ref-SVM,quantum,12,0.5555555555555556,0.5,"{""clf__C"": 0.1}",38.24131959999977
18,quantum/FB-HS-overlap-ref-SVM,quantum,13,0.4444444444444444,0.25,"{""clf__C"": 0.1}",38.24131959999977
18,quantum/FB-HS-overlap-ref-SVM,quantum,14,0.4444444444444444,0.3,"{""clf__C"": 0.1}",38.24131959999977
18,quantum/FB-Fidelity-SVM,quantum,0,0.5555555555555556,0.7,"{""clf__C"": 0.1}",40.42388770000071
18,quantum/FB-Fidelity-SVM,quantum,1,0.5555555555555556,0.575,"{""clf__C"": 0.1}",40.42388770000071
18,quantum/FB-Fidelity-SVM,quantum,2,0.5555555555555556,0.5,"{""clf__C"": 0.1}",40.42388770000071
18,quantum/FB-Fidelity-SVM,quantum,3,0.4444444444444444,0.4499999999999999,"{""clf__C"": 0.1}",40.42388770000071
18,quantum/FB-Fidelity-SVM,quantum,4,0.4444444444444444,0.2249999999999999,"{""clf__C"": 0.1}",40.42388770000071
18,quantum/FB-Fidelity-SVM,quantum,5,0.2222222222222222,0.25,"{""clf__C"": 0.1}",40.42388770000071
18,quantum/FB-Fidelity-SVM,quantum,6,0.5555555555555556,0.4499999999999999,"{""clf__C"": 0.1}",40.42388770000071
18,quantum/FB-Fidelity-SVM,quantum,7,0.5555555555555556,0.375,"{""clf__C"": 0.1}",40.42388770000071
18,quantum/FB-Fidelity-SVM,quantum,8,0.4444444444444444,0.725,"{""clf__C"": 0.1}",40.42388770000071
18,quantum/FB-Fidelity-SVM,quantum,9,0.4444444444444444,0.1499999999999999,"{""clf__C"": 0.1}",40.42388770000071
18,quantum/FB-Fidelity-SVM,quantum,10,0.5555555555555556,0.425,"{""clf__C"": 0.1}",40.42388770000071
18,quantum/FB-Fidelity-SVM,quantum,11,0.5555555555555556,0.55,"{""clf__C"": 0.1}",40.42388770000071
18,quantum/FB-Fidelity-SVM,quantum,12,0.5555555555555556,0.8500000000000001,"{""clf__C"": 0.1}",40.42388770000071
18,quantum/FB-Fidelity-SVM,quantum,13,0.4444444444444444,0.4499999999999999,"{""clf__C"": 0.1}",40.42388770000071
18,quantum/FB-Fidelity-SVM,quantum,14,0.4444444444444444,0.25,"{""clf__C"": 0.1}",40.42388770000071
18,quantum/FB-Fidelity-ref-SVM,quantum,0,0.4444444444444444,0.4,"{""clf__C"": 10.0}",50.32961439999963
18,quantum/FB-Fidelity-ref-SVM,quantum,1,0.4444444444444444,0.25,"{""clf__C"": 0.1}",50.32961439999963
18,quantum/FB-Fidelity-ref-SVM,quantum,2,0.4444444444444444,0.2,"{""clf__C"": 0.1}",50.32961439999963
18,quantum/FB-Fidelity-ref-SVM,quantum,3,0.2222222222222222,0.25,"{""clf__C"": 10.0}",50.32961439999963
18,quantum/FB-Fidelity-ref-SVM,quantum,4,0.4444444444444444,0.4499999999999999,"{""clf__C"": 0.1}",50.32961439999963
18,quantum/FB-Fidelity-ref-SVM,quantum,5,0.4444444444444444,0.25,"{""clf__C"": 10.0}",50.32961439999963
18,quantum/FB-Fidelity-ref-SVM,quantum,6,0.4444444444444444,0.45,"{""clf__C"": 10.0}",50.32961439999963
18,quantum/FB-Fidelity-ref-SVM,quantum,7,0.4444444444444444,0.3,"{""clf__C"": 0.1}",50.32961439999963
18,quantum/FB-Fidelity-ref-SVM,quantum,8,0.4444444444444444,0.3,"{""clf__C"": 0.1}",50.32961439999963
18,quantum/FB-Fidelity-ref-SVM,quantum,9,0.4444444444444444,0.45,"{""clf__C"": 0.1}",50.32961439999963
18,quantum/FB-Fidelity-ref-SVM,quantum,10,0.4444444444444444,0.45,"{""clf__C"": 0.1}",50.32961439999963
18,quantum/FB-Fidelity-ref-SVM,quantum,11,0.5555555555555556,0.35,"{""clf__C"": 0.1}",50.32961439999963
18,quantum/FB-Fidelity-ref-SVM,quantum,12,0.6666666666666666,0.5,"{""clf__C"": 0.1}",50.32961439999963
18,quantum/FB-Fidelity-ref-SVM,quantum,13,0.4444444444444444,0.25,"{""clf__C"": 0.1}",50.32961439999963
18,quantum/FB-Fidelity-ref-SVM,quantum,14,0.4444444444444444,0.25,"{""clf__C"": 0.1}",50.32961439999963
18,quantum/FB-HS-RBF-SVM,quantum,0,0.5555555555555556,0.625,"{""clf__C"": 0.1, ""clf__gamma_mult"": 0.25}",42.625833099999
18,quantum/FB-HS-RBF-SVM,quantum,1,0.5555555555555556,0.5,"{""clf__C"": 0.1, ""clf__gamma_mult"": 0.25}",42.625833099999
18,quantum/FB-HS-RBF-SVM,quantum,2,0.5555555555555556,0.5,"{""clf__C"": 0.1, ""clf__gamma_mult"": 0.25}",42.625833099999
18,quantum/FB-HS-RBF-SVM,quantum,3,0.4444444444444444,0.6,"{""clf__C"": 0.1, ""clf__gamma_mult"": 0.25}",42.625833099999
18,quantum/FB-HS-RBF-SVM,quantum,4,0.4444444444444444,0.5,"{""clf__C"": 0.1, ""clf__gamma_mult"": 0.25}",42.625833099999
18,quantum/FB-HS-RBF-SVM,quantum,5,0.3333333333333333,0.5,"{""clf__C"": 0.1, ""clf__gamma_mult"": 0.25}",42.625833099999
18,quantum/FB-HS-RBF-SVM,quantum,6,0.5555555555555556,0.5,"{""clf__C"": 0.1, ""clf__gamma_mult"": 0.25}",42.625833099999
18,quantum/FB-HS-RBF-SVM,quantum,7,0.5555555555555556,0.5,"{""clf__C"": 0.1, ""clf__gamma_mult"": 0.25}",42.625833099999
18,quantum/FB-HS-RBF-SVM,quantum,8,0.4444444444444444,0.5,"{""clf__C"": 0.1, ""clf__gamma_mult"": 0.25}",42.625833099999
18,quantum/FB-HS-RBF-SVM,quantum,9,0.4444444444444444,0.5,"{""clf__C"": 0.1, ""clf__gamma_mult"": 0.25}",42.625833099999
18,quantum/FB-HS-RBF-SVM,quantum,10,0.5555555555555556,0.5,"{""clf__C"": 0.1, ""clf__gamma_mult"": 0.25}",42.625833099999
18,quantum/FB-HS-RBF-SVM,quantum,11,0.5555555555555556,0.625,"{""clf__C"": 0.1, ""clf__gamma_mult"": 0.25}",42.625833099999
18,quantum/FB-HS-RBF-SVM,quantum,12,0.5555555555555556,0.625,"{""clf__C"": 0.1, ""clf__gamma_mult"": 0.25}",42.625833099999
18,quantum/FB-HS-RBF-SVM,quantum,13,0.4444444444444444,0.5,"{""clf__C"": 0.1, ""clf__gamma_mult"": 0.25}",42.625833099999
18,quantum/FB-HS-RBF-SVM,quantum,14,0.4444444444444444,0.5,"{""clf__C"": 0.1, ""clf__gamma_mult"": 0.25}",42.625833099999
18,quantum/FB-HS-RBF-ref-SVM,quantum,0,0.5555555555555556,0.35,"{""clf__C"": 10.0, ""clf__gamma_mult"": 1.0}",54.62974540000141
18,quantum/FB-HS-RBF-ref-SVM,quantum,1,0.2222222222222222,0.25,"{""clf__C"": 1.0, ""clf__gamma_mult"": 4.0}",54.62974540000141
18,quantum/FB-HS-RBF-ref-SVM,quantum,2,0.2222222222222222,0.35,"{""clf__C"": 1.0, ""clf__gamma_mult"": 4.0}",54.62974540000141
18,quantum/FB-HS-RBF-ref-SVM,quantum,3,0.3333333333333333,0.3999999999999999,"{""clf__C"": 10.0, ""clf__gamma_mult"": 1.0}",54.62974540000141
18,quantum/FB-HS-RBF-ref-SVM,quantum,4,0.4444444444444444,0.4499999999999999,"{""clf__C"": 0.1, ""clf__gamma_mult"": 0.25}",54.62974540000141
18,quantum/FB-HS-RBF-ref-SVM,quantum,5,0.5555555555555556,0.4,"{""clf__C"": 10.0, ""clf__gamma_mult"": 0.25}",54.62974540000141
18,quantum/FB-HS-RBF-ref-SVM,quantum,6,0.4444444444444444,0.5,"{""clf__C"": 10.0, ""clf__gamma_mult"": 1.0}",54.62974540000141
18,quantum/FB-HS-RBF-ref-SVM,quantum,7,0.4444444444444444,0.35,"{""clf__C"": 10.0, ""clf__gamma_mult"": 1.0}",54.62974540000141
18,quantum/FB-HS-RBF-ref-SVM,quantum,8,0.4444444444444444,0.3,"{""clf__C"": 1.0, ""clf__gamma_mult"": 1.0}",54.62974540000141
18,quantum/FB-HS-RBF-ref-SVM,quantum,9,0.4444444444444444,0.3999999999999999,"{""clf__C"": 0.1, ""clf__gamma_mult"": 0.25}",54.62974540000141
18,quantum/FB-HS-RBF-ref-SVM,quantum,10,0.3333333333333333,0.4,"{""clf__C"": 0.1, ""clf__gamma_mult"": 0.25}",54.62974540000141
18,quantum/FB-HS-RBF-ref-SVM,quantum,11,0.4444444444444444,0.35,"{""clf__C"": 1.0, ""clf__gamma_mult"": 4.0}",54.62974540000141
18,quantum/FB-HS-RBF-ref-SVM,quantum,12,0.5555555555555556,0.5,"{""clf__C"": 0.1, ""clf__gamma_mult"": 0.25}",54.62974540000141
18,quantum/FB-HS-RBF-ref-SVM,quantum,13,0.3333333333333333,0.25,"{""clf__C"": 10.0, ""clf__gamma_mult"": 0.25}",54.62974540000141
18,quantum/FB-HS-RBF-ref-SVM,quantum,14,0.4444444444444444,0.4,"{""clf__C"": 1.0, ""clf__gamma_mult"": 1.0}",54.62974540000141
18,quantum/FB-Bures-RBF-SVM,quantum,0,0.5555555555555556,0.825,"{""clf__C"": 0.1, ""clf__gamma_mult"": 0.25}",58.80447749999985
18,quantum/FB-Bures-RBF-SVM,quantum,1,0.5555555555555556,0.375,"{""clf__C"": 0.1, ""clf__gamma_mult"": 0.25}",58.80447749999985
18,quantum/FB-Bures-RBF-SVM,quantum,2,0.5555555555555556,0.475,"{""clf__C"": 0.1, ""clf__gamma_mult"": 0.25}",58.80447749999985
18,quantum/FB-Bures-RBF-SVM,quantum,3,0.4444444444444444,0.7,"{""clf__C"": 0.1, ""clf__gamma_mult"": 0.25}",58.80447749999985
18,quantum/FB-Bures-RBF-SVM,quantum,4,0.4444444444444444,0.55,"{""clf__C"": 0.1, ""clf__gamma_mult"": 0.25}",58.80447749999985
18,quantum/FB-Bures-RBF-SVM,quantum,5,0.3333333333333333,0.375,"{""clf__C"": 0.1, ""clf__gamma_mult"": 0.25}",58.80447749999985
18,quantum/FB-Bures-RBF-SVM,quantum,6,0.5555555555555556,0.85,"{""clf__C"": 0.1, ""clf__gamma_mult"": 0.25}",58.80447749999985
18,quantum/FB-Bures-RBF-SVM,quantum,7,0.5555555555555556,0.35,"{""clf__C"": 0.1, ""clf__gamma_mult"": 0.25}",58.80447749999985
18,quantum/FB-Bures-RBF-SVM,quantum,8,0.4444444444444444,0.55,"{""clf__C"": 0.1, ""clf__gamma_mult"": 0.25}",58.80447749999985
18,quantum/FB-Bures-RBF-SVM,quantum,9,0.4444444444444444,0.5,"{""clf__C"": 0.1, ""clf__gamma_mult"": 0.25}",58.80447749999985
18,quantum/FB-Bures-RBF-SVM,quantum,10,0.5555555555555556,0.2249999999999999,"{""clf__C"": 0.1, ""clf__gamma_mult"": 0.25}",58.80447749999985
18,quantum/FB-Bures-RBF-SVM,quantum,11,0.5555555555555556,0.6,"{""clf__C"": 0.1, ""clf__gamma_mult"": 0.25}",58.80447749999985
18,quantum/FB-Bures-RBF-SVM,quantum,12,0.5555555555555556,0.675,"{""clf__C"": 0.1, ""clf__gamma_mult"": 0.25}",58.80447749999985
18,quantum/FB-Bures-RBF-SVM,quantum,13,0.4444444444444444,0.525,"{""clf__C"": 0.1, ""clf__gamma_mult"": 0.25}",58.80447749999985
18,quantum/FB-Bures-RBF-SVM,quantum,14,0.4444444444444444,0.525,"{""clf__C"": 0.1, ""clf__gamma_mult"": 0.25}",58.80447749999985
18,quantum/FB-Bures-RBF-ref-SVM,quantum,0,0.4444444444444444,0.5,"{""clf__C"": 10.0, ""clf__gamma_mult"": 0.25}",77.41521829999874
18,quantum/FB-Bures-RBF-ref-SVM,quantum,1,0.3333333333333333,0.25,"{""clf__C"": 10.0, ""clf__gamma_mult"": 4.0}",77.41521829999874
18,quantum/FB-Bures-RBF-ref-SVM,quantum,2,0.2222222222222222,0.35,"{""clf__C"": 1.0, ""clf__gamma_mult"": 4.0}",77.41521829999874
18,quantum/FB-Bures-RBF-ref-SVM,quantum,3,0.3333333333333333,0.3,"{""clf__C"": 10.0, ""clf__gamma_mult"": 0.25}",77.41521829999874
18,quantum/FB-Bures-RBF-ref-SVM,quantum,4,0.4444444444444444,0.4,"{""clf__C"": 0.1, ""clf__gamma_mult"": 0.25}",77.41521829999874
18,quantum/FB-Bures-RBF-ref-SVM,quantum,5,0.4444444444444444,0.3999999999999999,"{""clf__C"": 10.0, ""clf__gamma_mult"": 1.0}",77.41521829999874
18,quantum/FB-Bures-RBF-ref-SVM,quantum,6,0.4444444444444444,0.4,"{""clf__C"": 10.0, ""clf__gamma_mult"": 1.0}",77.41521829999874
18,quantum/FB-Bures-RBF-ref-SVM,quantum,7,0.4444444444444444,0.4,"{""clf__C"": 10.0, ""clf__gamma_mult"": 0.25}",77.41521829999874
18,quantum/FB-Bures-RBF-ref-SVM,quantum,8,0.3333333333333333,0.35,"{""clf__C"": 1.0, ""clf__gamma_mult"": 1.0}",77.41521829999874
18,quantum/FB-Bures-RBF-ref-SVM,quantum,9,0.4444444444444444,0.45,"{""clf__C"": 0.1, ""clf__gamma_mult"": 0.25}",77.41521829999874
18,quantum/FB-Bures-RBF-ref-SVM,quantum,10,0.4444444444444444,0.45,"{""clf__C"": 0.1, ""clf__gamma_mult"": 0.25}",77.41521829999874
18,quantum/FB-Bures-RBF-ref-SVM,quantum,11,0.4444444444444444,0.25,"{""clf__C"": 10.0, ""clf__gamma_mult"": 1.0}",77.41521829999874
18,quantum/FB-Bures-RBF-ref-SVM,quantum,12,0.5555555555555556,0.6,"{""clf__C"": 10.0, ""clf__gamma_mult"": 0.25}",77.41521829999874
18,quantum/FB-Bures-RBF-ref-SVM,quantum,13,0.4444444444444444,0.15,"{""clf__C"": 1.0, ""clf__gamma_mult"": 4.0}",77.41521829999874
18,quantum/FB-Bures-RBF-ref-SVM,quantum,14,0.4444444444444444,0.35,"{""clf__C"": 1.0, ""clf__gamma_mult"": 1.0}",77.41521829999874
18,quantum/FB-QRE-RBF-SVM,quantum,0,0.5555555555555556,0.8,"{""clf__C"": 0.1, ""clf__gamma_mult"": 0.25}",44.04374800000005
18,quantum/FB-QRE-RBF-SVM,quantum,1,0.5555555555555556,0.475,"{""clf__C"": 0.1, ""clf__gamma_mult"": 0.25}",44.04374800000005
18,quantum/FB-QRE-RBF-SVM,quantum,2,0.5555555555555556,0.3,"{""clf__C"": 0.1, ""clf__gamma_mult"": 0.25}",44.04374800000005
18,quantum/FB-QRE-RBF-SVM,quantum,3,0.4444444444444444,0.6,"{""clf__C"": 0.1, ""clf__gamma_mult"": 0.25}",44.04374800000005
18,quantum/FB-QRE-RBF-SVM,quantum,4,0.4444444444444444,0.375,"{""clf__C"": 0.1, ""clf__gamma_mult"": 0.25}",44.04374800000005
18,quantum/FB-QRE-RBF-SVM,quantum,5,0.3333333333333333,0.4,"{""clf__C"": 0.1, ""clf__gamma_mult"": 0.25}",44.04374800000005
18,quantum/FB-QRE-RBF-SVM,quantum,6,0.5555555555555556,0.65,"{""clf__C"": 0.1, ""clf__gamma_mult"": 0.25}",44.04374800000005
18,quantum/FB-QRE-RBF-SVM,quantum,7,0.5555555555555556,0.9,"{""clf__C"": 0.1, ""clf__gamma_mult"": 0.25}",44.04374800000005
18,quantum/FB-QRE-RBF-SVM,quantum,8,0.4444444444444444,0.35,"{""clf__C"": 0.1, ""clf__gamma_mult"": 0.25}",44.04374800000005
18,quantum/FB-QRE-RBF-SVM,quantum,9,0.4444444444444444,0.725,"{""clf__C"": 0.1, ""clf__gamma_mult"": 0.25}",44.04374800000005
18,quantum/FB-QRE-RBF-SVM,quantum,10,0.5555555555555556,0.55,"{""clf__C"": 0.1, ""clf__gamma_mult"": 0.25}",44.04374800000005
18,quantum/FB-QRE-RBF-SVM,quantum,11,0.5555555555555556,0.75,"{""clf__C"": 0.1, ""clf__gamma_mult"": 0.25}",44.04374800000005
18,quantum/FB-QRE-RBF-SVM,quantum,12,0.5555555555555556,0.75,"{""clf__C"": 0.1, ""clf__gamma_mult"": 0.25}",44.04374800000005
18,quantum/FB-QRE-RBF-SVM,quantum,13,0.4444444444444444,0.1999999999999999,"{""clf__C"": 0.1, ""clf__gamma_mult"": 0.25}",44.04374800000005
18,quantum/FB-QRE-RBF-SVM,quantum,14,0.4444444444444444,0.3249999999999999,"{""clf__C"": 0.1, ""clf__gamma_mult"": 0.25}",44.04374800000005
18,quantum/FB-QRE-RBF-ref-SVM,quantum,0,0.4444444444444444,0.5,"{""clf__C"": 10.0, ""clf__gamma_mult"": 0.25}",58.11954270000024
18,quantum/FB-QRE-RBF-ref-SVM,quantum,1,0.4444444444444444,0.25,"{""clf__C"": 10.0, ""clf__gamma_mult"": 4.0}",58.11954270000024
18,quantum/FB-QRE-RBF-ref-SVM,quantum,2,0.2222222222222222,0.35,"{""clf__C"": 1.0, ""clf__gamma_mult"": 4.0}",58.11954270000024
18,quantum/FB-QRE-RBF-ref-SVM,quantum,3,0.3333333333333333,0.3,"{""clf__C"": 10.0, ""clf__gamma_mult"": 0.25}",58.11954270000024
18,quantum/FB-QRE-RBF-ref-SVM,quantum,4,0.4444444444444444,0.35,"{""clf__C"": 0.1, ""clf__gamma_mult"": 0.25}",58.11954270000024
18,quantum/FB-QRE-RBF-ref-SVM,quantum,5,0.4444444444444444,0.4499999999999999,"{""clf__C"": 10.0, ""clf__gamma_mult"": 1.0}",58.11954270000024
18,quantum/FB-QRE-RBF-ref-SVM,quantum,6,0.4444444444444444,0.45,"{""clf__C"": 10.0, ""clf__gamma_mult"": 1.0}",58.11954270000024
18,quantum/FB-QRE-RBF-ref-SVM,quantum,7,0.4444444444444444,0.4,"{""clf__C"": 10.0, ""clf__gamma_mult"": 0.25}",58.11954270000024
18,quantum/FB-QRE-RBF-ref-SVM,quantum,8,0.3333333333333333,0.35,"{""clf__C"": 1.0, ""clf__gamma_mult"": 1.0}",58.11954270000024
18,quantum/FB-QRE-RBF-ref-SVM,quantum,9,0.4444444444444444,0.5,"{""clf__C"": 0.1, ""clf__gamma_mult"": 0.25}",58.11954270000024
18,quantum/FB-QRE-RBF-ref-SVM,quantum,10,0.4444444444444444,0.45,"{""clf__C"": 0.1, ""clf__gamma_mult"": 0.25}",58.11954270000024
18,quantum/FB-QRE-RBF-ref-SVM,quantum,11,0.3333333333333333,0.3,"{""clf__C"": 10.0, ""clf__gamma_mult"": 1.0}",58.11954270000024
18,quantum/FB-QRE-RBF-ref-SVM,quantum,12,0.4444444444444444,0.55,"{""clf__C"": 10.0, ""clf__gamma_mult"": 0.25}",58.11954270000024
18,quantum/FB-QRE-RBF-ref-SVM,quantum,13,0.4444444444444444,0.15,"{""clf__C"": 1.0, ""clf__gamma_mult"": 4.0}",58.11954270000024
18,quantum/FB-QRE-RBF-ref-SVM,quantum,14,0.4444444444444444,0.35,"{""clf__C"": 1.0, ""clf__gamma_mult"": 1.0}",58.11954270000024
18,control/FB-riemann-kernel-SVM,control,0,0.5555555555555556,0.45,"{""clf__C"": 1.0}",36.932702099999005
18,control/FB-riemann-kernel-SVM,control,1,0.6666666666666666,0.55,"{""clf__C"": 1.0}",36.932702099999005
18,control/FB-riemann-kernel-SVM,control,2,0.3333333333333333,0.35,"{""clf__C"": 1.0}",36.932702099999005
18,control/FB-riemann-kernel-SVM,control,3,0.3333333333333333,0.2499999999999999,"{""clf__C"": 1.0}",36.932702099999005
18,control/FB-riemann-kernel-SVM,control,4,0.4444444444444444,0.4499999999999999,"{""clf__C"": 0.1}",36.932702099999005
18,control/FB-riemann-kernel-SVM,control,5,0.5555555555555556,0.3,"{""clf__C"": 1.0}",36.932702099999005
18,control/FB-riemann-kernel-SVM,control,6,0.6666666666666666,0.5,"{""clf__C"": 0.1}",36.932702099999005
18,control/FB-riemann-kernel-SVM,control,7,0.6666666666666666,0.5,"{""clf__C"": 1.0}",36.932702099999005
18,control/FB-riemann-kernel-SVM,control,8,0.3333333333333333,0.3,"{""clf__C"": 1.0}",36.932702099999005
18,control/FB-riemann-kernel-SVM,control,9,0.3333333333333333,0.55,"{""clf__C"": 1.0}",36.932702099999005
18,control/FB-riemann-kernel-SVM,control,10,0.4444444444444444,0.4999999999999999,"{""clf__C"": 0.1}",36.932702099999005
18,control/FB-riemann-kernel-SVM,control,11,0.4444444444444444,0.3,"{""clf__C"": 0.1}",36.932702099999005
18,control/FB-riemann-kernel-SVM,control,12,0.3333333333333333,0.5,"{""clf__C"": 0.1}",36.932702099999005
18,control/FB-riemann-kernel-SVM,control,13,0.4444444444444444,0.2499999999999999,"{""clf__C"": 0.1}",36.932702099999005
18,control/FB-riemann-kernel-SVM,control,14,0.3333333333333333,0.2999999999999999,"{""clf__C"": 0.1}",36.932702099999005
18,control/FB-logeuclid-kernel-SVM,control,0,0.4444444444444444,0.2,"{""clf__C"": 1.0}",36.58829820000028
18,control/FB-logeuclid-kernel-SVM,control,1,0.5555555555555556,0.55,"{""clf__C"": 1.0}",36.58829820000028
18,control/FB-logeuclid-kernel-SVM,control,2,0.3333333333333333,0.25,"{""clf__C"": 1.0}",36.58829820000028
18,control/FB-logeuclid-kernel-SVM,control,3,0.4444444444444444,0.3,"{""clf__C"": 1.0}",36.58829820000028
18,control/FB-logeuclid-kernel-SVM,control,4,0.4444444444444444,0.5,"{""clf__C"": 0.1}",36.58829820000028
18,control/FB-logeuclid-kernel-SVM,control,5,0.4444444444444444,0.45,"{""clf__C"": 1.0}",36.58829820000028
18,control/FB-logeuclid-kernel-SVM,control,6,0.3333333333333333,0.4,"{""clf__C"": 0.1}",36.58829820000028
18,control/FB-logeuclid-kernel-SVM,control,7,0.4444444444444444,0.45,"{""clf__C"": 1.0}",36.58829820000028
18,control/FB-logeuclid-kernel-SVM,control,8,0.4444444444444444,0.3,"{""clf__C"": 1.0}",36.58829820000028
18,control/FB-logeuclid-kernel-SVM,control,9,0.3333333333333333,0.55,"{""clf__C"": 1.0}",36.58829820000028
18,control/FB-logeuclid-kernel-SVM,control,10,0.4444444444444444,0.4499999999999999,"{""clf__C"": 0.1}",36.58829820000028
18,control/FB-logeuclid-kernel-SVM,control,11,0.5555555555555556,0.55,"{""clf__C"": 0.1}",36.58829820000028
18,control/FB-logeuclid-kernel-SVM,control,12,0.3333333333333333,0.3,"{""clf__C"": 0.1}",36.58829820000028
18,control/FB-logeuclid-kernel-SVM,control,13,0.4444444444444444,0.2499999999999999,"{""clf__C"": 0.1}",36.58829820000028
18,control/FB-logeuclid-kernel-SVM,control,14,0.4444444444444444,0.2499999999999999,"{""clf__C"": 0.1}",36.58829820000028
20,classical/FBCSP+LDA,classical,0,0.4444444444444444,0.4,"{""perband__base__csp__nfilter"": 6}",52.66155960000015
20,classical/FBCSP+LDA,classical,1,0.4444444444444444,0.25,"{""perband__base__csp__nfilter"": 6}",52.66155960000015
20,classical/FBCSP+LDA,classical,2,0.3333333333333333,0.3999999999999999,"{""perband__base__csp__nfilter"": 6}",52.66155960000015
20,classical/FBCSP+LDA,classical,3,0.2222222222222222,0.15,"{""perband__base__csp__nfilter"": 4}",52.66155960000015
20,classical/FBCSP+LDA,classical,4,0.6666666666666666,0.65,"{""perband__base__csp__nfilter"": 6}",52.66155960000015
20,classical/FBCSP+LDA,classical,5,0.3333333333333333,0.35,"{""perband__base__csp__nfilter"": 6}",52.66155960000015
20,classical/FBCSP+LDA,classical,6,0.3333333333333333,0.2499999999999999,"{""perband__base__csp__nfilter"": 6}",52.66155960000015
20,classical/FBCSP+LDA,classical,7,0.4444444444444444,0.55,"{""perband__base__csp__nfilter"": 4}",52.66155960000015
20,classical/FBCSP+LDA,classical,8,0.5555555555555556,0.5,"{""perband__base__csp__nfilter"": 6}",52.66155960000015
20,classical/FBCSP+LDA,classical,9,0.2222222222222222,0.0,"{""perband__base__csp__nfilter"": 2}",52.66155960000015
20,classical/FBCSP+LDA,classical,10,0.4444444444444444,0.3,"{""perband__base__csp__nfilter"": 4}",52.66155960000015
20,classical/FBCSP+LDA,classical,11,0.4444444444444444,0.6,"{""perband__base__csp__nfilter"": 4}",52.66155960000015
20,classical/FBCSP+LDA,classical,12,0.3333333333333333,0.1,"{""perband__base__csp__nfilter"": 4}",52.66155960000015
20,classical/FBCSP+LDA,classical,13,0.3333333333333333,0.45,"{""perband__base__csp__nfilter"": 4}",52.66155960000015
20,classical/FBCSP+LDA,classical,14,0.1111111111111111,0.0,"{""perband__base__csp__nfilter"": 6}",52.66155960000015
20,classical/FB-TS+LR,classical,0,0.3333333333333333,0.4,"{""clf__C"": 1.0}",52.529382099999566
20,classical/FB-TS+LR,classical,1,0.3333333333333333,0.3999999999999999,"{""clf__C"": 0.1}",52.529382099999566
20,classical/FB-TS+LR,classical,2,0.4444444444444444,0.4499999999999999,"{""clf__C"": 0.1}",52.529382099999566
20,classical/FB-TS+LR,classical,3,0.4444444444444444,0.35,"{""clf__C"": 0.1}",52.529382099999566
20,classical/FB-TS+LR,classical,4,0.4444444444444444,0.7,"{""clf__C"": 0.1}",52.529382099999566
20,classical/FB-TS+LR,classical,5,0.4444444444444444,0.4499999999999999,"{""clf__C"": 0.1}",52.529382099999566
20,classical/FB-TS+LR,classical,6,0.5555555555555556,0.45,"{""clf__C"": 0.1}",52.529382099999566
20,classical/FB-TS+LR,classical,7,0.4444444444444444,0.5499999999999999,"{""clf__C"": 10.0}",52.529382099999566
20,classical/FB-TS+LR,classical,8,0.4444444444444444,0.6000000000000001,"{""clf__C"": 0.1}",52.529382099999566
20,classical/FB-TS+LR,classical,9,0.4444444444444444,0.2,"{""clf__C"": 0.1}",52.529382099999566
20,classical/FB-TS+LR,classical,10,0.4444444444444444,0.35,"{""clf__C"": 0.1}",52.529382099999566
20,classical/FB-TS+LR,classical,11,0.7777777777777778,0.75,"{""clf__C"": 1.0}",52.529382099999566
20,classical/FB-TS+LR,classical,12,0.3333333333333333,0.1499999999999999,"{""clf__C"": 10.0}",52.529382099999566
20,classical/FB-TS+LR,classical,13,0.3333333333333333,0.3,"{""clf__C"": 0.1}",52.529382099999566
20,classical/FB-TS+LR,classical,14,0.2222222222222222,0.2,"{""clf__C"": 1.0}",52.529382099999566
20,classical/FB-TS+RBF-SVM,classical,0,0.3333333333333333,0.35,"{""clf__C"": 1.0, ""clf__gamma"": ""scale""}",89.05774299999939
20,classical/FB-TS+RBF-SVM,classical,1,0.3333333333333333,0.4499999999999999,"{""clf__C"": 10.0, ""clf__gamma"": ""scale""}",89.05774299999939
20,classical/FB-TS+RBF-SVM,classical,2,0.3333333333333333,0.35,"{""clf__C"": 10.0, ""clf__gamma"": ""scale""}",89.05774299999939
20,classical/FB-TS+RBF-SVM,classical,3,0.4444444444444444,0.3,"{""clf__C"": 1.0, ""clf__gamma"": ""scale""}",89.05774299999939
20,classical/FB-TS+RBF-SVM,classical,4,0.4444444444444444,0.65,"{""clf__C"": 1.0, ""clf__gamma"": ""scale""}",89.05774299999939
20,classical/FB-TS+RBF-SVM,classical,5,0.5555555555555556,0.55,"{""clf__C"": 10.0, ""clf__gamma"": 0.01}",89.05774299999939
20,classical/FB-TS+RBF-SVM,classical,6,0.4444444444444444,0.3,"{""clf__C"": 1.0, ""clf__gamma"": ""scale""}",89.05774299999939
20,classical/FB-TS+RBF-SVM,classical,7,0.5555555555555556,0.5,"{""clf__C"": 10.0, ""clf__gamma"": ""scale""}",89.05774299999939
20,classical/FB-TS+RBF-SVM,classical,8,0.4444444444444444,0.7500000000000001,"{""clf__C"": 1.0, ""clf__gamma"": 0.01}",89.05774299999939
20,classical/FB-TS+RBF-SVM,classical,9,0.4444444444444444,0.35,"{""clf__C"": 10.0, ""clf__gamma"": ""scale""}",89.05774299999939
20,classical/FB-TS+RBF-SVM,classical,10,0.4444444444444444,0.35,"{""clf__C"": 10.0, ""clf__gamma"": 0.01}",89.05774299999939
20,classical/FB-TS+RBF-SVM,classical,11,0.6666666666666666,0.9,"{""clf__C"": 0.1, ""clf__gamma"": ""scale""}",89.05774299999939
20,classical/FB-TS+RBF-SVM,classical,12,0.2222222222222222,0.1499999999999999,"{""clf__C"": 10.0, ""clf__gamma"": ""scale""}",89.05774299999939
20,classical/FB-TS+RBF-SVM,classical,13,0.2222222222222222,0.2,"{""clf__C"": 10.0, ""clf__gamma"": 0.01}",89.05774299999939
20,classical/FB-TS+RBF-SVM,classical,14,0.3333333333333333,0.1,"{""clf__C"": 10.0, ""clf__gamma"": 0.01}",89.05774299999939
20,quantum/FB-HS-overlap-SVM,quantum,0,0.4444444444444444,0.2499999999999999,"{""clf__C"": 0.1}",34.587550199999896
20,quantum/FB-HS-overlap-SVM,quantum,1,0.3333333333333333,0.35,"{""clf__C"": 0.1}",34.587550199999896
20,quantum/FB-HS-overlap-SVM,quantum,2,0.4444444444444444,0.475,"{""clf__C"": 0.1}",34.587550199999896
20,quantum/FB-HS-overlap-SVM,quantum,3,0.4444444444444444,0.625,"{""clf__C"": 0.1}",34.587550199999896
20,quantum/FB-HS-overlap-SVM,quantum,4,0.4444444444444444,0.55,"{""clf__C"": 0.1}",34.587550199999896
20,quantum/FB-HS-overlap-SVM,quantum,5,0.5555555555555556,0.5,"{""clf__C"": 0.1}",34.587550199999896
20,quantum/FB-HS-overlap-SVM,quantum,6,0.3333333333333333,0.1499999999999999,"{""clf__C"": 0.1}",34.587550199999896
20,quantum/FB-HS-overlap-SVM,quantum,7,0.4444444444444444,0.725,"{""clf__C"": 0.1}",34.587550199999896
20,quantum/FB-HS-overlap-SVM,quantum,8,0.4444444444444444,0.65,"{""clf__C"": 0.1}",34.587550199999896
20,quantum/FB-HS-overlap-SVM,quantum,9,0.4444444444444444,0.2249999999999999,"{""clf__C"": 0.1}",34.587550199999896
20,quantum/FB-HS-overlap-SVM,quantum,10,0.4444444444444444,0.525,"{""clf__C"": 0.1}",34.587550199999896
20,quantum/FB-HS-overlap-SVM,quantum,11,0.4444444444444444,0.55,"{""clf__C"": 0.1}",34.587550199999896
20,quantum/FB-HS-overlap-SVM,quantum,12,0.2222222222222222,0.25,"{""clf__C"": 0.1}",34.587550199999896
20,quantum/FB-HS-overlap-SVM,quantum,13,0.4444444444444444,0.7250000000000001,"{""clf__C"": 0.1}",34.587550199999896
20,quantum/FB-HS-overlap-SVM,quantum,14,0.4444444444444444,0.2,"{""clf__C"": 0.1}",34.587550199999896
20,quantum/FB-HS-overlap-ref-SVM,quantum,0,0.4444444444444444,0.45,"{""clf__C"": 10.0}",39.50201520000064
20,quantum/FB-HS-overlap-ref-SVM,quantum,1,0.3333333333333333,0.35,"{""clf__C"": 0.1}",39.50201520000064
20,quantum/FB-HS-overlap-ref-SVM,quantum,2,0.3333333333333333,0.3,"{""clf__C"": 10.0}",39.50201520000064
20,quantum/FB-HS-overlap-ref-SVM,quantum,3,0.1111111111111111,0.25,"{""clf__C"": 10.0}",39.50201520000064
20,quantum/FB-HS-overlap-ref-SVM,quantum,4,0.5555555555555556,0.5,"{""clf__C"": 10.0}",39.50201520000064
20,quantum/FB-HS-overlap-ref-SVM,quantum,5,0.5555555555555556,0.5,"{""clf__C"": 10.0}",39.50201520000064
20,quantum/FB-HS-overlap-ref-SVM,quantum,6,0.3333333333333333,0.3999999999999999,"{""clf__C"": 10.0}",39.50201520000064
20,quantum/FB-HS-overlap-ref-SVM,quantum,7,0.5555555555555556,0.5,"{""clf__C"": 0.1}",39.50201520000064
20,quantum/FB-HS-overlap-ref-SVM,quantum,8,0.3333333333333333,0.15,"{""clf__C"": 10.0}",39.50201520000064
20,quantum/FB-HS-overlap-ref-SVM,quantum,9,0.2222222222222222,0.05,"{""clf__C"": 10.0}",39.50201520000064
20,quantum/FB-HS-overlap-ref-SVM,quantum,10,0.3333333333333333,0.35,"{""clf__C"": 10.0}",39.50201520000064
20,quantum/FB-HS-overlap-ref-SVM,quantum,11,0.5555555555555556,0.65,"{""clf__C"": 10.0}",39.50201520000064
20,quantum/FB-HS-overlap-ref-SVM,quantum,12,0.2222222222222222,0.1,"{""clf__C"": 10.0}",39.50201520000064
20,quantum/FB-HS-overlap-ref-SVM,quantum,13,0.4444444444444444,0.1,"{""clf__C"": 0.1}",39.50201520000064
20,quantum/FB-HS-overlap-ref-SVM,quantum,14,0.2222222222222222,0.2,"{""clf__C"": 10.0}",39.50201520000064
20,quantum/FB-Fidelity-SVM,quantum,0,0.6666666666666666,0.65,"{""clf__C"": 0.1}",40.644861600000695
20,quantum/FB-Fidelity-SVM,quantum,1,0.4444444444444444,0.5,"{""clf__C"": 0.1}",40.644861600000695
20,quantum/FB-Fidelity-SVM,quantum,2,0.5555555555555556,0.7,"{""clf__C"": 0.1}",40.644861600000695
20,quantum/FB-Fidelity-SVM,quantum,3,0.4444444444444444,0.25,"{""clf__C"": 0.1}",40.644861600000695
20,quantum/FB-Fidelity-SVM,quantum,4,0.4444444444444444,0.55,"{""clf__C"": 0.1}",40.644861600000695
20,quantum/FB-Fidelity-SVM,quantum,5,0.5555555555555556,0.7749999999999999,"{""clf__C"": 0.1}",40.644861600000695
20,quantum/FB-Fidelity-SVM,quantum,6,0.6666666666666666,0.55,"{""clf__C"": 0.1}",40.644861600000695
20,quantum/FB-Fidelity-SVM,quantum,7,0.4444444444444444,0.3,"{""clf__C"": 0.1}",40.644861600000695
20,quantum/FB-Fidelity-SVM,quantum,8,0.4444444444444444,0.275,"{""clf__C"": 0.1}",40.644861600000695
20,quantum/FB-Fidelity-SVM,quantum,9,0.4444444444444444,0.275,"{""clf__C"": 0.1}",40.644861600000695
20,quantum/FB-Fidelity-SVM,quantum,10,0.6666666666666666,0.8,"{""clf__C"": 0.1}",40.644861600000695
20,quantum/FB-Fidelity-SVM,quantum,11,0.3333333333333333,0.3,"{""clf__C"": 0.1}",40.644861600000695
20,quantum/FB-Fidelity-SVM,quantum,12,0.3333333333333333,0.325,"{""clf__C"": 0.1}",40.644861600000695
20,quantum/FB-Fidelity-SVM,quantum,13,0.4444444444444444,0.625,"{""clf__C"": 0.1}",40.644861600000695
20,quantum/FB-Fidelity-SVM,quantum,14,0.4444444444444444,0.35,"{""clf__C"": 0.1}",40.644861600000695
20,quantum/FB-Fidelity-ref-SVM,quantum,0,0.4444444444444444,0.35,"{""clf__C"": 10.0}",47.770779100000254
20,quantum/FB-Fidelity-ref-SVM,quantum,1,0.3333333333333333,0.4,"{""clf__C"": 0.1}",47.770779100000254
20,quantum/FB-Fidelity-ref-SVM,quantum,2,0.3333333333333333,0.35,"{""clf__C"": 10.0}",47.770779100000254
20,quantum/FB-Fidelity-ref-SVM,quantum,3,0.1111111111111111,0.25,"{""clf__C"": 10.0}",47.770779100000254
20,quantum/FB-Fidelity-ref-SVM,quantum,4,0.4444444444444444,0.55,"{""clf__C"": 0.1}",47.770779100000254
20,quantum/FB-Fidelity-ref-SVM,quantum,5,0.5555555555555556,0.5499999999999999,"{""clf__C"": 10.0}",47.770779100000254
20,quantum/FB-Fidelity-ref-SVM,quantum,6,0.3333333333333333,0.3999999999999999,"{""clf__C"": 10.0}",47.770779100000254
20,quantum/FB-Fidelity-ref-SVM,quantum,7,0.5555555555555556,0.45,"{""clf__C"": 0.1}",47.770779100000254
20,quantum/FB-Fidelity-ref-SVM,quantum,8,0.2222222222222222,0.3,"{""clf__C"": 10.0}",47.770779100000254
20,quantum/FB-Fidelity-ref-SVM,quantum,9,0.2222222222222222,0.05,"{""clf__C"": 10.0}",47.770779100000254
20,quantum/FB-Fidelity-ref-SVM,quantum,10,0.3333333333333333,0.3,"{""clf__C"": 10.0}",47.770779100000254
20,quantum/FB-Fidelity-ref-SVM,quantum,11,0.4444444444444444,0.7,"{""clf__C"": 10.0}",47.770779100000254
20,quantum/FB-Fidelity-ref-SVM,quantum,12,0.3333333333333333,0.0999999999999999,"{""clf__C"": 10.0}",47.770779100000254
20,quantum/FB-Fidelity-ref-SVM,quantum,13,0.4444444444444444,0.15,"{""clf__C"": 0.1}",47.770779100000254
20,quantum/FB-Fidelity-ref-SVM,quantum,14,0.1111111111111111,0.1,"{""clf__C"": 10.0}",47.770779100000254
20,quantum/FB-HS-RBF-SVM,quantum,0,0.5555555555555556,0.5,"{""clf__C"": 0.1, ""clf__gamma_mult"": 0.25}",43.00932339999963
20,quantum/FB-HS-RBF-SVM,quantum,1,0.5555555555555556,0.5,"{""clf__C"": 0.1, ""clf__gamma_mult"": 0.25}",43.00932339999963
20,quantum/FB-HS-RBF-SVM,quantum,2,0.5555555555555556,0.5,"{""clf__C"": 0.1, ""clf__gamma_mult"": 0.25}",43.00932339999963
20,quantum/FB-HS-RBF-SVM,quantum,3,0.4444444444444444,0.5,"{""clf__C"": 0.1, ""clf__gamma_mult"": 0.25}",43.00932339999963
20,quantum/FB-HS-RBF-SVM,quantum,4,0.4444444444444444,0.5,"{""clf__C"": 0.1, ""clf__gamma_mult"": 0.25}",43.00932339999963
20,quantum/FB-HS-RBF-SVM,quantum,5,0.5555555555555556,0.5,"{""clf__C"": 0.1, ""clf__gamma_mult"": 0.25}",43.00932339999963
20,quantum/FB-HS-RBF-SVM,quantum,6,0.5555555555555556,0.5,"{""clf__C"": 0.1, ""clf__gamma_mult"": 0.25}",43.00932339999963
20,quantum/FB-HS-RBF-SVM,quantum,7,0.5555555555555556,0.5,"{""clf__C"": 0.1, ""clf__gamma_mult"": 0.25}",43.00932339999963
20,quantum/FB-HS-RBF-SVM,quantum,8,0.4444444444444444,0.5,"{""clf__C"": 0.1, ""clf__gamma_mult"": 0.25}",43.00932339999963
20,quantum/FB-HS-RBF-SVM,quantum,9,0.4444444444444444,0.5,"{""clf__C"": 0.1, ""clf__gamma_mult"": 0.25}",43.00932339999963
20,quantum/FB-HS-RBF-SVM,quantum,10,0.5555555555555556,0.5,"{""clf__C"": 0.1, ""clf__gamma_mult"": 0.25}",43.00932339999963
20,quantum/FB-HS-RBF-SVM,quantum,11,0.5555555555555556,0.5,"{""clf__C"": 0.1, ""clf__gamma_mult"": 0.25}",43.00932339999963
20,quantum/FB-HS-RBF-SVM,quantum,12,0.5555555555555556,0.5,"{""clf__C"": 0.1, ""clf__gamma_mult"": 0.25}",43.00932339999963
20,quantum/FB-HS-RBF-SVM,quantum,13,0.4444444444444444,0.5,"{""clf__C"": 0.1, ""clf__gamma_mult"": 0.25}",43.00932339999963
20,quantum/FB-HS-RBF-SVM,quantum,14,0.4444444444444444,0.5,"{""clf__C"": 0.1, ""clf__gamma_mult"": 0.25}",43.00932339999963
20,quantum/FB-HS-RBF-ref-SVM,quantum,0,0.4444444444444444,0.45,"{""clf__C"": 10.0, ""clf__gamma_mult"": 1.0}",62.35652250000021
20,quantum/FB-HS-RBF-ref-SVM,quantum,1,0.3333333333333333,0.35,"{""clf__C"": 0.1, ""clf__gamma_mult"": 0.25}",62.35652250000021
20,quantum/FB-HS-RBF-ref-SVM,quantum,2,0.3333333333333333,0.3,"{""clf__C"": 10.0, ""clf__gamma_mult"": 0.25}",62.35652250000021
20,quantum/FB-HS-RBF-ref-SVM,quantum,3,0.2222222222222222,0.3,"{""clf__C"": 10.0, ""clf__gamma_mult"": 1.0}",62.35652250000021
20,quantum/FB-HS-RBF-ref-SVM,quantum,4,0.5555555555555556,0.5,"{""clf__C"": 10.0, ""clf__gamma_mult"": 0.25}",62.35652250000021
20,quantum/FB-HS-RBF-ref-SVM,quantum,5,0.5555555555555556,0.7000000000000001,"{""clf__C"": 10.0, ""clf__gamma_mult"": 0.25}",62.35652250000021
20,quantum/FB-HS-RBF-ref-SVM,quantum,6,0.3333333333333333,0.3999999999999999,"{""clf__C"": 10.0, ""clf__gamma_mult"": 1.0}",62.35652250000021
20,quantum/FB-HS-RBF-ref-SVM,quantum,7,0.4444444444444444,0.4999999999999999,"{""clf__C"": 10.0, ""clf__gamma_mult"": 1.0}",62.35652250000021
20,quantum/FB-HS-RBF-ref-SVM,quantum,8,0.4444444444444444,0.2,"{""clf__C"": 10.0, ""clf__gamma_mult"": 0.25}",62.35652250000021
20,quantum/FB-HS-RBF-ref-SVM,quantum,9,0.3333333333333333,0.2,"{""clf__C"": 1.0, ""clf__gamma_mult"": 1.0}",62.35652250000021
20,quantum/FB-HS-RBF-ref-SVM,quantum,10,0.3333333333333333,0.3,"{""clf__C"": 10.0, ""clf__gamma_mult"": 0.25}",62.35652250000021
20,quantum/FB-HS-RBF-ref-SVM,quantum,11,0.4444444444444444,0.65,"{""clf__C"": 10.0, ""clf__gamma_mult"": 0.25}",62.35652250000021
20,quantum/FB-HS-RBF-ref-SVM,quantum,12,0.3333333333333333,0.1,"{""clf__C"": 10.0, ""clf__gamma_mult"": 1.0}",62.35652250000021
20,quantum/FB-HS-RBF-ref-SVM,quantum,13,0.4444444444444444,0.1,"{""clf__C"": 0.1, ""clf__gamma_mult"": 0.25}",62.35652250000021
20,quantum/FB-HS-RBF-ref-SVM,quantum,14,0.2222222222222222,0.2,"{""clf__C"": 10.0, ""clf__gamma_mult"": 0.25}",62.35652250000021
20,quantum/FB-Bures-RBF-SVM,quantum,0,0.5555555555555556,0.625,"{""clf__C"": 0.1, ""clf__gamma_mult"": 0.25}",63.18034420000004
20,quantum/FB-Bures-RBF-SVM,quantum,1,0.5555555555555556,0.675,"{""clf__C"": 0.1, ""clf__gamma_mult"": 0.25}",63.18034420000004
20,quantum/FB-Bures-RBF-SVM,quantum,2,0.4444444444444444,0.6000000000000001,"{""clf__C"": 0.1, ""clf__gamma_mult"": 0.25}",63.18034420000004
20,quantum/FB-Bures-RBF-SVM,quantum,3,0.4444444444444444,0.325,"{""clf__C"": 0.1, ""clf__gamma_mult"": 0.25}",63.18034420000004
20,quantum/FB-Bures-RBF-SVM,quantum,4,0.4444444444444444,0.6,"{""clf__C"": 0.1, ""clf__gamma_mult"": 0.25}",63.18034420000004
20,quantum/FB-Bures-RBF-SVM,quantum,5,0.4444444444444444,0.6,"{""clf__C"": 0.1, ""clf__gamma_mult"": 0.25}",63.18034420000004
20,quantum/FB-Bures-RBF-SVM,quantum,6,0.4444444444444444,0.6,"{""clf__C"": 0.1, ""clf__gamma_mult"": 0.25}",63.18034420000004
20,quantum/FB-Bures-RBF-SVM,quantum,7,0.6666666666666666,0.8500000000000001,"{""clf__C"": 0.1, ""clf__gamma_mult"": 0.25}",63.18034420000004
20,quantum/FB-Bures-RBF-SVM,quantum,8,0.4444444444444444,0.125,"{""clf__C"": 0.1, ""clf__gamma_mult"": 0.25}",63.18034420000004
20,quantum/FB-Bures-RBF-SVM,quantum,9,0.4444444444444444,0.7749999999999999,"{""clf__C"": 0.1, ""clf__gamma_mult"": 0.25}",63.18034420000004
20,quantum/FB-Bures-RBF-SVM,quantum,10,0.5555555555555556,0.625,"{""clf__C"": 0.1, ""clf__gamma_mult"": 0.25}",63.18034420000004
20,quantum/FB-Bures-RBF-SVM,quantum,11,0.4444444444444444,0.3,"{""clf__C"": 0.1, ""clf__gamma_mult"": 0.25}",63.18034420000004
20,quantum/FB-Bures-RBF-SVM,quantum,12,0.3333333333333333,0.4,"{""clf__C"": 0.1, ""clf__gamma_mult"": 0.25}",63.18034420000004
20,quantum/FB-Bures-RBF-SVM,quantum,13,0.4444444444444444,0.5,"{""clf__C"": 0.1, ""clf__gamma_mult"": 0.25}",63.18034420000004
20,quantum/FB-Bures-RBF-SVM,quantum,14,0.4444444444444444,0.7,"{""clf__C"": 0.1, ""clf__gamma_mult"": 0.25}",63.18034420000004
20,quantum/FB-Bures-RBF-ref-SVM,quantum,0,0.4444444444444444,0.45,"{""clf__C"": 10.0, ""clf__gamma_mult"": 0.25}",78.19654020000053
20,quantum/FB-Bures-RBF-ref-SVM,quantum,1,0.3333333333333333,0.4,"{""clf__C"": 0.1, ""clf__gamma_mult"": 0.25}",78.19654020000053
20,quantum/FB-Bures-RBF-ref-SVM,quantum,2,0.3333333333333333,0.3999999999999999,"{""clf__C"": 10.0, ""clf__gamma_mult"": 0.25}",78.19654020000053
20,quantum/FB-Bures-RBF-ref-SVM,quantum,3,0.1111111111111111,0.25,"{""clf__C"": 10.0, ""clf__gamma_mult"": 0.25}",78.19654020000053
20,quantum/FB-Bures-RBF-ref-SVM,quantum,4,0.5555555555555556,0.5,"{""clf__C"": 10.0, ""clf__gamma_mult"": 0.25}",78.19654020000053
20,quantum/FB-Bures-RBF-ref-SVM,quantum,5,0.5555555555555556,0.65,"{""clf__C"": 10.0, ""clf__gamma_mult"": 0.25}",78.19654020000053
20,quantum/FB-Bures-RBF-ref-SVM,quantum,6,0.3333333333333333,0.35,"{""clf__C"": 10.0, ""clf__gamma_mult"": 1.0}",78.19654020000053
20,quantum/FB-Bures-RBF-ref-SVM,quantum,7,0.4444444444444444,0.5499999999999999,"{""clf__C"": 10.0, ""clf__gamma_mult"": 1.0}",78.19654020000053
20,quantum/FB-Bures-RBF-ref-SVM,quantum,8,0.2222222222222222,0.25,"{""clf__C"": 10.0, ""clf__gamma_mult"": 0.25}",78.19654020000053
20,quantum/FB-Bures-RBF-ref-SVM,quantum,9,0.2222222222222222,0.1,"{""clf__C"": 10.0, ""clf__gamma_mult"": 0.25}",78.19654020000053
20,quantum/FB-Bures-RBF-ref-SVM,quantum,10,0.3333333333333333,0.35,"{""clf__C"": 10.0, ""clf__gamma_mult"": 0.25}",78.19654020000053
20,quantum/FB-Bures-RBF-ref-SVM,quantum,11,0.5555555555555556,0.7,"{""clf__C"": 10.0, ""clf__gamma_mult"": 0.25}",78.19654020000053
20,quantum/FB-Bures-RBF-ref-SVM,quantum,12,0.2222222222222222,0.0999999999999999,"{""clf__C"": 10.0, ""clf__gamma_mult"": 1.0}",78.19654020000053
20,quantum/FB-Bures-RBF-ref-SVM,quantum,13,0.4444444444444444,0.05,"{""clf__C"": 10.0, ""clf__gamma_mult"": 4.0}",78.19654020000053
20,quantum/FB-Bures-RBF-ref-SVM,quantum,14,0.2222222222222222,0.2,"{""clf__C"": 10.0, ""clf__gamma_mult"": 0.25}",78.19654020000053
20,quantum/FB-QRE-RBF-SVM,quantum,0,0.5555555555555556,0.575,"{""clf__C"": 0.1, ""clf__gamma_mult"": 0.25}",49.38237699999991
20,quantum/FB-QRE-RBF-SVM,quantum,1,0.3333333333333333,0.4,"{""clf__C"": 0.1, ""clf__gamma_mult"": 0.25}",49.38237699999991
20,quantum/FB-QRE-RBF-SVM,quantum,2,0.0,0.0,"{""clf__C"": 0.1, ""clf__gamma_mult"": 0.25}",49.38237699999991
20,quantum/FB-QRE-RBF-SVM,quantum,3,0.4444444444444444,0.2,"{""clf__C"": 0.1, ""clf__gamma_mult"": 0.25}",49.38237699999991
20,quantum/FB-QRE-RBF-SVM,quantum,4,0.4444444444444444,0.325,"{""clf__C"": 0.1, ""clf__gamma_mult"": 0.25}",49.38237699999991
20,quantum/FB-QRE-RBF-SVM,quantum,5,0.4444444444444444,0.45,"{""clf__C"": 0.1, ""clf__gamma_mult"": 0.25}",49.38237699999991
20,quantum/FB-QRE-RBF-SVM,quantum,6,0.3333333333333333,0.175,"{""clf__C"": 0.1, ""clf__gamma_mult"": 0.25}",49.38237699999991
20,quantum/FB-QRE-RBF-SVM,quantum,7,0.2222222222222222,0.35,"{""clf__C"": 0.1, ""clf__gamma_mult"": 0.25}",49.38237699999991
20,quantum/FB-QRE-RBF-SVM,quantum,8,0.4444444444444444,0.625,"{""clf__C"": 0.1, ""clf__gamma_mult"": 0.25}",49.38237699999991
20,quantum/FB-QRE-RBF-SVM,quantum,9,0.4444444444444444,0.45,"{""clf__C"": 0.1, ""clf__gamma_mult"": 0.25}",49.38237699999991
20,quantum/FB-QRE-RBF-SVM,quantum,10,0.1111111111111111,0.1499999999999999,"{""clf__C"": 0.1, ""clf__gamma_mult"": 0.25}",49.38237699999991
20,quantum/FB-QRE-RBF-SVM,quantum,11,0.4444444444444444,0.55,"{""clf__C"": 0.1, ""clf__gamma_mult"": 0.25}",49.38237699999991
20,quantum/FB-QRE-RBF-SVM,quantum,12,0.5555555555555556,0.475,"{""clf__C"": 0.1, ""clf__gamma_mult"": 0.25}",49.38237699999991
20,quantum/FB-QRE-RBF-SVM,quantum,13,0.4444444444444444,0.3,"{""clf__C"": 0.1, ""clf__gamma_mult"": 0.25}",49.38237699999991
20,quantum/FB-QRE-RBF-SVM,quantum,14,0.4444444444444444,0.525,"{""clf__C"": 0.1, ""clf__gamma_mult"": 0.25}",49.38237699999991
20,quantum/FB-QRE-RBF-ref-SVM,quantum,0,0.4444444444444444,0.5,"{""clf__C"": 10.0, ""clf__gamma_mult"": 0.25}",58.34748360000049
20,quantum/FB-QRE-RBF-ref-SVM,quantum,1,0.3333333333333333,0.4,"{""clf__C"": 0.1, ""clf__gamma_mult"": 0.25}",58.34748360000049
20,quantum/FB-QRE-RBF-ref-SVM,quantum,2,0.3333333333333333,0.35,"{""clf__C"": 10.0, ""clf__gamma_mult"": 0.25}",58.34748360000049
20,quantum/FB-QRE-RBF-ref-SVM,quantum,3,0.1111111111111111,0.25,"{""clf__C"": 10.0, ""clf__gamma_mult"": 1.0}",58.34748360000049
20,quantum/FB-QRE-RBF-ref-SVM,quantum,4,0.5555555555555556,0.55,"{""clf__C"": 10.0, ""clf__gamma_mult"": 0.25}",58.34748360000049
20,quantum/FB-QRE-RBF-ref-SVM,quantum,5,0.5555555555555556,0.6,"{""clf__C"": 10.0, ""clf__gamma_mult"": 0.25}",58.34748360000049
20,quantum/FB-QRE-RBF-ref-SVM,quantum,6,0.3333333333333333,0.3,"{""clf__C"": 10.0, ""clf__gamma_mult"": 1.0}",58.34748360000049
20,quantum/FB-QRE-RBF-ref-SVM,quantum,7,0.4444444444444444,0.6,"{""clf__C"": 10.0, ""clf__gamma_mult"": 4.0}",58.34748360000049
20,quantum/FB-QRE-RBF-ref-SVM,quantum,8,0.2222222222222222,0.25,"{""clf__C"": 10.0, ""clf__gamma_mult"": 0.25}",58.34748360000049
20,quantum/FB-QRE-RBF-ref-SVM,quantum,9,0.3333333333333333,0.3,"{""clf__C"": 10.0, ""clf__gamma_mult"": 4.0}",58.34748360000049
20,quantum/FB-QRE-RBF-ref-SVM,quantum,10,0.3333333333333333,0.35,"{""clf__C"": 10.0, ""clf__gamma_mult"": 0.25}",58.34748360000049
20,quantum/FB-QRE-RBF-ref-SVM,quantum,11,0.4444444444444444,0.7,"{""clf__C"": 10.0, ""clf__gamma_mult"": 0.25}",58.34748360000049
20,quantum/FB-QRE-RBF-ref-SVM,quantum,12,0.2222222222222222,0.0999999999999999,"{""clf__C"": 10.0, ""clf__gamma_mult"": 1.0}",58.34748360000049
20,quantum/FB-QRE-RBF-ref-SVM,quantum,13,0.2222222222222222,0.2,"{""clf__C"": 10.0, ""clf__gamma_mult"": 0.25}",58.34748360000049
20,quantum/FB-QRE-RBF-ref-SVM,quantum,14,0.1111111111111111,0.2,"{""clf__C"": 10.0, ""clf__gamma_mult"": 1.0}",58.34748360000049
20,control/FB-riemann-kernel-SVM,control,0,0.4444444444444444,0.35,"{""clf__C"": 0.1}",39.172519299999294
20,control/FB-riemann-kernel-SVM,control,1,0.3333333333333333,0.35,"{""clf__C"": 0.1}",39.172519299999294
20,control/FB-riemann-kernel-SVM,control,2,0.3333333333333333,0.3999999999999999,"{""clf__C"": 1.0}",39.172519299999294
20,control/FB-riemann-kernel-SVM,control,3,0.2222222222222222,0.35,"{""clf__C"": 1.0}",39.172519299999294
20,control/FB-riemann-kernel-SVM,control,4,0.3333333333333333,0.55,"{""clf__C"": 0.1}",39.172519299999294
20,control/FB-riemann-kernel-SVM,control,5,0.5555555555555556,0.55,"{""clf__C"": 1.0}",39.172519299999294
20,control/FB-riemann-kernel-SVM,control,6,0.5555555555555556,0.5,"{""clf__C"": 1.0}",39.172519299999294
20,control/FB-riemann-kernel-SVM,control,7,0.4444444444444444,0.5,"{""clf__C"": 0.1}",39.172519299999294
20,control/FB-riemann-kernel-SVM,control,8,0.3333333333333333,0.25,"{""clf__C"": 0.1}",39.172519299999294
20,control/FB-riemann-kernel-SVM,control,9,0.2222222222222222,0.15,"{""clf__C"": 1.0}",39.172519299999294
20,control/FB-riemann-kernel-SVM,control,10,0.3333333333333333,0.4,"{""clf__C"": 1.0}",39.172519299999294
20,control/FB-riemann-kernel-SVM,control,11,0.5555555555555556,0.7000000000000001,"{""clf__C"": 1.0}",39.172519299999294
20,control/FB-riemann-kernel-SVM,control,12,0.2222222222222222,0.0999999999999999,"{""clf__C"": 1.0}",39.172519299999294
20,control/FB-riemann-kernel-SVM,control,13,0.3333333333333333,0.25,"{""clf__C"": 1.0}",39.172519299999294
20,control/FB-riemann-kernel-SVM,control,14,0.1111111111111111,0.05,"{""clf__C"": 0.1}",39.172519299999294
20,control/FB-logeuclid-kernel-SVM,control,0,0.4444444444444444,0.55,"{""clf__C"": 1.0}",38.03778719999991
20,control/FB-logeuclid-kernel-SVM,control,1,0.3333333333333333,0.55,"{""clf__C"": 0.1}",38.03778719999991
20,control/FB-logeuclid-kernel-SVM,control,2,0.3333333333333333,0.3999999999999999,"{""clf__C"": 1.0}",38.03778719999991
20,control/FB-logeuclid-kernel-SVM,control,3,0.2222222222222222,0.35,"{""clf__C"": 1.0}",38.03778719999991
20,control/FB-logeuclid-kernel-SVM,control,4,0.4444444444444444,0.55,"{""clf__C"": 0.1}",38.03778719999991
20,control/FB-logeuclid-kernel-SVM,control,5,0.6666666666666666,0.65,"{""clf__C"": 1.0}",38.03778719999991
20,control/FB-logeuclid-kernel-SVM,control,6,0.4444444444444444,0.4499999999999999,"{""clf__C"": 1.0}",38.03778719999991
20,control/FB-logeuclid-kernel-SVM,control,7,0.4444444444444444,0.6000000000000001,"{""clf__C"": 1.0}",38.03778719999991
20,control/FB-logeuclid-kernel-SVM,control,8,0.4444444444444444,0.55,"{""clf__C"": 0.1}",38.03778719999991
20,control/FB-logeuclid-kernel-SVM,control,9,0.1111111111111111,0.15,"{""clf__C"": 0.1}",38.03778719999991
20,control/FB-logeuclid-kernel-SVM,control,10,0.3333333333333333,0.4,"{""clf__C"": 1.0}",38.03778719999991
20,control/FB-logeuclid-kernel-SVM,control,11,0.5555555555555556,0.7,"{""clf__C"": 1.0}",38.03778719999991
20,control/FB-logeuclid-kernel-SVM,control,12,0.3333333333333333,0.35,"{""clf__C"": 0.1}",38.03778719999991
20,control/FB-logeuclid-kernel-SVM,control,13,0.5555555555555556,0.45,"{""clf__C"": 1.0}",38.03778719999991
20,control/FB-logeuclid-kernel-SVM,control,14,0.1111111111111111,0.05,"{""clf__C"": 0.1}",38.03778719999991
21,classical/FBCSP+LDA,classical,0,0.6666666666666666,0.75,"{""perband__base__csp__nfilter"": 4}",43.50987279999936
21,classical/FBCSP+LDA,classical,1,0.5555555555555556,0.75,"{""perband__base__csp__nfilter"": 2}",43.50987279999936
21,classical/FBCSP+LDA,classical,2,0.8888888888888888,1.0,"{""perband__base__csp__nfilter"": 4}",43.50987279999936
21,classical/FBCSP+LDA,classical,3,0.6666666666666666,0.75,"{""perband__base__csp__nfilter"": 4}",43.50987279999936
21,classical/FBCSP+LDA,classical,4,0.7777777777777778,0.7000000000000001,"{""perband__base__csp__nfilter"": 6}",43.50987279999936
21,classical/FBCSP+LDA,classical,5,0.5555555555555556,0.55,"{""perband__base__csp__nfilter"": 2}",43.50987279999936
21,classical/FBCSP+LDA,classical,6,0.5555555555555556,0.6499999999999999,"{""perband__base__csp__nfilter"": 6}",43.50987279999936
21,classical/FBCSP+LDA,classical,7,0.6666666666666666,0.8,"{""perband__base__csp__nfilter"": 4}",43.50987279999936
21,classical/FBCSP+LDA,classical,8,0.8888888888888888,0.9,"{""perband__base__csp__nfilter"": 6}",43.50987279999936
21,classical/FBCSP+LDA,classical,9,0.5555555555555556,0.75,"{""perband__base__csp__nfilter"": 4}",43.50987279999936
21,classical/FBCSP+LDA,classical,10,0.6666666666666666,0.85,"{""perband__base__csp__nfilter"": 4}",43.50987279999936
21,classical/FBCSP+LDA,classical,11,0.7777777777777778,1.0,"{""perband__base__csp__nfilter"": 4}",43.50987279999936
21,classical/FBCSP+LDA,classical,12,0.6666666666666666,0.75,"{""perband__base__csp__nfilter"": 4}",43.50987279999936
21,classical/FBCSP+LDA,classical,13,0.4444444444444444,0.7,"{""perband__base__csp__nfilter"": 6}",43.50987279999936
21,classical/FBCSP+LDA,classical,14,0.5555555555555556,0.8,"{""perband__base__csp__nfilter"": 4}",43.50987279999936
21,classical/FB-TS+LR,classical,0,0.5555555555555556,0.55,"{""clf__C"": 0.1}",46.78847180000048
21,classical/FB-TS+LR,classical,1,0.7777777777777778,0.85,"{""clf__C"": 1.0}",46.78847180000048
21,classical/FB-TS+LR,classical,2,0.8888888888888888,0.85,"{""clf__C"": 0.1}",46.78847180000048
21,classical/FB-TS+LR,classical,3,0.4444444444444444,0.6,"{""clf__C"": 1.0}",46.78847180000048
21,classical/FB-TS+LR,classical,4,0.7777777777777778,0.7000000000000001,"{""clf__C"": 1.0}",46.78847180000048
21,classical/FB-TS+LR,classical,5,0.6666666666666666,0.6,"{""clf__C"": 0.1}",46.78847180000048
21,classical/FB-TS+LR,classical,6,0.4444444444444444,0.75,"{""clf__C"": 1.0}",46.78847180000048
21,classical/FB-TS+LR,classical,7,0.6666666666666666,0.9,"{""clf__C"": 0.1}",46.78847180000048
21,classical/FB-TS+LR,classical,8,0.7777777777777778,0.9,"{""clf__C"": 0.1}",46.78847180000048
21,classical/FB-TS+LR,classical,9,0.6666666666666666,0.85,"{""clf__C"": 0.1}",46.78847180000048
21,classical/FB-TS+LR,classical,10,0.5555555555555556,0.6,"{""clf__C"": 1.0}",46.78847180000048
21,classical/FB-TS+LR,classical,11,0.7777777777777778,0.8500000000000001,"{""clf__C"": 0.1}",46.78847180000048
21,classical/FB-TS+LR,classical,12,0.7777777777777778,0.75,"{""clf__C"": 0.1}",46.78847180000048
21,classical/FB-TS+LR,classical,13,0.6666666666666666,0.75,"{""clf__C"": 0.1}",46.78847180000048
21,classical/FB-TS+LR,classical,14,0.5555555555555556,0.65,"{""clf__C"": 0.1}",46.78847180000048
21,classical/FB-TS+RBF-SVM,classical,0,0.3333333333333333,0.25,"{""clf__C"": 1.0, ""clf__gamma"": 0.01}",81.92330100000072
21,classical/FB-TS+RBF-SVM,classical,1,0.6666666666666666,0.65,"{""clf__C"": 10.0, ""clf__gamma"": ""scale""}",81.92330100000072
21,classical/FB-TS+RBF-SVM,classical,2,0.6666666666666666,0.8,"{""clf__C"": 10.0, ""clf__gamma"": ""scale""}",81.92330100000072
21,classical/FB-TS+RBF-SVM,classical,3,0.4444444444444444,0.5499999999999999,"{""clf__C"": 10.0, ""clf__gamma"": ""scale""}",81.92330100000072
21,classical/FB-TS+RBF-SVM,classical,4,0.8888888888888888,0.75,"{""clf__C"": 1.0, ""clf__gamma"": ""scale""}",81.92330100000072
21,classical/FB-TS+RBF-SVM,classical,5,0.4444444444444444,0.35,"{""clf__C"": 1.0, ""clf__gamma"": ""scale""}",81.92330100000072
21,classical/FB-TS+RBF-SVM,classical,6,0.5555555555555556,0.7000000000000001,"{""clf__C"": 10.0, ""clf__gamma"": ""scale""}",81.92330100000072
21,classical/FB-TS+RBF-SVM,classical,7,0.6666666666666666,0.8,"{""clf__C"": 10.0, ""clf__gamma"": ""scale""}",81.92330100000072
21,classical/FB-TS+RBF-SVM,classical,8,0.7777777777777778,0.75,"{""clf__C"": 10.0, ""clf__gamma"": ""scale""}",81.92330100000072
21,classical/FB-TS+RBF-SVM,classical,9,0.7777777777777778,0.8,"{""clf__C"": 1.0, ""clf__gamma"": 0.01}",81.92330100000072
21,classical/FB-TS+RBF-SVM,classical,10,0.4444444444444444,0.7500000000000001,"{""clf__C"": 1.0, ""clf__gamma"": ""scale""}",81.92330100000072
21,classical/FB-TS+RBF-SVM,classical,11,0.7777777777777778,0.75,"{""clf__C"": 1.0, ""clf__gamma"": ""scale""}",81.92330100000072
21,classical/FB-TS+RBF-SVM,classical,12,0.6666666666666666,0.75,"{""clf__C"": 10.0, ""clf__gamma"": ""scale""}",81.92330100000072
21,classical/FB-TS+RBF-SVM,classical,13,0.7777777777777778,0.7,"{""clf__C"": 10.0, ""clf__gamma"": ""scale""}",81.92330100000072
21,classical/FB-TS+RBF-SVM,classical,14,0.4444444444444444,0.65,"{""clf__C"": 10.0, ""clf__gamma"": ""scale""}",81.92330100000072
21,quantum/FB-HS-overlap-SVM,quantum,0,0.4444444444444444,0.15,"{""clf__C"": 0.1}",33.69822859999931
21,quantum/FB-HS-overlap-SVM,quantum,1,0.5555555555555556,0.5,"{""clf__C"": 0.1}",33.69822859999931
21,quantum/FB-HS-overlap-SVM,quantum,2,0.5555555555555556,0.1,"{""clf__C"": 0.1}",33.69822859999931
21,quantum/FB-HS-overlap-SVM,quantum,3,0.5555555555555556,0.6500000000000001,"{""clf__C"": 0.1}",33.69822859999931
21,quantum/FB-HS-overlap-SVM,quantum,4,0.5555555555555556,0.3,"{""clf__C"": 0.1}",33.69822859999931
21,quantum/FB-HS-overlap-SVM,quantum,5,0.4444444444444444,0.5,"{""clf__C"": 0.1}",33.69822859999931
21,quantum/FB-HS-overlap-SVM,quantum,6,0.1111111111111111,0.1999999999999999,"{""clf__C"": 10.0}",33.69822859999931
21,quantum/FB-HS-overlap-SVM,quantum,7,0.5555555555555556,0.5499999999999999,"{""clf__C"": 0.1}",33.69822859999931
21,quantum/FB-HS-overlap-SVM,quantum,8,0.5555555555555556,0.3999999999999999,"{""clf__C"": 0.1}",33.69822859999931
21,quantum/FB-HS-overlap-SVM,quantum,9,0.5555555555555556,0.3999999999999999,"{""clf__C"": 0.1}",33.69822859999931
21,quantum/FB-HS-overlap-SVM,quantum,10,0.4444444444444444,0.6000000000000001,"{""clf__C"": 0.1}",33.69822859999931
21,quantum/FB-HS-overlap-SVM,quantum,11,0.1111111111111111,0.0,"{""clf__C"": 10.0}",33.69822859999931
21,quantum/FB-HS-overlap-SVM,quantum,12,0.5555555555555556,0.65,"{""clf__C"": 0.1}",33.69822859999931
21,quantum/FB-HS-overlap-SVM,quantum,13,0.5555555555555556,0.6,"{""clf__C"": 0.1}",33.69822859999931
21,quantum/FB-HS-overlap-SVM,quantum,14,0.5555555555555556,0.5499999999999999,"{""clf__C"": 0.1}",33.69822859999931
21,quantum/FB-HS-overlap-ref-SVM,quantum,0,0.5555555555555556,0.6500000000000001,"{""clf__C"": 10.0}",38.963346999999885
21,quantum/FB-HS-overlap-ref-SVM,quantum,1,0.6666666666666666,0.8,"{""clf__C"": 10.0}",38.963346999999885
21,quantum/FB-HS-overlap-ref-SVM,quantum,2,0.5555555555555556,0.65,"{""clf__C"": 10.0}",38.963346999999885
21,quantum/FB-HS-overlap-ref-SVM,quantum,3,0.5555555555555556,0.7,"{""clf__C"": 10.0}",38.963346999999885
21,quantum/FB-HS-overlap-ref-SVM,quantum,4,0.7777777777777778,0.75,"{""clf__C"": 10.0}",38.963346999999885
21,quantum/FB-HS-overlap-ref-SVM,quantum,5,0.5555555555555556,0.8,"{""clf__C"": 10.0}",38.963346999999885
21,quantum/FB-HS-overlap-ref-SVM,quantum,6,0.5555555555555556,0.6000000000000001,"{""clf__C"": 10.0}",38.963346999999885
21,quantum/FB-HS-overlap-ref-SVM,quantum,7,0.8888888888888888,0.85,"{""clf__C"": 10.0}",38.963346999999885
21,quantum/FB-HS-overlap-ref-SVM,quantum,8,0.6666666666666666,0.9,"{""clf__C"": 10.0}",38.963346999999885
21,quantum/FB-HS-overlap-ref-SVM,quantum,9,0.8888888888888888,0.9,"{""clf__C"": 10.0}",38.963346999999885
21,quantum/FB-HS-overlap-ref-SVM,quantum,10,0.6666666666666666,0.75,"{""clf__C"": 10.0}",38.963346999999885
21,quantum/FB-HS-overlap-ref-SVM,quantum,11,0.7777777777777778,0.85,"{""clf__C"": 10.0}",38.963346999999885
21,quantum/FB-HS-overlap-ref-SVM,quantum,12,0.6666666666666666,0.75,"{""clf__C"": 10.0}",38.963346999999885
21,quantum/FB-HS-overlap-ref-SVM,quantum,13,1.0,1.0,"{""clf__C"": 10.0}",38.963346999999885
21,quantum/FB-HS-overlap-ref-SVM,quantum,14,0.6666666666666666,0.75,"{""clf__C"": 10.0}",38.963346999999885
21,quantum/FB-Fidelity-SVM,quantum,0,0.4444444444444444,0.25,"{""clf__C"": 0.1}",41.4486880000004
21,quantum/FB-Fidelity-SVM,quantum,1,0.5555555555555556,0.6500000000000001,"{""clf__C"": 0.1}",41.4486880000004
21,quantum/FB-Fidelity-SVM,quantum,2,0.5555555555555556,0.15,"{""clf__C"": 0.1}",41.4486880000004
21,quantum/FB-Fidelity-SVM,quantum,3,0.5555555555555556,0.55,"{""clf__C"": 0.1}",41.4486880000004
21,quantum/FB-Fidelity-SVM,quantum,4,0.5555555555555556,0.25,"{""clf__C"": 0.1}",41.4486880000004
21,quantum/FB-Fidelity-SVM,quantum,5,0.4444444444444444,0.5,"{""clf__C"": 0.1}",41.4486880000004
21,quantum/FB-Fidelity-SVM,quantum,6,0.5555555555555556,0.1999999999999999,"{""clf__C"": 0.1}",41.4486880000004
21,quantum/FB-Fidelity-SVM,quantum,7,0.5555555555555556,0.3,"{""clf__C"": 0.1}",41.4486880000004
21,quantum/FB-Fidelity-SVM,quantum,8,0.5555555555555556,0.45,"{""clf__C"": 0.1}",41.4486880000004
21,quantum/FB-Fidelity-SVM,quantum,9,0.5555555555555556,0.3999999999999999,"{""clf__C"": 0.1}",41.4486880000004
21,quantum/FB-Fidelity-SVM,quantum,10,0.4444444444444444,0.6000000000000001,"{""clf__C"": 0.1}",41.4486880000004
21,quantum/FB-Fidelity-SVM,quantum,11,0.5555555555555556,0.0,"{""clf__C"": 0.1}",41.4486880000004
21,quantum/FB-Fidelity-SVM,quantum,12,0.5555555555555556,0.6,"{""clf__C"": 0.1}",41.4486880000004
21,quantum/FB-Fidelity-SVM,quantum,13,0.5555555555555556,0.15,"{""clf__C"": 0.1}",41.4486880000004
21,quantum/FB-Fidelity-SVM,quantum,14,0.5555555555555556,0.5,"{""clf__C"": 0.1}",41.4486880000004
21,quantum/FB-Fidelity-ref-SVM,quantum,0,0.5555555555555556,0.7,"{""clf__C"": 10.0}",49.39951740000015
21,quantum/FB-Fidelity-ref-SVM,quantum,1,0.7777777777777778,0.75,"{""clf__C"": 10.0}",49.39951740000015
21,quantum/FB-Fidelity-ref-SVM,quantum,2,0.6666666666666666,0.75,"{""clf__C"": 10.0}",49.39951740000015
21,quantum/FB-Fidelity-ref-SVM,quantum,3,0.6666666666666666,0.7,"{""clf__C"": 10.0}",49.39951740000015
21,quantum/FB-Fidelity-ref-SVM,quantum,4,0.7777777777777778,0.6500000000000001,"{""clf__C"": 10.0}",49.39951740000015
21,quantum/FB-Fidelity-ref-SVM,quantum,5,0.6666666666666666,0.7,"{""clf__C"": 10.0}",49.39951740000015
21,quantum/FB-Fidelity-ref-SVM,quantum,6,0.4444444444444444,0.6000000000000001,"{""clf__C"": 10.0}",49.39951740000015
21,quantum/FB-Fidelity-ref-SVM,quantum,7,0.8888888888888888,0.8,"{""clf__C"": 10.0}",49.39951740000015
21,quantum/FB-Fidelity-ref-SVM,quantum,8,0.8888888888888888,0.8500000000000001,"{""clf__C"": 10.0}",49.39951740000015
21,quantum/FB-Fidelity-ref-SVM,quantum,9,0.8888888888888888,0.85,"{""clf__C"": 10.0}",49.39951740000015
21,quantum/FB-Fidelity-ref-SVM,quantum,10,0.6666666666666666,0.7,"{""clf__C"": 10.0}",49.39951740000015
21,quantum/FB-Fidelity-ref-SVM,quantum,11,0.7777777777777778,0.8,"{""clf__C"": 10.0}",49.39951740000015
21,quantum/FB-Fidelity-ref-SVM,quantum,12,0.6666666666666666,0.75,"{""clf__C"": 10.0}",49.39951740000015
21,quantum/FB-Fidelity-ref-SVM,quantum,13,1.0,1.0,"{""clf__C"": 10.0}",49.39951740000015
21,quantum/FB-Fidelity-ref-SVM,quantum,14,0.6666666666666666,0.7,"{""clf__C"": 10.0}",49.39951740000015
21,quantum/FB-HS-RBF-SVM,quantum,0,0.5555555555555556,0.8,"{""clf__C"": 10.0, ""clf__gamma_mult"": 4.0}",42.76090740000018
21,quantum/FB-HS-RBF-SVM,quantum,1,0.5555555555555556,0.75,"{""clf__C"": 1.0, ""clf__gamma_mult"": 4.0}",42.76090740000018
21,quantum/FB-HS-RBF-SVM,quantum,2,0.3333333333333333,0.1999999999999999,"{""clf__C"": 10.0, ""clf__gamma_mult"": 0.25}",42.76090740000018
21,quantum/FB-HS-RBF-SVM,quantum,3,0.6666666666666666,0.8,"{""clf__C"": 10.0, ""clf__gamma_mult"": 4.0}",42.76090740000018
21,quantum/FB-HS-RBF-SVM,quantum,4,0.6666666666666666,0.8,"{""clf__C"": 10.0, ""clf__gamma_mult"": 4.0}",42.76090740000018
21,quantum/FB-HS-RBF-SVM,quantum,5,0.4444444444444444,0.3,"{""clf__C"": 10.0, ""clf__gamma_mult"": 1.0}",42.76090740000018
21,quantum/FB-HS-RBF-SVM,quantum,6,0.6666666666666666,0.55,"{""clf__C"": 10.0, ""clf__gamma_mult"": 4.0}",42.76090740000018
21,quantum/FB-HS-RBF-SVM,quantum,7,0.4444444444444444,0.55,"{""clf__C"": 1.0, ""clf__gamma_mult"": 4.0}",42.76090740000018
21,quantum/FB-HS-RBF-SVM,quantum,8,0.6666666666666666,0.9,"{""clf__C"": 1.0, ""clf__gamma_mult"": 4.0}",42.76090740000018
21,quantum/FB-HS-RBF-SVM,quantum,9,0.8888888888888888,0.95,"{""clf__C"": 10.0, ""clf__gamma_mult"": 4.0}",42.76090740000018
21,quantum/FB-HS-RBF-SVM,quantum,10,0.6666666666666666,0.7,"{""clf__C"": 10.0, ""clf__gamma_mult"": 4.0}",42.76090740000018
21,quantum/FB-HS-RBF-SVM,quantum,11,0.2222222222222222,0.1,"{""clf__C"": 10.0, ""clf__gamma_mult"": 0.25}",42.76090740000018
21,quantum/FB-HS-RBF-SVM,quantum,12,0.5555555555555556,0.6,"{""clf__C"": 10.0, ""clf__gamma_mult"": 4.0}",42.76090740000018
21,quantum/FB-HS-RBF-SVM,quantum,13,0.6666666666666666,0.9,"{""clf__C"": 10.0, ""clf__gamma_mult"": 4.0}",42.76090740000018
21,quantum/FB-HS-RBF-SVM,quantum,14,0.4444444444444444,0.65,"{""clf__C"": 1.0, ""clf__gamma_mult"": 4.0}",42.76090740000018
21,quantum/FB-HS-RBF-ref-SVM,quantum,0,0.5555555555555556,0.6000000000000001,"{""clf__C"": 10.0, ""clf__gamma_mult"": 0.25}",58.55388959999982
21,quantum/FB-HS-RBF-ref-SVM,quantum,1,0.6666666666666666,0.8,"{""clf__C"": 10.0, ""clf__gamma_mult"": 0.25}",58.55388959999982
21,quantum/FB-HS-RBF-ref-SVM,quantum,2,0.6666666666666666,0.7000000000000001,"{""clf__C"": 10.0, ""clf__gamma_mult"": 4.0}",58.55388959999982
21,quantum/FB-HS-RBF-ref-SVM,quantum,3,0.5555555555555556,0.65,"{""clf__C"": 10.0, ""clf__gamma_mult"": 0.25}",58.55388959999982
21,quantum/FB-HS-RBF-ref-SVM,quantum,4,0.7777777777777778,0.75,"{""clf__C"": 10.0, ""clf__gamma_mult"": 0.25}",58.55388959999982
21,quantum/FB-HS-RBF-ref-SVM,quantum,5,0.4444444444444444,0.7,"{""clf__C"": 10.0, ""clf__gamma_mult"": 0.25}",58.55388959999982
21,quantum/FB-HS-RBF-ref-SVM,quantum,6,0.5555555555555556,0.5,"{""clf__C"": 10.0, ""clf__gamma_mult"": 0.25}",58.55388959999982
21,quantum/FB-HS-RBF-ref-SVM,quantum,7,0.8888888888888888,0.8,"{""clf__C"": 10.0, ""clf__gamma_mult"": 0.25}",58.55388959999982
21,quantum/FB-HS-RBF-ref-SVM,quantum,8,0.6666666666666666,0.9,"{""clf__C"": 10.0, ""clf__gamma_mult"": 0.25}",58.55388959999982
21,quantum/FB-HS-RBF-ref-SVM,quantum,9,0.6666666666666666,0.85,"{""clf__C"": 1.0, ""clf__gamma_mult"": 1.0}",58.55388959999982
21,quantum/FB-HS-RBF-ref-SVM,quantum,10,0.6666666666666666,0.6,"{""clf__C"": 10.0, ""clf__gamma_mult"": 0.25}",58.55388959999982
21,quantum/FB-HS-RBF-ref-SVM,quantum,11,0.6666666666666666,0.85,"{""clf__C"": 10.0, ""clf__gamma_mult"": 0.25}",58.55388959999982
21,quantum/FB-HS-RBF-ref-SVM,quantum,12,0.6666666666666666,0.7,"{""clf__C"": 10.0, ""clf__gamma_mult"": 0.25}",58.55388959999982
21,quantum/FB-HS-RBF-ref-SVM,quantum,13,0.4444444444444444,0.6,"{""clf__C"": 1.0, ""clf__gamma_mult"": 1.0}",58.55388959999982
21,quantum/FB-HS-RBF-ref-SVM,quantum,14,0.6666666666666666,0.75,"{""clf__C"": 10.0, ""clf__gamma_mult"": 0.25}",58.55388959999982
21,quantum/FB-Bures-RBF-SVM,quantum,0,0.4444444444444444,0.65,"{""clf__C"": 1.0, ""clf__gamma_mult"": 4.0}",61.08019339999919
21,quantum/FB-Bures-RBF-SVM,quantum,1,0.5555555555555556,0.75,"{""clf__C"": 1.0, ""clf__gamma_mult"": 4.0}",61.08019339999919
21,quantum/FB-Bures-RBF-SVM,quantum,2,0.6666666666666666,0.4499999999999999,"{""clf__C"": 10.0, ""clf__gamma_mult"": 1.0}",61.08019339999919
21,quantum/FB-Bures-RBF-SVM,quantum,3,0.6666666666666666,0.75,"{""clf__C"": 10.0, ""clf__gamma_mult"": 1.0}",61.08019339999919
21,quantum/FB-Bures-RBF-SVM,quantum,4,0.6666666666666666,0.85,"{""clf__C"": 10.0, ""clf__gamma_mult"": 4.0}",61.08019339999919
21,quantum/FB-Bures-RBF-SVM,quantum,5,0.4444444444444444,0.35,"{""clf__C"": 10.0, ""clf__gamma_mult"": 1.0}",61.08019339999919
21,quantum/FB-Bures-RBF-SVM,quantum,6,0.6666666666666666,0.55,"{""clf__C"": 10.0, ""clf__gamma_mult"": 4.0}",61.08019339999919
21,quantum/FB-Bures-RBF-SVM,quantum,7,0.4444444444444444,0.6000000000000001,"{""clf__C"": 10.0, ""clf__gamma_mult"": 1.0}",61.08019339999919
21,quantum/FB-Bures-RBF-SVM,quantum,8,0.7777777777777778,0.95,"{""clf__C"": 10.0, ""clf__gamma_mult"": 4.0}",61.08019339999919
21,quantum/FB-Bures-RBF-SVM,quantum,9,0.8888888888888888,1.0,"{""clf__C"": 10.0, ""clf__gamma_mult"": 4.0}",61.08019339999919
21,quantum/FB-Bures-RBF-SVM,quantum,10,0.4444444444444444,0.75,"{""clf__C"": 1.0, ""clf__gamma_mult"": 4.0}",61.08019339999919
21,quantum/FB-Bures-RBF-SVM,quantum,11,0.2222222222222222,0.1,"{""clf__C"": 1.0, ""clf__gamma_mult"": 1.0}",61.08019339999919
21,quantum/FB-Bures-RBF-SVM,quantum,12,0.5555555555555556,0.65,"{""clf__C"": 10.0, ""clf__gamma_mult"": 4.0}",61.08019339999919
21,quantum/FB-Bures-RBF-SVM,quantum,13,0.6666666666666666,0.95,"{""clf__C"": 10.0, ""clf__gamma_mult"": 4.0}",61.08019339999919
21,quantum/FB-Bures-RBF-SVM,quantum,14,0.5555555555555556,0.7,"{""clf__C"": 1.0, ""clf__gamma_mult"": 4.0}",61.08019339999919
21,quantum/FB-Bures-RBF-ref-SVM,quantum,0,0.6666666666666666,0.65,"{""clf__C"": 10.0, ""clf__gamma_mult"": 0.25}",83.31281709999985
21,quantum/FB-Bures-RBF-ref-SVM,quantum,1,0.6666666666666666,0.8,"{""clf__C"": 10.0, ""clf__gamma_mult"": 0.25}",83.31281709999985
21,quantum/FB-Bures-RBF-ref-SVM,quantum,2,0.5555555555555556,0.65,"{""clf__C"": 10.0, ""clf__gamma_mult"": 1.0}",83.31281709999985
21,quantum/FB-Bures-RBF-ref-SVM,quantum,3,0.5555555555555556,0.6,"{""clf__C"": 10.0, ""clf__gamma_mult"": 1.0}",83.31281709999985
21,quantum/FB-Bures-RBF-ref-SVM,quantum,4,0.6666666666666666,0.7000000000000001,"{""clf__C"": 10.0, ""clf__gamma_mult"": 0.25}",83.31281709999985
21,quantum/FB-Bures-RBF-ref-SVM,quantum,5,0.5555555555555556,0.7,"{""clf__C"": 10.0, ""clf__gamma_mult"": 1.0}",83.31281709999985
21,quantum/FB-Bures-RBF-ref-SVM,quantum,6,0.4444444444444444,0.6000000000000001,"{""clf__C"": 10.0, ""clf__gamma_mult"": 0.25}",83.31281709999985
21,quantum/FB-Bures-RBF-ref-SVM,quantum,7,0.6666666666666666,0.75,"{""clf__C"": 10.0, ""clf__gamma_mult"": 1.0}",83.31281709999985
21,quantum/FB-Bures-RBF-ref-SVM,quantum,8,0.8888888888888888,0.8500000000000001,"{""clf__C"": 10.0, ""clf__gamma_mult"": 0.25}",83.31281709999985
21,quantum/FB-Bures-RBF-ref-SVM,quantum,9,0.8888888888888888,0.85,"{""clf__C"": 10.0, ""clf__gamma_mult"": 0.25}",83.31281709999985
21,quantum/FB-Bures-RBF-ref-SVM,quantum,10,0.6666666666666666,0.7,"{""clf__C"": 10.0, ""clf__gamma_mult"": 0.25}",83.31281709999985
21,quantum/FB-Bures-RBF-ref-SVM,quantum,11,0.7777777777777778,0.8,"{""clf__C"": 10.0, ""clf__gamma_mult"": 0.25}",83.31281709999985
21,quantum/FB-Bures-RBF-ref-SVM,quantum,12,0.6666666666666666,0.7000000000000001,"{""clf__C"": 10.0, ""clf__gamma_mult"": 0.25}",83.31281709999985
21,quantum/FB-Bures-RBF-ref-SVM,quantum,13,0.8888888888888888,1.0,"{""clf__C"": 10.0, ""clf__gamma_mult"": 0.25}",83.31281709999985
21,quantum/FB-Bures-RBF-ref-SVM,quantum,14,0.5555555555555556,0.7,"{""clf__C"": 10.0, ""clf__gamma_mult"": 0.25}",83.31281709999985
21,quantum/FB-QRE-RBF-SVM,quantum,0,0.4444444444444444,0.65,"{""clf__C"": 1.0, ""clf__gamma_mult"": 4.0}",50.16846559999976
21,quantum/FB-QRE-RBF-SVM,quantum,1,0.5555555555555556,0.75,"{""clf__C"": 1.0, ""clf__gamma_mult"": 4.0}",50.16846559999976
21,quantum/FB-QRE-RBF-SVM,quantum,2,0.6666666666666666,0.4499999999999999,"{""clf__C"": 10.0, ""clf__gamma_mult"": 1.0}",50.16846559999976
21,quantum/FB-QRE-RBF-SVM,quantum,3,0.6666666666666666,0.75,"{""clf__C"": 10.0, ""clf__gamma_mult"": 1.0}",50.16846559999976
21,quantum/FB-QRE-RBF-SVM,quantum,4,0.6666666666666666,0.85,"{""clf__C"": 10.0, ""clf__gamma_mult"": 4.0}",50.16846559999976
21,quantum/FB-QRE-RBF-SVM,quantum,5,0.4444444444444444,0.35,"{""clf__C"": 10.0, ""clf__gamma_mult"": 1.0}",50.16846559999976
21,quantum/FB-QRE-RBF-SVM,quantum,6,0.6666666666666666,0.55,"{""clf__C"": 10.0, ""clf__gamma_mult"": 4.0}",50.16846559999976
21,quantum/FB-QRE-RBF-SVM,quantum,7,0.4444444444444444,0.6000000000000001,"{""clf__C"": 10.0, ""clf__gamma_mult"": 1.0}",50.16846559999976
21,quantum/FB-QRE-RBF-SVM,quantum,8,0.7777777777777778,0.95,"{""clf__C"": 10.0, ""clf__gamma_mult"": 4.0}",50.16846559999976
21,quantum/FB-QRE-RBF-SVM,quantum,9,0.8888888888888888,1.0,"{""clf__C"": 10.0, ""clf__gamma_mult"": 4.0}",50.16846559999976
21,quantum/FB-QRE-RBF-SVM,quantum,10,0.4444444444444444,0.75,"{""clf__C"": 1.0, ""clf__gamma_mult"": 4.0}",50.16846559999976
21,quantum/FB-QRE-RBF-SVM,quantum,11,0.4444444444444444,0.25,"{""clf__C"": 10.0, ""clf__gamma_mult"": 1.0}",50.16846559999976
21,quantum/FB-QRE-RBF-SVM,quantum,12,0.5555555555555556,0.65,"{""clf__C"": 10.0, ""clf__gamma_mult"": 4.0}",50.16846559999976
21,quantum/FB-QRE-RBF-SVM,quantum,13,0.6666666666666666,0.95,"{""clf__C"": 10.0, ""clf__gamma_mult"": 4.0}",50.16846559999976
21,quantum/FB-QRE-RBF-SVM,quantum,14,0.5555555555555556,0.7,"{""clf__C"": 1.0, ""clf__gamma_mult"": 4.0}",50.16846559999976
21,quantum/FB-QRE-RBF-ref-SVM,quantum,0,0.6666666666666666,0.7,"{""clf__C"": 10.0, ""clf__gamma_mult"": 0.25}",67.5383683
21,quantum/FB-QRE-RBF-ref-SVM,quantum,1,0.6666666666666666,0.8,"{""clf__C"": 10.0, ""clf__gamma_mult"": 0.25}",67.5383683
21,quantum/FB-QRE-RBF-ref-SVM,quantum,2,0.6666666666666666,0.7000000000000001,"{""clf__C"": 10.0, ""clf__gamma_mult"": 0.25}",67.5383683
21,quantum/FB-QRE-RBF-ref-SVM,quantum,3,0.5555555555555556,0.6,"{""clf__C"": 10.0, ""clf__gamma_mult"": 1.0}",67.5383683
21,quantum/FB-QRE-RBF-ref-SVM,quantum,4,0.6666666666666666,0.75,"{""clf__C"": 10.0, ""clf__gamma_mult"": 0.25}",67.5383683
21,quantum/FB-QRE-RBF-ref-SVM,quantum,5,0.5555555555555556,0.7,"{""clf__C"": 10.0, ""clf__gamma_mult"": 1.0}",67.5383683
21,quantum/FB-QRE-RBF-ref-SVM,quantum,6,0.4444444444444444,0.6000000000000001,"{""clf__C"": 10.0, ""clf__gamma_mult"": 0.25}",67.5383683
21,quantum/FB-QRE-RBF-ref-SVM,quantum,7,0.6666666666666666,0.75,"{""clf__C"": 10.0, ""clf__gamma_mult"": 1.0}",67.5383683
21,quantum/FB-QRE-RBF-ref-SVM,quantum,8,0.8888888888888888,0.8500000000000001,"{""clf__C"": 10.0, ""clf__gamma_mult"": 0.25}",67.5383683
21,quantum/FB-QRE-RBF-ref-SVM,quantum,9,0.7777777777777778,0.9,"{""clf__C"": 1.0, ""clf__gamma_mult"": 1.0}",67.5383683
21,quantum/FB-QRE-RBF-ref-SVM,quantum,10,0.6666666666666666,0.7,"{""clf__C"": 10.0, ""clf__gamma_mult"": 0.25}",67.5383683
21,quantum/FB-QRE-RBF-ref-SVM,quantum,11,0.7777777777777778,0.8,"{""clf__C"": 10.0, ""clf__gamma_mult"": 0.25}",67.5383683
21,quantum/FB-QRE-RBF-ref-SVM,quantum,12,0.6666666666666666,0.7000000000000001,"{""clf__C"": 10.0, ""clf__gamma_mult"": 0.25}",67.5383683
21,quantum/FB-QRE-RBF-ref-SVM,quantum,13,0.8888888888888888,0.95,"{""clf__C"": 10.0, ""clf__gamma_mult"": 0.25}",67.5383683
21,quantum/FB-QRE-RBF-ref-SVM,quantum,14,0.6666666666666666,0.7,"{""clf__C"": 10.0, ""clf__gamma_mult"": 0.25}",67.5383683
21,control/FB-riemann-kernel-SVM,control,0,0.5555555555555556,0.65,"{""clf__C"": 0.1}",38.89490769999975
21,control/FB-riemann-kernel-SVM,control,1,0.5555555555555556,0.7,"{""clf__C"": 0.1}",38.89490769999975
21,control/FB-riemann-kernel-SVM,control,2,0.6666666666666666,0.85,"{""clf__C"": 1.0}",38.89490769999975
21,control/FB-riemann-kernel-SVM,control,3,0.5555555555555556,0.65,"{""clf__C"": 1.0}",38.89490769999975
21,control/FB-riemann-kernel-SVM,control,4,0.7777777777777778,0.75,"{""clf__C"": 0.1}",38.89490769999975
21,control/FB-riemann-kernel-SVM,control,5,0.6666666666666666,0.7000000000000001,"{""clf__C"": 1.0}",38.89490769999975
21,control/FB-riemann-kernel-SVM,control,6,0.4444444444444444,0.6499999999999999,"{""clf__C"": 1.0}",38.89490769999975
21,control/FB-riemann-kernel-SVM,control,7,0.7777777777777778,0.9,"{""clf__C"": 0.1}",38.89490769999975
21,control/FB-riemann-kernel-SVM,control,8,0.7777777777777778,0.8,"{""clf__C"": 1.0}",38.89490769999975
21,control/FB-riemann-kernel-SVM,control,9,0.8888888888888888,0.85,"{""clf__C"": 1.0}",38.89490769999975
21,control/FB-riemann-kernel-SVM,control,10,0.4444444444444444,0.55,"{""clf__C"": 1.0}",38.89490769999975
21,control/FB-riemann-kernel-SVM,control,11,0.6666666666666666,0.8,"{""clf__C"": 0.1}",38.89490769999975
21,control/FB-riemann-kernel-SVM,control,12,0.6666666666666666,0.75,"{""clf__C"": 1.0}",38.89490769999975
21,control/FB-riemann-kernel-SVM,control,13,0.7777777777777778,0.95,"{""clf__C"": 0.1}",38.89490769999975
21,control/FB-riemann-kernel-SVM,control,14,0.5555555555555556,0.65,"{""clf__C"": 1.0}",38.89490769999975
21,control/FB-logeuclid-kernel-SVM,control,0,0.4444444444444444,0.4,"{""clf__C"": 0.1}",39.02036190000035
21,control/FB-logeuclid-kernel-SVM,control,1,0.5555555555555556,0.7,"{""clf__C"": 0.1}",39.02036190000035
21,control/FB-logeuclid-kernel-SVM,control,2,0.8888888888888888,0.9,"{""clf__C"": 0.1}",39.02036190000035
21,control/FB-logeuclid-kernel-SVM,control,3,0.7777777777777778,0.9,"{""clf__C"": 0.1}",39.02036190000035
21,control/FB-logeuclid-kernel-SVM,control,4,0.7777777777777778,0.7000000000000001,"{""clf__C"": 0.1}",39.02036190000035
21,control/FB-logeuclid-kernel-SVM,control,5,0.3333333333333333,0.5,"{""clf__C"": 0.1}",39.02036190000035
21,control/FB-logeuclid-kernel-SVM,control,6,0.4444444444444444,0.6000000000000001,"{""clf__C"": 1.0}",39.02036190000035
21,control/FB-logeuclid-kernel-SVM,control,7,0.7777777777777778,0.9,"{""clf__C"": 0.1}",39.02036190000035
21,control/FB-logeuclid-kernel-SVM,control,8,0.7777777777777778,0.8,"{""clf__C"": 1.0}",39.02036190000035
21,control/FB-logeuclid-kernel-SVM,control,9,0.6666666666666666,0.75,"{""clf__C"": 1.0}",39.02036190000035
21,control/FB-logeuclid-kernel-SVM,control,10,0.7777777777777778,0.95,"{""clf__C"": 0.1}",39.02036190000035
21,control/FB-logeuclid-kernel-SVM,control,11,0.6666666666666666,0.7,"{""clf__C"": 0.1}",39.02036190000035
21,control/FB-logeuclid-kernel-SVM,control,12,0.6666666666666666,0.75,"{""clf__C"": 1.0}",39.02036190000035
21,control/FB-logeuclid-kernel-SVM,control,13,0.6666666666666666,0.85,"{""clf__C"": 1.0}",39.02036190000035
21,control/FB-logeuclid-kernel-SVM,control,14,0.5555555555555556,0.75,"{""clf__C"": 1.0}",39.02036190000035
22,classical/FBCSP+LDA,classical,0,0.4444444444444444,0.3,"{""perband__base__csp__nfilter"": 2}",41.270530199999484
22,classical/FBCSP+LDA,classical,1,0.4444444444444444,0.5,"{""perband__base__csp__nfilter"": 2}",41.270530199999484
22,classical/FBCSP+LDA,classical,2,0.3333333333333333,0.35,"{""perband__base__csp__nfilter"": 2}",41.270530199999484
22,classical/FBCSP+LDA,classical,3,0.2222222222222222,0.25,"{""perband__base__csp__nfilter"": 4}",41.270530199999484
22,classical/FBCSP+LDA,classical,4,0.5555555555555556,0.25,"{""perband__base__csp__nfilter"": 2}",41.270530199999484
22,classical/FBCSP+LDA,classical,5,0.4444444444444444,0.35,"{""perband__base__csp__nfilter"": 2}",41.270530199999484
22,classical/FBCSP+LDA,classical,6,0.6666666666666666,0.65,"{""perband__base__csp__nfilter"": 2}",41.270530199999484
22,classical/FBCSP+LDA,classical,7,0.6666666666666666,0.85,"{""perband__base__csp__nfilter"": 2}",41.270530199999484
22,classical/FBCSP+LDA,classical,8,0.1111111111111111,0.15,"{""perband__base__csp__nfilter"": 6}",41.270530199999484
22,classical/FBCSP+LDA,classical,9,0.4444444444444444,0.3,"{""perband__base__csp__nfilter"": 2}",41.270530199999484
22,classical/FBCSP+LDA,classical,10,0.4444444444444444,0.3,"{""perband__base__csp__nfilter"": 2}",41.270530199999484
22,classical/FBCSP+LDA,classical,11,0.3333333333333333,0.35,"{""perband__base__csp__nfilter"": 4}",41.270530199999484
22,classical/FBCSP+LDA,classical,12,0.3333333333333333,0.15,"{""perband__base__csp__nfilter"": 2}",41.270530199999484
22,classical/FBCSP+LDA,classical,13,0.4444444444444444,0.4,"{""perband__base__csp__nfilter"": 6}",41.270530199999484
22,classical/FBCSP+LDA,classical,14,0.3333333333333333,0.35,"{""perband__base__csp__nfilter"": 2}",41.270530199999484
22,classical/FB-TS+LR,classical,0,0.4444444444444444,0.5,"{""clf__C"": 1.0}",56.35185159999946
22,classical/FB-TS+LR,classical,1,0.2222222222222222,0.25,"{""clf__C"": 1.0}",56.35185159999946
22,classical/FB-TS+LR,classical,2,0.5555555555555556,0.65,"{""clf__C"": 0.1}",56.35185159999946
22,classical/FB-TS+LR,classical,3,0.4444444444444444,0.2,"{""clf__C"": 1.0}",56.35185159999946
22,classical/FB-TS+LR,classical,4,0.4444444444444444,0.3,"{""clf__C"": 0.1}",56.35185159999946
22,classical/FB-TS+LR,classical,5,0.3333333333333333,0.15,"{""clf__C"": 0.1}",56.35185159999946
22,classical/FB-TS+LR,classical,6,0.6666666666666666,0.5,"{""clf__C"": 0.1}",56.35185159999946
22,classical/FB-TS+LR,classical,7,0.4444444444444444,0.4,"{""clf__C"": 0.1}",56.35185159999946
22,classical/FB-TS+LR,classical,8,0.2222222222222222,0.25,"{""clf__C"": 0.1}",56.35185159999946
22,classical/FB-TS+LR,classical,9,0.5555555555555556,0.65,"{""clf__C"": 0.1}",56.35185159999946
22,classical/FB-TS+LR,classical,10,0.2222222222222222,0.25,"{""clf__C"": 1.0}",56.35185159999946
22,classical/FB-TS+LR,classical,11,0.3333333333333333,0.2499999999999999,"{""clf__C"": 0.1}",56.35185159999946
22,classical/FB-TS+LR,classical,12,0.3333333333333333,0.3,"{""clf__C"": 0.1}",56.35185159999946
22,classical/FB-TS+LR,classical,13,0.3333333333333333,0.25,"{""clf__C"": 0.1}",56.35185159999946
22,classical/FB-TS+LR,classical,14,0.4444444444444444,0.4,"{""clf__C"": 1.0}",56.35185159999946
22,classical/FB-TS+RBF-SVM,classical,0,0.2222222222222222,0.5,"{""clf__C"": 1.0, ""clf__gamma"": 0.01}",93.91832460000025
22,classical/FB-TS+RBF-SVM,classical,1,0.3333333333333333,0.25,"{""clf__C"": 10.0, ""clf__gamma"": ""scale""}",93.91832460000025
22,classical/FB-TS+RBF-SVM,classical,2,0.4444444444444444,0.6000000000000001,"{""clf__C"": 0.1, ""clf__gamma"": ""scale""}",93.91832460000025
22,classical/FB-TS+RBF-SVM,classical,3,0.5555555555555556,0.6000000000000001,"{""clf__C"": 10.0, ""clf__gamma"": 0.01}",93.91832460000025
22,classical/FB-TS+RBF-SVM,classical,4,0.4444444444444444,0.3,"{""clf__C"": 10.0, ""clf__gamma"": ""scale""}",93.91832460000025
22,classical/FB-TS+RBF-SVM,classical,5,0.3333333333333333,0.25,"{""clf__C"": 10.0, ""clf__gamma"": 0.01}",93.91832460000025
22,classical/FB-TS+RBF-SVM,classical,6,0.4444444444444444,0.7,"{""clf__C"": 0.1, ""clf__gamma"": ""scale""}",93.91832460000025
22,classical/FB-TS+RBF-SVM,classical,7,0.5555555555555556,0.75,"{""clf__C"": 0.1, ""clf__gamma"": ""scale""}",93.91832460000025
22,classical/FB-TS+RBF-SVM,classical,8,0.4444444444444444,0.3,"{""clf__C"": 10.0, ""clf__gamma"": 0.01}",93.91832460000025
22,classical/FB-TS+RBF-SVM,classical,9,0.5555555555555556,0.55,"{""clf__C"": 10.0, ""clf__gamma"": ""scale""}",93.91832460000025
22,classical/FB-TS+RBF-SVM,classical,10,0.4444444444444444,0.4,"{""clf__C"": 10.0, ""clf__gamma"": 0.01}",93.91832460000025
22,classical/FB-TS+RBF-SVM,classical,11,0.4444444444444444,0.35,"{""clf__C"": 0.1, ""clf__gamma"": ""scale""}",93.91832460000025
22,classical/FB-TS+RBF-SVM,classical,12,0.4444444444444444,0.4,"{""clf__C"": 10.0, ""clf__gamma"": ""scale""}",93.91832460000025
22,classical/FB-TS+RBF-SVM,classical,13,0.5555555555555556,0.4,"{""clf__C"": 10.0, ""clf__gamma"": ""scale""}",93.91832460000025
22,classical/FB-TS+RBF-SVM,classical,14,0.3333333333333333,0.4,"{""clf__C"": 10.0, ""clf__gamma"": ""scale""}",93.91832460000025
22,quantum/FB-HS-overlap-SVM,quantum,0,0.4444444444444444,0.3999999999999999,"{""clf__C"": 0.1}",40.38698839999961
22,quantum/FB-HS-overlap-SVM,quantum,1,0.4444444444444444,0.55,"{""clf__C"": 0.1}",40.38698839999961
22,quantum/FB-HS-overlap-SVM,quantum,2,0.4444444444444444,0.35,"{""clf__C"": 0.1}",40.38698839999961
22,quantum/FB-HS-overlap-SVM,quantum,3,0.2222222222222222,0.05,"{""clf__C"": 10.0}",40.38698839999961
22,quantum/FB-HS-overlap-SVM,quantum,4,0.4444444444444444,0.3,"{""clf__C"": 0.1}",40.38698839999961
22,quantum/FB-HS-overlap-SVM,quantum,5,0.4444444444444444,0.35,"{""clf__C"": 0.1}",40.38698839999961
22,quantum/FB-HS-overlap-SVM,quantum,6,0.4444444444444444,0.65,"{""clf__C"": 0.1}",40.38698839999961
22,quantum/FB-HS-overlap-SVM,quantum,7,0.3333333333333333,0.35,"{""clf__C"": 0.1}",40.38698839999961
22,quantum/FB-HS-overlap-SVM,quantum,8,0.2222222222222222,0.4,"{""clf__C"": 10.0}",40.38698839999961
22,quantum/FB-HS-overlap-SVM,quantum,9,0.4444444444444444,0.5,"{""clf__C"": 0.1}",40.38698839999961
22,quantum/FB-HS-overlap-SVM,quantum,10,0.4444444444444444,0.5499999999999999,"{""clf__C"": 0.1}",40.38698839999961
22,quantum/FB-HS-overlap-SVM,quantum,11,0.0,0.0,"{""clf__C"": 10.0}",40.38698839999961
22,quantum/FB-HS-overlap-SVM,quantum,12,0.4444444444444444,0.45,"{""clf__C"": 0.1}",40.38698839999961
22,quantum/FB-HS-overlap-SVM,quantum,13,0.6666666666666666,0.7,"{""clf__C"": 0.1}",40.38698839999961
22,quantum/FB-HS-overlap-SVM,quantum,14,0.3333333333333333,0.15,"{""clf__C"": 10.0}",40.38698839999961
22,quantum/FB-HS-overlap-ref-SVM,quantum,0,0.4444444444444444,0.3999999999999999,"{""clf__C"": 0.1}",51.08254949999992
22,quantum/FB-HS-overlap-ref-SVM,quantum,1,0.4444444444444444,0.65,"{""clf__C"": 0.1}",51.08254949999992
22,quantum/FB-HS-overlap-ref-SVM,quantum,2,0.6666666666666666,0.35,"{""clf__C"": 0.1}",51.08254949999992
22,quantum/FB-HS-overlap-ref-SVM,quantum,3,0.4444444444444444,0.45,"{""clf__C"": 10.0}",51.08254949999992
22,quantum/FB-HS-overlap-ref-SVM,quantum,4,0.3333333333333333,0.25,"{""clf__C"": 0.1}",51.08254949999992
22,quantum/FB-HS-overlap-ref-SVM,quantum,5,0.3333333333333333,0.3,"{""clf__C"": 10.0}",51.08254949999992
22,quantum/FB-HS-overlap-ref-SVM,quantum,6,0.4444444444444444,0.55,"{""clf__C"": 0.1}",51.08254949999992
22,quantum/FB-HS-overlap-ref-SVM,quantum,7,0.3333333333333333,0.55,"{""clf__C"": 0.1}",51.08254949999992
22,quantum/FB-HS-overlap-ref-SVM,quantum,8,0.2222222222222222,0.25,"{""clf__C"": 10.0}",51.08254949999992
22,quantum/FB-HS-overlap-ref-SVM,quantum,9,0.6666666666666666,0.65,"{""clf__C"": 0.1}",51.08254949999992
22,quantum/FB-HS-overlap-ref-SVM,quantum,10,0.4444444444444444,0.4,"{""clf__C"": 0.1}",51.08254949999992
22,quantum/FB-HS-overlap-ref-SVM,quantum,11,0.4444444444444444,0.4499999999999999,"{""clf__C"": 10.0}",51.08254949999992
22,quantum/FB-HS-overlap-ref-SVM,quantum,12,0.3333333333333333,0.3,"{""clf__C"": 0.1}",51.08254949999992
22,quantum/FB-HS-overlap-ref-SVM,quantum,13,0.5555555555555556,0.5,"{""clf__C"": 10.0}",51.08254949999992
22,quantum/FB-HS-overlap-ref-SVM,quantum,14,0.5555555555555556,0.3,"{""clf__C"": 0.1}",51.08254949999992
22,quantum/FB-Fidelity-SVM,quantum,0,0.4444444444444444,0.3999999999999999,"{""clf__C"": 0.1}",50.214898999999605
22,quantum/FB-Fidelity-SVM,quantum,1,0.4444444444444444,0.45,"{""clf__C"": 0.1}",50.214898999999605
22,quantum/FB-Fidelity-SVM,quantum,2,0.4444444444444444,0.35,"{""clf__C"": 0.1}",50.214898999999605
22,quantum/FB-Fidelity-SVM,quantum,3,0.3333333333333333,0.1,"{""clf__C"": 0.1}",50.214898999999605
22,quantum/FB-Fidelity-SVM,quantum,4,0.4444444444444444,0.25,"{""clf__C"": 0.1}",50.214898999999605
22,quantum/FB-Fidelity-SVM,quantum,5,0.4444444444444444,0.3,"{""clf__C"": 0.1}",50.214898999999605
22,quantum/FB-Fidelity-SVM,quantum,6,0.4444444444444444,0.5,"{""clf__C"": 10.0}",50.214898999999605
22,quantum/FB-Fidelity-SVM,quantum,7,0.3333333333333333,0.3,"{""clf__C"": 0.1}",50.214898999999605
22,quantum/FB-Fidelity-SVM,quantum,8,0.2222222222222222,0.4,"{""clf__C"": 0.1}",50.214898999999605
22,quantum/FB-Fidelity-SVM,quantum,9,0.4444444444444444,0.45,"{""clf__C"": 0.1}",50.214898999999605
22,quantum/FB-Fidelity-SVM,quantum,10,0.4444444444444444,0.4999999999999999,"{""clf__C"": 10.0}",50.214898999999605
22,quantum/FB-Fidelity-SVM,quantum,11,0.4444444444444444,0.0,"{""clf__C"": 0.1}",50.214898999999605
22,quantum/FB-Fidelity-SVM,quantum,12,0.1111111111111111,0.25,"{""clf__C"": 0.1}",50.214898999999605
22,quantum/FB-Fidelity-SVM,quantum,13,0.6666666666666666,0.55,"{""clf__C"": 0.1}",50.214898999999605
22,quantum/FB-Fidelity-SVM,quantum,14,0.3333333333333333,0.15,"{""clf__C"": 0.1}",50.214898999999605
22,quantum/FB-Fidelity-ref-SVM,quantum,0,0.4444444444444444,0.35,"{""clf__C"": 0.1}",55.1279069000002
22,quantum/FB-Fidelity-ref-SVM,quantum,1,0.4444444444444444,0.65,"{""clf__C"": 0.1}",55.1279069000002
22,quantum/FB-Fidelity-ref-SVM,quantum,2,0.6666666666666666,0.4,"{""clf__C"": 0.1}",55.1279069000002
22,quantum/FB-Fidelity-ref-SVM,quantum,3,0.4444444444444444,0.35,"{""clf__C"": 0.1}",55.1279069000002
22,quantum/FB-Fidelity-ref-SVM,quantum,4,0.4444444444444444,0.25,"{""clf__C"": 10.0}",55.1279069000002
22,quantum/FB-Fidelity-ref-SVM,quantum,5,0.3333333333333333,0.1999999999999999,"{""clf__C"": 10.0}",55.1279069000002
22,quantum/FB-Fidelity-ref-SVM,quantum,6,0.4444444444444444,0.6,"{""clf__C"": 0.1}",55.1279069000002
22,quantum/FB-Fidelity-ref-SVM,quantum,7,0.4444444444444444,0.5,"{""clf__C"": 0.1}",55.1279069000002
22,quantum/FB-Fidelity-ref-SVM,quantum,8,0.2222222222222222,0.2,"{""clf__C"": 0.1}",55.1279069000002
22,quantum/FB-Fidelity-ref-SVM,quantum,9,0.5555555555555556,0.65,"{""clf__C"": 0.1}",55.1279069000002
22,quantum/FB-Fidelity-ref-SVM,quantum,10,0.4444444444444444,0.4499999999999999,"{""clf__C"": 0.1}",55.1279069000002
22,quantum/FB-Fidelity-ref-SVM,quantum,11,0.2222222222222222,0.3999999999999999,"{""clf__C"": 10.0}",55.1279069000002
22,quantum/FB-Fidelity-ref-SVM,quantum,12,0.3333333333333333,0.25,"{""clf__C"": 10.0}",55.1279069000002
22,quantum/FB-Fidelity-ref-SVM,quantum,13,0.2222222222222222,0.4,"{""clf__C"": 0.1}",55.1279069000002
22,quantum/FB-Fidelity-ref-SVM,quantum,14,0.4444444444444444,0.25,"{""clf__C"": 0.1}",55.1279069000002
22,quantum/FB-HS-RBF-SVM,quantum,0,0.4444444444444444,0.5,"{""clf__C"": 1.0, ""clf__gamma_mult"": 1.0}",48.99136699999963
22,quantum/FB-HS-RBF-SVM,quantum,1,0.5555555555555556,0.55,"{""clf__C"": 10.0, ""clf__gamma_mult"": 4.0}",48.99136699999963
22,quantum/FB-HS-RBF-SVM,quantum,2,0.2222222222222222,0.3,"{""clf__C"": 1.0, ""clf__gamma_mult"": 1.0}",48.99136699999963
22,quantum/FB-HS-RBF-SVM,quantum,3,0.3333333333333333,0.35,"{""clf__C"": 10.0, ""clf__gamma_mult"": 1.0}",48.99136699999963
22,quantum/FB-HS-RBF-SVM,quantum,4,0.6666666666666666,0.7,"{""clf__C"": 10.0, ""clf__gamma_mult"": 4.0}",48.99136699999963
22,quantum/FB-HS-RBF-SVM,quantum,5,0.5555555555555556,0.65,"{""clf__C"": 10.0, ""clf__gamma_mult"": 4.0}",48.99136699999963
22,quantum/FB-HS-RBF-SVM,quantum,6,0.5555555555555556,0.6,"{""clf__C"": 10.0, ""clf__gamma_mult"": 1.0}",48.99136699999963
22,quantum/FB-HS-RBF-SVM,quantum,7,0.3333333333333333,0.5,"{""clf__C"": 10.0, ""clf__gamma_mult"": 4.0}",48.99136699999963
22,quantum/FB-HS-RBF-SVM,quantum,8,0.4444444444444444,0.35,"{""clf__C"": 1.0, ""clf__gamma_mult"": 1.0}",48.99136699999963
22,quantum/FB-HS-RBF-SVM,quantum,9,0.6666666666666666,0.65,"{""clf__C"": 10.0, ""clf__gamma_mult"": 4.0}",48.99136699999963
22,quantum/FB-HS-RBF-SVM,quantum,10,0.3333333333333333,0.1999999999999999,"{""clf__C"": 10.0, ""clf__gamma_mult"": 4.0}",48.99136699999963
22,quantum/FB-HS-RBF-SVM,quantum,11,0.7777777777777778,0.7,"{""clf__C"": 10.0, ""clf__gamma_mult"": 4.0}",48.99136699999963
22,quantum/FB-HS-RBF-SVM,quantum,12,0.3333333333333333,0.4,"{""clf__C"": 1.0, ""clf__gamma_mult"": 4.0}",48.99136699999963
22,quantum/FB-HS-RBF-SVM,quantum,13,0.5555555555555556,0.65,"{""clf__C"": 10.0, ""clf__gamma_mult"": 1.0}",48.99136699999963
22,quantum/FB-HS-RBF-SVM,quantum,14,0.5555555555555556,0.4,"{""clf__C"": 1.0, ""clf__gamma_mult"": 4.0}",48.99136699999963
22,quantum/FB-HS-RBF-ref-SVM,quantum,0,0.4444444444444444,0.3999999999999999,"{""clf__C"": 0.1, ""clf__gamma_mult"": 0.25}",67.17931229999976
22,quantum/FB-HS-RBF-ref-SVM,quantum,1,0.4444444444444444,0.7,"{""clf__C"": 0.1, ""clf__gamma_mult"": 0.25}",67.17931229999976
22,quantum/FB-HS-RBF-ref-SVM,quantum,2,0.6666666666666666,0.4,"{""clf__C"": 0.1, ""clf__gamma_mult"": 0.25}",67.17931229999976
22,quantum/FB-HS-RBF-ref-SVM,quantum,3,0.4444444444444444,0.4,"{""clf__C"": 10.0, ""clf__gamma_mult"": 1.0}",67.17931229999976
22,quantum/FB-HS-RBF-ref-SVM,quantum,4,0.4444444444444444,0.45,"{""clf__C"": 10.0, ""clf__gamma_mult"": 1.0}",67.17931229999976
22,quantum/FB-HS-RBF-ref-SVM,quantum,5,0.4444444444444444,0.3,"{""clf__C"": 1.0, ""clf__gamma_mult"": 1.0}",67.17931229999976
22,quantum/FB-HS-RBF-ref-SVM,quantum,6,0.4444444444444444,0.55,"{""clf__C"": 0.1, ""clf__gamma_mult"": 0.25}",67.17931229999976
22,quantum/FB-HS-RBF-ref-SVM,quantum,7,0.3333333333333333,0.55,"{""clf__C"": 0.1, ""clf__gamma_mult"": 0.25}",67.17931229999976
22,quantum/FB-HS-RBF-ref-SVM,quantum,8,0.3333333333333333,0.2,"{""clf__C"": 0.1, ""clf__gamma_mult"": 0.25}",67.17931229999976
22,quantum/FB-HS-RBF-ref-SVM,quantum,9,0.6666666666666666,0.65,"{""clf__C"": 0.1, ""clf__gamma_mult"": 0.25}",67.17931229999976
22,quantum/FB-HS-RBF-ref-SVM,quantum,10,0.4444444444444444,0.4,"{""clf__C"": 10.0, ""clf__gamma_mult"": 1.0}",67.17931229999976
22,quantum/FB-HS-RBF-ref-SVM,quantum,11,0.4444444444444444,0.4499999999999999,"{""clf__C"": 10.0, ""clf__gamma_mult"": 0.25}",67.17931229999976
22,quantum/FB-HS-RBF-ref-SVM,quantum,12,0.4444444444444444,0.3,"{""clf__C"": 1.0, ""clf__gamma_mult"": 4.0}",67.17931229999976
22,quantum/FB-HS-RBF-ref-SVM,quantum,13,0.5555555555555556,0.5,"{""clf__C"": 10.0, ""clf__gamma_mult"": 0.25}",67.17931229999976
22,quantum/FB-HS-RBF-ref-SVM,quantum,14,0.4444444444444444,0.3,"{""clf__C"": 0.1, ""clf__gamma_mult"": 0.25}",67.17931229999976
22,quantum/FB-Bures-RBF-SVM,quantum,0,0.4444444444444444,0.5499999999999999,"{""clf__C"": 1.0, ""clf__gamma_mult"": 4.0}",83.25646200000028
22,quantum/FB-Bures-RBF-SVM,quantum,1,0.6666666666666666,0.6,"{""clf__C"": 10.0, ""clf__gamma_mult"": 1.0}",83.25646200000028
22,quantum/FB-Bures-RBF-SVM,quantum,2,0.5555555555555556,0.3,"{""clf__C"": 1.0, ""clf__gamma_mult"": 1.0}",83.25646200000028
22,quantum/FB-Bures-RBF-SVM,quantum,3,0.3333333333333333,0.2,"{""clf__C"": 1.0, ""clf__gamma_mult"": 4.0}",83.25646200000028
22,quantum/FB-Bures-RBF-SVM,quantum,4,0.6666666666666666,0.6,"{""clf__C"": 10.0, ""clf__gamma_mult"": 4.0}",83.25646200000028
22,quantum/FB-Bures-RBF-SVM,quantum,5,0.5555555555555556,0.6,"{""clf__C"": 10.0, ""clf__gamma_mult"": 1.0}",83.25646200000028
22,quantum/FB-Bures-RBF-SVM,quantum,6,0.6666666666666666,0.5,"{""clf__C"": 1.0, ""clf__gamma_mult"": 1.0}",83.25646200000028
22,quantum/FB-Bures-RBF-SVM,quantum,7,0.5555555555555556,0.65,"{""clf__C"": 10.0, ""clf__gamma_mult"": 4.0}",83.25646200000028
22,quantum/FB-Bures-RBF-SVM,quantum,8,0.7777777777777778,0.8,"{""clf__C"": 10.0, ""clf__gamma_mult"": 4.0}",83.25646200000028
22,quantum/FB-Bures-RBF-SVM,quantum,9,0.5555555555555556,0.5,"{""clf__C"": 10.0, ""clf__gamma_mult"": 1.0}",83.25646200000028
22,quantum/FB-Bures-RBF-SVM,quantum,10,0.3333333333333333,0.1999999999999999,"{""clf__C"": 10.0, ""clf__gamma_mult"": 1.0}",83.25646200000028
22,quantum/FB-Bures-RBF-SVM,quantum,11,0.7777777777777778,0.65,"{""clf__C"": 10.0, ""clf__gamma_mult"": 4.0}",83.25646200000028
22,quantum/FB-Bures-RBF-SVM,quantum,12,0.3333333333333333,0.35,"{""clf__C"": 10.0, ""clf__gamma_mult"": 4.0}",83.25646200000028
22,quantum/FB-Bures-RBF-SVM,quantum,13,0.6666666666666666,0.65,"{""clf__C"": 10.0, ""clf__gamma_mult"": 1.0}",83.25646200000028
22,quantum/FB-Bures-RBF-SVM,quantum,14,0.4444444444444444,0.45,"{""clf__C"": 1.0, ""clf__gamma_mult"": 4.0}",83.25646200000028
22,quantum/FB-Bures-RBF-ref-SVM,quantum,0,0.4444444444444444,0.4,"{""clf__C"": 0.1, ""clf__gamma_mult"": 0.25}",103.37291079999976
22,quantum/FB-Bures-RBF-ref-SVM,quantum,1,0.4444444444444444,0.65,"{""clf__C"": 0.1, ""clf__gamma_mult"": 0.25}",103.37291079999976
22,quantum/FB-Bures-RBF-ref-SVM,quantum,2,0.6666666666666666,0.4,"{""clf__C"": 0.1, ""clf__gamma_mult"": 0.25}",103.37291079999976
22,quantum/FB-Bures-RBF-ref-SVM,quantum,3,0.3333333333333333,0.3,"{""clf__C"": 10.0, ""clf__gamma_mult"": 1.0}",103.37291079999976
22,quantum/FB-Bures-RBF-ref-SVM,quantum,4,0.4444444444444444,0.35,"{""clf__C"": 10.0, ""clf__gamma_mult"": 0.25}",103.37291079999976
22,quantum/FB-Bures-RBF-ref-SVM,quantum,5,0.4444444444444444,0.25,"{""clf__C"": 10.0, ""clf__gamma_mult"": 1.0}",103.37291079999976
22,quantum/FB-Bures-RBF-ref-SVM,quantum,6,0.4444444444444444,0.6,"{""clf__C"": 0.1, ""clf__gamma_mult"": 0.25}",103.37291079999976
22,quantum/FB-Bures-RBF-ref-SVM,quantum,7,0.4444444444444444,0.55,"{""clf__C"": 0.1, ""clf__gamma_mult"": 0.25}",103.37291079999976
22,quantum/FB-Bures-RBF-ref-SVM,quantum,8,0.2222222222222222,0.2,"{""clf__C"": 10.0, ""clf__gamma_mult"": 0.25}",103.37291079999976
22,quantum/FB-Bures-RBF-ref-SVM,quantum,9,0.5555555555555556,0.6,"{""clf__C"": 0.1, ""clf__gamma_mult"": 0.25}",103.37291079999976
22,quantum/FB-Bures-RBF-ref-SVM,quantum,10,0.4444444444444444,0.4499999999999999,"{""clf__C"": 0.1, ""clf__gamma_mult"": 0.25}",103.37291079999976
22,quantum/FB-Bures-RBF-ref-SVM,quantum,11,0.4444444444444444,0.4499999999999999,"{""clf__C"": 0.1, ""clf__gamma_mult"": 0.25}",103.37291079999976
22,quantum/FB-Bures-RBF-ref-SVM,quantum,12,0.3333333333333333,0.3,"{""clf__C"": 1.0, ""clf__gamma_mult"": 1.0}",103.37291079999976
22,quantum/FB-Bures-RBF-ref-SVM,quantum,13,0.4444444444444444,0.35,"{""clf__C"": 10.0, ""clf__gamma_mult"": 1.0}",103.37291079999976
22,quantum/FB-Bures-RBF-ref-SVM,quantum,14,0.4444444444444444,0.3,"{""clf__C"": 0.1, ""clf__gamma_mult"": 0.25}",103.37291079999976
22,quantum/FB-QRE-RBF-SVM,quantum,0,0.4444444444444444,0.5499999999999999,"{""clf__C"": 1.0, ""clf__gamma_mult"": 4.0}",62.45072119999986
22,quantum/FB-QRE-RBF-SVM,quantum,1,0.5555555555555556,0.5,"{""clf__C"": 10.0, ""clf__gamma_mult"": 4.0}",62.45072119999986
22,quantum/FB-QRE-RBF-SVM,quantum,2,0.5555555555555556,0.3999999999999999,"{""clf__C"": 1.0, ""clf__gamma_mult"": 1.0}",62.45072119999986
22,quantum/FB-QRE-RBF-SVM,quantum,3,0.3333333333333333,0.15,"{""clf__C"": 1.0, ""clf__gamma_mult"": 4.0}",62.45072119999986
22,quantum/FB-QRE-RBF-SVM,quantum,4,0.6666666666666666,0.6,"{""clf__C"": 10.0, ""clf__gamma_mult"": 4.0}",62.45072119999986
22,quantum/FB-QRE-RBF-SVM,quantum,5,0.4444444444444444,0.65,"{""clf__C"": 10.0, ""clf__gamma_mult"": 4.0}",62.45072119999986
22,quantum/FB-QRE-RBF-SVM,quantum,6,0.5555555555555556,0.4499999999999999,"{""clf__C"": 1.0, ""clf__gamma_mult"": 1.0}",62.45072119999986
22,quantum/FB-QRE-RBF-SVM,quantum,7,0.5555555555555556,0.65,"{""clf__C"": 1.0, ""clf__gamma_mult"": 4.0}",62.45072119999986
22,quantum/FB-QRE-RBF-SVM,quantum,8,0.7777777777777778,0.8,"{""clf__C"": 10.0, ""clf__gamma_mult"": 4.0}",62.45072119999986
22,quantum/FB-QRE-RBF-SVM,quantum,9,0.4444444444444444,0.5,"{""clf__C"": 10.0, ""clf__gamma_mult"": 1.0}",62.45072119999986
22,quantum/FB-QRE-RBF-SVM,quantum,10,0.3333333333333333,0.25,"{""clf__C"": 10.0, ""clf__gamma_mult"": 1.0}",62.45072119999986
22,quantum/FB-QRE-RBF-SVM,quantum,11,0.4444444444444444,0.6,"{""clf__C"": 1.0, ""clf__gamma_mult"": 1.0}",62.45072119999986
22,quantum/FB-QRE-RBF-SVM,quantum,12,0.3333333333333333,0.4,"{""clf__C"": 1.0, ""clf__gamma_mult"": 4.0}",62.45072119999986
22,quantum/FB-QRE-RBF-SVM,quantum,13,0.6666666666666666,0.6,"{""clf__C"": 10.0, ""clf__gamma_mult"": 1.0}",62.45072119999986
22,quantum/FB-QRE-RBF-SVM,quantum,14,0.4444444444444444,0.45,"{""clf__C"": 1.0, ""clf__gamma_mult"": 4.0}",62.45072119999986
22,quantum/FB-QRE-RBF-ref-SVM,quantum,0,0.4444444444444444,0.35,"{""clf__C"": 0.1, ""clf__gamma_mult"": 0.25}",78.63093599999956
22,quantum/FB-QRE-RBF-ref-SVM,quantum,1,0.4444444444444444,0.65,"{""clf__C"": 0.1, ""clf__gamma_mult"": 0.25}",78.63093599999956
22,quantum/FB-QRE-RBF-ref-SVM,quantum,2,0.6666666666666666,0.4,"{""clf__C"": 0.1, ""clf__gamma_mult"": 0.25}",78.63093599999956
22,quantum/FB-QRE-RBF-ref-SVM,quantum,3,0.3333333333333333,0.3,"{""clf__C"": 10.0, ""clf__gamma_mult"": 1.0}",78.63093599999956
22,quantum/FB-QRE-RBF-ref-SVM,quantum,4,0.4444444444444444,0.3,"{""clf__C"": 10.0, ""clf__gamma_mult"": 0.25}",78.63093599999956
22,quantum/FB-QRE-RBF-ref-SVM,quantum,5,0.4444444444444444,0.3,"{""clf__C"": 1.0, ""clf__gamma_mult"": 1.0}",78.63093599999956
22,quantum/FB-QRE-RBF-ref-SVM,quantum,6,0.4444444444444444,0.65,"{""clf__C"": 0.1, ""clf__gamma_mult"": 0.25}",78.63093599999956
22,quantum/FB-QRE-RBF-ref-SVM,quantum,7,0.3333333333333333,0.45,"{""clf__C"": 0.1, ""clf__gamma_mult"": 0.25}",78.63093599999956
22,quantum/FB-QRE-RBF-ref-SVM,quantum,8,0.2222222222222222,0.2,"{""clf__C"": 10.0, ""clf__gamma_mult"": 0.25}",78.63093599999956
22,quantum/FB-QRE-RBF-ref-SVM,quantum,9,0.5555555555555556,0.6,"{""clf__C"": 0.1, ""clf__gamma_mult"": 0.25}",78.63093599999956
22,quantum/FB-QRE-RBF-ref-SVM,quantum,10,0.4444444444444444,0.4499999999999999,"{""clf__C"": 0.1, ""clf__gamma_mult"": 0.25}",78.63093599999956
22,quantum/FB-QRE-RBF-ref-SVM,quantum,11,0.4444444444444444,0.3999999999999999,"{""clf__C"": 10.0, ""clf__gamma_mult"": 0.25}",78.63093599999956
22,quantum/FB-QRE-RBF-ref-SVM,quantum,12,0.3333333333333333,0.3,"{""clf__C"": 1.0, ""clf__gamma_mult"": 1.0}",78.63093599999956
22,quantum/FB-QRE-RBF-ref-SVM,quantum,13,0.3333333333333333,0.3999999999999999,"{""clf__C"": 10.0, ""clf__gamma_mult"": 0.25}",78.63093599999956
22,quantum/FB-QRE-RBF-ref-SVM,quantum,14,0.5555555555555556,0.3,"{""clf__C"": 0.1, ""clf__gamma_mult"": 0.25}",78.63093599999956
22,control/FB-riemann-kernel-SVM,control,0,0.4444444444444444,0.5,"{""clf__C"": 1.0}",46.589543400000366
22,control/FB-riemann-kernel-SVM,control,1,0.4444444444444444,0.5499999999999999,"{""clf__C"": 0.1}",46.589543400000366
22,control/FB-riemann-kernel-SVM,control,2,0.4444444444444444,0.45,"{""clf__C"": 0.1}",46.589543400000366
22,control/FB-riemann-kernel-SVM,control,3,0.4444444444444444,0.2,"{""clf__C"": 0.1}",46.589543400000366
22,control/FB-riemann-kernel-SVM,control,4,0.5555555555555556,0.2,"{""clf__C"": 1.0}",46.589543400000366
22,control/FB-riemann-kernel-SVM,control,5,0.1111111111111111,0.15,"{""clf__C"": 0.1}",46.589543400000366
22,control/FB-riemann-kernel-SVM,control,6,0.4444444444444444,0.35,"{""clf__C"": 1.0}",46.589543400000366
22,control/FB-riemann-kernel-SVM,control,7,0.2222222222222222,0.25,"{""clf__C"": 0.1}",46.589543400000366
22,control/FB-riemann-kernel-SVM,control,8,0.1111111111111111,0.2,"{""clf__C"": 0.1}",46.589543400000366
22,control/FB-riemann-kernel-SVM,control,9,0.5555555555555556,0.4499999999999999,"{""clf__C"": 1.0}",46.589543400000366
22,control/FB-riemann-kernel-SVM,control,10,0.3333333333333333,0.3,"{""clf__C"": 0.1}",46.589543400000366
22,control/FB-riemann-kernel-SVM,control,11,0.3333333333333333,0.25,"{""clf__C"": 0.1}",46.589543400000366
22,control/FB-riemann-kernel-SVM,control,12,0.3333333333333333,0.2,"{""clf__C"": 0.1}",46.589543400000366
22,control/FB-riemann-kernel-SVM,control,13,0.3333333333333333,0.35,"{""clf__C"": 1.0}",46.589543400000366
22,control/FB-riemann-kernel-SVM,control,14,0.4444444444444444,0.3,"{""clf__C"": 0.1}",46.589543400000366
22,control/FB-logeuclid-kernel-SVM,control,0,0.6666666666666666,0.5,"{""clf__C"": 1.0}",49.2185456999996
22,control/FB-logeuclid-kernel-SVM,control,1,0.4444444444444444,0.6000000000000001,"{""clf__C"": 0.1}",49.2185456999996
22,control/FB-logeuclid-kernel-SVM,control,2,0.5555555555555556,0.5,"{""clf__C"": 0.1}",49.2185456999996
22,control/FB-logeuclid-kernel-SVM,control,3,0.5555555555555556,0.3,"{""clf__C"": 0.1}",49.2185456999996
22,control/FB-logeuclid-kernel-SVM,control,4,0.5555555555555556,0.25,"{""clf__C"": 1.0}",49.2185456999996
22,control/FB-logeuclid-kernel-SVM,control,5,0.3333333333333333,0.2499999999999999,"{""clf__C"": 0.1}",49.2185456999996
22,control/FB-logeuclid-kernel-SVM,control,6,0.5555555555555556,0.8,"{""clf__C"": 0.1}",49.2185456999996
22,control/FB-logeuclid-kernel-SVM,control,7,0.4444444444444444,0.45,"{""clf__C"": 1.0}",49.2185456999996
22,control/FB-logeuclid-kernel-SVM,control,8,0.4444444444444444,0.35,"{""clf__C"": 1.0}",49.2185456999996
22,control/FB-logeuclid-kernel-SVM,control,9,0.6666666666666666,0.6,"{""clf__C"": 0.1}",49.2185456999996
22,control/FB-logeuclid-kernel-SVM,control,10,0.5555555555555556,0.3999999999999999,"{""clf__C"": 0.1}",49.2185456999996
22,control/FB-logeuclid-kernel-SVM,control,11,0.4444444444444444,0.25,"{""clf__C"": 0.1}",49.2185456999996
22,control/FB-logeuclid-kernel-SVM,control,12,0.3333333333333333,0.4,"{""clf__C"": 0.1}",49.2185456999996
22,control/FB-logeuclid-kernel-SVM,control,13,0.4444444444444444,0.5,"{""clf__C"": 1.0}",49.2185456999996
22,control/FB-logeuclid-kernel-SVM,control,14,0.4444444444444444,0.55,"{""clf__C"": 1.0}",49.2185456999996
23,classical/FBCSP+LDA,classical,0,0.7777777777777778,0.8,"{""perband__base__csp__nfilter"": 4}",50.55040459999964
23,classical/FBCSP+LDA,classical,1,0.6666666666666666,0.8,"{""perband__base__csp__nfilter"": 6}",50.55040459999964
23,classical/FBCSP+LDA,classical,2,0.7777777777777778,0.8500000000000001,"{""perband__base__csp__nfilter"": 4}",50.55040459999964
23,classical/FBCSP+LDA,classical,3,0.7777777777777778,0.7,"{""perband__base__csp__nfilter"": 4}",50.55040459999964
23,classical/FBCSP+LDA,classical,4,0.7777777777777778,0.85,"{""perband__base__csp__nfilter"": 6}",50.55040459999964
23,classical/FBCSP+LDA,classical,5,0.8888888888888888,0.95,"{""perband__base__csp__nfilter"": 6}",50.55040459999964
23,classical/FBCSP+LDA,classical,6,0.3333333333333333,0.25,"{""perband__base__csp__nfilter"": 2}",50.55040459999964
23,classical/FBCSP+LDA,classical,7,0.6666666666666666,0.85,"{""perband__base__csp__nfilter"": 6}",50.55040459999964
23,classical/FBCSP+LDA,classical,8,0.8888888888888888,0.95,"{""perband__base__csp__nfilter"": 4}",50.55040459999964
23,classical/FBCSP+LDA,classical,9,0.5555555555555556,0.6,"{""perband__base__csp__nfilter"": 6}",50.55040459999964
23,classical/FBCSP+LDA,classical,10,0.5555555555555556,0.55,"{""perband__base__csp__nfilter"": 4}",50.55040459999964
23,classical/FBCSP+LDA,classical,11,0.8888888888888888,0.95,"{""perband__base__csp__nfilter"": 6}",50.55040459999964
23,classical/FBCSP+LDA,classical,12,0.6666666666666666,0.65,"{""perband__base__csp__nfilter"": 2}",50.55040459999964
23,classical/FBCSP+LDA,classical,13,0.5555555555555556,0.8,"{""perband__base__csp__nfilter"": 6}",50.55040459999964
23,classical/FBCSP+LDA,classical,14,0.5555555555555556,0.5499999999999999,"{""perband__base__csp__nfilter"": 4}",50.55040459999964
23,classical/FB-TS+LR,classical,0,0.7777777777777778,0.8,"{""clf__C"": 0.1}",54.84020630000032
23,classical/FB-TS+LR,classical,1,0.5555555555555556,0.65,"{""clf__C"": 10.0}",54.84020630000032
23,classical/FB-TS+LR,classical,2,0.7777777777777778,0.9,"{""clf__C"": 0.1}",54.84020630000032
23,classical/FB-TS+LR,classical,3,0.6666666666666666,0.5499999999999999,"{""clf__C"": 1.0}",54.84020630000032
23,classical/FB-TS+LR,classical,4,0.8888888888888888,0.95,"{""clf__C"": 0.1}",54.84020630000032
23,classical/FB-TS+LR,classical,5,0.6666666666666666,0.85,"{""clf__C"": 0.1}",54.84020630000032
23,classical/FB-TS+LR,classical,6,0.6666666666666666,0.5,"{""clf__C"": 0.1}",54.84020630000032
23,classical/FB-TS+LR,classical,7,0.7777777777777778,0.9,"{""clf__C"": 10.0}",54.84020630000032
23,classical/FB-TS+LR,classical,8,0.7777777777777778,0.8,"{""clf__C"": 0.1}",54.84020630000032
23,classical/FB-TS+LR,classical,9,0.5555555555555556,0.8,"{""clf__C"": 0.1}",54.84020630000032
23,classical/FB-TS+LR,classical,10,0.7777777777777778,0.9,"{""clf__C"": 0.1}",54.84020630000032
23,classical/FB-TS+LR,classical,11,0.8888888888888888,1.0,"{""clf__C"": 0.1}",54.84020630000032
23,classical/FB-TS+LR,classical,12,0.8888888888888888,1.0,"{""clf__C"": 0.1}",54.84020630000032
23,classical/FB-TS+LR,classical,13,0.5555555555555556,0.8,"{""clf__C"": 0.1}",54.84020630000032
23,classical/FB-TS+LR,classical,14,0.5555555555555556,0.65,"{""clf__C"": 1.0}",54.84020630000032
23,classical/FB-TS+RBF-SVM,classical,0,0.7777777777777778,0.8,"{""clf__C"": 10.0, ""clf__gamma"": ""scale""}",93.16586700000062
23,classical/FB-TS+RBF-SVM,classical,1,0.6666666666666666,0.65,"{""clf__C"": 10.0, ""clf__gamma"": 0.01}",93.16586700000062
23,classical/FB-TS+RBF-SVM,classical,2,0.7777777777777778,0.8500000000000001,"{""clf__C"": 1.0, ""clf__gamma"": ""scale""}",93.16586700000062
23,classical/FB-TS+RBF-SVM,classical,3,0.5555555555555556,0.6,"{""clf__C"": 10.0, ""clf__gamma"": ""scale""}",93.16586700000062
23,classical/FB-TS+RBF-SVM,classical,4,0.6666666666666666,0.9,"{""clf__C"": 1.0, ""clf__gamma"": ""scale""}",93.16586700000062
23,classical/FB-TS+RBF-SVM,classical,5,0.7777777777777778,0.8,"{""clf__C"": 10.0, ""clf__gamma"": ""scale""}",93.16586700000062
23,classical/FB-TS+RBF-SVM,classical,6,0.4444444444444444,0.35,"{""clf__C"": 10.0, ""clf__gamma"": ""scale""}",93.16586700000062
23,classical/FB-TS+RBF-SVM,classical,7,0.7777777777777778,0.95,"{""clf__C"": 1.0, ""clf__gamma"": ""scale""}",93.16586700000062
23,classical/FB-TS+RBF-SVM,classical,8,0.7777777777777778,0.8,"{""clf__C"": 10.0, ""clf__gamma"": ""scale""}",93.16586700000062
23,classical/FB-TS+RBF-SVM,classical,9,0.6666666666666666,0.75,"{""clf__C"": 10.0, ""clf__gamma"": ""scale""}",93.16586700000062
23,classical/FB-TS+RBF-SVM,classical,10,0.6666666666666666,0.7,"{""clf__C"": 1.0, ""clf__gamma"": ""scale""}",93.16586700000062
23,classical/FB-TS+RBF-SVM,classical,11,0.8888888888888888,0.95,"{""clf__C"": 1.0, ""clf__gamma"": ""scale""}",93.16586700000062
23,classical/FB-TS+RBF-SVM,classical,12,0.8888888888888888,1.0,"{""clf__C"": 1.0, ""clf__gamma"": ""scale""}",93.16586700000062
23,classical/FB-TS+RBF-SVM,classical,13,0.4444444444444444,0.75,"{""clf__C"": 1.0, ""clf__gamma"": ""scale""}",93.16586700000062
23,classical/FB-TS+RBF-SVM,classical,14,0.5555555555555556,0.5,"{""clf__C"": 10.0, ""clf__gamma"": 0.01}",93.16586700000062
23,quantum/FB-HS-overlap-SVM,quantum,0,0.6666666666666666,0.8,"{""clf__C"": 10.0}",39.2444687999996
23,quantum/FB-HS-overlap-SVM,quantum,1,0.4444444444444444,0.4,"{""clf__C"": 10.0}",39.2444687999996
23,quantum/FB-HS-overlap-SVM,quantum,2,0.8888888888888888,0.8,"{""clf__C"": 10.0}",39.2444687999996
23,quantum/FB-HS-overlap-SVM,quantum,3,0.5555555555555556,0.5,"{""clf__C"": 1.0}",39.2444687999996
23,quantum/FB-HS-overlap-SVM,quantum,4,0.4444444444444444,0.4499999999999999,"{""clf__C"": 10.0}",39.2444687999996
23,quantum/FB-HS-overlap-SVM,quantum,5,0.4444444444444444,0.55,"{""clf__C"": 10.0}",39.2444687999996
23,quantum/FB-HS-overlap-SVM,quantum,6,0.5555555555555556,0.6,"{""clf__C"": 10.0}",39.2444687999996
23,quantum/FB-HS-overlap-SVM,quantum,7,0.3333333333333333,0.35,"{""clf__C"": 1.0}",39.2444687999996
23,quantum/FB-HS-overlap-SVM,quantum,8,0.5555555555555556,0.55,"{""clf__C"": 10.0}",39.2444687999996
23,quantum/FB-HS-overlap-SVM,quantum,9,0.5555555555555556,0.55,"{""clf__C"": 10.0}",39.2444687999996
23,quantum/FB-HS-overlap-SVM,quantum,10,0.4444444444444444,0.5499999999999999,"{""clf__C"": 10.0}",39.2444687999996
23,quantum/FB-HS-overlap-SVM,quantum,11,0.4444444444444444,0.45,"{""clf__C"": 10.0}",39.2444687999996
23,quantum/FB-HS-overlap-SVM,quantum,12,0.6666666666666666,0.7,"{""clf__C"": 10.0}",39.2444687999996
23,quantum/FB-HS-overlap-SVM,quantum,13,0.5555555555555556,0.65,"{""clf__C"": 10.0}",39.2444687999996
23,quantum/FB-HS-overlap-SVM,quantum,14,0.5555555555555556,0.5,"{""clf__C"": 1.0}",39.2444687999996
23,quantum/FB-HS-overlap-ref-SVM,quantum,0,0.6666666666666666,0.75,"{""clf__C"": 10.0}",43.87317629999961
23,quantum/FB-HS-overlap-ref-SVM,quantum,1,0.5555555555555556,0.5,"{""clf__C"": 10.0}",43.87317629999961
23,quantum/FB-HS-overlap-ref-SVM,quantum,2,0.6666666666666666,0.75,"{""clf__C"": 10.0}",43.87317629999961
23,quantum/FB-HS-overlap-ref-SVM,quantum,3,0.6666666666666666,0.6,"{""clf__C"": 10.0}",43.87317629999961
23,quantum/FB-HS-overlap-ref-SVM,quantum,4,0.6666666666666666,0.8500000000000001,"{""clf__C"": 10.0}",43.87317629999961
23,quantum/FB-HS-overlap-ref-SVM,quantum,5,0.7777777777777778,0.95,"{""clf__C"": 10.0}",43.87317629999961
23,quantum/FB-HS-overlap-ref-SVM,quantum,6,0.5555555555555556,0.4,"{""clf__C"": 10.0}",43.87317629999961
23,quantum/FB-HS-overlap-ref-SVM,quantum,7,0.7777777777777778,0.7,"{""clf__C"": 10.0}",43.87317629999961
23,quantum/FB-HS-overlap-ref-SVM,quantum,8,0.7777777777777778,0.7000000000000001,"{""clf__C"": 10.0}",43.87317629999961
23,quantum/FB-HS-overlap-ref-SVM,quantum,9,0.5555555555555556,0.65,"{""clf__C"": 10.0}",43.87317629999961
23,quantum/FB-HS-overlap-ref-SVM,quantum,10,0.6666666666666666,0.75,"{""clf__C"": 10.0}",43.87317629999961
23,quantum/FB-HS-overlap-ref-SVM,quantum,11,0.7777777777777778,0.9,"{""clf__C"": 10.0}",43.87317629999961
23,quantum/FB-HS-overlap-ref-SVM,quantum,12,0.7777777777777778,0.65,"{""clf__C"": 10.0}",43.87317629999961
23,quantum/FB-HS-overlap-ref-SVM,quantum,13,0.6666666666666666,0.85,"{""clf__C"": 10.0}",43.87317629999961
23,quantum/FB-HS-overlap-ref-SVM,quantum,14,0.5555555555555556,0.6,"{""clf__C"": 10.0}",43.87317629999961
23,quantum/FB-Fidelity-SVM,quantum,0,0.7777777777777778,0.8,"{""clf__C"": 10.0}",42.328210199999376
23,quantum/FB-Fidelity-SVM,quantum,1,0.5555555555555556,0.5,"{""clf__C"": 10.0}",42.328210199999376
23,quantum/FB-Fidelity-SVM,quantum,2,0.6666666666666666,0.8,"{""clf__C"": 10.0}",42.328210199999376
23,quantum/FB-Fidelity-SVM,quantum,3,0.4444444444444444,0.4999999999999999,"{""clf__C"": 10.0}",42.328210199999376
23,quantum/FB-Fidelity-SVM,quantum,4,0.4444444444444444,0.3,"{""clf__C"": 0.1}",42.328210199999376
23,quantum/FB-Fidelity-SVM,quantum,5,0.6666666666666666,0.65,"{""clf__C"": 10.0}",42.328210199999376
23,quantum/FB-Fidelity-SVM,quantum,6,0.4444444444444444,0.5,"{""clf__C"": 10.0}",42.328210199999376
23,quantum/FB-Fidelity-SVM,quantum,7,0.3333333333333333,0.4,"{""clf__C"": 10.0}",42.328210199999376
23,quantum/FB-Fidelity-SVM,quantum,8,0.4444444444444444,0.6,"{""clf__C"": 10.0}",42.328210199999376
23,quantum/FB-Fidelity-SVM,quantum,9,0.7777777777777778,0.7,"{""clf__C"": 10.0}",42.328210199999376
23,quantum/FB-Fidelity-SVM,quantum,10,0.3333333333333333,0.5,"{""clf__C"": 10.0}",42.328210199999376
23,quantum/FB-Fidelity-SVM,quantum,11,0.4444444444444444,0.45,"{""clf__C"": 10.0}",42.328210199999376
23,quantum/FB-Fidelity-SVM,quantum,12,0.6666666666666666,0.75,"{""clf__C"": 10.0}",42.328210199999376
23,quantum/FB-Fidelity-SVM,quantum,13,0.6666666666666666,0.8,"{""clf__C"": 10.0}",42.328210199999376
23,quantum/FB-Fidelity-SVM,quantum,14,0.3333333333333333,0.45,"{""clf__C"": 10.0}",42.328210199999376
23,quantum/FB-Fidelity-ref-SVM,quantum,0,0.7777777777777778,0.8,"{""clf__C"": 10.0}",49.9070142999999
23,quantum/FB-Fidelity-ref-SVM,quantum,1,0.6666666666666666,0.55,"{""clf__C"": 10.0}",49.9070142999999
23,quantum/FB-Fidelity-ref-SVM,quantum,2,0.7777777777777778,0.85,"{""clf__C"": 10.0}",49.9070142999999
23,quantum/FB-Fidelity-ref-SVM,quantum,3,0.6666666666666666,0.75,"{""clf__C"": 10.0}",49.9070142999999
23,quantum/FB-Fidelity-ref-SVM,quantum,4,0.8888888888888888,0.9,"{""clf__C"": 10.0}",49.9070142999999
23,quantum/FB-Fidelity-ref-SVM,quantum,5,0.7777777777777778,0.95,"{""clf__C"": 10.0}",49.9070142999999
23,quantum/FB-Fidelity-ref-SVM,quantum,6,0.5555555555555556,0.55,"{""clf__C"": 10.0}",49.9070142999999
23,quantum/FB-Fidelity-ref-SVM,quantum,7,0.7777777777777778,0.75,"{""clf__C"": 10.0}",49.9070142999999
23,quantum/FB-Fidelity-ref-SVM,quantum,8,0.7777777777777778,0.9,"{""clf__C"": 10.0}",49.9070142999999
23,quantum/FB-Fidelity-ref-SVM,quantum,9,0.6666666666666666,0.7000000000000001,"{""clf__C"": 10.0}",49.9070142999999
23,quantum/FB-Fidelity-ref-SVM,quantum,10,0.6666666666666666,0.9,"{""clf__C"": 10.0}",49.9070142999999
23,quantum/FB-Fidelity-ref-SVM,quantum,11,0.8888888888888888,0.9,"{""clf__C"": 10.0}",49.9070142999999
23,quantum/FB-Fidelity-ref-SVM,quantum,12,0.7777777777777778,0.85,"{""clf__C"": 10.0}",49.9070142999999
23,quantum/FB-Fidelity-ref-SVM,quantum,13,0.6666666666666666,0.95,"{""clf__C"": 10.0}",49.9070142999999
23,quantum/FB-Fidelity-ref-SVM,quantum,14,0.5555555555555556,0.7000000000000001,"{""clf__C"": 10.0}",49.9070142999999
23,quantum/FB-HS-RBF-SVM,quantum,0,0.5555555555555556,0.9,"{""clf__C"": 1.0, ""clf__gamma_mult"": 0.25}",43.3479597000005
23,quantum/FB-HS-RBF-SVM,quantum,1,0.6666666666666666,0.5,"{""clf__C"": 1.0, ""clf__gamma_mult"": 1.0}",43.3479597000005
23,quantum/FB-HS-RBF-SVM,quantum,2,0.5555555555555556,0.85,"{""clf__C"": 1.0, ""clf__gamma_mult"": 0.25}",43.3479597000005
23,quantum/FB-HS-RBF-SVM,quantum,3,0.5555555555555556,0.45,"{""clf__C"": 1.0, ""clf__gamma_mult"": 1.0}",43.3479597000005
23,quantum/FB-HS-RBF-SVM,quantum,4,0.5555555555555556,0.4499999999999999,"{""clf__C"": 1.0, ""clf__gamma_mult"": 4.0}",43.3479597000005
23,quantum/FB-HS-RBF-SVM,quantum,5,0.3333333333333333,0.6,"{""clf__C"": 1.0, ""clf__gamma_mult"": 0.25}",43.3479597000005
23,quantum/FB-HS-RBF-SVM,quantum,6,0.3333333333333333,0.25,"{""clf__C"": 10.0, ""clf__gamma_mult"": 0.25}",43.3479597000005
23,quantum/FB-HS-RBF-SVM,quantum,7,0.3333333333333333,0.35,"{""clf__C"": 1.0, ""clf__gamma_mult"": 0.25}",43.3479597000005
23,quantum/FB-HS-RBF-SVM,quantum,8,0.4444444444444444,0.2499999999999999,"{""clf__C"": 1.0, ""clf__gamma_mult"": 1.0}",43.3479597000005
23,quantum/FB-HS-RBF-SVM,quantum,9,0.4444444444444444,0.45,"{""clf__C"": 1.0, ""clf__gamma_mult"": 4.0}",43.3479597000005
23,quantum/FB-HS-RBF-SVM,quantum,10,0.3333333333333333,0.4,"{""clf__C"": 10.0, ""clf__gamma_mult"": 4.0}",43.3479597000005
23,quantum/FB-HS-RBF-SVM,quantum,11,0.6666666666666666,0.7,"{""clf__C"": 10.0, ""clf__gamma_mult"": 4.0}",43.3479597000005
23,quantum/FB-HS-RBF-SVM,quantum,12,0.4444444444444444,0.4,"{""clf__C"": 1.0, ""clf__gamma_mult"": 4.0}",43.3479597000005
23,quantum/FB-HS-RBF-SVM,quantum,13,0.4444444444444444,0.5,"{""clf__C"": 1.0, ""clf__gamma_mult"": 1.0}",43.3479597000005
23,quantum/FB-HS-RBF-SVM,quantum,14,0.4444444444444444,0.4,"{""clf__C"": 1.0, ""clf__gamma_mult"": 1.0}",43.3479597000005
23,quantum/FB-HS-RBF-ref-SVM,quantum,0,0.6666666666666666,0.75,"{""clf__C"": 10.0, ""clf__gamma_mult"": 0.25}",58.674942499999815
23,quantum/FB-HS-RBF-ref-SVM,quantum,1,0.6666666666666666,0.55,"{""clf__C"": 10.0, ""clf__gamma_mult"": 0.25}",58.674942499999815
23,quantum/FB-HS-RBF-ref-SVM,quantum,2,0.7777777777777778,0.75,"{""clf__C"": 10.0, ""clf__gamma_mult"": 0.25}",58.674942499999815
23,quantum/FB-HS-RBF-ref-SVM,quantum,3,0.6666666666666666,0.65,"{""clf__C"": 10.0, ""clf__gamma_mult"": 0.25}",58.674942499999815
23,quantum/FB-HS-RBF-ref-SVM,quantum,4,0.6666666666666666,0.8500000000000001,"{""clf__C"": 10.0, ""clf__gamma_mult"": 1.0}",58.674942499999815
23,quantum/FB-HS-RBF-ref-SVM,quantum,5,0.8888888888888888,0.9,"{""clf__C"": 10.0, ""clf__gamma_mult"": 0.25}",58.674942499999815
23,quantum/FB-HS-RBF-ref-SVM,quantum,6,0.5555555555555556,0.45,"{""clf__C"": 10.0, ""clf__gamma_mult"": 1.0}",58.674942499999815
23,quantum/FB-HS-RBF-ref-SVM,quantum,7,0.7777777777777778,0.8,"{""clf__C"": 10.0, ""clf__gamma_mult"": 1.0}",58.674942499999815
23,quantum/FB-HS-RBF-ref-SVM,quantum,8,0.7777777777777778,0.7000000000000001,"{""clf__C"": 10.0, ""clf__gamma_mult"": 0.25}",58.674942499999815
23,quantum/FB-HS-RBF-ref-SVM,quantum,9,0.6666666666666666,0.65,"{""clf__C"": 10.0, ""clf__gamma_mult"": 0.25}",58.674942499999815
23,quantum/FB-HS-RBF-ref-SVM,quantum,10,0.6666666666666666,0.8,"{""clf__C"": 10.0, ""clf__gamma_mult"": 0.25}",58.674942499999815
23,quantum/FB-HS-RBF-ref-SVM,quantum,11,0.7777777777777778,0.95,"{""clf__C"": 10.0, ""clf__gamma_mult"": 1.0}",58.674942499999815
23,quantum/FB-HS-RBF-ref-SVM,quantum,12,0.7777777777777778,0.85,"{""clf__C"": 10.0, ""clf__gamma_mult"": 1.0}",58.674942499999815
23,quantum/FB-HS-RBF-ref-SVM,quantum,13,0.6666666666666666,0.95,"{""clf__C"": 10.0, ""clf__gamma_mult"": 1.0}",58.674942499999815
23,quantum/FB-HS-RBF-ref-SVM,quantum,14,0.5555555555555556,0.5,"{""clf__C"": 10.0, ""clf__gamma_mult"": 1.0}",58.674942499999815
23,quantum/FB-Bures-RBF-SVM,quantum,0,0.7777777777777778,0.85,"{""clf__C"": 10.0, ""clf__gamma_mult"": 0.25}",62.54332890000023
23,quantum/FB-Bures-RBF-SVM,quantum,1,0.5555555555555556,0.4,"{""clf__C"": 10.0, ""clf__gamma_mult"": 0.25}",62.54332890000023
23,quantum/FB-Bures-RBF-SVM,quantum,2,0.7777777777777778,0.8,"{""clf__C"": 1.0, ""clf__gamma_mult"": 1.0}",62.54332890000023
23,quantum/FB-Bures-RBF-SVM,quantum,3,0.5555555555555556,0.5,"{""clf__C"": 10.0, ""clf__gamma_mult"": 4.0}",62.54332890000023
23,quantum/FB-Bures-RBF-SVM,quantum,4,0.4444444444444444,0.45,"{""clf__C"": 1.0, ""clf__gamma_mult"": 4.0}",62.54332890000023
23,quantum/FB-Bures-RBF-SVM,quantum,5,0.5555555555555556,0.5,"{""clf__C"": 10.0, ""clf__gamma_mult"": 4.0}",62.54332890000023
23,quantum/FB-Bures-RBF-SVM,quantum,6,0.2222222222222222,0.25,"{""clf__C"": 10.0, ""clf__gamma_mult"": 0.25}",62.54332890000023
23,quantum/FB-Bures-RBF-SVM,quantum,7,0.4444444444444444,0.35,"{""clf__C"": 1.0, ""clf__gamma_mult"": 0.25}",62.54332890000023
23,quantum/FB-Bures-RBF-SVM,quantum,8,0.4444444444444444,0.4,"{""clf__C"": 1.0, ""clf__gamma_mult"": 1.0}",62.54332890000023
23,quantum/FB-Bures-RBF-SVM,quantum,9,0.5555555555555556,0.45,"{""clf__C"": 10.0, ""clf__gamma_mult"": 4.0}",62.54332890000023
23,quantum/FB-Bures-RBF-SVM,quantum,10,0.6666666666666666,0.5499999999999999,"{""clf__C"": 10.0, ""clf__gamma_mult"": 0.25}",62.54332890000023
23,quantum/FB-Bures-RBF-SVM,quantum,11,0.6666666666666666,0.8,"{""clf__C"": 10.0, ""clf__gamma_mult"": 4.0}",62.54332890000023
23,quantum/FB-Bures-RBF-SVM,quantum,12,0.3333333333333333,0.45,"{""clf__C"": 10.0, ""clf__gamma_mult"": 4.0}",62.54332890000023
23,quantum/FB-Bures-RBF-SVM,quantum,13,0.3333333333333333,0.5,"{""clf__C"": 10.0, ""clf__gamma_mult"": 4.0}",62.54332890000023
23,quantum/FB-Bures-RBF-SVM,quantum,14,0.4444444444444444,0.4999999999999999,"{""clf__C"": 1.0, ""clf__gamma_mult"": 1.0}",62.54332890000023
23,quantum/FB-Bures-RBF-ref-SVM,quantum,0,0.6666666666666666,0.8,"{""clf__C"": 1.0, ""clf__gamma_mult"": 1.0}",83.6220088
23,quantum/FB-Bures-RBF-ref-SVM,quantum,1,0.6666666666666666,0.55,"{""clf__C"": 10.0, ""clf__gamma_mult"": 0.25}",83.6220088
23,quantum/FB-Bures-RBF-ref-SVM,quantum,2,0.7777777777777778,0.9,"{""clf__C"": 10.0, ""clf__gamma_mult"": 1.0}",83.6220088
23,quantum/FB-Bures-RBF-ref-SVM,quantum,3,0.6666666666666666,0.65,"{""clf__C"": 10.0, ""clf__gamma_mult"": 0.25}",83.6220088
23,quantum/FB-Bures-RBF-ref-SVM,quantum,4,0.7777777777777778,0.9,"{""clf__C"": 10.0, ""clf__gamma_mult"": 0.25}",83.6220088
23,quantum/FB-Bures-RBF-ref-SVM,quantum,5,0.7777777777777778,0.95,"{""clf__C"": 10.0, ""clf__gamma_mult"": 0.25}",83.6220088
23,quantum/FB-Bures-RBF-ref-SVM,quantum,6,0.5555555555555556,0.45,"{""clf__C"": 10.0, ""clf__gamma_mult"": 1.0}",83.6220088
23,quantum/FB-Bures-RBF-ref-SVM,quantum,7,0.7777777777777778,0.8,"{""clf__C"": 10.0, ""clf__gamma_mult"": 0.25}",83.6220088
23,quantum/FB-Bures-RBF-ref-SVM,quantum,8,0.7777777777777778,0.8,"{""clf__C"": 10.0, ""clf__gamma_mult"": 0.25}",83.6220088
23,quantum/FB-Bures-RBF-ref-SVM,quantum,9,0.6666666666666666,0.7000000000000001,"{""clf__C"": 1.0, ""clf__gamma_mult"": 1.0}",83.6220088
23,quantum/FB-Bures-RBF-ref-SVM,quantum,10,0.7777777777777778,0.9,"{""clf__C"": 10.0, ""clf__gamma_mult"": 1.0}",83.6220088
23,quantum/FB-Bures-RBF-ref-SVM,quantum,11,0.7777777777777778,0.95,"{""clf__C"": 10.0, ""clf__gamma_mult"": 1.0}",83.6220088
23,quantum/FB-Bures-RBF-ref-SVM,quantum,12,0.7777777777777778,0.75,"{""clf__C"": 10.0, ""clf__gamma_mult"": 0.25}",83.6220088
23,quantum/FB-Bures-RBF-ref-SVM,quantum,13,0.6666666666666666,0.95,"{""clf__C"": 10.0, ""clf__gamma_mult"": 1.0}",83.6220088
23,quantum/FB-Bures-RBF-ref-SVM,quantum,14,0.5555555555555556,0.45,"{""clf__C"": 1.0, ""clf__gamma_mult"": 4.0}",83.6220088
23,quantum/FB-QRE-RBF-SVM,quantum,0,0.7777777777777778,0.85,"{""clf__C"": 10.0, ""clf__gamma_mult"": 0.25}",50.37915889999931
23,quantum/FB-QRE-RBF-SVM,quantum,1,0.5555555555555556,0.45,"{""clf__C"": 1.0, ""clf__gamma_mult"": 4.0}",50.37915889999931
23,quantum/FB-QRE-RBF-SVM,quantum,2,0.6666666666666666,0.8,"{""clf__C"": 1.0, ""clf__gamma_mult"": 1.0}",50.37915889999931
23,quantum/FB-QRE-RBF-SVM,quantum,3,0.5555555555555556,0.5,"{""clf__C"": 10.0, ""clf__gamma_mult"": 4.0}",50.37915889999931
23,quantum/FB-QRE-RBF-SVM,quantum,4,0.3333333333333333,0.4,"{""clf__C"": 1.0, ""clf__gamma_mult"": 1.0}",50.37915889999931
23,quantum/FB-QRE-RBF-SVM,quantum,5,0.4444444444444444,0.6,"{""clf__C"": 10.0, ""clf__gamma_mult"": 0.25}",50.37915889999931
23,quantum/FB-QRE-RBF-SVM,quantum,6,0.2222222222222222,0.25,"{""clf__C"": 10.0, ""clf__gamma_mult"": 0.25}",50.37915889999931
23,quantum/FB-QRE-RBF-SVM,quantum,7,0.4444444444444444,0.4,"{""clf__C"": 1.0, ""clf__gamma_mult"": 0.25}",50.37915889999931
23,quantum/FB-QRE-RBF-SVM,quantum,8,0.5555555555555556,0.2999999999999999,"{""clf__C"": 1.0, ""clf__gamma_mult"": 4.0}",50.37915889999931
23,quantum/FB-QRE-RBF-SVM,quantum,9,0.4444444444444444,0.6,"{""clf__C"": 0.1, ""clf__gamma_mult"": 0.25}",50.37915889999931
23,quantum/FB-QRE-RBF-SVM,quantum,10,0.6666666666666666,0.5499999999999999,"{""clf__C"": 10.0, ""clf__gamma_mult"": 0.25}",50.37915889999931
23,quantum/FB-QRE-RBF-SVM,quantum,11,0.6666666666666666,0.65,"{""clf__C"": 10.0, ""clf__gamma_mult"": 0.25}",50.37915889999931
23,quantum/FB-QRE-RBF-SVM,quantum,12,0.3333333333333333,0.4,"{""clf__C"": 10.0, ""clf__gamma_mult"": 4.0}",50.37915889999931
23,quantum/FB-QRE-RBF-SVM,quantum,13,0.8888888888888888,0.85,"{""clf__C"": 10.0, ""clf__gamma_mult"": 0.25}",50.37915889999931
23,quantum/FB-QRE-RBF-SVM,quantum,14,0.3333333333333333,0.45,"{""clf__C"": 1.0, ""clf__gamma_mult"": 1.0}",50.37915889999931
23,quantum/FB-QRE-RBF-ref-SVM,quantum,0,0.7777777777777778,0.75,"{""clf__C"": 10.0, ""clf__gamma_mult"": 0.25}",67.46523520000028
23,quantum/FB-QRE-RBF-ref-SVM,quantum,1,0.6666666666666666,0.65,"{""clf__C"": 10.0, ""clf__gamma_mult"": 1.0}",67.46523520000028
23,quantum/FB-QRE-RBF-ref-SVM,quantum,2,0.7777777777777778,0.9,"{""clf__C"": 10.0, ""clf__gamma_mult"": 1.0}",67.46523520000028
23,quantum/FB-QRE-RBF-ref-SVM,quantum,3,0.6666666666666666,0.65,"{""clf__C"": 10.0, ""clf__gamma_mult"": 0.25}",67.46523520000028
23,quantum/FB-QRE-RBF-ref-SVM,quantum,4,0.7777777777777778,0.8,"{""clf__C"": 10.0, ""clf__gamma_mult"": 1.0}",67.46523520000028
23,quantum/FB-QRE-RBF-ref-SVM,quantum,5,0.7777777777777778,0.95,"{""clf__C"": 10.0, ""clf__gamma_mult"": 0.25}",67.46523520000028
23,quantum/FB-QRE-RBF-ref-SVM,quantum,6,0.5555555555555556,0.5,"{""clf__C"": 10.0, ""clf__gamma_mult"": 0.25}",67.46523520000028
23,quantum/FB-QRE-RBF-ref-SVM,quantum,7,0.7777777777777778,0.7,"{""clf__C"": 10.0, ""clf__gamma_mult"": 0.25}",67.46523520000028
23,quantum/FB-QRE-RBF-ref-SVM,quantum,8,0.7777777777777778,0.85,"{""clf__C"": 10.0, ""clf__gamma_mult"": 0.25}",67.46523520000028
23,quantum/FB-QRE-RBF-ref-SVM,quantum,9,0.6666666666666666,0.75,"{""clf__C"": 10.0, ""clf__gamma_mult"": 1.0}",67.46523520000028
23,quantum/FB-QRE-RBF-ref-SVM,quantum,10,0.6666666666666666,0.9,"{""clf__C"": 10.0, ""clf__gamma_mult"": 1.0}",67.46523520000028
23,quantum/FB-QRE-RBF-ref-SVM,quantum,11,0.7777777777777778,0.95,"{""clf__C"": 10.0, ""clf__gamma_mult"": 1.0}",67.46523520000028
23,quantum/FB-QRE-RBF-ref-SVM,quantum,12,0.7777777777777778,0.7,"{""clf__C"": 10.0, ""clf__gamma_mult"": 0.25}",67.46523520000028
23,quantum/FB-QRE-RBF-ref-SVM,quantum,13,0.6666666666666666,0.95,"{""clf__C"": 10.0, ""clf__gamma_mult"": 1.0}",67.46523520000028
23,quantum/FB-QRE-RBF-ref-SVM,quantum,14,0.5555555555555556,0.55,"{""clf__C"": 10.0, ""clf__gamma_mult"": 1.0}",67.46523520000028
23,control/FB-riemann-kernel-SVM,control,0,0.6666666666666666,0.7500000000000001,"{""clf__C"": 0.1}",43.723337999999785
23,control/FB-riemann-kernel-SVM,control,1,0.5555555555555556,0.6,"{""clf__C"": 1.0}",43.723337999999785
23,control/FB-riemann-kernel-SVM,control,2,0.8888888888888888,0.8500000000000001,"{""clf__C"": 0.1}",43.723337999999785
23,control/FB-riemann-kernel-SVM,control,3,0.6666666666666666,0.75,"{""clf__C"": 0.1}",43.723337999999785
23,control/FB-riemann-kernel-SVM,control,4,0.6666666666666666,0.85,"{""clf__C"": 1.0}",43.723337999999785
23,control/FB-riemann-kernel-SVM,control,5,0.7777777777777778,0.95,"{""clf__C"": 1.0}",43.723337999999785
23,control/FB-riemann-kernel-SVM,control,6,0.5555555555555556,0.45,"{""clf__C"": 1.0}",43.723337999999785
23,control/FB-riemann-kernel-SVM,control,7,0.7777777777777778,1.0,"{""clf__C"": 0.1}",43.723337999999785
23,control/FB-riemann-kernel-SVM,control,8,0.8888888888888888,0.8500000000000001,"{""clf__C"": 0.1}",43.723337999999785
23,control/FB-riemann-kernel-SVM,control,9,0.4444444444444444,0.6,"{""clf__C"": 1.0}",43.723337999999785
23,control/FB-riemann-kernel-SVM,control,10,0.5555555555555556,0.7,"{""clf__C"": 0.1}",43.723337999999785
23,control/FB-riemann-kernel-SVM,control,11,0.6666666666666666,0.9,"{""clf__C"": 1.0}",43.723337999999785
23,control/FB-riemann-kernel-SVM,control,12,1.0,1.0,"{""clf__C"": 0.1}",43.723337999999785
23,control/FB-riemann-kernel-SVM,control,13,0.6666666666666666,0.7,"{""clf__C"": 1.0}",43.723337999999785
23,control/FB-riemann-kernel-SVM,control,14,0.5555555555555556,0.6,"{""clf__C"": 1.0}",43.723337999999785
23,control/FB-logeuclid-kernel-SVM,control,0,0.7777777777777778,0.8,"{""clf__C"": 1.0}",41.53835120000076
23,control/FB-logeuclid-kernel-SVM,control,1,0.6666666666666666,0.6,"{""clf__C"": 1.0}",41.53835120000076
23,control/FB-logeuclid-kernel-SVM,control,2,0.6666666666666666,0.9,"{""clf__C"": 1.0}",41.53835120000076
23,control/FB-logeuclid-kernel-SVM,control,3,0.6666666666666666,0.8,"{""clf__C"": 0.1}",41.53835120000076
23,control/FB-logeuclid-kernel-SVM,control,4,0.6666666666666666,0.85,"{""clf__C"": 1.0}",41.53835120000076
23,control/FB-logeuclid-kernel-SVM,control,5,0.7777777777777778,1.0,"{""clf__C"": 0.1}",41.53835120000076
23,control/FB-logeuclid-kernel-SVM,control,6,0.5555555555555556,0.5,"{""clf__C"": 1.0}",41.53835120000076
23,control/FB-logeuclid-kernel-SVM,control,7,0.8888888888888888,1.0,"{""clf__C"": 0.1}",41.53835120000076
23,control/FB-logeuclid-kernel-SVM,control,8,0.8888888888888888,0.9,"{""clf__C"": 0.1}",41.53835120000076
23,control/FB-logeuclid-kernel-SVM,control,9,0.5555555555555556,0.65,"{""clf__C"": 1.0}",41.53835120000076
23,control/FB-logeuclid-kernel-SVM,control,10,0.5555555555555556,0.7,"{""clf__C"": 0.1}",41.53835120000076
23,control/FB-logeuclid-kernel-SVM,control,11,0.7777777777777778,0.9,"{""clf__C"": 1.0}",41.53835120000076
23,control/FB-logeuclid-kernel-SVM,control,12,0.8888888888888888,1.0,"{""clf__C"": 0.1}",41.53835120000076
23,control/FB-logeuclid-kernel-SVM,control,13,0.6666666666666666,0.75,"{""clf__C"": 1.0}",41.53835120000076
23,control/FB-logeuclid-kernel-SVM,control,14,0.5555555555555556,0.7000000000000001,"{""clf__C"": 1.0}",41.53835120000076
24,classical/FBCSP+LDA,classical,0,0.5555555555555556,0.4499999999999999,"{""perband__base__csp__nfilter"": 2}",42.8042975999997
24,classical/FBCSP+LDA,classical,1,0.5555555555555556,0.6,"{""perband__base__csp__nfilter"": 6}",42.8042975999997
24,classical/FBCSP+LDA,classical,2,0.5555555555555556,0.6,"{""perband__base__csp__nfilter"": 6}",42.8042975999997
24,classical/FBCSP+LDA,classical,3,0.4444444444444444,0.4499999999999999,"{""perband__base__csp__nfilter"": 2}",42.8042975999997
24,classical/FBCSP+LDA,classical,4,0.6666666666666666,0.7000000000000001,"{""perband__base__csp__nfilter"": 2}",42.8042975999997
24,classical/FBCSP+LDA,classical,5,0.5555555555555556,0.65,"{""perband__base__csp__nfilter"": 2}",42.8042975999997
24,classical/FBCSP+LDA,classical,6,0.6666666666666666,0.5,"{""perband__base__csp__nfilter"": 6}",42.8042975999997
24,classical/FBCSP+LDA,classical,7,0.8888888888888888,0.9,"{""perband__base__csp__nfilter"": 6}",42.8042975999997
24,classical/FBCSP+LDA,classical,8,0.7777777777777778,0.6499999999999999,"{""perband__base__csp__nfilter"": 4}",42.8042975999997
24,classical/FBCSP+LDA,classical,9,0.5555555555555556,0.5499999999999999,"{""perband__base__csp__nfilter"": 2}",42.8042975999997
24,classical/FBCSP+LDA,classical,10,0.5555555555555556,0.4499999999999999,"{""perband__base__csp__nfilter"": 4}",42.8042975999997
24,classical/FBCSP+LDA,classical,11,0.3333333333333333,0.4,"{""perband__base__csp__nfilter"": 6}",42.8042975999997
24,classical/FBCSP+LDA,classical,12,0.6666666666666666,0.8,"{""perband__base__csp__nfilter"": 6}",42.8042975999997
24,classical/FBCSP+LDA,classical,13,0.4444444444444444,0.55,"{""perband__base__csp__nfilter"": 4}",42.8042975999997
24,classical/FBCSP+LDA,classical,14,0.7777777777777778,0.75,"{""perband__base__csp__nfilter"": 4}",42.8042975999997
24,classical/FB-TS+LR,classical,0,0.8888888888888888,0.85,"{""clf__C"": 1.0}",44.8088770000013
24,classical/FB-TS+LR,classical,1,0.7777777777777778,0.7,"{""clf__C"": 0.1}",44.8088770000013
24,classical/FB-TS+LR,classical,2,0.6666666666666666,0.85,"{""clf__C"": 0.1}",44.8088770000013
24,classical/FB-TS+LR,classical,3,0.5555555555555556,0.75,"{""clf__C"": 1.0}",44.8088770000013
24,classical/FB-TS+LR,classical,4,0.8888888888888888,1.0,"{""clf__C"": 0.1}",44.8088770000013
24,classical/FB-TS+LR,classical,5,0.8888888888888888,0.9,"{""clf__C"": 0.1}",44.8088770000013
24,classical/FB-TS+LR,classical,6,0.7777777777777778,0.75,"{""clf__C"": 1.0}",44.8088770000013
24,classical/FB-TS+LR,classical,7,0.6666666666666666,0.85,"{""clf__C"": 0.1}",44.8088770000013
24,classical/FB-TS+LR,classical,8,1.0,1.0,"{""clf__C"": 0.1}",44.8088770000013
24,classical/FB-TS+LR,classical,9,0.5555555555555556,0.7,"{""clf__C"": 1.0}",44.8088770000013
24,classical/FB-TS+LR,classical,10,0.7777777777777778,0.8,"{""clf__C"": 10.0}",44.8088770000013
24,classical/FB-TS+LR,classical,11,1.0,1.0,"{""clf__C"": 0.1}",44.8088770000013
24,classical/FB-TS+LR,classical,12,0.5555555555555556,0.75,"{""clf__C"": 10.0}",44.8088770000013
24,classical/FB-TS+LR,classical,13,0.5555555555555556,0.7000000000000001,"{""clf__C"": 0.1}",44.8088770000013
24,classical/FB-TS+LR,classical,14,0.5555555555555556,0.7000000000000001,"{""clf__C"": 0.1}",44.8088770000013
24,classical/FB-TS+RBF-SVM,classical,0,0.8888888888888888,0.9,"{""clf__C"": 10.0, ""clf__gamma"": ""scale""}",75.02951969999958
24,classical/FB-TS+RBF-SVM,classical,1,0.5555555555555556,0.7,"{""clf__C"": 10.0, ""clf__gamma"": ""scale""}",75.02951969999958
24,classical/FB-TS+RBF-SVM,classical,2,0.6666666666666666,0.55,"{""clf__C"": 10.0, ""clf__gamma"": ""scale""}",75.02951969999958
24,classical/FB-TS+RBF-SVM,classical,3,0.6666666666666666,0.55,"{""clf__C"": 1.0, ""clf__gamma"": ""scale""}",75.02951969999958
24,classical/FB-TS+RBF-SVM,classical,4,0.7777777777777778,0.8,"{""clf__C"": 10.0, ""clf__gamma"": ""scale""}",75.02951969999958
24,classical/FB-TS+RBF-SVM,classical,5,0.7777777777777778,0.85,"{""clf__C"": 10.0, ""clf__gamma"": ""scale""}",75.02951969999958
24,classical/FB-TS+RBF-SVM,classical,6,0.6666666666666666,0.55,"{""clf__C"": 1.0, ""clf__gamma"": ""scale""}",75.02951969999958
24,classical/FB-TS+RBF-SVM,classical,7,0.5555555555555556,0.75,"{""clf__C"": 10.0, ""clf__gamma"": ""scale""}",75.02951969999958
24,classical/FB-TS+RBF-SVM,classical,8,0.7777777777777778,0.95,"{""clf__C"": 1.0, ""clf__gamma"": 0.01}",75.02951969999958
24,classical/FB-TS+RBF-SVM,classical,9,0.4444444444444444,0.5499999999999999,"{""clf__C"": 10.0, ""clf__gamma"": ""scale""}",75.02951969999958
24,classical/FB-TS+RBF-SVM,classical,10,0.8888888888888888,0.8,"{""clf__C"": 1.0, ""clf__gamma"": ""scale""}",75.02951969999958
24,classical/FB-TS+RBF-SVM,classical,11,0.8888888888888888,1.0,"{""clf__C"": 10.0, ""clf__gamma"": ""scale""}",75.02951969999958
24,classical/FB-TS+RBF-SVM,classical,12,0.5555555555555556,0.55,"{""clf__C"": 10.0, ""clf__gamma"": 0.01}",75.02951969999958
24,classical/FB-TS+RBF-SVM,classical,13,0.5555555555555556,0.6,"{""clf__C"": 1.0, ""clf__gamma"": ""scale""}",75.02951969999958
24,classical/FB-TS+RBF-SVM,classical,14,0.4444444444444444,0.6500000000000001,"{""clf__C"": 10.0, ""clf__gamma"": ""scale""}",75.02951969999958
24,quantum/FB-HS-overlap-SVM,quantum,0,0.6666666666666666,0.8,"{""clf__C"": 0.1}",32.98692080000001
24,quantum/FB-HS-overlap-SVM,quantum,1,0.3333333333333333,0.3,"{""clf__C"": 10.0}",32.98692080000001
24,quantum/FB-HS-overlap-SVM,quantum,2,0.3333333333333333,0.2,"{""clf__C"": 10.0}",32.98692080000001
24,quantum/FB-HS-overlap-SVM,quantum,3,0.4444444444444444,0.4,"{""clf__C"": 0.1}",32.98692080000001
24,quantum/FB-HS-overlap-SVM,quantum,4,0.5555555555555556,0.35,"{""clf__C"": 10.0}",32.98692080000001
24,quantum/FB-HS-overlap-SVM,quantum,5,0.5555555555555556,0.8,"{""clf__C"": 10.0}",32.98692080000001
24,quantum/FB-HS-overlap-SVM,quantum,6,0.6666666666666666,0.5,"{""clf__C"": 10.0}",32.98692080000001
24,quantum/FB-HS-overlap-SVM,quantum,7,0.1111111111111111,0.25,"{""clf__C"": 10.0}",32.98692080000001
24,quantum/FB-HS-overlap-SVM,quantum,8,0.6666666666666666,0.6,"{""clf__C"": 10.0}",32.98692080000001
24,quantum/FB-HS-overlap-SVM,quantum,9,0.4444444444444444,0.65,"{""clf__C"": 0.1}",32.98692080000001
24,quantum/FB-HS-overlap-SVM,quantum,10,0.5555555555555556,0.65,"{""clf__C"": 0.1}",32.98692080000001
24,quantum/FB-HS-overlap-SVM,quantum,11,0.3333333333333333,0.55,"{""clf__C"": 0.1}",32.98692080000001
24,quantum/FB-HS-overlap-SVM,quantum,12,0.5555555555555556,0.7,"{""clf__C"": 0.1}",32.98692080000001
24,quantum/FB-HS-overlap-SVM,quantum,13,0.4444444444444444,0.5,"{""clf__C"": 0.1}",32.98692080000001
24,quantum/FB-HS-overlap-SVM,quantum,14,0.4444444444444444,0.4499999999999999,"{""clf__C"": 0.1}",32.98692080000001
24,quantum/FB-HS-overlap-ref-SVM,quantum,0,0.8888888888888888,0.85,"{""clf__C"": 10.0}",38.003814600000624
24,quantum/FB-HS-overlap-ref-SVM,quantum,1,0.6666666666666666,0.65,"{""clf__C"": 10.0}",38.003814600000624
24,quantum/FB-HS-overlap-ref-SVM,quantum,2,0.5555555555555556,0.5,"{""clf__C"": 10.0}",38.003814600000624
24,quantum/FB-HS-overlap-ref-SVM,quantum,3,0.5555555555555556,0.65,"{""clf__C"": 10.0}",38.003814600000624
24,quantum/FB-HS-overlap-ref-SVM,quantum,4,0.6666666666666666,0.8500000000000001,"{""clf__C"": 10.0}",38.003814600000624
24,quantum/FB-HS-overlap-ref-SVM,quantum,5,0.7777777777777778,1.0,"{""clf__C"": 10.0}",38.003814600000624
24,quantum/FB-HS-overlap-ref-SVM,quantum,6,0.8888888888888888,0.8,"{""clf__C"": 10.0}",38.003814600000624
24,quantum/FB-HS-overlap-ref-SVM,quantum,7,0.6666666666666666,0.8,"{""clf__C"": 10.0}",38.003814600000624
24,quantum/FB-HS-overlap-ref-SVM,quantum,8,0.6666666666666666,0.8500000000000001,"{""clf__C"": 10.0}",38.003814600000624
24,quantum/FB-HS-overlap-ref-SVM,quantum,9,0.6666666666666666,0.75,"{""clf__C"": 10.0}",38.003814600000624
24,quantum/FB-HS-overlap-ref-SVM,quantum,10,0.5555555555555556,0.4,"{""clf__C"": 10.0}",38.003814600000624
24,quantum/FB-HS-overlap-ref-SVM,quantum,11,0.5555555555555556,0.7,"{""clf__C"": 10.0}",38.003814600000624
24,quantum/FB-HS-overlap-ref-SVM,quantum,12,0.8888888888888888,0.95,"{""clf__C"": 10.0}",38.003814600000624
24,quantum/FB-HS-overlap-ref-SVM,quantum,13,0.5555555555555556,0.7,"{""clf__C"": 10.0}",38.003814600000624
24,quantum/FB-HS-overlap-ref-SVM,quantum,14,0.4444444444444444,0.8,"{""clf__C"": 0.1}",38.003814600000624
24,quantum/FB-Fidelity-SVM,quantum,0,0.7777777777777778,0.8,"{""clf__C"": 0.1}",39.94738999999936
24,quantum/FB-Fidelity-SVM,quantum,1,0.4444444444444444,0.3,"{""clf__C"": 10.0}",39.94738999999936
24,quantum/FB-Fidelity-SVM,quantum,2,0.5555555555555556,0.7500000000000001,"{""clf__C"": 0.1}",39.94738999999936
24,quantum/FB-Fidelity-SVM,quantum,3,0.4444444444444444,0.5,"{""clf__C"": 0.1}",39.94738999999936
24,quantum/FB-Fidelity-SVM,quantum,4,0.5555555555555556,0.3999999999999999,"{""clf__C"": 10.0}",39.94738999999936
24,quantum/FB-Fidelity-SVM,quantum,5,0.5555555555555556,0.8,"{""clf__C"": 10.0}",39.94738999999936
24,quantum/FB-Fidelity-SVM,quantum,6,0.5555555555555556,0.5,"{""clf__C"": 10.0}",39.94738999999936
24,quantum/FB-Fidelity-SVM,quantum,7,0.2222222222222222,0.3,"{""clf__C"": 10.0}",39.94738999999936
24,quantum/FB-Fidelity-SVM,quantum,8,0.5555555555555556,0.65,"{""clf__C"": 10.0}",39.94738999999936
24,quantum/FB-Fidelity-SVM,quantum,9,0.4444444444444444,0.65,"{""clf__C"": 0.1}",39.94738999999936
24,quantum/FB-Fidelity-SVM,quantum,10,0.6666666666666666,0.6000000000000001,"{""clf__C"": 0.1}",39.94738999999936
24,quantum/FB-Fidelity-SVM,quantum,11,0.5555555555555556,0.7,"{""clf__C"": 10.0}",39.94738999999936
24,quantum/FB-Fidelity-SVM,quantum,12,0.5555555555555556,0.75,"{""clf__C"": 0.1}",39.94738999999936
24,quantum/FB-Fidelity-SVM,quantum,13,0.4444444444444444,0.55,"{""clf__C"": 0.1}",39.94738999999936
24,quantum/FB-Fidelity-SVM,quantum,14,0.4444444444444444,0.5499999999999999,"{""clf__C"": 0.1}",39.94738999999936
24,quantum/FB-Fidelity-ref-SVM,quantum,0,0.8888888888888888,0.95,"{""clf__C"": 10.0}",50.28663130000132
24,quantum/FB-Fidelity-ref-SVM,quantum,1,0.5555555555555556,0.75,"{""clf__C"": 10.0}",50.28663130000132
24,quantum/FB-Fidelity-ref-SVM,quantum,2,0.6666666666666666,0.7,"{""clf__C"": 10.0}",50.28663130000132
24,quantum/FB-Fidelity-ref-SVM,quantum,3,0.5555555555555556,0.65,"{""clf__C"": 10.0}",50.28663130000132
24,quantum/FB-Fidelity-ref-SVM,quantum,4,0.5555555555555556,0.9,"{""clf__C"": 10.0}",50.28663130000132
24,quantum/FB-Fidelity-ref-SVM,quantum,5,0.7777777777777778,0.95,"{""clf__C"": 10.0}",50.28663130000132
24,quantum/FB-Fidelity-ref-SVM,quantum,6,0.8888888888888888,0.8,"{""clf__C"": 10.0}",50.28663130000132
24,quantum/FB-Fidelity-ref-SVM,quantum,7,0.6666666666666666,0.9,"{""clf__C"": 10.0}",50.28663130000132
24,quantum/FB-Fidelity-ref-SVM,quantum,8,0.7777777777777778,0.9,"{""clf__C"": 10.0}",50.28663130000132
24,quantum/FB-Fidelity-ref-SVM,quantum,9,0.6666666666666666,0.8,"{""clf__C"": 10.0}",50.28663130000132
24,quantum/FB-Fidelity-ref-SVM,quantum,10,0.6666666666666666,0.65,"{""clf__C"": 10.0}",50.28663130000132
24,quantum/FB-Fidelity-ref-SVM,quantum,11,0.6666666666666666,0.7,"{""clf__C"": 10.0}",50.28663130000132
24,quantum/FB-Fidelity-ref-SVM,quantum,12,1.0,1.0,"{""clf__C"": 10.0}",50.28663130000132
24,quantum/FB-Fidelity-ref-SVM,quantum,13,0.6666666666666666,0.7,"{""clf__C"": 10.0}",50.28663130000132
24,quantum/FB-Fidelity-ref-SVM,quantum,14,0.7777777777777778,0.85,"{""clf__C"": 10.0}",50.28663130000132
24,quantum/FB-HS-RBF-SVM,quantum,0,0.5555555555555556,0.55,"{""clf__C"": 10.0, ""clf__gamma_mult"": 0.25}",42.835142999998425
24,quantum/FB-HS-RBF-SVM,quantum,1,0.4444444444444444,0.35,"{""clf__C"": 1.0, ""clf__gamma_mult"": 1.0}",42.835142999998425
24,quantum/FB-HS-RBF-SVM,quantum,2,0.2222222222222222,0.15,"{""clf__C"": 1.0, ""clf__gamma_mult"": 1.0}",42.835142999998425
24,quantum/FB-HS-RBF-SVM,quantum,3,0.4444444444444444,0.4,"{""clf__C"": 0.1, ""clf__gamma_mult"": 0.25}",42.835142999998425
24,quantum/FB-HS-RBF-SVM,quantum,4,0.4444444444444444,0.5,"{""clf__C"": 10.0, ""clf__gamma_mult"": 0.25}",42.835142999998425
24,quantum/FB-HS-RBF-SVM,quantum,5,0.6666666666666666,0.65,"{""clf__C"": 1.0, ""clf__gamma_mult"": 1.0}",42.835142999998425
24,quantum/FB-HS-RBF-SVM,quantum,6,0.5555555555555556,0.45,"{""clf__C"": 1.0, ""clf__gamma_mult"": 4.0}",42.835142999998425
24,quantum/FB-HS-RBF-SVM,quantum,7,0.5555555555555556,0.3,"{""clf__C"": 1.0, ""clf__gamma_mult"": 0.25}",42.835142999998425
24,quantum/FB-HS-RBF-SVM,quantum,8,0.5555555555555556,0.5,"{""clf__C"": 1.0, ""clf__gamma_mult"": 1.0}",42.835142999998425
24,quantum/FB-HS-RBF-SVM,quantum,9,0.6666666666666666,0.8,"{""clf__C"": 1.0, ""clf__gamma_mult"": 1.0}",42.835142999998425
24,quantum/FB-HS-RBF-SVM,quantum,10,0.5555555555555556,0.45,"{""clf__C"": 1.0, ""clf__gamma_mult"": 1.0}",42.835142999998425
24,quantum/FB-HS-RBF-SVM,quantum,11,0.7777777777777778,0.75,"{""clf__C"": 10.0, ""clf__gamma_mult"": 0.25}",42.835142999998425
24,quantum/FB-HS-RBF-SVM,quantum,12,0.4444444444444444,0.5,"{""clf__C"": 1.0, ""clf__gamma_mult"": 1.0}",42.835142999998425
24,quantum/FB-HS-RBF-SVM,quantum,13,0.4444444444444444,0.3,"{""clf__C"": 10.0, ""clf__gamma_mult"": 4.0}",42.835142999998425
24,quantum/FB-HS-RBF-SVM,quantum,14,0.5555555555555556,0.4499999999999999,"{""clf__C"": 1.0, ""clf__gamma_mult"": 0.25}",42.835142999998425
24,quantum/FB-HS-RBF-ref-SVM,quantum,0,0.8888888888888888,0.85,"{""clf__C"": 10.0, ""clf__gamma_mult"": 0.25}",54.383490600001096
24,quantum/FB-HS-RBF-ref-SVM,quantum,1,0.4444444444444444,0.6,"{""clf__C"": 10.0, ""clf__gamma_mult"": 1.0}",54.383490600001096
24,quantum/FB-HS-RBF-ref-SVM,quantum,2,0.5555555555555556,0.5,"{""clf__C"": 10.0, ""clf__gamma_mult"": 0.25}",54.383490600001096
24,quantum/FB-HS-RBF-ref-SVM,quantum,3,0.6666666666666666,0.7000000000000001,"{""clf__C"": 10.0, ""clf__gamma_mult"": 0.25}",54.383490600001096
24,quantum/FB-HS-RBF-ref-SVM,quantum,4,0.6666666666666666,0.8500000000000001,"{""clf__C"": 10.0, ""clf__gamma_mult"": 0.25}",54.383490600001096
24,quantum/FB-HS-RBF-ref-SVM,quantum,5,0.8888888888888888,0.95,"{""clf__C"": 10.0, ""clf__gamma_mult"": 1.0}",54.383490600001096
24,quantum/FB-HS-RBF-ref-SVM,quantum,6,0.8888888888888888,0.8,"{""clf__C"": 10.0, ""clf__gamma_mult"": 0.25}",54.383490600001096
24,quantum/FB-HS-RBF-ref-SVM,quantum,7,0.7777777777777778,0.8,"{""clf__C"": 10.0, ""clf__gamma_mult"": 0.25}",54.383490600001096
24,quantum/FB-HS-RBF-ref-SVM,quantum,8,0.6666666666666666,0.7,"{""clf__C"": 10.0, ""clf__gamma_mult"": 1.0}",54.383490600001096
24,quantum/FB-HS-RBF-ref-SVM,quantum,9,0.6666666666666666,0.7000000000000001,"{""clf__C"": 10.0, ""clf__gamma_mult"": 0.25}",54.383490600001096
24,quantum/FB-HS-RBF-ref-SVM,quantum,10,0.5555555555555556,0.3,"{""clf__C"": 10.0, ""clf__gamma_mult"": 0.25}",54.383490600001096
24,quantum/FB-HS-RBF-ref-SVM,quantum,11,0.5555555555555556,0.7,"{""clf__C"": 10.0, ""clf__gamma_mult"": 0.25}",54.383490600001096
24,quantum/FB-HS-RBF-ref-SVM,quantum,12,0.6666666666666666,0.55,"{""clf__C"": 10.0, ""clf__gamma_mult"": 4.0}",54.383490600001096
24,quantum/FB-HS-RBF-ref-SVM,quantum,13,0.5555555555555556,0.7,"{""clf__C"": 10.0, ""clf__gamma_mult"": 0.25}",54.383490600001096
24,quantum/FB-HS-RBF-ref-SVM,quantum,14,0.3333333333333333,0.75,"{""clf__C"": 1.0, ""clf__gamma_mult"": 1.0}",54.383490600001096
24,quantum/FB-Bures-RBF-SVM,quantum,0,0.5555555555555556,0.8,"{""clf__C"": 10.0, ""clf__gamma_mult"": 0.25}",57.6443818000007
24,quantum/FB-Bures-RBF-SVM,quantum,1,0.5555555555555556,0.55,"{""clf__C"": 10.0, ""clf__gamma_mult"": 1.0}",57.6443818000007
24,quantum/FB-Bures-RBF-SVM,quantum,2,0.2222222222222222,0.15,"{""clf__C"": 1.0, ""clf__gamma_mult"": 4.0}",57.6443818000007
24,quantum/FB-Bures-RBF-SVM,quantum,3,0.0,0.0,"{""clf__C"": 10.0, ""clf__gamma_mult"": 4.0}",57.6443818000007
24,quantum/FB-Bures-RBF-SVM,quantum,4,0.4444444444444444,0.6,"{""clf__C"": 10.0, ""clf__gamma_mult"": 0.25}",57.6443818000007
24,quantum/FB-Bures-RBF-SVM,quantum,5,0.8888888888888888,0.8500000000000001,"{""clf__C"": 10.0, ""clf__gamma_mult"": 0.25}",57.6443818000007
24,quantum/FB-Bures-RBF-SVM,quantum,6,0.5555555555555556,0.45,"{""clf__C"": 1.0, ""clf__gamma_mult"": 1.0}",57.6443818000007
24,quantum/FB-Bures-RBF-SVM,quantum,7,0.4444444444444444,0.25,"{""clf__C"": 1.0, ""clf__gamma_mult"": 0.25}",57.6443818000007
24,quantum/FB-Bures-RBF-SVM,quantum,8,0.5555555555555556,0.5,"{""clf__C"": 1.0, ""clf__gamma_mult"": 1.0}",57.6443818000007
24,quantum/FB-Bures-RBF-SVM,quantum,9,0.4444444444444444,0.9,"{""clf__C"": 0.1, ""clf__gamma_mult"": 0.25}",57.6443818000007
24,quantum/FB-Bures-RBF-SVM,quantum,10,0.5555555555555556,0.65,"{""clf__C"": 0.1, ""clf__gamma_mult"": 0.25}",57.6443818000007
24,quantum/FB-Bures-RBF-SVM,quantum,11,0.6666666666666666,0.75,"{""clf__C"": 10.0, ""clf__gamma_mult"": 0.25}",57.6443818000007
24,quantum/FB-Bures-RBF-SVM,quantum,12,0.4444444444444444,0.5,"{""clf__C"": 1.0, ""clf__gamma_mult"": 1.0}",57.6443818000007
24,quantum/FB-Bures-RBF-SVM,quantum,13,0.5555555555555556,0.6,"{""clf__C"": 10.0, ""clf__gamma_mult"": 0.25}",57.6443818000007
24,quantum/FB-Bures-RBF-SVM,quantum,14,0.4444444444444444,0.5499999999999999,"{""clf__C"": 0.1, ""clf__gamma_mult"": 0.25}",57.6443818000007
24,quantum/FB-Bures-RBF-ref-SVM,quantum,0,0.8888888888888888,0.9,"{""clf__C"": 10.0, ""clf__gamma_mult"": 0.25}",77.02999249999993
24,quantum/FB-Bures-RBF-ref-SVM,quantum,1,0.6666666666666666,0.7,"{""clf__C"": 10.0, ""clf__gamma_mult"": 0.25}",77.02999249999993
24,quantum/FB-Bures-RBF-ref-SVM,quantum,2,0.5555555555555556,0.7,"{""clf__C"": 10.0, ""clf__gamma_mult"": 1.0}",77.02999249999993
24,quantum/FB-Bures-RBF-ref-SVM,quantum,3,0.6666666666666666,0.55,"{""clf__C"": 1.0, ""clf__gamma_mult"": 1.0}",77.02999249999993
24,quantum/FB-Bures-RBF-ref-SVM,quantum,4,0.5555555555555556,0.8,"{""clf__C"": 10.0, ""clf__gamma_mult"": 0.25}",77.02999249999993
24,quantum/FB-Bures-RBF-ref-SVM,quantum,5,1.0,1.0,"{""clf__C"": 10.0, ""clf__gamma_mult"": 0.25}",77.02999249999993
24,quantum/FB-Bures-RBF-ref-SVM,quantum,6,0.7777777777777778,0.8,"{""clf__C"": 10.0, ""clf__gamma_mult"": 0.25}",77.02999249999993
24,quantum/FB-Bures-RBF-ref-SVM,quantum,7,0.7777777777777778,0.9,"{""clf__C"": 10.0, ""clf__gamma_mult"": 0.25}",77.02999249999993
24,quantum/FB-Bures-RBF-ref-SVM,quantum,8,0.6666666666666666,0.8500000000000001,"{""clf__C"": 10.0, ""clf__gamma_mult"": 1.0}",77.02999249999993
24,quantum/FB-Bures-RBF-ref-SVM,quantum,9,0.6666666666666666,0.75,"{""clf__C"": 10.0, ""clf__gamma_mult"": 0.25}",77.02999249999993
24,quantum/FB-Bures-RBF-ref-SVM,quantum,10,0.6666666666666666,0.6,"{""clf__C"": 10.0, ""clf__gamma_mult"": 0.25}",77.02999249999993
24,quantum/FB-Bures-RBF-ref-SVM,quantum,11,0.6666666666666666,0.8,"{""clf__C"": 10.0, ""clf__gamma_mult"": 1.0}",77.02999249999993
24,quantum/FB-Bures-RBF-ref-SVM,quantum,12,0.5555555555555556,0.55,"{""clf__C"": 10.0, ""clf__gamma_mult"": 4.0}",77.02999249999993
24,quantum/FB-Bures-RBF-ref-SVM,quantum,13,0.6666666666666666,0.65,"{""clf__C"": 10.0, ""clf__gamma_mult"": 1.0}",77.02999249999993
24,quantum/FB-Bures-RBF-ref-SVM,quantum,14,0.4444444444444444,0.75,"{""clf__C"": 1.0, ""clf__gamma_mult"": 1.0}",77.02999249999993
24,quantum/FB-QRE-RBF-SVM,quantum,0,0.5555555555555556,0.7,"{""clf__C"": 10.0, ""clf__gamma_mult"": 0.25}",45.10186260000046
24,quantum/FB-QRE-RBF-SVM,quantum,1,0.5555555555555556,0.6000000000000001,"{""clf__C"": 10.0, ""clf__gamma_mult"": 1.0}",45.10186260000046
24,quantum/FB-QRE-RBF-SVM,quantum,2,0.2222222222222222,0.15,"{""clf__C"": 1.0, ""clf__gamma_mult"": 4.0}",45.10186260000046
24,quantum/FB-QRE-RBF-SVM,quantum,3,0.0,0.0,"{""clf__C"": 10.0, ""clf__gamma_mult"": 4.0}",45.10186260000046
24,quantum/FB-QRE-RBF-SVM,quantum,4,0.4444444444444444,0.4499999999999999,"{""clf__C"": 10.0, ""clf__gamma_mult"": 0.25}",45.10186260000046
24,quantum/FB-QRE-RBF-SVM,quantum,5,0.8888888888888888,0.8500000000000001,"{""clf__C"": 10.0, ""clf__gamma_mult"": 0.25}",45.10186260000046
24,quantum/FB-QRE-RBF-SVM,quantum,6,0.6666666666666666,0.55,"{""clf__C"": 10.0, ""clf__gamma_mult"": 0.25}",45.10186260000046
24,quantum/FB-QRE-RBF-SVM,quantum,7,0.4444444444444444,0.3,"{""clf__C"": 1.0, ""clf__gamma_mult"": 0.25}",45.10186260000046
24,quantum/FB-QRE-RBF-SVM,quantum,8,0.5555555555555556,0.5,"{""clf__C"": 1.0, ""clf__gamma_mult"": 1.0}",45.10186260000046
24,quantum/FB-QRE-RBF-SVM,quantum,9,0.6666666666666666,0.9,"{""clf__C"": 10.0, ""clf__gamma_mult"": 0.25}",45.10186260000046
24,quantum/FB-QRE-RBF-SVM,quantum,10,0.5555555555555556,0.4,"{""clf__C"": 10.0, ""clf__gamma_mult"": 0.25}",45.10186260000046
24,quantum/FB-QRE-RBF-SVM,quantum,11,0.6666666666666666,0.75,"{""clf__C"": 10.0, ""clf__gamma_mult"": 0.25}",45.10186260000046
24,quantum/FB-QRE-RBF-SVM,quantum,12,0.4444444444444444,0.55,"{""clf__C"": 1.0, ""clf__gamma_mult"": 1.0}",45.10186260000046
24,quantum/FB-QRE-RBF-SVM,quantum,13,0.5555555555555556,0.6,"{""clf__C"": 10.0, ""clf__gamma_mult"": 0.25}",45.10186260000046
24,quantum/FB-QRE-RBF-SVM,quantum,14,0.6666666666666666,0.4999999999999999,"{""clf__C"": 1.0, ""clf__gamma_mult"": 0.25}",45.10186260000046
24,quantum/FB-QRE-RBF-ref-SVM,quantum,0,0.8888888888888888,0.85,"{""clf__C"": 10.0, ""clf__gamma_mult"": 0.25}",58.05114479999975
24,quantum/FB-QRE-RBF-ref-SVM,quantum,1,0.5555555555555556,0.65,"{""clf__C"": 10.0, ""clf__gamma_mult"": 1.0}",58.05114479999975
24,quantum/FB-QRE-RBF-ref-SVM,quantum,2,0.5555555555555556,0.65,"{""clf__C"": 10.0, ""clf__gamma_mult"": 1.0}",58.05114479999975
24,quantum/FB-QRE-RBF-ref-SVM,quantum,3,0.6666666666666666,0.55,"{""clf__C"": 1.0, ""clf__gamma_mult"": 1.0}",58.05114479999975
24,quantum/FB-QRE-RBF-ref-SVM,quantum,4,0.4444444444444444,0.8,"{""clf__C"": 10.0, ""clf__gamma_mult"": 0.25}",58.05114479999975
24,quantum/FB-QRE-RBF-ref-SVM,quantum,5,0.8888888888888888,0.95,"{""clf__C"": 10.0, ""clf__gamma_mult"": 0.25}",58.05114479999975
24,quantum/FB-QRE-RBF-ref-SVM,quantum,6,0.7777777777777778,0.8,"{""clf__C"": 10.0, ""clf__gamma_mult"": 0.25}",58.05114479999975
24,quantum/FB-QRE-RBF-ref-SVM,quantum,7,0.7777777777777778,0.9,"{""clf__C"": 10.0, ""clf__gamma_mult"": 0.25}",58.05114479999975
24,quantum/FB-QRE-RBF-ref-SVM,quantum,8,0.6666666666666666,0.8,"{""clf__C"": 10.0, ""clf__gamma_mult"": 1.0}",58.05114479999975
24,quantum/FB-QRE-RBF-ref-SVM,quantum,9,0.6666666666666666,0.7,"{""clf__C"": 10.0, ""clf__gamma_mult"": 0.25}",58.05114479999975
24,quantum/FB-QRE-RBF-ref-SVM,quantum,10,0.6666666666666666,0.5,"{""clf__C"": 10.0, ""clf__gamma_mult"": 0.25}",58.05114479999975
24,quantum/FB-QRE-RBF-ref-SVM,quantum,11,0.6666666666666666,0.8,"{""clf__C"": 10.0, ""clf__gamma_mult"": 1.0}",58.05114479999975
24,quantum/FB-QRE-RBF-ref-SVM,quantum,12,0.5555555555555556,0.55,"{""clf__C"": 10.0, ""clf__gamma_mult"": 4.0}",58.05114479999975
24,quantum/FB-QRE-RBF-ref-SVM,quantum,13,0.5555555555555556,0.7000000000000001,"{""clf__C"": 10.0, ""clf__gamma_mult"": 0.25}",58.05114479999975
24,quantum/FB-QRE-RBF-ref-SVM,quantum,14,0.4444444444444444,0.75,"{""clf__C"": 1.0, ""clf__gamma_mult"": 1.0}",58.05114479999975
24,control/FB-riemann-kernel-SVM,control,0,0.8888888888888888,0.85,"{""clf__C"": 1.0}",36.66696670000056
24,control/FB-riemann-kernel-SVM,control,1,0.5555555555555556,0.8,"{""clf__C"": 1.0}",36.66696670000056
24,control/FB-riemann-kernel-SVM,control,2,0.6666666666666666,0.7,"{""clf__C"": 1.0}",36.66696670000056
24,control/FB-riemann-kernel-SVM,control,3,0.5555555555555556,0.65,"{""clf__C"": 0.1}",36.66696670000056
24,control/FB-riemann-kernel-SVM,control,4,0.5555555555555556,0.8,"{""clf__C"": 1.0}",36.66696670000056
24,control/FB-riemann-kernel-SVM,control,5,0.7777777777777778,0.8500000000000001,"{""clf__C"": 0.1}",36.66696670000056
24,control/FB-riemann-kernel-SVM,control,6,0.7777777777777778,0.85,"{""clf__C"": 1.0}",36.66696670000056
24,control/FB-riemann-kernel-SVM,control,7,0.7777777777777778,0.9,"{""clf__C"": 0.1}",36.66696670000056
24,control/FB-riemann-kernel-SVM,control,8,0.7777777777777778,0.9,"{""clf__C"": 1.0}",36.66696670000056
24,control/FB-riemann-kernel-SVM,control,9,0.6666666666666666,0.7,"{""clf__C"": 1.0}",36.66696670000056
24,control/FB-riemann-kernel-SVM,control,10,0.6666666666666666,0.6000000000000001,"{""clf__C"": 1.0}",36.66696670000056
24,control/FB-riemann-kernel-SVM,control,11,0.5555555555555556,0.8,"{""clf__C"": 0.1}",36.66696670000056
24,control/FB-riemann-kernel-SVM,control,12,0.6666666666666666,0.85,"{""clf__C"": 0.1}",36.66696670000056
24,control/FB-riemann-kernel-SVM,control,13,0.5555555555555556,0.7000000000000001,"{""clf__C"": 0.1}",36.66696670000056
24,control/FB-riemann-kernel-SVM,control,14,0.7777777777777778,0.9,"{""clf__C"": 0.1}",36.66696670000056
24,control/FB-logeuclid-kernel-SVM,control,0,0.7777777777777778,1.0,"{""clf__C"": 1.0}",36.40098969999963
24,control/FB-logeuclid-kernel-SVM,control,1,0.4444444444444444,0.7,"{""clf__C"": 1.0}",36.40098969999963
24,control/FB-logeuclid-kernel-SVM,control,2,0.7777777777777778,0.75,"{""clf__C"": 1.0}",36.40098969999963
24,control/FB-logeuclid-kernel-SVM,control,3,0.5555555555555556,0.8,"{""clf__C"": 0.1}",36.40098969999963
24,control/FB-logeuclid-kernel-SVM,control,4,0.5555555555555556,0.8500000000000001,"{""clf__C"": 1.0}",36.40098969999963
24,control/FB-logeuclid-kernel-SVM,control,5,0.6666666666666666,0.7,"{""clf__C"": 1.0}",36.40098969999963
24,control/FB-logeuclid-kernel-SVM,control,6,0.7777777777777778,0.7,"{""clf__C"": 1.0}",36.40098969999963
24,control/FB-logeuclid-kernel-SVM,control,7,0.7777777777777778,0.85,"{""clf__C"": 0.1}",36.40098969999963
24,control/FB-logeuclid-kernel-SVM,control,8,0.7777777777777778,0.95,"{""clf__C"": 1.0}",36.40098969999963
24,control/FB-logeuclid-kernel-SVM,control,9,0.6666666666666666,0.8,"{""clf__C"": 1.0}",36.40098969999963
24,control/FB-logeuclid-kernel-SVM,control,10,0.6666666666666666,0.7,"{""clf__C"": 1.0}",36.40098969999963
24,control/FB-logeuclid-kernel-SVM,control,11,0.6666666666666666,0.85,"{""clf__C"": 1.0}",36.40098969999963
24,control/FB-logeuclid-kernel-SVM,control,12,0.6666666666666666,0.8500000000000001,"{""clf__C"": 0.1}",36.40098969999963
24,control/FB-logeuclid-kernel-SVM,control,13,0.5555555555555556,0.7,"{""clf__C"": 0.1}",36.40098969999963
24,control/FB-logeuclid-kernel-SVM,control,14,0.8888888888888888,0.95,"{""clf__C"": 1.0}",36.40098969999963
26,classical/FBCSP+LDA,classical,0,0.6666666666666666,0.85,"{""perband__base__csp__nfilter"": 2}",52.01532700000007
26,classical/FBCSP+LDA,classical,1,0.8888888888888888,1.0,"{""perband__base__csp__nfilter"": 4}",52.01532700000007
26,classical/FBCSP+LDA,classical,2,0.6666666666666666,0.75,"{""perband__base__csp__nfilter"": 2}",52.01532700000007
26,classical/FBCSP+LDA,classical,3,0.6666666666666666,0.65,"{""perband__base__csp__nfilter"": 4}",52.01532700000007
26,classical/FBCSP+LDA,classical,4,0.7777777777777778,0.8,"{""perband__base__csp__nfilter"": 2}",52.01532700000007
26,classical/FBCSP+LDA,classical,5,0.5555555555555556,0.7,"{""perband__base__csp__nfilter"": 4}",52.01532700000007
26,classical/FBCSP+LDA,classical,6,0.7777777777777778,0.95,"{""perband__base__csp__nfilter"": 4}",52.01532700000007
26,classical/FBCSP+LDA,classical,7,0.6666666666666666,0.8,"{""perband__base__csp__nfilter"": 2}",52.01532700000007
26,classical/FBCSP+LDA,classical,8,0.7777777777777778,0.9,"{""perband__base__csp__nfilter"": 2}",52.01532700000007
26,classical/FBCSP+LDA,classical,9,0.6666666666666666,0.75,"{""perband__base__csp__nfilter"": 2}",52.01532700000007
26,classical/FBCSP+LDA,classical,10,1.0,1.0,"{""perband__base__csp__nfilter"": 4}",52.01532700000007
26,classical/FBCSP+LDA,classical,11,0.6666666666666666,0.65,"{""perband__base__csp__nfilter"": 6}",52.01532700000007
26,classical/FBCSP+LDA,classical,12,0.5555555555555556,0.55,"{""perband__base__csp__nfilter"": 6}",52.01532700000007
26,classical/FBCSP+LDA,classical,13,0.5555555555555556,0.55,"{""perband__base__csp__nfilter"": 4}",52.01532700000007
26,classical/FBCSP+LDA,classical,14,0.7777777777777778,0.8,"{""perband__base__csp__nfilter"": 6}",52.01532700000007
26,classical/FB-TS+LR,classical,0,0.8888888888888888,0.9,"{""clf__C"": 0.1}",52.5769922999998
26,classical/FB-TS+LR,classical,1,0.5555555555555556,0.7000000000000001,"{""clf__C"": 1.0}",52.5769922999998
26,classical/FB-TS+LR,classical,2,0.5555555555555556,0.7,"{""clf__C"": 0.1}",52.5769922999998
26,classical/FB-TS+LR,classical,3,0.6666666666666666,0.6,"{""clf__C"": 1.0}",52.5769922999998
26,classical/FB-TS+LR,classical,4,0.6666666666666666,0.8,"{""clf__C"": 0.1}",52.5769922999998
26,classical/FB-TS+LR,classical,5,0.6666666666666666,0.75,"{""clf__C"": 0.1}",52.5769922999998
26,classical/FB-TS+LR,classical,6,0.7777777777777778,0.8500000000000001,"{""clf__C"": 1.0}",52.5769922999998
26,classical/FB-TS+LR,classical,7,0.5555555555555556,0.75,"{""clf__C"": 10.0}",52.5769922999998
26,classical/FB-TS+LR,classical,8,0.6666666666666666,0.7,"{""clf__C"": 0.1}",52.5769922999998
26,classical/FB-TS+LR,classical,9,0.5555555555555556,0.8,"{""clf__C"": 0.1}",52.5769922999998
26,classical/FB-TS+LR,classical,10,0.8888888888888888,0.8,"{""clf__C"": 0.1}",52.5769922999998
26,classical/FB-TS+LR,classical,11,0.6666666666666666,0.7000000000000001,"{""clf__C"": 1.0}",52.5769922999998
26,classical/FB-TS+LR,classical,12,0.5555555555555556,0.55,"{""clf__C"": 0.1}",52.5769922999998
26,classical/FB-TS+LR,classical,13,0.4444444444444444,0.5499999999999999,"{""clf__C"": 0.1}",52.5769922999998
26,classical/FB-TS+LR,classical,14,0.5555555555555556,0.8500000000000001,"{""clf__C"": 0.1}",52.5769922999998
26,classical/FB-TS+RBF-SVM,classical,0,0.7777777777777778,0.95,"{""clf__C"": 10.0, ""clf__gamma"": ""scale""}",89.58240959999966
26,classical/FB-TS+RBF-SVM,classical,1,0.4444444444444444,0.65,"{""clf__C"": 10.0, ""clf__gamma"": ""scale""}",89.58240959999966
26,classical/FB-TS+RBF-SVM,classical,2,0.7777777777777778,0.8,"{""clf__C"": 1.0, ""clf__gamma"": ""scale""}",89.58240959999966
26,classical/FB-TS+RBF-SVM,classical,3,0.5555555555555556,0.65,"{""clf__C"": 1.0, ""clf__gamma"": ""scale""}",89.58240959999966
26,classical/FB-TS+RBF-SVM,classical,4,0.6666666666666666,0.85,"{""clf__C"": 10.0, ""clf__gamma"": 0.01}",89.58240959999966
26,classical/FB-TS+RBF-SVM,classical,5,0.5555555555555556,0.65,"{""clf__C"": 10.0, ""clf__gamma"": ""scale""}",89.58240959999966
26,classical/FB-TS+RBF-SVM,classical,6,1.0,1.0,"{""clf__C"": 1.0, ""clf__gamma"": 0.01}",89.58240959999966
26,classical/FB-TS+RBF-SVM,classical,7,0.5555555555555556,0.6500000000000001,"{""clf__C"": 1.0, ""clf__gamma"": ""scale""}",89.58240959999966
26,classical/FB-TS+RBF-SVM,classical,8,0.6666666666666666,0.8,"{""clf__C"": 1.0, ""clf__gamma"": ""scale""}",89.58240959999966
26,classical/FB-TS+RBF-SVM,classical,9,0.5555555555555556,0.95,"{""clf__C"": 1.0, ""clf__gamma"": 0.01}",89.58240959999966
26,classical/FB-TS+RBF-SVM,classical,10,0.7777777777777778,1.0,"{""clf__C"": 10.0, ""clf__gamma"": ""scale""}",89.58240959999966
26,classical/FB-TS+RBF-SVM,classical,11,0.6666666666666666,0.9,"{""clf__C"": 10.0, ""clf__gamma"": ""scale""}",89.58240959999966
26,classical/FB-TS+RBF-SVM,classical,12,0.5555555555555556,0.6,"{""clf__C"": 1.0, ""clf__gamma"": 0.01}",89.58240959999966
26,classical/FB-TS+RBF-SVM,classical,13,0.4444444444444444,0.3999999999999999,"{""clf__C"": 1.0, ""clf__gamma"": ""scale""}",89.58240959999966
26,classical/FB-TS+RBF-SVM,classical,14,0.6666666666666666,0.95,"{""clf__C"": 10.0, ""clf__gamma"": ""scale""}",89.58240959999966
26,quantum/FB-HS-overlap-SVM,quantum,0,0.4444444444444444,0.55,"{""clf__C"": 0.1}",34.405883399999766
26,quantum/FB-HS-overlap-SVM,quantum,1,0.5555555555555556,0.5,"{""clf__C"": 0.1}",34.405883399999766
26,quantum/FB-HS-overlap-SVM,quantum,2,0.5555555555555556,0.3,"{""clf__C"": 0.1}",34.405883399999766
26,quantum/FB-HS-overlap-SVM,quantum,3,0.5555555555555556,0.475,"{""clf__C"": 0.1}",34.405883399999766
26,quantum/FB-HS-overlap-SVM,quantum,4,0.5555555555555556,0.675,"{""clf__C"": 0.1}",34.405883399999766
26,quantum/FB-HS-overlap-SVM,quantum,5,0.4444444444444444,0.6,"{""clf__C"": 0.1}",34.405883399999766
26,quantum/FB-HS-overlap-SVM,quantum,6,0.5555555555555556,0.55,"{""clf__C"": 0.1}",34.405883399999766
26,quantum/FB-HS-overlap-SVM,quantum,7,0.5555555555555556,0.575,"{""clf__C"": 0.1}",34.405883399999766
26,quantum/FB-HS-overlap-SVM,quantum,8,0.5555555555555556,0.175,"{""clf__C"": 0.1}",34.405883399999766
26,quantum/FB-HS-overlap-SVM,quantum,9,0.5555555555555556,0.4249999999999999,"{""clf__C"": 0.1}",34.405883399999766
26,quantum/FB-HS-overlap-SVM,quantum,10,0.4444444444444444,0.45,"{""clf__C"": 0.1}",34.405883399999766
26,quantum/FB-HS-overlap-SVM,quantum,11,0.5555555555555556,0.3999999999999999,"{""clf__C"": 0.1}",34.405883399999766
26,quantum/FB-HS-overlap-SVM,quantum,12,0.5555555555555556,0.5,"{""clf__C"": 0.1}",34.405883399999766
26,quantum/FB-HS-overlap-SVM,quantum,13,0.5555555555555556,0.625,"{""clf__C"": 0.1}",34.405883399999766
26,quantum/FB-HS-overlap-SVM,quantum,14,0.5555555555555556,0.425,"{""clf__C"": 0.1}",34.405883399999766
26,quantum/FB-HS-overlap-ref-SVM,quantum,0,0.8888888888888888,1.0,"{""clf__C"": 10.0}",39.92212170000039
26,quantum/FB-HS-overlap-ref-SVM,quantum,1,0.7777777777777778,0.95,"{""clf__C"": 10.0}",39.92212170000039
26,quantum/FB-HS-overlap-ref-SVM,quantum,2,0.8888888888888888,0.95,"{""clf__C"": 10.0}",39.92212170000039
26,quantum/FB-HS-overlap-ref-SVM,quantum,3,0.6666666666666666,0.7,"{""clf__C"": 10.0}",39.92212170000039
26,quantum/FB-HS-overlap-ref-SVM,quantum,4,0.7777777777777778,0.9,"{""clf__C"": 10.0}",39.92212170000039
26,quantum/FB-HS-overlap-ref-SVM,quantum,5,0.5555555555555556,0.9,"{""clf__C"": 1.0}",39.92212170000039
26,quantum/FB-HS-overlap-ref-SVM,quantum,6,0.7777777777777778,1.0,"{""clf__C"": 10.0}",39.92212170000039
26,quantum/FB-HS-overlap-ref-SVM,quantum,7,0.8888888888888888,0.95,"{""clf__C"": 10.0}",39.92212170000039
26,quantum/FB-HS-overlap-ref-SVM,quantum,8,0.7777777777777778,0.95,"{""clf__C"": 10.0}",39.92212170000039
26,quantum/FB-HS-overlap-ref-SVM,quantum,9,0.6666666666666666,0.8,"{""clf__C"": 10.0}",39.92212170000039
26,quantum/FB-HS-overlap-ref-SVM,quantum,10,0.7777777777777778,1.0,"{""clf__C"": 10.0}",39.92212170000039
26,quantum/FB-HS-overlap-ref-SVM,quantum,11,0.6666666666666666,1.0,"{""clf__C"": 10.0}",39.92212170000039
26,quantum/FB-HS-overlap-ref-SVM,quantum,12,0.6666666666666666,0.7,"{""clf__C"": 10.0}",39.92212170000039
26,quantum/FB-HS-overlap-ref-SVM,quantum,13,0.7777777777777778,0.9,"{""clf__C"": 10.0}",39.92212170000039
26,quantum/FB-HS-overlap-ref-SVM,quantum,14,0.8888888888888888,0.95,"{""clf__C"": 10.0}",39.92212170000039
26,quantum/FB-Fidelity-SVM,quantum,0,0.4444444444444444,0.525,"{""clf__C"": 0.1}",40.18111939999926
26,quantum/FB-Fidelity-SVM,quantum,1,0.5555555555555556,0.4249999999999999,"{""clf__C"": 0.1}",40.18111939999926
26,quantum/FB-Fidelity-SVM,quantum,2,0.5555555555555556,0.525,"{""clf__C"": 0.1}",40.18111939999926
26,quantum/FB-Fidelity-SVM,quantum,3,0.5555555555555556,0.55,"{""clf__C"": 0.1}",40.18111939999926
26,quantum/FB-Fidelity-SVM,quantum,4,0.5555555555555556,0.4499999999999999,"{""clf__C"": 0.1}",40.18111939999926
26,quantum/FB-Fidelity-SVM,quantum,5,0.4444444444444444,0.225,"{""clf__C"": 0.1}",40.18111939999926
26,quantum/FB-Fidelity-SVM,quantum,6,0.5555555555555556,0.675,"{""clf__C"": 0.1}",40.18111939999926
26,quantum/FB-Fidelity-SVM,quantum,7,0.5555555555555556,0.35,"{""clf__C"": 0.1}",40.18111939999926
26,quantum/FB-Fidelity-SVM,quantum,8,0.5555555555555556,0.4,"{""clf__C"": 0.1}",40.18111939999926
26,quantum/FB-Fidelity-SVM,quantum,9,0.5555555555555556,0.25,"{""clf__C"": 0.1}",40.18111939999926
26,quantum/FB-Fidelity-SVM,quantum,10,0.4444444444444444,0.55,"{""clf__C"": 0.1}",40.18111939999926
26,quantum/FB-Fidelity-SVM,quantum,11,0.5555555555555556,0.5249999999999999,"{""clf__C"": 0.1}",40.18111939999926
26,quantum/FB-Fidelity-SVM,quantum,12,0.5555555555555556,0.575,"{""clf__C"": 0.1}",40.18111939999926
26,quantum/FB-Fidelity-SVM,quantum,13,0.5555555555555556,0.175,"{""clf__C"": 0.1}",40.18111939999926
26,quantum/FB-Fidelity-SVM,quantum,14,0.5555555555555556,0.7,"{""clf__C"": 0.1}",40.18111939999926
26,quantum/FB-Fidelity-ref-SVM,quantum,0,1.0,1.0,"{""clf__C"": 10.0}",47.80906820000018
26,quantum/FB-Fidelity-ref-SVM,quantum,1,0.7777777777777778,1.0,"{""clf__C"": 10.0}",47.80906820000018
26,quantum/FB-Fidelity-ref-SVM,quantum,2,0.7777777777777778,0.95,"{""clf__C"": 10.0}",47.80906820000018
26,quantum/FB-Fidelity-ref-SVM,quantum,3,0.5555555555555556,0.7,"{""clf__C"": 10.0}",47.80906820000018
26,quantum/FB-Fidelity-ref-SVM,quantum,4,0.6666666666666666,0.8,"{""clf__C"": 10.0}",47.80906820000018
26,quantum/FB-Fidelity-ref-SVM,quantum,5,0.8888888888888888,0.9,"{""clf__C"": 10.0}",47.80906820000018
26,quantum/FB-Fidelity-ref-SVM,quantum,6,0.7777777777777778,0.95,"{""clf__C"": 10.0}",47.80906820000018
26,quantum/FB-Fidelity-ref-SVM,quantum,7,0.7777777777777778,0.85,"{""clf__C"": 10.0}",47.80906820000018
26,quantum/FB-Fidelity-ref-SVM,quantum,8,0.6666666666666666,0.9,"{""clf__C"": 10.0}",47.80906820000018
26,quantum/FB-Fidelity-ref-SVM,quantum,9,0.8888888888888888,0.8,"{""clf__C"": 10.0}",47.80906820000018
26,quantum/FB-Fidelity-ref-SVM,quantum,10,0.8888888888888888,1.0,"{""clf__C"": 10.0}",47.80906820000018
26,quantum/FB-Fidelity-ref-SVM,quantum,11,0.6666666666666666,0.9,"{""clf__C"": 10.0}",47.80906820000018
26,quantum/FB-Fidelity-ref-SVM,quantum,12,0.6666666666666666,0.65,"{""clf__C"": 10.0}",47.80906820000018
26,quantum/FB-Fidelity-ref-SVM,quantum,13,0.7777777777777778,0.9,"{""clf__C"": 10.0}",47.80906820000018
26,quantum/FB-Fidelity-ref-SVM,quantum,14,0.8888888888888888,0.95,"{""clf__C"": 10.0}",47.80906820000018
26,quantum/FB-HS-RBF-SVM,quantum,0,0.4444444444444444,0.625,"{""clf__C"": 0.1, ""clf__gamma_mult"": 0.25}",42.61310169999979
26,quantum/FB-HS-RBF-SVM,quantum,1,0.5555555555555556,0.625,"{""clf__C"": 0.1, ""clf__gamma_mult"": 0.25}",42.61310169999979
26,quantum/FB-HS-RBF-SVM,quantum,2,0.5555555555555556,0.5,"{""clf__C"": 0.1, ""clf__gamma_mult"": 0.25}",42.61310169999979
26,quantum/FB-HS-RBF-SVM,quantum,3,0.5555555555555556,0.575,"{""clf__C"": 0.1, ""clf__gamma_mult"": 0.25}",42.61310169999979
26,quantum/FB-HS-RBF-SVM,quantum,4,0.5555555555555556,0.6,"{""clf__C"": 0.1, ""clf__gamma_mult"": 0.25}",42.61310169999979
26,quantum/FB-HS-RBF-SVM,quantum,5,0.4444444444444444,0.5,"{""clf__C"": 0.1, ""clf__gamma_mult"": 0.25}",42.61310169999979
26,quantum/FB-HS-RBF-SVM,quantum,6,0.5555555555555556,0.7,"{""clf__C"": 0.1, ""clf__gamma_mult"": 0.25}",42.61310169999979
26,quantum/FB-HS-RBF-SVM,quantum,7,0.5555555555555556,0.375,"{""clf__C"": 0.1, ""clf__gamma_mult"": 0.25}",42.61310169999979
26,quantum/FB-HS-RBF-SVM,quantum,8,0.5555555555555556,0.5,"{""clf__C"": 0.1, ""clf__gamma_mult"": 0.25}",42.61310169999979
26,quantum/FB-HS-RBF-SVM,quantum,9,0.5555555555555556,0.425,"{""clf__C"": 0.1, ""clf__gamma_mult"": 0.25}",42.61310169999979
26,quantum/FB-HS-RBF-SVM,quantum,10,0.4444444444444444,0.65,"{""clf__C"": 0.1, ""clf__gamma_mult"": 0.25}",42.61310169999979
26,quantum/FB-HS-RBF-SVM,quantum,11,0.5555555555555556,0.5,"{""clf__C"": 0.1, ""clf__gamma_mult"": 0.25}",42.61310169999979
26,quantum/FB-HS-RBF-SVM,quantum,12,0.5555555555555556,0.6,"{""clf__C"": 0.1, ""clf__gamma_mult"": 0.25}",42.61310169999979
26,quantum/FB-HS-RBF-SVM,quantum,13,0.5555555555555556,0.375,"{""clf__C"": 0.1, ""clf__gamma_mult"": 0.25}",42.61310169999979
26,quantum/FB-HS-RBF-SVM,quantum,14,0.5555555555555556,0.6,"{""clf__C"": 0.1, ""clf__gamma_mult"": 0.25}",42.61310169999979
26,quantum/FB-HS-RBF-ref-SVM,quantum,0,1.0,1.0,"{""clf__C"": 10.0, ""clf__gamma_mult"": 0.25}",63.98016900000039
26,quantum/FB-HS-RBF-ref-SVM,quantum,1,0.5555555555555556,0.8,"{""clf__C"": 10.0, ""clf__gamma_mult"": 4.0}",63.98016900000039
26,quantum/FB-HS-RBF-ref-SVM,quantum,2,0.8888888888888888,0.95,"{""clf__C"": 10.0, ""clf__gamma_mult"": 1.0}",63.98016900000039
26,quantum/FB-HS-RBF-ref-SVM,quantum,3,0.6666666666666666,0.75,"{""clf__C"": 10.0, ""clf__gamma_mult"": 0.25}",63.98016900000039
26,quantum/FB-HS-RBF-ref-SVM,quantum,4,0.7777777777777778,0.9,"{""clf__C"": 1.0, ""clf__gamma_mult"": 1.0}",63.98016900000039
26,quantum/FB-HS-RBF-ref-SVM,quantum,5,1.0,1.0,"{""clf__C"": 10.0, ""clf__gamma_mult"": 4.0}",63.98016900000039
26,quantum/FB-HS-RBF-ref-SVM,quantum,6,0.8888888888888888,1.0,"{""clf__C"": 10.0, ""clf__gamma_mult"": 0.25}",63.98016900000039
26,quantum/FB-HS-RBF-ref-SVM,quantum,7,0.8888888888888888,0.95,"{""clf__C"": 10.0, ""clf__gamma_mult"": 0.25}",63.98016900000039
26,quantum/FB-HS-RBF-ref-SVM,quantum,8,0.6666666666666666,0.9,"{""clf__C"": 10.0, ""clf__gamma_mult"": 1.0}",63.98016900000039
26,quantum/FB-HS-RBF-ref-SVM,quantum,9,0.6666666666666666,0.8,"{""clf__C"": 10.0, ""clf__gamma_mult"": 1.0}",63.98016900000039
26,quantum/FB-HS-RBF-ref-SVM,quantum,10,0.7777777777777778,1.0,"{""clf__C"": 10.0, ""clf__gamma_mult"": 0.25}",63.98016900000039
26,quantum/FB-HS-RBF-ref-SVM,quantum,11,0.7777777777777778,1.0,"{""clf__C"": 10.0, ""clf__gamma_mult"": 1.0}",63.98016900000039
26,quantum/FB-HS-RBF-ref-SVM,quantum,12,0.7777777777777778,0.9,"{""clf__C"": 10.0, ""clf__gamma_mult"": 1.0}",63.98016900000039
26,quantum/FB-HS-RBF-ref-SVM,quantum,13,0.7777777777777778,0.9,"{""clf__C"": 10.0, ""clf__gamma_mult"": 0.25}",63.98016900000039
26,quantum/FB-HS-RBF-ref-SVM,quantum,14,0.8888888888888888,0.9,"{""clf__C"": 10.0, ""clf__gamma_mult"": 1.0}",63.98016900000039
26,quantum/FB-Bures-RBF-SVM,quantum,0,0.4444444444444444,0.675,"{""clf__C"": 0.1, ""clf__gamma_mult"": 0.25}",62.51714420000008
26,quantum/FB-Bures-RBF-SVM,quantum,1,0.5555555555555556,0.85,"{""clf__C"": 0.1, ""clf__gamma_mult"": 0.25}",62.51714420000008
26,quantum/FB-Bures-RBF-SVM,quantum,2,0.5555555555555556,0.125,"{""clf__C"": 0.1, ""clf__gamma_mult"": 0.25}",62.51714420000008
26,quantum/FB-Bures-RBF-SVM,quantum,3,0.5555555555555556,0.65,"{""clf__C"": 0.1, ""clf__gamma_mult"": 0.25}",62.51714420000008
26,quantum/FB-Bures-RBF-SVM,quantum,4,0.5555555555555556,0.8,"{""clf__C"": 0.1, ""clf__gamma_mult"": 0.25}",62.51714420000008
26,quantum/FB-Bures-RBF-SVM,quantum,5,0.4444444444444444,0.6,"{""clf__C"": 0.1, ""clf__gamma_mult"": 0.25}",62.51714420000008
26,quantum/FB-Bures-RBF-SVM,quantum,6,0.5555555555555556,0.825,"{""clf__C"": 0.1, ""clf__gamma_mult"": 0.25}",62.51714420000008
26,quantum/FB-Bures-RBF-SVM,quantum,7,0.5555555555555556,0.475,"{""clf__C"": 0.1, ""clf__gamma_mult"": 0.25}",62.51714420000008
26,quantum/FB-Bures-RBF-SVM,quantum,8,0.5555555555555556,0.25,"{""clf__C"": 0.1, ""clf__gamma_mult"": 0.25}",62.51714420000008
26,quantum/FB-Bures-RBF-SVM,quantum,9,0.5555555555555556,0.35,"{""clf__C"": 0.1, ""clf__gamma_mult"": 0.25}",62.51714420000008
26,quantum/FB-Bures-RBF-SVM,quantum,10,0.4444444444444444,0.625,"{""clf__C"": 0.1, ""clf__gamma_mult"": 0.25}",62.51714420000008
26,quantum/FB-Bures-RBF-SVM,quantum,11,0.5555555555555556,0.3,"{""clf__C"": 0.1, ""clf__gamma_mult"": 0.25}",62.51714420000008
26,quantum/FB-Bures-RBF-SVM,quantum,12,0.5555555555555556,0.6,"{""clf__C"": 0.1, ""clf__gamma_mult"": 0.25}",62.51714420000008
26,quantum/FB-Bures-RBF-SVM,quantum,13,0.5555555555555556,0.525,"{""clf__C"": 0.1, ""clf__gamma_mult"": 0.25}",62.51714420000008
26,quantum/FB-Bures-RBF-SVM,quantum,14,0.5555555555555556,0.9,"{""clf__C"": 0.1, ""clf__gamma_mult"": 0.25}",62.51714420000008
26,quantum/FB-Bures-RBF-ref-SVM,quantum,0,1.0,1.0,"{""clf__C"": 10.0, ""clf__gamma_mult"": 1.0}",79.35630189999938
26,quantum/FB-Bures-RBF-ref-SVM,quantum,1,0.8888888888888888,1.0,"{""clf__C"": 10.0, ""clf__gamma_mult"": 1.0}",79.35630189999938
26,quantum/FB-Bures-RBF-ref-SVM,quantum,2,0.8888888888888888,0.95,"{""clf__C"": 10.0, ""clf__gamma_mult"": 4.0}",79.35630189999938
26,quantum/FB-Bures-RBF-ref-SVM,quantum,3,0.5555555555555556,0.7,"{""clf__C"": 10.0, ""clf__gamma_mult"": 0.25}",79.35630189999938
26,quantum/FB-Bures-RBF-ref-SVM,quantum,4,0.6666666666666666,0.8500000000000001,"{""clf__C"": 10.0, ""clf__gamma_mult"": 0.25}",79.35630189999938
26,quantum/FB-Bures-RBF-ref-SVM,quantum,5,1.0,1.0,"{""clf__C"": 10.0, ""clf__gamma_mult"": 4.0}",79.35630189999938
26,quantum/FB-Bures-RBF-ref-SVM,quantum,6,0.8888888888888888,1.0,"{""clf__C"": 10.0, ""clf__gamma_mult"": 1.0}",79.35630189999938
26,quantum/FB-Bures-RBF-ref-SVM,quantum,7,0.7777777777777778,0.9,"{""clf__C"": 10.0, ""clf__gamma_mult"": 1.0}",79.35630189999938
26,quantum/FB-Bures-RBF-ref-SVM,quantum,8,0.6666666666666666,0.9,"{""clf__C"": 10.0, ""clf__gamma_mult"": 0.25}",79.35630189999938
26,quantum/FB-Bures-RBF-ref-SVM,quantum,9,0.6666666666666666,0.8,"{""clf__C"": 10.0, ""clf__gamma_mult"": 4.0}",79.35630189999938
26,quantum/FB-Bures-RBF-ref-SVM,quantum,10,1.0,1.0,"{""clf__C"": 10.0, ""clf__gamma_mult"": 0.25}",79.35630189999938
26,quantum/FB-Bures-RBF-ref-SVM,quantum,11,0.6666666666666666,0.9,"{""clf__C"": 10.0, ""clf__gamma_mult"": 0.25}",79.35630189999938
26,quantum/FB-Bures-RBF-ref-SVM,quantum,12,0.6666666666666666,0.85,"{""clf__C"": 10.0, ""clf__gamma_mult"": 1.0}",79.35630189999938
26,quantum/FB-Bures-RBF-ref-SVM,quantum,13,0.6666666666666666,0.75,"{""clf__C"": 1.0, ""clf__gamma_mult"": 4.0}",79.35630189999938
26,quantum/FB-Bures-RBF-ref-SVM,quantum,14,0.8888888888888888,0.95,"{""clf__C"": 10.0, ""clf__gamma_mult"": 0.25}",79.35630189999938
26,quantum/FB-QRE-RBF-SVM,quantum,0,0.4444444444444444,0.875,"{""clf__C"": 0.1, ""clf__gamma_mult"": 0.25}",49.29024800000025
26,quantum/FB-QRE-RBF-SVM,quantum,1,0.5555555555555556,0.7,"{""clf__C"": 0.1, ""clf__gamma_mult"": 0.25}",49.29024800000025
26,quantum/FB-QRE-RBF-SVM,quantum,2,0.5555555555555556,0.4,"{""clf__C"": 0.1, ""clf__gamma_mult"": 0.25}",49.29024800000025
26,quantum/FB-QRE-RBF-SVM,quantum,3,0.5555555555555556,0.575,"{""clf__C"": 0.1, ""clf__gamma_mult"": 0.25}",49.29024800000025
26,quantum/FB-QRE-RBF-SVM,quantum,4,0.5555555555555556,0.5,"{""clf__C"": 0.1, ""clf__gamma_mult"": 0.25}",49.29024800000025
26,quantum/FB-QRE-RBF-SVM,quantum,5,0.4444444444444444,0.3,"{""clf__C"": 0.1, ""clf__gamma_mult"": 0.25}",49.29024800000025
26,quantum/FB-QRE-RBF-SVM,quantum,6,0.5555555555555556,0.575,"{""clf__C"": 0.1, ""clf__gamma_mult"": 0.25}",49.29024800000025
26,quantum/FB-QRE-RBF-SVM,quantum,7,0.5555555555555556,0.425,"{""clf__C"": 0.1, ""clf__gamma_mult"": 0.25}",49.29024800000025
26,quantum/FB-QRE-RBF-SVM,quantum,8,0.5555555555555556,0.375,"{""clf__C"": 0.1, ""clf__gamma_mult"": 0.25}",49.29024800000025
26,quantum/FB-QRE-RBF-SVM,quantum,9,0.5555555555555556,0.4999999999999999,"{""clf__C"": 0.1, ""clf__gamma_mult"": 0.25}",49.29024800000025
26,quantum/FB-QRE-RBF-SVM,quantum,10,0.4444444444444444,0.75,"{""clf__C"": 0.1, ""clf__gamma_mult"": 0.25}",49.29024800000025
26,quantum/FB-QRE-RBF-SVM,quantum,11,0.5555555555555556,0.5,"{""clf__C"": 0.1, ""clf__gamma_mult"": 0.25}",49.29024800000025
26,quantum/FB-QRE-RBF-SVM,quantum,12,0.5555555555555556,0.5,"{""clf__C"": 0.1, ""clf__gamma_mult"": 0.25}",49.29024800000025
26,quantum/FB-QRE-RBF-SVM,quantum,13,0.5555555555555556,0.3249999999999999,"{""clf__C"": 0.1, ""clf__gamma_mult"": 0.25}",49.29024800000025
26,quantum/FB-QRE-RBF-SVM,quantum,14,0.5555555555555556,0.5,"{""clf__C"": 0.1, ""clf__gamma_mult"": 0.25}",49.29024800000025
26,quantum/FB-QRE-RBF-ref-SVM,quantum,0,0.8888888888888888,1.0,"{""clf__C"": 10.0, ""clf__gamma_mult"": 4.0}",59.71459469999991
26,quantum/FB-QRE-RBF-ref-SVM,quantum,1,1.0,1.0,"{""clf__C"": 10.0, ""clf__gamma_mult"": 0.25}",59.71459469999991
26,quantum/FB-QRE-RBF-ref-SVM,quantum,2,0.7777777777777778,0.95,"{""clf__C"": 10.0, ""clf__gamma_mult"": 4.0}",59.71459469999991
26,quantum/FB-QRE-RBF-ref-SVM,quantum,3,0.5555555555555556,0.7,"{""clf__C"": 10.0, ""clf__gamma_mult"": 1.0}",59.71459469999991
26,quantum/FB-QRE-RBF-ref-SVM,quantum,4,0.6666666666666666,0.8500000000000001,"{""clf__C"": 10.0, ""clf__gamma_mult"": 0.25}",59.71459469999991
26,quantum/FB-QRE-RBF-ref-SVM,quantum,5,0.8888888888888888,1.0,"{""clf__C"": 10.0, ""clf__gamma_mult"": 1.0}",59.71459469999991
26,quantum/FB-QRE-RBF-ref-SVM,quantum,6,0.8888888888888888,1.0,"{""clf__C"": 10.0, ""clf__gamma_mult"": 1.0}",59.71459469999991
26,quantum/FB-QRE-RBF-ref-SVM,quantum,7,0.7777777777777778,0.9,"{""clf__C"": 10.0, ""clf__gamma_mult"": 1.0}",59.71459469999991
26,quantum/FB-QRE-RBF-ref-SVM,quantum,8,0.7777777777777778,0.95,"{""clf__C"": 1.0, ""clf__gamma_mult"": 4.0}",59.71459469999991
26,quantum/FB-QRE-RBF-ref-SVM,quantum,9,0.7777777777777778,0.8,"{""clf__C"": 10.0, ""clf__gamma_mult"": 4.0}",59.71459469999991
26,quantum/FB-QRE-RBF-ref-SVM,quantum,10,1.0,1.0,"{""clf__C"": 10.0, ""clf__gamma_mult"": 0.25}",59.71459469999991
26,quantum/FB-QRE-RBF-ref-SVM,quantum,11,0.6666666666666666,1.0,"{""clf__C"": 10.0, ""clf__gamma_mult"": 1.0}",59.71459469999991
26,quantum/FB-QRE-RBF-ref-SVM,quantum,12,0.5555555555555556,0.85,"{""clf__C"": 10.0, ""clf__gamma_mult"": 1.0}",59.71459469999991
26,quantum/FB-QRE-RBF-ref-SVM,quantum,13,0.6666666666666666,0.75,"{""clf__C"": 1.0, ""clf__gamma_mult"": 4.0}",59.71459469999991
26,quantum/FB-QRE-RBF-ref-SVM,quantum,14,0.8888888888888888,0.95,"{""clf__C"": 10.0, ""clf__gamma_mult"": 0.25}",59.71459469999991
26,control/FB-riemann-kernel-SVM,control,0,0.7777777777777778,1.0,"{""clf__C"": 1.0}",39.71000259999983
26,control/FB-riemann-kernel-SVM,control,1,0.8888888888888888,0.9,"{""clf__C"": 1.0}",39.71000259999983
26,control/FB-riemann-kernel-SVM,control,2,0.6666666666666666,0.85,"{""clf__C"": 1.0}",39.71000259999983
26,control/FB-riemann-kernel-SVM,control,3,0.5555555555555556,0.65,"{""clf__C"": 1.0}",39.71000259999983
26,control/FB-riemann-kernel-SVM,control,4,0.6666666666666666,0.8,"{""clf__C"": 1.0}",39.71000259999983
26,control/FB-riemann-kernel-SVM,control,5,0.7777777777777778,0.8,"{""clf__C"": 0.1}",39.71000259999983
26,control/FB-riemann-kernel-SVM,control,6,0.7777777777777778,0.8500000000000001,"{""clf__C"": 0.1}",39.71000259999983
26,control/FB-riemann-kernel-SVM,control,7,0.6666666666666666,0.7,"{""clf__C"": 1.0}",39.71000259999983
26,control/FB-riemann-kernel-SVM,control,8,0.6666666666666666,0.7,"{""clf__C"": 1.0}",39.71000259999983
26,control/FB-riemann-kernel-SVM,control,9,0.7777777777777778,0.9,"{""clf__C"": 1.0}",39.71000259999983
26,control/FB-riemann-kernel-SVM,control,10,0.8888888888888888,0.8500000000000001,"{""clf__C"": 0.1}",39.71000259999983
26,control/FB-riemann-kernel-SVM,control,11,0.6666666666666666,0.7000000000000001,"{""clf__C"": 1.0}",39.71000259999983
26,control/FB-riemann-kernel-SVM,control,12,0.6666666666666666,0.55,"{""clf__C"": 0.1}",39.71000259999983
26,control/FB-riemann-kernel-SVM,control,13,0.5555555555555556,0.65,"{""clf__C"": 0.1}",39.71000259999983
26,control/FB-riemann-kernel-SVM,control,14,0.8888888888888888,0.95,"{""clf__C"": 0.1}",39.71000259999983
26,control/FB-logeuclid-kernel-SVM,control,0,0.7777777777777778,0.95,"{""clf__C"": 1.0}",38.33744320000005
26,control/FB-logeuclid-kernel-SVM,control,1,0.7777777777777778,0.8500000000000001,"{""clf__C"": 0.1}",38.33744320000005
26,control/FB-logeuclid-kernel-SVM,control,2,0.6666666666666666,0.85,"{""clf__C"": 1.0}",38.33744320000005
26,control/FB-logeuclid-kernel-SVM,control,3,0.6666666666666666,0.7,"{""clf__C"": 1.0}",38.33744320000005
26,control/FB-logeuclid-kernel-SVM,control,4,0.6666666666666666,0.9,"{""clf__C"": 0.1}",38.33744320000005
26,control/FB-logeuclid-kernel-SVM,control,5,0.6666666666666666,0.75,"{""clf__C"": 0.1}",38.33744320000005
26,control/FB-logeuclid-kernel-SVM,control,6,0.7777777777777778,0.9,"{""clf__C"": 0.1}",38.33744320000005
26,control/FB-logeuclid-kernel-SVM,control,7,0.6666666666666666,0.7,"{""clf__C"": 1.0}",38.33744320000005
26,control/FB-logeuclid-kernel-SVM,control,8,0.6666666666666666,0.8,"{""clf__C"": 1.0}",38.33744320000005
26,control/FB-logeuclid-kernel-SVM,control,9,0.7777777777777778,0.85,"{""clf__C"": 0.1}",38.33744320000005
26,control/FB-logeuclid-kernel-SVM,control,10,0.8888888888888888,0.8500000000000001,"{""clf__C"": 0.1}",38.33744320000005
26,control/FB-logeuclid-kernel-SVM,control,11,0.6666666666666666,0.7,"{""clf__C"": 0.1}",38.33744320000005
26,control/FB-logeuclid-kernel-SVM,control,12,0.6666666666666666,0.7000000000000001,"{""clf__C"": 1.0}",38.33744320000005
26,control/FB-logeuclid-kernel-SVM,control,13,0.4444444444444444,0.65,"{""clf__C"": 0.1}",38.33744320000005
26,control/FB-logeuclid-kernel-SVM,control,14,0.8888888888888888,0.95,"{""clf__C"": 0.1}",38.33744320000005
27,classical/FBCSP+LDA,classical,0,0.3333333333333333,0.45,"{""perband__base__csp__nfilter"": 6}",43.61753750000025
27,classical/FBCSP+LDA,classical,1,0.6666666666666666,0.65,"{""perband__base__csp__nfilter"": 2}",43.61753750000025
27,classical/FBCSP+LDA,classical,2,0.4444444444444444,0.55,"{""perband__base__csp__nfilter"": 2}",43.61753750000025
27,classical/FBCSP+LDA,classical,3,0.6666666666666666,0.75,"{""perband__base__csp__nfilter"": 4}",43.61753750000025
27,classical/FBCSP+LDA,classical,4,0.5555555555555556,0.3,"{""perband__base__csp__nfilter"": 6}",43.61753750000025
27,classical/FBCSP+LDA,classical,5,0.5555555555555556,0.75,"{""perband__base__csp__nfilter"": 4}",43.61753750000025
27,classical/FBCSP+LDA,classical,6,0.6666666666666666,0.6,"{""perband__base__csp__nfilter"": 2}",43.61753750000025
27,classical/FBCSP+LDA,classical,7,0.4444444444444444,0.4499999999999999,"{""perband__base__csp__nfilter"": 2}",43.61753750000025
27,classical/FBCSP+LDA,classical,8,0.4444444444444444,0.5,"{""perband__base__csp__nfilter"": 4}",43.61753750000025
27,classical/FBCSP+LDA,classical,9,0.5555555555555556,0.7,"{""perband__base__csp__nfilter"": 2}",43.61753750000025
27,classical/FBCSP+LDA,classical,10,0.4444444444444444,0.3999999999999999,"{""perband__base__csp__nfilter"": 4}",43.61753750000025
27,classical/FBCSP+LDA,classical,11,0.8888888888888888,0.9,"{""perband__base__csp__nfilter"": 2}",43.61753750000025
27,classical/FBCSP+LDA,classical,12,0.4444444444444444,0.65,"{""perband__base__csp__nfilter"": 2}",43.61753750000025
27,classical/FBCSP+LDA,classical,13,0.5555555555555556,0.65,"{""perband__base__csp__nfilter"": 6}",43.61753750000025
27,classical/FBCSP+LDA,classical,14,0.6666666666666666,0.7500000000000001,"{""perband__base__csp__nfilter"": 2}",43.61753750000025
27,classical/FB-TS+LR,classical,0,0.4444444444444444,0.35,"{""clf__C"": 10.0}",46.82670069999949
27,classical/FB-TS+LR,classical,1,0.6666666666666666,0.6,"{""clf__C"": 10.0}",46.82670069999949
27,classical/FB-TS+LR,classical,2,0.4444444444444444,0.6,"{""clf__C"": 0.1}",46.82670069999949
27,classical/FB-TS+LR,classical,3,0.6666666666666666,0.9,"{""clf__C"": 1.0}",46.82670069999949
27,classical/FB-TS+LR,classical,4,0.5555555555555556,0.65,"{""clf__C"": 0.1}",46.82670069999949
27,classical/FB-TS+LR,classical,5,0.7777777777777778,0.55,"{""clf__C"": 0.1}",46.82670069999949
27,classical/FB-TS+LR,classical,6,0.4444444444444444,0.6,"{""clf__C"": 0.1}",46.82670069999949
27,classical/FB-TS+LR,classical,7,0.2222222222222222,0.35,"{""clf__C"": 1.0}",46.82670069999949
27,classical/FB-TS+LR,classical,8,0.5555555555555556,0.65,"{""clf__C"": 0.1}",46.82670069999949
27,classical/FB-TS+LR,classical,9,0.7777777777777778,0.65,"{""clf__C"": 10.0}",46.82670069999949
27,classical/FB-TS+LR,classical,10,0.3333333333333333,0.4499999999999999,"{""clf__C"": 0.1}",46.82670069999949
27,classical/FB-TS+LR,classical,11,0.7777777777777778,0.7,"{""clf__C"": 1.0}",46.82670069999949
27,classical/FB-TS+LR,classical,12,0.4444444444444444,0.55,"{""clf__C"": 1.0}",46.82670069999949
27,classical/FB-TS+LR,classical,13,0.5555555555555556,0.75,"{""clf__C"": 0.1}",46.82670069999949
27,classical/FB-TS+LR,classical,14,0.8888888888888888,0.95,"{""clf__C"": 0.1}",46.82670069999949
27,classical/FB-TS+RBF-SVM,classical,0,0.4444444444444444,0.35,"{""clf__C"": 10.0, ""clf__gamma"": ""scale""}",81.21921089999978
27,classical/FB-TS+RBF-SVM,classical,1,0.5555555555555556,0.7,"{""clf__C"": 10.0, ""clf__gamma"": ""scale""}",81.21921089999978
27,classical/FB-TS+RBF-SVM,classical,2,0.5555555555555556,0.4999999999999999,"{""clf__C"": 10.0, ""clf__gamma"": ""scale""}",81.21921089999978
27,classical/FB-TS+RBF-SVM,classical,3,0.6666666666666666,0.9,"{""clf__C"": 1.0, ""clf__gamma"": ""scale""}",81.21921089999978
27,classical/FB-TS+RBF-SVM,classical,4,0.5555555555555556,0.4499999999999999,"{""clf__C"": 10.0, ""clf__gamma"": 0.01}",81.21921089999978
27,classical/FB-TS+RBF-SVM,classical,5,0.5555555555555556,0.55,"{""clf__C"": 10.0, ""clf__gamma"": ""scale""}",81.21921089999978
27,classical/FB-TS+RBF-SVM,classical,6,0.4444444444444444,0.55,"{""clf__C"": 10.0, ""clf__gamma"": 0.01}",81.21921089999978
27,classical/FB-TS+RBF-SVM,classical,7,0.4444444444444444,0.3999999999999999,"{""clf__C"": 10.0, ""clf__gamma"": ""scale""}",81.21921089999978
27,classical/FB-TS+RBF-SVM,classical,8,0.5555555555555556,0.55,"{""clf__C"": 10.0, ""clf__gamma"": ""scale""}",81.21921089999978
27,classical/FB-TS+RBF-SVM,classical,9,0.5555555555555556,0.65,"{""clf__C"": 10.0, ""clf__gamma"": 0.01}",81.21921089999978
27,classical/FB-TS+RBF-SVM,classical,10,0.4444444444444444,0.25,"{""clf__C"": 10.0, ""clf__gamma"": ""scale""}",81.21921089999978
27,classical/FB-TS+RBF-SVM,classical,11,0.7777777777777778,0.75,"{""clf__C"": 10.0, ""clf__gamma"": ""scale""}",81.21921089999978
27,classical/FB-TS+RBF-SVM,classical,12,0.5555555555555556,0.5,"{""clf__C"": 10.0, ""clf__gamma"": 0.01}",81.21921089999978
27,classical/FB-TS+RBF-SVM,classical,13,0.5555555555555556,0.65,"{""clf__C"": 10.0, ""clf__gamma"": ""scale""}",81.21921089999978
27,classical/FB-TS+RBF-SVM,classical,14,0.6666666666666666,0.9,"{""clf__C"": 10.0, ""clf__gamma"": ""scale""}",81.21921089999978
27,quantum/FB-HS-overlap-SVM,quantum,0,0.4444444444444444,0.35,"{""clf__C"": 10.0}",34.00213030000032
27,quantum/FB-HS-overlap-SVM,quantum,1,0.8888888888888888,1.0,"{""clf__C"": 0.1}",34.00213030000032
27,quantum/FB-HS-overlap-SVM,quantum,2,0.6666666666666666,0.6,"{""clf__C"": 10.0}",34.00213030000032
27,quantum/FB-HS-overlap-SVM,quantum,3,0.4444444444444444,0.75,"{""clf__C"": 0.1}",34.00213030000032
27,quantum/FB-HS-overlap-SVM,quantum,4,0.4444444444444444,0.7,"{""clf__C"": 10.0}",34.00213030000032
27,quantum/FB-HS-overlap-SVM,quantum,5,0.7777777777777778,0.9,"{""clf__C"": 0.1}",34.00213030000032
27,quantum/FB-HS-overlap-SVM,quantum,6,0.5555555555555556,0.55,"{""clf__C"": 1.0}",34.00213030000032
27,quantum/FB-HS-overlap-SVM,quantum,7,0.6666666666666666,0.7,"{""clf__C"": 1.0}",34.00213030000032
27,quantum/FB-HS-overlap-SVM,quantum,8,0.3333333333333333,0.55,"{""clf__C"": 10.0}",34.00213030000032
27,quantum/FB-HS-overlap-SVM,quantum,9,0.5555555555555556,0.65,"{""clf__C"": 10.0}",34.00213030000032
27,quantum/FB-HS-overlap-SVM,quantum,10,0.4444444444444444,0.3999999999999999,"{""clf__C"": 10.0}",34.00213030000032
27,quantum/FB-HS-overlap-SVM,quantum,11,0.5555555555555556,0.6,"{""clf__C"": 10.0}",34.00213030000032
27,quantum/FB-HS-overlap-SVM,quantum,12,0.6666666666666666,0.65,"{""clf__C"": 10.0}",34.00213030000032
27,quantum/FB-HS-overlap-SVM,quantum,13,0.4444444444444444,1.0,"{""clf__C"": 0.1}",34.00213030000032
27,quantum/FB-HS-overlap-SVM,quantum,14,0.4444444444444444,0.75,"{""clf__C"": 0.1}",34.00213030000032
27,quantum/FB-HS-overlap-ref-SVM,quantum,0,0.3333333333333333,0.3999999999999999,"{""clf__C"": 10.0}",39.13437059999978
27,quantum/FB-HS-overlap-ref-SVM,quantum,1,0.6666666666666666,0.85,"{""clf__C"": 10.0}",39.13437059999978
27,quantum/FB-HS-overlap-ref-SVM,quantum,2,0.4444444444444444,0.6,"{""clf__C"": 10.0}",39.13437059999978
27,quantum/FB-HS-overlap-ref-SVM,quantum,3,0.4444444444444444,1.0,"{""clf__C"": 0.1}",39.13437059999978
27,quantum/FB-HS-overlap-ref-SVM,quantum,4,0.4444444444444444,0.55,"{""clf__C"": 10.0}",39.13437059999978
27,quantum/FB-HS-overlap-ref-SVM,quantum,5,0.8888888888888888,0.75,"{""clf__C"": 10.0}",39.13437059999978
27,quantum/FB-HS-overlap-ref-SVM,quantum,6,0.5555555555555556,0.6,"{""clf__C"": 10.0}",39.13437059999978
27,quantum/FB-HS-overlap-ref-SVM,quantum,7,0.4444444444444444,0.5,"{""clf__C"": 10.0}",39.13437059999978
27,quantum/FB-HS-overlap-ref-SVM,quantum,8,0.4444444444444444,0.5,"{""clf__C"": 10.0}",39.13437059999978
27,quantum/FB-HS-overlap-ref-SVM,quantum,9,0.6666666666666666,0.8,"{""clf__C"": 10.0}",39.13437059999978
27,quantum/FB-HS-overlap-ref-SVM,quantum,10,0.3333333333333333,0.5,"{""clf__C"": 10.0}",39.13437059999978
27,quantum/FB-HS-overlap-ref-SVM,quantum,11,0.6666666666666666,1.0,"{""clf__C"": 1.0}",39.13437059999978
27,quantum/FB-HS-overlap-ref-SVM,quantum,12,0.5555555555555556,0.55,"{""clf__C"": 10.0}",39.13437059999978
27,quantum/FB-HS-overlap-ref-SVM,quantum,13,0.6666666666666666,0.8,"{""clf__C"": 10.0}",39.13437059999978
27,quantum/FB-HS-overlap-ref-SVM,quantum,14,0.8888888888888888,0.95,"{""clf__C"": 10.0}",39.13437059999978
27,quantum/FB-Fidelity-SVM,quantum,0,0.6666666666666666,0.6,"{""clf__C"": 10.0}",41.51235589999942
27,quantum/FB-Fidelity-SVM,quantum,1,0.7777777777777778,0.9,"{""clf__C"": 0.1}",41.51235589999942
27,quantum/FB-Fidelity-SVM,quantum,2,0.6666666666666666,0.65,"{""clf__C"": 10.0}",41.51235589999942
27,quantum/FB-Fidelity-SVM,quantum,3,0.4444444444444444,0.75,"{""clf__C"": 0.1}",41.51235589999942
27,quantum/FB-Fidelity-SVM,quantum,4,0.4444444444444444,0.7,"{""clf__C"": 10.0}",41.51235589999942
27,quantum/FB-Fidelity-SVM,quantum,5,0.8888888888888888,1.0,"{""clf__C"": 0.1}",41.51235589999942
27,quantum/FB-Fidelity-SVM,quantum,6,0.5555555555555556,0.6,"{""clf__C"": 10.0}",41.51235589999942
27,quantum/FB-Fidelity-SVM,quantum,7,0.6666666666666666,0.75,"{""clf__C"": 0.1}",41.51235589999942
27,quantum/FB-Fidelity-SVM,quantum,8,0.4444444444444444,0.5,"{""clf__C"": 10.0}",41.51235589999942
27,quantum/FB-Fidelity-SVM,quantum,9,0.4444444444444444,0.7,"{""clf__C"": 0.1}",41.51235589999942
27,quantum/FB-Fidelity-SVM,quantum,10,0.4444444444444444,0.35,"{""clf__C"": 10.0}",41.51235589999942
27,quantum/FB-Fidelity-SVM,quantum,11,0.5555555555555556,0.45,"{""clf__C"": 10.0}",41.51235589999942
27,quantum/FB-Fidelity-SVM,quantum,12,0.6666666666666666,0.65,"{""clf__C"": 10.0}",41.51235589999942
27,quantum/FB-Fidelity-SVM,quantum,13,0.4444444444444444,1.0,"{""clf__C"": 0.1}",41.51235589999942
27,quantum/FB-Fidelity-SVM,quantum,14,0.4444444444444444,0.7,"{""clf__C"": 0.1}",41.51235589999942
27,quantum/FB-Fidelity-ref-SVM,quantum,0,0.4444444444444444,0.3999999999999999,"{""clf__C"": 10.0}",49.6673224999995
27,quantum/FB-Fidelity-ref-SVM,quantum,1,0.6666666666666666,0.85,"{""clf__C"": 10.0}",49.6673224999995
27,quantum/FB-Fidelity-ref-SVM,quantum,2,0.4444444444444444,0.65,"{""clf__C"": 10.0}",49.6673224999995
27,quantum/FB-Fidelity-ref-SVM,quantum,3,0.4444444444444444,1.0,"{""clf__C"": 0.1}",49.6673224999995
27,quantum/FB-Fidelity-ref-SVM,quantum,4,0.4444444444444444,0.55,"{""clf__C"": 10.0}",49.6673224999995
27,quantum/FB-Fidelity-ref-SVM,quantum,5,0.6666666666666666,0.75,"{""clf__C"": 10.0}",49.6673224999995
27,quantum/FB-Fidelity-ref-SVM,quantum,6,0.4444444444444444,0.65,"{""clf__C"": 10.0}",49.6673224999995
27,quantum/FB-Fidelity-ref-SVM,quantum,7,0.5555555555555556,0.5,"{""clf__C"": 10.0}",49.6673224999995
27,quantum/FB-Fidelity-ref-SVM,quantum,8,0.5555555555555556,0.7,"{""clf__C"": 10.0}",49.6673224999995
27,quantum/FB-Fidelity-ref-SVM,quantum,9,0.7777777777777778,0.95,"{""clf__C"": 10.0}",49.6673224999995
27,quantum/FB-Fidelity-ref-SVM,quantum,10,0.3333333333333333,0.55,"{""clf__C"": 10.0}",49.6673224999995
27,quantum/FB-Fidelity-ref-SVM,quantum,11,0.7777777777777778,0.95,"{""clf__C"": 10.0}",49.6673224999995
27,quantum/FB-Fidelity-ref-SVM,quantum,12,0.5555555555555556,0.5,"{""clf__C"": 10.0}",49.6673224999995
27,quantum/FB-Fidelity-ref-SVM,quantum,13,0.6666666666666666,0.7000000000000001,"{""clf__C"": 10.0}",49.6673224999995
27,quantum/FB-Fidelity-ref-SVM,quantum,14,0.8888888888888888,0.95,"{""clf__C"": 10.0}",49.6673224999995
27,quantum/FB-HS-RBF-SVM,quantum,0,0.6666666666666666,0.6000000000000001,"{""clf__C"": 10.0, ""clf__gamma_mult"": 1.0}",43.00247539999964
27,quantum/FB-HS-RBF-SVM,quantum,1,0.7777777777777778,0.6,"{""clf__C"": 10.0, ""clf__gamma_mult"": 4.0}",43.00247539999964
27,quantum/FB-HS-RBF-SVM,quantum,2,0.4444444444444444,0.25,"{""clf__C"": 10.0, ""clf__gamma_mult"": 4.0}",43.00247539999964
27,quantum/FB-HS-RBF-SVM,quantum,3,0.5555555555555556,0.55,"{""clf__C"": 1.0, ""clf__gamma_mult"": 1.0}",43.00247539999964
27,quantum/FB-HS-RBF-SVM,quantum,4,0.4444444444444444,0.75,"{""clf__C"": 10.0, ""clf__gamma_mult"": 1.0}",43.00247539999964
27,quantum/FB-HS-RBF-SVM,quantum,5,0.8888888888888888,0.8,"{""clf__C"": 1.0, ""clf__gamma_mult"": 0.25}",43.00247539999964
27,quantum/FB-HS-RBF-SVM,quantum,6,0.5555555555555556,0.85,"{""clf__C"": 1.0, ""clf__gamma_mult"": 4.0}",43.00247539999964
27,quantum/FB-HS-RBF-SVM,quantum,7,0.5555555555555556,0.65,"{""clf__C"": 10.0, ""clf__gamma_mult"": 4.0}",43.00247539999964
27,quantum/FB-HS-RBF-SVM,quantum,8,0.5555555555555556,0.55,"{""clf__C"": 10.0, ""clf__gamma_mult"": 0.25}",43.00247539999964
27,quantum/FB-HS-RBF-SVM,quantum,9,0.5555555555555556,0.65,"{""clf__C"": 10.0, ""clf__gamma_mult"": 1.0}",43.00247539999964
27,quantum/FB-HS-RBF-SVM,quantum,10,0.4444444444444444,0.5,"{""clf__C"": 10.0, ""clf__gamma_mult"": 4.0}",43.00247539999964
27,quantum/FB-HS-RBF-SVM,quantum,11,0.7777777777777778,0.7000000000000001,"{""clf__C"": 10.0, ""clf__gamma_mult"": 1.0}",43.00247539999964
27,quantum/FB-HS-RBF-SVM,quantum,12,0.6666666666666666,0.6500000000000001,"{""clf__C"": 10.0, ""clf__gamma_mult"": 1.0}",43.00247539999964
27,quantum/FB-HS-RBF-SVM,quantum,13,0.7777777777777778,0.8,"{""clf__C"": 10.0, ""clf__gamma_mult"": 1.0}",43.00247539999964
27,quantum/FB-HS-RBF-SVM,quantum,14,0.6666666666666666,0.7,"{""clf__C"": 1.0, ""clf__gamma_mult"": 4.0}",43.00247539999964
27,quantum/FB-HS-RBF-ref-SVM,quantum,0,0.5555555555555556,0.65,"{""clf__C"": 10.0, ""clf__gamma_mult"": 1.0}",58.48529370000051
27,quantum/FB-HS-RBF-ref-SVM,quantum,1,0.7777777777777778,0.75,"{""clf__C"": 10.0, ""clf__gamma_mult"": 1.0}",58.48529370000051
27,quantum/FB-HS-RBF-ref-SVM,quantum,2,0.5555555555555556,0.5,"{""clf__C"": 1.0, ""clf__gamma_mult"": 1.0}",58.48529370000051
27,quantum/FB-HS-RBF-ref-SVM,quantum,3,0.8888888888888888,1.0,"{""clf__C"": 10.0, ""clf__gamma_mult"": 1.0}",58.48529370000051
27,quantum/FB-HS-RBF-ref-SVM,quantum,4,0.4444444444444444,0.6,"{""clf__C"": 10.0, ""clf__gamma_mult"": 0.25}",58.48529370000051
27,quantum/FB-HS-RBF-ref-SVM,quantum,5,0.8888888888888888,0.8,"{""clf__C"": 10.0, ""clf__gamma_mult"": 1.0}",58.48529370000051
27,quantum/FB-HS-RBF-ref-SVM,quantum,6,0.5555555555555556,0.7,"{""clf__C"": 10.0, ""clf__gamma_mult"": 1.0}",58.48529370000051
27,quantum/FB-HS-RBF-ref-SVM,quantum,7,0.5555555555555556,0.7,"{""clf__C"": 1.0, ""clf__gamma_mult"": 1.0}",58.48529370000051
27,quantum/FB-HS-RBF-ref-SVM,quantum,8,0.6666666666666666,0.55,"{""clf__C"": 10.0, ""clf__gamma_mult"": 4.0}",58.48529370000051
27,quantum/FB-HS-RBF-ref-SVM,quantum,9,0.7777777777777778,0.8,"{""clf__C"": 10.0, ""clf__gamma_mult"": 0.25}",58.48529370000051
27,quantum/FB-HS-RBF-ref-SVM,quantum,10,0.3333333333333333,0.1999999999999999,"{""clf__C"": 1.0, ""clf__gamma_mult"": 4.0}",58.48529370000051
27,quantum/FB-HS-RBF-ref-SVM,quantum,11,0.7777777777777778,0.95,"{""clf__C"": 1.0, ""clf__gamma_mult"": 1.0}",58.48529370000051
27,quantum/FB-HS-RBF-ref-SVM,quantum,12,0.6666666666666666,0.9,"{""clf__C"": 1.0, ""clf__gamma_mult"": 1.0}",58.48529370000051
27,quantum/FB-HS-RBF-ref-SVM,quantum,13,0.5555555555555556,0.95,"{""clf__C"": 1.0, ""clf__gamma_mult"": 1.0}",58.48529370000051
27,quantum/FB-HS-RBF-ref-SVM,quantum,14,0.7777777777777778,0.8500000000000001,"{""clf__C"": 10.0, ""clf__gamma_mult"": 1.0}",58.48529370000051
27,quantum/FB-Bures-RBF-SVM,quantum,0,0.7777777777777778,0.7000000000000001,"{""clf__C"": 10.0, ""clf__gamma_mult"": 1.0}",61.90862410000045
27,quantum/FB-Bures-RBF-SVM,quantum,1,0.7777777777777778,0.5,"{""clf__C"": 10.0, ""clf__gamma_mult"": 0.25}",61.90862410000045
27,quantum/FB-Bures-RBF-SVM,quantum,2,0.5555555555555556,0.6000000000000001,"{""clf__C"": 10.0, ""clf__gamma_mult"": 1.0}",61.90862410000045
27,quantum/FB-Bures-RBF-SVM,quantum,3,0.5555555555555556,0.65,"{""clf__C"": 1.0, ""clf__gamma_mult"": 1.0}",61.90862410000045
27,quantum/FB-Bures-RBF-SVM,quantum,4,0.4444444444444444,0.8,"{""clf__C"": 10.0, ""clf__gamma_mult"": 1.0}",61.90862410000045
27,quantum/FB-Bures-RBF-SVM,quantum,5,0.6666666666666666,0.6499999999999999,"{""clf__C"": 10.0, ""clf__gamma_mult"": 4.0}",61.90862410000045
27,quantum/FB-Bures-RBF-SVM,quantum,6,0.6666666666666666,0.85,"{""clf__C"": 1.0, ""clf__gamma_mult"": 4.0}",61.90862410000045
27,quantum/FB-Bures-RBF-SVM,quantum,7,0.4444444444444444,0.6,"{""clf__C"": 10.0, ""clf__gamma_mult"": 1.0}",61.90862410000045
27,quantum/FB-Bures-RBF-SVM,quantum,8,0.3333333333333333,0.55,"{""clf__C"": 10.0, ""clf__gamma_mult"": 0.25}",61.90862410000045
27,quantum/FB-Bures-RBF-SVM,quantum,9,0.5555555555555556,0.65,"{""clf__C"": 10.0, ""clf__gamma_mult"": 0.25}",61.90862410000045
27,quantum/FB-Bures-RBF-SVM,quantum,10,0.4444444444444444,0.6499999999999999,"{""clf__C"": 10.0, ""clf__gamma_mult"": 4.0}",61.90862410000045
27,quantum/FB-Bures-RBF-SVM,quantum,11,0.7777777777777778,0.8,"{""clf__C"": 10.0, ""clf__gamma_mult"": 1.0}",61.90862410000045
27,quantum/FB-Bures-RBF-SVM,quantum,12,0.6666666666666666,0.6500000000000001,"{""clf__C"": 10.0, ""clf__gamma_mult"": 1.0}",61.90862410000045
27,quantum/FB-Bures-RBF-SVM,quantum,13,0.6666666666666666,0.75,"{""clf__C"": 10.0, ""clf__gamma_mult"": 4.0}",61.90862410000045
27,quantum/FB-Bures-RBF-SVM,quantum,14,0.6666666666666666,0.7,"{""clf__C"": 10.0, ""clf__gamma_mult"": 0.25}",61.90862410000045
27,quantum/FB-Bures-RBF-ref-SVM,quantum,0,0.4444444444444444,0.55,"{""clf__C"": 10.0, ""clf__gamma_mult"": 1.0}",83.19356599999992
27,quantum/FB-Bures-RBF-ref-SVM,quantum,1,0.6666666666666666,0.85,"{""clf__C"": 10.0, ""clf__gamma_mult"": 0.25}",83.19356599999992
27,quantum/FB-Bures-RBF-ref-SVM,quantum,2,0.5555555555555556,0.5499999999999999,"{""clf__C"": 1.0, ""clf__gamma_mult"": 1.0}",83.19356599999992
27,quantum/FB-Bures-RBF-ref-SVM,quantum,3,0.8888888888888888,1.0,"{""clf__C"": 10.0, ""clf__gamma_mult"": 0.25}",83.19356599999992
27,quantum/FB-Bures-RBF-ref-SVM,quantum,4,0.5555555555555556,0.6,"{""clf__C"": 10.0, ""clf__gamma_mult"": 0.25}",83.19356599999992
27,quantum/FB-Bures-RBF-ref-SVM,quantum,5,0.7777777777777778,0.75,"{""clf__C"": 10.0, ""clf__gamma_mult"": 0.25}",83.19356599999992
27,quantum/FB-Bures-RBF-ref-SVM,quantum,6,0.5555555555555556,0.65,"{""clf__C"": 10.0, ""clf__gamma_mult"": 0.25}",83.19356599999992
27,quantum/FB-Bures-RBF-ref-SVM,quantum,7,0.5555555555555556,0.5,"{""clf__C"": 10.0, ""clf__gamma_mult"": 0.25}",83.19356599999992
27,quantum/FB-Bures-RBF-ref-SVM,quantum,8,0.5555555555555556,0.6000000000000001,"{""clf__C"": 10.0, ""clf__gamma_mult"": 0.25}",83.19356599999992
27,quantum/FB-Bures-RBF-ref-SVM,quantum,9,0.7777777777777778,0.95,"{""clf__C"": 10.0, ""clf__gamma_mult"": 0.25}",83.19356599999992
27,quantum/FB-Bures-RBF-ref-SVM,quantum,10,0.3333333333333333,0.25,"{""clf__C"": 10.0, ""clf__gamma_mult"": 4.0}",83.19356599999992
27,quantum/FB-Bures-RBF-ref-SVM,quantum,11,0.7777777777777778,0.9,"{""clf__C"": 10.0, ""clf__gamma_mult"": 1.0}",83.19356599999992
27,quantum/FB-Bures-RBF-ref-SVM,quantum,12,0.4444444444444444,0.65,"{""clf__C"": 10.0, ""clf__gamma_mult"": 1.0}",83.19356599999992
27,quantum/FB-Bures-RBF-ref-SVM,quantum,13,0.6666666666666666,0.8,"{""clf__C"": 10.0, ""clf__gamma_mult"": 0.25}",83.19356599999992
27,quantum/FB-Bures-RBF-ref-SVM,quantum,14,0.6666666666666666,0.9,"{""clf__C"": 10.0, ""clf__gamma_mult"": 1.0}",83.19356599999992
27,quantum/FB-QRE-RBF-SVM,quantum,0,0.7777777777777778,0.75,"{""clf__C"": 10.0, ""clf__gamma_mult"": 1.0}",50.90899100000024
27,quantum/FB-QRE-RBF-SVM,quantum,1,0.7777777777777778,0.6499999999999999,"{""clf__C"": 10.0, ""clf__gamma_mult"": 0.25}",50.90899100000024
27,quantum/FB-QRE-RBF-SVM,quantum,2,0.5555555555555556,0.6000000000000001,"{""clf__C"": 10.0, ""clf__gamma_mult"": 1.0}",50.90899100000024
27,quantum/FB-QRE-RBF-SVM,quantum,3,0.5555555555555556,0.7,"{""clf__C"": 1.0, ""clf__gamma_mult"": 1.0}",50.90899100000024
27,quantum/FB-QRE-RBF-SVM,quantum,4,0.4444444444444444,0.75,"{""clf__C"": 10.0, ""clf__gamma_mult"": 1.0}",50.90899100000024
27,quantum/FB-QRE-RBF-SVM,quantum,5,0.6666666666666666,0.6499999999999999,"{""clf__C"": 10.0, ""clf__gamma_mult"": 4.0}",50.90899100000024
27,quantum/FB-QRE-RBF-SVM,quantum,6,0.6666666666666666,0.85,"{""clf__C"": 1.0, ""clf__gamma_mult"": 4.0}",50.90899100000024
27,quantum/FB-QRE-RBF-SVM,quantum,7,0.4444444444444444,0.6,"{""clf__C"": 10.0, ""clf__gamma_mult"": 1.0}",50.90899100000024
27,quantum/FB-QRE-RBF-SVM,quantum,8,0.4444444444444444,0.55,"{""clf__C"": 1.0, ""clf__gamma_mult"": 1.0}",50.90899100000024
27,quantum/FB-QRE-RBF-SVM,quantum,9,0.5555555555555556,0.65,"{""clf__C"": 10.0, ""clf__gamma_mult"": 0.25}",50.90899100000024
27,quantum/FB-QRE-RBF-SVM,quantum,10,0.3333333333333333,0.6000000000000001,"{""clf__C"": 1.0, ""clf__gamma_mult"": 4.0}",50.90899100000024
27,quantum/FB-QRE-RBF-SVM,quantum,11,0.8888888888888888,0.8,"{""clf__C"": 10.0, ""clf__gamma_mult"": 1.0}",50.90899100000024
27,quantum/FB-QRE-RBF-SVM,quantum,12,0.6666666666666666,0.6500000000000001,"{""clf__C"": 10.0, ""clf__gamma_mult"": 1.0}",50.90899100000024
27,quantum/FB-QRE-RBF-SVM,quantum,13,0.7777777777777778,0.95,"{""clf__C"": 10.0, ""clf__gamma_mult"": 1.0}",50.90899100000024
27,quantum/FB-QRE-RBF-SVM,quantum,14,0.6666666666666666,0.7,"{""clf__C"": 10.0, ""clf__gamma_mult"": 0.25}",50.90899100000024
27,quantum/FB-QRE-RBF-ref-SVM,quantum,0,0.4444444444444444,0.55,"{""clf__C"": 10.0, ""clf__gamma_mult"": 1.0}",67.03860290000011
27,quantum/FB-QRE-RBF-ref-SVM,quantum,1,0.6666666666666666,0.8,"{""clf__C"": 10.0, ""clf__gamma_mult"": 0.25}",67.03860290000011
27,quantum/FB-QRE-RBF-ref-SVM,quantum,2,0.5555555555555556,0.5499999999999999,"{""clf__C"": 1.0, ""clf__gamma_mult"": 1.0}",67.03860290000011
27,quantum/FB-QRE-RBF-ref-SVM,quantum,3,0.8888888888888888,1.0,"{""clf__C"": 10.0, ""clf__gamma_mult"": 1.0}",67.03860290000011
27,quantum/FB-QRE-RBF-ref-SVM,quantum,4,0.5555555555555556,0.6,"{""clf__C"": 10.0, ""clf__gamma_mult"": 0.25}",67.03860290000011
27,quantum/FB-QRE-RBF-ref-SVM,quantum,5,0.6666666666666666,0.8,"{""clf__C"": 10.0, ""clf__gamma_mult"": 0.25}",67.03860290000011
27,quantum/FB-QRE-RBF-ref-SVM,quantum,6,0.4444444444444444,0.6,"{""clf__C"": 10.0, ""clf__gamma_mult"": 1.0}",67.03860290000011
27,quantum/FB-QRE-RBF-ref-SVM,quantum,7,0.5555555555555556,0.55,"{""clf__C"": 10.0, ""clf__gamma_mult"": 1.0}",67.03860290000011
27,quantum/FB-QRE-RBF-ref-SVM,quantum,8,0.5555555555555556,0.55,"{""clf__C"": 10.0, ""clf__gamma_mult"": 0.25}",67.03860290000011
27,quantum/FB-QRE-RBF-ref-SVM,quantum,9,0.7777777777777778,0.95,"{""clf__C"": 10.0, ""clf__gamma_mult"": 0.25}",67.03860290000011
27,quantum/FB-QRE-RBF-ref-SVM,quantum,10,0.3333333333333333,0.25,"{""clf__C"": 10.0, ""clf__gamma_mult"": 4.0}",67.03860290000011
27,quantum/FB-QRE-RBF-ref-SVM,quantum,11,0.7777777777777778,0.9,"{""clf__C"": 10.0, ""clf__gamma_mult"": 1.0}",67.03860290000011
27,quantum/FB-QRE-RBF-ref-SVM,quantum,12,0.5555555555555556,0.65,"{""clf__C"": 10.0, ""clf__gamma_mult"": 1.0}",67.03860290000011
27,quantum/FB-QRE-RBF-ref-SVM,quantum,13,0.5555555555555556,0.8500000000000001,"{""clf__C"": 1.0, ""clf__gamma_mult"": 1.0}",67.03860290000011
27,quantum/FB-QRE-RBF-ref-SVM,quantum,14,0.8888888888888888,0.95,"{""clf__C"": 10.0, ""clf__gamma_mult"": 1.0}",67.03860290000011
27,control/FB-riemann-kernel-SVM,control,0,0.4444444444444444,0.4999999999999999,"{""clf__C"": 0.1}",38.41429579999931
27,control/FB-riemann-kernel-SVM,control,1,0.6666666666666666,0.75,"{""clf__C"": 1.0}",38.41429579999931
27,control/FB-riemann-kernel-SVM,control,2,0.4444444444444444,0.6,"{""clf__C"": 0.1}",38.41429579999931
27,control/FB-riemann-kernel-SVM,control,3,0.8888888888888888,0.9,"{""clf__C"": 1.0}",38.41429579999931
27,control/FB-riemann-kernel-SVM,control,4,0.5555555555555556,0.65,"{""clf__C"": 1.0}",38.41429579999931
27,control/FB-riemann-kernel-SVM,control,5,0.6666666666666666,0.75,"{""clf__C"": 1.0}",38.41429579999931
27,control/FB-riemann-kernel-SVM,control,6,0.4444444444444444,0.65,"{""clf__C"": 0.1}",38.41429579999931
27,control/FB-riemann-kernel-SVM,control,7,0.5555555555555556,0.45,"{""clf__C"": 0.1}",38.41429579999931
27,control/FB-riemann-kernel-SVM,control,8,0.5555555555555556,0.6000000000000001,"{""clf__C"": 1.0}",38.41429579999931
27,control/FB-riemann-kernel-SVM,control,9,0.6666666666666666,0.85,"{""clf__C"": 0.1}",38.41429579999931
27,control/FB-riemann-kernel-SVM,control,10,0.3333333333333333,0.55,"{""clf__C"": 0.1}",38.41429579999931
27,control/FB-riemann-kernel-SVM,control,11,0.7777777777777778,0.75,"{""clf__C"": 1.0}",38.41429579999931
27,control/FB-riemann-kernel-SVM,control,12,0.5555555555555556,0.6,"{""clf__C"": 1.0}",38.41429579999931
27,control/FB-riemann-kernel-SVM,control,13,0.7777777777777778,0.8,"{""clf__C"": 1.0}",38.41429579999931
27,control/FB-riemann-kernel-SVM,control,14,0.7777777777777778,0.85,"{""clf__C"": 0.1}",38.41429579999931
27,control/FB-logeuclid-kernel-SVM,control,0,0.5555555555555556,0.6,"{""clf__C"": 0.1}",38.45301169999948
27,control/FB-logeuclid-kernel-SVM,control,1,0.6666666666666666,0.8,"{""clf__C"": 1.0}",38.45301169999948
27,control/FB-logeuclid-kernel-SVM,control,2,0.4444444444444444,0.7,"{""clf__C"": 0.1}",38.45301169999948
27,control/FB-logeuclid-kernel-SVM,control,3,0.7777777777777778,0.9,"{""clf__C"": 1.0}",38.45301169999948
27,control/FB-logeuclid-kernel-SVM,control,4,0.4444444444444444,0.65,"{""clf__C"": 1.0}",38.45301169999948
27,control/FB-logeuclid-kernel-SVM,control,5,0.6666666666666666,0.7,"{""clf__C"": 0.1}",38.45301169999948
27,control/FB-logeuclid-kernel-SVM,control,6,0.4444444444444444,0.7,"{""clf__C"": 1.0}",38.45301169999948
27,control/FB-logeuclid-kernel-SVM,control,7,0.6666666666666666,0.6000000000000001,"{""clf__C"": 0.1}",38.45301169999948
27,control/FB-logeuclid-kernel-SVM,control,8,0.5555555555555556,0.65,"{""clf__C"": 0.1}",38.45301169999948
27,control/FB-logeuclid-kernel-SVM,control,9,0.7777777777777778,0.9,"{""clf__C"": 1.0}",38.45301169999948
27,control/FB-logeuclid-kernel-SVM,control,10,0.4444444444444444,0.55,"{""clf__C"": 0.1}",38.45301169999948
27,control/FB-logeuclid-kernel-SVM,control,11,0.8888888888888888,0.85,"{""clf__C"": 1.0}",38.45301169999948
27,control/FB-logeuclid-kernel-SVM,control,12,0.5555555555555556,0.6,"{""clf__C"": 0.1}",38.45301169999948
27,control/FB-logeuclid-kernel-SVM,control,13,0.5555555555555556,0.75,"{""clf__C"": 1.0}",38.45301169999948
27,control/FB-logeuclid-kernel-SVM,control,14,0.7777777777777778,0.9,"{""clf__C"": 1.0}",38.45301169999948
28,classical/FBCSP+LDA,classical,0,0.5555555555555556,0.6,"{""perband__base__csp__nfilter"": 6}",42.79304289999982
28,classical/FBCSP+LDA,classical,1,0.2222222222222222,0.0499999999999999,"{""perband__base__csp__nfilter"": 4}",42.79304289999982
28,classical/FBCSP+LDA,classical,2,0.2222222222222222,0.35,"{""perband__base__csp__nfilter"": 6}",42.79304289999982
28,classical/FBCSP+LDA,classical,3,0.5555555555555556,0.35,"{""perband__base__csp__nfilter"": 4}",42.79304289999982
28,classical/FBCSP+LDA,classical,4,0.4444444444444444,0.65,"{""perband__base__csp__nfilter"": 6}",42.79304289999982
28,classical/FBCSP+LDA,classical,5,0.6666666666666666,0.65,"{""perband__base__csp__nfilter"": 2}",42.79304289999982
28,classical/FBCSP+LDA,classical,6,0.3333333333333333,0.3,"{""perband__base__csp__nfilter"": 6}",42.79304289999982
28,classical/FBCSP+LDA,classical,7,0.6666666666666666,0.7,"{""perband__base__csp__nfilter"": 4}",42.79304289999982
28,classical/FBCSP+LDA,classical,8,0.5555555555555556,0.4,"{""perband__base__csp__nfilter"": 2}",42.79304289999982
28,classical/FBCSP+LDA,classical,9,0.3333333333333333,0.5,"{""perband__base__csp__nfilter"": 2}",42.79304289999982
28,classical/FBCSP+LDA,classical,10,0.4444444444444444,0.35,"{""perband__base__csp__nfilter"": 2}",42.79304289999982
28,classical/FBCSP+LDA,classical,11,0.2222222222222222,0.2499999999999999,"{""perband__base__csp__nfilter"": 2}",42.79304289999982
28,classical/FBCSP+LDA,classical,12,0.4444444444444444,0.35,"{""perband__base__csp__nfilter"": 6}",42.79304289999982
28,classical/FBCSP+LDA,classical,13,0.6666666666666666,0.75,"{""perband__base__csp__nfilter"": 6}",42.79304289999982
28,classical/FBCSP+LDA,classical,14,0.3333333333333333,0.3,"{""perband__base__csp__nfilter"": 4}",42.79304289999982
28,classical/FB-TS+LR,classical,0,0.3333333333333333,0.35,"{""clf__C"": 0.1}",56.55643689999943
28,classical/FB-TS+LR,classical,1,0.0,0.0,"{""clf__C"": 10.0}",56.55643689999943
28,classical/FB-TS+LR,classical,2,0.2222222222222222,0.25,"{""clf__C"": 0.1}",56.55643689999943
28,classical/FB-TS+LR,classical,3,0.4444444444444444,0.35,"{""clf__C"": 0.1}",56.55643689999943
28,classical/FB-TS+LR,classical,4,0.7777777777777778,0.5,"{""clf__C"": 0.1}",56.55643689999943
28,classical/FB-TS+LR,classical,5,0.3333333333333333,0.25,"{""clf__C"": 1.0}",56.55643689999943
28,classical/FB-TS+LR,classical,6,0.3333333333333333,0.35,"{""clf__C"": 1.0}",56.55643689999943
28,classical/FB-TS+LR,classical,7,0.7777777777777778,0.75,"{""clf__C"": 0.1}",56.55643689999943
28,classical/FB-TS+LR,classical,8,0.4444444444444444,0.5,"{""clf__C"": 1.0}",56.55643689999943
28,classical/FB-TS+LR,classical,9,0.2222222222222222,0.15,"{""clf__C"": 1.0}",56.55643689999943
28,classical/FB-TS+LR,classical,10,0.4444444444444444,0.35,"{""clf__C"": 0.1}",56.55643689999943
28,classical/FB-TS+LR,classical,11,0.4444444444444444,0.25,"{""clf__C"": 0.1}",56.55643689999943
28,classical/FB-TS+LR,classical,12,0.4444444444444444,0.3,"{""clf__C"": 0.1}",56.55643689999943
28,classical/FB-TS+LR,classical,13,0.5555555555555556,0.6,"{""clf__C"": 0.1}",56.55643689999943
28,classical/FB-TS+LR,classical,14,0.4444444444444444,0.45,"{""clf__C"": 0.1}",56.55643689999943
28,classical/FB-TS+RBF-SVM,classical,0,0.4444444444444444,0.25,"{""clf__C"": 0.1, ""clf__gamma"": ""scale""}",93.9542904
28,classical/FB-TS+RBF-SVM,classical,1,0.4444444444444444,0.0,"{""clf__C"": 0.1, ""clf__gamma"": ""scale""}",93.9542904
28,classical/FB-TS+RBF-SVM,classical,2,0.3333333333333333,0.35,"{""clf__C"": 0.1, ""clf__gamma"": ""scale""}",93.9542904
28,classical/FB-TS+RBF-SVM,classical,3,0.3333333333333333,0.2,"{""clf__C"": 10.0, ""clf__gamma"": ""scale""}",93.9542904
28,classical/FB-TS+RBF-SVM,classical,4,0.3333333333333333,0.5,"{""clf__C"": 0.1, ""clf__gamma"": ""scale""}",93.9542904
28,classical/FB-TS+RBF-SVM,classical,5,0.4444444444444444,0.3,"{""clf__C"": 0.1, ""clf__gamma"": ""scale""}",93.9542904
28,classical/FB-TS+RBF-SVM,classical,6,0.4444444444444444,0.5,"{""clf__C"": 0.1, ""clf__gamma"": ""scale""}",93.9542904
28,classical/FB-TS+RBF-SVM,classical,7,0.4444444444444444,0.5,"{""clf__C"": 0.1, ""clf__gamma"": ""scale""}",93.9542904
28,classical/FB-TS+RBF-SVM,classical,8,0.4444444444444444,0.45,"{""clf__C"": 1.0, ""clf__gamma"": ""scale""}",93.9542904
28,classical/FB-TS+RBF-SVM,classical,9,0.2222222222222222,0.1,"{""clf__C"": 10.0, ""clf__gamma"": ""scale""}",93.9542904
28,classical/FB-TS+RBF-SVM,classical,10,0.4444444444444444,0.25,"{""clf__C"": 0.1, ""clf__gamma"": ""scale""}",93.9542904
28,classical/FB-TS+RBF-SVM,classical,11,0.4444444444444444,0.25,"{""clf__C"": 0.1, ""clf__gamma"": ""scale""}",93.9542904
28,classical/FB-TS+RBF-SVM,classical,12,0.4444444444444444,0.25,"{""clf__C"": 0.1, ""clf__gamma"": ""scale""}",93.9542904
28,classical/FB-TS+RBF-SVM,classical,13,0.4444444444444444,0.35,"{""clf__C"": 0.1, ""clf__gamma"": ""scale""}",93.9542904
28,classical/FB-TS+RBF-SVM,classical,14,0.3333333333333333,0.35,"{""clf__C"": 10.0, ""clf__gamma"": 0.01}",93.9542904
28,quantum/FB-HS-overlap-SVM,quantum,0,0.4444444444444444,0.3999999999999999,"{""clf__C"": 0.1}",40.537293299999874
28,quantum/FB-HS-overlap-SVM,quantum,1,0.2222222222222222,0.25,"{""clf__C"": 10.0}",40.537293299999874
28,quantum/FB-HS-overlap-SVM,quantum,2,0.2222222222222222,0.15,"{""clf__C"": 0.1}",40.537293299999874
28,quantum/FB-HS-overlap-SVM,quantum,3,0.4444444444444444,0.4,"{""clf__C"": 0.1}",40.537293299999874
28,quantum/FB-HS-overlap-SVM,quantum,4,0.1111111111111111,0.2,"{""clf__C"": 0.1}",40.537293299999874
28,quantum/FB-HS-overlap-SVM,quantum,5,0.4444444444444444,0.0499999999999999,"{""clf__C"": 0.1}",40.537293299999874
28,quantum/FB-HS-overlap-SVM,quantum,6,0.4444444444444444,0.15,"{""clf__C"": 0.1}",40.537293299999874
28,quantum/FB-HS-overlap-SVM,quantum,7,0.2222222222222222,0.3,"{""clf__C"": 0.1}",40.537293299999874
28,quantum/FB-HS-overlap-SVM,quantum,8,0.2222222222222222,0.4,"{""clf__C"": 0.1}",40.537293299999874
28,quantum/FB-HS-overlap-SVM,quantum,9,0.3333333333333333,0.25,"{""clf__C"": 10.0}",40.537293299999874
28,quantum/FB-HS-overlap-SVM,quantum,10,0.4444444444444444,0.5,"{""clf__C"": 0.1}",40.537293299999874
28,quantum/FB-HS-overlap-SVM,quantum,11,0.4444444444444444,0.5,"{""clf__C"": 0.1}",40.537293299999874
28,quantum/FB-HS-overlap-SVM,quantum,12,0.2222222222222222,0.25,"{""clf__C"": 10.0}",40.537293299999874
28,quantum/FB-HS-overlap-SVM,quantum,13,0.3333333333333333,0.2,"{""clf__C"": 0.1}",40.537293299999874
28,quantum/FB-HS-overlap-SVM,quantum,14,0.4444444444444444,0.3999999999999999,"{""clf__C"": 0.1}",40.537293299999874
28,quantum/FB-HS-overlap-ref-SVM,quantum,0,0.4444444444444444,0.15,"{""clf__C"": 0.1}",51.52663789999952
28,quantum/FB-HS-overlap-ref-SVM,quantum,1,0.4444444444444444,0.0499999999999999,"{""clf__C"": 0.1}",51.52663789999952
28,quantum/FB-HS-overlap-ref-SVM,quantum,2,0.3333333333333333,0.25,"{""clf__C"": 10.0}",51.52663789999952
28,quantum/FB-HS-overlap-ref-SVM,quantum,3,0.4444444444444444,0.35,"{""clf__C"": 0.1}",51.52663789999952
28,quantum/FB-HS-overlap-ref-SVM,quantum,4,0.3333333333333333,0.45,"{""clf__C"": 0.1}",51.52663789999952
28,quantum/FB-HS-overlap-ref-SVM,quantum,5,0.4444444444444444,0.35,"{""clf__C"": 0.1}",51.52663789999952
28,quantum/FB-HS-overlap-ref-SVM,quantum,6,0.4444444444444444,0.2,"{""clf__C"": 0.1}",51.52663789999952
28,quantum/FB-HS-overlap-ref-SVM,quantum,7,0.6666666666666666,0.6000000000000001,"{""clf__C"": 0.1}",51.52663789999952
28,quantum/FB-HS-overlap-ref-SVM,quantum,8,0.4444444444444444,0.4,"{""clf__C"": 0.1}",51.52663789999952
28,quantum/FB-HS-overlap-ref-SVM,quantum,9,0.2222222222222222,0.2,"{""clf__C"": 10.0}",51.52663789999952
28,quantum/FB-HS-overlap-ref-SVM,quantum,10,0.4444444444444444,0.4,"{""clf__C"": 0.1}",51.52663789999952
28,quantum/FB-HS-overlap-ref-SVM,quantum,11,0.4444444444444444,0.2999999999999999,"{""clf__C"": 0.1}",51.52663789999952
28,quantum/FB-HS-overlap-ref-SVM,quantum,12,0.2222222222222222,0.1,"{""clf__C"": 0.1}",51.52663789999952
28,quantum/FB-HS-overlap-ref-SVM,quantum,13,0.4444444444444444,0.4,"{""clf__C"": 0.1}",51.52663789999952
28,quantum/FB-HS-overlap-ref-SVM,quantum,14,0.2222222222222222,0.1,"{""clf__C"": 0.1}",51.52663789999952
28,quantum/FB-Fidelity-SVM,quantum,0,0.4444444444444444,0.2499999999999999,"{""clf__C"": 0.1}",49.24552270000004
28,quantum/FB-Fidelity-SVM,quantum,1,0.2222222222222222,0.2,"{""clf__C"": 10.0}",49.24552270000004
28,quantum/FB-Fidelity-SVM,quantum,2,0.3333333333333333,0.15,"{""clf__C"": 0.1}",49.24552270000004
28,quantum/FB-Fidelity-SVM,quantum,3,0.2222222222222222,0.15,"{""clf__C"": 0.1}",49.24552270000004
28,quantum/FB-Fidelity-SVM,quantum,4,0.3333333333333333,0.25,"{""clf__C"": 0.1}",49.24552270000004
28,quantum/FB-Fidelity-SVM,quantum,5,0.4444444444444444,0.15,"{""clf__C"": 0.1}",49.24552270000004
28,quantum/FB-Fidelity-SVM,quantum,6,0.4444444444444444,0.35,"{""clf__C"": 0.1}",49.24552270000004
28,quantum/FB-Fidelity-SVM,quantum,7,0.4444444444444444,0.4499999999999999,"{""clf__C"": 0.1}",49.24552270000004
28,quantum/FB-Fidelity-SVM,quantum,8,0.3333333333333333,0.35,"{""clf__C"": 0.1}",49.24552270000004
28,quantum/FB-Fidelity-SVM,quantum,9,0.4444444444444444,0.2,"{""clf__C"": 0.1}",49.24552270000004
28,quantum/FB-Fidelity-SVM,quantum,10,0.4444444444444444,0.5,"{""clf__C"": 0.1}",49.24552270000004
28,quantum/FB-Fidelity-SVM,quantum,11,0.4444444444444444,0.55,"{""clf__C"": 0.1}",49.24552270000004
28,quantum/FB-Fidelity-SVM,quantum,12,0.3333333333333333,0.15,"{""clf__C"": 10.0}",49.24552270000004
28,quantum/FB-Fidelity-SVM,quantum,13,0.3333333333333333,0.25,"{""clf__C"": 0.1}",49.24552270000004
28,quantum/FB-Fidelity-SVM,quantum,14,0.4444444444444444,0.4499999999999999,"{""clf__C"": 0.1}",49.24552270000004
28,quantum/FB-Fidelity-ref-SVM,quantum,0,0.4444444444444444,0.35,"{""clf__C"": 0.1}",55.650819800000136
28,quantum/FB-Fidelity-ref-SVM,quantum,1,0.3333333333333333,0.0999999999999999,"{""clf__C"": 10.0}",55.650819800000136
28,quantum/FB-Fidelity-ref-SVM,quantum,2,0.3333333333333333,0.3,"{""clf__C"": 10.0}",55.650819800000136
28,quantum/FB-Fidelity-ref-SVM,quantum,3,0.5555555555555556,0.25,"{""clf__C"": 0.1}",55.650819800000136
28,quantum/FB-Fidelity-ref-SVM,quantum,4,0.5555555555555556,0.5,"{""clf__C"": 0.1}",55.650819800000136
28,quantum/FB-Fidelity-ref-SVM,quantum,5,0.4444444444444444,0.35,"{""clf__C"": 0.1}",55.650819800000136
28,quantum/FB-Fidelity-ref-SVM,quantum,6,0.2222222222222222,0.0999999999999999,"{""clf__C"": 10.0}",55.650819800000136
28,quantum/FB-Fidelity-ref-SVM,quantum,7,0.7777777777777778,0.65,"{""clf__C"": 0.1}",55.650819800000136
28,quantum/FB-Fidelity-ref-SVM,quantum,8,0.4444444444444444,0.45,"{""clf__C"": 0.1}",55.650819800000136
28,quantum/FB-Fidelity-ref-SVM,quantum,9,0.3333333333333333,0.3,"{""clf__C"": 10.0}",55.650819800000136
28,quantum/FB-Fidelity-ref-SVM,quantum,10,0.4444444444444444,0.45,"{""clf__C"": 0.1}",55.650819800000136
28,quantum/FB-Fidelity-ref-SVM,quantum,11,0.5555555555555556,0.3999999999999999,"{""clf__C"": 10.0}",55.650819800000136
28,quantum/FB-Fidelity-ref-SVM,quantum,12,0.4444444444444444,0.35,"{""clf__C"": 10.0}",55.650819800000136
28,quantum/FB-Fidelity-ref-SVM,quantum,13,0.5555555555555556,0.45,"{""clf__C"": 0.1}",55.650819800000136
28,quantum/FB-Fidelity-ref-SVM,quantum,14,0.3333333333333333,0.2,"{""clf__C"": 0.1}",55.650819800000136
28,quantum/FB-HS-RBF-SVM,quantum,0,0.4444444444444444,0.35,"{""clf__C"": 0.1, ""clf__gamma_mult"": 0.25}",48.47203830000035
28,quantum/FB-HS-RBF-SVM,quantum,1,0.2222222222222222,0.25,"{""clf__C"": 10.0, ""clf__gamma_mult"": 0.25}",48.47203830000035
28,quantum/FB-HS-RBF-SVM,quantum,2,0.3333333333333333,0.2,"{""clf__C"": 0.1, ""clf__gamma_mult"": 0.25}",48.47203830000035
28,quantum/FB-HS-RBF-SVM,quantum,3,0.4444444444444444,0.4,"{""clf__C"": 1.0, ""clf__gamma_mult"": 1.0}",48.47203830000035
28,quantum/FB-HS-RBF-SVM,quantum,4,0.2222222222222222,0.15,"{""clf__C"": 10.0, ""clf__gamma_mult"": 1.0}",48.47203830000035
28,quantum/FB-HS-RBF-SVM,quantum,5,0.4444444444444444,0.35,"{""clf__C"": 0.1, ""clf__gamma_mult"": 0.25}",48.47203830000035
28,quantum/FB-HS-RBF-SVM,quantum,6,0.4444444444444444,0.0,"{""clf__C"": 0.1, ""clf__gamma_mult"": 0.25}",48.47203830000035
28,quantum/FB-HS-RBF-SVM,quantum,7,0.5555555555555556,0.55,"{""clf__C"": 0.1, ""clf__gamma_mult"": 0.25}",48.47203830000035
28,quantum/FB-HS-RBF-SVM,quantum,8,0.3333333333333333,0.35,"{""clf__C"": 1.0, ""clf__gamma_mult"": 4.0}",48.47203830000035
28,quantum/FB-HS-RBF-SVM,quantum,9,0.4444444444444444,0.3,"{""clf__C"": 0.1, ""clf__gamma_mult"": 0.25}",48.47203830000035
28,quantum/FB-HS-RBF-SVM,quantum,10,0.4444444444444444,0.5,"{""clf__C"": 0.1, ""clf__gamma_mult"": 0.25}",48.47203830000035
28,quantum/FB-HS-RBF-SVM,quantum,11,0.4444444444444444,0.3,"{""clf__C"": 1.0, ""clf__gamma_mult"": 1.0}",48.47203830000035
28,quantum/FB-HS-RBF-SVM,quantum,12,0.4444444444444444,0.4,"{""clf__C"": 1.0, ""clf__gamma_mult"": 1.0}",48.47203830000035
28,quantum/FB-HS-RBF-SVM,quantum,13,0.3333333333333333,0.4,"{""clf__C"": 0.1, ""clf__gamma_mult"": 0.25}",48.47203830000035
28,quantum/FB-HS-RBF-SVM,quantum,14,0.2222222222222222,0.2,"{""clf__C"": 0.1, ""clf__gamma_mult"": 0.25}",48.47203830000035
28,quantum/FB-HS-RBF-ref-SVM,quantum,0,0.4444444444444444,0.2,"{""clf__C"": 1.0, ""clf__gamma_mult"": 1.0}",68.12552539999979
28,quantum/FB-HS-RBF-ref-SVM,quantum,1,0.2222222222222222,0.0499999999999999,"{""clf__C"": 1.0, ""clf__gamma_mult"": 1.0}",68.12552539999979
28,quantum/FB-HS-RBF-ref-SVM,quantum,2,0.3333333333333333,0.3,"{""clf__C"": 10.0, ""clf__gamma_mult"": 0.25}",68.12552539999979
28,quantum/FB-HS-RBF-ref-SVM,quantum,3,0.4444444444444444,0.25,"{""clf__C"": 0.1, ""clf__gamma_mult"": 0.25}",68.12552539999979
28,quantum/FB-HS-RBF-ref-SVM,quantum,4,0.3333333333333333,0.45,"{""clf__C"": 0.1, ""clf__gamma_mult"": 0.25}",68.12552539999979
28,quantum/FB-HS-RBF-ref-SVM,quantum,5,0.4444444444444444,0.3,"{""clf__C"": 1.0, ""clf__gamma_mult"": 4.0}",68.12552539999979
28,quantum/FB-HS-RBF-ref-SVM,quantum,6,0.3333333333333333,0.2,"{""clf__C"": 1.0, ""clf__gamma_mult"": 1.0}",68.12552539999979
28,quantum/FB-HS-RBF-ref-SVM,quantum,7,0.7777777777777778,0.6000000000000001,"{""clf__C"": 0.1, ""clf__gamma_mult"": 0.25}",68.12552539999979
28,quantum/FB-HS-RBF-ref-SVM,quantum,8,0.4444444444444444,0.35,"{""clf__C"": 1.0, ""clf__gamma_mult"": 1.0}",68.12552539999979
28,quantum/FB-HS-RBF-ref-SVM,quantum,9,0.2222222222222222,0.2,"{""clf__C"": 10.0, ""clf__gamma_mult"": 1.0}",68.12552539999979
28,quantum/FB-HS-RBF-ref-SVM,quantum,10,0.4444444444444444,0.35,"{""clf__C"": 0.1, ""clf__gamma_mult"": 0.25}",68.12552539999979
28,quantum/FB-HS-RBF-ref-SVM,quantum,11,0.4444444444444444,0.2999999999999999,"{""clf__C"": 0.1, ""clf__gamma_mult"": 0.25}",68.12552539999979
28,quantum/FB-HS-RBF-ref-SVM,quantum,12,0.3333333333333333,0.25,"{""clf__C"": 10.0, ""clf__gamma_mult"": 1.0}",68.12552539999979
28,quantum/FB-HS-RBF-ref-SVM,quantum,13,0.3333333333333333,0.4,"{""clf__C"": 0.1, ""clf__gamma_mult"": 0.25}",68.12552539999979
28,quantum/FB-HS-RBF-ref-SVM,quantum,14,0.3333333333333333,0.2,"{""clf__C"": 10.0, ""clf__gamma_mult"": 4.0}",68.12552539999979
28,quantum/FB-Bures-RBF-SVM,quantum,0,0.4444444444444444,0.35,"{""clf__C"": 0.1, ""clf__gamma_mult"": 0.25}",83.22740970000086
28,quantum/FB-Bures-RBF-SVM,quantum,1,0.1111111111111111,0.15,"{""clf__C"": 10.0, ""clf__gamma_mult"": 0.25}",83.22740970000086
28,quantum/FB-Bures-RBF-SVM,quantum,2,0.3333333333333333,0.15,"{""clf__C"": 0.1, ""clf__gamma_mult"": 0.25}",83.22740970000086
28,quantum/FB-Bures-RBF-SVM,quantum,3,0.4444444444444444,0.4,"{""clf__C"": 1.0, ""clf__gamma_mult"": 1.0}",83.22740970000086
28,quantum/FB-Bures-RBF-SVM,quantum,4,0.4444444444444444,0.25,"{""clf__C"": 0.1, ""clf__gamma_mult"": 0.25}",83.22740970000086
28,quantum/FB-Bures-RBF-SVM,quantum,5,0.4444444444444444,0.3,"{""clf__C"": 0.1, ""clf__gamma_mult"": 0.25}",83.22740970000086
28,quantum/FB-Bures-RBF-SVM,quantum,6,0.3333333333333333,0.15,"{""clf__C"": 10.0, ""clf__gamma_mult"": 0.25}",83.22740970000086
28,quantum/FB-Bures-RBF-SVM,quantum,7,0.4444444444444444,0.65,"{""clf__C"": 0.1, ""clf__gamma_mult"": 0.25}",83.22740970000086
28,quantum/FB-Bures-RBF-SVM,quantum,8,0.4444444444444444,0.4,"{""clf__C"": 1.0, ""clf__gamma_mult"": 4.0}",83.22740970000086
28,quantum/FB-Bures-RBF-SVM,quantum,9,0.4444444444444444,0.25,"{""clf__C"": 0.1, ""clf__gamma_mult"": 0.25}",83.22740970000086
28,quantum/FB-Bures-RBF-SVM,quantum,10,0.4444444444444444,0.5499999999999999,"{""clf__C"": 0.1, ""clf__gamma_mult"": 0.25}",83.22740970000086
28,quantum/FB-Bures-RBF-SVM,quantum,11,0.3333333333333333,0.35,"{""clf__C"": 1.0, ""clf__gamma_mult"": 1.0}",83.22740970000086
28,quantum/FB-Bures-RBF-SVM,quantum,12,0.2222222222222222,0.2,"{""clf__C"": 1.0, ""clf__gamma_mult"": 1.0}",83.22740970000086
28,quantum/FB-Bures-RBF-SVM,quantum,13,0.2222222222222222,0.4,"{""clf__C"": 0.1, ""clf__gamma_mult"": 0.25}",83.22740970000086
28,quantum/FB-Bures-RBF-SVM,quantum,14,0.2222222222222222,0.15,"{""clf__C"": 0.1, ""clf__gamma_mult"": 0.25}",83.22740970000086
28,quantum/FB-Bures-RBF-ref-SVM,quantum,0,0.4444444444444444,0.2,"{""clf__C"": 1.0, ""clf__gamma_mult"": 1.0}",104.40677070000038
28,quantum/FB-Bures-RBF-ref-SVM,quantum,1,0.2222222222222222,0.15,"{""clf__C"": 10.0, ""clf__gamma_mult"": 4.0}",104.40677070000038
28,quantum/FB-Bures-RBF-ref-SVM,quantum,2,0.3333333333333333,0.3,"{""clf__C"": 10.0, ""clf__gamma_mult"": 0.25}",104.40677070000038
28,quantum/FB-Bures-RBF-ref-SVM,quantum,3,0.5555555555555556,0.25,"{""clf__C"": 0.1, ""clf__gamma_mult"": 0.25}",104.40677070000038
28,quantum/FB-Bures-RBF-ref-SVM,quantum,4,0.5555555555555556,0.5,"{""clf__C"": 0.1, ""clf__gamma_mult"": 0.25}",104.40677070000038
28,quantum/FB-Bures-RBF-ref-SVM,quantum,5,0.4444444444444444,0.3,"{""clf__C"": 1.0, ""clf__gamma_mult"": 4.0}",104.40677070000038
28,quantum/FB-Bures-RBF-ref-SVM,quantum,6,0.4444444444444444,0.2,"{""clf__C"": 1.0, ""clf__gamma_mult"": 1.0}",104.40677070000038
28,quantum/FB-Bures-RBF-ref-SVM,quantum,7,0.6666666666666666,0.6,"{""clf__C"": 10.0, ""clf__gamma_mult"": 4.0}",104.40677070000038
28,quantum/FB-Bures-RBF-ref-SVM,quantum,8,0.5555555555555556,0.6,"{""clf__C"": 1.0, ""clf__gamma_mult"": 4.0}",104.40677070000038
28,quantum/FB-Bures-RBF-ref-SVM,quantum,9,0.2222222222222222,0.2,"{""clf__C"": 10.0, ""clf__gamma_mult"": 1.0}",104.40677070000038
28,quantum/FB-Bures-RBF-ref-SVM,quantum,10,0.4444444444444444,0.45,"{""clf__C"": 0.1, ""clf__gamma_mult"": 0.25}",104.40677070000038
28,quantum/FB-Bures-RBF-ref-SVM,quantum,11,0.4444444444444444,0.4499999999999999,"{""clf__C"": 0.1, ""clf__gamma_mult"": 0.25}",104.40677070000038
28,quantum/FB-Bures-RBF-ref-SVM,quantum,12,0.4444444444444444,0.35,"{""clf__C"": 10.0, ""clf__gamma_mult"": 0.25}",104.40677070000038
28,quantum/FB-Bures-RBF-ref-SVM,quantum,13,0.5555555555555556,0.45,"{""clf__C"": 0.1, ""clf__gamma_mult"": 0.25}",104.40677070000038
28,quantum/FB-Bures-RBF-ref-SVM,quantum,14,0.4444444444444444,0.3,"{""clf__C"": 10.0, ""clf__gamma_mult"": 4.0}",104.40677070000038
28,quantum/FB-QRE-RBF-SVM,quantum,0,0.4444444444444444,0.35,"{""clf__C"": 0.1, ""clf__gamma_mult"": 0.25}",61.22551199999998
28,quantum/FB-QRE-RBF-SVM,quantum,1,0.2222222222222222,0.15,"{""clf__C"": 1.0, ""clf__gamma_mult"": 1.0}",61.22551199999998
28,quantum/FB-QRE-RBF-SVM,quantum,2,0.2222222222222222,0.15,"{""clf__C"": 0.1, ""clf__gamma_mult"": 0.25}",61.22551199999998
28,quantum/FB-QRE-RBF-SVM,quantum,3,0.4444444444444444,0.3,"{""clf__C"": 1.0, ""clf__gamma_mult"": 4.0}",61.22551199999998
28,quantum/FB-QRE-RBF-SVM,quantum,4,0.4444444444444444,0.2,"{""clf__C"": 0.1, ""clf__gamma_mult"": 0.25}",61.22551199999998
28,quantum/FB-QRE-RBF-SVM,quantum,5,0.4444444444444444,0.35,"{""clf__C"": 0.1, ""clf__gamma_mult"": 0.25}",61.22551199999998
28,quantum/FB-QRE-RBF-SVM,quantum,6,0.2222222222222222,0.1,"{""clf__C"": 10.0, ""clf__gamma_mult"": 0.25}",61.22551199999998
28,quantum/FB-QRE-RBF-SVM,quantum,7,0.4444444444444444,0.75,"{""clf__C"": 0.1, ""clf__gamma_mult"": 0.25}",61.22551199999998
28,quantum/FB-QRE-RBF-SVM,quantum,8,0.4444444444444444,0.4,"{""clf__C"": 1.0, ""clf__gamma_mult"": 4.0}",61.22551199999998
28,quantum/FB-QRE-RBF-SVM,quantum,9,0.4444444444444444,0.25,"{""clf__C"": 0.1, ""clf__gamma_mult"": 0.25}",61.22551199999998
28,quantum/FB-QRE-RBF-SVM,quantum,10,0.4444444444444444,0.5,"{""clf__C"": 0.1, ""clf__gamma_mult"": 0.25}",61.22551199999998
28,quantum/FB-QRE-RBF-SVM,quantum,11,0.4444444444444444,0.45,"{""clf__C"": 0.1, ""clf__gamma_mult"": 0.25}",61.22551199999998
28,quantum/FB-QRE-RBF-SVM,quantum,12,0.2222222222222222,0.2,"{""clf__C"": 1.0, ""clf__gamma_mult"": 1.0}",61.22551199999998
28,quantum/FB-QRE-RBF-SVM,quantum,13,0.2222222222222222,0.35,"{""clf__C"": 0.1, ""clf__gamma_mult"": 0.25}",61.22551199999998
28,quantum/FB-QRE-RBF-SVM,quantum,14,0.4444444444444444,0.2,"{""clf__C"": 0.1, ""clf__gamma_mult"": 0.25}",61.22551199999998
28,quantum/FB-QRE-RBF-ref-SVM,quantum,0,0.4444444444444444,0.3999999999999999,"{""clf__C"": 0.1, ""clf__gamma_mult"": 0.25}",78.58030019999933
28,quantum/FB-QRE-RBF-ref-SVM,quantum,1,0.2222222222222222,0.15,"{""clf__C"": 10.0, ""clf__gamma_mult"": 4.0}",78.58030019999933
28,quantum/FB-QRE-RBF-ref-SVM,quantum,2,0.4444444444444444,0.35,"{""clf__C"": 10.0, ""clf__gamma_mult"": 1.0}",78.58030019999933
28,quantum/FB-QRE-RBF-ref-SVM,quantum,3,0.5555555555555556,0.25,"{""clf__C"": 0.1, ""clf__gamma_mult"": 0.25}",78.58030019999933
28,quantum/FB-QRE-RBF-ref-SVM,quantum,4,0.4444444444444444,0.5,"{""clf__C"": 0.1, ""clf__gamma_mult"": 0.25}",78.58030019999933
28,quantum/FB-QRE-RBF-ref-SVM,quantum,5,0.4444444444444444,0.35,"{""clf__C"": 1.0, ""clf__gamma_mult"": 1.0}",78.58030019999933
28,quantum/FB-QRE-RBF-ref-SVM,quantum,6,0.3333333333333333,0.15,"{""clf__C"": 10.0, ""clf__gamma_mult"": 1.0}",78.58030019999933
28,quantum/FB-QRE-RBF-ref-SVM,quantum,7,0.7777777777777778,0.65,"{""clf__C"": 0.1, ""clf__gamma_mult"": 0.25}",78.58030019999933
28,quantum/FB-QRE-RBF-ref-SVM,quantum,8,0.5555555555555556,0.6,"{""clf__C"": 1.0, ""clf__gamma_mult"": 4.0}",78.58030019999933
28,quantum/FB-QRE-RBF-ref-SVM,quantum,9,0.2222222222222222,0.2,"{""clf__C"": 10.0, ""clf__gamma_mult"": 1.0}",78.58030019999933
28,quantum/FB-QRE-RBF-ref-SVM,quantum,10,0.4444444444444444,0.45,"{""clf__C"": 0.1, ""clf__gamma_mult"": 0.25}",78.58030019999933
28,quantum/FB-QRE-RBF-ref-SVM,quantum,11,0.4444444444444444,0.4499999999999999,"{""clf__C"": 0.1, ""clf__gamma_mult"": 0.25}",78.58030019999933
28,quantum/FB-QRE-RBF-ref-SVM,quantum,12,0.4444444444444444,0.45,"{""clf__C"": 10.0, ""clf__gamma_mult"": 0.25}",78.58030019999933
28,quantum/FB-QRE-RBF-ref-SVM,quantum,13,0.5555555555555556,0.5,"{""clf__C"": 0.1, ""clf__gamma_mult"": 0.25}",78.58030019999933
28,quantum/FB-QRE-RBF-ref-SVM,quantum,14,0.4444444444444444,0.35,"{""clf__C"": 10.0, ""clf__gamma_mult"": 4.0}",78.58030019999933
28,control/FB-riemann-kernel-SVM,control,0,0.4444444444444444,0.45,"{""clf__C"": 1.0}",47.44775130000016
28,control/FB-riemann-kernel-SVM,control,1,0.2222222222222222,0.0999999999999999,"{""clf__C"": 0.1}",47.44775130000016
28,control/FB-riemann-kernel-SVM,control,2,0.2222222222222222,0.35,"{""clf__C"": 0.1}",47.44775130000016
28,control/FB-riemann-kernel-SVM,control,3,0.5555555555555556,0.4499999999999999,"{""clf__C"": 1.0}",47.44775130000016
28,control/FB-riemann-kernel-SVM,control,4,0.7777777777777778,0.75,"{""clf__C"": 1.0}",47.44775130000016
28,control/FB-riemann-kernel-SVM,control,5,0.3333333333333333,0.25,"{""clf__C"": 1.0}",47.44775130000016
28,control/FB-riemann-kernel-SVM,control,6,0.4444444444444444,0.3,"{""clf__C"": 1.0}",47.44775130000016
28,control/FB-riemann-kernel-SVM,control,7,0.7777777777777778,0.7,"{""clf__C"": 1.0}",47.44775130000016
28,control/FB-riemann-kernel-SVM,control,8,0.4444444444444444,0.6,"{""clf__C"": 0.1}",47.44775130000016
28,control/FB-riemann-kernel-SVM,control,9,0.2222222222222222,0.35,"{""clf__C"": 1.0}",47.44775130000016
28,control/FB-riemann-kernel-SVM,control,10,0.4444444444444444,0.45,"{""clf__C"": 1.0}",47.44775130000016
28,control/FB-riemann-kernel-SVM,control,11,0.5555555555555556,0.5,"{""clf__C"": 0.1}",47.44775130000016
28,control/FB-riemann-kernel-SVM,control,12,0.5555555555555556,0.5,"{""clf__C"": 1.0}",47.44775130000016
28,control/FB-riemann-kernel-SVM,control,13,0.5555555555555556,0.75,"{""clf__C"": 1.0}",47.44775130000016
28,control/FB-riemann-kernel-SVM,control,14,0.5555555555555556,0.4,"{""clf__C"": 0.1}",47.44775130000016
28,control/FB-logeuclid-kernel-SVM,control,0,0.5555555555555556,0.55,"{""clf__C"": 1.0}",48.75977349999994
28,control/FB-logeuclid-kernel-SVM,control,1,0.2222222222222222,0.0,"{""clf__C"": 0.1}",48.75977349999994
28,control/FB-logeuclid-kernel-SVM,control,2,0.3333333333333333,0.4,"{""clf__C"": 1.0}",48.75977349999994
28,control/FB-logeuclid-kernel-SVM,control,3,0.5555555555555556,0.2,"{""clf__C"": 0.1}",48.75977349999994
28,control/FB-logeuclid-kernel-SVM,control,4,0.8888888888888888,0.8,"{""clf__C"": 1.0}",48.75977349999994
28,control/FB-logeuclid-kernel-SVM,control,5,0.4444444444444444,0.25,"{""clf__C"": 1.0}",48.75977349999994
28,control/FB-logeuclid-kernel-SVM,control,6,0.4444444444444444,0.6,"{""clf__C"": 1.0}",48.75977349999994
28,control/FB-logeuclid-kernel-SVM,control,7,0.7777777777777778,0.7,"{""clf__C"": 1.0}",48.75977349999994
28,control/FB-logeuclid-kernel-SVM,control,8,0.5555555555555556,0.65,"{""clf__C"": 1.0}",48.75977349999994
28,control/FB-logeuclid-kernel-SVM,control,9,0.5555555555555556,0.45,"{""clf__C"": 0.1}",48.75977349999994
28,control/FB-logeuclid-kernel-SVM,control,10,0.5555555555555556,0.6,"{""clf__C"": 1.0}",48.75977349999994
28,control/FB-logeuclid-kernel-SVM,control,11,0.5555555555555556,0.7000000000000001,"{""clf__C"": 1.0}",48.75977349999994
28,control/FB-logeuclid-kernel-SVM,control,12,0.5555555555555556,0.6000000000000001,"{""clf__C"": 1.0}",48.75977349999994
28,control/FB-logeuclid-kernel-SVM,control,13,0.8888888888888888,0.85,"{""clf__C"": 1.0}",48.75977349999994
28,control/FB-logeuclid-kernel-SVM,control,14,0.6666666666666666,0.6000000000000001,"{""clf__C"": 1.0}",48.75977349999994
29,classical/FBCSP+LDA,classical,0,0.8888888888888888,1.0,"{""perband__base__csp__nfilter"": 2}",49.75418239999999
29,classical/FBCSP+LDA,classical,1,1.0,1.0,"{""perband__base__csp__nfilter"": 4}",49.75418239999999
29,classical/FBCSP+LDA,classical,2,1.0,1.0,"{""perband__base__csp__nfilter"": 2}",49.75418239999999
29,classical/FBCSP+LDA,classical,3,1.0,1.0,"{""perband__base__csp__nfilter"": 4}",49.75418239999999
29,classical/FBCSP+LDA,classical,4,1.0,1.0,"{""perband__base__csp__nfilter"": 6}",49.75418239999999
29,classical/FBCSP+LDA,classical,5,0.8888888888888888,1.0,"{""perband__base__csp__nfilter"": 2}",49.75418239999999
29,classical/FBCSP+LDA,classical,6,1.0,1.0,"{""perband__base__csp__nfilter"": 2}",49.75418239999999
29,classical/FBCSP+LDA,classical,7,1.0,1.0,"{""perband__base__csp__nfilter"": 2}",49.75418239999999
29,classical/FBCSP+LDA,classical,8,1.0,1.0,"{""perband__base__csp__nfilter"": 6}",49.75418239999999
29,classical/FBCSP+LDA,classical,9,1.0,1.0,"{""perband__base__csp__nfilter"": 4}",49.75418239999999
29,classical/FBCSP+LDA,classical,10,1.0,1.0,"{""perband__base__csp__nfilter"": 2}",49.75418239999999
29,classical/FBCSP+LDA,classical,11,1.0,1.0,"{""perband__base__csp__nfilter"": 4}",49.75418239999999
29,classical/FBCSP+LDA,classical,12,1.0,1.0,"{""perband__base__csp__nfilter"": 4}",49.75418239999999
29,classical/FBCSP+LDA,classical,13,1.0,1.0,"{""perband__base__csp__nfilter"": 2}",49.75418239999999
29,classical/FBCSP+LDA,classical,14,1.0,1.0,"{""perband__base__csp__nfilter"": 4}",49.75418239999999
29,classical/FB-TS+LR,classical,0,0.8888888888888888,1.0,"{""clf__C"": 0.1}",55.10594420000052
29,classical/FB-TS+LR,classical,1,1.0,1.0,"{""clf__C"": 0.1}",55.10594420000052
29,classical/FB-TS+LR,classical,2,1.0,1.0,"{""clf__C"": 0.1}",55.10594420000052
29,classical/FB-TS+LR,classical,3,1.0,1.0,"{""clf__C"": 0.1}",55.10594420000052
29,classical/FB-TS+LR,classical,4,1.0,1.0,"{""clf__C"": 0.1}",55.10594420000052
29,classical/FB-TS+LR,classical,5,1.0,1.0,"{""clf__C"": 0.1}",55.10594420000052
29,classical/FB-TS+LR,classical,6,1.0,1.0,"{""clf__C"": 0.1}",55.10594420000052
29,classical/FB-TS+LR,classical,7,1.0,1.0,"{""clf__C"": 0.1}",55.10594420000052
29,classical/FB-TS+LR,classical,8,1.0,1.0,"{""clf__C"": 0.1}",55.10594420000052
29,classical/FB-TS+LR,classical,9,1.0,1.0,"{""clf__C"": 0.1}",55.10594420000052
29,classical/FB-TS+LR,classical,10,0.8888888888888888,1.0,"{""clf__C"": 0.1}",55.10594420000052
29,classical/FB-TS+LR,classical,11,1.0,1.0,"{""clf__C"": 0.1}",55.10594420000052
29,classical/FB-TS+LR,classical,12,1.0,1.0,"{""clf__C"": 0.1}",55.10594420000052
29,classical/FB-TS+LR,classical,13,1.0,1.0,"{""clf__C"": 0.1}",55.10594420000052
29,classical/FB-TS+LR,classical,14,1.0,1.0,"{""clf__C"": 0.1}",55.10594420000052
29,classical/FB-TS+RBF-SVM,classical,0,0.8888888888888888,1.0,"{""clf__C"": 1.0, ""clf__gamma"": ""scale""}",93.04027450000012
29,classical/FB-TS+RBF-SVM,classical,1,1.0,1.0,"{""clf__C"": 1.0, ""clf__gamma"": ""scale""}",93.04027450000012
29,classical/FB-TS+RBF-SVM,classical,2,1.0,1.0,"{""clf__C"": 1.0, ""clf__gamma"": ""scale""}",93.04027450000012
29,classical/FB-TS+RBF-SVM,classical,3,1.0,1.0,"{""clf__C"": 1.0, ""clf__gamma"": ""scale""}",93.04027450000012
29,classical/FB-TS+RBF-SVM,classical,4,1.0,1.0,"{""clf__C"": 1.0, ""clf__gamma"": ""scale""}",93.04027450000012
29,classical/FB-TS+RBF-SVM,classical,5,1.0,1.0,"{""clf__C"": 1.0, ""clf__gamma"": ""scale""}",93.04027450000012
29,classical/FB-TS+RBF-SVM,classical,6,1.0,1.0,"{""clf__C"": 1.0, ""clf__gamma"": ""scale""}",93.04027450000012
29,classical/FB-TS+RBF-SVM,classical,7,1.0,1.0,"{""clf__C"": 1.0, ""clf__gamma"": ""scale""}",93.04027450000012
29,classical/FB-TS+RBF-SVM,classical,8,1.0,1.0,"{""clf__C"": 1.0, ""clf__gamma"": ""scale""}",93.04027450000012
29,classical/FB-TS+RBF-SVM,classical,9,1.0,1.0,"{""clf__C"": 1.0, ""clf__gamma"": ""scale""}",93.04027450000012
29,classical/FB-TS+RBF-SVM,classical,10,1.0,1.0,"{""clf__C"": 1.0, ""clf__gamma"": ""scale""}",93.04027450000012
29,classical/FB-TS+RBF-SVM,classical,11,1.0,1.0,"{""clf__C"": 1.0, ""clf__gamma"": ""scale""}",93.04027450000012
29,classical/FB-TS+RBF-SVM,classical,12,1.0,1.0,"{""clf__C"": 1.0, ""clf__gamma"": ""scale""}",93.04027450000012
29,classical/FB-TS+RBF-SVM,classical,13,1.0,1.0,"{""clf__C"": 1.0, ""clf__gamma"": ""scale""}",93.04027450000012
29,classical/FB-TS+RBF-SVM,classical,14,1.0,1.0,"{""clf__C"": 1.0, ""clf__gamma"": ""scale""}",93.04027450000012
29,quantum/FB-HS-overlap-SVM,quantum,0,0.4444444444444444,0.15,"{""clf__C"": 0.1}",38.785429500000646
29,quantum/FB-HS-overlap-SVM,quantum,1,0.4444444444444444,0.6500000000000001,"{""clf__C"": 0.1}",38.785429500000646
29,quantum/FB-HS-overlap-SVM,quantum,2,0.4444444444444444,0.6,"{""clf__C"": 0.1}",38.785429500000646
29,quantum/FB-HS-overlap-SVM,quantum,3,0.4444444444444444,0.4499999999999999,"{""clf__C"": 0.1}",38.785429500000646
29,quantum/FB-HS-overlap-SVM,quantum,4,0.3333333333333333,0.2,"{""clf__C"": 10.0}",38.785429500000646
29,quantum/FB-HS-overlap-SVM,quantum,5,0.4444444444444444,0.2,"{""clf__C"": 0.1}",38.785429500000646
29,quantum/FB-HS-overlap-SVM,quantum,6,0.4444444444444444,0.4,"{""clf__C"": 0.1}",38.785429500000646
29,quantum/FB-HS-overlap-SVM,quantum,7,0.3333333333333333,0.5,"{""clf__C"": 0.1}",38.785429500000646
29,quantum/FB-HS-overlap-SVM,quantum,8,0.5555555555555556,0.1999999999999999,"{""clf__C"": 0.1}",38.785429500000646
29,quantum/FB-HS-overlap-SVM,quantum,9,0.3333333333333333,0.3999999999999999,"{""clf__C"": 0.1}",38.785429500000646
29,quantum/FB-HS-overlap-SVM,quantum,10,0.4444444444444444,0.6000000000000001,"{""clf__C"": 0.1}",38.785429500000646
29,quantum/FB-HS-overlap-SVM,quantum,11,0.4444444444444444,0.0,"{""clf__C"": 0.1}",38.785429500000646
29,quantum/FB-HS-overlap-SVM,quantum,12,0.4444444444444444,0.1999999999999999,"{""clf__C"": 0.1}",38.785429500000646
29,quantum/FB-HS-overlap-SVM,quantum,13,0.4444444444444444,0.6,"{""clf__C"": 0.1}",38.785429500000646
29,quantum/FB-HS-overlap-SVM,quantum,14,0.4444444444444444,0.35,"{""clf__C"": 0.1}",38.785429500000646
29,quantum/FB-HS-overlap-ref-SVM,quantum,0,0.8888888888888888,1.0,"{""clf__C"": 1.0}",43.279710499999965
29,quantum/FB-HS-overlap-ref-SVM,quantum,1,1.0,1.0,"{""clf__C"": 10.0}",43.279710499999965
29,quantum/FB-HS-overlap-ref-SVM,quantum,2,1.0,1.0,"{""clf__C"": 10.0}",43.279710499999965
29,quantum/FB-HS-overlap-ref-SVM,quantum,3,1.0,1.0,"{""clf__C"": 10.0}",43.279710499999965
29,quantum/FB-HS-overlap-ref-SVM,quantum,4,1.0,1.0,"{""clf__C"": 10.0}",43.279710499999965
29,quantum/FB-HS-overlap-ref-SVM,quantum,5,0.8888888888888888,1.0,"{""clf__C"": 10.0}",43.279710499999965
29,quantum/FB-HS-overlap-ref-SVM,quantum,6,1.0,1.0,"{""clf__C"": 10.0}",43.279710499999965
29,quantum/FB-HS-overlap-ref-SVM,quantum,7,1.0,1.0,"{""clf__C"": 1.0}",43.279710499999965
29,quantum/FB-HS-overlap-ref-SVM,quantum,8,1.0,1.0,"{""clf__C"": 10.0}",43.279710499999965
29,quantum/FB-HS-overlap-ref-SVM,quantum,9,1.0,1.0,"{""clf__C"": 1.0}",43.279710499999965
29,quantum/FB-HS-overlap-ref-SVM,quantum,10,1.0,1.0,"{""clf__C"": 10.0}",43.279710499999965
29,quantum/FB-HS-overlap-ref-SVM,quantum,11,1.0,1.0,"{""clf__C"": 10.0}",43.279710499999965
29,quantum/FB-HS-overlap-ref-SVM,quantum,12,1.0,1.0,"{""clf__C"": 1.0}",43.279710499999965
29,quantum/FB-HS-overlap-ref-SVM,quantum,13,1.0,1.0,"{""clf__C"": 1.0}",43.279710499999965
29,quantum/FB-HS-overlap-ref-SVM,quantum,14,1.0,1.0,"{""clf__C"": 10.0}",43.279710499999965
29,quantum/FB-Fidelity-SVM,quantum,0,0.4444444444444444,0.15,"{""clf__C"": 0.1}",42.29454129999976
29,quantum/FB-Fidelity-SVM,quantum,1,0.4444444444444444,0.5,"{""clf__C"": 0.1}",42.29454129999976
29,quantum/FB-Fidelity-SVM,quantum,2,0.4444444444444444,0.6,"{""clf__C"": 0.1}",42.29454129999976
29,quantum/FB-Fidelity-SVM,quantum,3,0.5555555555555556,0.5,"{""clf__C"": 0.1}",42.29454129999976
29,quantum/FB-Fidelity-SVM,quantum,4,0.4444444444444444,0.25,"{""clf__C"": 0.1}",42.29454129999976
29,quantum/FB-Fidelity-SVM,quantum,5,0.4444444444444444,0.2,"{""clf__C"": 0.1}",42.29454129999976
29,quantum/FB-Fidelity-SVM,quantum,6,0.4444444444444444,0.5,"{""clf__C"": 0.1}",42.29454129999976
29,quantum/FB-Fidelity-SVM,quantum,7,0.3333333333333333,0.5,"{""clf__C"": 0.1}",42.29454129999976
29,quantum/FB-Fidelity-SVM,quantum,8,0.5555555555555556,0.1999999999999999,"{""clf__C"": 0.1}",42.29454129999976
29,quantum/FB-Fidelity-SVM,quantum,9,0.3333333333333333,0.35,"{""clf__C"": 0.1}",42.29454129999976
29,quantum/FB-Fidelity-SVM,quantum,10,0.4444444444444444,0.4,"{""clf__C"": 0.1}",42.29454129999976
29,quantum/FB-Fidelity-SVM,quantum,11,0.4444444444444444,0.0,"{""clf__C"": 0.1}",42.29454129999976
29,quantum/FB-Fidelity-SVM,quantum,12,0.3333333333333333,0.1999999999999999,"{""clf__C"": 0.1}",42.29454129999976
29,quantum/FB-Fidelity-SVM,quantum,13,0.5555555555555556,0.6500000000000001,"{""clf__C"": 0.1}",42.29454129999976
29,quantum/FB-Fidelity-SVM,quantum,14,0.4444444444444444,0.35,"{""clf__C"": 0.1}",42.29454129999976
29,quantum/FB-Fidelity-ref-SVM,quantum,0,0.8888888888888888,1.0,"{""clf__C"": 10.0}",49.77341330000036
29,quantum/FB-Fidelity-ref-SVM,quantum,1,1.0,1.0,"{""clf__C"": 10.0}",49.77341330000036
29,quantum/FB-Fidelity-ref-SVM,quantum,2,1.0,1.0,"{""clf__C"": 10.0}",49.77341330000036
29,quantum/FB-Fidelity-ref-SVM,quantum,3,1.0,1.0,"{""clf__C"": 10.0}",49.77341330000036
29,quantum/FB-Fidelity-ref-SVM,quantum,4,1.0,1.0,"{""clf__C"": 10.0}",49.77341330000036
29,quantum/FB-Fidelity-ref-SVM,quantum,5,0.8888888888888888,1.0,"{""clf__C"": 10.0}",49.77341330000036
29,quantum/FB-Fidelity-ref-SVM,quantum,6,1.0,1.0,"{""clf__C"": 10.0}",49.77341330000036
29,quantum/FB-Fidelity-ref-SVM,quantum,7,1.0,1.0,"{""clf__C"": 10.0}",49.77341330000036
29,quantum/FB-Fidelity-ref-SVM,quantum,8,1.0,1.0,"{""clf__C"": 10.0}",49.77341330000036
29,quantum/FB-Fidelity-ref-SVM,quantum,9,1.0,1.0,"{""clf__C"": 10.0}",49.77341330000036
29,quantum/FB-Fidelity-ref-SVM,quantum,10,1.0,1.0,"{""clf__C"": 10.0}",49.77341330000036
29,quantum/FB-Fidelity-ref-SVM,quantum,11,1.0,1.0,"{""clf__C"": 10.0}",49.77341330000036
29,quantum/FB-Fidelity-ref-SVM,quantum,12,1.0,1.0,"{""clf__C"": 10.0}",49.77341330000036
29,quantum/FB-Fidelity-ref-SVM,quantum,13,1.0,1.0,"{""clf__C"": 10.0}",49.77341330000036
29,quantum/FB-Fidelity-ref-SVM,quantum,14,1.0,1.0,"{""clf__C"": 1.0}",49.77341330000036
29,quantum/FB-HS-RBF-SVM,quantum,0,0.3333333333333333,0.5,"{""clf__C"": 10.0, ""clf__gamma_mult"": 0.25}",43.42602870000064
29,quantum/FB-HS-RBF-SVM,quantum,1,0.4444444444444444,0.45,"{""clf__C"": 10.0, ""clf__gamma_mult"": 1.0}",43.42602870000064
29,quantum/FB-HS-RBF-SVM,quantum,2,0.4444444444444444,0.4,"{""clf__C"": 10.0, ""clf__gamma_mult"": 1.0}",43.42602870000064
29,quantum/FB-HS-RBF-SVM,quantum,3,0.6666666666666666,0.8500000000000001,"{""clf__C"": 10.0, ""clf__gamma_mult"": 1.0}",43.42602870000064
29,quantum/FB-HS-RBF-SVM,quantum,4,0.1111111111111111,0.25,"{""clf__C"": 10.0, ""clf__gamma_mult"": 0.25}",43.42602870000064
29,quantum/FB-HS-RBF-SVM,quantum,5,0.4444444444444444,0.45,"{""clf__C"": 10.0, ""clf__gamma_mult"": 0.25}",43.42602870000064
29,quantum/FB-HS-RBF-SVM,quantum,6,0.1111111111111111,0.15,"{""clf__C"": 1.0, ""clf__gamma_mult"": 4.0}",43.42602870000064
29,quantum/FB-HS-RBF-SVM,quantum,7,0.3333333333333333,0.1499999999999999,"{""clf__C"": 10.0, ""clf__gamma_mult"": 1.0}",43.42602870000064
29,quantum/FB-HS-RBF-SVM,quantum,8,0.3333333333333333,0.15,"{""clf__C"": 10.0, ""clf__gamma_mult"": 4.0}",43.42602870000064
29,quantum/FB-HS-RBF-SVM,quantum,9,0.4444444444444444,0.55,"{""clf__C"": 10.0, ""clf__gamma_mult"": 4.0}",43.42602870000064
29,quantum/FB-HS-RBF-SVM,quantum,10,0.4444444444444444,0.4999999999999999,"{""clf__C"": 10.0, ""clf__gamma_mult"": 0.25}",43.42602870000064
29,quantum/FB-HS-RBF-SVM,quantum,11,0.1111111111111111,0.0,"{""clf__C"": 10.0, ""clf__gamma_mult"": 0.25}",43.42602870000064
29,quantum/FB-HS-RBF-SVM,quantum,12,0.3333333333333333,0.5,"{""clf__C"": 10.0, ""clf__gamma_mult"": 1.0}",43.42602870000064
29,quantum/FB-HS-RBF-SVM,quantum,13,0.5555555555555556,0.35,"{""clf__C"": 10.0, ""clf__gamma_mult"": 4.0}",43.42602870000064
29,quantum/FB-HS-RBF-SVM,quantum,14,0.4444444444444444,0.8,"{""clf__C"": 10.0, ""clf__gamma_mult"": 0.25}",43.42602870000064
29,quantum/FB-HS-RBF-ref-SVM,quantum,0,0.8888888888888888,1.0,"{""clf__C"": 1.0, ""clf__gamma_mult"": 1.0}",58.3881250000004
29,quantum/FB-HS-RBF-ref-SVM,quantum,1,1.0,1.0,"{""clf__C"": 1.0, ""clf__gamma_mult"": 1.0}",58.3881250000004
29,quantum/FB-HS-RBF-ref-SVM,quantum,2,1.0,1.0,"{""clf__C"": 1.0, ""clf__gamma_mult"": 0.25}",58.3881250000004
29,quantum/FB-HS-RBF-ref-SVM,quantum,3,1.0,1.0,"{""clf__C"": 10.0, ""clf__gamma_mult"": 0.25}",58.3881250000004
29,quantum/FB-HS-RBF-ref-SVM,quantum,4,1.0,1.0,"{""clf__C"": 10.0, ""clf__gamma_mult"": 0.25}",58.3881250000004
29,quantum/FB-HS-RBF-ref-SVM,quantum,5,0.8888888888888888,1.0,"{""clf__C"": 10.0, ""clf__gamma_mult"": 0.25}",58.3881250000004
29,quantum/FB-HS-RBF-ref-SVM,quantum,6,1.0,1.0,"{""clf__C"": 10.0, ""clf__gamma_mult"": 0.25}",58.3881250000004
29,quantum/FB-HS-RBF-ref-SVM,quantum,7,1.0,1.0,"{""clf__C"": 1.0, ""clf__gamma_mult"": 1.0}",58.3881250000004
29,quantum/FB-HS-RBF-ref-SVM,quantum,8,1.0,1.0,"{""clf__C"": 10.0, ""clf__gamma_mult"": 0.25}",58.3881250000004
29,quantum/FB-HS-RBF-ref-SVM,quantum,9,1.0,1.0,"{""clf__C"": 1.0, ""clf__gamma_mult"": 0.25}",58.3881250000004
29,quantum/FB-HS-RBF-ref-SVM,quantum,10,1.0,1.0,"{""clf__C"": 1.0, ""clf__gamma_mult"": 1.0}",58.3881250000004
29,quantum/FB-HS-RBF-ref-SVM,quantum,11,1.0,1.0,"{""clf__C"": 10.0, ""clf__gamma_mult"": 0.25}",58.3881250000004
29,quantum/FB-HS-RBF-ref-SVM,quantum,12,1.0,1.0,"{""clf__C"": 1.0, ""clf__gamma_mult"": 1.0}",58.3881250000004
29,quantum/FB-HS-RBF-ref-SVM,quantum,13,1.0,1.0,"{""clf__C"": 1.0, ""clf__gamma_mult"": 4.0}",58.3881250000004
29,quantum/FB-HS-RBF-ref-SVM,quantum,14,1.0,1.0,"{""clf__C"": 10.0, ""clf__gamma_mult"": 0.25}",58.3881250000004
29,quantum/FB-Bures-RBF-SVM,quantum,0,0.3333333333333333,0.4,"{""clf__C"": 10.0, ""clf__gamma_mult"": 0.25}",63.04937569999947
29,quantum/FB-Bures-RBF-SVM,quantum,1,0.4444444444444444,0.3999999999999999,"{""clf__C"": 10.0, ""clf__gamma_mult"": 1.0}",63.04937569999947
29,quantum/FB-Bures-RBF-SVM,quantum,2,0.4444444444444444,0.4,"{""clf__C"": 10.0, ""clf__gamma_mult"": 1.0}",63.04937569999947
29,quantum/FB-Bures-RBF-SVM,quantum,3,0.7777777777777778,0.8500000000000001,"{""clf__C"": 10.0, ""clf__gamma_mult"": 1.0}",63.04937569999947
29,quantum/FB-Bures-RBF-SVM,quantum,4,0.2222222222222222,0.25,"{""clf__C"": 10.0, ""clf__gamma_mult"": 0.25}",63.04937569999947
29,quantum/FB-Bures-RBF-SVM,quantum,5,0.7777777777777778,0.8,"{""clf__C"": 10.0, ""clf__gamma_mult"": 1.0}",63.04937569999947
29,quantum/FB-Bures-RBF-SVM,quantum,6,0.1111111111111111,0.1,"{""clf__C"": 10.0, ""clf__gamma_mult"": 4.0}",63.04937569999947
29,quantum/FB-Bures-RBF-SVM,quantum,7,0.3333333333333333,0.3,"{""clf__C"": 10.0, ""clf__gamma_mult"": 1.0}",63.04937569999947
29,quantum/FB-Bures-RBF-SVM,quantum,8,0.3333333333333333,0.1999999999999999,"{""clf__C"": 10.0, ""clf__gamma_mult"": 4.0}",63.04937569999947
29,quantum/FB-Bures-RBF-SVM,quantum,9,0.4444444444444444,0.35,"{""clf__C"": 0.1, ""clf__gamma_mult"": 0.25}",63.04937569999947
29,quantum/FB-Bures-RBF-SVM,quantum,10,0.7777777777777778,0.7,"{""clf__C"": 10.0, ""clf__gamma_mult"": 1.0}",63.04937569999947
29,quantum/FB-Bures-RBF-SVM,quantum,11,0.1111111111111111,0.0,"{""clf__C"": 1.0, ""clf__gamma_mult"": 0.25}",63.04937569999947
29,quantum/FB-Bures-RBF-SVM,quantum,12,0.4444444444444444,0.5,"{""clf__C"": 10.0, ""clf__gamma_mult"": 1.0}",63.04937569999947
29,quantum/FB-Bures-RBF-SVM,quantum,13,0.5555555555555556,0.6,"{""clf__C"": 10.0, ""clf__gamma_mult"": 1.0}",63.04937569999947
29,quantum/FB-Bures-RBF-SVM,quantum,14,0.4444444444444444,0.6,"{""clf__C"": 1.0, ""clf__gamma_mult"": 1.0}",63.04937569999947
29,quantum/FB-Bures-RBF-ref-SVM,quantum,0,0.8888888888888888,1.0,"{""clf__C"": 1.0, ""clf__gamma_mult"": 1.0}",83.56817599999977
29,quantum/FB-Bures-RBF-ref-SVM,quantum,1,1.0,1.0,"{""clf__C"": 1.0, ""clf__gamma_mult"": 1.0}",83.56817599999977
29,quantum/FB-Bures-RBF-ref-SVM,quantum,2,1.0,1.0,"{""clf__C"": 1.0, ""clf__gamma_mult"": 1.0}",83.56817599999977
29,quantum/FB-Bures-RBF-ref-SVM,quantum,3,1.0,1.0,"{""clf__C"": 1.0, ""clf__gamma_mult"": 1.0}",83.56817599999977
29,quantum/FB-Bures-RBF-ref-SVM,quantum,4,1.0,1.0,"{""clf__C"": 1.0, ""clf__gamma_mult"": 1.0}",83.56817599999977
29,quantum/FB-Bures-RBF-ref-SVM,quantum,5,0.8888888888888888,1.0,"{""clf__C"": 1.0, ""clf__gamma_mult"": 1.0}",83.56817599999977
29,quantum/FB-Bures-RBF-ref-SVM,quantum,6,1.0,1.0,"{""clf__C"": 1.0, ""clf__gamma_mult"": 1.0}",83.56817599999977
29,quantum/FB-Bures-RBF-ref-SVM,quantum,7,1.0,1.0,"{""clf__C"": 1.0, ""clf__gamma_mult"": 0.25}",83.56817599999977
29,quantum/FB-Bures-RBF-ref-SVM,quantum,8,1.0,1.0,"{""clf__C"": 1.0, ""clf__gamma_mult"": 1.0}",83.56817599999977
29,quantum/FB-Bures-RBF-ref-SVM,quantum,9,1.0,1.0,"{""clf__C"": 1.0, ""clf__gamma_mult"": 0.25}",83.56817599999977
29,quantum/FB-Bures-RBF-ref-SVM,quantum,10,1.0,1.0,"{""clf__C"": 1.0, ""clf__gamma_mult"": 0.25}",83.56817599999977
29,quantum/FB-Bures-RBF-ref-SVM,quantum,11,1.0,1.0,"{""clf__C"": 10.0, ""clf__gamma_mult"": 0.25}",83.56817599999977
29,quantum/FB-Bures-RBF-ref-SVM,quantum,12,1.0,1.0,"{""clf__C"": 1.0, ""clf__gamma_mult"": 1.0}",83.56817599999977
29,quantum/FB-Bures-RBF-ref-SVM,quantum,13,1.0,1.0,"{""clf__C"": 1.0, ""clf__gamma_mult"": 0.25}",83.56817599999977
29,quantum/FB-Bures-RBF-ref-SVM,quantum,14,1.0,1.0,"{""clf__C"": 1.0, ""clf__gamma_mult"": 0.25}",83.56817599999977
29,quantum/FB-QRE-RBF-SVM,quantum,0,0.3333333333333333,0.6,"{""clf__C"": 10.0, ""clf__gamma_mult"": 0.25}",50.217664999999215
29,quantum/FB-QRE-RBF-SVM,quantum,1,0.4444444444444444,0.45,"{""clf__C"": 10.0, ""clf__gamma_mult"": 1.0}",50.217664999999215
29,quantum/FB-QRE-RBF-SVM,quantum,2,0.6666666666666666,0.45,"{""clf__C"": 10.0, ""clf__gamma_mult"": 4.0}",50.217664999999215
29,quantum/FB-QRE-RBF-SVM,quantum,3,0.7777777777777778,0.8500000000000001,"{""clf__C"": 10.0, ""clf__gamma_mult"": 1.0}",50.217664999999215
29,quantum/FB-QRE-RBF-SVM,quantum,4,0.2222222222222222,0.25,"{""clf__C"": 10.0, ""clf__gamma_mult"": 0.25}",50.217664999999215
29,quantum/FB-QRE-RBF-SVM,quantum,5,0.7777777777777778,0.8,"{""clf__C"": 10.0, ""clf__gamma_mult"": 1.0}",50.217664999999215
29,quantum/FB-QRE-RBF-SVM,quantum,6,0.1111111111111111,0.1,"{""clf__C"": 10.0, ""clf__gamma_mult"": 4.0}",50.217664999999215
29,quantum/FB-QRE-RBF-SVM,quantum,7,0.3333333333333333,0.35,"{""clf__C"": 10.0, ""clf__gamma_mult"": 1.0}",50.217664999999215
29,quantum/FB-QRE-RBF-SVM,quantum,8,0.3333333333333333,0.1999999999999999,"{""clf__C"": 10.0, ""clf__gamma_mult"": 4.0}",50.217664999999215
29,quantum/FB-QRE-RBF-SVM,quantum,9,0.4444444444444444,0.6,"{""clf__C"": 1.0, ""clf__gamma_mult"": 4.0}",50.217664999999215
29,quantum/FB-QRE-RBF-SVM,quantum,10,0.7777777777777778,0.7,"{""clf__C"": 10.0, ""clf__gamma_mult"": 1.0}",50.217664999999215
29,quantum/FB-QRE-RBF-SVM,quantum,11,0.1111111111111111,0.0,"{""clf__C"": 1.0, ""clf__gamma_mult"": 0.25}",50.217664999999215
29,quantum/FB-QRE-RBF-SVM,quantum,12,0.4444444444444444,0.5,"{""clf__C"": 10.0, ""clf__gamma_mult"": 1.0}",50.217664999999215
29,quantum/FB-QRE-RBF-SVM,quantum,13,0.5555555555555556,0.6,"{""clf__C"": 10.0, ""clf__gamma_mult"": 1.0}",50.217664999999215
29,quantum/FB-QRE-RBF-SVM,quantum,14,0.4444444444444444,0.6,"{""clf__C"": 1.0, ""clf__gamma_mult"": 1.0}",50.217664999999215
29,quantum/FB-QRE-RBF-ref-SVM,quantum,0,0.8888888888888888,1.0,"{""clf__C"": 1.0, ""clf__gamma_mult"": 1.0}",67.32362649999959
29,quantum/FB-QRE-RBF-ref-SVM,quantum,1,1.0,1.0,"{""clf__C"": 1.0, ""clf__gamma_mult"": 0.25}",67.32362649999959
29,quantum/FB-QRE-RBF-ref-SVM,quantum,2,1.0,1.0,"{""clf__C"": 1.0, ""clf__gamma_mult"": 1.0}",67.32362649999959
29,quantum/FB-QRE-RBF-ref-SVM,quantum,3,1.0,1.0,"{""clf__C"": 1.0, ""clf__gamma_mult"": 1.0}",67.32362649999959
29,quantum/FB-QRE-RBF-ref-SVM,quantum,4,1.0,1.0,"{""clf__C"": 1.0, ""clf__gamma_mult"": 1.0}",67.32362649999959
29,quantum/FB-QRE-RBF-ref-SVM,quantum,5,0.8888888888888888,1.0,"{""clf__C"": 1.0, ""clf__gamma_mult"": 1.0}",67.32362649999959
29,quantum/FB-QRE-RBF-ref-SVM,quantum,6,1.0,1.0,"{""clf__C"": 1.0, ""clf__gamma_mult"": 1.0}",67.32362649999959
29,quantum/FB-QRE-RBF-ref-SVM,quantum,7,1.0,1.0,"{""clf__C"": 1.0, ""clf__gamma_mult"": 0.25}",67.32362649999959
29,quantum/FB-QRE-RBF-ref-SVM,quantum,8,1.0,1.0,"{""clf__C"": 1.0, ""clf__gamma_mult"": 1.0}",67.32362649999959
29,quantum/FB-QRE-RBF-ref-SVM,quantum,9,1.0,1.0,"{""clf__C"": 1.0, ""clf__gamma_mult"": 0.25}",67.32362649999959
29,quantum/FB-QRE-RBF-ref-SVM,quantum,10,1.0,1.0,"{""clf__C"": 1.0, ""clf__gamma_mult"": 0.25}",67.32362649999959
29,quantum/FB-QRE-RBF-ref-SVM,quantum,11,1.0,1.0,"{""clf__C"": 10.0, ""clf__gamma_mult"": 0.25}",67.32362649999959
29,quantum/FB-QRE-RBF-ref-SVM,quantum,12,1.0,1.0,"{""clf__C"": 1.0, ""clf__gamma_mult"": 1.0}",67.32362649999959
29,quantum/FB-QRE-RBF-ref-SVM,quantum,13,1.0,1.0,"{""clf__C"": 1.0, ""clf__gamma_mult"": 0.25}",67.32362649999959
29,quantum/FB-QRE-RBF-ref-SVM,quantum,14,1.0,1.0,"{""clf__C"": 1.0, ""clf__gamma_mult"": 0.25}",67.32362649999959
29,control/FB-riemann-kernel-SVM,control,0,0.8888888888888888,1.0,"{""clf__C"": 0.1}",43.39536069999849
29,control/FB-riemann-kernel-SVM,control,1,1.0,1.0,"{""clf__C"": 0.1}",43.39536069999849
29,control/FB-riemann-kernel-SVM,control,2,1.0,1.0,"{""clf__C"": 0.1}",43.39536069999849
29,control/FB-riemann-kernel-SVM,control,3,1.0,1.0,"{""clf__C"": 0.1}",43.39536069999849
29,control/FB-riemann-kernel-SVM,control,4,1.0,1.0,"{""clf__C"": 0.1}",43.39536069999849
29,control/FB-riemann-kernel-SVM,control,5,0.8888888888888888,1.0,"{""clf__C"": 0.1}",43.39536069999849
29,control/FB-riemann-kernel-SVM,control,6,1.0,1.0,"{""clf__C"": 0.1}",43.39536069999849
29,control/FB-riemann-kernel-SVM,control,7,1.0,1.0,"{""clf__C"": 0.1}",43.39536069999849
29,control/FB-riemann-kernel-SVM,control,8,1.0,1.0,"{""clf__C"": 0.1}",43.39536069999849
29,control/FB-riemann-kernel-SVM,control,9,1.0,1.0,"{""clf__C"": 0.1}",43.39536069999849
29,control/FB-riemann-kernel-SVM,control,10,1.0,1.0,"{""clf__C"": 0.1}",43.39536069999849
29,control/FB-riemann-kernel-SVM,control,11,1.0,1.0,"{""clf__C"": 0.1}",43.39536069999849
29,control/FB-riemann-kernel-SVM,control,12,1.0,1.0,"{""clf__C"": 0.1}",43.39536069999849
29,control/FB-riemann-kernel-SVM,control,13,1.0,1.0,"{""clf__C"": 0.1}",43.39536069999849
29,control/FB-riemann-kernel-SVM,control,14,1.0,1.0,"{""clf__C"": 0.1}",43.39536069999849
29,control/FB-logeuclid-kernel-SVM,control,0,0.8888888888888888,1.0,"{""clf__C"": 0.1}",40.70869560000028
29,control/FB-logeuclid-kernel-SVM,control,1,1.0,1.0,"{""clf__C"": 0.1}",40.70869560000028
29,control/FB-logeuclid-kernel-SVM,control,2,1.0,1.0,"{""clf__C"": 0.1}",40.70869560000028
29,control/FB-logeuclid-kernel-SVM,control,3,1.0,1.0,"{""clf__C"": 0.1}",40.70869560000028
29,control/FB-logeuclid-kernel-SVM,control,4,1.0,1.0,"{""clf__C"": 0.1}",40.70869560000028
29,control/FB-logeuclid-kernel-SVM,control,5,0.8888888888888888,1.0,"{""clf__C"": 0.1}",40.70869560000028
29,control/FB-logeuclid-kernel-SVM,control,6,1.0,1.0,"{""clf__C"": 0.1}",40.70869560000028
29,control/FB-logeuclid-kernel-SVM,control,7,1.0,1.0,"{""clf__C"": 0.1}",40.70869560000028
29,control/FB-logeuclid-kernel-SVM,control,8,1.0,1.0,"{""clf__C"": 0.1}",40.70869560000028
29,control/FB-logeuclid-kernel-SVM,control,9,1.0,1.0,"{""clf__C"": 0.1}",40.70869560000028
29,control/FB-logeuclid-kernel-SVM,control,10,1.0,1.0,"{""clf__C"": 0.1}",40.70869560000028
29,control/FB-logeuclid-kernel-SVM,control,11,1.0,1.0,"{""clf__C"": 0.1}",40.70869560000028
29,control/FB-logeuclid-kernel-SVM,control,12,1.0,1.0,"{""clf__C"": 0.1}",40.70869560000028
29,control/FB-logeuclid-kernel-SVM,control,13,1.0,1.0,"{""clf__C"": 0.1}",40.70869560000028
29,control/FB-logeuclid-kernel-SVM,control,14,1.0,1.0,"{""clf__C"": 0.1}",40.70869560000028
30,classical/FBCSP+LDA,classical,0,0.4444444444444444,0.4,"{""perband__base__csp__nfilter"": 6}",42.84331329999986
30,classical/FBCSP+LDA,classical,1,0.5555555555555556,0.4499999999999999,"{""perband__base__csp__nfilter"": 2}",42.84331329999986
30,classical/FBCSP+LDA,classical,2,0.4444444444444444,0.5,"{""perband__base__csp__nfilter"": 4}",42.84331329999986
30,classical/FBCSP+LDA,classical,3,0.7777777777777778,0.55,"{""perband__base__csp__nfilter"": 2}",42.84331329999986
30,classical/FBCSP+LDA,classical,4,0.3333333333333333,0.2499999999999999,"{""perband__base__csp__nfilter"": 2}",42.84331329999986
30,classical/FBCSP+LDA,classical,5,0.5555555555555556,0.6000000000000001,"{""perband__base__csp__nfilter"": 2}",42.84331329999986
30,classical/FBCSP+LDA,classical,6,0.7777777777777778,0.8,"{""perband__base__csp__nfilter"": 2}",42.84331329999986
30,classical/FBCSP+LDA,classical,7,0.8888888888888888,0.75,"{""perband__base__csp__nfilter"": 2}",42.84331329999986
30,classical/FBCSP+LDA,classical,8,0.5555555555555556,0.75,"{""perband__base__csp__nfilter"": 2}",42.84331329999986
30,classical/FBCSP+LDA,classical,9,0.4444444444444444,0.5,"{""perband__base__csp__nfilter"": 6}",42.84331329999986
30,classical/FBCSP+LDA,classical,10,0.3333333333333333,0.35,"{""perband__base__csp__nfilter"": 2}",42.84331329999986
30,classical/FBCSP+LDA,classical,11,0.6666666666666666,0.65,"{""perband__base__csp__nfilter"": 2}",42.84331329999986
30,classical/FBCSP+LDA,classical,12,0.7777777777777778,0.6499999999999999,"{""perband__base__csp__nfilter"": 2}",42.84331329999986
30,classical/FBCSP+LDA,classical,13,0.5555555555555556,0.5499999999999999,"{""perband__base__csp__nfilter"": 4}",42.84331329999986
30,classical/FBCSP+LDA,classical,14,0.6666666666666666,0.7000000000000001,"{""perband__base__csp__nfilter"": 2}",42.84331329999986
30,classical/FB-TS+LR,classical,0,0.7777777777777778,0.7000000000000001,"{""clf__C"": 0.1}",44.44264690000091
30,classical/FB-TS+LR,classical,1,0.5555555555555556,0.5,"{""clf__C"": 0.1}",44.44264690000091
30,classical/FB-TS+LR,classical,2,0.2222222222222222,0.25,"{""clf__C"": 10.0}",44.44264690000091
30,classical/FB-TS+LR,classical,3,0.3333333333333333,0.2,"{""clf__C"": 1.0}",44.44264690000091
30,classical/FB-TS+LR,classical,4,0.4444444444444444,0.35,"{""clf__C"": 10.0}",44.44264690000091
30,classical/FB-TS+LR,classical,5,0.5555555555555556,0.6500000000000001,"{""clf__C"": 1.0}",44.44264690000091
30,classical/FB-TS+LR,classical,6,0.6666666666666666,0.65,"{""clf__C"": 10.0}",44.44264690000091
30,classical/FB-TS+LR,classical,7,0.5555555555555556,0.6,"{""clf__C"": 0.1}",44.44264690000091
30,classical/FB-TS+LR,classical,8,0.5555555555555556,0.65,"{""clf__C"": 1.0}",44.44264690000091
30,classical/FB-TS+LR,classical,9,0.6666666666666666,0.5,"{""clf__C"": 0.1}",44.44264690000091
30,classical/FB-TS+LR,classical,10,0.3333333333333333,0.35,"{""clf__C"": 10.0}",44.44264690000091
30,classical/FB-TS+LR,classical,11,0.6666666666666666,0.5499999999999999,"{""clf__C"": 10.0}",44.44264690000091
30,classical/FB-TS+LR,classical,12,0.5555555555555556,0.7000000000000001,"{""clf__C"": 0.1}",44.44264690000091
30,classical/FB-TS+LR,classical,13,0.5555555555555556,0.4499999999999999,"{""clf__C"": 1.0}",44.44264690000091
30,classical/FB-TS+LR,classical,14,0.5555555555555556,0.6,"{""clf__C"": 0.1}",44.44264690000091
30,classical/FB-TS+RBF-SVM,classical,0,0.5555555555555556,0.35,"{""clf__C"": 10.0, ""clf__gamma"": 0.01}",75.63160619999871
30,classical/FB-TS+RBF-SVM,classical,1,0.5555555555555556,0.4999999999999999,"{""clf__C"": 1.0, ""clf__gamma"": ""scale""}",75.63160619999871
30,classical/FB-TS+RBF-SVM,classical,2,0.3333333333333333,0.35,"{""clf__C"": 10.0, ""clf__gamma"": ""scale""}",75.63160619999871
30,classical/FB-TS+RBF-SVM,classical,3,0.5555555555555556,0.35,"{""clf__C"": 1.0, ""clf__gamma"": 0.01}",75.63160619999871
30,classical/FB-TS+RBF-SVM,classical,4,0.3333333333333333,0.25,"{""clf__C"": 10.0, ""clf__gamma"": ""scale""}",75.63160619999871
30,classical/FB-TS+RBF-SVM,classical,5,0.4444444444444444,0.7,"{""clf__C"": 10.0, ""clf__gamma"": ""scale""}",75.63160619999871
30,classical/FB-TS+RBF-SVM,classical,6,0.6666666666666666,0.65,"{""clf__C"": 10.0, ""clf__gamma"": ""scale""}",75.63160619999871
30,classical/FB-TS+RBF-SVM,classical,7,0.5555555555555556,0.3,"{""clf__C"": 1.0, ""clf__gamma"": 0.01}",75.63160619999871
30,classical/FB-TS+RBF-SVM,classical,8,0.6666666666666666,0.7,"{""clf__C"": 10.0, ""clf__gamma"": ""scale""}",75.63160619999871
30,classical/FB-TS+RBF-SVM,classical,9,0.4444444444444444,0.55,"{""clf__C"": 1.0, ""clf__gamma"": ""scale""}",75.63160619999871
30,classical/FB-TS+RBF-SVM,classical,10,0.2222222222222222,0.1,"{""clf__C"": 10.0, ""clf__gamma"": ""scale""}",75.63160619999871
30,classical/FB-TS+RBF-SVM,classical,11,0.5555555555555556,0.5,"{""clf__C"": 0.1, ""clf__gamma"": ""scale""}",75.63160619999871
30,classical/FB-TS+RBF-SVM,classical,12,0.7777777777777778,0.8,"{""clf__C"": 10.0, ""clf__gamma"": ""scale""}",75.63160619999871
30,classical/FB-TS+RBF-SVM,classical,13,0.5555555555555556,0.6,"{""clf__C"": 10.0, ""clf__gamma"": ""scale""}",75.63160619999871
30,classical/FB-TS+RBF-SVM,classical,14,0.5555555555555556,0.6,"{""clf__C"": 1.0, ""clf__gamma"": ""scale""}",75.63160619999871
30,quantum/FB-HS-overlap-SVM,quantum,0,0.4444444444444444,0.3,"{""clf__C"": 0.1}",32.66425909999998
30,quantum/FB-HS-overlap-SVM,quantum,1,0.5555555555555556,0.4,"{""clf__C"": 0.1}",32.66425909999998
30,quantum/FB-HS-overlap-SVM,quantum,2,0.5555555555555556,0.3249999999999999,"{""clf__C"": 0.1}",32.66425909999998
30,quantum/FB-HS-overlap-SVM,quantum,3,0.5555555555555556,0.425,"{""clf__C"": 0.1}",32.66425909999998
30,quantum/FB-HS-overlap-SVM,quantum,4,0.5555555555555556,0.475,"{""clf__C"": 0.1}",32.66425909999998
30,quantum/FB-HS-overlap-SVM,quantum,5,0.4444444444444444,0.7,"{""clf__C"": 0.1}",32.66425909999998
30,quantum/FB-HS-overlap-SVM,quantum,6,0.5555555555555556,0.55,"{""clf__C"": 0.1}",32.66425909999998
30,quantum/FB-HS-overlap-SVM,quantum,7,0.5555555555555556,0.1,"{""clf__C"": 0.1}",32.66425909999998
30,quantum/FB-HS-overlap-SVM,quantum,8,0.5555555555555556,0.325,"{""clf__C"": 0.1}",32.66425909999998
30,quantum/FB-HS-overlap-SVM,quantum,9,0.5555555555555556,0.425,"{""clf__C"": 0.1}",32.66425909999998
30,quantum/FB-HS-overlap-SVM,quantum,10,0.4444444444444444,0.2,"{""clf__C"": 0.1}",32.66425909999998
30,quantum/FB-HS-overlap-SVM,quantum,11,0.5555555555555556,0.475,"{""clf__C"": 0.1}",32.66425909999998
30,quantum/FB-HS-overlap-SVM,quantum,12,0.5555555555555556,0.4,"{""clf__C"": 0.1}",32.66425909999998
30,quantum/FB-HS-overlap-SVM,quantum,13,0.5555555555555556,0.3,"{""clf__C"": 0.1}",32.66425909999998
30,quantum/FB-HS-overlap-SVM,quantum,14,0.5555555555555556,0.1749999999999999,"{""clf__C"": 0.1}",32.66425909999998
30,quantum/FB-HS-overlap-ref-SVM,quantum,0,0.4444444444444444,0.95,"{""clf__C"": 0.1}",38.20483669999885
30,quantum/FB-HS-overlap-ref-SVM,quantum,1,0.4444444444444444,0.5,"{""clf__C"": 10.0}",38.20483669999885
30,quantum/FB-HS-overlap-ref-SVM,quantum,2,0.5555555555555556,0.7000000000000001,"{""clf__C"": 10.0}",38.20483669999885
30,quantum/FB-HS-overlap-ref-SVM,quantum,3,0.5555555555555556,0.7000000000000001,"{""clf__C"": 10.0}",38.20483669999885
30,quantum/FB-HS-overlap-ref-SVM,quantum,4,0.6666666666666666,0.55,"{""clf__C"": 10.0}",38.20483669999885
30,quantum/FB-HS-overlap-ref-SVM,quantum,5,0.6666666666666666,0.55,"{""clf__C"": 10.0}",38.20483669999885
30,quantum/FB-HS-overlap-ref-SVM,quantum,6,0.6666666666666666,0.7000000000000001,"{""clf__C"": 10.0}",38.20483669999885
30,quantum/FB-HS-overlap-ref-SVM,quantum,7,0.7777777777777778,0.85,"{""clf__C"": 10.0}",38.20483669999885
30,quantum/FB-HS-overlap-ref-SVM,quantum,8,0.5555555555555556,0.6,"{""clf__C"": 10.0}",38.20483669999885
30,quantum/FB-HS-overlap-ref-SVM,quantum,9,0.5555555555555556,0.6,"{""clf__C"": 10.0}",38.20483669999885
30,quantum/FB-HS-overlap-ref-SVM,quantum,10,0.5555555555555556,0.4999999999999999,"{""clf__C"": 10.0}",38.20483669999885
30,quantum/FB-HS-overlap-ref-SVM,quantum,11,0.5555555555555556,0.6000000000000001,"{""clf__C"": 10.0}",38.20483669999885
30,quantum/FB-HS-overlap-ref-SVM,quantum,12,0.6666666666666666,0.75,"{""clf__C"": 10.0}",38.20483669999885
30,quantum/FB-HS-overlap-ref-SVM,quantum,13,0.4444444444444444,0.4499999999999999,"{""clf__C"": 10.0}",38.20483669999885
30,quantum/FB-HS-overlap-ref-SVM,quantum,14,0.6666666666666666,0.75,"{""clf__C"": 10.0}",38.20483669999885
30,quantum/FB-Fidelity-SVM,quantum,0,0.4444444444444444,0.4999999999999999,"{""clf__C"": 0.1}",39.70866820000083
30,quantum/FB-Fidelity-SVM,quantum,1,0.5555555555555556,0.2499999999999999,"{""clf__C"": 0.1}",39.70866820000083
30,quantum/FB-Fidelity-SVM,quantum,2,0.5555555555555556,0.375,"{""clf__C"": 0.1}",39.70866820000083
30,quantum/FB-Fidelity-SVM,quantum,3,0.5555555555555556,0.4499999999999999,"{""clf__C"": 0.1}",39.70866820000083
30,quantum/FB-Fidelity-SVM,quantum,4,0.5555555555555556,0.25,"{""clf__C"": 0.1}",39.70866820000083
30,quantum/FB-Fidelity-SVM,quantum,5,0.4444444444444444,0.4,"{""clf__C"": 0.1}",39.70866820000083
30,quantum/FB-Fidelity-SVM,quantum,6,0.5555555555555556,0.0499999999999999,"{""clf__C"": 0.1}",39.70866820000083
30,quantum/FB-Fidelity-SVM,quantum,7,0.5555555555555556,0.4,"{""clf__C"": 0.1}",39.70866820000083
30,quantum/FB-Fidelity-SVM,quantum,8,0.5555555555555556,0.6499999999999999,"{""clf__C"": 0.1}",39.70866820000083
30,quantum/FB-Fidelity-SVM,quantum,9,0.5555555555555556,0.625,"{""clf__C"": 0.1}",39.70866820000083
30,quantum/FB-Fidelity-SVM,quantum,10,0.4444444444444444,0.425,"{""clf__C"": 0.1}",39.70866820000083
30,quantum/FB-Fidelity-SVM,quantum,11,0.5555555555555556,0.25,"{""clf__C"": 0.1}",39.70866820000083
30,quantum/FB-Fidelity-SVM,quantum,12,0.5555555555555556,0.475,"{""clf__C"": 0.1}",39.70866820000083
30,quantum/FB-Fidelity-SVM,quantum,13,0.5555555555555556,0.275,"{""clf__C"": 0.1}",39.70866820000083
30,quantum/FB-Fidelity-SVM,quantum,14,0.5555555555555556,0.8,"{""clf__C"": 0.1}",39.70866820000083
30,quantum/FB-Fidelity-ref-SVM,quantum,0,0.6666666666666666,0.9,"{""clf__C"": 10.0}",50.72176529999888
30,quantum/FB-Fidelity-ref-SVM,quantum,1,0.5555555555555556,0.3999999999999999,"{""clf__C"": 10.0}",50.72176529999888
30,quantum/FB-Fidelity-ref-SVM,quantum,2,0.6666666666666666,0.7000000000000001,"{""clf__C"": 10.0}",50.72176529999888
30,quantum/FB-Fidelity-ref-SVM,quantum,3,0.5555555555555556,0.6,"{""clf__C"": 10.0}",50.72176529999888
30,quantum/FB-Fidelity-ref-SVM,quantum,4,0.5555555555555556,0.5,"{""clf__C"": 10.0}",50.72176529999888
30,quantum/FB-Fidelity-ref-SVM,quantum,5,0.4444444444444444,0.6,"{""clf__C"": 10.0}",50.72176529999888
30,quantum/FB-Fidelity-ref-SVM,quantum,6,0.5555555555555556,0.8,"{""clf__C"": 0.1}",50.72176529999888
30,quantum/FB-Fidelity-ref-SVM,quantum,7,0.7777777777777778,0.8,"{""clf__C"": 10.0}",50.72176529999888
30,quantum/FB-Fidelity-ref-SVM,quantum,8,0.6666666666666666,0.75,"{""clf__C"": 10.0}",50.72176529999888
30,quantum/FB-Fidelity-ref-SVM,quantum,9,0.5555555555555556,0.6,"{""clf__C"": 10.0}",50.72176529999888
30,quantum/FB-Fidelity-ref-SVM,quantum,10,0.5555555555555556,0.5,"{""clf__C"": 10.0}",50.72176529999888
30,quantum/FB-Fidelity-ref-SVM,quantum,11,0.5555555555555556,0.75,"{""clf__C"": 10.0}",50.72176529999888
30,quantum/FB-Fidelity-ref-SVM,quantum,12,0.6666666666666666,0.75,"{""clf__C"": 10.0}",50.72176529999888
30,quantum/FB-Fidelity-ref-SVM,quantum,13,0.6666666666666666,0.65,"{""clf__C"": 10.0}",50.72176529999888
30,quantum/FB-Fidelity-ref-SVM,quantum,14,0.6666666666666666,0.75,"{""clf__C"": 10.0}",50.72176529999888
30,quantum/FB-HS-RBF-SVM,quantum,0,0.4444444444444444,0.5,"{""clf__C"": 0.1, ""clf__gamma_mult"": 0.25}",42.397552200000064
30,quantum/FB-HS-RBF-SVM,quantum,1,0.5555555555555556,0.5,"{""clf__C"": 0.1, ""clf__gamma_mult"": 0.25}",42.397552200000064
30,quantum/FB-HS-RBF-SVM,quantum,2,0.5555555555555556,0.25,"{""clf__C"": 0.1, ""clf__gamma_mult"": 0.25}",42.397552200000064
30,quantum/FB-HS-RBF-SVM,quantum,3,0.5555555555555556,0.4,"{""clf__C"": 0.1, ""clf__gamma_mult"": 0.25}",42.397552200000064
30,quantum/FB-HS-RBF-SVM,quantum,4,0.5555555555555556,0.5,"{""clf__C"": 0.1, ""clf__gamma_mult"": 0.25}",42.397552200000064
30,quantum/FB-HS-RBF-SVM,quantum,5,0.4444444444444444,0.4,"{""clf__C"": 0.1, ""clf__gamma_mult"": 0.25}",42.397552200000064
30,quantum/FB-HS-RBF-SVM,quantum,6,0.5555555555555556,0.375,"{""clf__C"": 0.1, ""clf__gamma_mult"": 0.25}",42.397552200000064
30,quantum/FB-HS-RBF-SVM,quantum,7,0.5555555555555556,0.4,"{""clf__C"": 0.1, ""clf__gamma_mult"": 0.25}",42.397552200000064
30,quantum/FB-HS-RBF-SVM,quantum,8,0.5555555555555556,0.5,"{""clf__C"": 0.1, ""clf__gamma_mult"": 0.25}",42.397552200000064
30,quantum/FB-HS-RBF-SVM,quantum,9,0.5555555555555556,0.5,"{""clf__C"": 0.1, ""clf__gamma_mult"": 0.25}",42.397552200000064
30,quantum/FB-HS-RBF-SVM,quantum,10,0.4444444444444444,0.375,"{""clf__C"": 0.1, ""clf__gamma_mult"": 0.25}",42.397552200000064
30,quantum/FB-HS-RBF-SVM,quantum,11,0.5555555555555556,0.25,"{""clf__C"": 0.1, ""clf__gamma_mult"": 0.25}",42.397552200000064
30,quantum/FB-HS-RBF-SVM,quantum,12,0.5555555555555556,0.5,"{""clf__C"": 0.1, ""clf__gamma_mult"": 0.25}",42.397552200000064
30,quantum/FB-HS-RBF-SVM,quantum,13,0.5555555555555556,0.5,"{""clf__C"": 0.1, ""clf__gamma_mult"": 0.25}",42.397552200000064
30,quantum/FB-HS-RBF-SVM,quantum,14,0.5555555555555556,0.5,"{""clf__C"": 0.1, ""clf__gamma_mult"": 0.25}",42.397552200000064
30,quantum/FB-HS-RBF-ref-SVM,quantum,0,0.4444444444444444,0.95,"{""clf__C"": 0.1, ""clf__gamma_mult"": 0.25}",54.0055083999996
30,quantum/FB-HS-RBF-ref-SVM,quantum,1,0.4444444444444444,0.6,"{""clf__C"": 10.0, ""clf__gamma_mult"": 1.0}",54.0055083999996
30,quantum/FB-HS-RBF-ref-SVM,quantum,2,0.5555555555555556,0.6500000000000001,"{""clf__C"": 10.0, ""clf__gamma_mult"": 0.25}",54.0055083999996
30,quantum/FB-HS-RBF-ref-SVM,quantum,3,0.5555555555555556,0.75,"{""clf__C"": 10.0, ""clf__gamma_mult"": 0.25}",54.0055083999996
30,quantum/FB-HS-RBF-ref-SVM,quantum,4,0.5555555555555556,0.45,"{""clf__C"": 1.0, ""clf__gamma_mult"": 1.0}",54.0055083999996
30,quantum/FB-HS-RBF-ref-SVM,quantum,5,0.3333333333333333,0.55,"{""clf__C"": 1.0, ""clf__gamma_mult"": 1.0}",54.0055083999996
30,quantum/FB-HS-RBF-ref-SVM,quantum,6,0.5555555555555556,0.7000000000000001,"{""clf__C"": 10.0, ""clf__gamma_mult"": 1.0}",54.0055083999996
30,quantum/FB-HS-RBF-ref-SVM,quantum,7,0.5555555555555556,0.7000000000000001,"{""clf__C"": 1.0, ""clf__gamma_mult"": 1.0}",54.0055083999996
30,quantum/FB-HS-RBF-ref-SVM,quantum,8,0.5555555555555556,0.6,"{""clf__C"": 10.0, ""clf__gamma_mult"": 0.25}",54.0055083999996
30,quantum/FB-HS-RBF-ref-SVM,quantum,9,0.6666666666666666,0.65,"{""clf__C"": 1.0, ""clf__gamma_mult"": 1.0}",54.0055083999996
30,quantum/FB-HS-RBF-ref-SVM,quantum,10,0.3333333333333333,0.4,"{""clf__C"": 10.0, ""clf__gamma_mult"": 0.25}",54.0055083999996
30,quantum/FB-HS-RBF-ref-SVM,quantum,11,0.5555555555555556,0.6000000000000001,"{""clf__C"": 10.0, ""clf__gamma_mult"": 0.25}",54.0055083999996
30,quantum/FB-HS-RBF-ref-SVM,quantum,12,0.7777777777777778,0.7,"{""clf__C"": 10.0, ""clf__gamma_mult"": 1.0}",54.0055083999996
30,quantum/FB-HS-RBF-ref-SVM,quantum,13,0.3333333333333333,0.5,"{""clf__C"": 1.0, ""clf__gamma_mult"": 1.0}",54.0055083999996
30,quantum/FB-HS-RBF-ref-SVM,quantum,14,0.6666666666666666,0.75,"{""clf__C"": 1.0, ""clf__gamma_mult"": 1.0}",54.0055083999996
30,quantum/FB-Bures-RBF-SVM,quantum,0,0.4444444444444444,0.625,"{""clf__C"": 0.1, ""clf__gamma_mult"": 0.25}",58.80793210000047
30,quantum/FB-Bures-RBF-SVM,quantum,1,0.5555555555555556,0.4,"{""clf__C"": 0.1, ""clf__gamma_mult"": 0.25}",58.80793210000047
30,quantum/FB-Bures-RBF-SVM,quantum,2,0.5555555555555556,0.35,"{""clf__C"": 0.1, ""clf__gamma_mult"": 0.25}",58.80793210000047
30,quantum/FB-Bures-RBF-SVM,quantum,3,0.5555555555555556,0.4,"{""clf__C"": 0.1, ""clf__gamma_mult"": 0.25}",58.80793210000047
30,quantum/FB-Bures-RBF-SVM,quantum,4,0.5555555555555556,0.55,"{""clf__C"": 0.1, ""clf__gamma_mult"": 0.25}",58.80793210000047
30,quantum/FB-Bures-RBF-SVM,quantum,5,0.4444444444444444,0.2,"{""clf__C"": 0.1, ""clf__gamma_mult"": 0.25}",58.80793210000047
30,quantum/FB-Bures-RBF-SVM,quantum,6,0.5555555555555556,0.375,"{""clf__C"": 0.1, ""clf__gamma_mult"": 0.25}",58.80793210000047
30,quantum/FB-Bures-RBF-SVM,quantum,7,0.5555555555555556,0.4,"{""clf__C"": 0.1, ""clf__gamma_mult"": 0.25}",58.80793210000047
30,quantum/FB-Bures-RBF-SVM,quantum,8,0.5555555555555556,0.375,"{""clf__C"": 0.1, ""clf__gamma_mult"": 0.25}",58.80793210000047
30,quantum/FB-Bures-RBF-SVM,quantum,9,0.5555555555555556,0.7,"{""clf__C"": 0.1, ""clf__gamma_mult"": 0.25}",58.80793210000047
30,quantum/FB-Bures-RBF-SVM,quantum,10,0.4444444444444444,0.5249999999999999,"{""clf__C"": 0.1, ""clf__gamma_mult"": 0.25}",58.80793210000047
30,quantum/FB-Bures-RBF-SVM,quantum,11,0.5555555555555556,0.175,"{""clf__C"": 0.1, ""clf__gamma_mult"": 0.25}",58.80793210000047
30,quantum/FB-Bures-RBF-SVM,quantum,12,0.5555555555555556,0.325,"{""clf__C"": 0.1, ""clf__gamma_mult"": 0.25}",58.80793210000047
30,quantum/FB-Bures-RBF-SVM,quantum,13,0.5555555555555556,0.45,"{""clf__C"": 0.1, ""clf__gamma_mult"": 0.25}",58.80793210000047
30,quantum/FB-Bures-RBF-SVM,quantum,14,0.5555555555555556,0.4,"{""clf__C"": 0.1, ""clf__gamma_mult"": 0.25}",58.80793210000047
30,quantum/FB-Bures-RBF-ref-SVM,quantum,0,0.4444444444444444,0.9,"{""clf__C"": 0.1, ""clf__gamma_mult"": 0.25}",77.58202840000013
30,quantum/FB-Bures-RBF-ref-SVM,quantum,1,0.4444444444444444,0.55,"{""clf__C"": 10.0, ""clf__gamma_mult"": 1.0}",77.58202840000013
30,quantum/FB-Bures-RBF-ref-SVM,quantum,2,0.5555555555555556,0.6,"{""clf__C"": 10.0, ""clf__gamma_mult"": 0.25}",77.58202840000013
30,quantum/FB-Bures-RBF-ref-SVM,quantum,3,0.5555555555555556,0.6,"{""clf__C"": 10.0, ""clf__gamma_mult"": 0.25}",77.58202840000013
30,quantum/FB-Bures-RBF-ref-SVM,quantum,4,0.4444444444444444,0.4499999999999999,"{""clf__C"": 1.0, ""clf__gamma_mult"": 1.0}",77.58202840000013
30,quantum/FB-Bures-RBF-ref-SVM,quantum,5,0.6666666666666666,0.55,"{""clf__C"": 10.0, ""clf__gamma_mult"": 1.0}",77.58202840000013
30,quantum/FB-Bures-RBF-ref-SVM,quantum,6,0.5555555555555556,0.8,"{""clf__C"": 10.0, ""clf__gamma_mult"": 1.0}",77.58202840000013
30,quantum/FB-Bures-RBF-ref-SVM,quantum,7,0.6666666666666666,0.6,"{""clf__C"": 1.0, ""clf__gamma_mult"": 1.0}",77.58202840000013
30,quantum/FB-Bures-RBF-ref-SVM,quantum,8,0.5555555555555556,0.7,"{""clf__C"": 10.0, ""clf__gamma_mult"": 0.25}",77.58202840000013
30,quantum/FB-Bures-RBF-ref-SVM,quantum,9,0.4444444444444444,0.6,"{""clf__C"": 1.0, ""clf__gamma_mult"": 1.0}",77.58202840000013
30,quantum/FB-Bures-RBF-ref-SVM,quantum,10,0.4444444444444444,0.4,"{""clf__C"": 10.0, ""clf__gamma_mult"": 0.25}",77.58202840000013
30,quantum/FB-Bures-RBF-ref-SVM,quantum,11,0.5555555555555556,0.6000000000000001,"{""clf__C"": 10.0, ""clf__gamma_mult"": 1.0}",77.58202840000013
30,quantum/FB-Bures-RBF-ref-SVM,quantum,12,0.7777777777777778,0.85,"{""clf__C"": 10.0, ""clf__gamma_mult"": 0.25}",77.58202840000013
30,quantum/FB-Bures-RBF-ref-SVM,quantum,13,0.3333333333333333,0.35,"{""clf__C"": 10.0, ""clf__gamma_mult"": 0.25}",77.58202840000013
30,quantum/FB-Bures-RBF-ref-SVM,quantum,14,0.5555555555555556,0.75,"{""clf__C"": 1.0, ""clf__gamma_mult"": 1.0}",77.58202840000013
30,quantum/FB-QRE-RBF-SVM,quantum,0,0.4444444444444444,0.475,"{""clf__C"": 0.1, ""clf__gamma_mult"": 0.25}",43.642892899999424
30,quantum/FB-QRE-RBF-SVM,quantum,1,0.5555555555555556,0.375,"{""clf__C"": 0.1, ""clf__gamma_mult"": 0.25}",43.642892899999424
30,quantum/FB-QRE-RBF-SVM,quantum,2,0.5555555555555556,0.2,"{""clf__C"": 0.1, ""clf__gamma_mult"": 0.25}",43.642892899999424
30,quantum/FB-QRE-RBF-SVM,quantum,3,0.5555555555555556,0.6000000000000001,"{""clf__C"": 0.1, ""clf__gamma_mult"": 0.25}",43.642892899999424
30,quantum/FB-QRE-RBF-SVM,quantum,4,0.5555555555555556,0.75,"{""clf__C"": 0.1, ""clf__gamma_mult"": 0.25}",43.642892899999424
30,quantum/FB-QRE-RBF-SVM,quantum,5,0.4444444444444444,0.45,"{""clf__C"": 0.1, ""clf__gamma_mult"": 0.25}",43.642892899999424
30,quantum/FB-QRE-RBF-SVM,quantum,6,0.5555555555555556,0.425,"{""clf__C"": 0.1, ""clf__gamma_mult"": 0.25}",43.642892899999424
30,quantum/FB-QRE-RBF-SVM,quantum,7,0.5555555555555556,0.425,"{""clf__C"": 0.1, ""clf__gamma_mult"": 0.25}",43.642892899999424
30,quantum/FB-QRE-RBF-SVM,quantum,8,0.5555555555555556,0.525,"{""clf__C"": 0.1, ""clf__gamma_mult"": 0.25}",43.642892899999424
30,quantum/FB-QRE-RBF-SVM,quantum,9,0.5555555555555556,0.525,"{""clf__C"": 0.1, ""clf__gamma_mult"": 0.25}",43.642892899999424
30,quantum/FB-QRE-RBF-SVM,quantum,10,0.4444444444444444,0.475,"{""clf__C"": 0.1, ""clf__gamma_mult"": 0.25}",43.642892899999424
30,quantum/FB-QRE-RBF-SVM,quantum,11,0.5555555555555556,0.275,"{""clf__C"": 0.1, ""clf__gamma_mult"": 0.25}",43.642892899999424
30,quantum/FB-QRE-RBF-SVM,quantum,12,0.5555555555555556,0.3,"{""clf__C"": 0.1, ""clf__gamma_mult"": 0.25}",43.642892899999424
30,quantum/FB-QRE-RBF-SVM,quantum,13,0.5555555555555556,0.375,"{""clf__C"": 0.1, ""clf__gamma_mult"": 0.25}",43.642892899999424
30,quantum/FB-QRE-RBF-SVM,quantum,14,0.5555555555555556,0.6250000000000001,"{""clf__C"": 0.1, ""clf__gamma_mult"": 0.25}",43.642892899999424
30,quantum/FB-QRE-RBF-ref-SVM,quantum,0,0.4444444444444444,0.9,"{""clf__C"": 0.1, ""clf__gamma_mult"": 0.25}",58.04564820000087
30,quantum/FB-QRE-RBF-ref-SVM,quantum,1,0.4444444444444444,0.55,"{""clf__C"": 10.0, ""clf__gamma_mult"": 1.0}",58.04564820000087
30,quantum/FB-QRE-RBF-ref-SVM,quantum,2,0.6666666666666666,0.5499999999999999,"{""clf__C"": 10.0, ""clf__gamma_mult"": 0.25}",58.04564820000087
30,quantum/FB-QRE-RBF-ref-SVM,quantum,3,0.5555555555555556,0.65,"{""clf__C"": 10.0, ""clf__gamma_mult"": 0.25}",58.04564820000087
30,quantum/FB-QRE-RBF-ref-SVM,quantum,4,0.4444444444444444,0.4499999999999999,"{""clf__C"": 1.0, ""clf__gamma_mult"": 1.0}",58.04564820000087
30,quantum/FB-QRE-RBF-ref-SVM,quantum,5,0.3333333333333333,0.55,"{""clf__C"": 1.0, ""clf__gamma_mult"": 1.0}",58.04564820000087
30,quantum/FB-QRE-RBF-ref-SVM,quantum,6,0.5555555555555556,0.75,"{""clf__C"": 10.0, ""clf__gamma_mult"": 1.0}",58.04564820000087
30,quantum/FB-QRE-RBF-ref-SVM,quantum,7,0.6666666666666666,0.6,"{""clf__C"": 1.0, ""clf__gamma_mult"": 1.0}",58.04564820000087
30,quantum/FB-QRE-RBF-ref-SVM,quantum,8,0.5555555555555556,0.7,"{""clf__C"": 10.0, ""clf__gamma_mult"": 0.25}",58.04564820000087
30,quantum/FB-QRE-RBF-ref-SVM,quantum,9,0.4444444444444444,0.55,"{""clf__C"": 1.0, ""clf__gamma_mult"": 1.0}",58.04564820000087
30,quantum/FB-QRE-RBF-ref-SVM,quantum,10,0.4444444444444444,0.4,"{""clf__C"": 10.0, ""clf__gamma_mult"": 0.25}",58.04564820000087
30,quantum/FB-QRE-RBF-ref-SVM,quantum,11,0.5555555555555556,0.6499999999999999,"{""clf__C"": 10.0, ""clf__gamma_mult"": 0.25}",58.04564820000087
30,quantum/FB-QRE-RBF-ref-SVM,quantum,12,0.7777777777777778,0.8,"{""clf__C"": 10.0, ""clf__gamma_mult"": 0.25}",58.04564820000087
30,quantum/FB-QRE-RBF-ref-SVM,quantum,13,0.3333333333333333,0.35,"{""clf__C"": 10.0, ""clf__gamma_mult"": 0.25}",58.04564820000087
30,quantum/FB-QRE-RBF-ref-SVM,quantum,14,0.5555555555555556,0.75,"{""clf__C"": 10.0, ""clf__gamma_mult"": 0.25}",58.04564820000087
30,control/FB-riemann-kernel-SVM,control,0,0.5555555555555556,0.85,"{""clf__C"": 0.1}",36.54001720000088
30,control/FB-riemann-kernel-SVM,control,1,0.5555555555555556,0.1999999999999999,"{""clf__C"": 0.1}",36.54001720000088
30,control/FB-riemann-kernel-SVM,control,2,0.5555555555555556,0.4999999999999999,"{""clf__C"": 1.0}",36.54001720000088
30,control/FB-riemann-kernel-SVM,control,3,0.5555555555555556,0.3999999999999999,"{""clf__C"": 0.1}",36.54001720000088
30,control/FB-riemann-kernel-SVM,control,4,0.1111111111111111,0.1999999999999999,"{""clf__C"": 0.1}",36.54001720000088
30,control/FB-riemann-kernel-SVM,control,5,0.3333333333333333,0.5,"{""clf__C"": 0.1}",36.54001720000088
30,control/FB-riemann-kernel-SVM,control,6,0.6666666666666666,0.65,"{""clf__C"": 1.0}",36.54001720000088
30,control/FB-riemann-kernel-SVM,control,7,0.6666666666666666,0.75,"{""clf__C"": 0.1}",36.54001720000088
30,control/FB-riemann-kernel-SVM,control,8,0.7777777777777778,0.8,"{""clf__C"": 1.0}",36.54001720000088
30,control/FB-riemann-kernel-SVM,control,9,0.4444444444444444,0.4999999999999999,"{""clf__C"": 0.1}",36.54001720000088
30,control/FB-riemann-kernel-SVM,control,10,0.3333333333333333,0.35,"{""clf__C"": 1.0}",36.54001720000088
30,control/FB-riemann-kernel-SVM,control,11,0.6666666666666666,0.6,"{""clf__C"": 1.0}",36.54001720000088
30,control/FB-riemann-kernel-SVM,control,12,0.6666666666666666,0.65,"{""clf__C"": 0.1}",36.54001720000088
30,control/FB-riemann-kernel-SVM,control,13,0.3333333333333333,0.3999999999999999,"{""clf__C"": 1.0}",36.54001720000088
30,control/FB-riemann-kernel-SVM,control,14,0.6666666666666666,0.65,"{""clf__C"": 0.1}",36.54001720000088
30,control/FB-logeuclid-kernel-SVM,control,0,0.5555555555555556,0.9,"{""clf__C"": 0.1}",36.112311700000646
30,control/FB-logeuclid-kernel-SVM,control,1,0.5555555555555556,0.1999999999999999,"{""clf__C"": 0.1}",36.112311700000646
30,control/FB-logeuclid-kernel-SVM,control,2,0.7777777777777778,0.75,"{""clf__C"": 0.1}",36.112311700000646
30,control/FB-logeuclid-kernel-SVM,control,3,0.5555555555555556,0.5,"{""clf__C"": 0.1}",36.112311700000646
30,control/FB-logeuclid-kernel-SVM,control,4,0.1111111111111111,0.1999999999999999,"{""clf__C"": 0.1}",36.112311700000646
30,control/FB-logeuclid-kernel-SVM,control,5,0.4444444444444444,0.55,"{""clf__C"": 0.1}",36.112311700000646
30,control/FB-logeuclid-kernel-SVM,control,6,0.6666666666666666,0.6000000000000001,"{""clf__C"": 0.1}",36.112311700000646
30,control/FB-logeuclid-kernel-SVM,control,7,0.6666666666666666,0.5499999999999999,"{""clf__C"": 0.1}",36.112311700000646
30,control/FB-logeuclid-kernel-SVM,control,8,0.6666666666666666,0.75,"{""clf__C"": 0.1}",36.112311700000646
30,control/FB-logeuclid-kernel-SVM,control,9,0.4444444444444444,0.1999999999999999,"{""clf__C"": 0.1}",36.112311700000646
30,control/FB-logeuclid-kernel-SVM,control,10,0.5555555555555556,0.35,"{""clf__C"": 0.1}",36.112311700000646
30,control/FB-logeuclid-kernel-SVM,control,11,0.6666666666666666,0.6,"{""clf__C"": 1.0}",36.112311700000646
30,control/FB-logeuclid-kernel-SVM,control,12,0.5555555555555556,0.65,"{""clf__C"": 0.1}",36.112311700000646
30,control/FB-logeuclid-kernel-SVM,control,13,0.3333333333333333,0.1999999999999999,"{""clf__C"": 1.0}",36.112311700000646
30,control/FB-logeuclid-kernel-SVM,control,14,0.5555555555555556,0.7,"{""clf__C"": 0.1}",36.112311700000646
