subject,draw,n_train,n_test,pipeline,group,accuracy,best
50,0,10,40,classical/TS+LR,classical,0.6,"{""clf__C"": 0.1}"
50,0,10,40,classical/MDM,classical,0.525,{}
50,0,10,40,classical/CSP+LDA,classical,0.5,"{""csp__nfilter"": 2}"
50,0,10,40,control/riemann-kernel-SVM,control,0.525,"{""clf__C"": 10.0}"
50,0,10,40,control/logeuclid-kernel-SVM,control,0.5,"{""clf__C"": 10.0}"
50,0,10,40,quantum/HS-overlap-SVM,quantum,0.475,"{""clf__C"": 0.1}"
50,0,10,40,quantum/Fidelity-SVM,quantum,0.525,"{""clf__C"": 0.1}"
50,0,10,40,quantum/HS-RBF-SVM,quantum,0.425,"{""clf__C"": 10.0, ""clf__gamma_mult"": 1.0}"
50,0,10,40,quantum/Bures-RBF-SVM,quantum,0.5,"{""clf__C"": 10.0, ""clf__gamma_mult"": 1.0}"
50,0,10,40,quantum/QRE-RBF-SVM,quantum,0.45,"{""clf__C"": 10.0, ""clf__gamma_mult"": 1.0}"
50,0,10,40,quantum/HS-overlap-ref-SVM,quantum,0.525,"{""clf__C"": 0.1}"
50,0,10,40,quantum/Fidelity-ref-SVM,quantum,0.45,"{""clf__C"": 0.1}"
50,0,10,40,quantum/HS-RBF-ref-SVM,quantum,0.475,"{""clf__C"": 10.0, ""clf__gamma_mult"": 0.25}"
50,0,10,40,quantum/Bures-RBF-ref-SVM,quantum,0.475,"{""clf__C"": 10.0, ""clf__gamma_mult"": 0.25}"
50,0,10,40,quantum/QRE-RBF-ref-SVM,quantum,0.5,"{""clf__C"": 10.0, ""clf__gamma_mult"": 0.25}"
50,0,20,40,classical/TS+LR,classical,0.475,"{""clf__C"": 10.0}"
50,0,20,40,classical/MDM,classical,0.575,{}
50,0,20,40,classical/CSP+LDA,classical,0.5,"{""csp__nfilter"": 6}"
50,0,20,40,control/riemann-kernel-SVM,control,0.45,"{""clf__C"": 10.0}"
50,0,20,40,control/logeuclid-kernel-SVM,control,0.6,"{""clf__C"": 10.0}"
50,0,20,40,quantum/HS-overlap-SVM,quantum,0.625,"{""clf__C"": 0.1}"
50,0,20,40,quantum/Fidelity-SVM,quantum,0.6,"{""clf__C"": 0.1}"
50,0,20,40,quantum/HS-RBF-SVM,quantum,0.525,"{""clf__C"": 10.0, ""clf__gamma_mult"": 1.0}"
50,0,20,40,quantum/Bures-RBF-SVM,quantum,0.55,"{""clf__C"": 10.0, ""clf__gamma_mult"": 1.0}"
50,0,20,40,quantum/QRE-RBF-SVM,quantum,0.575,"{""clf__C"": 10.0, ""clf__gamma_mult"": 1.0}"
50,0,20,40,quantum/HS-overlap-ref-SVM,quantum,0.4,"{""clf__C"": 10.0}"
50,0,20,40,quantum/Fidelity-ref-SVM,quantum,0.45,"{""clf__C"": 0.1}"
50,0,20,40,quantum/HS-RBF-ref-SVM,quantum,0.425,"{""clf__C"": 10.0, ""clf__gamma_mult"": 0.25}"
50,0,20,40,quantum/Bures-RBF-ref-SVM,quantum,0.45,"{""clf__C"": 10.0, ""clf__gamma_mult"": 0.25}"
50,0,20,40,quantum/QRE-RBF-ref-SVM,quantum,0.45,"{""clf__C"": 10.0, ""clf__gamma_mult"": 0.25}"
50,0,40,40,classical/TS+LR,classical,0.55,"{""clf__C"": 0.1}"
50,0,40,40,classical/MDM,classical,0.525,{}
50,0,40,40,classical/CSP+LDA,classical,0.55,"{""csp__nfilter"": 6}"
50,0,40,40,control/riemann-kernel-SVM,control,0.45,"{""clf__C"": 10.0}"
50,0,40,40,control/logeuclid-kernel-SVM,control,0.45,"{""clf__C"": 10.0}"
50,0,40,40,quantum/HS-overlap-SVM,quantum,0.475,"{""clf__C"": 0.1}"
50,0,40,40,quantum/Fidelity-SVM,quantum,0.475,"{""clf__C"": 0.1}"
50,0,40,40,quantum/HS-RBF-SVM,quantum,0.525,"{""clf__C"": 10.0, ""clf__gamma_mult"": 1.0}"
50,0,40,40,quantum/Bures-RBF-SVM,quantum,0.525,"{""clf__C"": 10.0, ""clf__gamma_mult"": 1.0}"
50,0,40,40,quantum/QRE-RBF-SVM,quantum,0.5,"{""clf__C"": 10.0, ""clf__gamma_mult"": 1.0}"
50,0,40,40,quantum/HS-overlap-ref-SVM,quantum,0.55,"{""clf__C"": 10.0}"
50,0,40,40,quantum/Fidelity-ref-SVM,quantum,0.475,"{""clf__C"": 10.0}"
50,0,40,40,quantum/HS-RBF-ref-SVM,quantum,0.525,"{""clf__C"": 10.0, ""clf__gamma_mult"": 0.25}"
50,0,40,40,quantum/Bures-RBF-ref-SVM,quantum,0.6,"{""clf__C"": 10.0, ""clf__gamma_mult"": 0.25}"
50,0,40,40,quantum/QRE-RBF-ref-SVM,quantum,0.6,"{""clf__C"": 10.0, ""clf__gamma_mult"": 0.25}"
50,0,80,40,classical/TS+LR,classical,0.65,"{""clf__C"": 0.1}"
50,0,80,40,classical/MDM,classical,0.675,{}
50,0,80,40,classical/CSP+LDA,classical,0.675,"{""csp__nfilter"": 4}"
50,0,80,40,control/riemann-kernel-SVM,control,0.575,"{""clf__C"": 10.0}"
50,0,80,40,control/logeuclid-kernel-SVM,control,0.6,"{""clf__C"": 10.0}"
50,0,80,40,quantum/HS-overlap-SVM,quantum,0.65,"{""clf__C"": 0.1}"
50,0,80,40,quantum/Fidelity-SVM,quantum,0.625,"{""clf__C"": 0.1}"
50,0,80,40,quantum/HS-RBF-SVM,quantum,0.525,"{""clf__C"": 10.0, ""clf__gamma_mult"": 4.0}"
50,0,80,40,quantum/Bures-RBF-SVM,quantum,0.5,"{""clf__C"": 10.0, ""clf__gamma_mult"": 1.0}"
50,0,80,40,quantum/QRE-RBF-SVM,quantum,0.575,"{""clf__C"": 10.0, ""clf__gamma_mult"": 1.0}"
50,0,80,40,quantum/HS-overlap-ref-SVM,quantum,0.65,"{""clf__C"": 10.0}"
50,0,80,40,quantum/Fidelity-ref-SVM,quantum,0.675,"{""clf__C"": 0.1}"
50,0,80,40,quantum/HS-RBF-ref-SVM,quantum,0.625,"{""clf__C"": 10.0, ""clf__gamma_mult"": 1.0}"
50,0,80,40,quantum/Bures-RBF-ref-SVM,quantum,0.55,"{""clf__C"": 10.0, ""clf__gamma_mult"": 1.0}"
50,0,80,40,quantum/QRE-RBF-ref-SVM,quantum,0.6,"{""clf__C"": 10.0, ""clf__gamma_mult"": 1.0}"
50,0,160,40,classical/TS+LR,classical,0.7,"{""clf__C"": 0.1}"
50,0,160,40,classical/MDM,classical,0.5,{}
50,0,160,40,classical/CSP+LDA,classical,0.475,"{""csp__nfilter"": 4}"
50,0,160,40,control/riemann-kernel-SVM,control,0.575,"{""clf__C"": 10.0}"
50,0,160,40,control/logeuclid-kernel-SVM,control,0.6,"{""clf__C"": 10.0}"
50,0,160,40,quantum/HS-overlap-SVM,quantum,0.45,"{""clf__C"": 0.1}"
50,0,160,40,quantum/Fidelity-SVM,quantum,0.55,"{""clf__C"": 0.1}"
50,0,160,40,quantum/HS-RBF-SVM,quantum,0.55,"{""clf__C"": 10.0, ""clf__gamma_mult"": 4.0}"
50,0,160,40,quantum/Bures-RBF-SVM,quantum,0.6,"{""clf__C"": 10.0, ""clf__gamma_mult"": 4.0}"
50,0,160,40,quantum/QRE-RBF-SVM,quantum,0.55,"{""clf__C"": 10.0, ""clf__gamma_mult"": 1.0}"
50,0,160,40,quantum/HS-overlap-ref-SVM,quantum,0.625,"{""clf__C"": 10.0}"
50,0,160,40,quantum/Fidelity-ref-SVM,quantum,0.575,"{""clf__C"": 10.0}"
50,0,160,40,quantum/HS-RBF-ref-SVM,quantum,0.55,"{""clf__C"": 10.0, ""clf__gamma_mult"": 1.0}"
50,0,160,40,quantum/Bures-RBF-ref-SVM,quantum,0.525,"{""clf__C"": 10.0, ""clf__gamma_mult"": 1.0}"
50,0,160,40,quantum/QRE-RBF-ref-SVM,quantum,0.525,"{""clf__C"": 10.0, ""clf__gamma_mult"": 1.0}"
50,1,10,40,classical/TS+LR,classical,0.575,"{""clf__C"": 0.1}"
50,1,10,40,classical/MDM,classical,0.5,{}
50,1,10,40,classical/CSP+LDA,classical,0.475,"{""csp__nfilter"": 2}"
50,1,10,40,control/riemann-kernel-SVM,control,0.6,"{""clf__C"": 10.0}"
50,1,10,40,control/logeuclid-kernel-SVM,control,0.575,"{""clf__C"": 10.0}"
50,1,10,40,quantum/HS-overlap-SVM,quantum,0.45,"{""clf__C"": 10.0}"
50,1,10,40,quantum/Fidelity-SVM,quantum,0.5,"{""clf__C"": 10.0}"
50,1,10,40,quantum/HS-RBF-SVM,quantum,0.525,"{""clf__C"": 10.0, ""clf__gamma_mult"": 0.25}"
50,1,10,40,quantum/Bures-RBF-SVM,quantum,0.5,"{""clf__C"": 10.0, ""clf__gamma_mult"": 0.25}"
50,1,10,40,quantum/QRE-RBF-SVM,quantum,0.5,"{""clf__C"": 10.0, ""clf__gamma_mult"": 0.25}"
50,1,10,40,quantum/HS-overlap-ref-SVM,quantum,0.575,"{""clf__C"": 10.0}"
50,1,10,40,quantum/Fidelity-ref-SVM,quantum,0.5,"{""clf__C"": 10.0}"
50,1,10,40,quantum/HS-RBF-ref-SVM,quantum,0.6,"{""clf__C"": 10.0, ""clf__gamma_mult"": 0.25}"
50,1,10,40,quantum/Bures-RBF-ref-SVM,quantum,0.6,"{""clf__C"": 10.0, ""clf__gamma_mult"": 0.25}"
50,1,10,40,quantum/QRE-RBF-ref-SVM,quantum,0.6,"{""clf__C"": 10.0, ""clf__gamma_mult"": 0.25}"
50,1,20,40,classical/TS+LR,classical,0.575,"{""clf__C"": 10.0}"
50,1,20,40,classical/MDM,classical,0.5,{}
50,1,20,40,classical/CSP+LDA,classical,0.5,"{""csp__nfilter"": 6}"
50,1,20,40,control/riemann-kernel-SVM,control,0.6,"{""clf__C"": 10.0}"
50,1,20,40,control/logeuclid-kernel-SVM,control,0.525,"{""clf__C"": 10.0}"
50,1,20,40,quantum/HS-overlap-SVM,quantum,0.475,"{""clf__C"": 0.1}"
50,1,20,40,quantum/Fidelity-SVM,quantum,0.5,"{""clf__C"": 0.1}"
50,1,20,40,quantum/HS-RBF-SVM,quantum,0.45,"{""clf__C"": 10.0, ""clf__gamma_mult"": 1.0}"
50,1,20,40,quantum/Bures-RBF-SVM,quantum,0.425,"{""clf__C"": 10.0, ""clf__gamma_mult"": 0.25}"
50,1,20,40,quantum/QRE-RBF-SVM,quantum,0.475,"{""clf__C"": 1.0, ""clf__gamma_mult"": 1.0}"
50,1,20,40,quantum/HS-overlap-ref-SVM,quantum,0.525,"{""clf__C"": 10.0}"
50,1,20,40,quantum/Fidelity-ref-SVM,quantum,0.575,"{""clf__C"": 10.0}"
50,1,20,40,quantum/HS-RBF-ref-SVM,quantum,0.525,"{""clf__C"": 10.0, ""clf__gamma_mult"": 0.25}"
50,1,20,40,quantum/Bures-RBF-ref-SVM,quantum,0.5,"{""clf__C"": 10.0, ""clf__gamma_mult"": 0.25}"
50,1,20,40,quantum/QRE-RBF-ref-SVM,quantum,0.525,"{""clf__C"": 10.0, ""clf__gamma_mult"": 0.25}"
50,1,40,40,classical/TS+LR,classical,0.55,"{""clf__C"": 1.0}"
50,1,40,40,classical/MDM,classical,0.525,{}
50,1,40,40,classical/CSP+LDA,classical,0.575,"{""csp__nfilter"": 6}"
50,1,40,40,control/riemann-kernel-SVM,control,0.525,"{""clf__C"": 1.0}"
50,1,40,40,control/logeuclid-kernel-SVM,control,0.625,"{""clf__C"": 10.0}"
50,1,40,40,quantum/HS-overlap-SVM,quantum,0.35,"{""clf__C"": 0.1}"
50,1,40,40,quantum/Fidelity-SVM,quantum,0.525,"{""clf__C"": 0.1}"
50,1,40,40,quantum/HS-RBF-SVM,quantum,0.6,"{""clf__C"": 10.0, ""clf__gamma_mult"": 1.0}"
50,1,40,40,quantum/Bures-RBF-SVM,quantum,0.5,"{""clf__C"": 0.1, ""clf__gamma_mult"": 0.25}"
50,1,40,40,quantum/QRE-RBF-SVM,quantum,0.5,"{""clf__C"": 10.0, ""clf__gamma_mult"": 1.0}"
50,1,40,40,quantum/HS-overlap-ref-SVM,quantum,0.6,"{""clf__C"": 10.0}"
50,1,40,40,quantum/Fidelity-ref-SVM,quantum,0.5,"{""clf__C"": 0.1}"
50,1,40,40,quantum/HS-RBF-ref-SVM,quantum,0.625,"{""clf__C"": 10.0, ""clf__gamma_mult"": 0.25}"
50,1,40,40,quantum/Bures-RBF-ref-SVM,quantum,0.6,"{""clf__C"": 10.0, ""clf__gamma_mult"": 0.25}"
50,1,40,40,quantum/QRE-RBF-ref-SVM,quantum,0.6,"{""clf__C"": 10.0, ""clf__gamma_mult"": 0.25}"
50,1,80,40,classical/TS+LR,classical,0.575,"{""clf__C"": 0.1}"
50,1,80,40,classical/MDM,classical,0.45,{}
50,1,80,40,classical/CSP+LDA,classical,0.575,"{""csp__nfilter"": 2}"
50,1,80,40,control/riemann-kernel-SVM,control,0.55,"{""clf__C"": 10.0}"
50,1,80,40,control/logeuclid-kernel-SVM,control,0.525,"{""clf__C"": 10.0}"
50,1,80,40,quantum/HS-overlap-SVM,quantum,0.45,"{""clf__C"": 10.0}"
50,1,80,40,quantum/Fidelity-SVM,quantum,0.5,"{""clf__C"": 10.0}"
50,1,80,40,quantum/HS-RBF-SVM,quantum,0.475,"{""clf__C"": 10.0, ""clf__gamma_mult"": 4.0}"
50,1,80,40,quantum/Bures-RBF-SVM,quantum,0.525,"{""clf__C"": 10.0, ""clf__gamma_mult"": 4.0}"
50,1,80,40,quantum/QRE-RBF-SVM,quantum,0.55,"{""clf__C"": 10.0, ""clf__gamma_mult"": 1.0}"
50,1,80,40,quantum/HS-overlap-ref-SVM,quantum,0.55,"{""clf__C"": 10.0}"
50,1,80,40,quantum/Fidelity-ref-SVM,quantum,0.6,"{""clf__C"": 10.0}"
50,1,80,40,quantum/HS-RBF-ref-SVM,quantum,0.525,"{""clf__C"": 10.0, ""clf__gamma_mult"": 1.0}"
50,1,80,40,quantum/Bures-RBF-ref-SVM,quantum,0.525,"{""clf__C"": 10.0, ""clf__gamma_mult"": 1.0}"
50,1,80,40,quantum/QRE-RBF-ref-SVM,quantum,0.525,"{""clf__C"": 10.0, ""clf__gamma_mult"": 1.0}"
50,1,160,40,classical/TS+LR,classical,0.7,"{""clf__C"": 0.1}"
50,1,160,40,classical/MDM,classical,0.5,{}
50,1,160,40,classical/CSP+LDA,classical,0.475,"{""csp__nfilter"": 4}"
50,1,160,40,control/riemann-kernel-SVM,control,0.575,"{""clf__C"": 10.0}"
50,1,160,40,control/logeuclid-kernel-SVM,control,0.6,"{""clf__C"": 10.0}"
50,1,160,40,quantum/HS-overlap-SVM,quantum,0.45,"{""clf__C"": 0.1}"
50,1,160,40,quantum/Fidelity-SVM,quantum,0.55,"{""clf__C"": 0.1}"
50,1,160,40,quantum/HS-RBF-SVM,quantum,0.55,"{""clf__C"": 10.0, ""clf__gamma_mult"": 4.0}"
50,1,160,40,quantum/Bures-RBF-SVM,quantum,0.6,"{""clf__C"": 10.0, ""clf__gamma_mult"": 4.0}"
50,1,160,40,quantum/QRE-RBF-SVM,quantum,0.55,"{""clf__C"": 10.0, ""clf__gamma_mult"": 1.0}"
50,1,160,40,quantum/HS-overlap-ref-SVM,quantum,0.625,"{""clf__C"": 10.0}"
50,1,160,40,quantum/Fidelity-ref-SVM,quantum,0.575,"{""clf__C"": 10.0}"
50,1,160,40,quantum/HS-RBF-ref-SVM,quantum,0.55,"{""clf__C"": 10.0, ""clf__gamma_mult"": 1.0}"
50,1,160,40,quantum/Bures-RBF-ref-SVM,quantum,0.525,"{""clf__C"": 10.0, ""clf__gamma_mult"": 1.0}"
50,1,160,40,quantum/QRE-RBF-ref-SVM,quantum,0.525,"{""clf__C"": 10.0, ""clf__gamma_mult"": 1.0}"
50,2,10,40,classical/TS+LR,classical,0.5,"{""clf__C"": 1.0}"
50,2,10,40,classical/MDM,classical,0.475,{}
50,2,10,40,classical/CSP+LDA,classical,0.525,"{""csp__nfilter"": 4}"
50,2,10,40,control/riemann-kernel-SVM,control,0.5,"{""clf__C"": 10.0}"
50,2,10,40,control/logeuclid-kernel-SVM,control,0.525,"{""clf__C"": 10.0}"
50,2,10,40,quantum/HS-overlap-SVM,quantum,0.45,"{""clf__C"": 0.1}"
50,2,10,40,quantum/Fidelity-SVM,quantum,0.55,"{""clf__C"": 0.1}"
50,2,10,40,quantum/HS-RBF-SVM,quantum,0.5,"{""clf__C"": 10.0, ""clf__gamma_mult"": 1.0}"
50,2,10,40,quantum/Bures-RBF-SVM,quantum,0.55,"{""clf__C"": 10.0, ""clf__gamma_mult"": 1.0}"
50,2,10,40,quantum/QRE-RBF-SVM,quantum,0.525,"{""clf__C"": 10.0, ""clf__gamma_mult"": 1.0}"
50,2,10,40,quantum/HS-overlap-ref-SVM,quantum,0.575,"{""clf__C"": 10.0}"
50,2,10,40,quantum/Fidelity-ref-SVM,quantum,0.55,"{""clf__C"": 0.1}"
50,2,10,40,quantum/HS-RBF-ref-SVM,quantum,0.625,"{""clf__C"": 10.0, ""clf__gamma_mult"": 0.25}"
50,2,10,40,quantum/Bures-RBF-ref-SVM,quantum,0.575,"{""clf__C"": 10.0, ""clf__gamma_mult"": 0.25}"
50,2,10,40,quantum/QRE-RBF-ref-SVM,quantum,0.575,"{""clf__C"": 10.0, ""clf__gamma_mult"": 0.25}"
50,2,20,40,classical/TS+LR,classical,0.475,"{""clf__C"": 0.1}"
50,2,20,40,classical/MDM,classical,0.525,{}
50,2,20,40,classical/CSP+LDA,classical,0.5,"{""csp__nfilter"": 6}"
50,2,20,40,control/riemann-kernel-SVM,control,0.55,"{""clf__C"": 10.0}"
50,2,20,40,control/logeuclid-kernel-SVM,control,0.525,"{""clf__C"": 10.0}"
50,2,20,40,quantum/HS-overlap-SVM,quantum,0.475,"{""clf__C"": 0.1}"
50,2,20,40,quantum/Fidelity-SVM,quantum,0.55,"{""clf__C"": 10.0}"
50,2,20,40,quantum/HS-RBF-SVM,quantum,0.55,"{""clf__C"": 10.0, ""clf__gamma_mult"": 1.0}"
50,2,20,40,quantum/Bures-RBF-SVM,quantum,0.575,"{""clf__C"": 10.0, ""clf__gamma_mult"": 1.0}"
50,2,20,40,quantum/QRE-RBF-SVM,quantum,0.525,"{""clf__C"": 10.0, ""clf__gamma_mult"": 0.25}"
50,2,20,40,quantum/HS-overlap-ref-SVM,quantum,0.55,"{""clf__C"": 10.0}"
50,2,20,40,quantum/Fidelity-ref-SVM,quantum,0.525,"{""clf__C"": 10.0}"
50,2,20,40,quantum/HS-RBF-ref-SVM,quantum,0.6,"{""clf__C"": 10.0, ""clf__gamma_mult"": 0.25}"
50,2,20,40,quantum/Bures-RBF-ref-SVM,quantum,0.575,"{""clf__C"": 10.0, ""clf__gamma_mult"": 0.25}"
50,2,20,40,quantum/QRE-RBF-ref-SVM,quantum,0.575,"{""clf__C"": 10.0, ""clf__gamma_mult"": 1.0}"
50,2,40,40,classical/TS+LR,classical,0.5,"{""clf__C"": 10.0}"
50,2,40,40,classical/MDM,classical,0.525,{}
50,2,40,40,classical/CSP+LDA,classical,0.5,"{""csp__nfilter"": 4}"
50,2,40,40,control/riemann-kernel-SVM,control,0.525,"{""clf__C"": 10.0}"
50,2,40,40,control/logeuclid-kernel-SVM,control,0.475,"{""clf__C"": 10.0}"
50,2,40,40,quantum/HS-overlap-SVM,quantum,0.425,"{""clf__C"": 0.1}"
50,2,40,40,quantum/Fidelity-SVM,quantum,0.525,"{""clf__C"": 0.1}"
50,2,40,40,quantum/HS-RBF-SVM,quantum,0.475,"{""clf__C"": 10.0, ""clf__gamma_mult"": 4.0}"
50,2,40,40,quantum/Bures-RBF-SVM,quantum,0.55,"{""clf__C"": 10.0, ""clf__gamma_mult"": 1.0}"
50,2,40,40,quantum/QRE-RBF-SVM,quantum,0.475,"{""clf__C"": 10.0, ""clf__gamma_mult"": 1.0}"
50,2,40,40,quantum/HS-overlap-ref-SVM,quantum,0.5,"{""clf__C"": 10.0}"
50,2,40,40,quantum/Fidelity-ref-SVM,quantum,0.6,"{""clf__C"": 0.1}"
50,2,40,40,quantum/HS-RBF-ref-SVM,quantum,0.525,"{""clf__C"": 10.0, ""clf__gamma_mult"": 0.25}"
50,2,40,40,quantum/Bures-RBF-ref-SVM,quantum,0.5,"{""clf__C"": 10.0, ""clf__gamma_mult"": 0.25}"
50,2,40,40,quantum/QRE-RBF-ref-SVM,quantum,0.425,"{""clf__C"": 10.0, ""clf__gamma_mult"": 1.0}"
50,2,80,40,classical/TS+LR,classical,0.45,"{""clf__C"": 10.0}"
50,2,80,40,classical/MDM,classical,0.5,{}
50,2,80,40,classical/CSP+LDA,classical,0.575,"{""csp__nfilter"": 6}"
50,2,80,40,control/riemann-kernel-SVM,control,0.55,"{""clf__C"": 10.0}"
50,2,80,40,control/logeuclid-kernel-SVM,control,0.525,"{""clf__C"": 10.0}"
50,2,80,40,quantum/HS-overlap-SVM,quantum,0.475,"{""clf__C"": 0.1}"
50,2,80,40,quantum/Fidelity-SVM,quantum,0.45,"{""clf__C"": 0.1}"
50,2,80,40,quantum/HS-RBF-SVM,quantum,0.6,"{""clf__C"": 10.0, ""clf__gamma_mult"": 4.0}"
50,2,80,40,quantum/Bures-RBF-SVM,quantum,0.5,"{""clf__C"": 10.0, ""clf__gamma_mult"": 1.0}"
50,2,80,40,quantum/QRE-RBF-SVM,quantum,0.625,"{""clf__C"": 10.0, ""clf__gamma_mult"": 1.0}"
50,2,80,40,quantum/HS-overlap-ref-SVM,quantum,0.625,"{""clf__C"": 10.0}"
50,2,80,40,quantum/Fidelity-ref-SVM,quantum,0.475,"{""clf__C"": 0.1}"
50,2,80,40,quantum/HS-RBF-ref-SVM,quantum,0.575,"{""clf__C"": 10.0, ""clf__gamma_mult"": 1.0}"
50,2,80,40,quantum/Bures-RBF-ref-SVM,quantum,0.55,"{""clf__C"": 10.0, ""clf__gamma_mult"": 1.0}"
50,2,80,40,quantum/QRE-RBF-ref-SVM,quantum,0.55,"{""clf__C"": 10.0, ""clf__gamma_mult"": 1.0}"
50,2,160,40,classical/TS+LR,classical,0.7,"{""clf__C"": 0.1}"
50,2,160,40,classical/MDM,classical,0.5,{}
50,2,160,40,classical/CSP+LDA,classical,0.475,"{""csp__nfilter"": 4}"
50,2,160,40,control/riemann-kernel-SVM,control,0.575,"{""clf__C"": 10.0}"
50,2,160,40,control/logeuclid-kernel-SVM,control,0.6,"{""clf__C"": 10.0}"
50,2,160,40,quantum/HS-overlap-SVM,quantum,0.45,"{""clf__C"": 0.1}"
50,2,160,40,quantum/Fidelity-SVM,quantum,0.55,"{""clf__C"": 0.1}"
50,2,160,40,quantum/HS-RBF-SVM,quantum,0.55,"{""clf__C"": 10.0, ""clf__gamma_mult"": 4.0}"
50,2,160,40,quantum/Bures-RBF-SVM,quantum,0.6,"{""clf__C"": 10.0, ""clf__gamma_mult"": 4.0}"
50,2,160,40,quantum/QRE-RBF-SVM,quantum,0.55,"{""clf__C"": 10.0, ""clf__gamma_mult"": 1.0}"
50,2,160,40,quantum/HS-overlap-ref-SVM,quantum,0.625,"{""clf__C"": 10.0}"
50,2,160,40,quantum/Fidelity-ref-SVM,quantum,0.575,"{""clf__C"": 10.0}"
50,2,160,40,quantum/HS-RBF-ref-SVM,quantum,0.55,"{""clf__C"": 10.0, ""clf__gamma_mult"": 1.0}"
50,2,160,40,quantum/Bures-RBF-ref-SVM,quantum,0.525,"{""clf__C"": 10.0, ""clf__gamma_mult"": 1.0}"
50,2,160,40,quantum/QRE-RBF-ref-SVM,quantum,0.525,"{""clf__C"": 10.0, ""clf__gamma_mult"": 1.0}"
50,3,10,40,classical/TS+LR,classical,0.55,"{""clf__C"": 0.1}"
50,3,10,40,classical/MDM,classical,0.525,{}
50,3,10,40,classical/CSP+LDA,classical,0.6,"{""csp__nfilter"": 2}"
50,3,10,40,control/riemann-kernel-SVM,control,0.525,"{""clf__C"": 1.0}"
50,3,10,40,control/logeuclid-kernel-SVM,control,0.475,"{""clf__C"": 10.0}"
50,3,10,40,quantum/HS-overlap-SVM,quantum,0.5,"{""clf__C"": 0.1}"
50,3,10,40,quantum/Fidelity-SVM,quantum,0.525,"{""clf__C"": 0.1}"
50,3,10,40,quantum/HS-RBF-SVM,quantum,0.45,"{""clf__C"": 10.0, ""clf__gamma_mult"": 0.25}"
50,3,10,40,quantum/Bures-RBF-SVM,quantum,0.55,"{""clf__C"": 10.0, ""clf__gamma_mult"": 1.0}"
50,3,10,40,quantum/QRE-RBF-SVM,quantum,0.55,"{""clf__C"": 10.0, ""clf__gamma_mult"": 0.25}"
50,3,10,40,quantum/HS-overlap-ref-SVM,quantum,0.5,"{""clf__C"": 10.0}"
50,3,10,40,quantum/Fidelity-ref-SVM,quantum,0.55,"{""clf__C"": 10.0}"
50,3,10,40,quantum/HS-RBF-ref-SVM,quantum,0.5,"{""clf__C"": 10.0, ""clf__gamma_mult"": 0.25}"
50,3,10,40,quantum/Bures-RBF-ref-SVM,quantum,0.5,"{""clf__C"": 10.0, ""clf__gamma_mult"": 0.25}"
50,3,10,40,quantum/QRE-RBF-ref-SVM,quantum,0.5,"{""clf__C"": 10.0, ""clf__gamma_mult"": 0.25}"
50,3,20,40,classical/TS+LR,classical,0.625,"{""clf__C"": 10.0}"
50,3,20,40,classical/MDM,classical,0.525,{}
50,3,20,40,classical/CSP+LDA,classical,0.525,"{""csp__nfilter"": 2}"
50,3,20,40,control/riemann-kernel-SVM,control,0.475,"{""clf__C"": 10.0}"
50,3,20,40,control/logeuclid-kernel-SVM,control,0.575,"{""clf__C"": 10.0}"
50,3,20,40,quantum/HS-overlap-SVM,quantum,0.425,"{""clf__C"": 0.1}"
50,3,20,40,quantum/Fidelity-SVM,quantum,0.525,"{""clf__C"": 0.1}"
50,3,20,40,quantum/HS-RBF-SVM,quantum,0.5,"{""clf__C"": 10.0, ""clf__gamma_mult"": 1.0}"
50,3,20,40,quantum/Bures-RBF-SVM,quantum,0.5,"{""clf__C"": 10.0, ""clf__gamma_mult"": 1.0}"
50,3,20,40,quantum/QRE-RBF-SVM,quantum,0.55,"{""clf__C"": 10.0, ""clf__gamma_mult"": 1.0}"
50,3,20,40,quantum/HS-overlap-ref-SVM,quantum,0.6,"{""clf__C"": 10.0}"
50,3,20,40,quantum/Fidelity-ref-SVM,quantum,0.6,"{""clf__C"": 0.1}"
50,3,20,40,quantum/HS-RBF-ref-SVM,quantum,0.625,"{""clf__C"": 10.0, ""clf__gamma_mult"": 1.0}"
50,3,20,40,quantum/Bures-RBF-ref-SVM,quantum,0.625,"{""clf__C"": 10.0, ""clf__gamma_mult"": 1.0}"
50,3,20,40,quantum/QRE-RBF-ref-SVM,quantum,0.625,"{""clf__C"": 10.0, ""clf__gamma_mult"": 1.0}"
50,3,40,40,classical/TS+LR,classical,0.675,"{""clf__C"": 0.1}"
50,3,40,40,classical/MDM,classical,0.575,{}
50,3,40,40,classical/CSP+LDA,classical,0.575,"{""csp__nfilter"": 4}"
50,3,40,40,control/riemann-kernel-SVM,control,0.525,"{""clf__C"": 10.0}"
50,3,40,40,control/logeuclid-kernel-SVM,control,0.575,"{""clf__C"": 10.0}"
50,3,40,40,quantum/HS-overlap-SVM,quantum,0.525,"{""clf__C"": 0.1}"
50,3,40,40,quantum/Fidelity-SVM,quantum,0.55,"{""clf__C"": 0.1}"
50,3,40,40,quantum/HS-RBF-SVM,quantum,0.55,"{""clf__C"": 10.0, ""clf__gamma_mult"": 1.0}"
50,3,40,40,quantum/Bures-RBF-SVM,quantum,0.675,"{""clf__C"": 10.0, ""clf__gamma_mult"": 1.0}"
50,3,40,40,quantum/QRE-RBF-SVM,quantum,0.65,"{""clf__C"": 10.0, ""clf__gamma_mult"": 1.0}"
50,3,40,40,quantum/HS-overlap-ref-SVM,quantum,0.6,"{""clf__C"": 10.0}"
50,3,40,40,quantum/Fidelity-ref-SVM,quantum,0.6,"{""clf__C"": 10.0}"
50,3,40,40,quantum/HS-RBF-ref-SVM,quantum,0.55,"{""clf__C"": 10.0, ""clf__gamma_mult"": 1.0}"
50,3,40,40,quantum/Bures-RBF-ref-SVM,quantum,0.6,"{""clf__C"": 10.0, ""clf__gamma_mult"": 1.0}"
50,3,40,40,quantum/QRE-RBF-ref-SVM,quantum,0.6,"{""clf__C"": 10.0, ""clf__gamma_mult"": 1.0}"
50,3,80,40,classical/TS+LR,classical,0.525,"{""clf__C"": 10.0}"
50,3,80,40,classical/MDM,classical,0.625,{}
50,3,80,40,classical/CSP+LDA,classical,0.6,"{""csp__nfilter"": 4}"
50,3,80,40,control/riemann-kernel-SVM,control,0.475,"{""clf__C"": 10.0}"
50,3,80,40,control/logeuclid-kernel-SVM,control,0.475,"{""clf__C"": 10.0}"
50,3,80,40,quantum/HS-overlap-SVM,quantum,0.475,"{""clf__C"": 0.1}"
50,3,80,40,quantum/Fidelity-SVM,quantum,0.55,"{""clf__C"": 0.1}"
50,3,80,40,quantum/HS-RBF-SVM,quantum,0.65,"{""clf__C"": 10.0, ""clf__gamma_mult"": 4.0}"
50,3,80,40,quantum/Bures-RBF-SVM,quantum,0.575,"{""clf__C"": 10.0, ""clf__gamma_mult"": 1.0}"
50,3,80,40,quantum/QRE-RBF-SVM,quantum,0.5,"{""clf__C"": 10.0, ""clf__gamma_mult"": 1.0}"
50,3,80,40,quantum/HS-overlap-ref-SVM,quantum,0.675,"{""clf__C"": 10.0}"
50,3,80,40,quantum/Fidelity-ref-SVM,quantum,0.625,"{""clf__C"": 10.0}"
50,3,80,40,quantum/HS-RBF-ref-SVM,quantum,0.575,"{""clf__C"": 10.0, ""clf__gamma_mult"": 1.0}"
50,3,80,40,quantum/Bures-RBF-ref-SVM,quantum,0.525,"{""clf__C"": 10.0, ""clf__gamma_mult"": 1.0}"
50,3,80,40,quantum/QRE-RBF-ref-SVM,quantum,0.55,"{""clf__C"": 10.0, ""clf__gamma_mult"": 1.0}"
50,3,160,40,classical/TS+LR,classical,0.7,"{""clf__C"": 0.1}"
50,3,160,40,classical/MDM,classical,0.5,{}
50,3,160,40,classical/CSP+LDA,classical,0.475,"{""csp__nfilter"": 4}"
50,3,160,40,control/riemann-kernel-SVM,control,0.575,"{""clf__C"": 10.0}"
50,3,160,40,control/logeuclid-kernel-SVM,control,0.6,"{""clf__C"": 10.0}"
50,3,160,40,quantum/HS-overlap-SVM,quantum,0.45,"{""clf__C"": 0.1}"
50,3,160,40,quantum/Fidelity-SVM,quantum,0.55,"{""clf__C"": 0.1}"
50,3,160,40,quantum/HS-RBF-SVM,quantum,0.55,"{""clf__C"": 10.0, ""clf__gamma_mult"": 4.0}"
50,3,160,40,quantum/Bures-RBF-SVM,quantum,0.6,"{""clf__C"": 10.0, ""clf__gamma_mult"": 4.0}"
50,3,160,40,quantum/QRE-RBF-SVM,quantum,0.55,"{""clf__C"": 10.0, ""clf__gamma_mult"": 1.0}"
50,3,160,40,quantum/HS-overlap-ref-SVM,quantum,0.625,"{""clf__C"": 10.0}"
50,3,160,40,quantum/Fidelity-ref-SVM,quantum,0.575,"{""clf__C"": 10.0}"
50,3,160,40,quantum/HS-RBF-ref-SVM,quantum,0.55,"{""clf__C"": 10.0, ""clf__gamma_mult"": 1.0}"
50,3,160,40,quantum/Bures-RBF-ref-SVM,quantum,0.525,"{""clf__C"": 10.0, ""clf__gamma_mult"": 1.0}"
50,3,160,40,quantum/QRE-RBF-ref-SVM,quantum,0.525,"{""clf__C"": 10.0, ""clf__gamma_mult"": 1.0}"
50,4,10,40,classical/TS+LR,classical,0.525,"{""clf__C"": 0.1}"
50,4,10,40,classical/MDM,classical,0.5,{}
50,4,10,40,classical/CSP+LDA,classical,0.475,"{""csp__nfilter"": 2}"
50,4,10,40,control/riemann-kernel-SVM,control,0.55,"{""clf__C"": 10.0}"
50,4,10,40,control/logeuclid-kernel-SVM,control,0.6,"{""clf__C"": 10.0}"
50,4,10,40,quantum/HS-overlap-SVM,quantum,0.45,"{""clf__C"": 0.1}"
50,4,10,40,quantum/Fidelity-SVM,quantum,0.425,"{""clf__C"": 0.1}"
50,4,10,40,quantum/HS-RBF-SVM,quantum,0.55,"{""clf__C"": 10.0, ""clf__gamma_mult"": 1.0}"
50,4,10,40,quantum/Bures-RBF-SVM,quantum,0.45,"{""clf__C"": 10.0, ""clf__gamma_mult"": 0.25}"
50,4,10,40,quantum/QRE-RBF-SVM,quantum,0.475,"{""clf__C"": 10.0, ""clf__gamma_mult"": 0.25}"
50,4,10,40,quantum/HS-overlap-ref-SVM,quantum,0.575,"{""clf__C"": 10.0}"
50,4,10,40,quantum/Fidelity-ref-SVM,quantum,0.45,"{""clf__C"": 0.1}"
50,4,10,40,quantum/HS-RBF-ref-SVM,quantum,0.625,"{""clf__C"": 10.0, ""clf__gamma_mult"": 0.25}"
50,4,10,40,quantum/Bures-RBF-ref-SVM,quantum,0.6,"{""clf__C"": 10.0, ""clf__gamma_mult"": 0.25}"
50,4,10,40,quantum/QRE-RBF-ref-SVM,quantum,0.575,"{""clf__C"": 10.0, ""clf__gamma_mult"": 0.25}"
50,4,20,40,classical/TS+LR,classical,0.65,"{""clf__C"": 1.0}"
50,4,20,40,classical/MDM,classical,0.575,{}
50,4,20,40,classical/CSP+LDA,classical,0.5,"{""csp__nfilter"": 6}"
50,4,20,40,control/riemann-kernel-SVM,control,0.525,"{""clf__C"": 10.0}"
50,4,20,40,control/logeuclid-kernel-SVM,control,0.575,"{""clf__C"": 10.0}"
50,4,20,40,quantum/HS-overlap-SVM,quantum,0.4,"{""clf__C"": 0.1}"
50,4,20,40,quantum/Fidelity-SVM,quantum,0.45,"{""clf__C"": 0.1}"
50,4,20,40,quantum/HS-RBF-SVM,quantum,0.475,"{""clf__C"": 10.0, ""clf__gamma_mult"": 1.0}"
50,4,20,40,quantum/Bures-RBF-SVM,quantum,0.525,"{""clf__C"": 10.0, ""clf__gamma_mult"": 1.0}"
50,4,20,40,quantum/QRE-RBF-SVM,quantum,0.55,"{""clf__C"": 10.0, ""clf__gamma_mult"": 1.0}"
50,4,20,40,quantum/HS-overlap-ref-SVM,quantum,0.5,"{""clf__C"": 0.1}"
50,4,20,40,quantum/Fidelity-ref-SVM,quantum,0.5,"{""clf__C"": 0.1}"
50,4,20,40,quantum/HS-RBF-ref-SVM,quantum,0.6,"{""clf__C"": 10.0, ""clf__gamma_mult"": 1.0}"
50,4,20,40,quantum/Bures-RBF-ref-SVM,quantum,0.575,"{""clf__C"": 10.0, ""clf__gamma_mult"": 1.0}"
50,4,20,40,quantum/QRE-RBF-ref-SVM,quantum,0.55,"{""clf__C"": 10.0, ""clf__gamma_mult"": 0.25}"
50,4,40,40,classical/TS+LR,classical,0.675,"{""clf__C"": 1.0}"
50,4,40,40,classical/MDM,classical,0.525,{}
50,4,40,40,classical/CSP+LDA,classical,0.55,"{""csp__nfilter"": 2}"
50,4,40,40,control/riemann-kernel-SVM,control,0.55,"{""clf__C"": 10.0}"
50,4,40,40,control/logeuclid-kernel-SVM,control,0.55,"{""clf__C"": 10.0}"
50,4,40,40,quantum/HS-overlap-SVM,quantum,0.525,"{""clf__C"": 0.1}"
50,4,40,40,quantum/Fidelity-SVM,quantum,0.425,"{""clf__C"": 0.1}"
50,4,40,40,quantum/HS-RBF-SVM,quantum,0.6,"{""clf__C"": 10.0, ""clf__gamma_mult"": 1.0}"
50,4,40,40,quantum/Bures-RBF-SVM,quantum,0.5,"{""clf__C"": 10.0, ""clf__gamma_mult"": 1.0}"
50,4,40,40,quantum/QRE-RBF-SVM,quantum,0.525,"{""clf__C"": 10.0, ""clf__gamma_mult"": 1.0}"
50,4,40,40,quantum/HS-overlap-ref-SVM,quantum,0.525,"{""clf__C"": 10.0}"
50,4,40,40,quantum/Fidelity-ref-SVM,quantum,0.5,"{""clf__C"": 0.1}"
50,4,40,40,quantum/HS-RBF-ref-SVM,quantum,0.5,"{""clf__C"": 10.0, ""clf__gamma_mult"": 0.25}"
50,4,40,40,quantum/Bures-RBF-ref-SVM,quantum,0.55,"{""clf__C"": 10.0, ""clf__gamma_mult"": 0.25}"
50,4,40,40,quantum/QRE-RBF-ref-SVM,quantum,0.55,"{""clf__C"": 10.0, ""clf__gamma_mult"": 0.25}"
50,4,80,40,classical/TS+LR,classical,0.625,"{""clf__C"": 1.0}"
50,4,80,40,classical/MDM,classical,0.525,{}
50,4,80,40,classical/CSP+LDA,classical,0.55,"{""csp__nfilter"": 4}"
50,4,80,40,control/riemann-kernel-SVM,control,0.55,"{""clf__C"": 10.0}"
50,4,80,40,control/logeuclid-kernel-SVM,control,0.575,"{""clf__C"": 10.0}"
50,4,80,40,quantum/HS-overlap-SVM,quantum,0.525,"{""clf__C"": 0.1}"
50,4,80,40,quantum/Fidelity-SVM,quantum,0.45,"{""clf__C"": 0.1}"
50,4,80,40,quantum/HS-RBF-SVM,quantum,0.65,"{""clf__C"": 10.0, ""clf__gamma_mult"": 1.0}"
50,4,80,40,quantum/Bures-RBF-SVM,quantum,0.675,"{""clf__C"": 10.0, ""clf__gamma_mult"": 1.0}"
50,4,80,40,quantum/QRE-RBF-SVM,quantum,0.675,"{""clf__C"": 10.0, ""clf__gamma_mult"": 1.0}"
50,4,80,40,quantum/HS-overlap-ref-SVM,quantum,0.65,"{""clf__C"": 10.0}"
50,4,80,40,quantum/Fidelity-ref-SVM,quantum,0.475,"{""clf__C"": 0.1}"
50,4,80,40,quantum/HS-RBF-ref-SVM,quantum,0.6,"{""clf__C"": 10.0, ""clf__gamma_mult"": 1.0}"
50,4,80,40,quantum/Bures-RBF-ref-SVM,quantum,0.575,"{""clf__C"": 10.0, ""clf__gamma_mult"": 1.0}"
50,4,80,40,quantum/QRE-RBF-ref-SVM,quantum,0.625,"{""clf__C"": 10.0, ""clf__gamma_mult"": 1.0}"
50,4,160,40,classical/TS+LR,classical,0.7,"{""clf__C"": 0.1}"
50,4,160,40,classical/MDM,classical,0.5,{}
50,4,160,40,classical/CSP+LDA,classical,0.475,"{""csp__nfilter"": 4}"
50,4,160,40,control/riemann-kernel-SVM,control,0.575,"{""clf__C"": 10.0}"
50,4,160,40,control/logeuclid-kernel-SVM,control,0.6,"{""clf__C"": 10.0}"
50,4,160,40,quantum/HS-overlap-SVM,quantum,0.45,"{""clf__C"": 0.1}"
50,4,160,40,quantum/Fidelity-SVM,quantum,0.55,"{""clf__C"": 0.1}"
50,4,160,40,quantum/HS-RBF-SVM,quantum,0.55,"{""clf__C"": 10.0, ""clf__gamma_mult"": 4.0}"
50,4,160,40,quantum/Bures-RBF-SVM,quantum,0.6,"{""clf__C"": 10.0, ""clf__gamma_mult"": 4.0}"
50,4,160,40,quantum/QRE-RBF-SVM,quantum,0.55,"{""clf__C"": 10.0, ""clf__gamma_mult"": 1.0}"
50,4,160,40,quantum/HS-overlap-ref-SVM,quantum,0.625,"{""clf__C"": 10.0}"
50,4,160,40,quantum/Fidelity-ref-SVM,quantum,0.575,"{""clf__C"": 10.0}"
50,4,160,40,quantum/HS-RBF-ref-SVM,quantum,0.55,"{""clf__C"": 10.0, ""clf__gamma_mult"": 1.0}"
50,4,160,40,quantum/Bures-RBF-ref-SVM,quantum,0.525,"{""clf__C"": 10.0, ""clf__gamma_mult"": 1.0}"
50,4,160,40,quantum/QRE-RBF-ref-SVM,quantum,0.525,"{""clf__C"": 10.0, ""clf__gamma_mult"": 1.0}"
50,5,10,40,classical/TS+LR,classical,0.425,"{""clf__C"": 0.1}"
50,5,10,40,classical/MDM,classical,0.475,{}
50,5,10,40,classical/CSP+LDA,classical,0.425,"{""csp__nfilter"": 2}"
50,5,10,40,control/riemann-kernel-SVM,control,0.475,"{""clf__C"": 10.0}"
50,5,10,40,control/logeuclid-kernel-SVM,control,0.5,"{""clf__C"": 10.0}"
50,5,10,40,quantum/HS-overlap-SVM,quantum,0.4,"{""clf__C"": 0.1}"
50,5,10,40,quantum/Fidelity-SVM,quantum,0.425,"{""clf__C"": 0.1}"
50,5,10,40,quantum/HS-RBF-SVM,quantum,0.525,"{""clf__C"": 10.0, ""clf__gamma_mult"": 1.0}"
50,5,10,40,quantum/Bures-RBF-SVM,quantum,0.5,"{""clf__C"": 10.0, ""clf__gamma_mult"": 1.0}"
50,5,10,40,quantum/QRE-RBF-SVM,quantum,0.5,"{""clf__C"": 10.0, ""clf__gamma_mult"": 1.0}"
50,5,10,40,quantum/HS-overlap-ref-SVM,quantum,0.45,"{""clf__C"": 0.1}"
50,5,10,40,quantum/Fidelity-ref-SVM,quantum,0.425,"{""clf__C"": 0.1}"
50,5,10,40,quantum/HS-RBF-ref-SVM,quantum,0.525,"{""clf__C"": 10.0, ""clf__gamma_mult"": 1.0}"
50,5,10,40,quantum/Bures-RBF-ref-SVM,quantum,0.5,"{""clf__C"": 10.0, ""clf__gamma_mult"": 1.0}"
50,5,10,40,quantum/QRE-RBF-ref-SVM,quantum,0.475,"{""clf__C"": 10.0, ""clf__gamma_mult"": 1.0}"
50,5,20,40,classical/TS+LR,classical,0.35,"{""clf__C"": 0.1}"
50,5,20,40,classical/MDM,classical,0.5,{}
50,5,20,40,classical/CSP+LDA,classical,0.45,"{""csp__nfilter"": 6}"
50,5,20,40,control/riemann-kernel-SVM,control,0.55,"{""clf__C"": 10.0}"
50,5,20,40,control/logeuclid-kernel-SVM,control,0.525,"{""clf__C"": 10.0}"
50,5,20,40,quantum/HS-overlap-SVM,quantum,0.5,"{""clf__C"": 0.1}"
50,5,20,40,quantum/Fidelity-SVM,quantum,0.5,"{""clf__C"": 0.1}"
50,5,20,40,quantum/HS-RBF-SVM,quantum,0.475,"{""clf__C"": 10.0, ""clf__gamma_mult"": 1.0}"
50,5,20,40,quantum/Bures-RBF-SVM,quantum,0.525,"{""clf__C"": 10.0, ""clf__gamma_mult"": 1.0}"
50,5,20,40,quantum/QRE-RBF-SVM,quantum,0.5,"{""clf__C"": 10.0, ""clf__gamma_mult"": 1.0}"
50,5,20,40,quantum/HS-overlap-ref-SVM,quantum,0.475,"{""clf__C"": 10.0}"
50,5,20,40,quantum/Fidelity-ref-SVM,quantum,0.5,"{""clf__C"": 0.1}"
50,5,20,40,quantum/HS-RBF-ref-SVM,quantum,0.525,"{""clf__C"": 10.0, ""clf__gamma_mult"": 0.25}"
50,5,20,40,quantum/Bures-RBF-ref-SVM,quantum,0.5,"{""clf__C"": 10.0, ""clf__gamma_mult"": 0.25}"
50,5,20,40,quantum/QRE-RBF-ref-SVM,quantum,0.5,"{""clf__C"": 10.0, ""clf__gamma_mult"": 0.25}"
50,5,40,40,classical/TS+LR,classical,0.375,"{""clf__C"": 1.0}"
50,5,40,40,classical/MDM,classical,0.5,{}
50,5,40,40,classical/CSP+LDA,classical,0.425,"{""csp__nfilter"": 4}"
50,5,40,40,control/riemann-kernel-SVM,control,0.45,"{""clf__C"": 10.0}"
50,5,40,40,control/logeuclid-kernel-SVM,control,0.375,"{""clf__C"": 10.0}"
50,5,40,40,quantum/HS-overlap-SVM,quantum,0.4,"{""clf__C"": 0.1}"
50,5,40,40,quantum/Fidelity-SVM,quantum,0.475,"{""clf__C"": 0.1}"
50,5,40,40,quantum/HS-RBF-SVM,quantum,0.425,"{""clf__C"": 10.0, ""clf__gamma_mult"": 1.0}"
50,5,40,40,quantum/Bures-RBF-SVM,quantum,0.45,"{""clf__C"": 10.0, ""clf__gamma_mult"": 1.0}"
50,5,40,40,quantum/QRE-RBF-SVM,quantum,0.425,"{""clf__C"": 10.0, ""clf__gamma_mult"": 1.0}"
50,5,40,40,quantum/HS-overlap-ref-SVM,quantum,0.475,"{""clf__C"": 10.0}"
50,5,40,40,quantum/Fidelity-ref-SVM,quantum,0.5,"{""clf__C"": 10.0}"
50,5,40,40,quantum/HS-RBF-ref-SVM,quantum,0.525,"{""clf__C"": 10.0, ""clf__gamma_mult"": 0.25}"
50,5,40,40,quantum/Bures-RBF-ref-SVM,quantum,0.425,"{""clf__C"": 10.0, ""clf__gamma_mult"": 0.25}"
50,5,40,40,quantum/QRE-RBF-ref-SVM,quantum,0.425,"{""clf__C"": 10.0, ""clf__gamma_mult"": 0.25}"
50,5,80,40,classical/TS+LR,classical,0.475,"{""clf__C"": 0.1}"
50,5,80,40,classical/MDM,classical,0.525,{}
50,5,80,40,classical/CSP+LDA,classical,0.4,"{""csp__nfilter"": 2}"
50,5,80,40,control/riemann-kernel-SVM,control,0.475,"{""clf__C"": 10.0}"
50,5,80,40,control/logeuclid-kernel-SVM,control,0.5,"{""clf__C"": 10.0}"
50,5,80,40,quantum/HS-overlap-SVM,quantum,0.375,"{""clf__C"": 0.1}"
50,5,80,40,quantum/Fidelity-SVM,quantum,0.425,"{""clf__C"": 0.1}"
50,5,80,40,quantum/HS-RBF-SVM,quantum,0.5,"{""clf__C"": 10.0, ""clf__gamma_mult"": 1.0}"
50,5,80,40,quantum/Bures-RBF-SVM,quantum,0.55,"{""clf__C"": 10.0, ""clf__gamma_mult"": 1.0}"
50,5,80,40,quantum/QRE-RBF-SVM,quantum,0.475,"{""clf__C"": 10.0, ""clf__gamma_mult"": 1.0}"
50,5,80,40,quantum/HS-overlap-ref-SVM,quantum,0.55,"{""clf__C"": 10.0}"
50,5,80,40,quantum/Fidelity-ref-SVM,quantum,0.475,"{""clf__C"": 10.0}"
50,5,80,40,quantum/HS-RBF-ref-SVM,quantum,0.525,"{""clf__C"": 10.0, ""clf__gamma_mult"": 1.0}"
50,5,80,40,quantum/Bures-RBF-ref-SVM,quantum,0.525,"{""clf__C"": 10.0, ""clf__gamma_mult"": 0.25}"
50,5,80,40,quantum/QRE-RBF-ref-SVM,quantum,0.525,"{""clf__C"": 10.0, ""clf__gamma_mult"": 1.0}"
50,5,160,40,classical/TS+LR,classical,0.7,"{""clf__C"": 0.1}"
50,5,160,40,classical/MDM,classical,0.5,{}
50,5,160,40,classical/CSP+LDA,classical,0.475,"{""csp__nfilter"": 4}"
50,5,160,40,control/riemann-kernel-SVM,control,0.575,"{""clf__C"": 10.0}"
50,5,160,40,control/logeuclid-kernel-SVM,control,0.6,"{""clf__C"": 10.0}"
50,5,160,40,quantum/HS-overlap-SVM,quantum,0.45,"{""clf__C"": 0.1}"
50,5,160,40,quantum/Fidelity-SVM,quantum,0.55,"{""clf__C"": 0.1}"
50,5,160,40,quantum/HS-RBF-SVM,quantum,0.55,"{""clf__C"": 10.0, ""clf__gamma_mult"": 4.0}"
50,5,160,40,quantum/Bures-RBF-SVM,quantum,0.6,"{""clf__C"": 10.0, ""clf__gamma_mult"": 4.0}"
50,5,160,40,quantum/QRE-RBF-SVM,quantum,0.55,"{""clf__C"": 10.0, ""clf__gamma_mult"": 1.0}"
50,5,160,40,quantum/HS-overlap-ref-SVM,quantum,0.625,"{""clf__C"": 10.0}"
50,5,160,40,quantum/Fidelity-ref-SVM,quantum,0.575,"{""clf__C"": 10.0}"
50,5,160,40,quantum/HS-RBF-ref-SVM,quantum,0.55,"{""clf__C"": 10.0, ""clf__gamma_mult"": 1.0}"
50,5,160,40,quantum/Bures-RBF-ref-SVM,quantum,0.525,"{""clf__C"": 10.0, ""clf__gamma_mult"": 1.0}"
50,5,160,40,quantum/QRE-RBF-ref-SVM,quantum,0.525,"{""clf__C"": 10.0, ""clf__gamma_mult"": 1.0}"
50,6,10,40,classical/TS+LR,classical,0.625,"{""clf__C"": 0.1}"
50,6,10,40,classical/MDM,classical,0.475,{}
50,6,10,40,classical/CSP+LDA,classical,0.475,"{""csp__nfilter"": 6}"
50,6,10,40,control/riemann-kernel-SVM,control,0.475,"{""clf__C"": 10.0}"
50,6,10,40,control/logeuclid-kernel-SVM,control,0.5,"{""clf__C"": 10.0}"
50,6,10,40,quantum/HS-overlap-SVM,quantum,0.525,"{""clf__C"": 0.1}"
50,6,10,40,quantum/Fidelity-SVM,quantum,0.525,"{""clf__C"": 0.1}"
50,6,10,40,quantum/HS-RBF-SVM,quantum,0.5,"{""clf__C"": 10.0, ""clf__gamma_mult"": 1.0}"
50,6,10,40,quantum/Bures-RBF-SVM,quantum,0.45,"{""clf__C"": 10.0, ""clf__gamma_mult"": 1.0}"
50,6,10,40,quantum/QRE-RBF-SVM,quantum,0.45,"{""clf__C"": 10.0, ""clf__gamma_mult"": 1.0}"
50,6,10,40,quantum/HS-overlap-ref-SVM,quantum,0.5,"{""clf__C"": 10.0}"
50,6,10,40,quantum/Fidelity-ref-SVM,quantum,0.5,"{""clf__C"": 0.1}"
50,6,10,40,quantum/HS-RBF-ref-SVM,quantum,0.525,"{""clf__C"": 10.0, ""clf__gamma_mult"": 0.25}"
50,6,10,40,quantum/Bures-RBF-ref-SVM,quantum,0.55,"{""clf__C"": 10.0, ""clf__gamma_mult"": 0.25}"
50,6,10,40,quantum/QRE-RBF-ref-SVM,quantum,0.55,"{""clf__C"": 10.0, ""clf__gamma_mult"": 0.25}"
50,6,20,40,classical/TS+LR,classical,0.6,"{""clf__C"": 1.0}"
50,6,20,40,classical/MDM,classical,0.55,{}
50,6,20,40,classical/CSP+LDA,classical,0.6,"{""csp__nfilter"": 2}"
50,6,20,40,control/riemann-kernel-SVM,control,0.55,"{""clf__C"": 1.0}"
50,6,20,40,control/logeuclid-kernel-SVM,control,0.525,"{""clf__C"": 1.0}"
50,6,20,40,quantum/HS-overlap-SVM,quantum,0.5,"{""clf__C"": 10.0}"
50,6,20,40,quantum/Fidelity-SVM,quantum,0.525,"{""clf__C"": 10.0}"
50,6,20,40,quantum/HS-RBF-SVM,quantum,0.45,"{""clf__C"": 10.0, ""clf__gamma_mult"": 1.0}"
50,6,20,40,quantum/Bures-RBF-SVM,quantum,0.5,"{""clf__C"": 10.0, ""clf__gamma_mult"": 1.0}"
50,6,20,40,quantum/QRE-RBF-SVM,quantum,0.5,"{""clf__C"": 10.0, ""clf__gamma_mult"": 1.0}"
50,6,20,40,quantum/HS-overlap-ref-SVM,quantum,0.6,"{""clf__C"": 10.0}"
50,6,20,40,quantum/Fidelity-ref-SVM,quantum,0.575,"{""clf__C"": 10.0}"
50,6,20,40,quantum/HS-RBF-ref-SVM,quantum,0.575,"{""clf__C"": 10.0, ""clf__gamma_mult"": 0.25}"
50,6,20,40,quantum/Bures-RBF-ref-SVM,quantum,0.55,"{""clf__C"": 10.0, ""clf__gamma_mult"": 1.0}"
50,6,20,40,quantum/QRE-RBF-ref-SVM,quantum,0.55,"{""clf__C"": 10.0, ""clf__gamma_mult"": 1.0}"
50,6,40,40,classical/TS+LR,classical,0.525,"{""clf__C"": 10.0}"
50,6,40,40,classical/MDM,classical,0.475,{}
50,6,40,40,classical/CSP+LDA,classical,0.475,"{""csp__nfilter"": 6}"
50,6,40,40,control/riemann-kernel-SVM,control,0.525,"{""clf__C"": 10.0}"
50,6,40,40,control/logeuclid-kernel-SVM,control,0.4,"{""clf__C"": 10.0}"
50,6,40,40,quantum/HS-overlap-SVM,quantum,0.475,"{""clf__C"": 0.1}"
50,6,40,40,quantum/Fidelity-SVM,quantum,0.525,"{""clf__C"": 0.1}"
50,6,40,40,quantum/HS-RBF-SVM,quantum,0.45,"{""clf__C"": 10.0, ""clf__gamma_mult"": 1.0}"
50,6,40,40,quantum/Bures-RBF-SVM,quantum,0.45,"{""clf__C"": 10.0, ""clf__gamma_mult"": 1.0}"
50,6,40,40,quantum/QRE-RBF-SVM,quantum,0.425,"{""clf__C"": 10.0, ""clf__gamma_mult"": 1.0}"
50,6,40,40,quantum/HS-overlap-ref-SVM,quantum,0.475,"{""clf__C"": 10.0}"
50,6,40,40,quantum/Fidelity-ref-SVM,quantum,0.6,"{""clf__C"": 0.1}"
50,6,40,40,quantum/HS-RBF-ref-SVM,quantum,0.55,"{""clf__C"": 10.0, ""clf__gamma_mult"": 0.25}"
50,6,40,40,quantum/Bures-RBF-ref-SVM,quantum,0.45,"{""clf__C"": 10.0, ""clf__gamma_mult"": 1.0}"
50,6,40,40,quantum/QRE-RBF-ref-SVM,quantum,0.45,"{""clf__C"": 10.0, ""clf__gamma_mult"": 1.0}"
50,6,80,40,classical/TS+LR,classical,0.425,"{""clf__C"": 10.0}"
50,6,80,40,classical/MDM,classical,0.5,{}
50,6,80,40,classical/CSP+LDA,classical,0.5,"{""csp__nfilter"": 2}"
50,6,80,40,control/riemann-kernel-SVM,control,0.475,"{""clf__C"": 10.0}"
50,6,80,40,control/logeuclid-kernel-SVM,control,0.425,"{""clf__C"": 10.0}"
50,6,80,40,quantum/HS-overlap-SVM,quantum,0.4,"{""clf__C"": 0.1}"
50,6,80,40,quantum/Fidelity-SVM,quantum,0.55,"{""clf__C"": 0.1}"
50,6,80,40,quantum/HS-RBF-SVM,quantum,0.475,"{""clf__C"": 10.0, ""clf__gamma_mult"": 4.0}"
50,6,80,40,quantum/Bures-RBF-SVM,quantum,0.475,"{""clf__C"": 10.0, ""clf__gamma_mult"": 1.0}"
50,6,80,40,quantum/QRE-RBF-SVM,quantum,0.525,"{""clf__C"": 10.0, ""clf__gamma_mult"": 1.0}"
50,6,80,40,quantum/HS-overlap-ref-SVM,quantum,0.475,"{""clf__C"": 10.0}"
50,6,80,40,quantum/Fidelity-ref-SVM,quantum,0.475,"{""clf__C"": 0.1}"
50,6,80,40,quantum/HS-RBF-ref-SVM,quantum,0.55,"{""clf__C"": 10.0, ""clf__gamma_mult"": 1.0}"
50,6,80,40,quantum/Bures-RBF-ref-SVM,quantum,0.55,"{""clf__C"": 10.0, ""clf__gamma_mult"": 1.0}"
50,6,80,40,quantum/QRE-RBF-ref-SVM,quantum,0.525,"{""clf__C"": 10.0, ""clf__gamma_mult"": 1.0}"
50,6,160,40,classical/TS+LR,classical,0.7,"{""clf__C"": 0.1}"
50,6,160,40,classical/MDM,classical,0.5,{}
50,6,160,40,classical/CSP+LDA,classical,0.475,"{""csp__nfilter"": 4}"
50,6,160,40,control/riemann-kernel-SVM,control,0.575,"{""clf__C"": 10.0}"
50,6,160,40,control/logeuclid-kernel-SVM,control,0.6,"{""clf__C"": 10.0}"
50,6,160,40,quantum/HS-overlap-SVM,quantum,0.45,"{""clf__C"": 0.1}"
50,6,160,40,quantum/Fidelity-SVM,quantum,0.55,"{""clf__C"": 0.1}"
50,6,160,40,quantum/HS-RBF-SVM,quantum,0.55,"{""clf__C"": 10.0, ""clf__gamma_mult"": 4.0}"
50,6,160,40,quantum/Bures-RBF-SVM,quantum,0.6,"{""clf__C"": 10.0, ""clf__gamma_mult"": 4.0}"
50,6,160,40,quantum/QRE-RBF-SVM,quantum,0.55,"{""clf__C"": 10.0, ""clf__gamma_mult"": 1.0}"
50,6,160,40,quantum/HS-overlap-ref-SVM,quantum,0.625,"{""clf__C"": 10.0}"
50,6,160,40,quantum/Fidelity-ref-SVM,quantum,0.575,"{""clf__C"": 10.0}"
50,6,160,40,quantum/HS-RBF-ref-SVM,quantum,0.55,"{""clf__C"": 10.0, ""clf__gamma_mult"": 1.0}"
50,6,160,40,quantum/Bures-RBF-ref-SVM,quantum,0.525,"{""clf__C"": 10.0, ""clf__gamma_mult"": 1.0}"
50,6,160,40,quantum/QRE-RBF-ref-SVM,quantum,0.525,"{""clf__C"": 10.0, ""clf__gamma_mult"": 1.0}"
50,7,10,40,classical/TS+LR,classical,0.475,"{""clf__C"": 0.1}"
50,7,10,40,classical/MDM,classical,0.525,{}
50,7,10,40,classical/CSP+LDA,classical,0.525,"{""csp__nfilter"": 2}"
50,7,10,40,control/riemann-kernel-SVM,control,0.575,"{""clf__C"": 1.0}"
50,7,10,40,control/logeuclid-kernel-SVM,control,0.5,"{""clf__C"": 10.0}"
50,7,10,40,quantum/HS-overlap-SVM,quantum,0.45,"{""clf__C"": 0.1}"
50,7,10,40,quantum/Fidelity-SVM,quantum,0.525,"{""clf__C"": 0.1}"
50,7,10,40,quantum/HS-RBF-SVM,quantum,0.5,"{""clf__C"": 10.0, ""clf__gamma_mult"": 1.0}"
50,7,10,40,quantum/Bures-RBF-SVM,quantum,0.525,"{""clf__C"": 10.0, ""clf__gamma_mult"": 0.25}"
50,7,10,40,quantum/QRE-RBF-SVM,quantum,0.525,"{""clf__C"": 10.0, ""clf__gamma_mult"": 0.25}"
50,7,10,40,quantum/HS-overlap-ref-SVM,quantum,0.55,"{""clf__C"": 10.0}"
50,7,10,40,quantum/Fidelity-ref-SVM,quantum,0.475,"{""clf__C"": 10.0}"
50,7,10,40,quantum/HS-RBF-ref-SVM,quantum,0.525,"{""clf__C"": 10.0, ""clf__gamma_mult"": 0.25}"
50,7,10,40,quantum/Bures-RBF-ref-SVM,quantum,0.45,"{""clf__C"": 10.0, ""clf__gamma_mult"": 0.25}"
50,7,10,40,quantum/QRE-RBF-ref-SVM,quantum,0.45,"{""clf__C"": 10.0, ""clf__gamma_mult"": 0.25}"
50,7,20,40,classical/TS+LR,classical,0.425,"{""clf__C"": 0.1}"
50,7,20,40,classical/MDM,classical,0.425,{}
50,7,20,40,classical/CSP+LDA,classical,0.45,"{""csp__nfilter"": 6}"
50,7,20,40,control/riemann-kernel-SVM,control,0.5,"{""clf__C"": 1.0}"
50,7,20,40,control/logeuclid-kernel-SVM,control,0.525,"{""clf__C"": 10.0}"
50,7,20,40,quantum/HS-overlap-SVM,quantum,0.45,"{""clf__C"": 0.1}"
50,7,20,40,quantum/Fidelity-SVM,quantum,0.375,"{""clf__C"": 0.1}"
50,7,20,40,quantum/HS-RBF-SVM,quantum,0.45,"{""clf__C"": 10.0, ""clf__gamma_mult"": 1.0}"
50,7,20,40,quantum/Bures-RBF-SVM,quantum,0.375,"{""clf__C"": 10.0, ""clf__gamma_mult"": 1.0}"
50,7,20,40,quantum/QRE-RBF-SVM,quantum,0.4,"{""clf__C"": 10.0, ""clf__gamma_mult"": 1.0}"
50,7,20,40,quantum/HS-overlap-ref-SVM,quantum,0.4,"{""clf__C"": 10.0}"
50,7,20,40,quantum/Fidelity-ref-SVM,quantum,0.4,"{""clf__C"": 0.1}"
50,7,20,40,quantum/HS-RBF-ref-SVM,quantum,0.4,"{""clf__C"": 10.0, ""clf__gamma_mult"": 0.25}"
50,7,20,40,quantum/Bures-RBF-ref-SVM,quantum,0.4,"{""clf__C"": 10.0, ""clf__gamma_mult"": 1.0}"
50,7,20,40,quantum/QRE-RBF-ref-SVM,quantum,0.375,"{""clf__C"": 10.0, ""clf__gamma_mult"": 1.0}"
50,7,40,40,classical/TS+LR,classical,0.575,"{""clf__C"": 0.1}"
50,7,40,40,classical/MDM,classical,0.475,{}
50,7,40,40,classical/CSP+LDA,classical,0.475,"{""csp__nfilter"": 2}"
50,7,40,40,control/riemann-kernel-SVM,control,0.575,"{""clf__C"": 10.0}"
50,7,40,40,control/logeuclid-kernel-SVM,control,0.6,"{""clf__C"": 10.0}"
50,7,40,40,quantum/HS-overlap-SVM,quantum,0.45,"{""clf__C"": 0.1}"
50,7,40,40,quantum/Fidelity-SVM,quantum,0.475,"{""clf__C"": 0.1}"
50,7,40,40,quantum/HS-RBF-SVM,quantum,0.55,"{""clf__C"": 10.0, ""clf__gamma_mult"": 1.0}"
50,7,40,40,quantum/Bures-RBF-SVM,quantum,0.6,"{""clf__C"": 10.0, ""clf__gamma_mult"": 1.0}"
50,7,40,40,quantum/QRE-RBF-SVM,quantum,0.525,"{""clf__C"": 10.0, ""clf__gamma_mult"": 1.0}"
50,7,40,40,quantum/HS-overlap-ref-SVM,quantum,0.475,"{""clf__C"": 10.0}"
50,7,40,40,quantum/Fidelity-ref-SVM,quantum,0.45,"{""clf__C"": 0.1}"
50,7,40,40,quantum/HS-RBF-ref-SVM,quantum,0.6,"{""clf__C"": 10.0, ""clf__gamma_mult"": 1.0}"
50,7,40,40,quantum/Bures-RBF-ref-SVM,quantum,0.625,"{""clf__C"": 10.0, ""clf__gamma_mult"": 1.0}"
50,7,40,40,quantum/QRE-RBF-ref-SVM,quantum,0.625,"{""clf__C"": 10.0, ""clf__gamma_mult"": 1.0}"
50,7,80,40,classical/TS+LR,classical,0.475,"{""clf__C"": 0.1}"
50,7,80,40,classical/MDM,classical,0.45,{}
50,7,80,40,classical/CSP+LDA,classical,0.425,"{""csp__nfilter"": 2}"
50,7,80,40,control/riemann-kernel-SVM,control,0.55,"{""clf__C"": 10.0}"
50,7,80,40,control/logeuclid-kernel-SVM,control,0.525,"{""clf__C"": 10.0}"
50,7,80,40,quantum/HS-overlap-SVM,quantum,0.425,"{""clf__C"": 0.1}"
50,7,80,40,quantum/Fidelity-SVM,quantum,0.425,"{""clf__C"": 0.1}"
50,7,80,40,quantum/HS-RBF-SVM,quantum,0.625,"{""clf__C"": 10.0, ""clf__gamma_mult"": 4.0}"
50,7,80,40,quantum/Bures-RBF-SVM,quantum,0.5,"{""clf__C"": 10.0, ""clf__gamma_mult"": 1.0}"
50,7,80,40,quantum/QRE-RBF-SVM,quantum,0.525,"{""clf__C"": 10.0, ""clf__gamma_mult"": 1.0}"
50,7,80,40,quantum/HS-overlap-ref-SVM,quantum,0.5,"{""clf__C"": 10.0}"
50,7,80,40,quantum/Fidelity-ref-SVM,quantum,0.425,"{""clf__C"": 10.0}"
50,7,80,40,quantum/HS-RBF-ref-SVM,quantum,0.525,"{""clf__C"": 10.0, ""clf__gamma_mult"": 1.0}"
50,7,80,40,quantum/Bures-RBF-ref-SVM,quantum,0.475,"{""clf__C"": 10.0, ""clf__gamma_mult"": 1.0}"
50,7,80,40,quantum/QRE-RBF-ref-SVM,quantum,0.475,"{""clf__C"": 10.0, ""clf__gamma_mult"": 1.0}"
50,7,160,40,classical/TS+LR,classical,0.7,"{""clf__C"": 0.1}"
50,7,160,40,classical/MDM,classical,0.5,{}
50,7,160,40,classical/CSP+LDA,classical,0.475,"{""csp__nfilter"": 4}"
50,7,160,40,control/riemann-kernel-SVM,control,0.575,"{""clf__C"": 10.0}"
50,7,160,40,control/logeuclid-kernel-SVM,control,0.6,"{""clf__C"": 10.0}"
50,7,160,40,quantum/HS-overlap-SVM,quantum,0.45,"{""clf__C"": 0.1}"
50,7,160,40,quantum/Fidelity-SVM,quantum,0.55,"{""clf__C"": 0.1}"
50,7,160,40,quantum/HS-RBF-SVM,quantum,0.55,"{""clf__C"": 10.0, ""clf__gamma_mult"": 4.0}"
50,7,160,40,quantum/Bures-RBF-SVM,quantum,0.6,"{""clf__C"": 10.0, ""clf__gamma_mult"": 4.0}"
50,7,160,40,quantum/QRE-RBF-SVM,quantum,0.55,"{""clf__C"": 10.0, ""clf__gamma_mult"": 1.0}"
50,7,160,40,quantum/HS-overlap-ref-SVM,quantum,0.625,"{""clf__C"": 10.0}"
50,7,160,40,quantum/Fidelity-ref-SVM,quantum,0.575,"{""clf__C"": 10.0}"
50,7,160,40,quantum/HS-RBF-ref-SVM,quantum,0.55,"{""clf__C"": 10.0, ""clf__gamma_mult"": 1.0}"
50,7,160,40,quantum/Bures-RBF-ref-SVM,quantum,0.525,"{""clf__C"": 10.0, ""clf__gamma_mult"": 1.0}"
50,7,160,40,quantum/QRE-RBF-ref-SVM,quantum,0.525,"{""clf__C"": 10.0, ""clf__gamma_mult"": 1.0}"
50,8,10,40,classical/TS+LR,classical,0.475,"{""clf__C"": 0.1}"
50,8,10,40,classical/MDM,classical,0.5,{}
50,8,10,40,classical/CSP+LDA,classical,0.5,"{""csp__nfilter"": 2}"
50,8,10,40,control/riemann-kernel-SVM,control,0.375,"{""clf__C"": 10.0}"
50,8,10,40,control/logeuclid-kernel-SVM,control,0.475,"{""clf__C"": 0.1}"
50,8,10,40,quantum/HS-overlap-SVM,quantum,0.5,"{""clf__C"": 0.1}"
50,8,10,40,quantum/Fidelity-SVM,quantum,0.475,"{""clf__C"": 0.1}"
50,8,10,40,quantum/HS-RBF-SVM,quantum,0.45,"{""clf__C"": 10.0, ""clf__gamma_mult"": 0.25}"
50,8,10,40,quantum/Bures-RBF-SVM,quantum,0.475,"{""clf__C"": 0.1, ""clf__gamma_mult"": 0.25}"
50,8,10,40,quantum/QRE-RBF-SVM,quantum,0.5,"{""clf__C"": 0.1, ""clf__gamma_mult"": 0.25}"
50,8,10,40,quantum/HS-overlap-ref-SVM,quantum,0.5,"{""clf__C"": 0.1}"
50,8,10,40,quantum/Fidelity-ref-SVM,quantum,0.5,"{""clf__C"": 0.1}"
50,8,10,40,quantum/HS-RBF-ref-SVM,quantum,0.425,"{""clf__C"": 10.0, ""clf__gamma_mult"": 0.25}"
50,8,10,40,quantum/Bures-RBF-ref-SVM,quantum,0.4,"{""clf__C"": 10.0, ""clf__gamma_mult"": 0.25}"
50,8,10,40,quantum/QRE-RBF-ref-SVM,quantum,0.4,"{""clf__C"": 10.0, ""clf__gamma_mult"": 0.25}"
50,8,20,40,classical/TS+LR,classical,0.475,"{""clf__C"": 0.1}"
50,8,20,40,classical/MDM,classical,0.525,{}
50,8,20,40,classical/CSP+LDA,classical,0.575,"{""csp__nfilter"": 2}"
50,8,20,40,control/riemann-kernel-SVM,control,0.5,"{""clf__C"": 0.1}"
50,8,20,40,control/logeuclid-kernel-SVM,control,0.475,"{""clf__C"": 10.0}"
50,8,20,40,quantum/HS-overlap-SVM,quantum,0.45,"{""clf__C"": 0.1}"
50,8,20,40,quantum/Fidelity-SVM,quantum,0.475,"{""clf__C"": 0.1}"
50,8,20,40,quantum/HS-RBF-SVM,quantum,0.55,"{""clf__C"": 10.0, ""clf__gamma_mult"": 1.0}"
50,8,20,40,quantum/Bures-RBF-SVM,quantum,0.475,"{""clf__C"": 10.0, ""clf__gamma_mult"": 1.0}"
50,8,20,40,quantum/QRE-RBF-SVM,quantum,0.5,"{""clf__C"": 10.0, ""clf__gamma_mult"": 1.0}"
50,8,20,40,quantum/HS-overlap-ref-SVM,quantum,0.5,"{""clf__C"": 0.1}"
50,8,20,40,quantum/Fidelity-ref-SVM,quantum,0.5,"{""clf__C"": 0.1}"
50,8,20,40,quantum/HS-RBF-ref-SVM,quantum,0.575,"{""clf__C"": 10.0, ""clf__gamma_mult"": 1.0}"
50,8,20,40,quantum/Bures-RBF-ref-SVM,quantum,0.6,"{""clf__C"": 10.0, ""clf__gamma_mult"": 1.0}"
50,8,20,40,quantum/QRE-RBF-ref-SVM,quantum,0.525,"{""clf__C"": 0.1, ""clf__gamma_mult"": 0.25}"
50,8,40,40,classical/TS+LR,classical,0.6,"{""clf__C"": 0.1}"
50,8,40,40,classical/MDM,classical,0.55,{}
50,8,40,40,classical/CSP+LDA,classical,0.525,"{""csp__nfilter"": 6}"
50,8,40,40,control/riemann-kernel-SVM,control,0.5,"{""clf__C"": 10.0}"
50,8,40,40,control/logeuclid-kernel-SVM,control,0.525,"{""clf__C"": 10.0}"
50,8,40,40,quantum/HS-overlap-SVM,quantum,0.475,"{""clf__C"": 0.1}"
50,8,40,40,quantum/Fidelity-SVM,quantum,0.525,"{""clf__C"": 0.1}"
50,8,40,40,quantum/HS-RBF-SVM,quantum,0.575,"{""clf__C"": 10.0, ""clf__gamma_mult"": 1.0}"
50,8,40,40,quantum/Bures-RBF-SVM,quantum,0.575,"{""clf__C"": 10.0, ""clf__gamma_mult"": 1.0}"
50,8,40,40,quantum/QRE-RBF-SVM,quantum,0.55,"{""clf__C"": 10.0, ""clf__gamma_mult"": 0.25}"
50,8,40,40,quantum/HS-overlap-ref-SVM,quantum,0.5,"{""clf__C"": 10.0}"
50,8,40,40,quantum/Fidelity-ref-SVM,quantum,0.5,"{""clf__C"": 10.0}"
50,8,40,40,quantum/HS-RBF-ref-SVM,quantum,0.5,"{""clf__C"": 10.0, ""clf__gamma_mult"": 0.25}"
50,8,40,40,quantum/Bures-RBF-ref-SVM,quantum,0.5,"{""clf__C"": 10.0, ""clf__gamma_mult"": 0.25}"
50,8,40,40,quantum/QRE-RBF-ref-SVM,quantum,0.45,"{""clf__C"": 10.0, ""clf__gamma_mult"": 0.25}"
50,8,80,40,classical/TS+LR,classical,0.55,"{""clf__C"": 0.1}"
50,8,80,40,classical/MDM,classical,0.45,{}
50,8,80,40,classical/CSP+LDA,classical,0.525,"{""csp__nfilter"": 2}"
50,8,80,40,control/riemann-kernel-SVM,control,0.55,"{""clf__C"": 10.0}"
50,8,80,40,control/logeuclid-kernel-SVM,control,0.525,"{""clf__C"": 10.0}"
50,8,80,40,quantum/HS-overlap-SVM,quantum,0.45,"{""clf__C"": 0.1}"
50,8,80,40,quantum/Fidelity-SVM,quantum,0.5,"{""clf__C"": 0.1}"
50,8,80,40,quantum/HS-RBF-SVM,quantum,0.475,"{""clf__C"": 10.0, ""clf__gamma_mult"": 1.0}"
50,8,80,40,quantum/Bures-RBF-SVM,quantum,0.45,"{""clf__C"": 10.0, ""clf__gamma_mult"": 1.0}"
50,8,80,40,quantum/QRE-RBF-SVM,quantum,0.5,"{""clf__C"": 10.0, ""clf__gamma_mult"": 1.0}"
50,8,80,40,quantum/HS-overlap-ref-SVM,quantum,0.575,"{""clf__C"": 10.0}"
50,8,80,40,quantum/Fidelity-ref-SVM,quantum,0.525,"{""clf__C"": 0.1}"
50,8,80,40,quantum/HS-RBF-ref-SVM,quantum,0.475,"{""clf__C"": 10.0, ""clf__gamma_mult"": 1.0}"
50,8,80,40,quantum/Bures-RBF-ref-SVM,quantum,0.5,"{""clf__C"": 10.0, ""clf__gamma_mult"": 1.0}"
50,8,80,40,quantum/QRE-RBF-ref-SVM,quantum,0.475,"{""clf__C"": 10.0, ""clf__gamma_mult"": 1.0}"
50,8,160,40,classical/TS+LR,classical,0.7,"{""clf__C"": 0.1}"
50,8,160,40,classical/MDM,classical,0.5,{}
50,8,160,40,classical/CSP+LDA,classical,0.475,"{""csp__nfilter"": 4}"
50,8,160,40,control/riemann-kernel-SVM,control,0.575,"{""clf__C"": 10.0}"
50,8,160,40,control/logeuclid-kernel-SVM,control,0.6,"{""clf__C"": 10.0}"
50,8,160,40,quantum/HS-overlap-SVM,quantum,0.45,"{""clf__C"": 0.1}"
50,8,160,40,quantum/Fidelity-SVM,quantum,0.55,"{""clf__C"": 0.1}"
50,8,160,40,quantum/HS-RBF-SVM,quantum,0.55,"{""clf__C"": 10.0, ""clf__gamma_mult"": 4.0}"
50,8,160,40,quantum/Bures-RBF-SVM,quantum,0.6,"{""clf__C"": 10.0, ""clf__gamma_mult"": 4.0}"
50,8,160,40,quantum/QRE-RBF-SVM,quantum,0.55,"{""clf__C"": 10.0, ""clf__gamma_mult"": 1.0}"
50,8,160,40,quantum/HS-overlap-ref-SVM,quantum,0.625,"{""clf__C"": 10.0}"
50,8,160,40,quantum/Fidelity-ref-SVM,quantum,0.575,"{""clf__C"": 10.0}"
50,8,160,40,quantum/HS-RBF-ref-SVM,quantum,0.55,"{""clf__C"": 10.0, ""clf__gamma_mult"": 1.0}"
50,8,160,40,quantum/Bures-RBF-ref-SVM,quantum,0.525,"{""clf__C"": 10.0, ""clf__gamma_mult"": 1.0}"
50,8,160,40,quantum/QRE-RBF-ref-SVM,quantum,0.525,"{""clf__C"": 10.0, ""clf__gamma_mult"": 1.0}"
50,9,10,40,classical/TS+LR,classical,0.425,"{""clf__C"": 0.1}"
50,9,10,40,classical/MDM,classical,0.5,{}
50,9,10,40,classical/CSP+LDA,classical,0.55,"{""csp__nfilter"": 2}"
50,9,10,40,control/riemann-kernel-SVM,control,0.475,"{""clf__C"": 10.0}"
50,9,10,40,control/logeuclid-kernel-SVM,control,0.5,"{""clf__C"": 1.0}"
50,9,10,40,quantum/HS-overlap-SVM,quantum,0.5,"{""clf__C"": 0.1}"
50,9,10,40,quantum/Fidelity-SVM,quantum,0.475,"{""clf__C"": 0.1}"
50,9,10,40,quantum/HS-RBF-SVM,quantum,0.45,"{""clf__C"": 10.0, ""clf__gamma_mult"": 0.25}"
50,9,10,40,quantum/Bures-RBF-SVM,quantum,0.45,"{""clf__C"": 10.0, ""clf__gamma_mult"": 0.25}"
50,9,10,40,quantum/QRE-RBF-SVM,quantum,0.45,"{""clf__C"": 10.0, ""clf__gamma_mult"": 0.25}"
50,9,10,40,quantum/HS-overlap-ref-SVM,quantum,0.45,"{""clf__C"": 10.0}"
50,9,10,40,quantum/Fidelity-ref-SVM,quantum,0.475,"{""clf__C"": 10.0}"
50,9,10,40,quantum/HS-RBF-ref-SVM,quantum,0.475,"{""clf__C"": 10.0, ""clf__gamma_mult"": 0.25}"
50,9,10,40,quantum/Bures-RBF-ref-SVM,quantum,0.475,"{""clf__C"": 10.0, ""clf__gamma_mult"": 0.25}"
50,9,10,40,quantum/QRE-RBF-ref-SVM,quantum,0.475,"{""clf__C"": 10.0, ""clf__gamma_mult"": 0.25}"
50,9,20,40,classical/TS+LR,classical,0.5,"{""clf__C"": 10.0}"
50,9,20,40,classical/MDM,classical,0.5,{}
50,9,20,40,classical/CSP+LDA,classical,0.5,"{""csp__nfilter"": 2}"
50,9,20,40,control/riemann-kernel-SVM,control,0.475,"{""clf__C"": 1.0}"
50,9,20,40,control/logeuclid-kernel-SVM,control,0.475,"{""clf__C"": 1.0}"
50,9,20,40,quantum/HS-overlap-SVM,quantum,0.5,"{""clf__C"": 10.0}"
50,9,20,40,quantum/Fidelity-SVM,quantum,0.55,"{""clf__C"": 10.0}"
50,9,20,40,quantum/HS-RBF-SVM,quantum,0.5,"{""clf__C"": 10.0, ""clf__gamma_mult"": 1.0}"
50,9,20,40,quantum/Bures-RBF-SVM,quantum,0.45,"{""clf__C"": 10.0, ""clf__gamma_mult"": 1.0}"
50,9,20,40,quantum/QRE-RBF-SVM,quantum,0.5,"{""clf__C"": 10.0, ""clf__gamma_mult"": 1.0}"
50,9,20,40,quantum/HS-overlap-ref-SVM,quantum,0.5,"{""clf__C"": 10.0}"
50,9,20,40,quantum/Fidelity-ref-SVM,quantum,0.525,"{""clf__C"": 10.0}"
50,9,20,40,quantum/HS-RBF-ref-SVM,quantum,0.5,"{""clf__C"": 10.0, ""clf__gamma_mult"": 0.25}"
50,9,20,40,quantum/Bures-RBF-ref-SVM,quantum,0.525,"{""clf__C"": 10.0, ""clf__gamma_mult"": 0.25}"
50,9,20,40,quantum/QRE-RBF-ref-SVM,quantum,0.525,"{""clf__C"": 10.0, ""clf__gamma_mult"": 0.25}"
50,9,40,40,classical/TS+LR,classical,0.6,"{""clf__C"": 10.0}"
50,9,40,40,classical/MDM,classical,0.5,{}
50,9,40,40,classical/CSP+LDA,classical,0.55,"{""csp__nfilter"": 4}"
50,9,40,40,control/riemann-kernel-SVM,control,0.525,"{""clf__C"": 10.0}"
50,9,40,40,control/logeuclid-kernel-SVM,control,0.6,"{""clf__C"": 10.0}"
50,9,40,40,quantum/HS-overlap-SVM,quantum,0.5,"{""clf__C"": 0.1}"
50,9,40,40,quantum/Fidelity-SVM,quantum,0.525,"{""clf__C"": 0.1}"
50,9,40,40,quantum/HS-RBF-SVM,quantum,0.525,"{""clf__C"": 10.0, ""clf__gamma_mult"": 1.0}"
50,9,40,40,quantum/Bures-RBF-SVM,quantum,0.475,"{""clf__C"": 10.0, ""clf__gamma_mult"": 0.25}"
50,9,40,40,quantum/QRE-RBF-SVM,quantum,0.525,"{""clf__C"": 10.0, ""clf__gamma_mult"": 0.25}"
50,9,40,40,quantum/HS-overlap-ref-SVM,quantum,0.625,"{""clf__C"": 10.0}"
50,9,40,40,quantum/Fidelity-ref-SVM,quantum,0.6,"{""clf__C"": 10.0}"
50,9,40,40,quantum/HS-RBF-ref-SVM,quantum,0.6,"{""clf__C"": 10.0, ""clf__gamma_mult"": 0.25}"
50,9,40,40,quantum/Bures-RBF-ref-SVM,quantum,0.65,"{""clf__C"": 10.0, ""clf__gamma_mult"": 0.25}"
50,9,40,40,quantum/QRE-RBF-ref-SVM,quantum,0.6,"{""clf__C"": 10.0, ""clf__gamma_mult"": 0.25}"
50,9,80,40,classical/TS+LR,classical,0.575,"{""clf__C"": 1.0}"
50,9,80,40,classical/MDM,classical,0.55,{}
50,9,80,40,classical/CSP+LDA,classical,0.575,"{""csp__nfilter"": 2}"
50,9,80,40,control/riemann-kernel-SVM,control,0.425,"{""clf__C"": 10.0}"
50,9,80,40,control/logeuclid-kernel-SVM,control,0.525,"{""clf__C"": 10.0}"
50,9,80,40,quantum/HS-overlap-SVM,quantum,0.45,"{""clf__C"": 0.1}"
50,9,80,40,quantum/Fidelity-SVM,quantum,0.55,"{""clf__C"": 0.1}"
50,9,80,40,quantum/HS-RBF-SVM,quantum,0.475,"{""clf__C"": 10.0, ""clf__gamma_mult"": 1.0}"
50,9,80,40,quantum/Bures-RBF-SVM,quantum,0.5,"{""clf__C"": 10.0, ""clf__gamma_mult"": 1.0}"
50,9,80,40,quantum/QRE-RBF-SVM,quantum,0.5,"{""clf__C"": 10.0, ""clf__gamma_mult"": 1.0}"
50,9,80,40,quantum/HS-overlap-ref-SVM,quantum,0.5,"{""clf__C"": 10.0}"
50,9,80,40,quantum/Fidelity-ref-SVM,quantum,0.45,"{""clf__C"": 10.0}"
50,9,80,40,quantum/HS-RBF-ref-SVM,quantum,0.525,"{""clf__C"": 10.0, ""clf__gamma_mult"": 1.0}"
50,9,80,40,quantum/Bures-RBF-ref-SVM,quantum,0.575,"{""clf__C"": 10.0, ""clf__gamma_mult"": 1.0}"
50,9,80,40,quantum/QRE-RBF-ref-SVM,quantum,0.55,"{""clf__C"": 10.0, ""clf__gamma_mult"": 1.0}"
50,9,160,40,classical/TS+LR,classical,0.7,"{""clf__C"": 0.1}"
50,9,160,40,classical/MDM,classical,0.5,{}
50,9,160,40,classical/CSP+LDA,classical,0.475,"{""csp__nfilter"": 4}"
50,9,160,40,control/riemann-kernel-SVM,control,0.575,"{""clf__C"": 10.0}"
50,9,160,40,control/logeuclid-kernel-SVM,control,0.6,"{""clf__C"": 10.0}"
50,9,160,40,quantum/HS-overlap-SVM,quantum,0.45,"{""clf__C"": 0.1}"
50,9,160,40,quantum/Fidelity-SVM,quantum,0.55,"{""clf__C"": 0.1}"
50,9,160,40,quantum/HS-RBF-SVM,quantum,0.55,"{""clf__C"": 10.0, ""clf__gamma_mult"": 4.0}"
50,9,160,40,quantum/Bures-RBF-SVM,quantum,0.6,"{""clf__C"": 10.0, ""clf__gamma_mult"": 4.0}"
50,9,160,40,quantum/QRE-RBF-SVM,quantum,0.55,"{""clf__C"": 10.0, ""clf__gamma_mult"": 1.0}"
50,9,160,40,quantum/HS-overlap-ref-SVM,quantum,0.625,"{""clf__C"": 10.0}"
50,9,160,40,quantum/Fidelity-ref-SVM,quantum,0.575,"{""clf__C"": 10.0}"
50,9,160,40,quantum/HS-RBF-ref-SVM,quantum,0.55,"{""clf__C"": 10.0, ""clf__gamma_mult"": 1.0}"
50,9,160,40,quantum/Bures-RBF-ref-SVM,quantum,0.525,"{""clf__C"": 10.0, ""clf__gamma_mult"": 1.0}"
50,9,160,40,quantum/QRE-RBF-ref-SVM,quantum,0.525,"{""clf__C"": 10.0, ""clf__gamma_mult"": 1.0}"
51,0,10,40,classical/TS+LR,classical,0.525,"{""clf__C"": 0.1}"
51,0,10,40,classical/MDM,classical,0.55,{}
51,0,10,40,classical/CSP+LDA,classical,0.55,"{""csp__nfilter"": 2}"
51,0,10,40,control/riemann-kernel-SVM,control,0.5,"{""clf__C"": 10.0}"
51,0,10,40,control/logeuclid-kernel-SVM,control,0.5,"{""clf__C"": 10.0}"
51,0,10,40,quantum/HS-overlap-SVM,quantum,0.475,"{""clf__C"": 0.1}"
51,0,10,40,quantum/Fidelity-SVM,quantum,0.45,"{""clf__C"": 0.1}"
51,0,10,40,quantum/HS-RBF-SVM,quantum,0.475,"{""clf__C"": 10.0, ""clf__gamma_mult"": 1.0}"
51,0,10,40,quantum/Bures-RBF-SVM,quantum,0.425,"{""clf__C"": 10.0, ""clf__gamma_mult"": 1.0}"
51,0,10,40,quantum/QRE-RBF-SVM,quantum,0.425,"{""clf__C"": 10.0, ""clf__gamma_mult"": 1.0}"
51,0,10,40,quantum/HS-overlap-ref-SVM,quantum,0.425,"{""clf__C"": 10.0}"
51,0,10,40,quantum/Fidelity-ref-SVM,quantum,0.375,"{""clf__C"": 0.1}"
51,0,10,40,quantum/HS-RBF-ref-SVM,quantum,0.45,"{""clf__C"": 10.0, ""clf__gamma_mult"": 0.25}"
51,0,10,40,quantum/Bures-RBF-ref-SVM,quantum,0.475,"{""clf__C"": 10.0, ""clf__gamma_mult"": 0.25}"
51,0,10,40,quantum/QRE-RBF-ref-SVM,quantum,0.425,"{""clf__C"": 10.0, ""clf__gamma_mult"": 0.25}"
51,0,20,40,classical/TS+LR,classical,0.5,"{""clf__C"": 0.1}"
51,0,20,40,classical/MDM,classical,0.625,{}
51,0,20,40,classical/CSP+LDA,classical,0.6,"{""csp__nfilter"": 4}"
51,0,20,40,control/riemann-kernel-SVM,control,0.45,"{""clf__C"": 10.0}"
51,0,20,40,control/logeuclid-kernel-SVM,control,0.5,"{""clf__C"": 10.0}"
51,0,20,40,quantum/HS-overlap-SVM,quantum,0.5,"{""clf__C"": 0.1}"
51,0,20,40,quantum/Fidelity-SVM,quantum,0.525,"{""clf__C"": 0.1}"
51,0,20,40,quantum/HS-RBF-SVM,quantum,0.5,"{""clf__C"": 10.0, ""clf__gamma_mult"": 1.0}"
51,0,20,40,quantum/Bures-RBF-SVM,quantum,0.5,"{""clf__C"": 10.0, ""clf__gamma_mult"": 1.0}"
51,0,20,40,quantum/QRE-RBF-SVM,quantum,0.425,"{""clf__C"": 10.0, ""clf__gamma_mult"": 1.0}"
51,0,20,40,quantum/HS-overlap-ref-SVM,quantum,0.55,"{""clf__C"": 0.1}"
51,0,20,40,quantum/Fidelity-ref-SVM,quantum,0.5,"{""clf__C"": 0.1}"
51,0,20,40,quantum/HS-RBF-ref-SVM,quantum,0.55,"{""clf__C"": 0.1, ""clf__gamma_mult"": 0.25}"
51,0,20,40,quantum/Bures-RBF-ref-SVM,quantum,0.5,"{""clf__C"": 0.1, ""clf__gamma_mult"": 0.25}"
51,0,20,40,quantum/QRE-RBF-ref-SVM,quantum,0.5,"{""clf__C"": 0.1, ""clf__gamma_mult"": 0.25}"
51,0,40,40,classical/TS+LR,classical,0.475,"{""clf__C"": 0.1}"
51,0,40,40,classical/MDM,classical,0.6,{}
51,0,40,40,classical/CSP+LDA,classical,0.525,"{""csp__nfilter"": 2}"
51,0,40,40,control/riemann-kernel-SVM,control,0.475,"{""clf__C"": 10.0}"
51,0,40,40,control/logeuclid-kernel-SVM,control,0.525,"{""clf__C"": 10.0}"
51,0,40,40,quantum/HS-overlap-SVM,quantum,0.5,"{""clf__C"": 0.1}"
51,0,40,40,quantum/Fidelity-SVM,quantum,0.55,"{""clf__C"": 0.1}"
51,0,40,40,quantum/HS-RBF-SVM,quantum,0.45,"{""clf__C"": 10.0, ""clf__gamma_mult"": 4.0}"
51,0,40,40,quantum/Bures-RBF-SVM,quantum,0.375,"{""clf__C"": 10.0, ""clf__gamma_mult"": 1.0}"
51,0,40,40,quantum/QRE-RBF-SVM,quantum,0.35,"{""clf__C"": 10.0, ""clf__gamma_mult"": 1.0}"
51,0,40,40,quantum/HS-overlap-ref-SVM,quantum,0.45,"{""clf__C"": 10.0}"
51,0,40,40,quantum/Fidelity-ref-SVM,quantum,0.45,"{""clf__C"": 10.0}"
51,0,40,40,quantum/HS-RBF-ref-SVM,quantum,0.45,"{""clf__C"": 10.0, ""clf__gamma_mult"": 1.0}"
51,0,40,40,quantum/Bures-RBF-ref-SVM,quantum,0.45,"{""clf__C"": 10.0, ""clf__gamma_mult"": 1.0}"
51,0,40,40,quantum/QRE-RBF-ref-SVM,quantum,0.475,"{""clf__C"": 10.0, ""clf__gamma_mult"": 1.0}"
51,0,80,40,classical/TS+LR,classical,0.575,"{""clf__C"": 0.1}"
51,0,80,40,classical/MDM,classical,0.525,{}
51,0,80,40,classical/CSP+LDA,classical,0.525,"{""csp__nfilter"": 4}"
51,0,80,40,control/riemann-kernel-SVM,control,0.575,"{""clf__C"": 10.0}"
51,0,80,40,control/logeuclid-kernel-SVM,control,0.55,"{""clf__C"": 10.0}"
51,0,80,40,quantum/HS-overlap-SVM,quantum,0.55,"{""clf__C"": 0.1}"
51,0,80,40,quantum/Fidelity-SVM,quantum,0.575,"{""clf__C"": 10.0}"
51,0,80,40,quantum/HS-RBF-SVM,quantum,0.425,"{""clf__C"": 10.0, ""clf__gamma_mult"": 4.0}"
51,0,80,40,quantum/Bures-RBF-SVM,quantum,0.425,"{""clf__C"": 10.0, ""clf__gamma_mult"": 1.0}"
51,0,80,40,quantum/QRE-RBF-SVM,quantum,0.45,"{""clf__C"": 10.0, ""clf__gamma_mult"": 4.0}"
51,0,80,40,quantum/HS-overlap-ref-SVM,quantum,0.525,"{""clf__C"": 10.0}"
51,0,80,40,quantum/Fidelity-ref-SVM,quantum,0.475,"{""clf__C"": 10.0}"
51,0,80,40,quantum/HS-RBF-ref-SVM,quantum,0.5,"{""clf__C"": 10.0, ""clf__gamma_mult"": 1.0}"
51,0,80,40,quantum/Bures-RBF-ref-SVM,quantum,0.525,"{""clf__C"": 10.0, ""clf__gamma_mult"": 1.0}"
51,0,80,40,quantum/QRE-RBF-ref-SVM,quantum,0.5,"{""clf__C"": 10.0, ""clf__gamma_mult"": 1.0}"
51,0,160,40,classical/TS+LR,classical,0.5,"{""clf__C"": 0.1}"
51,0,160,40,classical/MDM,classical,0.625,{}
51,0,160,40,classical/CSP+LDA,classical,0.55,"{""csp__nfilter"": 2}"
51,0,160,40,control/riemann-kernel-SVM,control,0.525,"{""clf__C"": 10.0}"
51,0,160,40,control/logeuclid-kernel-SVM,control,0.6,"{""clf__C"": 10.0}"
51,0,160,40,quantum/HS-overlap-SVM,quantum,0.625,"{""clf__C"": 0.1}"
51,0,160,40,quantum/Fidelity-SVM,quantum,0.6,"{""clf__C"": 10.0}"
51,0,160,40,quantum/HS-RBF-SVM,quantum,0.5,"{""clf__C"": 10.0, ""clf__gamma_mult"": 4.0}"
51,0,160,40,quantum/Bures-RBF-SVM,quantum,0.45,"{""clf__C"": 10.0, ""clf__gamma_mult"": 1.0}"
51,0,160,40,quantum/QRE-RBF-SVM,quantum,0.5,"{""clf__C"": 10.0, ""clf__gamma_mult"": 1.0}"
51,0,160,40,quantum/HS-overlap-ref-SVM,quantum,0.6,"{""clf__C"": 10.0}"
51,0,160,40,quantum/Fidelity-ref-SVM,quantum,0.55,"{""clf__C"": 10.0}"
51,0,160,40,quantum/HS-RBF-ref-SVM,quantum,0.575,"{""clf__C"": 10.0, ""clf__gamma_mult"": 1.0}"
51,0,160,40,quantum/Bures-RBF-ref-SVM,quantum,0.625,"{""clf__C"": 10.0, ""clf__gamma_mult"": 1.0}"
51,0,160,40,quantum/QRE-RBF-ref-SVM,quantum,0.65,"{""clf__C"": 10.0, ""clf__gamma_mult"": 1.0}"
51,1,10,40,classical/TS+LR,classical,0.375,"{""clf__C"": 0.1}"
51,1,10,40,classical/MDM,classical,0.375,{}
51,1,10,40,classical/CSP+LDA,classical,0.375,"{""csp__nfilter"": 2}"
51,1,10,40,control/riemann-kernel-SVM,control,0.375,"{""clf__C"": 1.0}"
51,1,10,40,control/logeuclid-kernel-SVM,control,0.4,"{""clf__C"": 10.0}"
51,1,10,40,quantum/HS-overlap-SVM,quantum,0.55,"{""clf__C"": 0.1}"
51,1,10,40,quantum/Fidelity-SVM,quantum,0.525,"{""clf__C"": 0.1}"
51,1,10,40,quantum/HS-RBF-SVM,quantum,0.525,"{""clf__C"": 10.0, ""clf__gamma_mult"": 0.25}"
51,1,10,40,quantum/Bures-RBF-SVM,quantum,0.575,"{""clf__C"": 10.0, ""clf__gamma_mult"": 1.0}"
51,1,10,40,quantum/QRE-RBF-SVM,quantum,0.575,"{""clf__C"": 10.0, ""clf__gamma_mult"": 1.0}"
51,1,10,40,quantum/HS-overlap-ref-SVM,quantum,0.375,"{""clf__C"": 10.0}"
51,1,10,40,quantum/Fidelity-ref-SVM,quantum,0.375,"{""clf__C"": 10.0}"
51,1,10,40,quantum/HS-RBF-ref-SVM,quantum,0.45,"{""clf__C"": 10.0, ""clf__gamma_mult"": 0.25}"
51,1,10,40,quantum/Bures-RBF-ref-SVM,quantum,0.5,"{""clf__C"": 10.0, ""clf__gamma_mult"": 0.25}"
51,1,10,40,quantum/QRE-RBF-ref-SVM,quantum,0.5,"{""clf__C"": 10.0, ""clf__gamma_mult"": 0.25}"
51,1,20,40,classical/TS+LR,classical,0.275,"{""clf__C"": 0.1}"
51,1,20,40,classical/MDM,classical,0.375,{}
51,1,20,40,classical/CSP+LDA,classical,0.375,"{""csp__nfilter"": 2}"
51,1,20,40,control/riemann-kernel-SVM,control,0.425,"{""clf__C"": 1.0}"
51,1,20,40,control/logeuclid-kernel-SVM,control,0.35,"{""clf__C"": 1.0}"
51,1,20,40,quantum/HS-overlap-SVM,quantum,0.55,"{""clf__C"": 0.1}"
51,1,20,40,quantum/Fidelity-SVM,quantum,0.475,"{""clf__C"": 0.1}"
51,1,20,40,quantum/HS-RBF-SVM,quantum,0.525,"{""clf__C"": 10.0, ""clf__gamma_mult"": 1.0}"
51,1,20,40,quantum/Bures-RBF-SVM,quantum,0.6,"{""clf__C"": 10.0, ""clf__gamma_mult"": 1.0}"
51,1,20,40,quantum/QRE-RBF-SVM,quantum,0.6,"{""clf__C"": 10.0, ""clf__gamma_mult"": 1.0}"
51,1,20,40,quantum/HS-overlap-ref-SVM,quantum,0.475,"{""clf__C"": 10.0}"
51,1,20,40,quantum/Fidelity-ref-SVM,quantum,0.35,"{""clf__C"": 0.1}"
51,1,20,40,quantum/HS-RBF-ref-SVM,quantum,0.525,"{""clf__C"": 10.0, ""clf__gamma_mult"": 0.25}"
51,1,20,40,quantum/Bures-RBF-ref-SVM,quantum,0.525,"{""clf__C"": 10.0, ""clf__gamma_mult"": 0.25}"
51,1,20,40,quantum/QRE-RBF-ref-SVM,quantum,0.525,"{""clf__C"": 10.0, ""clf__gamma_mult"": 0.25}"
51,1,40,40,classical/TS+LR,classical,0.5,"{""clf__C"": 0.1}"
51,1,40,40,classical/MDM,classical,0.425,{}
51,1,40,40,classical/CSP+LDA,classical,0.375,"{""csp__nfilter"": 2}"
51,1,40,40,control/riemann-kernel-SVM,control,0.65,"{""clf__C"": 10.0}"
51,1,40,40,control/logeuclid-kernel-SVM,control,0.525,"{""clf__C"": 10.0}"
51,1,40,40,quantum/HS-overlap-SVM,quantum,0.5,"{""clf__C"": 0.1}"
51,1,40,40,quantum/Fidelity-SVM,quantum,0.55,"{""clf__C"": 10.0}"
51,1,40,40,quantum/HS-RBF-SVM,quantum,0.575,"{""clf__C"": 10.0, ""clf__gamma_mult"": 1.0}"
51,1,40,40,quantum/Bures-RBF-SVM,quantum,0.625,"{""clf__C"": 10.0, ""clf__gamma_mult"": 1.0}"
51,1,40,40,quantum/QRE-RBF-SVM,quantum,0.6,"{""clf__C"": 10.0, ""clf__gamma_mult"": 1.0}"
51,1,40,40,quantum/HS-overlap-ref-SVM,quantum,0.675,"{""clf__C"": 10.0}"
51,1,40,40,quantum/Fidelity-ref-SVM,quantum,0.55,"{""clf__C"": 10.0}"
51,1,40,40,quantum/HS-RBF-ref-SVM,quantum,0.6,"{""clf__C"": 10.0, ""clf__gamma_mult"": 1.0}"
51,1,40,40,quantum/Bures-RBF-ref-SVM,quantum,0.625,"{""clf__C"": 10.0, ""clf__gamma_mult"": 1.0}"
51,1,40,40,quantum/QRE-RBF-ref-SVM,quantum,0.65,"{""clf__C"": 10.0, ""clf__gamma_mult"": 1.0}"
51,1,80,40,classical/TS+LR,classical,0.625,"{""clf__C"": 0.1}"
51,1,80,40,classical/MDM,classical,0.5,{}
51,1,80,40,classical/CSP+LDA,classical,0.625,"{""csp__nfilter"": 2}"
51,1,80,40,control/riemann-kernel-SVM,control,0.55,"{""clf__C"": 10.0}"
51,1,80,40,control/logeuclid-kernel-SVM,control,0.6,"{""clf__C"": 10.0}"
51,1,80,40,quantum/HS-overlap-SVM,quantum,0.55,"{""clf__C"": 10.0}"
51,1,80,40,quantum/Fidelity-SVM,quantum,0.55,"{""clf__C"": 10.0}"
51,1,80,40,quantum/HS-RBF-SVM,quantum,0.6,"{""clf__C"": 10.0, ""clf__gamma_mult"": 1.0}"
51,1,80,40,quantum/Bures-RBF-SVM,quantum,0.55,"{""clf__C"": 10.0, ""clf__gamma_mult"": 1.0}"
51,1,80,40,quantum/QRE-RBF-SVM,quantum,0.525,"{""clf__C"": 10.0, ""clf__gamma_mult"": 1.0}"
51,1,80,40,quantum/HS-overlap-ref-SVM,quantum,0.575,"{""clf__C"": 10.0}"
51,1,80,40,quantum/Fidelity-ref-SVM,quantum,0.625,"{""clf__C"": 10.0}"
51,1,80,40,quantum/HS-RBF-ref-SVM,quantum,0.6,"{""clf__C"": 10.0, ""clf__gamma_mult"": 0.25}"
51,1,80,40,quantum/Bures-RBF-ref-SVM,quantum,0.65,"{""clf__C"": 10.0, ""clf__gamma_mult"": 0.25}"
51,1,80,40,quantum/QRE-RBF-ref-SVM,quantum,0.6,"{""clf__C"": 10.0, ""clf__gamma_mult"": 1.0}"
51,1,160,40,classical/TS+LR,classical,0.5,"{""clf__C"": 0.1}"
51,1,160,40,classical/MDM,classical,0.625,{}
51,1,160,40,classical/CSP+LDA,classical,0.55,"{""csp__nfilter"": 2}"
51,1,160,40,control/riemann-kernel-SVM,control,0.525,"{""clf__C"": 10.0}"
51,1,160,40,control/logeuclid-kernel-SVM,control,0.6,"{""clf__C"": 10.0}"
51,1,160,40,quantum/HS-overlap-SVM,quantum,0.625,"{""clf__C"": 0.1}"
51,1,160,40,quantum/Fidelity-SVM,quantum,0.6,"{""clf__C"": 10.0}"
51,1,160,40,quantum/HS-RBF-SVM,quantum,0.5,"{""clf__C"": 10.0, ""clf__gamma_mult"": 4.0}"
51,1,160,40,quantum/Bures-RBF-SVM,quantum,0.45,"{""clf__C"": 10.0, ""clf__gamma_mult"": 1.0}"
51,1,160,40,quantum/QRE-RBF-SVM,quantum,0.5,"{""clf__C"": 10.0, ""clf__gamma_mult"": 1.0}"
51,1,160,40,quantum/HS-overlap-ref-SVM,quantum,0.6,"{""clf__C"": 10.0}"
51,1,160,40,quantum/Fidelity-ref-SVM,quantum,0.55,"{""clf__C"": 10.0}"
51,1,160,40,quantum/HS-RBF-ref-SVM,quantum,0.575,"{""clf__C"": 10.0, ""clf__gamma_mult"": 1.0}"
51,1,160,40,quantum/Bures-RBF-ref-SVM,quantum,0.625,"{""clf__C"": 10.0, ""clf__gamma_mult"": 1.0}"
51,1,160,40,quantum/QRE-RBF-ref-SVM,quantum,0.65,"{""clf__C"": 10.0, ""clf__gamma_mult"": 1.0}"
51,2,10,40,classical/TS+LR,classical,0.375,"{""clf__C"": 0.1}"
51,2,10,40,classical/MDM,classical,0.45,{}
51,2,10,40,classical/CSP+LDA,classical,0.45,"{""csp__nfilter"": 4}"
51,2,10,40,control/riemann-kernel-SVM,control,0.425,"{""clf__C"": 10.0}"
51,2,10,40,control/logeuclid-kernel-SVM,control,0.425,"{""clf__C"": 10.0}"
51,2,10,40,quantum/HS-overlap-SVM,quantum,0.525,"{""clf__C"": 0.1}"
51,2,10,40,quantum/Fidelity-SVM,quantum,0.5,"{""clf__C"": 0.1}"
51,2,10,40,quantum/HS-RBF-SVM,quantum,0.45,"{""clf__C"": 10.0, ""clf__gamma_mult"": 4.0}"
51,2,10,40,quantum/Bures-RBF-SVM,quantum,0.525,"{""clf__C"": 10.0, ""clf__gamma_mult"": 1.0}"
51,2,10,40,quantum/QRE-RBF-SVM,quantum,0.525,"{""clf__C"": 10.0, ""clf__gamma_mult"": 0.25}"
51,2,10,40,quantum/HS-overlap-ref-SVM,quantum,0.425,"{""clf__C"": 10.0}"
51,2,10,40,quantum/Fidelity-ref-SVM,quantum,0.475,"{""clf__C"": 10.0}"
51,2,10,40,quantum/HS-RBF-ref-SVM,quantum,0.425,"{""clf__C"": 10.0, ""clf__gamma_mult"": 1.0}"
51,2,10,40,quantum/Bures-RBF-ref-SVM,quantum,0.375,"{""clf__C"": 10.0, ""clf__gamma_mult"": 1.0}"
51,2,10,40,quantum/QRE-RBF-ref-SVM,quantum,0.375,"{""clf__C"": 10.0, ""clf__gamma_mult"": 1.0}"
51,2,20,40,classical/TS+LR,classical,0.325,"{""clf__C"": 10.0}"
51,2,20,40,classical/MDM,classical,0.375,{}
51,2,20,40,classical/CSP+LDA,classical,0.35,"{""csp__nfilter"": 4}"
51,2,20,40,control/riemann-kernel-SVM,control,0.5,"{""clf__C"": 10.0}"
51,2,20,40,control/logeuclid-kernel-SVM,control,0.45,"{""clf__C"": 10.0}"
51,2,20,40,quantum/HS-overlap-SVM,quantum,0.55,"{""clf__C"": 0.1}"
51,2,20,40,quantum/Fidelity-SVM,quantum,0.525,"{""clf__C"": 0.1}"
51,2,20,40,quantum/HS-RBF-SVM,quantum,0.425,"{""clf__C"": 10.0, ""clf__gamma_mult"": 1.0}"
51,2,20,40,quantum/Bures-RBF-SVM,quantum,0.45,"{""clf__C"": 10.0, ""clf__gamma_mult"": 0.25}"
51,2,20,40,quantum/QRE-RBF-SVM,quantum,0.375,"{""clf__C"": 10.0, ""clf__gamma_mult"": 1.0}"
51,2,20,40,quantum/HS-overlap-ref-SVM,quantum,0.35,"{""clf__C"": 10.0}"
51,2,20,40,quantum/Fidelity-ref-SVM,quantum,0.425,"{""clf__C"": 10.0}"
51,2,20,40,quantum/HS-RBF-ref-SVM,quantum,0.45,"{""clf__C"": 10.0, ""clf__gamma_mult"": 0.25}"
51,2,20,40,quantum/Bures-RBF-ref-SVM,quantum,0.4,"{""clf__C"": 10.0, ""clf__gamma_mult"": 0.25}"
51,2,20,40,quantum/QRE-RBF-ref-SVM,quantum,0.425,"{""clf__C"": 10.0, ""clf__gamma_mult"": 0.25}"
51,2,40,40,classical/TS+LR,classical,0.5,"{""clf__C"": 10.0}"
51,2,40,40,classical/MDM,classical,0.35,{}
51,2,40,40,classical/CSP+LDA,classical,0.45,"{""csp__nfilter"": 4}"
51,2,40,40,control/riemann-kernel-SVM,control,0.525,"{""clf__C"": 10.0}"
51,2,40,40,control/logeuclid-kernel-SVM,control,0.45,"{""clf__C"": 10.0}"
51,2,40,40,quantum/HS-overlap-SVM,quantum,0.525,"{""clf__C"": 0.1}"
51,2,40,40,quantum/Fidelity-SVM,quantum,0.575,"{""clf__C"": 0.1}"
51,2,40,40,quantum/HS-RBF-SVM,quantum,0.4,"{""clf__C"": 10.0, ""clf__gamma_mult"": 1.0}"
51,2,40,40,quantum/Bures-RBF-SVM,quantum,0.5,"{""clf__C"": 10.0, ""clf__gamma_mult"": 0.25}"
51,2,40,40,quantum/QRE-RBF-SVM,quantum,0.475,"{""clf__C"": 10.0, ""clf__gamma_mult"": 0.25}"
51,2,40,40,quantum/HS-overlap-ref-SVM,quantum,0.4,"{""clf__C"": 10.0}"
51,2,40,40,quantum/Fidelity-ref-SVM,quantum,0.45,"{""clf__C"": 10.0}"
51,2,40,40,quantum/HS-RBF-ref-SVM,quantum,0.475,"{""clf__C"": 10.0, ""clf__gamma_mult"": 0.25}"
51,2,40,40,quantum/Bures-RBF-ref-SVM,quantum,0.475,"{""clf__C"": 10.0, ""clf__gamma_mult"": 0.25}"
51,2,40,40,quantum/QRE-RBF-ref-SVM,quantum,0.5,"{""clf__C"": 10.0, ""clf__gamma_mult"": 0.25}"
51,2,80,40,classical/TS+LR,classical,0.5,"{""clf__C"": 10.0}"
51,2,80,40,classical/MDM,classical,0.425,{}
51,2,80,40,classical/CSP+LDA,classical,0.55,"{""csp__nfilter"": 4}"
51,2,80,40,control/riemann-kernel-SVM,control,0.525,"{""clf__C"": 10.0}"
51,2,80,40,control/logeuclid-kernel-SVM,control,0.5,"{""clf__C"": 10.0}"
51,2,80,40,quantum/HS-overlap-SVM,quantum,0.525,"{""clf__C"": 0.1}"
51,2,80,40,quantum/Fidelity-SVM,quantum,0.525,"{""clf__C"": 0.1}"
51,2,80,40,quantum/HS-RBF-SVM,quantum,0.475,"{""clf__C"": 10.0, ""clf__gamma_mult"": 4.0}"
51,2,80,40,quantum/Bures-RBF-SVM,quantum,0.45,"{""clf__C"": 10.0, ""clf__gamma_mult"": 1.0}"
51,2,80,40,quantum/QRE-RBF-SVM,quantum,0.45,"{""clf__C"": 10.0, ""clf__gamma_mult"": 1.0}"
51,2,80,40,quantum/HS-overlap-ref-SVM,quantum,0.4,"{""clf__C"": 10.0}"
51,2,80,40,quantum/Fidelity-ref-SVM,quantum,0.375,"{""clf__C"": 10.0}"
51,2,80,40,quantum/HS-RBF-ref-SVM,quantum,0.6,"{""clf__C"": 10.0, ""clf__gamma_mult"": 0.25}"
51,2,80,40,quantum/Bures-RBF-ref-SVM,quantum,0.475,"{""clf__C"": 10.0, ""clf__gamma_mult"": 1.0}"
51,2,80,40,quantum/QRE-RBF-ref-SVM,quantum,0.5,"{""clf__C"": 10.0, ""clf__gamma_mult"": 1.0}"
51,2,160,40,classical/TS+LR,classical,0.5,"{""clf__C"": 0.1}"
51,2,160,40,classical/MDM,classical,0.625,{}
51,2,160,40,classical/CSP+LDA,classical,0.55,"{""csp__nfilter"": 2}"
51,2,160,40,control/riemann-kernel-SVM,control,0.525,"{""clf__C"": 10.0}"
51,2,160,40,control/logeuclid-kernel-SVM,control,0.6,"{""clf__C"": 10.0}"
51,2,160,40,quantum/HS-overlap-SVM,quantum,0.625,"{""clf__C"": 0.1}"
51,2,160,40,quantum/Fidelity-SVM,quantum,0.6,"{""clf__C"": 10.0}"
51,2,160,40,quantum/HS-RBF-SVM,quantum,0.5,"{""clf__C"": 10.0, ""clf__gamma_mult"": 4.0}"
51,2,160,40,quantum/Bures-RBF-SVM,quantum,0.45,"{""clf__C"": 10.0, ""clf__gamma_mult"": 1.0}"
51,2,160,40,quantum/QRE-RBF-SVM,quantum,0.5,"{""clf__C"": 10.0, ""clf__gamma_mult"": 1.0}"
51,2,160,40,quantum/HS-overlap-ref-SVM,quantum,0.6,"{""clf__C"": 10.0}"
51,2,160,40,quantum/Fidelity-ref-SVM,quantum,0.55,"{""clf__C"": 10.0}"
51,2,160,40,quantum/HS-RBF-ref-SVM,quantum,0.575,"{""clf__C"": 10.0, ""clf__gamma_mult"": 1.0}"
51,2,160,40,quantum/Bures-RBF-ref-SVM,quantum,0.625,"{""clf__C"": 10.0, ""clf__gamma_mult"": 1.0}"
51,2,160,40,quantum/QRE-RBF-ref-SVM,quantum,0.65,"{""clf__C"": 10.0, ""clf__gamma_mult"": 1.0}"
51,3,10,40,classical/TS+LR,classical,0.6,"{""clf__C"": 1.0}"
51,3,10,40,classical/MDM,classical,0.625,{}
51,3,10,40,classical/CSP+LDA,classical,0.65,"{""csp__nfilter"": 6}"
51,3,10,40,control/riemann-kernel-SVM,control,0.6,"{""clf__C"": 10.0}"
51,3,10,40,control/logeuclid-kernel-SVM,control,0.675,"{""clf__C"": 1.0}"
51,3,10,40,quantum/HS-overlap-SVM,quantum,0.5,"{""clf__C"": 0.1}"
51,3,10,40,quantum/Fidelity-SVM,quantum,0.525,"{""clf__C"": 0.1}"
51,3,10,40,quantum/HS-RBF-SVM,quantum,0.525,"{""clf__C"": 10.0, ""clf__gamma_mult"": 0.25}"
51,3,10,40,quantum/Bures-RBF-SVM,quantum,0.575,"{""clf__C"": 10.0, ""clf__gamma_mult"": 0.25}"
51,3,10,40,quantum/QRE-RBF-SVM,quantum,0.575,"{""clf__C"": 10.0, ""clf__gamma_mult"": 0.25}"
51,3,10,40,quantum/HS-overlap-ref-SVM,quantum,0.675,"{""clf__C"": 10.0}"
51,3,10,40,quantum/Fidelity-ref-SVM,quantum,0.6,"{""clf__C"": 0.1}"
51,3,10,40,quantum/HS-RBF-ref-SVM,quantum,0.625,"{""clf__C"": 10.0, ""clf__gamma_mult"": 1.0}"
51,3,10,40,quantum/Bures-RBF-ref-SVM,quantum,0.625,"{""clf__C"": 10.0, ""clf__gamma_mult"": 0.25}"
51,3,10,40,quantum/QRE-RBF-ref-SVM,quantum,0.625,"{""clf__C"": 10.0, ""clf__gamma_mult"": 0.25}"
51,3,20,40,classical/TS+LR,classical,0.6,"{""clf__C"": 1.0}"
51,3,20,40,classical/MDM,classical,0.7,{}
51,3,20,40,classical/CSP+LDA,classical,0.6,"{""csp__nfilter"": 2}"
51,3,20,40,control/riemann-kernel-SVM,control,0.575,"{""clf__C"": 10.0}"
51,3,20,40,control/logeuclid-kernel-SVM,control,0.625,"{""clf__C"": 10.0}"
51,3,20,40,quantum/HS-overlap-SVM,quantum,0.5,"{""clf__C"": 0.1}"
51,3,20,40,quantum/Fidelity-SVM,quantum,0.575,"{""clf__C"": 0.1}"
51,3,20,40,quantum/HS-RBF-SVM,quantum,0.475,"{""clf__C"": 10.0, ""clf__gamma_mult"": 0.25}"
51,3,20,40,quantum/Bures-RBF-SVM,quantum,0.55,"{""clf__C"": 10.0, ""clf__gamma_mult"": 0.25}"
51,3,20,40,quantum/QRE-RBF-SVM,quantum,0.525,"{""clf__C"": 10.0, ""clf__gamma_mult"": 1.0}"
51,3,20,40,quantum/HS-overlap-ref-SVM,quantum,0.625,"{""clf__C"": 10.0}"
51,3,20,40,quantum/Fidelity-ref-SVM,quantum,0.575,"{""clf__C"": 10.0}"
51,3,20,40,quantum/HS-RBF-ref-SVM,quantum,0.575,"{""clf__C"": 10.0, ""clf__gamma_mult"": 0.25}"
51,3,20,40,quantum/Bures-RBF-ref-SVM,quantum,0.55,"{""clf__C"": 10.0, ""clf__gamma_mult"": 0.25}"
51,3,20,40,quantum/QRE-RBF-ref-SVM,quantum,0.55,"{""clf__C"": 10.0, ""clf__gamma_mult"": 0.25}"
51,3,40,40,classical/TS+LR,classical,0.525,"{""clf__C"": 0.1}"
51,3,40,40,classical/MDM,classical,0.6,{}
51,3,40,40,classical/CSP+LDA,classical,0.5,"{""csp__nfilter"": 4}"
51,3,40,40,control/riemann-kernel-SVM,control,0.55,"{""clf__C"": 10.0}"
51,3,40,40,control/logeuclid-kernel-SVM,control,0.6,"{""clf__C"": 10.0}"
51,3,40,40,quantum/HS-overlap-SVM,quantum,0.6,"{""clf__C"": 0.1}"
51,3,40,40,quantum/Fidelity-SVM,quantum,0.55,"{""clf__C"": 0.1}"
51,3,40,40,quantum/HS-RBF-SVM,quantum,0.525,"{""clf__C"": 10.0, ""clf__gamma_mult"": 4.0}"
51,3,40,40,quantum/Bures-RBF-SVM,quantum,0.525,"{""clf__C"": 10.0, ""clf__gamma_mult"": 1.0}"
51,3,40,40,quantum/QRE-RBF-SVM,quantum,0.525,"{""clf__C"": 10.0, ""clf__gamma_mult"": 1.0}"
51,3,40,40,quantum/HS-overlap-ref-SVM,quantum,0.575,"{""clf__C"": 10.0}"
51,3,40,40,quantum/Fidelity-ref-SVM,quantum,0.625,"{""clf__C"": 10.0}"
51,3,40,40,quantum/HS-RBF-ref-SVM,quantum,0.625,"{""clf__C"": 10.0, ""clf__gamma_mult"": 1.0}"
51,3,40,40,quantum/Bures-RBF-ref-SVM,quantum,0.625,"{""clf__C"": 10.0, ""clf__gamma_mult"": 1.0}"
51,3,40,40,quantum/QRE-RBF-ref-SVM,quantum,0.65,"{""clf__C"": 10.0, ""clf__gamma_mult"": 1.0}"
51,3,80,40,classical/TS+LR,classical,0.55,"{""clf__C"": 0.1}"
51,3,80,40,classical/MDM,classical,0.525,{}
51,3,80,40,classical/CSP+LDA,classical,0.525,"{""csp__nfilter"": 6}"
51,3,80,40,control/riemann-kernel-SVM,control,0.525,"{""clf__C"": 10.0}"
51,3,80,40,control/logeuclid-kernel-SVM,control,0.6,"{""clf__C"": 10.0}"
51,3,80,40,quantum/HS-overlap-SVM,quantum,0.5,"{""clf__C"": 0.1}"
51,3,80,40,quantum/Fidelity-SVM,quantum,0.55,"{""clf__C"": 0.1}"
51,3,80,40,quantum/HS-RBF-SVM,quantum,0.525,"{""clf__C"": 10.0, ""clf__gamma_mult"": 4.0}"
51,3,80,40,quantum/Bures-RBF-SVM,quantum,0.6,"{""clf__C"": 10.0, ""clf__gamma_mult"": 0.25}"
51,3,80,40,quantum/QRE-RBF-SVM,quantum,0.525,"{""clf__C"": 10.0, ""clf__gamma_mult"": 0.25}"
51,3,80,40,quantum/HS-overlap-ref-SVM,quantum,0.6,"{""clf__C"": 10.0}"
51,3,80,40,quantum/Fidelity-ref-SVM,quantum,0.575,"{""clf__C"": 10.0}"
51,3,80,40,quantum/HS-RBF-ref-SVM,quantum,0.575,"{""clf__C"": 10.0, ""clf__gamma_mult"": 1.0}"
51,3,80,40,quantum/Bures-RBF-ref-SVM,quantum,0.575,"{""clf__C"": 10.0, ""clf__gamma_mult"": 1.0}"
51,3,80,40,quantum/QRE-RBF-ref-SVM,quantum,0.55,"{""clf__C"": 10.0, ""clf__gamma_mult"": 1.0}"
51,3,160,40,classical/TS+LR,classical,0.5,"{""clf__C"": 0.1}"
51,3,160,40,classical/MDM,classical,0.625,{}
51,3,160,40,classical/CSP+LDA,classical,0.55,"{""csp__nfilter"": 2}"
51,3,160,40,control/riemann-kernel-SVM,control,0.525,"{""clf__C"": 10.0}"
51,3,160,40,control/logeuclid-kernel-SVM,control,0.6,"{""clf__C"": 10.0}"
51,3,160,40,quantum/HS-overlap-SVM,quantum,0.625,"{""clf__C"": 0.1}"
51,3,160,40,quantum/Fidelity-SVM,quantum,0.6,"{""clf__C"": 10.0}"
51,3,160,40,quantum/HS-RBF-SVM,quantum,0.5,"{""clf__C"": 10.0, ""clf__gamma_mult"": 4.0}"
51,3,160,40,quantum/Bures-RBF-SVM,quantum,0.45,"{""clf__C"": 10.0, ""clf__gamma_mult"": 1.0}"
51,3,160,40,quantum/QRE-RBF-SVM,quantum,0.5,"{""clf__C"": 10.0, ""clf__gamma_mult"": 1.0}"
51,3,160,40,quantum/HS-overlap-ref-SVM,quantum,0.6,"{""clf__C"": 10.0}"
51,3,160,40,quantum/Fidelity-ref-SVM,quantum,0.55,"{""clf__C"": 10.0}"
51,3,160,40,quantum/HS-RBF-ref-SVM,quantum,0.575,"{""clf__C"": 10.0, ""clf__gamma_mult"": 1.0}"
51,3,160,40,quantum/Bures-RBF-ref-SVM,quantum,0.625,"{""clf__C"": 10.0, ""clf__gamma_mult"": 1.0}"
51,3,160,40,quantum/QRE-RBF-ref-SVM,quantum,0.65,"{""clf__C"": 10.0, ""clf__gamma_mult"": 1.0}"
51,4,10,40,classical/TS+LR,classical,0.625,"{""clf__C"": 1.0}"
51,4,10,40,classical/MDM,classical,0.55,{}
51,4,10,40,classical/CSP+LDA,classical,0.6,"{""csp__nfilter"": 4}"
51,4,10,40,control/riemann-kernel-SVM,control,0.525,"{""clf__C"": 0.1}"
51,4,10,40,control/logeuclid-kernel-SVM,control,0.55,"{""clf__C"": 0.1}"
51,4,10,40,quantum/HS-overlap-SVM,quantum,0.5,"{""clf__C"": 0.1}"
51,4,10,40,quantum/Fidelity-SVM,quantum,0.55,"{""clf__C"": 0.1}"
51,4,10,40,quantum/HS-RBF-SVM,quantum,0.6,"{""clf__C"": 10.0, ""clf__gamma_mult"": 1.0}"
51,4,10,40,quantum/Bures-RBF-SVM,quantum,0.5,"{""clf__C"": 10.0, ""clf__gamma_mult"": 1.0}"
51,4,10,40,quantum/QRE-RBF-SVM,quantum,0.5,"{""clf__C"": 10.0, ""clf__gamma_mult"": 1.0}"
51,4,10,40,quantum/HS-overlap-ref-SVM,quantum,0.55,"{""clf__C"": 0.1}"
51,4,10,40,quantum/Fidelity-ref-SVM,quantum,0.575,"{""clf__C"": 0.1}"
51,4,10,40,quantum/HS-RBF-ref-SVM,quantum,0.55,"{""clf__C"": 0.1, ""clf__gamma_mult"": 0.25}"
51,4,10,40,quantum/Bures-RBF-ref-SVM,quantum,0.55,"{""clf__C"": 0.1, ""clf__gamma_mult"": 0.25}"
51,4,10,40,quantum/QRE-RBF-ref-SVM,quantum,0.575,"{""clf__C"": 0.1, ""clf__gamma_mult"": 0.25}"
51,4,20,40,classical/TS+LR,classical,0.525,"{""clf__C"": 0.1}"
51,4,20,40,classical/MDM,classical,0.5,{}
51,4,20,40,classical/CSP+LDA,classical,0.5,"{""csp__nfilter"": 2}"
51,4,20,40,control/riemann-kernel-SVM,control,0.575,"{""clf__C"": 10.0}"
51,4,20,40,control/logeuclid-kernel-SVM,control,0.425,"{""clf__C"": 0.1}"
51,4,20,40,quantum/HS-overlap-SVM,quantum,0.55,"{""clf__C"": 0.1}"
51,4,20,40,quantum/Fidelity-SVM,quantum,0.575,"{""clf__C"": 0.1}"
51,4,20,40,quantum/HS-RBF-SVM,quantum,0.575,"{""clf__C"": 10.0, ""clf__gamma_mult"": 1.0}"
51,4,20,40,quantum/Bures-RBF-SVM,quantum,0.525,"{""clf__C"": 10.0, ""clf__gamma_mult"": 0.25}"
51,4,20,40,quantum/QRE-RBF-SVM,quantum,0.625,"{""clf__C"": 10.0, ""clf__gamma_mult"": 0.25}"
51,4,20,40,quantum/HS-overlap-ref-SVM,quantum,0.575,"{""clf__C"": 0.1}"
51,4,20,40,quantum/Fidelity-ref-SVM,quantum,0.55,"{""clf__C"": 0.1}"
51,4,20,40,quantum/HS-RBF-ref-SVM,quantum,0.5,"{""clf__C"": 10.0, ""clf__gamma_mult"": 0.25}"
51,4,20,40,quantum/Bures-RBF-ref-SVM,quantum,0.55,"{""clf__C"": 10.0, ""clf__gamma_mult"": 0.25}"
51,4,20,40,quantum/QRE-RBF-ref-SVM,quantum,0.525,"{""clf__C"": 10.0, ""clf__gamma_mult"": 0.25}"
51,4,40,40,classical/TS+LR,classical,0.425,"{""clf__C"": 0.1}"
51,4,40,40,classical/MDM,classical,0.375,{}
51,4,40,40,classical/CSP+LDA,classical,0.4,"{""csp__nfilter"": 2}"
51,4,40,40,control/riemann-kernel-SVM,control,0.375,"{""clf__C"": 1.0}"
51,4,40,40,control/logeuclid-kernel-SVM,control,0.375,"{""clf__C"": 1.0}"
51,4,40,40,quantum/HS-overlap-SVM,quantum,0.525,"{""clf__C"": 0.1}"
51,4,40,40,quantum/Fidelity-SVM,quantum,0.55,"{""clf__C"": 0.1}"
51,4,40,40,quantum/HS-RBF-SVM,quantum,0.375,"{""clf__C"": 10.0, ""clf__gamma_mult"": 4.0}"
51,4,40,40,quantum/Bures-RBF-SVM,quantum,0.475,"{""clf__C"": 10.0, ""clf__gamma_mult"": 1.0}"
51,4,40,40,quantum/QRE-RBF-SVM,quantum,0.5,"{""clf__C"": 10.0, ""clf__gamma_mult"": 1.0}"
51,4,40,40,quantum/HS-overlap-ref-SVM,quantum,0.425,"{""clf__C"": 10.0}"
51,4,40,40,quantum/Fidelity-ref-SVM,quantum,0.425,"{""clf__C"": 10.0}"
51,4,40,40,quantum/HS-RBF-ref-SVM,quantum,0.45,"{""clf__C"": 10.0, ""clf__gamma_mult"": 1.0}"
51,4,40,40,quantum/Bures-RBF-ref-SVM,quantum,0.45,"{""clf__C"": 10.0, ""clf__gamma_mult"": 1.0}"
51,4,40,40,quantum/QRE-RBF-ref-SVM,quantum,0.45,"{""clf__C"": 10.0, ""clf__gamma_mult"": 1.0}"
51,4,80,40,classical/TS+LR,classical,0.55,"{""clf__C"": 10.0}"
51,4,80,40,classical/MDM,classical,0.4,{}
51,4,80,40,classical/CSP+LDA,classical,0.4,"{""csp__nfilter"": 2}"
51,4,80,40,control/riemann-kernel-SVM,control,0.55,"{""clf__C"": 10.0}"
51,4,80,40,control/logeuclid-kernel-SVM,control,0.55,"{""clf__C"": 10.0}"
51,4,80,40,quantum/HS-overlap-SVM,quantum,0.575,"{""clf__C"": 0.1}"
51,4,80,40,quantum/Fidelity-SVM,quantum,0.575,"{""clf__C"": 10.0}"
51,4,80,40,quantum/HS-RBF-SVM,quantum,0.475,"{""clf__C"": 10.0, ""clf__gamma_mult"": 4.0}"
51,4,80,40,quantum/Bures-RBF-SVM,quantum,0.5,"{""clf__C"": 10.0, ""clf__gamma_mult"": 1.0}"
51,4,80,40,quantum/QRE-RBF-SVM,quantum,0.525,"{""clf__C"": 10.0, ""clf__gamma_mult"": 1.0}"
51,4,80,40,quantum/HS-overlap-ref-SVM,quantum,0.55,"{""clf__C"": 10.0}"
51,4,80,40,quantum/Fidelity-ref-SVM,quantum,0.525,"{""clf__C"": 10.0}"
51,4,80,40,quantum/HS-RBF-ref-SVM,quantum,0.55,"{""clf__C"": 10.0, ""clf__gamma_mult"": 1.0}"
51,4,80,40,quantum/Bures-RBF-ref-SVM,quantum,0.55,"{""clf__C"": 10.0, ""clf__gamma_mult"": 1.0}"
51,4,80,40,quantum/QRE-RBF-ref-SVM,quantum,0.575,"{""clf__C"": 10.0, ""clf__gamma_mult"": 1.0}"
51,4,160,40,classical/TS+LR,classical,0.5,"{""clf__C"": 0.1}"
51,4,160,40,classical/MDM,classical,0.625,{}
51,4,160,40,classical/CSP+LDA,classical,0.55,"{""csp__nfilter"": 2}"
51,4,160,40,control/riemann-kernel-SVM,control,0.525,"{""clf__C"": 10.0}"
51,4,160,40,control/logeuclid-kernel-SVM,control,0.6,"{""clf__C"": 10.0}"
51,4,160,40,quantum/HS-overlap-SVM,quantum,0.625,"{""clf__C"": 0.1}"
51,4,160,40,quantum/Fidelity-SVM,quantum,0.6,"{""clf__C"": 10.0}"
51,4,160,40,quantum/HS-RBF-SVM,quantum,0.5,"{""clf__C"": 10.0, ""clf__gamma_mult"": 4.0}"
51,4,160,40,quantum/Bures-RBF-SVM,quantum,0.45,"{""clf__C"": 10.0, ""clf__gamma_mult"": 1.0}"
51,4,160,40,quantum/QRE-RBF-SVM,quantum,0.5,"{""clf__C"": 10.0, ""clf__gamma_mult"": 1.0}"
51,4,160,40,quantum/HS-overlap-ref-SVM,quantum,0.6,"{""clf__C"": 10.0}"
51,4,160,40,quantum/Fidelity-ref-SVM,quantum,0.55,"{""clf__C"": 10.0}"
51,4,160,40,quantum/HS-RBF-ref-SVM,quantum,0.575,"{""clf__C"": 10.0, ""clf__gamma_mult"": 1.0}"
51,4,160,40,quantum/Bures-RBF-ref-SVM,quantum,0.625,"{""clf__C"": 10.0, ""clf__gamma_mult"": 1.0}"
51,4,160,40,quantum/QRE-RBF-ref-SVM,quantum,0.65,"{""clf__C"": 10.0, ""clf__gamma_mult"": 1.0}"
51,5,10,40,classical/TS+LR,classical,0.5,"{""clf__C"": 0.1}"
51,5,10,40,classical/MDM,classical,0.425,{}
51,5,10,40,classical/CSP+LDA,classical,0.675,"{""csp__nfilter"": 6}"
51,5,10,40,control/riemann-kernel-SVM,control,0.55,"{""clf__C"": 10.0}"
51,5,10,40,control/logeuclid-kernel-SVM,control,0.525,"{""clf__C"": 10.0}"
51,5,10,40,quantum/HS-overlap-SVM,quantum,0.45,"{""clf__C"": 0.1}"
51,5,10,40,quantum/Fidelity-SVM,quantum,0.575,"{""clf__C"": 0.1}"
51,5,10,40,quantum/HS-RBF-SVM,quantum,0.575,"{""clf__C"": 10.0, ""clf__gamma_mult"": 0.25}"
51,5,10,40,quantum/Bures-RBF-SVM,quantum,0.575,"{""clf__C"": 10.0, ""clf__gamma_mult"": 1.0}"
51,5,10,40,quantum/QRE-RBF-SVM,quantum,0.6,"{""clf__C"": 10.0, ""clf__gamma_mult"": 0.25}"
51,5,10,40,quantum/HS-overlap-ref-SVM,quantum,0.5,"{""clf__C"": 10.0}"
51,5,10,40,quantum/Fidelity-ref-SVM,quantum,0.5,"{""clf__C"": 0.1}"
51,5,10,40,quantum/HS-RBF-ref-SVM,quantum,0.475,"{""clf__C"": 10.0, ""clf__gamma_mult"": 0.25}"
51,5,10,40,quantum/Bures-RBF-ref-SVM,quantum,0.5,"{""clf__C"": 10.0, ""clf__gamma_mult"": 0.25}"
51,5,10,40,quantum/QRE-RBF-ref-SVM,quantum,0.45,"{""clf__C"": 10.0, ""clf__gamma_mult"": 0.25}"
51,5,20,40,classical/TS+LR,classical,0.525,"{""clf__C"": 0.1}"
51,5,20,40,classical/MDM,classical,0.525,{}
51,5,20,40,classical/CSP+LDA,classical,0.45,"{""csp__nfilter"": 6}"
51,5,20,40,control/riemann-kernel-SVM,control,0.525,"{""clf__C"": 10.0}"
51,5,20,40,control/logeuclid-kernel-SVM,control,0.525,"{""clf__C"": 10.0}"
51,5,20,40,quantum/HS-overlap-SVM,quantum,0.55,"{""clf__C"": 0.1}"
51,5,20,40,quantum/Fidelity-SVM,quantum,0.5,"{""clf__C"": 0.1}"
51,5,20,40,quantum/HS-RBF-SVM,quantum,0.625,"{""clf__C"": 10.0, ""clf__gamma_mult"": 1.0}"
51,5,20,40,quantum/Bures-RBF-SVM,quantum,0.525,"{""clf__C"": 10.0, ""clf__gamma_mult"": 0.25}"
51,5,20,40,quantum/QRE-RBF-SVM,quantum,0.525,"{""clf__C"": 10.0, ""clf__gamma_mult"": 0.25}"
51,5,20,40,quantum/HS-overlap-ref-SVM,quantum,0.45,"{""clf__C"": 10.0}"
51,5,20,40,quantum/Fidelity-ref-SVM,quantum,0.4,"{""clf__C"": 10.0}"
51,5,20,40,quantum/HS-RBF-ref-SVM,quantum,0.475,"{""clf__C"": 10.0, ""clf__gamma_mult"": 0.25}"
51,5,20,40,quantum/Bures-RBF-ref-SVM,quantum,0.5,"{""clf__C"": 10.0, ""clf__gamma_mult"": 0.25}"
51,5,20,40,quantum/QRE-RBF-ref-SVM,quantum,0.55,"{""clf__C"": 10.0, ""clf__gamma_mult"": 0.25}"
51,5,40,40,classical/TS+LR,classical,0.525,"{""clf__C"": 0.1}"
51,5,40,40,classical/MDM,classical,0.425,{}
51,5,40,40,classical/CSP+LDA,classical,0.5,"{""csp__nfilter"": 2}"
51,5,40,40,control/riemann-kernel-SVM,control,0.475,"{""clf__C"": 1.0}"
51,5,40,40,control/logeuclid-kernel-SVM,control,0.55,"{""clf__C"": 10.0}"
51,5,40,40,quantum/HS-overlap-SVM,quantum,0.55,"{""clf__C"": 0.1}"
51,5,40,40,quantum/Fidelity-SVM,quantum,0.6,"{""clf__C"": 10.0}"
51,5,40,40,quantum/HS-RBF-SVM,quantum,0.6,"{""clf__C"": 10.0, ""clf__gamma_mult"": 4.0}"
51,5,40,40,quantum/Bures-RBF-SVM,quantum,0.5,"{""clf__C"": 10.0, ""clf__gamma_mult"": 0.25}"
51,5,40,40,quantum/QRE-RBF-SVM,quantum,0.55,"{""clf__C"": 10.0, ""clf__gamma_mult"": 1.0}"
51,5,40,40,quantum/HS-overlap-ref-SVM,quantum,0.55,"{""clf__C"": 10.0}"
51,5,40,40,quantum/Fidelity-ref-SVM,quantum,0.525,"{""clf__C"": 10.0}"
51,5,40,40,quantum/HS-RBF-ref-SVM,quantum,0.5,"{""clf__C"": 10.0, ""clf__gamma_mult"": 1.0}"
51,5,40,40,quantum/Bures-RBF-ref-SVM,quantum,0.525,"{""clf__C"": 10.0, ""clf__gamma_mult"": 0.25}"
51,5,40,40,quantum/QRE-RBF-ref-SVM,quantum,0.5,"{""clf__C"": 10.0, ""clf__gamma_mult"": 1.0}"
51,5,80,40,classical/TS+LR,classical,0.5,"{""clf__C"": 0.1}"
51,5,80,40,classical/MDM,classical,0.55,{}
51,5,80,40,classical/CSP+LDA,classical,0.575,"{""csp__nfilter"": 4}"
51,5,80,40,control/riemann-kernel-SVM,control,0.575,"{""clf__C"": 10.0}"
51,5,80,40,control/logeuclid-kernel-SVM,control,0.55,"{""clf__C"": 10.0}"
51,5,80,40,quantum/HS-overlap-SVM,quantum,0.6,"{""clf__C"": 0.1}"
51,5,80,40,quantum/Fidelity-SVM,quantum,0.625,"{""clf__C"": 10.0}"
51,5,80,40,quantum/HS-RBF-SVM,quantum,0.5,"{""clf__C"": 10.0, ""clf__gamma_mult"": 1.0}"
51,5,80,40,quantum/Bures-RBF-SVM,quantum,0.475,"{""clf__C"": 10.0, ""clf__gamma_mult"": 1.0}"
51,5,80,40,quantum/QRE-RBF-SVM,quantum,0.475,"{""clf__C"": 10.0, ""clf__gamma_mult"": 1.0}"
51,5,80,40,quantum/HS-overlap-ref-SVM,quantum,0.575,"{""clf__C"": 10.0}"
51,5,80,40,quantum/Fidelity-ref-SVM,quantum,0.575,"{""clf__C"": 10.0}"
51,5,80,40,quantum/HS-RBF-ref-SVM,quantum,0.6,"{""clf__C"": 10.0, ""clf__gamma_mult"": 0.25}"
51,5,80,40,quantum/Bures-RBF-ref-SVM,quantum,0.625,"{""clf__C"": 10.0, ""clf__gamma_mult"": 0.25}"
51,5,80,40,quantum/QRE-RBF-ref-SVM,quantum,0.65,"{""clf__C"": 10.0, ""clf__gamma_mult"": 0.25}"
51,5,160,40,classical/TS+LR,classical,0.5,"{""clf__C"": 0.1}"
51,5,160,40,classical/MDM,classical,0.625,{}
51,5,160,40,classical/CSP+LDA,classical,0.55,"{""csp__nfilter"": 2}"
51,5,160,40,control/riemann-kernel-SVM,control,0.525,"{""clf__C"": 10.0}"
51,5,160,40,control/logeuclid-kernel-SVM,control,0.6,"{""clf__C"": 10.0}"
51,5,160,40,quantum/HS-overlap-SVM,quantum,0.625,"{""clf__C"": 0.1}"
51,5,160,40,quantum/Fidelity-SVM,quantum,0.6,"{""clf__C"": 10.0}"
51,5,160,40,quantum/HS-RBF-SVM,quantum,0.5,"{""clf__C"": 10.0, ""clf__gamma_mult"": 4.0}"
51,5,160,40,quantum/Bures-RBF-SVM,quantum,0.45,"{""clf__C"": 10.0, ""clf__gamma_mult"": 1.0}"
51,5,160,40,quantum/QRE-RBF-SVM,quantum,0.5,"{""clf__C"": 10.0, ""clf__gamma_mult"": 1.0}"
51,5,160,40,quantum/HS-overlap-ref-SVM,quantum,0.6,"{""clf__C"": 10.0}"
51,5,160,40,quantum/Fidelity-ref-SVM,quantum,0.55,"{""clf__C"": 10.0}"
51,5,160,40,quantum/HS-RBF-ref-SVM,quantum,0.575,"{""clf__C"": 10.0, ""clf__gamma_mult"": 1.0}"
51,5,160,40,quantum/Bures-RBF-ref-SVM,quantum,0.625,"{""clf__C"": 10.0, ""clf__gamma_mult"": 1.0}"
51,5,160,40,quantum/QRE-RBF-ref-SVM,quantum,0.65,"{""clf__C"": 10.0, ""clf__gamma_mult"": 1.0}"
51,6,10,40,classical/TS+LR,classical,0.35,"{""clf__C"": 0.1}"
51,6,10,40,classical/MDM,classical,0.35,{}
51,6,10,40,classical/CSP+LDA,classical,0.4,"{""csp__nfilter"": 4}"
51,6,10,40,control/riemann-kernel-SVM,control,0.475,"{""clf__C"": 10.0}"
51,6,10,40,control/logeuclid-kernel-SVM,control,0.475,"{""clf__C"": 10.0}"
51,6,10,40,quantum/HS-overlap-SVM,quantum,0.5,"{""clf__C"": 0.1}"
51,6,10,40,quantum/Fidelity-SVM,quantum,0.4,"{""clf__C"": 0.1}"
51,6,10,40,quantum/HS-RBF-SVM,quantum,0.425,"{""clf__C"": 10.0, ""clf__gamma_mult"": 1.0}"
51,6,10,40,quantum/Bures-RBF-SVM,quantum,0.4,"{""clf__C"": 10.0, ""clf__gamma_mult"": 1.0}"
51,6,10,40,quantum/QRE-RBF-SVM,quantum,0.375,"{""clf__C"": 10.0, ""clf__gamma_mult"": 1.0}"
51,6,10,40,quantum/HS-overlap-ref-SVM,quantum,0.375,"{""clf__C"": 10.0}"
51,6,10,40,quantum/Fidelity-ref-SVM,quantum,0.375,"{""clf__C"": 0.1}"
51,6,10,40,quantum/HS-RBF-ref-SVM,quantum,0.375,"{""clf__C"": 0.1, ""clf__gamma_mult"": 0.25}"
51,6,10,40,quantum/Bures-RBF-ref-SVM,quantum,0.375,"{""clf__C"": 0.1, ""clf__gamma_mult"": 0.25}"
51,6,10,40,quantum/QRE-RBF-ref-SVM,quantum,0.375,"{""clf__C"": 0.1, ""clf__gamma_mult"": 0.25}"
51,6,20,40,classical/TS+LR,classical,0.225,"{""clf__C"": 0.1}"
51,6,20,40,classical/MDM,classical,0.25,{}
51,6,20,40,classical/CSP+LDA,classical,0.275,"{""csp__nfilter"": 2}"
51,6,20,40,control/riemann-kernel-SVM,control,0.45,"{""clf__C"": 10.0}"
51,6,20,40,control/logeuclid-kernel-SVM,control,0.4,"{""clf__C"": 10.0}"
51,6,20,40,quantum/HS-overlap-SVM,quantum,0.5,"{""clf__C"": 0.1}"
51,6,20,40,quantum/Fidelity-SVM,quantum,0.45,"{""clf__C"": 0.1}"
51,6,20,40,quantum/HS-RBF-SVM,quantum,0.375,"{""clf__C"": 10.0, ""clf__gamma_mult"": 1.0}"
51,6,20,40,quantum/Bures-RBF-SVM,quantum,0.3,"{""clf__C"": 10.0, ""clf__gamma_mult"": 1.0}"
51,6,20,40,quantum/QRE-RBF-SVM,quantum,0.275,"{""clf__C"": 10.0, ""clf__gamma_mult"": 1.0}"
51,6,20,40,quantum/HS-overlap-ref-SVM,quantum,0.325,"{""clf__C"": 10.0}"
51,6,20,40,quantum/Fidelity-ref-SVM,quantum,0.375,"{""clf__C"": 0.1}"
51,6,20,40,quantum/HS-RBF-ref-SVM,quantum,0.325,"{""clf__C"": 10.0, ""clf__gamma_mult"": 1.0}"
51,6,20,40,quantum/Bures-RBF-ref-SVM,quantum,0.325,"{""clf__C"": 10.0, ""clf__gamma_mult"": 0.25}"
51,6,20,40,quantum/QRE-RBF-ref-SVM,quantum,0.325,"{""clf__C"": 10.0, ""clf__gamma_mult"": 0.25}"
51,6,40,40,classical/TS+LR,classical,0.375,"{""clf__C"": 0.1}"
51,6,40,40,classical/MDM,classical,0.35,{}
51,6,40,40,classical/CSP+LDA,classical,0.275,"{""csp__nfilter"": 4}"
51,6,40,40,control/riemann-kernel-SVM,control,0.475,"{""clf__C"": 10.0}"
51,6,40,40,control/logeuclid-kernel-SVM,control,0.5,"{""clf__C"": 10.0}"
51,6,40,40,quantum/HS-overlap-SVM,quantum,0.55,"{""clf__C"": 0.1}"
51,6,40,40,quantum/Fidelity-SVM,quantum,0.475,"{""clf__C"": 0.1}"
51,6,40,40,quantum/HS-RBF-SVM,quantum,0.425,"{""clf__C"": 10.0, ""clf__gamma_mult"": 1.0}"
51,6,40,40,quantum/Bures-RBF-SVM,quantum,0.45,"{""clf__C"": 10.0, ""clf__gamma_mult"": 1.0}"
51,6,40,40,quantum/QRE-RBF-SVM,quantum,0.475,"{""clf__C"": 10.0, ""clf__gamma_mult"": 1.0}"
51,6,40,40,quantum/HS-overlap-ref-SVM,quantum,0.4,"{""clf__C"": 10.0}"
51,6,40,40,quantum/Fidelity-ref-SVM,quantum,0.4,"{""clf__C"": 10.0}"
51,6,40,40,quantum/HS-RBF-ref-SVM,quantum,0.45,"{""clf__C"": 10.0, ""clf__gamma_mult"": 0.25}"
51,6,40,40,quantum/Bures-RBF-ref-SVM,quantum,0.525,"{""clf__C"": 10.0, ""clf__gamma_mult"": 1.0}"
51,6,40,40,quantum/QRE-RBF-ref-SVM,quantum,0.5,"{""clf__C"": 10.0, ""clf__gamma_mult"": 1.0}"
51,6,80,40,classical/TS+LR,classical,0.475,"{""clf__C"": 10.0}"
51,6,80,40,classical/MDM,classical,0.4,{}
51,6,80,40,classical/CSP+LDA,classical,0.4,"{""csp__nfilter"": 2}"
51,6,80,40,control/riemann-kernel-SVM,control,0.525,"{""clf__C"": 10.0}"
51,6,80,40,control/logeuclid-kernel-SVM,control,0.5,"{""clf__C"": 10.0}"
51,6,80,40,quantum/HS-overlap-SVM,quantum,0.5,"{""clf__C"": 0.1}"
51,6,80,40,quantum/Fidelity-SVM,quantum,0.475,"{""clf__C"": 0.1}"
51,6,80,40,quantum/HS-RBF-SVM,quantum,0.475,"{""clf__C"": 10.0, ""clf__gamma_mult"": 1.0}"
51,6,80,40,quantum/Bures-RBF-SVM,quantum,0.475,"{""clf__C"": 10.0, ""clf__gamma_mult"": 1.0}"
51,6,80,40,quantum/QRE-RBF-SVM,quantum,0.45,"{""clf__C"": 10.0, ""clf__gamma_mult"": 1.0}"
51,6,80,40,quantum/HS-overlap-ref-SVM,quantum,0.5,"{""clf__C"": 10.0}"
51,6,80,40,quantum/Fidelity-ref-SVM,quantum,0.45,"{""clf__C"": 10.0}"
51,6,80,40,quantum/HS-RBF-ref-SVM,quantum,0.5,"{""clf__C"": 10.0, ""clf__gamma_mult"": 1.0}"
51,6,80,40,quantum/Bures-RBF-ref-SVM,quantum,0.5,"{""clf__C"": 10.0, ""clf__gamma_mult"": 1.0}"
51,6,80,40,quantum/QRE-RBF-ref-SVM,quantum,0.5,"{""clf__C"": 10.0, ""clf__gamma_mult"": 1.0}"
51,6,160,40,classical/TS+LR,classical,0.5,"{""clf__C"": 0.1}"
51,6,160,40,classical/MDM,classical,0.625,{}
51,6,160,40,classical/CSP+LDA,classical,0.55,"{""csp__nfilter"": 2}"
51,6,160,40,control/riemann-kernel-SVM,control,0.525,"{""clf__C"": 10.0}"
51,6,160,40,control/logeuclid-kernel-SVM,control,0.6,"{""clf__C"": 10.0}"
51,6,160,40,quantum/HS-overlap-SVM,quantum,0.625,"{""clf__C"": 0.1}"
51,6,160,40,quantum/Fidelity-SVM,quantum,0.6,"{""clf__C"": 10.0}"
51,6,160,40,quantum/HS-RBF-SVM,quantum,0.5,"{""clf__C"": 10.0, ""clf__gamma_mult"": 4.0}"
51,6,160,40,quantum/Bures-RBF-SVM,quantum,0.45,"{""clf__C"": 10.0, ""clf__gamma_mult"": 1.0}"
51,6,160,40,quantum/QRE-RBF-SVM,quantum,0.5,"{""clf__C"": 10.0, ""clf__gamma_mult"": 1.0}"
51,6,160,40,quantum/HS-overlap-ref-SVM,quantum,0.6,"{""clf__C"": 10.0}"
51,6,160,40,quantum/Fidelity-ref-SVM,quantum,0.55,"{""clf__C"": 10.0}"
51,6,160,40,quantum/HS-RBF-ref-SVM,quantum,0.575,"{""clf__C"": 10.0, ""clf__gamma_mult"": 1.0}"
51,6,160,40,quantum/Bures-RBF-ref-SVM,quantum,0.625,"{""clf__C"": 10.0, ""clf__gamma_mult"": 1.0}"
51,6,160,40,quantum/QRE-RBF-ref-SVM,quantum,0.65,"{""clf__C"": 10.0, ""clf__gamma_mult"": 1.0}"
51,7,10,40,classical/TS+LR,classical,0.6,"{""clf__C"": 0.1}"
51,7,10,40,classical/MDM,classical,0.625,{}
51,7,10,40,classical/CSP+LDA,classical,0.6,"{""csp__nfilter"": 2}"
51,7,10,40,control/riemann-kernel-SVM,control,0.525,"{""clf__C"": 10.0}"
51,7,10,40,control/logeuclid-kernel-SVM,control,0.475,"{""clf__C"": 10.0}"
51,7,10,40,quantum/HS-overlap-SVM,quantum,0.5,"{""clf__C"": 0.1}"
51,7,10,40,quantum/Fidelity-SVM,quantum,0.575,"{""clf__C"": 0.1}"
51,7,10,40,quantum/HS-RBF-SVM,quantum,0.525,"{""clf__C"": 10.0, ""clf__gamma_mult"": 0.25}"
51,7,10,40,quantum/Bures-RBF-SVM,quantum,0.5,"{""clf__C"": 10.0, ""clf__gamma_mult"": 0.25}"
51,7,10,40,quantum/QRE-RBF-SVM,quantum,0.5,"{""clf__C"": 10.0, ""clf__gamma_mult"": 0.25}"
51,7,10,40,quantum/HS-overlap-ref-SVM,quantum,0.575,"{""clf__C"": 10.0}"
51,7,10,40,quantum/Fidelity-ref-SVM,quantum,0.55,"{""clf__C"": 10.0}"
51,7,10,40,quantum/HS-RBF-ref-SVM,quantum,0.55,"{""clf__C"": 10.0, ""clf__gamma_mult"": 1.0}"
51,7,10,40,quantum/Bures-RBF-ref-SVM,quantum,0.55,"{""clf__C"": 10.0, ""clf__gamma_mult"": 0.25}"
51,7,10,40,quantum/QRE-RBF-ref-SVM,quantum,0.55,"{""clf__C"": 10.0, ""clf__gamma_mult"": 0.25}"
51,7,20,40,classical/TS+LR,classical,0.55,"{""clf__C"": 0.1}"
51,7,20,40,classical/MDM,classical,0.65,{}
51,7,20,40,classical/CSP+LDA,classical,0.65,"{""csp__nfilter"": 2}"
51,7,20,40,control/riemann-kernel-SVM,control,0.55,"{""clf__C"": 10.0}"
51,7,20,40,control/logeuclid-kernel-SVM,control,0.55,"{""clf__C"": 1.0}"
51,7,20,40,quantum/HS-overlap-SVM,quantum,0.525,"{""clf__C"": 0.1}"
51,7,20,40,quantum/Fidelity-SVM,quantum,0.6,"{""clf__C"": 0.1}"
51,7,20,40,quantum/HS-RBF-SVM,quantum,0.55,"{""clf__C"": 10.0, ""clf__gamma_mult"": 1.0}"
51,7,20,40,quantum/Bures-RBF-SVM,quantum,0.5,"{""clf__C"": 10.0, ""clf__gamma_mult"": 1.0}"
51,7,20,40,quantum/QRE-RBF-SVM,quantum,0.475,"{""clf__C"": 10.0, ""clf__gamma_mult"": 1.0}"
51,7,20,40,quantum/HS-overlap-ref-SVM,quantum,0.475,"{""clf__C"": 10.0}"
51,7,20,40,quantum/Fidelity-ref-SVM,quantum,0.5,"{""clf__C"": 10.0}"
51,7,20,40,quantum/HS-RBF-ref-SVM,quantum,0.575,"{""clf__C"": 10.0, ""clf__gamma_mult"": 1.0}"
51,7,20,40,quantum/Bures-RBF-ref-SVM,quantum,0.575,"{""clf__C"": 10.0, ""clf__gamma_mult"": 1.0}"
51,7,20,40,quantum/QRE-RBF-ref-SVM,quantum,0.575,"{""clf__C"": 10.0, ""clf__gamma_mult"": 1.0}"
51,7,40,40,classical/TS+LR,classical,0.65,"{""clf__C"": 0.1}"
51,7,40,40,classical/MDM,classical,0.6,{}
51,7,40,40,classical/CSP+LDA,classical,0.625,"{""csp__nfilter"": 2}"
51,7,40,40,control/riemann-kernel-SVM,control,0.6,"{""clf__C"": 1.0}"
51,7,40,40,control/logeuclid-kernel-SVM,control,0.625,"{""clf__C"": 1.0}"
51,7,40,40,quantum/HS-overlap-SVM,quantum,0.525,"{""clf__C"": 0.1}"
51,7,40,40,quantum/Fidelity-SVM,quantum,0.625,"{""clf__C"": 10.0}"
51,7,40,40,quantum/HS-RBF-SVM,quantum,0.55,"{""clf__C"": 10.0, ""clf__gamma_mult"": 1.0}"
51,7,40,40,quantum/Bures-RBF-SVM,quantum,0.575,"{""clf__C"": 10.0, ""clf__gamma_mult"": 1.0}"
51,7,40,40,quantum/QRE-RBF-SVM,quantum,0.55,"{""clf__C"": 10.0, ""clf__gamma_mult"": 1.0}"
51,7,40,40,quantum/HS-overlap-ref-SVM,quantum,0.65,"{""clf__C"": 10.0}"
51,7,40,40,quantum/Fidelity-ref-SVM,quantum,0.65,"{""clf__C"": 10.0}"
51,7,40,40,quantum/HS-RBF-ref-SVM,quantum,0.575,"{""clf__C"": 10.0, ""clf__gamma_mult"": 1.0}"
51,7,40,40,quantum/Bures-RBF-ref-SVM,quantum,0.675,"{""clf__C"": 10.0, ""clf__gamma_mult"": 0.25}"
51,7,40,40,quantum/QRE-RBF-ref-SVM,quantum,0.625,"{""clf__C"": 10.0, ""clf__gamma_mult"": 1.0}"
51,7,80,40,classical/TS+LR,classical,0.65,"{""clf__C"": 0.1}"
51,7,80,40,classical/MDM,classical,0.6,{}
51,7,80,40,classical/CSP+LDA,classical,0.675,"{""csp__nfilter"": 4}"
51,7,80,40,control/riemann-kernel-SVM,control,0.625,"{""clf__C"": 10.0}"
51,7,80,40,control/logeuclid-kernel-SVM,control,0.625,"{""clf__C"": 10.0}"
51,7,80,40,quantum/HS-overlap-SVM,quantum,0.575,"{""clf__C"": 10.0}"
51,7,80,40,quantum/Fidelity-SVM,quantum,0.55,"{""clf__C"": 10.0}"
51,7,80,40,quantum/HS-RBF-SVM,quantum,0.55,"{""clf__C"": 10.0, ""clf__gamma_mult"": 4.0}"
51,7,80,40,quantum/Bures-RBF-SVM,quantum,0.475,"{""clf__C"": 10.0, ""clf__gamma_mult"": 1.0}"
51,7,80,40,quantum/QRE-RBF-SVM,quantum,0.45,"{""clf__C"": 10.0, ""clf__gamma_mult"": 1.0}"
51,7,80,40,quantum/HS-overlap-ref-SVM,quantum,0.65,"{""clf__C"": 10.0}"
51,7,80,40,quantum/Fidelity-ref-SVM,quantum,0.675,"{""clf__C"": 10.0}"
51,7,80,40,quantum/HS-RBF-ref-SVM,quantum,0.5,"{""clf__C"": 10.0, ""clf__gamma_mult"": 1.0}"
51,7,80,40,quantum/Bures-RBF-ref-SVM,quantum,0.55,"{""clf__C"": 10.0, ""clf__gamma_mult"": 1.0}"
51,7,80,40,quantum/QRE-RBF-ref-SVM,quantum,0.6,"{""clf__C"": 10.0, ""clf__gamma_mult"": 1.0}"
51,7,160,40,classical/TS+LR,classical,0.5,"{""clf__C"": 0.1}"
51,7,160,40,classical/MDM,classical,0.625,{}
51,7,160,40,classical/CSP+LDA,classical,0.55,"{""csp__nfilter"": 2}"
51,7,160,40,control/riemann-kernel-SVM,control,0.525,"{""clf__C"": 10.0}"
51,7,160,40,control/logeuclid-kernel-SVM,control,0.6,"{""clf__C"": 10.0}"
51,7,160,40,quantum/HS-overlap-SVM,quantum,0.625,"{""clf__C"": 0.1}"
51,7,160,40,quantum/Fidelity-SVM,quantum,0.6,"{""clf__C"": 10.0}"
51,7,160,40,quantum/HS-RBF-SVM,quantum,0.5,"{""clf__C"": 10.0, ""clf__gamma_mult"": 4.0}"
51,7,160,40,quantum/Bures-RBF-SVM,quantum,0.45,"{""clf__C"": 10.0, ""clf__gamma_mult"": 1.0}"
51,7,160,40,quantum/QRE-RBF-SVM,quantum,0.5,"{""clf__C"": 10.0, ""clf__gamma_mult"": 1.0}"
51,7,160,40,quantum/HS-overlap-ref-SVM,quantum,0.6,"{""clf__C"": 10.0}"
51,7,160,40,quantum/Fidelity-ref-SVM,quantum,0.55,"{""clf__C"": 10.0}"
51,7,160,40,quantum/HS-RBF-ref-SVM,quantum,0.575,"{""clf__C"": 10.0, ""clf__gamma_mult"": 1.0}"
51,7,160,40,quantum/Bures-RBF-ref-SVM,quantum,0.625,"{""clf__C"": 10.0, ""clf__gamma_mult"": 1.0}"
51,7,160,40,quantum/QRE-RBF-ref-SVM,quantum,0.65,"{""clf__C"": 10.0, ""clf__gamma_mult"": 1.0}"
51,8,10,40,classical/TS+LR,classical,0.5,"{""clf__C"": 0.1}"
51,8,10,40,classical/MDM,classical,0.475,{}
51,8,10,40,classical/CSP+LDA,classical,0.55,"{""csp__nfilter"": 2}"
51,8,10,40,control/riemann-kernel-SVM,control,0.5,"{""clf__C"": 1.0}"
51,8,10,40,control/logeuclid-kernel-SVM,control,0.45,"{""clf__C"": 10.0}"
51,8,10,40,quantum/HS-overlap-SVM,quantum,0.475,"{""clf__C"": 0.1}"
51,8,10,40,quantum/Fidelity-SVM,quantum,0.5,"{""clf__C"": 0.1}"
51,8,10,40,quantum/HS-RBF-SVM,quantum,0.55,"{""clf__C"": 10.0, ""clf__gamma_mult"": 1.0}"
51,8,10,40,quantum/Bures-RBF-SVM,quantum,0.425,"{""clf__C"": 10.0, ""clf__gamma_mult"": 0.25}"
51,8,10,40,quantum/QRE-RBF-SVM,quantum,0.45,"{""clf__C"": 10.0, ""clf__gamma_mult"": 1.0}"
51,8,10,40,quantum/HS-overlap-ref-SVM,quantum,0.45,"{""clf__C"": 10.0}"
51,8,10,40,quantum/Fidelity-ref-SVM,quantum,0.4,"{""clf__C"": 0.1}"
51,8,10,40,quantum/HS-RBF-ref-SVM,quantum,0.375,"{""clf__C"": 10.0, ""clf__gamma_mult"": 0.25}"
51,8,10,40,quantum/Bures-RBF-ref-SVM,quantum,0.425,"{""clf__C"": 10.0, ""clf__gamma_mult"": 0.25}"
51,8,10,40,quantum/QRE-RBF-ref-SVM,quantum,0.4,"{""clf__C"": 10.0, ""clf__gamma_mult"": 0.25}"
51,8,20,40,classical/TS+LR,classical,0.325,"{""clf__C"": 10.0}"
51,8,20,40,classical/MDM,classical,0.4,{}
51,8,20,40,classical/CSP+LDA,classical,0.425,"{""csp__nfilter"": 6}"
51,8,20,40,control/riemann-kernel-SVM,control,0.45,"{""clf__C"": 10.0}"
51,8,20,40,control/logeuclid-kernel-SVM,control,0.45,"{""clf__C"": 10.0}"
51,8,20,40,quantum/HS-overlap-SVM,quantum,0.5,"{""clf__C"": 0.1}"
51,8,20,40,quantum/Fidelity-SVM,quantum,0.45,"{""clf__C"": 0.1}"
51,8,20,40,quantum/HS-RBF-SVM,quantum,0.45,"{""clf__C"": 10.0, ""clf__gamma_mult"": 4.0}"
51,8,20,40,quantum/Bures-RBF-SVM,quantum,0.4,"{""clf__C"": 10.0, ""clf__gamma_mult"": 1.0}"
51,8,20,40,quantum/QRE-RBF-SVM,quantum,0.45,"{""clf__C"": 10.0, ""clf__gamma_mult"": 1.0}"
51,8,20,40,quantum/HS-overlap-ref-SVM,quantum,0.35,"{""clf__C"": 0.1}"
51,8,20,40,quantum/Fidelity-ref-SVM,quantum,0.325,"{""clf__C"": 0.1}"
51,8,20,40,quantum/HS-RBF-ref-SVM,quantum,0.35,"{""clf__C"": 10.0, ""clf__gamma_mult"": 1.0}"
51,8,20,40,quantum/Bures-RBF-ref-SVM,quantum,0.35,"{""clf__C"": 10.0, ""clf__gamma_mult"": 1.0}"
51,8,20,40,quantum/QRE-RBF-ref-SVM,quantum,0.375,"{""clf__C"": 10.0, ""clf__gamma_mult"": 1.0}"
51,8,40,40,classical/TS+LR,classical,0.3,"{""clf__C"": 10.0}"
51,8,40,40,classical/MDM,classical,0.4,{}
51,8,40,40,classical/CSP+LDA,classical,0.35,"{""csp__nfilter"": 4}"
51,8,40,40,control/riemann-kernel-SVM,control,0.475,"{""clf__C"": 10.0}"
51,8,40,40,control/logeuclid-kernel-SVM,control,0.425,"{""clf__C"": 10.0}"
51,8,40,40,quantum/HS-overlap-SVM,quantum,0.525,"{""clf__C"": 0.1}"
51,8,40,40,quantum/Fidelity-SVM,quantum,0.575,"{""clf__C"": 0.1}"
51,8,40,40,quantum/HS-RBF-SVM,quantum,0.4,"{""clf__C"": 10.0, ""clf__gamma_mult"": 1.0}"
51,8,40,40,quantum/Bures-RBF-SVM,quantum,0.475,"{""clf__C"": 10.0, ""clf__gamma_mult"": 1.0}"
51,8,40,40,quantum/QRE-RBF-SVM,quantum,0.5,"{""clf__C"": 10.0, ""clf__gamma_mult"": 1.0}"
51,8,40,40,quantum/HS-overlap-ref-SVM,quantum,0.375,"{""clf__C"": 10.0}"
51,8,40,40,quantum/Fidelity-ref-SVM,quantum,0.375,"{""clf__C"": 10.0}"
51,8,40,40,quantum/HS-RBF-ref-SVM,quantum,0.475,"{""clf__C"": 10.0, ""clf__gamma_mult"": 1.0}"
51,8,40,40,quantum/Bures-RBF-ref-SVM,quantum,0.5,"{""clf__C"": 10.0, ""clf__gamma_mult"": 1.0}"
51,8,40,40,quantum/QRE-RBF-ref-SVM,quantum,0.5,"{""clf__C"": 10.0, ""clf__gamma_mult"": 1.0}"
51,8,80,40,classical/TS+LR,classical,0.45,"{""clf__C"": 0.1}"
51,8,80,40,classical/MDM,classical,0.475,{}
51,8,80,40,classical/CSP+LDA,classical,0.525,"{""csp__nfilter"": 4}"
51,8,80,40,control/riemann-kernel-SVM,control,0.55,"{""clf__C"": 10.0}"
51,8,80,40,control/logeuclid-kernel-SVM,control,0.5,"{""clf__C"": 10.0}"
51,8,80,40,quantum/HS-overlap-SVM,quantum,0.625,"{""clf__C"": 0.1}"
51,8,80,40,quantum/Fidelity-SVM,quantum,0.625,"{""clf__C"": 10.0}"
51,8,80,40,quantum/HS-RBF-SVM,quantum,0.425,"{""clf__C"": 10.0, ""clf__gamma_mult"": 4.0}"
51,8,80,40,quantum/Bures-RBF-SVM,quantum,0.5,"{""clf__C"": 10.0, ""clf__gamma_mult"": 1.0}"
51,8,80,40,quantum/QRE-RBF-SVM,quantum,0.45,"{""clf__C"": 10.0, ""clf__gamma_mult"": 1.0}"
51,8,80,40,quantum/HS-overlap-ref-SVM,quantum,0.55,"{""clf__C"": 10.0}"
51,8,80,40,quantum/Fidelity-ref-SVM,quantum,0.575,"{""clf__C"": 10.0}"
51,8,80,40,quantum/HS-RBF-ref-SVM,quantum,0.55,"{""clf__C"": 10.0, ""clf__gamma_mult"": 0.25}"
51,8,80,40,quantum/Bures-RBF-ref-SVM,quantum,0.55,"{""clf__C"": 10.0, ""clf__gamma_mult"": 1.0}"
51,8,80,40,quantum/QRE-RBF-ref-SVM,quantum,0.55,"{""clf__C"": 10.0, ""clf__gamma_mult"": 1.0}"
51,8,160,40,classical/TS+LR,classical,0.5,"{""clf__C"": 0.1}"
51,8,160,40,classical/MDM,classical,0.625,{}
51,8,160,40,classical/CSP+LDA,classical,0.55,"{""csp__nfilter"": 2}"
51,8,160,40,control/riemann-kernel-SVM,control,0.525,"{""clf__C"": 10.0}"
51,8,160,40,control/logeuclid-kernel-SVM,control,0.6,"{""clf__C"": 10.0}"
51,8,160,40,quantum/HS-overlap-SVM,quantum,0.625,"{""clf__C"": 0.1}"
51,8,160,40,quantum/Fidelity-SVM,quantum,0.6,"{""clf__C"": 10.0}"
51,8,160,40,quantum/HS-RBF-SVM,quantum,0.5,"{""clf__C"": 10.0, ""clf__gamma_mult"": 4.0}"
51,8,160,40,quantum/Bures-RBF-SVM,quantum,0.45,"{""clf__C"": 10.0, ""clf__gamma_mult"": 1.0}"
51,8,160,40,quantum/QRE-RBF-SVM,quantum,0.5,"{""clf__C"": 10.0, ""clf__gamma_mult"": 1.0}"
51,8,160,40,quantum/HS-overlap-ref-SVM,quantum,0.6,"{""clf__C"": 10.0}"
51,8,160,40,quantum/Fidelity-ref-SVM,quantum,0.55,"{""clf__C"": 10.0}"
51,8,160,40,quantum/HS-RBF-ref-SVM,quantum,0.575,"{""clf__C"": 10.0, ""clf__gamma_mult"": 1.0}"
51,8,160,40,quantum/Bures-RBF-ref-SVM,quantum,0.625,"{""clf__C"": 10.0, ""clf__gamma_mult"": 1.0}"
51,8,160,40,quantum/QRE-RBF-ref-SVM,quantum,0.65,"{""clf__C"": 10.0, ""clf__gamma_mult"": 1.0}"
51,9,10,40,classical/TS+LR,classical,0.55,"{""clf__C"": 0.1}"
51,9,10,40,classical/MDM,classical,0.45,{}
51,9,10,40,classical/CSP+LDA,classical,0.45,"{""csp__nfilter"": 2}"
51,9,10,40,control/riemann-kernel-SVM,control,0.475,"{""clf__C"": 10.0}"
51,9,10,40,control/logeuclid-kernel-SVM,control,0.5,"{""clf__C"": 10.0}"
51,9,10,40,quantum/HS-overlap-SVM,quantum,0.55,"{""clf__C"": 0.1}"
51,9,10,40,quantum/Fidelity-SVM,quantum,0.55,"{""clf__C"": 0.1}"
51,9,10,40,quantum/HS-RBF-SVM,quantum,0.525,"{""clf__C"": 10.0, ""clf__gamma_mult"": 1.0}"
51,9,10,40,quantum/Bures-RBF-SVM,quantum,0.525,"{""clf__C"": 10.0, ""clf__gamma_mult"": 1.0}"
51,9,10,40,quantum/QRE-RBF-SVM,quantum,0.55,"{""clf__C"": 10.0, ""clf__gamma_mult"": 1.0}"
51,9,10,40,quantum/HS-overlap-ref-SVM,quantum,0.55,"{""clf__C"": 0.1}"
51,9,10,40,quantum/Fidelity-ref-SVM,quantum,0.55,"{""clf__C"": 0.1}"
51,9,10,40,quantum/HS-RBF-ref-SVM,quantum,0.525,"{""clf__C"": 0.1, ""clf__gamma_mult"": 0.25}"
51,9,10,40,quantum/Bures-RBF-ref-SVM,quantum,0.625,"{""clf__C"": 10.0, ""clf__gamma_mult"": 0.25}"
51,9,10,40,quantum/QRE-RBF-ref-SVM,quantum,0.6,"{""clf__C"": 10.0, ""clf__gamma_mult"": 0.25}"
51,9,20,40,classical/TS+LR,classical,0.425,"{""clf__C"": 0.1}"
51,9,20,40,classical/MDM,classical,0.425,{}
51,9,20,40,classical/CSP+LDA,classical,0.425,"{""csp__nfilter"": 2}"
51,9,20,40,control/riemann-kernel-SVM,control,0.575,"{""clf__C"": 10.0}"
51,9,20,40,control/logeuclid-kernel-SVM,control,0.55,"{""clf__C"": 10.0}"
51,9,20,40,quantum/HS-overlap-SVM,quantum,0.525,"{""clf__C"": 0.1}"
51,9,20,40,quantum/Fidelity-SVM,quantum,0.55,"{""clf__C"": 0.1}"
51,9,20,40,quantum/HS-RBF-SVM,quantum,0.55,"{""clf__C"": 10.0, ""clf__gamma_mult"": 4.0}"
51,9,20,40,quantum/Bures-RBF-SVM,quantum,0.55,"{""clf__C"": 10.0, ""clf__gamma_mult"": 1.0}"
51,9,20,40,quantum/QRE-RBF-SVM,quantum,0.575,"{""clf__C"": 10.0, ""clf__gamma_mult"": 1.0}"
51,9,20,40,quantum/HS-overlap-ref-SVM,quantum,0.475,"{""clf__C"": 0.1}"
51,9,20,40,quantum/Fidelity-ref-SVM,quantum,0.475,"{""clf__C"": 0.1}"
51,9,20,40,quantum/HS-RBF-ref-SVM,quantum,0.55,"{""clf__C"": 10.0, ""clf__gamma_mult"": 0.25}"
51,9,20,40,quantum/Bures-RBF-ref-SVM,quantum,0.55,"{""clf__C"": 10.0, ""clf__gamma_mult"": 0.25}"
51,9,20,40,quantum/QRE-RBF-ref-SVM,quantum,0.575,"{""clf__C"": 10.0, ""clf__gamma_mult"": 0.25}"
51,9,40,40,classical/TS+LR,classical,0.525,"{""clf__C"": 10.0}"
51,9,40,40,classical/MDM,classical,0.475,{}
51,9,40,40,classical/CSP+LDA,classical,0.5,"{""csp__nfilter"": 4}"
51,9,40,40,control/riemann-kernel-SVM,control,0.55,"{""clf__C"": 10.0}"
51,9,40,40,control/logeuclid-kernel-SVM,control,0.5,"{""clf__C"": 10.0}"
51,9,40,40,quantum/HS-overlap-SVM,quantum,0.525,"{""clf__C"": 0.1}"
51,9,40,40,quantum/Fidelity-SVM,quantum,0.575,"{""clf__C"": 0.1}"
51,9,40,40,quantum/HS-RBF-SVM,quantum,0.6,"{""clf__C"": 10.0, ""clf__gamma_mult"": 1.0}"
51,9,40,40,quantum/Bures-RBF-SVM,quantum,0.55,"{""clf__C"": 10.0, ""clf__gamma_mult"": 1.0}"
51,9,40,40,quantum/QRE-RBF-SVM,quantum,0.5,"{""clf__C"": 10.0, ""clf__gamma_mult"": 1.0}"
51,9,40,40,quantum/HS-overlap-ref-SVM,quantum,0.475,"{""clf__C"": 10.0}"
51,9,40,40,quantum/Fidelity-ref-SVM,quantum,0.475,"{""clf__C"": 0.1}"
51,9,40,40,quantum/HS-RBF-ref-SVM,quantum,0.55,"{""clf__C"": 10.0, ""clf__gamma_mult"": 1.0}"
51,9,40,40,quantum/Bures-RBF-ref-SVM,quantum,0.55,"{""clf__C"": 10.0, ""clf__gamma_mult"": 1.0}"
51,9,40,40,quantum/QRE-RBF-ref-SVM,quantum,0.55,"{""clf__C"": 10.0, ""clf__gamma_mult"": 1.0}"
51,9,80,40,classical/TS+LR,classical,0.525,"{""clf__C"": 1.0}"
51,9,80,40,classical/MDM,classical,0.375,{}
51,9,80,40,classical/CSP+LDA,classical,0.5,"{""csp__nfilter"": 2}"
51,9,80,40,control/riemann-kernel-SVM,control,0.575,"{""clf__C"": 10.0}"
51,9,80,40,control/logeuclid-kernel-SVM,control,0.45,"{""clf__C"": 10.0}"
51,9,80,40,quantum/HS-overlap-SVM,quantum,0.5,"{""clf__C"": 0.1}"
51,9,80,40,quantum/Fidelity-SVM,quantum,0.55,"{""clf__C"": 10.0}"
51,9,80,40,quantum/HS-RBF-SVM,quantum,0.525,"{""clf__C"": 10.0, ""clf__gamma_mult"": 4.0}"
51,9,80,40,quantum/Bures-RBF-SVM,quantum,0.525,"{""clf__C"": 10.0, ""clf__gamma_mult"": 1.0}"
51,9,80,40,quantum/QRE-RBF-SVM,quantum,0.55,"{""clf__C"": 10.0, ""clf__gamma_mult"": 1.0}"
51,9,80,40,quantum/HS-overlap-ref-SVM,quantum,0.5,"{""clf__C"": 10.0}"
51,9,80,40,quantum/Fidelity-ref-SVM,quantum,0.5,"{""clf__C"": 10.0}"
51,9,80,40,quantum/HS-RBF-ref-SVM,quantum,0.525,"{""clf__C"": 10.0, ""clf__gamma_mult"": 1.0}"
51,9,80,40,quantum/Bures-RBF-ref-SVM,quantum,0.525,"{""clf__C"": 10.0, ""clf__gamma_mult"": 1.0}"
51,9,80,40,quantum/QRE-RBF-ref-SVM,quantum,0.525,"{""clf__C"": 10.0, ""clf__gamma_mult"": 1.0}"
51,9,160,40,classical/TS+LR,classical,0.5,"{""clf__C"": 0.1}"
51,9,160,40,classical/MDM,classical,0.625,{}
51,9,160,40,classical/CSP+LDA,classical,0.55,"{""csp__nfilter"": 2}"
51,9,160,40,control/riemann-kernel-SVM,control,0.525,"{""clf__C"": 10.0}"
51,9,160,40,control/logeuclid-kernel-SVM,control,0.6,"{""clf__C"": 10.0}"
51,9,160,40,quantum/HS-overlap-SVM,quantum,0.625,"{""clf__C"": 0.1}"
51,9,160,40,quantum/Fidelity-SVM,quantum,0.6,"{""clf__C"": 10.0}"
51,9,160,40,quantum/HS-RBF-SVM,quantum,0.5,"{""clf__C"": 10.0, ""clf__gamma_mult"": 4.0}"
51,9,160,40,quantum/Bures-RBF-SVM,quantum,0.45,"{""clf__C"": 10.0, ""clf__gamma_mult"": 1.0}"
51,9,160,40,quantum/QRE-RBF-SVM,quantum,0.5,"{""clf__C"": 10.0, ""clf__gamma_mult"": 1.0}"
51,9,160,40,quantum/HS-overlap-ref-SVM,quantum,0.6,"{""clf__C"": 10.0}"
51,9,160,40,quantum/Fidelity-ref-SVM,quantum,0.55,"{""clf__C"": 10.0}"
51,9,160,40,quantum/HS-RBF-ref-SVM,quantum,0.575,"{""clf__C"": 10.0, ""clf__gamma_mult"": 1.0}"
51,9,160,40,quantum/Bures-RBF-ref-SVM,quantum,0.625,"{""clf__C"": 10.0, ""clf__gamma_mult"": 1.0}"
51,9,160,40,quantum/QRE-RBF-ref-SVM,quantum,0.65,"{""clf__C"": 10.0, ""clf__gamma_mult"": 1.0}"
52,0,10,40,classical/TS+LR,classical,0.675,"{""clf__C"": 0.1}"
52,0,10,40,classical/MDM,classical,0.625,{}
52,0,10,40,classical/CSP+LDA,classical,0.575,"{""csp__nfilter"": 6}"
52,0,10,40,control/riemann-kernel-SVM,control,0.625,"{""clf__C"": 0.1}"
52,0,10,40,control/logeuclid-kernel-SVM,control,0.6,"{""clf__C"": 10.0}"
52,0,10,40,quantum/HS-overlap-SVM,quantum,0.475,"{""clf__C"": 0.1}"
52,0,10,40,quantum/Fidelity-SVM,quantum,0.575,"{""clf__C"": 0.1}"
52,0,10,40,quantum/HS-RBF-SVM,quantum,0.475,"{""clf__C"": 10.0, ""clf__gamma_mult"": 1.0}"
52,0,10,40,quantum/Bures-RBF-SVM,quantum,0.45,"{""clf__C"": 10.0, ""clf__gamma_mult"": 1.0}"
52,0,10,40,quantum/QRE-RBF-SVM,quantum,0.45,"{""clf__C"": 10.0, ""clf__gamma_mult"": 1.0}"
52,0,10,40,quantum/HS-overlap-ref-SVM,quantum,0.575,"{""clf__C"": 0.1}"
52,0,10,40,quantum/Fidelity-ref-SVM,quantum,0.6,"{""clf__C"": 0.1}"
52,0,10,40,quantum/HS-RBF-ref-SVM,quantum,0.575,"{""clf__C"": 0.1, ""clf__gamma_mult"": 0.25}"
52,0,10,40,quantum/Bures-RBF-ref-SVM,quantum,0.6,"{""clf__C"": 0.1, ""clf__gamma_mult"": 0.25}"
52,0,10,40,quantum/QRE-RBF-ref-SVM,quantum,0.6,"{""clf__C"": 0.1, ""clf__gamma_mult"": 0.25}"
52,0,20,40,classical/TS+LR,classical,0.525,"{""clf__C"": 1.0}"
52,0,20,40,classical/MDM,classical,0.55,{}
52,0,20,40,classical/CSP+LDA,classical,0.575,"{""csp__nfilter"": 4}"
52,0,20,40,control/riemann-kernel-SVM,control,0.5,"{""clf__C"": 10.0}"
52,0,20,40,control/logeuclid-kernel-SVM,control,0.525,"{""clf__C"": 10.0}"
52,0,20,40,quantum/HS-overlap-SVM,quantum,0.475,"{""clf__C"": 0.1}"
52,0,20,40,quantum/Fidelity-SVM,quantum,0.475,"{""clf__C"": 0.1}"
52,0,20,40,quantum/HS-RBF-SVM,quantum,0.475,"{""clf__C"": 10.0, ""clf__gamma_mult"": 0.25}"
52,0,20,40,quantum/Bures-RBF-SVM,quantum,0.5,"{""clf__C"": 10.0, ""clf__gamma_mult"": 0.25}"
52,0,20,40,quantum/QRE-RBF-SVM,quantum,0.475,"{""clf__C"": 10.0, ""clf__gamma_mult"": 0.25}"
52,0,20,40,quantum/HS-overlap-ref-SVM,quantum,0.5,"{""clf__C"": 10.0}"
52,0,20,40,quantum/Fidelity-ref-SVM,quantum,0.5,"{""clf__C"": 0.1}"
52,0,20,40,quantum/HS-RBF-ref-SVM,quantum,0.5,"{""clf__C"": 10.0, ""clf__gamma_mult"": 0.25}"
52,0,20,40,quantum/Bures-RBF-ref-SVM,quantum,0.5,"{""clf__C"": 10.0, ""clf__gamma_mult"": 0.25}"
52,0,20,40,quantum/QRE-RBF-ref-SVM,quantum,0.5,"{""clf__C"": 10.0, ""clf__gamma_mult"": 0.25}"
52,0,40,40,classical/TS+LR,classical,0.55,"{""clf__C"": 0.1}"
52,0,40,40,classical/MDM,classical,0.525,{}
52,0,40,40,classical/CSP+LDA,classical,0.55,"{""csp__nfilter"": 4}"
52,0,40,40,control/riemann-kernel-SVM,control,0.525,"{""clf__C"": 10.0}"
52,0,40,40,control/logeuclid-kernel-SVM,control,0.55,"{""clf__C"": 10.0}"
52,0,40,40,quantum/HS-overlap-SVM,quantum,0.525,"{""clf__C"": 0.1}"
52,0,40,40,quantum/Fidelity-SVM,quantum,0.475,"{""clf__C"": 0.1}"
52,0,40,40,quantum/HS-RBF-SVM,quantum,0.5,"{""clf__C"": 10.0, ""clf__gamma_mult"": 1.0}"
52,0,40,40,quantum/Bures-RBF-SVM,quantum,0.5,"{""clf__C"": 10.0, ""clf__gamma_mult"": 1.0}"
52,0,40,40,quantum/QRE-RBF-SVM,quantum,0.55,"{""clf__C"": 10.0, ""clf__gamma_mult"": 0.25}"
52,0,40,40,quantum/HS-overlap-ref-SVM,quantum,0.575,"{""clf__C"": 10.0}"
52,0,40,40,quantum/Fidelity-ref-SVM,quantum,0.575,"{""clf__C"": 10.0}"
52,0,40,40,quantum/HS-RBF-ref-SVM,quantum,0.6,"{""clf__C"": 10.0, ""clf__gamma_mult"": 0.25}"
52,0,40,40,quantum/Bures-RBF-ref-SVM,quantum,0.575,"{""clf__C"": 10.0, ""clf__gamma_mult"": 0.25}"
52,0,40,40,quantum/QRE-RBF-ref-SVM,quantum,0.575,"{""clf__C"": 10.0, ""clf__gamma_mult"": 0.25}"
52,0,80,40,classical/TS+LR,classical,0.6,"{""clf__C"": 0.1}"
52,0,80,40,classical/MDM,classical,0.625,{}
52,0,80,40,classical/CSP+LDA,classical,0.625,"{""csp__nfilter"": 6}"
52,0,80,40,control/riemann-kernel-SVM,control,0.55,"{""clf__C"": 10.0}"
52,0,80,40,control/logeuclid-kernel-SVM,control,0.625,"{""clf__C"": 10.0}"
52,0,80,40,quantum/HS-overlap-SVM,quantum,0.525,"{""clf__C"": 0.1}"
52,0,80,40,quantum/Fidelity-SVM,quantum,0.55,"{""clf__C"": 0.1}"
52,0,80,40,quantum/HS-RBF-SVM,quantum,0.525,"{""clf__C"": 10.0, ""clf__gamma_mult"": 1.0}"
52,0,80,40,quantum/Bures-RBF-SVM,quantum,0.575,"{""clf__C"": 10.0, ""clf__gamma_mult"": 0.25}"
52,0,80,40,quantum/QRE-RBF-SVM,quantum,0.6,"{""clf__C"": 10.0, ""clf__gamma_mult"": 1.0}"
52,0,80,40,quantum/HS-overlap-ref-SVM,quantum,0.625,"{""clf__C"": 10.0}"
52,0,80,40,quantum/Fidelity-ref-SVM,quantum,0.65,"{""clf__C"": 10.0}"
52,0,80,40,quantum/HS-RBF-ref-SVM,quantum,0.625,"{""clf__C"": 10.0, ""clf__gamma_mult"": 0.25}"
52,0,80,40,quantum/Bures-RBF-ref-SVM,quantum,0.65,"{""clf__C"": 10.0, ""clf__gamma_mult"": 0.25}"
52,0,80,40,quantum/QRE-RBF-ref-SVM,quantum,0.675,"{""clf__C"": 10.0, ""clf__gamma_mult"": 0.25}"
52,0,160,40,classical/TS+LR,classical,0.675,"{""clf__C"": 10.0}"
52,0,160,40,classical/MDM,classical,0.6,{}
52,0,160,40,classical/CSP+LDA,classical,0.525,"{""csp__nfilter"": 6}"
52,0,160,40,control/riemann-kernel-SVM,control,0.725,"{""clf__C"": 10.0}"
52,0,160,40,control/logeuclid-kernel-SVM,control,0.7,"{""clf__C"": 10.0}"
52,0,160,40,quantum/HS-overlap-SVM,quantum,0.55,"{""clf__C"": 0.1}"
52,0,160,40,quantum/Fidelity-SVM,quantum,0.525,"{""clf__C"": 0.1}"
52,0,160,40,quantum/HS-RBF-SVM,quantum,0.6,"{""clf__C"": 10.0, ""clf__gamma_mult"": 1.0}"
52,0,160,40,quantum/Bures-RBF-SVM,quantum,0.625,"{""clf__C"": 10.0, ""clf__gamma_mult"": 1.0}"
52,0,160,40,quantum/QRE-RBF-SVM,quantum,0.625,"{""clf__C"": 10.0, ""clf__gamma_mult"": 1.0}"
52,0,160,40,quantum/HS-overlap-ref-SVM,quantum,0.7,"{""clf__C"": 10.0}"
52,0,160,40,quantum/Fidelity-ref-SVM,quantum,0.725,"{""clf__C"": 10.0}"
52,0,160,40,quantum/HS-RBF-ref-SVM,quantum,0.65,"{""clf__C"": 10.0, ""clf__gamma_mult"": 1.0}"
52,0,160,40,quantum/Bures-RBF-ref-SVM,quantum,0.675,"{""clf__C"": 10.0, ""clf__gamma_mult"": 1.0}"
52,0,160,40,quantum/QRE-RBF-ref-SVM,quantum,0.725,"{""clf__C"": 10.0, ""clf__gamma_mult"": 0.25}"
52,1,10,40,classical/TS+LR,classical,0.5,"{""clf__C"": 1.0}"
52,1,10,40,classical/MDM,classical,0.6,{}
52,1,10,40,classical/CSP+LDA,classical,0.625,"{""csp__nfilter"": 2}"
52,1,10,40,control/riemann-kernel-SVM,control,0.6,"{""clf__C"": 10.0}"
52,1,10,40,control/logeuclid-kernel-SVM,control,0.6,"{""clf__C"": 10.0}"
52,1,10,40,quantum/HS-overlap-SVM,quantum,0.45,"{""clf__C"": 0.1}"
52,1,10,40,quantum/Fidelity-SVM,quantum,0.5,"{""clf__C"": 0.1}"
52,1,10,40,quantum/HS-RBF-SVM,quantum,0.525,"{""clf__C"": 10.0, ""clf__gamma_mult"": 1.0}"
52,1,10,40,quantum/Bures-RBF-SVM,quantum,0.5,"{""clf__C"": 10.0, ""clf__gamma_mult"": 0.25}"
52,1,10,40,quantum/QRE-RBF-SVM,quantum,0.5,"{""clf__C"": 10.0, ""clf__gamma_mult"": 0.25}"
52,1,10,40,quantum/HS-overlap-ref-SVM,quantum,0.525,"{""clf__C"": 10.0}"
52,1,10,40,quantum/Fidelity-ref-SVM,quantum,0.475,"{""clf__C"": 0.1}"
52,1,10,40,quantum/HS-RBF-ref-SVM,quantum,0.6,"{""clf__C"": 10.0, ""clf__gamma_mult"": 0.25}"
52,1,10,40,quantum/Bures-RBF-ref-SVM,quantum,0.625,"{""clf__C"": 10.0, ""clf__gamma_mult"": 0.25}"
52,1,10,40,quantum/QRE-RBF-ref-SVM,quantum,0.625,"{""clf__C"": 10.0, ""clf__gamma_mult"": 0.25}"
52,1,20,40,classical/TS+LR,classical,0.475,"{""clf__C"": 10.0}"
52,1,20,40,classical/MDM,classical,0.55,{}
52,1,20,40,classical/CSP+LDA,classical,0.625,"{""csp__nfilter"": 2}"
52,1,20,40,control/riemann-kernel-SVM,control,0.475,"{""clf__C"": 10.0}"
52,1,20,40,control/logeuclid-kernel-SVM,control,0.475,"{""clf__C"": 10.0}"
52,1,20,40,quantum/HS-overlap-SVM,quantum,0.475,"{""clf__C"": 0.1}"
52,1,20,40,quantum/Fidelity-SVM,quantum,0.45,"{""clf__C"": 0.1}"
52,1,20,40,quantum/HS-RBF-SVM,quantum,0.425,"{""clf__C"": 10.0, ""clf__gamma_mult"": 1.0}"
52,1,20,40,quantum/Bures-RBF-SVM,quantum,0.525,"{""clf__C"": 10.0, ""clf__gamma_mult"": 0.25}"
52,1,20,40,quantum/QRE-RBF-SVM,quantum,0.525,"{""clf__C"": 10.0, ""clf__gamma_mult"": 0.25}"
52,1,20,40,quantum/HS-overlap-ref-SVM,quantum,0.425,"{""clf__C"": 10.0}"
52,1,20,40,quantum/Fidelity-ref-SVM,quantum,0.475,"{""clf__C"": 10.0}"
52,1,20,40,quantum/HS-RBF-ref-SVM,quantum,0.525,"{""clf__C"": 10.0, ""clf__gamma_mult"": 0.25}"
52,1,20,40,quantum/Bures-RBF-ref-SVM,quantum,0.525,"{""clf__C"": 10.0, ""clf__gamma_mult"": 0.25}"
52,1,20,40,quantum/QRE-RBF-ref-SVM,quantum,0.525,"{""clf__C"": 10.0, ""clf__gamma_mult"": 0.25}"
52,1,40,40,classical/TS+LR,classical,0.525,"{""clf__C"": 0.1}"
52,1,40,40,classical/MDM,classical,0.55,{}
52,1,40,40,classical/CSP+LDA,classical,0.6,"{""csp__nfilter"": 2}"
52,1,40,40,control/riemann-kernel-SVM,control,0.575,"{""clf__C"": 10.0}"
52,1,40,40,control/logeuclid-kernel-SVM,control,0.65,"{""clf__C"": 10.0}"
52,1,40,40,quantum/HS-overlap-SVM,quantum,0.475,"{""clf__C"": 0.1}"
52,1,40,40,quantum/Fidelity-SVM,quantum,0.475,"{""clf__C"": 0.1}"
52,1,40,40,quantum/HS-RBF-SVM,quantum,0.475,"{""clf__C"": 10.0, ""clf__gamma_mult"": 1.0}"
52,1,40,40,quantum/Bures-RBF-SVM,quantum,0.625,"{""clf__C"": 10.0, ""clf__gamma_mult"": 1.0}"
52,1,40,40,quantum/QRE-RBF-SVM,quantum,0.575,"{""clf__C"": 10.0, ""clf__gamma_mult"": 1.0}"
52,1,40,40,quantum/HS-overlap-ref-SVM,quantum,0.575,"{""clf__C"": 10.0}"
52,1,40,40,quantum/Fidelity-ref-SVM,quantum,0.6,"{""clf__C"": 10.0}"
52,1,40,40,quantum/HS-RBF-ref-SVM,quantum,0.6,"{""clf__C"": 10.0, ""clf__gamma_mult"": 0.25}"
52,1,40,40,quantum/Bures-RBF-ref-SVM,quantum,0.625,"{""clf__C"": 10.0, ""clf__gamma_mult"": 0.25}"
52,1,40,40,quantum/QRE-RBF-ref-SVM,quantum,0.625,"{""clf__C"": 10.0, ""clf__gamma_mult"": 0.25}"
52,1,80,40,classical/TS+LR,classical,0.475,"{""clf__C"": 0.1}"
52,1,80,40,classical/MDM,classical,0.55,{}
52,1,80,40,classical/CSP+LDA,classical,0.5,"{""csp__nfilter"": 6}"
52,1,80,40,control/riemann-kernel-SVM,control,0.65,"{""clf__C"": 10.0}"
52,1,80,40,control/logeuclid-kernel-SVM,control,0.675,"{""clf__C"": 10.0}"
52,1,80,40,quantum/HS-overlap-SVM,quantum,0.525,"{""clf__C"": 0.1}"
52,1,80,40,quantum/Fidelity-SVM,quantum,0.475,"{""clf__C"": 0.1}"
52,1,80,40,quantum/HS-RBF-SVM,quantum,0.6,"{""clf__C"": 10.0, ""clf__gamma_mult"": 1.0}"
52,1,80,40,quantum/Bures-RBF-SVM,quantum,0.65,"{""clf__C"": 10.0, ""clf__gamma_mult"": 1.0}"
52,1,80,40,quantum/QRE-RBF-SVM,quantum,0.65,"{""clf__C"": 10.0, ""clf__gamma_mult"": 1.0}"
52,1,80,40,quantum/HS-overlap-ref-SVM,quantum,0.625,"{""clf__C"": 10.0}"
52,1,80,40,quantum/Fidelity-ref-SVM,quantum,0.55,"{""clf__C"": 10.0}"
52,1,80,40,quantum/HS-RBF-ref-SVM,quantum,0.625,"{""clf__C"": 10.0, ""clf__gamma_mult"": 0.25}"
52,1,80,40,quantum/Bures-RBF-ref-SVM,quantum,0.625,"{""clf__C"": 10.0, ""clf__gamma_mult"": 0.25}"
52,1,80,40,quantum/QRE-RBF-ref-SVM,quantum,0.625,"{""clf__C"": 10.0, ""clf__gamma_mult"": 0.25}"
52,1,160,40,classical/TS+LR,classical,0.675,"{""clf__C"": 10.0}"
52,1,160,40,classical/MDM,classical,0.6,{}
52,1,160,40,classical/CSP+LDA,classical,0.525,"{""csp__nfilter"": 6}"
52,1,160,40,control/riemann-kernel-SVM,control,0.725,"{""clf__C"": 10.0}"
52,1,160,40,control/logeuclid-kernel-SVM,control,0.7,"{""clf__C"": 10.0}"
52,1,160,40,quantum/HS-overlap-SVM,quantum,0.55,"{""clf__C"": 0.1}"
52,1,160,40,quantum/Fidelity-SVM,quantum,0.525,"{""clf__C"": 0.1}"
52,1,160,40,quantum/HS-RBF-SVM,quantum,0.6,"{""clf__C"": 10.0, ""clf__gamma_mult"": 1.0}"
52,1,160,40,quantum/Bures-RBF-SVM,quantum,0.625,"{""clf__C"": 10.0, ""clf__gamma_mult"": 1.0}"
52,1,160,40,quantum/QRE-RBF-SVM,quantum,0.625,"{""clf__C"": 10.0, ""clf__gamma_mult"": 1.0}"
52,1,160,40,quantum/HS-overlap-ref-SVM,quantum,0.7,"{""clf__C"": 10.0}"
52,1,160,40,quantum/Fidelity-ref-SVM,quantum,0.725,"{""clf__C"": 10.0}"
52,1,160,40,quantum/HS-RBF-ref-SVM,quantum,0.65,"{""clf__C"": 10.0, ""clf__gamma_mult"": 1.0}"
52,1,160,40,quantum/Bures-RBF-ref-SVM,quantum,0.675,"{""clf__C"": 10.0, ""clf__gamma_mult"": 1.0}"
52,1,160,40,quantum/QRE-RBF-ref-SVM,quantum,0.725,"{""clf__C"": 10.0, ""clf__gamma_mult"": 0.25}"
52,2,10,40,classical/TS+LR,classical,0.675,"{""clf__C"": 0.1}"
52,2,10,40,classical/MDM,classical,0.5,{}
52,2,10,40,classical/CSP+LDA,classical,0.55,"{""csp__nfilter"": 2}"
52,2,10,40,control/riemann-kernel-SVM,control,0.625,"{""clf__C"": 10.0}"
52,2,10,40,control/logeuclid-kernel-SVM,control,0.625,"{""clf__C"": 10.0}"
52,2,10,40,quantum/HS-overlap-SVM,quantum,0.475,"{""clf__C"": 0.1}"
52,2,10,40,quantum/Fidelity-SVM,quantum,0.45,"{""clf__C"": 0.1}"
52,2,10,40,quantum/HS-RBF-SVM,quantum,0.55,"{""clf__C"": 10.0, ""clf__gamma_mult"": 1.0}"
52,2,10,40,quantum/Bures-RBF-SVM,quantum,0.525,"{""clf__C"": 10.0, ""clf__gamma_mult"": 1.0}"
52,2,10,40,quantum/QRE-RBF-SVM,quantum,0.525,"{""clf__C"": 10.0, ""clf__gamma_mult"": 1.0}"
52,2,10,40,quantum/HS-overlap-ref-SVM,quantum,0.5,"{""clf__C"": 10.0}"
52,2,10,40,quantum/Fidelity-ref-SVM,quantum,0.575,"{""clf__C"": 10.0}"
52,2,10,40,quantum/HS-RBF-ref-SVM,quantum,0.55,"{""clf__C"": 10.0, ""clf__gamma_mult"": 0.25}"
52,2,10,40,quantum/Bures-RBF-ref-SVM,quantum,0.6,"{""clf__C"": 10.0, ""clf__gamma_mult"": 0.25}"
52,2,10,40,quantum/QRE-RBF-ref-SVM,quantum,0.575,"{""clf__C"": 10.0, ""clf__gamma_mult"": 0.25}"
52,2,20,40,classical/TS+LR,classical,0.625,"{""clf__C"": 0.1}"
52,2,20,40,classical/MDM,classical,0.55,{}
52,2,20,40,classical/CSP+LDA,classical,0.6,"{""csp__nfilter"": 2}"
52,2,20,40,control/riemann-kernel-SVM,control,0.725,"{""clf__C"": 10.0}"
52,2,20,40,control/logeuclid-kernel-SVM,control,0.75,"{""clf__C"": 10.0}"
52,2,20,40,quantum/HS-overlap-SVM,quantum,0.625,"{""clf__C"": 0.1}"
52,2,20,40,quantum/Fidelity-SVM,quantum,0.55,"{""clf__C"": 0.1}"
52,2,20,40,quantum/HS-RBF-SVM,quantum,0.575,"{""clf__C"": 10.0, ""clf__gamma_mult"": 1.0}"
52,2,20,40,quantum/Bures-RBF-SVM,quantum,0.65,"{""clf__C"": 10.0, ""clf__gamma_mult"": 1.0}"
52,2,20,40,quantum/QRE-RBF-SVM,quantum,0.65,"{""clf__C"": 10.0, ""clf__gamma_mult"": 1.0}"
52,2,20,40,quantum/HS-overlap-ref-SVM,quantum,0.625,"{""clf__C"": 10.0}"
52,2,20,40,quantum/Fidelity-ref-SVM,quantum,0.575,"{""clf__C"": 0.1}"
52,2,20,40,quantum/HS-RBF-ref-SVM,quantum,0.65,"{""clf__C"": 10.0, ""clf__gamma_mult"": 0.25}"
52,2,20,40,quantum/Bures-RBF-ref-SVM,quantum,0.675,"{""clf__C"": 10.0, ""clf__gamma_mult"": 0.25}"
52,2,20,40,quantum/QRE-RBF-ref-SVM,quantum,0.675,"{""clf__C"": 10.0, ""clf__gamma_mult"": 0.25}"
52,2,40,40,classical/TS+LR,classical,0.575,"{""clf__C"": 0.1}"
52,2,40,40,classical/MDM,classical,0.6,{}
52,2,40,40,classical/CSP+LDA,classical,0.6,"{""csp__nfilter"": 2}"
52,2,40,40,control/riemann-kernel-SVM,control,0.65,"{""clf__C"": 10.0}"
52,2,40,40,control/logeuclid-kernel-SVM,control,0.7,"{""clf__C"": 10.0}"
52,2,40,40,quantum/HS-overlap-SVM,quantum,0.475,"{""clf__C"": 0.1}"
52,2,40,40,quantum/Fidelity-SVM,quantum,0.55,"{""clf__C"": 0.1}"
52,2,40,40,quantum/HS-RBF-SVM,quantum,0.475,"{""clf__C"": 10.0, ""clf__gamma_mult"": 1.0}"
52,2,40,40,quantum/Bures-RBF-SVM,quantum,0.65,"{""clf__C"": 10.0, ""clf__gamma_mult"": 1.0}"
52,2,40,40,quantum/QRE-RBF-SVM,quantum,0.65,"{""clf__C"": 10.0, ""clf__gamma_mult"": 1.0}"
52,2,40,40,quantum/HS-overlap-ref-SVM,quantum,0.725,"{""clf__C"": 10.0}"
52,2,40,40,quantum/Fidelity-ref-SVM,quantum,0.7,"{""clf__C"": 10.0}"
52,2,40,40,quantum/HS-RBF-ref-SVM,quantum,0.725,"{""clf__C"": 10.0, ""clf__gamma_mult"": 0.25}"
52,2,40,40,quantum/Bures-RBF-ref-SVM,quantum,0.65,"{""clf__C"": 10.0, ""clf__gamma_mult"": 1.0}"
52,2,40,40,quantum/QRE-RBF-ref-SVM,quantum,0.65,"{""clf__C"": 10.0, ""clf__gamma_mult"": 1.0}"
52,2,80,40,classical/TS+LR,classical,0.625,"{""clf__C"": 0.1}"
52,2,80,40,classical/MDM,classical,0.575,{}
52,2,80,40,classical/CSP+LDA,classical,0.6,"{""csp__nfilter"": 2}"
52,2,80,40,control/riemann-kernel-SVM,control,0.75,"{""clf__C"": 10.0}"
52,2,80,40,control/logeuclid-kernel-SVM,control,0.7,"{""clf__C"": 10.0}"
52,2,80,40,quantum/HS-overlap-SVM,quantum,0.525,"{""clf__C"": 0.1}"
52,2,80,40,quantum/Fidelity-SVM,quantum,0.55,"{""clf__C"": 0.1}"
52,2,80,40,quantum/HS-RBF-SVM,quantum,0.6,"{""clf__C"": 10.0, ""clf__gamma_mult"": 1.0}"
52,2,80,40,quantum/Bures-RBF-SVM,quantum,0.675,"{""clf__C"": 10.0, ""clf__gamma_mult"": 1.0}"
52,2,80,40,quantum/QRE-RBF-SVM,quantum,0.725,"{""clf__C"": 10.0, ""clf__gamma_mult"": 1.0}"
52,2,80,40,quantum/HS-overlap-ref-SVM,quantum,0.625,"{""clf__C"": 10.0}"
52,2,80,40,quantum/Fidelity-ref-SVM,quantum,0.65,"{""clf__C"": 10.0}"
52,2,80,40,quantum/HS-RBF-ref-SVM,quantum,0.65,"{""clf__C"": 10.0, ""clf__gamma_mult"": 0.25}"
52,2,80,40,quantum/Bures-RBF-ref-SVM,quantum,0.725,"{""clf__C"": 10.0, ""clf__gamma_mult"": 0.25}"
52,2,80,40,quantum/QRE-RBF-ref-SVM,quantum,0.675,"{""clf__C"": 10.0, ""clf__gamma_mult"": 0.25}"
52,2,160,40,classical/TS+LR,classical,0.675,"{""clf__C"": 10.0}"
52,2,160,40,classical/MDM,classical,0.6,{}
52,2,160,40,classical/CSP+LDA,classical,0.525,"{""csp__nfilter"": 6}"
52,2,160,40,control/riemann-kernel-SVM,control,0.725,"{""clf__C"": 10.0}"
52,2,160,40,control/logeuclid-kernel-SVM,control,0.7,"{""clf__C"": 10.0}"
52,2,160,40,quantum/HS-overlap-SVM,quantum,0.55,"{""clf__C"": 0.1}"
52,2,160,40,quantum/Fidelity-SVM,quantum,0.525,"{""clf__C"": 0.1}"
52,2,160,40,quantum/HS-RBF-SVM,quantum,0.6,"{""clf__C"": 10.0, ""clf__gamma_mult"": 1.0}"
52,2,160,40,quantum/Bures-RBF-SVM,quantum,0.625,"{""clf__C"": 10.0, ""clf__gamma_mult"": 1.0}"
52,2,160,40,quantum/QRE-RBF-SVM,quantum,0.625,"{""clf__C"": 10.0, ""clf__gamma_mult"": 1.0}"
52,2,160,40,quantum/HS-overlap-ref-SVM,quantum,0.7,"{""clf__C"": 10.0}"
52,2,160,40,quantum/Fidelity-ref-SVM,quantum,0.725,"{""clf__C"": 10.0}"
52,2,160,40,quantum/HS-RBF-ref-SVM,quantum,0.65,"{""clf__C"": 10.0, ""clf__gamma_mult"": 1.0}"
52,2,160,40,quantum/Bures-RBF-ref-SVM,quantum,0.675,"{""clf__C"": 10.0, ""clf__gamma_mult"": 1.0}"
52,2,160,40,quantum/QRE-RBF-ref-SVM,quantum,0.725,"{""clf__C"": 10.0, ""clf__gamma_mult"": 0.25}"
52,3,10,40,classical/TS+LR,classical,0.675,"{""clf__C"": 10.0}"
52,3,10,40,classical/MDM,classical,0.45,{}
52,3,10,40,classical/CSP+LDA,classical,0.475,"{""csp__nfilter"": 4}"
52,3,10,40,control/riemann-kernel-SVM,control,0.55,"{""clf__C"": 10.0}"
52,3,10,40,control/logeuclid-kernel-SVM,control,0.575,"{""clf__C"": 10.0}"
52,3,10,40,quantum/HS-overlap-SVM,quantum,0.475,"{""clf__C"": 0.1}"
52,3,10,40,quantum/Fidelity-SVM,quantum,0.525,"{""clf__C"": 0.1}"
52,3,10,40,quantum/HS-RBF-SVM,quantum,0.575,"{""clf__C"": 10.0, ""clf__gamma_mult"": 1.0}"
52,3,10,40,quantum/Bures-RBF-SVM,quantum,0.575,"{""clf__C"": 10.0, ""clf__gamma_mult"": 1.0}"
52,3,10,40,quantum/QRE-RBF-SVM,quantum,0.55,"{""clf__C"": 10.0, ""clf__gamma_mult"": 1.0}"
52,3,10,40,quantum/HS-overlap-ref-SVM,quantum,0.5,"{""clf__C"": 0.1}"
52,3,10,40,quantum/Fidelity-ref-SVM,quantum,0.5,"{""clf__C"": 0.1}"
52,3,10,40,quantum/HS-RBF-ref-SVM,quantum,0.475,"{""clf__C"": 10.0, ""clf__gamma_mult"": 0.25}"
52,3,10,40,quantum/Bures-RBF-ref-SVM,quantum,0.5,"{""clf__C"": 10.0, ""clf__gamma_mult"": 0.25}"
52,3,10,40,quantum/QRE-RBF-ref-SVM,quantum,0.475,"{""clf__C"": 10.0, ""clf__gamma_mult"": 0.25}"
52,3,20,40,classical/TS+LR,classical,0.7,"{""clf__C"": 0.1}"
52,3,20,40,classical/MDM,classical,0.5,{}
52,3,20,40,classical/CSP+LDA,classical,0.475,"{""csp__nfilter"": 2}"
52,3,20,40,control/riemann-kernel-SVM,control,0.65,"{""clf__C"": 10.0}"
52,3,20,40,control/logeuclid-kernel-SVM,control,0.625,"{""clf__C"": 10.0}"
52,3,20,40,quantum/HS-overlap-SVM,quantum,0.55,"{""clf__C"": 0.1}"
52,3,20,40,quantum/Fidelity-SVM,quantum,0.5,"{""clf__C"": 0.1}"
52,3,20,40,quantum/HS-RBF-SVM,quantum,0.625,"{""clf__C"": 10.0, ""clf__gamma_mult"": 1.0}"
52,3,20,40,quantum/Bures-RBF-SVM,quantum,0.65,"{""clf__C"": 10.0, ""clf__gamma_mult"": 0.25}"
52,3,20,40,quantum/QRE-RBF-SVM,quantum,0.55,"{""clf__C"": 10.0, ""clf__gamma_mult"": 1.0}"
52,3,20,40,quantum/HS-overlap-ref-SVM,quantum,0.65,"{""clf__C"": 10.0}"
52,3,20,40,quantum/Fidelity-ref-SVM,quantum,0.475,"{""clf__C"": 0.1}"
52,3,20,40,quantum/HS-RBF-ref-SVM,quantum,0.625,"{""clf__C"": 10.0, ""clf__gamma_mult"": 0.25}"
52,3,20,40,quantum/Bures-RBF-ref-SVM,quantum,0.625,"{""clf__C"": 10.0, ""clf__gamma_mult"": 0.25}"
52,3,20,40,quantum/QRE-RBF-ref-SVM,quantum,0.65,"{""clf__C"": 10.0, ""clf__gamma_mult"": 0.25}"
52,3,40,40,classical/TS+LR,classical,0.675,"{""clf__C"": 1.0}"
52,3,40,40,classical/MDM,classical,0.55,{}
52,3,40,40,classical/CSP+LDA,classical,0.65,"{""csp__nfilter"": 6}"
52,3,40,40,control/riemann-kernel-SVM,control,0.675,"{""clf__C"": 10.0}"
52,3,40,40,control/logeuclid-kernel-SVM,control,0.675,"{""clf__C"": 10.0}"
52,3,40,40,quantum/HS-overlap-SVM,quantum,0.5,"{""clf__C"": 0.1}"
52,3,40,40,quantum/Fidelity-SVM,quantum,0.575,"{""clf__C"": 0.1}"
52,3,40,40,quantum/HS-RBF-SVM,quantum,0.525,"{""clf__C"": 10.0, ""clf__gamma_mult"": 1.0}"
52,3,40,40,quantum/Bures-RBF-SVM,quantum,0.525,"{""clf__C"": 10.0, ""clf__gamma_mult"": 1.0}"
52,3,40,40,quantum/QRE-RBF-SVM,quantum,0.475,"{""clf__C"": 10.0, ""clf__gamma_mult"": 1.0}"
52,3,40,40,quantum/HS-overlap-ref-SVM,quantum,0.6,"{""clf__C"": 10.0}"
52,3,40,40,quantum/Fidelity-ref-SVM,quantum,0.575,"{""clf__C"": 0.1}"
52,3,40,40,quantum/HS-RBF-ref-SVM,quantum,0.6,"{""clf__C"": 10.0, ""clf__gamma_mult"": 0.25}"
52,3,40,40,quantum/Bures-RBF-ref-SVM,quantum,0.65,"{""clf__C"": 10.0, ""clf__gamma_mult"": 0.25}"
52,3,40,40,quantum/QRE-RBF-ref-SVM,quantum,0.65,"{""clf__C"": 10.0, ""clf__gamma_mult"": 0.25}"
52,3,80,40,classical/TS+LR,classical,0.675,"{""clf__C"": 1.0}"
52,3,80,40,classical/MDM,classical,0.55,{}
52,3,80,40,classical/CSP+LDA,classical,0.55,"{""csp__nfilter"": 6}"
52,3,80,40,control/riemann-kernel-SVM,control,0.675,"{""clf__C"": 10.0}"
52,3,80,40,control/logeuclid-kernel-SVM,control,0.7,"{""clf__C"": 10.0}"
52,3,80,40,quantum/HS-overlap-SVM,quantum,0.525,"{""clf__C"": 0.1}"
52,3,80,40,quantum/Fidelity-SVM,quantum,0.525,"{""clf__C"": 0.1}"
52,3,80,40,quantum/HS-RBF-SVM,quantum,0.525,"{""clf__C"": 10.0, ""clf__gamma_mult"": 1.0}"
52,3,80,40,quantum/Bures-RBF-SVM,quantum,0.6,"{""clf__C"": 10.0, ""clf__gamma_mult"": 1.0}"
52,3,80,40,quantum/QRE-RBF-SVM,quantum,0.575,"{""clf__C"": 10.0, ""clf__gamma_mult"": 1.0}"
52,3,80,40,quantum/HS-overlap-ref-SVM,quantum,0.6,"{""clf__C"": 10.0}"
52,3,80,40,quantum/Fidelity-ref-SVM,quantum,0.6,"{""clf__C"": 10.0}"
52,3,80,40,quantum/HS-RBF-ref-SVM,quantum,0.65,"{""clf__C"": 10.0, ""clf__gamma_mult"": 0.25}"
52,3,80,40,quantum/Bures-RBF-ref-SVM,quantum,0.65,"{""clf__C"": 10.0, ""clf__gamma_mult"": 0.25}"
52,3,80,40,quantum/QRE-RBF-ref-SVM,quantum,0.65,"{""clf__C"": 10.0, ""clf__gamma_mult"": 0.25}"
52,3,160,40,classical/TS+LR,classical,0.675,"{""clf__C"": 10.0}"
52,3,160,40,classical/MDM,classical,0.6,{}
52,3,160,40,classical/CSP+LDA,classical,0.525,"{""csp__nfilter"": 6}"
52,3,160,40,control/riemann-kernel-SVM,control,0.725,"{""clf__C"": 10.0}"
52,3,160,40,control/logeuclid-kernel-SVM,control,0.7,"{""clf__C"": 10.0}"
52,3,160,40,quantum/HS-overlap-SVM,quantum,0.55,"{""clf__C"": 0.1}"
52,3,160,40,quantum/Fidelity-SVM,quantum,0.525,"{""clf__C"": 0.1}"
52,3,160,40,quantum/HS-RBF-SVM,quantum,0.6,"{""clf__C"": 10.0, ""clf__gamma_mult"": 1.0}"
52,3,160,40,quantum/Bures-RBF-SVM,quantum,0.625,"{""clf__C"": 10.0, ""clf__gamma_mult"": 1.0}"
52,3,160,40,quantum/QRE-RBF-SVM,quantum,0.625,"{""clf__C"": 10.0, ""clf__gamma_mult"": 1.0}"
52,3,160,40,quantum/HS-overlap-ref-SVM,quantum,0.7,"{""clf__C"": 10.0}"
52,3,160,40,quantum/Fidelity-ref-SVM,quantum,0.725,"{""clf__C"": 10.0}"
52,3,160,40,quantum/HS-RBF-ref-SVM,quantum,0.65,"{""clf__C"": 10.0, ""clf__gamma_mult"": 1.0}"
52,3,160,40,quantum/Bures-RBF-ref-SVM,quantum,0.675,"{""clf__C"": 10.0, ""clf__gamma_mult"": 1.0}"
52,3,160,40,quantum/QRE-RBF-ref-SVM,quantum,0.725,"{""clf__C"": 10.0, ""clf__gamma_mult"": 0.25}"
52,4,10,40,classical/TS+LR,classical,0.575,"{""clf__C"": 10.0}"
52,4,10,40,classical/MDM,classical,0.575,{}
52,4,10,40,classical/CSP+LDA,classical,0.525,"{""csp__nfilter"": 4}"
52,4,10,40,control/riemann-kernel-SVM,control,0.65,"{""clf__C"": 10.0}"
52,4,10,40,control/logeuclid-kernel-SVM,control,0.675,"{""clf__C"": 10.0}"
52,4,10,40,quantum/HS-overlap-SVM,quantum,0.475,"{""clf__C"": 0.1}"
52,4,10,40,quantum/Fidelity-SVM,quantum,0.5,"{""clf__C"": 0.1}"
52,4,10,40,quantum/HS-RBF-SVM,quantum,0.525,"{""clf__C"": 10.0, ""clf__gamma_mult"": 1.0}"
52,4,10,40,quantum/Bures-RBF-SVM,quantum,0.5,"{""clf__C"": 10.0, ""clf__gamma_mult"": 1.0}"
52,4,10,40,quantum/QRE-RBF-SVM,quantum,0.55,"{""clf__C"": 10.0, ""clf__gamma_mult"": 0.25}"
52,4,10,40,quantum/HS-overlap-ref-SVM,quantum,0.65,"{""clf__C"": 10.0}"
52,4,10,40,quantum/Fidelity-ref-SVM,quantum,0.55,"{""clf__C"": 10.0}"
52,4,10,40,quantum/HS-RBF-ref-SVM,quantum,0.675,"{""clf__C"": 10.0, ""clf__gamma_mult"": 0.25}"
52,4,10,40,quantum/Bures-RBF-ref-SVM,quantum,0.7,"{""clf__C"": 10.0, ""clf__gamma_mult"": 0.25}"
52,4,10,40,quantum/QRE-RBF-ref-SVM,quantum,0.7,"{""clf__C"": 10.0, ""clf__gamma_mult"": 0.25}"
52,4,20,40,classical/TS+LR,classical,0.55,"{""clf__C"": 0.1}"
52,4,20,40,classical/MDM,classical,0.5,{}
52,4,20,40,classical/CSP+LDA,classical,0.6,"{""csp__nfilter"": 2}"
52,4,20,40,control/riemann-kernel-SVM,control,0.5,"{""clf__C"": 10.0}"
52,4,20,40,control/logeuclid-kernel-SVM,control,0.525,"{""clf__C"": 10.0}"
52,4,20,40,quantum/HS-overlap-SVM,quantum,0.5,"{""clf__C"": 0.1}"
52,4,20,40,quantum/Fidelity-SVM,quantum,0.475,"{""clf__C"": 0.1}"
52,4,20,40,quantum/HS-RBF-SVM,quantum,0.325,"{""clf__C"": 10.0, ""clf__gamma_mult"": 1.0}"
52,4,20,40,quantum/Bures-RBF-SVM,quantum,0.475,"{""clf__C"": 10.0, ""clf__gamma_mult"": 1.0}"
52,4,20,40,quantum/QRE-RBF-SVM,quantum,0.475,"{""clf__C"": 10.0, ""clf__gamma_mult"": 1.0}"
52,4,20,40,quantum/HS-overlap-ref-SVM,quantum,0.575,"{""clf__C"": 10.0}"
52,4,20,40,quantum/Fidelity-ref-SVM,quantum,0.5,"{""clf__C"": 0.1}"
52,4,20,40,quantum/HS-RBF-ref-SVM,quantum,0.575,"{""clf__C"": 10.0, ""clf__gamma_mult"": 1.0}"
52,4,20,40,quantum/Bures-RBF-ref-SVM,quantum,0.6,"{""clf__C"": 10.0, ""clf__gamma_mult"": 1.0}"
52,4,20,40,quantum/QRE-RBF-ref-SVM,quantum,0.6,"{""clf__C"": 10.0, ""clf__gamma_mult"": 1.0}"
52,4,40,40,classical/TS+LR,classical,0.6,"{""clf__C"": 1.0}"
52,4,40,40,classical/MDM,classical,0.6,{}
52,4,40,40,classical/CSP+LDA,classical,0.6,"{""csp__nfilter"": 2}"
52,4,40,40,control/riemann-kernel-SVM,control,0.575,"{""clf__C"": 10.0}"
52,4,40,40,control/logeuclid-kernel-SVM,control,0.6,"{""clf__C"": 10.0}"
52,4,40,40,quantum/HS-overlap-SVM,quantum,0.5,"{""clf__C"": 0.1}"
52,4,40,40,quantum/Fidelity-SVM,quantum,0.475,"{""clf__C"": 0.1}"
52,4,40,40,quantum/HS-RBF-SVM,quantum,0.475,"{""clf__C"": 10.0, ""clf__gamma_mult"": 1.0}"
52,4,40,40,quantum/Bures-RBF-SVM,quantum,0.65,"{""clf__C"": 10.0, ""clf__gamma_mult"": 0.25}"
52,4,40,40,quantum/QRE-RBF-SVM,quantum,0.6,"{""clf__C"": 10.0, ""clf__gamma_mult"": 0.25}"
52,4,40,40,quantum/HS-overlap-ref-SVM,quantum,0.625,"{""clf__C"": 10.0}"
52,4,40,40,quantum/Fidelity-ref-SVM,quantum,0.625,"{""clf__C"": 0.1}"
52,4,40,40,quantum/HS-RBF-ref-SVM,quantum,0.625,"{""clf__C"": 10.0, ""clf__gamma_mult"": 0.25}"
52,4,40,40,quantum/Bures-RBF-ref-SVM,quantum,0.6,"{""clf__C"": 10.0, ""clf__gamma_mult"": 0.25}"
52,4,40,40,quantum/QRE-RBF-ref-SVM,quantum,0.6,"{""clf__C"": 10.0, ""clf__gamma_mult"": 0.25}"
52,4,80,40,classical/TS+LR,classical,0.675,"{""clf__C"": 10.0}"
52,4,80,40,classical/MDM,classical,0.575,{}
52,4,80,40,classical/CSP+LDA,classical,0.625,"{""csp__nfilter"": 2}"
52,4,80,40,control/riemann-kernel-SVM,control,0.65,"{""clf__C"": 10.0}"
52,4,80,40,control/logeuclid-kernel-SVM,control,0.7,"{""clf__C"": 10.0}"
52,4,80,40,quantum/HS-overlap-SVM,quantum,0.45,"{""clf__C"": 0.1}"
52,4,80,40,quantum/Fidelity-SVM,quantum,0.475,"{""clf__C"": 0.1}"
52,4,80,40,quantum/HS-RBF-SVM,quantum,0.5,"{""clf__C"": 10.0, ""clf__gamma_mult"": 1.0}"
52,4,80,40,quantum/Bures-RBF-SVM,quantum,0.575,"{""clf__C"": 10.0, ""clf__gamma_mult"": 1.0}"
52,4,80,40,quantum/QRE-RBF-SVM,quantum,0.55,"{""clf__C"": 10.0, ""clf__gamma_mult"": 1.0}"
52,4,80,40,quantum/HS-overlap-ref-SVM,quantum,0.675,"{""clf__C"": 10.0}"
52,4,80,40,quantum/Fidelity-ref-SVM,quantum,0.7,"{""clf__C"": 10.0}"
52,4,80,40,quantum/HS-RBF-ref-SVM,quantum,0.7,"{""clf__C"": 10.0, ""clf__gamma_mult"": 1.0}"
52,4,80,40,quantum/Bures-RBF-ref-SVM,quantum,0.675,"{""clf__C"": 10.0, ""clf__gamma_mult"": 1.0}"
52,4,80,40,quantum/QRE-RBF-ref-SVM,quantum,0.675,"{""clf__C"": 10.0, ""clf__gamma_mult"": 1.0}"
52,4,160,40,classical/TS+LR,classical,0.675,"{""clf__C"": 10.0}"
52,4,160,40,classical/MDM,classical,0.6,{}
52,4,160,40,classical/CSP+LDA,classical,0.525,"{""csp__nfilter"": 6}"
52,4,160,40,control/riemann-kernel-SVM,control,0.725,"{""clf__C"": 10.0}"
52,4,160,40,control/logeuclid-kernel-SVM,control,0.7,"{""clf__C"": 10.0}"
52,4,160,40,quantum/HS-overlap-SVM,quantum,0.55,"{""clf__C"": 0.1}"
52,4,160,40,quantum/Fidelity-SVM,quantum,0.525,"{""clf__C"": 0.1}"
52,4,160,40,quantum/HS-RBF-SVM,quantum,0.6,"{""clf__C"": 10.0, ""clf__gamma_mult"": 1.0}"
52,4,160,40,quantum/Bures-RBF-SVM,quantum,0.625,"{""clf__C"": 10.0, ""clf__gamma_mult"": 1.0}"
52,4,160,40,quantum/QRE-RBF-SVM,quantum,0.625,"{""clf__C"": 10.0, ""clf__gamma_mult"": 1.0}"
52,4,160,40,quantum/HS-overlap-ref-SVM,quantum,0.7,"{""clf__C"": 10.0}"
52,4,160,40,quantum/Fidelity-ref-SVM,quantum,0.725,"{""clf__C"": 10.0}"
52,4,160,40,quantum/HS-RBF-ref-SVM,quantum,0.65,"{""clf__C"": 10.0, ""clf__gamma_mult"": 1.0}"
52,4,160,40,quantum/Bures-RBF-ref-SVM,quantum,0.675,"{""clf__C"": 10.0, ""clf__gamma_mult"": 1.0}"
52,4,160,40,quantum/QRE-RBF-ref-SVM,quantum,0.725,"{""clf__C"": 10.0, ""clf__gamma_mult"": 0.25}"
52,5,10,40,classical/TS+LR,classical,0.6,"{""clf__C"": 1.0}"
52,5,10,40,classical/MDM,classical,0.55,{}
52,5,10,40,classical/CSP+LDA,classical,0.625,"{""csp__nfilter"": 2}"
52,5,10,40,control/riemann-kernel-SVM,control,0.55,"{""clf__C"": 10.0}"
52,5,10,40,control/logeuclid-kernel-SVM,control,0.55,"{""clf__C"": 10.0}"
52,5,10,40,quantum/HS-overlap-SVM,quantum,0.45,"{""clf__C"": 0.1}"
52,5,10,40,quantum/Fidelity-SVM,quantum,0.55,"{""clf__C"": 0.1}"
52,5,10,40,quantum/HS-RBF-SVM,quantum,0.35,"{""clf__C"": 10.0, ""clf__gamma_mult"": 1.0}"
52,5,10,40,quantum/Bures-RBF-SVM,quantum,0.5,"{""clf__C"": 10.0, ""clf__gamma_mult"": 1.0}"
52,5,10,40,quantum/QRE-RBF-SVM,quantum,0.45,"{""clf__C"": 10.0, ""clf__gamma_mult"": 1.0}"
52,5,10,40,quantum/HS-overlap-ref-SVM,quantum,0.625,"{""clf__C"": 10.0}"
52,5,10,40,quantum/Fidelity-ref-SVM,quantum,0.575,"{""clf__C"": 0.1}"
52,5,10,40,quantum/HS-RBF-ref-SVM,quantum,0.575,"{""clf__C"": 10.0, ""clf__gamma_mult"": 0.25}"
52,5,10,40,quantum/Bures-RBF-ref-SVM,quantum,0.6,"{""clf__C"": 10.0, ""clf__gamma_mult"": 0.25}"
52,5,10,40,quantum/QRE-RBF-ref-SVM,quantum,0.6,"{""clf__C"": 10.0, ""clf__gamma_mult"": 0.25}"
52,5,20,40,classical/TS+LR,classical,0.675,"{""clf__C"": 0.1}"
52,5,20,40,classical/MDM,classical,0.55,{}
52,5,20,40,classical/CSP+LDA,classical,0.625,"{""csp__nfilter"": 2}"
52,5,20,40,control/riemann-kernel-SVM,control,0.7,"{""clf__C"": 10.0}"
52,5,20,40,control/logeuclid-kernel-SVM,control,0.675,"{""clf__C"": 10.0}"
52,5,20,40,quantum/HS-overlap-SVM,quantum,0.475,"{""clf__C"": 0.1}"
52,5,20,40,quantum/Fidelity-SVM,quantum,0.475,"{""clf__C"": 0.1}"
52,5,20,40,quantum/HS-RBF-SVM,quantum,0.55,"{""clf__C"": 10.0, ""clf__gamma_mult"": 1.0}"
52,5,20,40,quantum/Bures-RBF-SVM,quantum,0.5,"{""clf__C"": 10.0, ""clf__gamma_mult"": 0.25}"
52,5,20,40,quantum/QRE-RBF-SVM,quantum,0.5,"{""clf__C"": 10.0, ""clf__gamma_mult"": 0.25}"
52,5,20,40,quantum/HS-overlap-ref-SVM,quantum,0.675,"{""clf__C"": 10.0}"
52,5,20,40,quantum/Fidelity-ref-SVM,quantum,0.6,"{""clf__C"": 0.1}"
52,5,20,40,quantum/HS-RBF-ref-SVM,quantum,0.65,"{""clf__C"": 10.0, ""clf__gamma_mult"": 0.25}"
52,5,20,40,quantum/Bures-RBF-ref-SVM,quantum,0.675,"{""clf__C"": 10.0, ""clf__gamma_mult"": 0.25}"
52,5,20,40,quantum/QRE-RBF-ref-SVM,quantum,0.675,"{""clf__C"": 10.0, ""clf__gamma_mult"": 0.25}"
52,5,40,40,classical/TS+LR,classical,0.65,"{""clf__C"": 0.1}"
52,5,40,40,classical/MDM,classical,0.575,{}
52,5,40,40,classical/CSP+LDA,classical,0.6,"{""csp__nfilter"": 6}"
52,5,40,40,control/riemann-kernel-SVM,control,0.6,"{""clf__C"": 10.0}"
52,5,40,40,control/logeuclid-kernel-SVM,control,0.6,"{""clf__C"": 10.0}"
52,5,40,40,quantum/HS-overlap-SVM,quantum,0.45,"{""clf__C"": 0.1}"
52,5,40,40,quantum/Fidelity-SVM,quantum,0.55,"{""clf__C"": 0.1}"
52,5,40,40,quantum/HS-RBF-SVM,quantum,0.55,"{""clf__C"": 10.0, ""clf__gamma_mult"": 1.0}"
52,5,40,40,quantum/Bures-RBF-SVM,quantum,0.525,"{""clf__C"": 10.0, ""clf__gamma_mult"": 0.25}"
52,5,40,40,quantum/QRE-RBF-SVM,quantum,0.525,"{""clf__C"": 10.0, ""clf__gamma_mult"": 0.25}"
52,5,40,40,quantum/HS-overlap-ref-SVM,quantum,0.675,"{""clf__C"": 10.0}"
52,5,40,40,quantum/Fidelity-ref-SVM,quantum,0.65,"{""clf__C"": 10.0}"
52,5,40,40,quantum/HS-RBF-ref-SVM,quantum,0.675,"{""clf__C"": 10.0, ""clf__gamma_mult"": 0.25}"
52,5,40,40,quantum/Bures-RBF-ref-SVM,quantum,0.625,"{""clf__C"": 10.0, ""clf__gamma_mult"": 0.25}"
52,5,40,40,quantum/QRE-RBF-ref-SVM,quantum,0.625,"{""clf__C"": 10.0, ""clf__gamma_mult"": 0.25}"
52,5,80,40,classical/TS+LR,classical,0.65,"{""clf__C"": 0.1}"
52,5,80,40,classical/MDM,classical,0.55,{}
52,5,80,40,classical/CSP+LDA,classical,0.625,"{""csp__nfilter"": 6}"
52,5,80,40,control/riemann-kernel-SVM,control,0.65,"{""clf__C"": 10.0}"
52,5,80,40,control/logeuclid-kernel-SVM,control,0.7,"{""clf__C"": 10.0}"
52,5,80,40,quantum/HS-overlap-SVM,quantum,0.55,"{""clf__C"": 0.1}"
52,5,80,40,quantum/Fidelity-SVM,quantum,0.575,"{""clf__C"": 0.1}"
52,5,80,40,quantum/HS-RBF-SVM,quantum,0.65,"{""clf__C"": 10.0, ""clf__gamma_mult"": 1.0}"
52,5,80,40,quantum/Bures-RBF-SVM,quantum,0.6,"{""clf__C"": 10.0, ""clf__gamma_mult"": 1.0}"
52,5,80,40,quantum/QRE-RBF-SVM,quantum,0.6,"{""clf__C"": 10.0, ""clf__gamma_mult"": 0.25}"
52,5,80,40,quantum/HS-overlap-ref-SVM,quantum,0.575,"{""clf__C"": 10.0}"
52,5,80,40,quantum/Fidelity-ref-SVM,quantum,0.65,"{""clf__C"": 10.0}"
52,5,80,40,quantum/HS-RBF-ref-SVM,quantum,0.65,"{""clf__C"": 10.0, ""clf__gamma_mult"": 1.0}"
52,5,80,40,quantum/Bures-RBF-ref-SVM,quantum,0.675,"{""clf__C"": 10.0, ""clf__gamma_mult"": 1.0}"
52,5,80,40,quantum/QRE-RBF-ref-SVM,quantum,0.675,"{""clf__C"": 10.0, ""clf__gamma_mult"": 1.0}"
52,5,160,40,classical/TS+LR,classical,0.675,"{""clf__C"": 10.0}"
52,5,160,40,classical/MDM,classical,0.6,{}
52,5,160,40,classical/CSP+LDA,classical,0.525,"{""csp__nfilter"": 6}"
52,5,160,40,control/riemann-kernel-SVM,control,0.725,"{""clf__C"": 10.0}"
52,5,160,40,control/logeuclid-kernel-SVM,control,0.7,"{""clf__C"": 10.0}"
52,5,160,40,quantum/HS-overlap-SVM,quantum,0.55,"{""clf__C"": 0.1}"
52,5,160,40,quantum/Fidelity-SVM,quantum,0.525,"{""clf__C"": 0.1}"
52,5,160,40,quantum/HS-RBF-SVM,quantum,0.6,"{""clf__C"": 10.0, ""clf__gamma_mult"": 1.0}"
52,5,160,40,quantum/Bures-RBF-SVM,quantum,0.625,"{""clf__C"": 10.0, ""clf__gamma_mult"": 1.0}"
52,5,160,40,quantum/QRE-RBF-SVM,quantum,0.625,"{""clf__C"": 10.0, ""clf__gamma_mult"": 1.0}"
52,5,160,40,quantum/HS-overlap-ref-SVM,quantum,0.7,"{""clf__C"": 10.0}"
52,5,160,40,quantum/Fidelity-ref-SVM,quantum,0.725,"{""clf__C"": 10.0}"
52,5,160,40,quantum/HS-RBF-ref-SVM,quantum,0.65,"{""clf__C"": 10.0, ""clf__gamma_mult"": 1.0}"
52,5,160,40,quantum/Bures-RBF-ref-SVM,quantum,0.675,"{""clf__C"": 10.0, ""clf__gamma_mult"": 1.0}"
52,5,160,40,quantum/QRE-RBF-ref-SVM,quantum,0.725,"{""clf__C"": 10.0, ""clf__gamma_mult"": 0.25}"
52,6,10,40,classical/TS+LR,classical,0.45,"{""clf__C"": 0.1}"
52,6,10,40,classical/MDM,classical,0.55,{}
52,6,10,40,classical/CSP+LDA,classical,0.55,"{""csp__nfilter"": 2}"
52,6,10,40,control/riemann-kernel-SVM,control,0.525,"{""clf__C"": 0.1}"
52,6,10,40,control/logeuclid-kernel-SVM,control,0.475,"{""clf__C"": 10.0}"
52,6,10,40,quantum/HS-overlap-SVM,quantum,0.6,"{""clf__C"": 0.1}"
52,6,10,40,quantum/Fidelity-SVM,quantum,0.55,"{""clf__C"": 0.1}"
52,6,10,40,quantum/HS-RBF-SVM,quantum,0.5,"{""clf__C"": 10.0, ""clf__gamma_mult"": 4.0}"
52,6,10,40,quantum/Bures-RBF-SVM,quantum,0.575,"{""clf__C"": 0.1, ""clf__gamma_mult"": 0.25}"
52,6,10,40,quantum/QRE-RBF-SVM,quantum,0.575,"{""clf__C"": 0.1, ""clf__gamma_mult"": 0.25}"
52,6,10,40,quantum/HS-overlap-ref-SVM,quantum,0.5,"{""clf__C"": 0.1}"
52,6,10,40,quantum/Fidelity-ref-SVM,quantum,0.5,"{""clf__C"": 0.1}"
52,6,10,40,quantum/HS-RBF-ref-SVM,quantum,0.525,"{""clf__C"": 0.1, ""clf__gamma_mult"": 0.25}"
52,6,10,40,quantum/Bures-RBF-ref-SVM,quantum,0.55,"{""clf__C"": 0.1, ""clf__gamma_mult"": 0.25}"
52,6,10,40,quantum/QRE-RBF-ref-SVM,quantum,0.525,"{""clf__C"": 0.1, ""clf__gamma_mult"": 0.25}"
52,6,20,40,classical/TS+LR,classical,0.6,"{""clf__C"": 1.0}"
52,6,20,40,classical/MDM,classical,0.575,{}
52,6,20,40,classical/CSP+LDA,classical,0.525,"{""csp__nfilter"": 6}"
52,6,20,40,control/riemann-kernel-SVM,control,0.65,"{""clf__C"": 10.0}"
52,6,20,40,control/logeuclid-kernel-SVM,control,0.675,"{""clf__C"": 10.0}"
52,6,20,40,quantum/HS-overlap-SVM,quantum,0.5,"{""clf__C"": 0.1}"
52,6,20,40,quantum/Fidelity-SVM,quantum,0.625,"{""clf__C"": 0.1}"
52,6,20,40,quantum/HS-RBF-SVM,quantum,0.5,"{""clf__C"": 10.0, ""clf__gamma_mult"": 0.25}"
52,6,20,40,quantum/Bures-RBF-SVM,quantum,0.5,"{""clf__C"": 10.0, ""clf__gamma_mult"": 0.25}"
52,6,20,40,quantum/QRE-RBF-SVM,quantum,0.55,"{""clf__C"": 10.0, ""clf__gamma_mult"": 0.25}"
52,6,20,40,quantum/HS-overlap-ref-SVM,quantum,0.675,"{""clf__C"": 10.0}"
52,6,20,40,quantum/Fidelity-ref-SVM,quantum,0.575,"{""clf__C"": 0.1}"
52,6,20,40,quantum/HS-RBF-ref-SVM,quantum,0.6,"{""clf__C"": 10.0, ""clf__gamma_mult"": 0.25}"
52,6,20,40,quantum/Bures-RBF-ref-SVM,quantum,0.55,"{""clf__C"": 10.0, ""clf__gamma_mult"": 0.25}"
52,6,20,40,quantum/QRE-RBF-ref-SVM,quantum,0.55,"{""clf__C"": 10.0, ""clf__gamma_mult"": 0.25}"
52,6,40,40,classical/TS+LR,classical,0.65,"{""clf__C"": 0.1}"
52,6,40,40,classical/MDM,classical,0.575,{}
52,6,40,40,classical/CSP+LDA,classical,0.625,"{""csp__nfilter"": 6}"
52,6,40,40,control/riemann-kernel-SVM,control,0.675,"{""clf__C"": 10.0}"
52,6,40,40,control/logeuclid-kernel-SVM,control,0.6,"{""clf__C"": 10.0}"
52,6,40,40,quantum/HS-overlap-SVM,quantum,0.475,"{""clf__C"": 0.1}"
52,6,40,40,quantum/Fidelity-SVM,quantum,0.6,"{""clf__C"": 0.1}"
52,6,40,40,quantum/HS-RBF-SVM,quantum,0.525,"{""clf__C"": 10.0, ""clf__gamma_mult"": 0.25}"
52,6,40,40,quantum/Bures-RBF-SVM,quantum,0.6,"{""clf__C"": 10.0, ""clf__gamma_mult"": 0.25}"
52,6,40,40,quantum/QRE-RBF-SVM,quantum,0.575,"{""clf__C"": 10.0, ""clf__gamma_mult"": 0.25}"
52,6,40,40,quantum/HS-overlap-ref-SVM,quantum,0.6,"{""clf__C"": 10.0}"
52,6,40,40,quantum/Fidelity-ref-SVM,quantum,0.7,"{""clf__C"": 10.0}"
52,6,40,40,quantum/HS-RBF-ref-SVM,quantum,0.625,"{""clf__C"": 10.0, ""clf__gamma_mult"": 0.25}"
52,6,40,40,quantum/Bures-RBF-ref-SVM,quantum,0.6,"{""clf__C"": 10.0, ""clf__gamma_mult"": 0.25}"
52,6,40,40,quantum/QRE-RBF-ref-SVM,quantum,0.6,"{""clf__C"": 10.0, ""clf__gamma_mult"": 0.25}"
52,6,80,40,classical/TS+LR,classical,0.7,"{""clf__C"": 1.0}"
52,6,80,40,classical/MDM,classical,0.575,{}
52,6,80,40,classical/CSP+LDA,classical,0.675,"{""csp__nfilter"": 6}"
52,6,80,40,control/riemann-kernel-SVM,control,0.725,"{""clf__C"": 10.0}"
52,6,80,40,control/logeuclid-kernel-SVM,control,0.7,"{""clf__C"": 10.0}"
52,6,80,40,quantum/HS-overlap-SVM,quantum,0.525,"{""clf__C"": 0.1}"
52,6,80,40,quantum/Fidelity-SVM,quantum,0.5,"{""clf__C"": 0.1}"
52,6,80,40,quantum/HS-RBF-SVM,quantum,0.625,"{""clf__C"": 10.0, ""clf__gamma_mult"": 1.0}"
52,6,80,40,quantum/Bures-RBF-SVM,quantum,0.55,"{""clf__C"": 10.0, ""clf__gamma_mult"": 1.0}"
52,6,80,40,quantum/QRE-RBF-SVM,quantum,0.575,"{""clf__C"": 10.0, ""clf__gamma_mult"": 1.0}"
52,6,80,40,quantum/HS-overlap-ref-SVM,quantum,0.7,"{""clf__C"": 10.0}"
52,6,80,40,quantum/Fidelity-ref-SVM,quantum,0.725,"{""clf__C"": 10.0}"
52,6,80,40,quantum/HS-RBF-ref-SVM,quantum,0.675,"{""clf__C"": 10.0, ""clf__gamma_mult"": 0.25}"
52,6,80,40,quantum/Bures-RBF-ref-SVM,quantum,0.675,"{""clf__C"": 10.0, ""clf__gamma_mult"": 0.25}"
52,6,80,40,quantum/QRE-RBF-ref-SVM,quantum,0.725,"{""clf__C"": 10.0, ""clf__gamma_mult"": 0.25}"
52,6,160,40,classical/TS+LR,classical,0.675,"{""clf__C"": 10.0}"
52,6,160,40,classical/MDM,classical,0.6,{}
52,6,160,40,classical/CSP+LDA,classical,0.525,"{""csp__nfilter"": 6}"
52,6,160,40,control/riemann-kernel-SVM,control,0.725,"{""clf__C"": 10.0}"
52,6,160,40,control/logeuclid-kernel-SVM,control,0.7,"{""clf__C"": 10.0}"
52,6,160,40,quantum/HS-overlap-SVM,quantum,0.55,"{""clf__C"": 0.1}"
52,6,160,40,quantum/Fidelity-SVM,quantum,0.525,"{""clf__C"": 0.1}"
52,6,160,40,quantum/HS-RBF-SVM,quantum,0.6,"{""clf__C"": 10.0, ""clf__gamma_mult"": 1.0}"
52,6,160,40,quantum/Bures-RBF-SVM,quantum,0.625,"{""clf__C"": 10.0, ""clf__gamma_mult"": 1.0}"
52,6,160,40,quantum/QRE-RBF-SVM,quantum,0.625,"{""clf__C"": 10.0, ""clf__gamma_mult"": 1.0}"
52,6,160,40,quantum/HS-overlap-ref-SVM,quantum,0.7,"{""clf__C"": 10.0}"
52,6,160,40,quantum/Fidelity-ref-SVM,quantum,0.725,"{""clf__C"": 10.0}"
52,6,160,40,quantum/HS-RBF-ref-SVM,quantum,0.65,"{""clf__C"": 10.0, ""clf__gamma_mult"": 1.0}"
52,6,160,40,quantum/Bures-RBF-ref-SVM,quantum,0.675,"{""clf__C"": 10.0, ""clf__gamma_mult"": 1.0}"
52,6,160,40,quantum/QRE-RBF-ref-SVM,quantum,0.725,"{""clf__C"": 10.0, ""clf__gamma_mult"": 0.25}"
52,7,10,40,classical/TS+LR,classical,0.525,"{""clf__C"": 0.1}"
52,7,10,40,classical/MDM,classical,0.575,{}
52,7,10,40,classical/CSP+LDA,classical,0.575,"{""csp__nfilter"": 4}"
52,7,10,40,control/riemann-kernel-SVM,control,0.55,"{""clf__C"": 10.0}"
52,7,10,40,control/logeuclid-kernel-SVM,control,0.575,"{""clf__C"": 10.0}"
52,7,10,40,quantum/HS-overlap-SVM,quantum,0.375,"{""clf__C"": 0.1}"
52,7,10,40,quantum/Fidelity-SVM,quantum,0.6,"{""clf__C"": 0.1}"
52,7,10,40,quantum/HS-RBF-SVM,quantum,0.525,"{""clf__C"": 10.0, ""clf__gamma_mult"": 0.25}"
52,7,10,40,quantum/Bures-RBF-SVM,quantum,0.575,"{""clf__C"": 10.0, ""clf__gamma_mult"": 0.25}"
52,7,10,40,quantum/QRE-RBF-SVM,quantum,0.575,"{""clf__C"": 10.0, ""clf__gamma_mult"": 0.25}"
52,7,10,40,quantum/HS-overlap-ref-SVM,quantum,0.6,"{""clf__C"": 0.1}"
52,7,10,40,quantum/Fidelity-ref-SVM,quantum,0.6,"{""clf__C"": 0.1}"
52,7,10,40,quantum/HS-RBF-ref-SVM,quantum,0.6,"{""clf__C"": 0.1, ""clf__gamma_mult"": 0.25}"
52,7,10,40,quantum/Bures-RBF-ref-SVM,quantum,0.575,"{""clf__C"": 0.1, ""clf__gamma_mult"": 0.25}"
52,7,10,40,quantum/QRE-RBF-ref-SVM,quantum,0.575,"{""clf__C"": 0.1, ""clf__gamma_mult"": 0.25}"
52,7,20,40,classical/TS+LR,classical,0.575,"{""clf__C"": 0.1}"
52,7,20,40,classical/MDM,classical,0.5,{}
52,7,20,40,classical/CSP+LDA,classical,0.525,"{""csp__nfilter"": 4}"
52,7,20,40,control/riemann-kernel-SVM,control,0.525,"{""clf__C"": 10.0}"
52,7,20,40,control/logeuclid-kernel-SVM,control,0.575,"{""clf__C"": 10.0}"
52,7,20,40,quantum/HS-overlap-SVM,quantum,0.475,"{""clf__C"": 0.1}"
52,7,20,40,quantum/Fidelity-SVM,quantum,0.525,"{""clf__C"": 0.1}"
52,7,20,40,quantum/HS-RBF-SVM,quantum,0.55,"{""clf__C"": 10.0, ""clf__gamma_mult"": 1.0}"
52,7,20,40,quantum/Bures-RBF-SVM,quantum,0.6,"{""clf__C"": 10.0, ""clf__gamma_mult"": 0.25}"
52,7,20,40,quantum/QRE-RBF-SVM,quantum,0.55,"{""clf__C"": 10.0, ""clf__gamma_mult"": 0.25}"
52,7,20,40,quantum/HS-overlap-ref-SVM,quantum,0.55,"{""clf__C"": 10.0}"
52,7,20,40,quantum/Fidelity-ref-SVM,quantum,0.6,"{""clf__C"": 0.1}"
52,7,20,40,quantum/HS-RBF-ref-SVM,quantum,0.55,"{""clf__C"": 10.0, ""clf__gamma_mult"": 0.25}"
52,7,20,40,quantum/Bures-RBF-ref-SVM,quantum,0.55,"{""clf__C"": 10.0, ""clf__gamma_mult"": 0.25}"
52,7,20,40,quantum/QRE-RBF-ref-SVM,quantum,0.55,"{""clf__C"": 10.0, ""clf__gamma_mult"": 1.0}"
52,7,40,40,classical/TS+LR,classical,0.6,"{""clf__C"": 0.1}"
52,7,40,40,classical/MDM,classical,0.525,{}
52,7,40,40,classical/CSP+LDA,classical,0.6,"{""csp__nfilter"": 6}"
52,7,40,40,control/riemann-kernel-SVM,control,0.525,"{""clf__C"": 10.0}"
52,7,40,40,control/logeuclid-kernel-SVM,control,0.6,"{""clf__C"": 10.0}"
52,7,40,40,quantum/HS-overlap-SVM,quantum,0.475,"{""clf__C"": 0.1}"
52,7,40,40,quantum/Fidelity-SVM,quantum,0.525,"{""clf__C"": 0.1}"
52,7,40,40,quantum/HS-RBF-SVM,quantum,0.5,"{""clf__C"": 10.0, ""clf__gamma_mult"": 1.0}"
52,7,40,40,quantum/Bures-RBF-SVM,quantum,0.55,"{""clf__C"": 10.0, ""clf__gamma_mult"": 1.0}"
52,7,40,40,quantum/QRE-RBF-SVM,quantum,0.5,"{""clf__C"": 10.0, ""clf__gamma_mult"": 1.0}"
52,7,40,40,quantum/HS-overlap-ref-SVM,quantum,0.575,"{""clf__C"": 10.0}"
52,7,40,40,quantum/Fidelity-ref-SVM,quantum,0.6,"{""clf__C"": 10.0}"
52,7,40,40,quantum/HS-RBF-ref-SVM,quantum,0.525,"{""clf__C"": 10.0, ""clf__gamma_mult"": 1.0}"
52,7,40,40,quantum/Bures-RBF-ref-SVM,quantum,0.55,"{""clf__C"": 10.0, ""clf__gamma_mult"": 0.25}"
52,7,40,40,quantum/QRE-RBF-ref-SVM,quantum,0.55,"{""clf__C"": 10.0, ""clf__gamma_mult"": 0.25}"
52,7,80,40,classical/TS+LR,classical,0.625,"{""clf__C"": 10.0}"
52,7,80,40,classical/MDM,classical,0.65,{}
52,7,80,40,classical/CSP+LDA,classical,0.675,"{""csp__nfilter"": 4}"
52,7,80,40,control/riemann-kernel-SVM,control,0.65,"{""clf__C"": 10.0}"
52,7,80,40,control/logeuclid-kernel-SVM,control,0.65,"{""clf__C"": 10.0}"
52,7,80,40,quantum/HS-overlap-SVM,quantum,0.55,"{""clf__C"": 0.1}"
52,7,80,40,quantum/Fidelity-SVM,quantum,0.65,"{""clf__C"": 0.1}"
52,7,80,40,quantum/HS-RBF-SVM,quantum,0.625,"{""clf__C"": 10.0, ""clf__gamma_mult"": 1.0}"
52,7,80,40,quantum/Bures-RBF-SVM,quantum,0.575,"{""clf__C"": 10.0, ""clf__gamma_mult"": 1.0}"
52,7,80,40,quantum/QRE-RBF-SVM,quantum,0.575,"{""clf__C"": 10.0, ""clf__gamma_mult"": 1.0}"
52,7,80,40,quantum/HS-overlap-ref-SVM,quantum,0.625,"{""clf__C"": 10.0}"
52,7,80,40,quantum/Fidelity-ref-SVM,quantum,0.625,"{""clf__C"": 10.0}"
52,7,80,40,quantum/HS-RBF-ref-SVM,quantum,0.675,"{""clf__C"": 10.0, ""clf__gamma_mult"": 1.0}"
52,7,80,40,quantum/Bures-RBF-ref-SVM,quantum,0.675,"{""clf__C"": 10.0, ""clf__gamma_mult"": 1.0}"
52,7,80,40,quantum/QRE-RBF-ref-SVM,quantum,0.7,"{""clf__C"": 10.0, ""clf__gamma_mult"": 1.0}"
52,7,160,40,classical/TS+LR,classical,0.675,"{""clf__C"": 10.0}"
52,7,160,40,classical/MDM,classical,0.6,{}
52,7,160,40,classical/CSP+LDA,classical,0.525,"{""csp__nfilter"": 6}"
52,7,160,40,control/riemann-kernel-SVM,control,0.725,"{""clf__C"": 10.0}"
52,7,160,40,control/logeuclid-kernel-SVM,control,0.7,"{""clf__C"": 10.0}"
52,7,160,40,quantum/HS-overlap-SVM,quantum,0.55,"{""clf__C"": 0.1}"
52,7,160,40,quantum/Fidelity-SVM,quantum,0.525,"{""clf__C"": 0.1}"
52,7,160,40,quantum/HS-RBF-SVM,quantum,0.6,"{""clf__C"": 10.0, ""clf__gamma_mult"": 1.0}"
52,7,160,40,quantum/Bures-RBF-SVM,quantum,0.625,"{""clf__C"": 10.0, ""clf__gamma_mult"": 1.0}"
52,7,160,40,quantum/QRE-RBF-SVM,quantum,0.625,"{""clf__C"": 10.0, ""clf__gamma_mult"": 1.0}"
52,7,160,40,quantum/HS-overlap-ref-SVM,quantum,0.7,"{""clf__C"": 10.0}"
52,7,160,40,quantum/Fidelity-ref-SVM,quantum,0.725,"{""clf__C"": 10.0}"
52,7,160,40,quantum/HS-RBF-ref-SVM,quantum,0.65,"{""clf__C"": 10.0, ""clf__gamma_mult"": 1.0}"
52,7,160,40,quantum/Bures-RBF-ref-SVM,quantum,0.675,"{""clf__C"": 10.0, ""clf__gamma_mult"": 1.0}"
52,7,160,40,quantum/QRE-RBF-ref-SVM,quantum,0.725,"{""clf__C"": 10.0, ""clf__gamma_mult"": 0.25}"
52,8,10,40,classical/TS+LR,classical,0.525,"{""clf__C"": 10.0}"
52,8,10,40,classical/MDM,classical,0.55,{}
52,8,10,40,classical/CSP+LDA,classical,0.45,"{""csp__nfilter"": 6}"
52,8,10,40,control/riemann-kernel-SVM,control,0.55,"{""clf__C"": 10.0}"
52,8,10,40,control/logeuclid-kernel-SVM,control,0.575,"{""clf__C"": 10.0}"
52,8,10,40,quantum/HS-overlap-SVM,quantum,0.475,"{""clf__C"": 0.1}"
52,8,10,40,quantum/Fidelity-SVM,quantum,0.525,"{""clf__C"": 0.1}"
52,8,10,40,quantum/HS-RBF-SVM,quantum,0.525,"{""clf__C"": 10.0, ""clf__gamma_mult"": 0.25}"
52,8,10,40,quantum/Bures-RBF-SVM,quantum,0.525,"{""clf__C"": 10.0, ""clf__gamma_mult"": 0.25}"
52,8,10,40,quantum/QRE-RBF-SVM,quantum,0.525,"{""clf__C"": 10.0, ""clf__gamma_mult"": 0.25}"
52,8,10,40,quantum/HS-overlap-ref-SVM,quantum,0.45,"{""clf__C"": 0.1}"
52,8,10,40,quantum/Fidelity-ref-SVM,quantum,0.525,"{""clf__C"": 0.1}"
52,8,10,40,quantum/HS-RBF-ref-SVM,quantum,0.525,"{""clf__C"": 10.0, ""clf__gamma_mult"": 0.25}"
52,8,10,40,quantum/Bures-RBF-ref-SVM,quantum,0.525,"{""clf__C"": 10.0, ""clf__gamma_mult"": 0.25}"
52,8,10,40,quantum/QRE-RBF-ref-SVM,quantum,0.525,"{""clf__C"": 10.0, ""clf__gamma_mult"": 0.25}"
52,8,20,40,classical/TS+LR,classical,0.625,"{""clf__C"": 0.1}"
52,8,20,40,classical/MDM,classical,0.6,{}
52,8,20,40,classical/CSP+LDA,classical,0.45,"{""csp__nfilter"": 2}"
52,8,20,40,control/riemann-kernel-SVM,control,0.525,"{""clf__C"": 10.0}"
52,8,20,40,control/logeuclid-kernel-SVM,control,0.65,"{""clf__C"": 10.0}"
52,8,20,40,quantum/HS-overlap-SVM,quantum,0.425,"{""clf__C"": 0.1}"
52,8,20,40,quantum/Fidelity-SVM,quantum,0.6,"{""clf__C"": 0.1}"
52,8,20,40,quantum/HS-RBF-SVM,quantum,0.575,"{""clf__C"": 10.0, ""clf__gamma_mult"": 1.0}"
52,8,20,40,quantum/Bures-RBF-SVM,quantum,0.6,"{""clf__C"": 10.0, ""clf__gamma_mult"": 1.0}"
52,8,20,40,quantum/QRE-RBF-SVM,quantum,0.575,"{""clf__C"": 10.0, ""clf__gamma_mult"": 1.0}"
52,8,20,40,quantum/HS-overlap-ref-SVM,quantum,0.55,"{""clf__C"": 10.0}"
52,8,20,40,quantum/Fidelity-ref-SVM,quantum,0.6,"{""clf__C"": 10.0}"
52,8,20,40,quantum/HS-RBF-ref-SVM,quantum,0.525,"{""clf__C"": 10.0, ""clf__gamma_mult"": 1.0}"
52,8,20,40,quantum/Bures-RBF-ref-SVM,quantum,0.525,"{""clf__C"": 10.0, ""clf__gamma_mult"": 1.0}"
52,8,20,40,quantum/QRE-RBF-ref-SVM,quantum,0.525,"{""clf__C"": 10.0, ""clf__gamma_mult"": 1.0}"
52,8,40,40,classical/TS+LR,classical,0.55,"{""clf__C"": 10.0}"
52,8,40,40,classical/MDM,classical,0.625,{}
52,8,40,40,classical/CSP+LDA,classical,0.525,"{""csp__nfilter"": 6}"
52,8,40,40,control/riemann-kernel-SVM,control,0.6,"{""clf__C"": 10.0}"
52,8,40,40,control/logeuclid-kernel-SVM,control,0.5,"{""clf__C"": 10.0}"
52,8,40,40,quantum/HS-overlap-SVM,quantum,0.5,"{""clf__C"": 0.1}"
52,8,40,40,quantum/Fidelity-SVM,quantum,0.5,"{""clf__C"": 0.1}"
52,8,40,40,quantum/HS-RBF-SVM,quantum,0.55,"{""clf__C"": 10.0, ""clf__gamma_mult"": 1.0}"
52,8,40,40,quantum/Bures-RBF-SVM,quantum,0.5,"{""clf__C"": 10.0, ""clf__gamma_mult"": 1.0}"
52,8,40,40,quantum/QRE-RBF-SVM,quantum,0.5,"{""clf__C"": 10.0, ""clf__gamma_mult"": 1.0}"
52,8,40,40,quantum/HS-overlap-ref-SVM,quantum,0.625,"{""clf__C"": 10.0}"
52,8,40,40,quantum/Fidelity-ref-SVM,quantum,0.625,"{""clf__C"": 10.0}"
52,8,40,40,quantum/HS-RBF-ref-SVM,quantum,0.575,"{""clf__C"": 10.0, ""clf__gamma_mult"": 1.0}"
52,8,40,40,quantum/Bures-RBF-ref-SVM,quantum,0.6,"{""clf__C"": 10.0, ""clf__gamma_mult"": 1.0}"
52,8,40,40,quantum/QRE-RBF-ref-SVM,quantum,0.6,"{""clf__C"": 10.0, ""clf__gamma_mult"": 1.0}"
52,8,80,40,classical/TS+LR,classical,0.6,"{""clf__C"": 1.0}"
52,8,80,40,classical/MDM,classical,0.625,{}
52,8,80,40,classical/CSP+LDA,classical,0.75,"{""csp__nfilter"": 4}"
52,8,80,40,control/riemann-kernel-SVM,control,0.675,"{""clf__C"": 10.0}"
52,8,80,40,control/logeuclid-kernel-SVM,control,0.65,"{""clf__C"": 10.0}"
52,8,80,40,quantum/HS-overlap-SVM,quantum,0.55,"{""clf__C"": 0.1}"
52,8,80,40,quantum/Fidelity-SVM,quantum,0.575,"{""clf__C"": 0.1}"
52,8,80,40,quantum/HS-RBF-SVM,quantum,0.55,"{""clf__C"": 10.0, ""clf__gamma_mult"": 1.0}"
52,8,80,40,quantum/Bures-RBF-SVM,quantum,0.525,"{""clf__C"": 10.0, ""clf__gamma_mult"": 1.0}"
52,8,80,40,quantum/QRE-RBF-SVM,quantum,0.475,"{""clf__C"": 10.0, ""clf__gamma_mult"": 1.0}"
52,8,80,40,quantum/HS-overlap-ref-SVM,quantum,0.65,"{""clf__C"": 10.0}"
52,8,80,40,quantum/Fidelity-ref-SVM,quantum,0.625,"{""clf__C"": 10.0}"
52,8,80,40,quantum/HS-RBF-ref-SVM,quantum,0.675,"{""clf__C"": 10.0, ""clf__gamma_mult"": 1.0}"
52,8,80,40,quantum/Bures-RBF-ref-SVM,quantum,0.725,"{""clf__C"": 10.0, ""clf__gamma_mult"": 1.0}"
52,8,80,40,quantum/QRE-RBF-ref-SVM,quantum,0.65,"{""clf__C"": 10.0, ""clf__gamma_mult"": 1.0}"
52,8,160,40,classical/TS+LR,classical,0.675,"{""clf__C"": 10.0}"
52,8,160,40,classical/MDM,classical,0.6,{}
52,8,160,40,classical/CSP+LDA,classical,0.525,"{""csp__nfilter"": 6}"
52,8,160,40,control/riemann-kernel-SVM,control,0.725,"{""clf__C"": 10.0}"
52,8,160,40,control/logeuclid-kernel-SVM,control,0.7,"{""clf__C"": 10.0}"
52,8,160,40,quantum/HS-overlap-SVM,quantum,0.55,"{""clf__C"": 0.1}"
52,8,160,40,quantum/Fidelity-SVM,quantum,0.525,"{""clf__C"": 0.1}"
52,8,160,40,quantum/HS-RBF-SVM,quantum,0.6,"{""clf__C"": 10.0, ""clf__gamma_mult"": 1.0}"
52,8,160,40,quantum/Bures-RBF-SVM,quantum,0.625,"{""clf__C"": 10.0, ""clf__gamma_mult"": 1.0}"
52,8,160,40,quantum/QRE-RBF-SVM,quantum,0.625,"{""clf__C"": 10.0, ""clf__gamma_mult"": 1.0}"
52,8,160,40,quantum/HS-overlap-ref-SVM,quantum,0.7,"{""clf__C"": 10.0}"
52,8,160,40,quantum/Fidelity-ref-SVM,quantum,0.725,"{""clf__C"": 10.0}"
52,8,160,40,quantum/HS-RBF-ref-SVM,quantum,0.65,"{""clf__C"": 10.0, ""clf__gamma_mult"": 1.0}"
52,8,160,40,quantum/Bures-RBF-ref-SVM,quantum,0.675,"{""clf__C"": 10.0, ""clf__gamma_mult"": 1.0}"
52,8,160,40,quantum/QRE-RBF-ref-SVM,quantum,0.725,"{""clf__C"": 10.0, ""clf__gamma_mult"": 0.25}"
52,9,10,40,classical/TS+LR,classical,0.45,"{""clf__C"": 10.0}"
52,9,10,40,classical/MDM,classical,0.475,{}
52,9,10,40,classical/CSP+LDA,classical,0.525,"{""csp__nfilter"": 2}"
52,9,10,40,control/riemann-kernel-SVM,control,0.55,"{""clf__C"": 10.0}"
52,9,10,40,control/logeuclid-kernel-SVM,control,0.675,"{""clf__C"": 10.0}"
52,9,10,40,quantum/HS-overlap-SVM,quantum,0.575,"{""clf__C"": 0.1}"
52,9,10,40,quantum/Fidelity-SVM,quantum,0.55,"{""clf__C"": 0.1}"
52,9,10,40,quantum/HS-RBF-SVM,quantum,0.575,"{""clf__C"": 10.0, ""clf__gamma_mult"": 0.25}"
52,9,10,40,quantum/Bures-RBF-SVM,quantum,0.575,"{""clf__C"": 10.0, ""clf__gamma_mult"": 0.25}"
52,9,10,40,quantum/QRE-RBF-SVM,quantum,0.575,"{""clf__C"": 10.0, ""clf__gamma_mult"": 0.25}"
52,9,10,40,quantum/HS-overlap-ref-SVM,quantum,0.525,"{""clf__C"": 10.0}"
52,9,10,40,quantum/Fidelity-ref-SVM,quantum,0.55,"{""clf__C"": 0.1}"
52,9,10,40,quantum/HS-RBF-ref-SVM,quantum,0.575,"{""clf__C"": 10.0, ""clf__gamma_mult"": 0.25}"
52,9,10,40,quantum/Bures-RBF-ref-SVM,quantum,0.525,"{""clf__C"": 10.0, ""clf__gamma_mult"": 0.25}"
52,9,10,40,quantum/QRE-RBF-ref-SVM,quantum,0.525,"{""clf__C"": 10.0, ""clf__gamma_mult"": 0.25}"
52,9,20,40,classical/TS+LR,classical,0.575,"{""clf__C"": 0.1}"
52,9,20,40,classical/MDM,classical,0.45,{}
52,9,20,40,classical/CSP+LDA,classical,0.45,"{""csp__nfilter"": 4}"
52,9,20,40,control/riemann-kernel-SVM,control,0.575,"{""clf__C"": 10.0}"
52,9,20,40,control/logeuclid-kernel-SVM,control,0.525,"{""clf__C"": 10.0}"
52,9,20,40,quantum/HS-overlap-SVM,quantum,0.6,"{""clf__C"": 0.1}"
52,9,20,40,quantum/Fidelity-SVM,quantum,0.5,"{""clf__C"": 0.1}"
52,9,20,40,quantum/HS-RBF-SVM,quantum,0.525,"{""clf__C"": 10.0, ""clf__gamma_mult"": 1.0}"
52,9,20,40,quantum/Bures-RBF-SVM,quantum,0.6,"{""clf__C"": 10.0, ""clf__gamma_mult"": 1.0}"
52,9,20,40,quantum/QRE-RBF-SVM,quantum,0.575,"{""clf__C"": 10.0, ""clf__gamma_mult"": 0.25}"
52,9,20,40,quantum/HS-overlap-ref-SVM,quantum,0.525,"{""clf__C"": 10.0}"
52,9,20,40,quantum/Fidelity-ref-SVM,quantum,0.55,"{""clf__C"": 0.1}"
52,9,20,40,quantum/HS-RBF-ref-SVM,quantum,0.575,"{""clf__C"": 10.0, ""clf__gamma_mult"": 0.25}"
52,9,20,40,quantum/Bures-RBF-ref-SVM,quantum,0.55,"{""clf__C"": 10.0, ""clf__gamma_mult"": 0.25}"
52,9,20,40,quantum/QRE-RBF-ref-SVM,quantum,0.55,"{""clf__C"": 10.0, ""clf__gamma_mult"": 0.25}"
52,9,40,40,classical/TS+LR,classical,0.525,"{""clf__C"": 0.1}"
52,9,40,40,classical/MDM,classical,0.475,{}
52,9,40,40,classical/CSP+LDA,classical,0.475,"{""csp__nfilter"": 4}"
52,9,40,40,control/riemann-kernel-SVM,control,0.55,"{""clf__C"": 1.0}"
52,9,40,40,control/logeuclid-kernel-SVM,control,0.575,"{""clf__C"": 10.0}"
52,9,40,40,quantum/HS-overlap-SVM,quantum,0.425,"{""clf__C"": 0.1}"
52,9,40,40,quantum/Fidelity-SVM,quantum,0.475,"{""clf__C"": 0.1}"
52,9,40,40,quantum/HS-RBF-SVM,quantum,0.55,"{""clf__C"": 10.0, ""clf__gamma_mult"": 1.0}"
52,9,40,40,quantum/Bures-RBF-SVM,quantum,0.575,"{""clf__C"": 10.0, ""clf__gamma_mult"": 0.25}"
52,9,40,40,quantum/QRE-RBF-SVM,quantum,0.575,"{""clf__C"": 10.0, ""clf__gamma_mult"": 0.25}"
52,9,40,40,quantum/HS-overlap-ref-SVM,quantum,0.55,"{""clf__C"": 10.0}"
52,9,40,40,quantum/Fidelity-ref-SVM,quantum,0.575,"{""clf__C"": 10.0}"
52,9,40,40,quantum/HS-RBF-ref-SVM,quantum,0.625,"{""clf__C"": 10.0, ""clf__gamma_mult"": 0.25}"
52,9,40,40,quantum/Bures-RBF-ref-SVM,quantum,0.575,"{""clf__C"": 10.0, ""clf__gamma_mult"": 1.0}"
52,9,40,40,quantum/QRE-RBF-ref-SVM,quantum,0.55,"{""clf__C"": 10.0, ""clf__gamma_mult"": 1.0}"
52,9,80,40,classical/TS+LR,classical,0.725,"{""clf__C"": 10.0}"
52,9,80,40,classical/MDM,classical,0.625,{}
52,9,80,40,classical/CSP+LDA,classical,0.625,"{""csp__nfilter"": 2}"
52,9,80,40,control/riemann-kernel-SVM,control,0.775,"{""clf__C"": 10.0}"
52,9,80,40,control/logeuclid-kernel-SVM,control,0.725,"{""clf__C"": 10.0}"
52,9,80,40,quantum/HS-overlap-SVM,quantum,0.45,"{""clf__C"": 0.1}"
52,9,80,40,quantum/Fidelity-SVM,quantum,0.575,"{""clf__C"": 0.1}"
52,9,80,40,quantum/HS-RBF-SVM,quantum,0.65,"{""clf__C"": 10.0, ""clf__gamma_mult"": 1.0}"
52,9,80,40,quantum/Bures-RBF-SVM,quantum,0.7,"{""clf__C"": 10.0, ""clf__gamma_mult"": 1.0}"
52,9,80,40,quantum/QRE-RBF-SVM,quantum,0.7,"{""clf__C"": 10.0, ""clf__gamma_mult"": 1.0}"
52,9,80,40,quantum/HS-overlap-ref-SVM,quantum,0.65,"{""clf__C"": 10.0}"
52,9,80,40,quantum/Fidelity-ref-SVM,quantum,0.65,"{""clf__C"": 10.0}"
52,9,80,40,quantum/HS-RBF-ref-SVM,quantum,0.625,"{""clf__C"": 10.0, ""clf__gamma_mult"": 1.0}"
52,9,80,40,quantum/Bures-RBF-ref-SVM,quantum,0.6,"{""clf__C"": 10.0, ""clf__gamma_mult"": 1.0}"
52,9,80,40,quantum/QRE-RBF-ref-SVM,quantum,0.625,"{""clf__C"": 10.0, ""clf__gamma_mult"": 1.0}"
52,9,160,40,classical/TS+LR,classical,0.675,"{""clf__C"": 10.0}"
52,9,160,40,classical/MDM,classical,0.6,{}
52,9,160,40,classical/CSP+LDA,classical,0.525,"{""csp__nfilter"": 6}"
52,9,160,40,control/riemann-kernel-SVM,control,0.725,"{""clf__C"": 10.0}"
52,9,160,40,control/logeuclid-kernel-SVM,control,0.7,"{""clf__C"": 10.0}"
52,9,160,40,quantum/HS-overlap-SVM,quantum,0.55,"{""clf__C"": 0.1}"
52,9,160,40,quantum/Fidelity-SVM,quantum,0.525,"{""clf__C"": 0.1}"
52,9,160,40,quantum/HS-RBF-SVM,quantum,0.6,"{""clf__C"": 10.0, ""clf__gamma_mult"": 1.0}"
52,9,160,40,quantum/Bures-RBF-SVM,quantum,0.625,"{""clf__C"": 10.0, ""clf__gamma_mult"": 1.0}"
52,9,160,40,quantum/QRE-RBF-SVM,quantum,0.625,"{""clf__C"": 10.0, ""clf__gamma_mult"": 1.0}"
52,9,160,40,quantum/HS-overlap-ref-SVM,quantum,0.7,"{""clf__C"": 10.0}"
52,9,160,40,quantum/Fidelity-ref-SVM,quantum,0.725,"{""clf__C"": 10.0}"
52,9,160,40,quantum/HS-RBF-ref-SVM,quantum,0.65,"{""clf__C"": 10.0, ""clf__gamma_mult"": 1.0}"
52,9,160,40,quantum/Bures-RBF-ref-SVM,quantum,0.675,"{""clf__C"": 10.0, ""clf__gamma_mult"": 1.0}"
52,9,160,40,quantum/QRE-RBF-ref-SVM,quantum,0.725,"{""clf__C"": 10.0, ""clf__gamma_mult"": 0.25}"
