subject,pipeline,group,fold,accuracy,auc,best_params,fit_seconds_total
1,classical/logvar+LDA,classical,0,0.7931034482758621,0.9072532699167658,{},0.15080760000273585
1,classical/logvar+LDA,classical,1,0.6896551724137931,0.7621878715814506,{},0.15080760000273585
1,classical/logvar+LDA,classical,2,0.6724137931034483,0.7431629013079668,{},0.15080760000273585
1,classical/logvar+LDA,classical,3,0.7894736842105263,0.9113300492610837,{},0.15080760000273585
1,classical/logvar+LDA,classical,4,0.6666666666666666,0.7241379310344828,{},0.15080760000273585
1,classical/logvar+LDA,classical,5,0.7413793103448276,0.7883472057074911,{},0.15080760000273585
1,classical/logvar+LDA,classical,6,0.7068965517241379,0.821640903686088,{},0.15080760000273585
1,classical/logvar+LDA,classical,7,0.7413793103448276,0.7990487514863258,{},0.15080760000273585
1,classical/logvar+LDA,classical,8,0.7894736842105263,0.8793103448275862,{},0.15080760000273585
1,classical/logvar+LDA,classical,9,0.7719298245614035,0.853448275862069,{},0.15080760000273585
1,classical/logvar+LDA,classical,10,0.7241379310344828,0.8608799048751486,{},0.15080760000273585
1,classical/logvar+LDA,classical,11,0.7413793103448276,0.882282996432818,{},0.15080760000273585
1,classical/logvar+LDA,classical,12,0.6724137931034483,0.7348394768133175,{},0.15080760000273585
1,classical/logvar+LDA,classical,13,0.7543859649122807,0.768472906403941,{},0.15080760000273585
1,classical/logvar+LDA,classical,14,0.7719298245614035,0.8805418719211823,{},0.15080760000273585
1,classical/CSP+LDA,classical,0,0.8103448275862069,0.9227110582639715,"{""csp__nfilter"": 2}",10.294722300008289
1,classical/CSP+LDA,classical,1,0.8103448275862069,0.9571938168846611,"{""csp__nfilter"": 6}",10.294722300008289
1,classical/CSP+LDA,classical,2,0.8620689655172413,0.9678953626634959,"{""csp__nfilter"": 6}",10.294722300008289
1,classical/CSP+LDA,classical,3,0.9649122807017544,0.9975369458128079,"{""csp__nfilter"": 4}",10.294722300008289
1,classical/CSP+LDA,classical,4,0.7719298245614035,0.8891625615763548,"{""csp__nfilter"": 6}",10.294722300008289
1,classical/CSP+LDA,classical,5,0.8275862068965517,0.9322235434007136,"{""csp__nfilter"": 2}",10.294722300008289
1,classical/CSP+LDA,classical,6,0.8275862068965517,0.9453032104637337,"{""csp__nfilter"": 6}",10.294722300008289
1,classical/CSP+LDA,classical,7,0.8448275862068966,0.9643281807372177,"{""csp__nfilter"": 6}",10.294722300008289
1,classical/CSP+LDA,classical,8,0.9122807017543859,0.9593596059113301,"{""csp__nfilter"": 6}",10.294722300008289
1,classical/CSP+LDA,classical,9,0.8771929824561403,0.9470443349753694,"{""csp__nfilter"": 6}",10.294722300008289
1,classical/CSP+LDA,classical,10,0.8275862068965517,0.9655172413793104,"{""csp__nfilter"": 4}",10.294722300008289
1,classical/CSP+LDA,classical,11,0.9137931034482759,0.9678953626634957,"{""csp__nfilter"": 6}",10.294722300008289
1,classical/CSP+LDA,classical,12,0.8103448275862069,0.8941736028537455,"{""csp__nfilter"": 6}",10.294722300008289
1,classical/CSP+LDA,classical,13,0.7894736842105263,0.9027093596059114,"{""csp__nfilter"": 2}",10.294722300008289
1,classical/CSP+LDA,classical,14,0.9122807017543859,0.9802955665024631,"{""csp__nfilter"": 6}",10.294722300008289
1,classical/MDM,classical,0,0.7931034482758621,0.8989298454221165,{},1.2634958999988157
1,classical/MDM,classical,1,0.7931034482758621,0.93935790725327,{},1.2634958999988157
1,classical/MDM,classical,2,0.8275862068965517,0.9191438763376932,{},1.2634958999988157
1,classical/MDM,classical,3,0.9122807017543859,0.9926108374384237,{},1.2634958999988157
1,classical/MDM,classical,4,0.7543859649122807,0.8448275862068966,{},1.2634958999988157
1,classical/MDM,classical,5,0.8103448275862069,0.9024970273483948,{},1.2634958999988157
1,classical/MDM,classical,6,0.8103448275862069,0.915576694411415,{},1.2634958999988157
1,classical/MDM,classical,7,0.7931034482758621,0.915576694411415,{},1.2634958999988157
1,classical/MDM,classical,8,0.8771929824561403,0.9642857142857143,{},1.2634958999988157
1,classical/MDM,classical,9,0.8245614035087719,0.8879310344827587,{},1.2634958999988157
1,classical/MDM,classical,10,0.8103448275862069,0.9227110582639715,{},1.2634958999988157
1,classical/MDM,classical,11,0.8793103448275862,0.9381688466111772,{},1.2634958999988157
1,classical/MDM,classical,12,0.7068965517241379,0.8335315101070154,{},1.2634958999988157
1,classical/MDM,classical,13,0.7894736842105263,0.9100985221674878,{},1.2634958999988157
1,classical/MDM,classical,14,0.9298245614035088,0.9704433497536945,{},1.2634958999988157
1,classical/TS+LR,classical,0,0.8103448275862069,0.8929845422116528,"{""clf__C"": 0.1}",12.108981700002914
1,classical/TS+LR,classical,1,0.7758620689655172,0.9357907253269917,"{""clf__C"": 0.1}",12.108981700002914
1,classical/TS+LR,classical,2,0.8275862068965517,0.9215219976218787,"{""clf__C"": 0.1}",12.108981700002914
1,classical/TS+LR,classical,3,0.9298245614035088,0.9975369458128079,"{""clf__C"": 0.1}",12.108981700002914
1,classical/TS+LR,classical,4,0.7719298245614035,0.8903940886699506,"{""clf__C"": 0.1}",12.108981700002914
1,classical/TS+LR,classical,5,0.7931034482758621,0.9227110582639715,"{""clf__C"": 0.1}",12.108981700002914
1,classical/TS+LR,classical,6,0.8448275862068966,0.9369797859690844,"{""clf__C"": 0.1}",12.108981700002914
1,classical/TS+LR,classical,7,0.8620689655172413,0.9393579072532698,"{""clf__C"": 0.1}",12.108981700002914
1,classical/TS+LR,classical,8,0.8596491228070176,0.9507389162561577,"{""clf__C"": 0.1}",12.108981700002914
1,classical/TS+LR,classical,9,0.8596491228070176,0.9273399014778325,"{""clf__C"": 0.1}",12.108981700002914
1,classical/TS+LR,classical,10,0.8620689655172413,0.9417360285374554,"{""clf__C"": 0.1}",12.108981700002914
1,classical/TS+LR,classical,11,0.9137931034482759,0.9678953626634959,"{""clf__C"": 0.1}",12.108981700002914
1,classical/TS+LR,classical,12,0.7931034482758621,0.8549346016646848,"{""clf__C"": 0.1}",12.108981700002914
1,classical/TS+LR,classical,13,0.7368421052631579,0.8633004926108374,"{""clf__C"": 1.0}",12.108981700002914
1,classical/TS+LR,classical,14,0.8947368421052632,0.9704433497536946,"{""clf__C"": 0.1}",12.108981700002914
1,classical/TS+RBF-SVM,classical,0,0.7931034482758621,0.8668252080856124,"{""clf__C"": 10.0, ""clf__gamma"": 0.01}",31.33611689999816
1,classical/TS+RBF-SVM,classical,1,0.7931034482758621,0.9369797859690845,"{""clf__C"": 1.0, ""clf__gamma"": 0.01}",31.33611689999816
1,classical/TS+RBF-SVM,classical,2,0.8103448275862069,0.9143876337693223,"{""clf__C"": 1.0, ""clf__gamma"": 0.01}",31.33611689999816
1,classical/TS+RBF-SVM,classical,3,0.9298245614035088,0.9938423645320197,"{""clf__C"": 1.0, ""clf__gamma"": 0.01}",31.33611689999816
1,classical/TS+RBF-SVM,classical,4,0.7543859649122807,0.8669950738916257,"{""clf__C"": 10.0, ""clf__gamma"": 0.01}",31.33611689999816
1,classical/TS+RBF-SVM,classical,5,0.7758620689655172,0.9096313912009513,"{""clf__C"": 1.0, ""clf__gamma"": 0.01}",31.33611689999816
1,classical/TS+RBF-SVM,classical,6,0.7758620689655172,0.9274673008323424,"{""clf__C"": 1.0, ""clf__gamma"": ""scale""}",31.33611689999816
1,classical/TS+RBF-SVM,classical,7,0.8793103448275862,0.9500594530321047,"{""clf__C"": 1.0, ""clf__gamma"": 0.01}",31.33611689999816
1,classical/TS+RBF-SVM,classical,8,0.9122807017543859,0.9544334975369457,"{""clf__C"": 1.0, ""clf__gamma"": 0.01}",31.33611689999816
1,classical/TS+RBF-SVM,classical,9,0.8245614035087719,0.9014778325123153,"{""clf__C"": 1.0, ""clf__gamma"": ""scale""}",31.33611689999816
1,classical/TS+RBF-SVM,classical,10,0.8103448275862069,0.9239001189060643,"{""clf__C"": 1.0, ""clf__gamma"": ""scale""}",31.33611689999816
1,classical/TS+RBF-SVM,classical,11,0.8793103448275862,0.9488703923900119,"{""clf__C"": 1.0, ""clf__gamma"": ""scale""}",31.33611689999816
1,classical/TS+RBF-SVM,classical,12,0.7758620689655172,0.8478002378121284,"{""clf__C"": 1.0, ""clf__gamma"": 0.01}",31.33611689999816
1,classical/TS+RBF-SVM,classical,13,0.7017543859649122,0.853448275862069,"{""clf__C"": 10.0, ""clf__gamma"": 0.01}",31.33611689999816
1,classical/TS+RBF-SVM,classical,14,0.8771929824561403,0.9679802955665024,"{""clf__C"": 1.0, ""clf__gamma"": 0.01}",31.33611689999816
1,quantum/HS-overlap-SVM,quantum,0,0.5689655172413793,0.6848989298454221,"{""clf__C"": 0.1}",11.506053699995391
1,quantum/HS-overlap-SVM,quantum,1,0.4482758620689655,0.3632580261593341,"{""clf__C"": 10.0}",11.506053699995391
1,quantum/HS-overlap-SVM,quantum,2,0.5,0.4661117717003567,"{""clf__C"": 10.0}",11.506053699995391
1,quantum/HS-overlap-SVM,quantum,3,0.49122807017543857,0.7339901477832512,"{""clf__C"": 0.1}",11.506053699995391
1,quantum/HS-overlap-SVM,quantum,4,0.5263157894736842,0.4673645320197044,"{""clf__C"": 10.0}",11.506053699995391
1,quantum/HS-overlap-SVM,quantum,5,0.5689655172413793,0.5517241379310345,"{""clf__C"": 10.0}",11.506053699995391
1,quantum/HS-overlap-SVM,quantum,6,0.5517241379310345,0.5101070154577884,"{""clf__C"": 10.0}",11.506053699995391
1,quantum/HS-overlap-SVM,quantum,7,0.5,0.5541022592152199,"{""clf__C"": 10.0}",11.506053699995391
1,quantum/HS-overlap-SVM,quantum,8,0.49122807017543857,0.5086206896551724,"{""clf__C"": 10.0}",11.506053699995391
1,quantum/HS-overlap-SVM,quantum,9,0.5263157894736842,0.48275862068965514,"{""clf__C"": 10.0}",11.506053699995391
1,quantum/HS-overlap-SVM,quantum,10,0.5689655172413793,0.5564803804994054,"{""clf__C"": 0.1}",11.506053699995391
1,quantum/HS-overlap-SVM,quantum,11,0.5689655172413793,0.5309155766944114,"{""clf__C"": 0.1}",11.506053699995391
1,quantum/HS-overlap-SVM,quantum,12,0.5172413793103449,0.4780023781212842,"{""clf__C"": 10.0}",11.506053699995391
1,quantum/HS-overlap-SVM,quantum,13,0.49122807017543857,0.5874384236453202,"{""clf__C"": 0.1}",11.506053699995391
1,quantum/HS-overlap-SVM,quantum,14,0.42105263157894735,0.43719211822660103,"{""clf__C"": 10.0}",11.506053699995391
1,quantum/Fidelity-SVM,quantum,0,0.5344827586206896,0.5945303210463733,"{""clf__C"": 0.1}",28.63805819999834
1,quantum/Fidelity-SVM,quantum,1,0.4482758620689655,0.3579072532699168,"{""clf__C"": 10.0}",28.63805819999834
1,quantum/Fidelity-SVM,quantum,2,0.5,0.4494649227110583,"{""clf__C"": 10.0}",28.63805819999834
1,quantum/Fidelity-SVM,quantum,3,0.49122807017543857,0.49630541871921174,"{""clf__C"": 0.1}",28.63805819999834
1,quantum/Fidelity-SVM,quantum,4,0.49122807017543857,0.4667487684729065,"{""clf__C"": 0.1}",28.63805819999834
1,quantum/Fidelity-SVM,quantum,5,0.5862068965517241,0.5505350772889417,"{""clf__C"": 0.1}",28.63805819999834
1,quantum/Fidelity-SVM,quantum,6,0.5517241379310345,0.5017835909631392,"{""clf__C"": 0.1}",28.63805819999834
1,quantum/Fidelity-SVM,quantum,7,0.5,0.5505350772889418,"{""clf__C"": 10.0}",28.63805819999834
1,quantum/Fidelity-SVM,quantum,8,0.5087719298245614,0.5049261083743842,"{""clf__C"": 10.0}",28.63805819999834
1,quantum/Fidelity-SVM,quantum,9,0.5087719298245614,0.479064039408867,"{""clf__C"": 10.0}",28.63805819999834
1,quantum/Fidelity-SVM,quantum,10,0.5517241379310345,0.558858501783591,"{""clf__C"": 0.1}",28.63805819999834
1,quantum/Fidelity-SVM,quantum,11,0.5689655172413793,0.5279429250891796,"{""clf__C"": 0.1}",28.63805819999834
1,quantum/Fidelity-SVM,quantum,12,0.5,0.47562425683709875,"{""clf__C"": 10.0}",28.63805819999834
1,quantum/Fidelity-SVM,quantum,13,0.49122807017543857,0.584975369458128,"{""clf__C"": 0.1}",28.63805819999834
1,quantum/Fidelity-SVM,quantum,14,0.49122807017543857,0.4384236453201971,"{""clf__C"": 0.1}",28.63805819999834
1,quantum/HS-RBF-SVM,quantum,0,0.6379310344827587,0.6195005945303211,"{""clf__C"": 10.0, ""clf__gamma_mult"": 0.25}",32.81414380000206
1,quantum/HS-RBF-SVM,quantum,1,0.5517241379310345,0.6040428061831152,"{""clf__C"": 10.0, ""clf__gamma_mult"": 0.25}",32.81414380000206
1,quantum/HS-RBF-SVM,quantum,2,0.603448275862069,0.5885850178359097,"{""clf__C"": 10.0, ""clf__gamma_mult"": 1.0}",32.81414380000206
1,quantum/HS-RBF-SVM,quantum,3,0.49122807017543857,0.4778325123152709,"{""clf__C"": 1.0, ""clf__gamma_mult"": 0.25}",32.81414380000206
1,quantum/HS-RBF-SVM,quantum,4,0.631578947368421,0.6403940886699507,"{""clf__C"": 10.0, ""clf__gamma_mult"": 0.25}",32.81414380000206
1,quantum/HS-RBF-SVM,quantum,5,0.5,0.5243757431629014,"{""clf__C"": 10.0, ""clf__gamma_mult"": 1.0}",32.81414380000206
1,quantum/HS-RBF-SVM,quantum,6,0.6724137931034483,0.7348394768133175,"{""clf__C"": 10.0, ""clf__gamma_mult"": 0.25}",32.81414380000206
1,quantum/HS-RBF-SVM,quantum,7,0.5517241379310345,0.619500594530321,"{""clf__C"": 10.0, ""clf__gamma_mult"": 1.0}",32.81414380000206
1,quantum/HS-RBF-SVM,quantum,8,0.49122807017543857,0.5517241379310345,"{""clf__C"": 10.0, ""clf__gamma_mult"": 0.25}",32.81414380000206
1,quantum/HS-RBF-SVM,quantum,9,0.6140350877192983,0.5825123152709359,"{""clf__C"": 10.0, ""clf__gamma_mult"": 1.0}",32.81414380000206
1,quantum/HS-RBF-SVM,quantum,10,0.7068965517241379,0.72294887039239,"{""clf__C"": 10.0, ""clf__gamma_mult"": 0.25}",32.81414380000206
1,quantum/HS-RBF-SVM,quantum,11,0.6896551724137931,0.7217598097502973,"{""clf__C"": 10.0, ""clf__gamma_mult"": 0.25}",32.81414380000206
1,quantum/HS-RBF-SVM,quantum,12,0.5517241379310345,0.4982164090368608,"{""clf__C"": 10.0, ""clf__gamma_mult"": 1.0}",32.81414380000206
1,quantum/HS-RBF-SVM,quantum,13,0.543859649122807,0.5972906403940886,"{""clf__C"": 1.0, ""clf__gamma_mult"": 0.25}",32.81414380000206
1,quantum/HS-RBF-SVM,quantum,14,0.47368421052631576,0.49507389162561577,"{""clf__C"": 10.0, ""clf__gamma_mult"": 0.25}",32.81414380000206
1,quantum/Bures-RBF-SVM,quantum,0,0.6379310344827587,0.6183115338882283,"{""clf__C"": 10.0, ""clf__gamma_mult"": 0.25}",73.3715155999962
1,quantum/Bures-RBF-SVM,quantum,1,0.5689655172413793,0.6087990487514863,"{""clf__C"": 10.0, ""clf__gamma_mult"": 0.25}",73.3715155999962
1,quantum/Bures-RBF-SVM,quantum,2,0.5344827586206896,0.5731272294887039,"{""clf__C"": 10.0, ""clf__gamma_mult"": 0.25}",73.3715155999962
1,quantum/Bures-RBF-SVM,quantum,3,0.543859649122807,0.6009852216748769,"{""clf__C"": 10.0, ""clf__gamma_mult"": 1.0}",73.3715155999962
1,quantum/Bures-RBF-SVM,quantum,4,0.6491228070175439,0.6539408866995075,"{""clf__C"": 10.0, ""clf__gamma_mult"": 0.25}",73.3715155999962
1,quantum/Bures-RBF-SVM,quantum,5,0.5689655172413793,0.5707491082045185,"{""clf__C"": 10.0, ""clf__gamma_mult"": 0.25}",73.3715155999962
1,quantum/Bures-RBF-SVM,quantum,6,0.6724137931034483,0.7384066587395957,"{""clf__C"": 10.0, ""clf__gamma_mult"": 0.25}",73.3715155999962
1,quantum/Bures-RBF-SVM,quantum,7,0.5517241379310345,0.6230677764565992,"{""clf__C"": 10.0, ""clf__gamma_mult"": 1.0}",73.3715155999962
1,quantum/Bures-RBF-SVM,quantum,8,0.49122807017543857,0.5529556650246306,"{""clf__C"": 10.0, ""clf__gamma_mult"": 0.25}",73.3715155999962
1,quantum/Bures-RBF-SVM,quantum,9,0.6842105263157895,0.6120689655172413,"{""clf__C"": 10.0, ""clf__gamma_mult"": 0.25}",73.3715155999962
1,quantum/Bures-RBF-SVM,quantum,10,0.6206896551724138,0.7312722948870393,"{""clf__C"": 10.0, ""clf__gamma_mult"": 1.0}",73.3715155999962
1,quantum/Bures-RBF-SVM,quantum,11,0.6896551724137931,0.718192627824019,"{""clf__C"": 10.0, ""clf__gamma_mult"": 0.25}",73.3715155999962
1,quantum/Bures-RBF-SVM,quantum,12,0.5517241379310345,0.5101070154577884,"{""clf__C"": 10.0, ""clf__gamma_mult"": 1.0}",73.3715155999962
1,quantum/Bures-RBF-SVM,quantum,13,0.5087719298245614,0.5899014778325123,"{""clf__C"": 10.0, ""clf__gamma_mult"": 4.0}",73.3715155999962
1,quantum/Bures-RBF-SVM,quantum,14,0.5087719298245614,0.49876847290640397,"{""clf__C"": 10.0, ""clf__gamma_mult"": 0.25}",73.3715155999962
1,quantum/IQP-kernel-SVM,quantum,0,0.8620689655172413,0.9048751486325803,"{""clf__C"": 10.0, ""clf__scale"": 0.5}",36.53380299999844
1,quantum/IQP-kernel-SVM,quantum,1,0.7413793103448276,0.8834720570749108,"{""clf__C"": 1.0, ""clf__scale"": 0.5}",36.53380299999844
1,quantum/IQP-kernel-SVM,quantum,2,0.8103448275862069,0.9239001189060643,"{""clf__C"": 1.0, ""clf__scale"": 0.5}",36.53380299999844
1,quantum/IQP-kernel-SVM,quantum,3,0.6842105263157895,0.7795566502463054,"{""clf__C"": 1.0, ""clf__scale"": 1.0}",36.53380299999844
1,quantum/IQP-kernel-SVM,quantum,4,0.7543859649122807,0.8682266009852218,"{""clf__C"": 1.0, ""clf__scale"": 0.5}",36.53380299999844
1,quantum/IQP-kernel-SVM,quantum,5,0.7931034482758621,0.8727705112960761,"{""clf__C"": 1.0, ""clf__scale"": 0.5}",36.53380299999844
1,quantum/IQP-kernel-SVM,quantum,6,0.7931034482758621,0.9096313912009513,"{""clf__C"": 1.0, ""clf__scale"": 0.5}",36.53380299999844
1,quantum/IQP-kernel-SVM,quantum,7,0.8793103448275862,0.929845422116528,"{""clf__C"": 10.0, ""clf__scale"": 0.5}",36.53380299999844
1,quantum/IQP-kernel-SVM,quantum,8,0.8070175438596491,0.9137931034482759,"{""clf__C"": 10.0, ""clf__scale"": 0.5}",36.53380299999844
1,quantum/IQP-kernel-SVM,quantum,9,0.7543859649122807,0.8854679802955665,"{""clf__C"": 1.0, ""clf__scale"": 0.5}",36.53380299999844
1,quantum/IQP-kernel-SVM,quantum,10,0.7586206896551724,0.8692033293697979,"{""clf__C"": 1.0, ""clf__scale"": 0.5}",36.53380299999844
1,quantum/IQP-kernel-SVM,quantum,11,0.896551724137931,0.9322235434007135,"{""clf__C"": 1.0, ""clf__scale"": 0.5}",36.53380299999844
1,quantum/IQP-kernel-SVM,quantum,12,0.6724137931034483,0.8026159334126041,"{""clf__C"": 1.0, ""clf__scale"": 0.5}",36.53380299999844
1,quantum/IQP-kernel-SVM,quantum,13,0.7894736842105263,0.9088669950738917,"{""clf__C"": 10.0, ""clf__scale"": 0.5}",36.53380299999844
1,quantum/IQP-kernel-SVM,quantum,14,0.8421052631578947,0.9458128078817735,"{""clf__C"": 1.0, ""clf__scale"": 0.5}",36.53380299999844
1,quantum/CNOT-kernel-SVM,quantum,0,0.8275862068965517,0.9143876337693222,"{""clf__C"": 1.0, ""clf__scale"": 1.0}",35.56947210000362
1,quantum/CNOT-kernel-SVM,quantum,1,0.7586206896551724,0.9167657550535077,"{""clf__C"": 1.0, ""clf__scale"": 0.5}",35.56947210000362
1,quantum/CNOT-kernel-SVM,quantum,2,0.8448275862068966,0.9322235434007133,"{""clf__C"": 1.0, ""clf__scale"": 0.5}",35.56947210000362
1,quantum/CNOT-kernel-SVM,quantum,3,0.8771929824561403,0.9556650246305419,"{""clf__C"": 10.0, ""clf__scale"": 1.0}",35.56947210000362
1,quantum/CNOT-kernel-SVM,quantum,4,0.7192982456140351,0.8386699507389161,"{""clf__C"": 1.0, ""clf__scale"": 0.5}",35.56947210000362
1,quantum/CNOT-kernel-SVM,quantum,5,0.7931034482758621,0.9084423305588585,"{""clf__C"": 1.0, ""clf__scale"": 0.5}",35.56947210000362
1,quantum/CNOT-kernel-SVM,quantum,6,0.8448275862068966,0.9143876337693222,"{""clf__C"": 1.0, ""clf__scale"": 0.5}",35.56947210000362
1,quantum/CNOT-kernel-SVM,quantum,7,0.7931034482758621,0.9536266349583828,"{""clf__C"": 1.0, ""clf__scale"": 0.5}",35.56947210000362
1,quantum/CNOT-kernel-SVM,quantum,8,0.8421052631578947,0.939655172413793,"{""clf__C"": 10.0, ""clf__scale"": 0.5}",35.56947210000362
1,quantum/CNOT-kernel-SVM,quantum,9,0.7543859649122807,0.8866995073891626,"{""clf__C"": 10.0, ""clf__scale"": 0.5}",35.56947210000362
1,quantum/CNOT-kernel-SVM,quantum,10,0.7931034482758621,0.9024970273483948,"{""clf__C"": 10.0, ""clf__scale"": 1.0}",35.56947210000362
1,quantum/CNOT-kernel-SVM,quantum,11,0.8793103448275862,0.9381688466111773,"{""clf__C"": 10.0, ""clf__scale"": 0.5}",35.56947210000362
1,quantum/CNOT-kernel-SVM,quantum,12,0.7241379310344828,0.8204518430439952,"{""clf__C"": 10.0, ""clf__scale"": 0.5}",35.56947210000362
1,quantum/CNOT-kernel-SVM,quantum,13,0.8070175438596491,0.9137931034482758,"{""clf__C"": 10.0, ""clf__scale"": 0.5}",35.56947210000362
1,quantum/CNOT-kernel-SVM,quantum,14,0.8596491228070176,0.9408866995073891,"{""clf__C"": 10.0, ""clf__scale"": 0.5}",35.56947210000362
1,control/IQP-no-entangle,control,0,0.8448275862068966,0.8882282996432819,"{""clf__C"": 10.0, ""clf__scale"": 1.0}",35.83795420000388
1,control/IQP-no-entangle,control,1,0.7586206896551724,0.9215219976218787,"{""clf__C"": 1.0, ""clf__scale"": 0.5}",35.83795420000388
1,control/IQP-no-entangle,control,2,0.8448275862068966,0.9191438763376932,"{""clf__C"": 0.1, ""clf__scale"": 1.0}",35.83795420000388
1,control/IQP-no-entangle,control,3,0.8947368421052632,0.9519704433497537,"{""clf__C"": 10.0, ""clf__scale"": 1.0}",35.83795420000388
1,control/IQP-no-entangle,control,4,0.7017543859649122,0.8423645320197044,"{""clf__C"": 10.0, ""clf__scale"": 0.5}",35.83795420000388
1,control/IQP-no-entangle,control,5,0.8103448275862069,0.8882282996432818,"{""clf__C"": 1.0, ""clf__scale"": 1.0}",35.83795420000388
1,control/IQP-no-entangle,control,6,0.8275862068965517,0.9191438763376932,"{""clf__C"": 1.0, ""clf__scale"": 1.0}",35.83795420000388
1,control/IQP-no-entangle,control,7,0.8275862068965517,0.9571938168846611,"{""clf__C"": 1.0, ""clf__scale"": 0.5}",35.83795420000388
1,control/IQP-no-entangle,control,8,0.8070175438596491,0.9310344827586206,"{""clf__C"": 1.0, ""clf__scale"": 0.5}",35.83795420000388
1,control/IQP-no-entangle,control,9,0.7192982456140351,0.8830049261083743,"{""clf__C"": 10.0, ""clf__scale"": 0.5}",35.83795420000388
1,control/IQP-no-entangle,control,10,0.7586206896551724,0.8751486325802615,"{""clf__C"": 1.0, ""clf__scale"": 1.0}",35.83795420000388
1,control/IQP-no-entangle,control,11,0.896551724137931,0.9334126040428061,"{""clf__C"": 0.1, ""clf__scale"": 1.0}",35.83795420000388
1,control/IQP-no-entangle,control,12,0.7586206896551724,0.8299643281807372,"{""clf__C"": 1.0, ""clf__scale"": 0.5}",35.83795420000388
1,control/IQP-no-entangle,control,13,0.7894736842105263,0.9064039408866995,"{""clf__C"": 10.0, ""clf__scale"": 0.5}",35.83795420000388
1,control/IQP-no-entangle,control,14,0.8947368421052632,0.9679802955665024,"{""clf__C"": 1.0, ""clf__scale"": 0.5}",35.83795420000388
1,control/PCA-matched-RBF,control,0,0.8448275862068966,0.8870392390011891,"{""clf__C"": 10.0, ""clf__gamma"": ""scale""}",32.00740410000435
1,control/PCA-matched-RBF,control,1,0.7413793103448276,0.9227110582639714,"{""clf__C"": 1.0, ""clf__gamma"": 0.1}",32.00740410000435
1,control/PCA-matched-RBF,control,2,0.8448275862068966,0.9298454221165279,"{""clf__C"": 1.0, ""clf__gamma"": 0.1}",32.00740410000435
1,control/PCA-matched-RBF,control,3,0.8596491228070176,0.9458128078817734,"{""clf__C"": 10.0, ""clf__gamma"": ""scale""}",32.00740410000435
1,control/PCA-matched-RBF,control,4,0.7017543859649122,0.8485221674876846,"{""clf__C"": 10.0, ""clf__gamma"": 0.1}",32.00740410000435
1,control/PCA-matched-RBF,control,5,0.7931034482758621,0.901307966706302,"{""clf__C"": 1.0, ""clf__gamma"": 0.1}",32.00740410000435
1,control/PCA-matched-RBF,control,6,0.8448275862068966,0.9322235434007135,"{""clf__C"": 1.0, ""clf__gamma"": 0.1}",32.00740410000435
1,control/PCA-matched-RBF,control,7,0.8448275862068966,0.9560047562425684,"{""clf__C"": 1.0, ""clf__gamma"": 0.1}",32.00740410000435
1,control/PCA-matched-RBF,control,8,0.7894736842105263,0.9298029556650246,"{""clf__C"": 1.0, ""clf__gamma"": 0.1}",32.00740410000435
1,control/PCA-matched-RBF,control,9,0.7192982456140351,0.873152709359606,"{""clf__C"": 10.0, ""clf__gamma"": 0.1}",32.00740410000435
1,control/PCA-matched-RBF,control,10,0.8103448275862069,0.8953626634958383,"{""clf__C"": 10.0, ""clf__gamma"": ""scale""}",32.00740410000435
1,control/PCA-matched-RBF,control,11,0.8620689655172413,0.9381688466111772,"{""clf__C"": 10.0, ""clf__gamma"": 0.1}",32.00740410000435
1,control/PCA-matched-RBF,control,12,0.7241379310344828,0.8418549346016647,"{""clf__C"": 10.0, ""clf__gamma"": 0.1}",32.00740410000435
1,control/PCA-matched-RBF,control,13,0.8070175438596491,0.9100985221674878,"{""clf__C"": 10.0, ""clf__gamma"": 0.1}",32.00740410000435
1,control/PCA-matched-RBF,control,14,0.8947368421052632,0.9519704433497537,"{""clf__C"": 10.0, ""clf__gamma"": 0.1}",32.00740410000435
1,control/PCA-matched-linear,control,0,0.7758620689655172,0.915576694411415,"{""clf__C"": 0.1}",11.935933499989915
1,control/PCA-matched-linear,control,1,0.7586206896551724,0.9084423305588585,"{""clf__C"": 0.1}",11.935933499989915
1,control/PCA-matched-linear,control,2,0.8275862068965517,0.9239001189060642,"{""clf__C"": 0.1}",11.935933499989915
1,control/PCA-matched-linear,control,3,0.8771929824561403,0.9655172413793104,"{""clf__C"": 1.0}",11.935933499989915
1,control/PCA-matched-linear,control,4,0.7368421052631579,0.8583743842364531,"{""clf__C"": 0.1}",11.935933499989915
1,control/PCA-matched-linear,control,5,0.8103448275862069,0.9131985731272295,"{""clf__C"": 1.0}",11.935933499989915
1,control/PCA-matched-linear,control,6,0.8275862068965517,0.9334126040428062,"{""clf__C"": 10.0}",11.935933499989915
1,control/PCA-matched-linear,control,7,0.8103448275862069,0.9571938168846611,"{""clf__C"": 0.1}",11.935933499989915
1,control/PCA-matched-linear,control,8,0.8421052631578947,0.9285714285714285,"{""clf__C"": 10.0}",11.935933499989915
1,control/PCA-matched-linear,control,9,0.8245614035087719,0.9064039408866995,"{""clf__C"": 0.1}",11.935933499989915
1,control/PCA-matched-linear,control,10,0.7931034482758621,0.8929845422116528,"{""clf__C"": 10.0}",11.935933499989915
1,control/PCA-matched-linear,control,11,0.8793103448275862,0.9595719381688466,"{""clf__C"": 10.0}",11.935933499989915
1,control/PCA-matched-linear,control,12,0.7241379310344828,0.8585017835909632,"{""clf__C"": 1.0}",11.935933499989915
1,control/PCA-matched-linear,control,13,0.8070175438596491,0.9310344827586208,"{""clf__C"": 10.0}",11.935933499989915
1,control/PCA-matched-linear,control,14,0.8421052631578947,0.9519704433497537,"{""clf__C"": 10.0}",11.935933499989915
1,control/logeuclid-TS+LR,control,0,0.7931034482758621,0.8977407847800238,"{""clf__C"": 10.0}",11.429454900004202
1,control/logeuclid-TS+LR,control,1,0.8793103448275862,0.9357907253269917,"{""clf__C"": 10.0}",11.429454900004202
1,control/logeuclid-TS+LR,control,2,0.8103448275862069,0.9334126040428061,"{""clf__C"": 1.0}",11.429454900004202
1,control/logeuclid-TS+LR,control,3,0.9122807017543859,0.9975369458128079,"{""clf__C"": 10.0}",11.429454900004202
1,control/logeuclid-TS+LR,control,4,0.7543859649122807,0.8694581280788177,"{""clf__C"": 10.0}",11.429454900004202
1,control/logeuclid-TS+LR,control,5,0.7931034482758621,0.9239001189060643,"{""clf__C"": 1.0}",11.429454900004202
1,control/logeuclid-TS+LR,control,6,0.7931034482758621,0.9096313912009513,"{""clf__C"": 1.0}",11.429454900004202
1,control/logeuclid-TS+LR,control,7,0.8620689655172413,0.9595719381688466,"{""clf__C"": 10.0}",11.429454900004202
1,control/logeuclid-TS+LR,control,8,0.8947368421052632,0.9618226600985222,"{""clf__C"": 10.0}",11.429454900004202
1,control/logeuclid-TS+LR,control,9,0.8771929824561403,0.9261083743842364,"{""clf__C"": 10.0}",11.429454900004202
1,control/logeuclid-TS+LR,control,10,0.9137931034482759,0.9607609988109393,"{""clf__C"": 10.0}",11.429454900004202
1,control/logeuclid-TS+LR,control,11,0.896551724137931,0.9595719381688466,"{""clf__C"": 1.0}",11.429454900004202
1,control/logeuclid-TS+LR,control,12,0.8103448275862069,0.8703923900118906,"{""clf__C"": 10.0}",11.429454900004202
1,control/logeuclid-TS+LR,control,13,0.7719298245614035,0.8891625615763548,"{""clf__C"": 10.0}",11.429454900004202
1,control/logeuclid-TS+LR,control,14,0.8771929824561403,0.9766009852216749,"{""clf__C"": 10.0}",11.429454900004202
2,classical/logvar+LDA,classical,0,0.5344827586206896,0.5838287752675386,{},0.1337822000059532
2,classical/logvar+LDA,classical,1,0.5344827586206896,0.544589774078478,{},0.1337822000059532
2,classical/logvar+LDA,classical,2,0.5172413793103449,0.5434007134363852,{},0.1337822000059532
2,classical/logvar+LDA,classical,3,0.5087719298245614,0.5431034482758621,{},0.1337822000059532
2,classical/logvar+LDA,classical,4,0.49122807017543857,0.48522167487684725,{},0.1337822000059532
2,classical/logvar+LDA,classical,5,0.5,0.4637336504161712,{},0.1337822000059532
2,classical/logvar+LDA,classical,6,0.5172413793103449,0.6230677764565992,{},0.1337822000059532
2,classical/logvar+LDA,classical,7,0.5172413793103449,0.5374554102259215,{},0.1337822000059532
2,classical/logvar+LDA,classical,8,0.49122807017543857,0.5554187192118226,{},0.1337822000059532
2,classical/logvar+LDA,classical,9,0.5263157894736842,0.5357142857142857,{},0.1337822000059532
2,classical/logvar+LDA,classical,10,0.5,0.47562425683709875,{},0.1337822000059532
2,classical/logvar+LDA,classical,11,0.46551724137931033,0.4470868014268728,{},0.1337822000059532
2,classical/logvar+LDA,classical,12,0.5517241379310345,0.5850178359096314,{},0.1337822000059532
2,classical/logvar+LDA,classical,13,0.5087719298245614,0.5640394088669951,{},0.1337822000059532
2,classical/logvar+LDA,classical,14,0.543859649122807,0.5566502463054188,{},0.1337822000059532
2,classical/CSP+LDA,classical,0,0.6379310344827587,0.6979785969084423,"{""csp__nfilter"": 6}",10.175415200006682
2,classical/CSP+LDA,classical,1,0.5172413793103449,0.5671819262782403,"{""csp__nfilter"": 4}",10.175415200006682
2,classical/CSP+LDA,classical,2,0.46551724137931033,0.5422116527942925,"{""csp__nfilter"": 6}",10.175415200006682
2,classical/CSP+LDA,classical,3,0.5789473684210527,0.6169950738916256,"{""csp__nfilter"": 6}",10.175415200006682
2,classical/CSP+LDA,classical,4,0.47368421052631576,0.47413793103448276,"{""csp__nfilter"": 4}",10.175415200006682
2,classical/CSP+LDA,classical,5,0.4827586206896552,0.5101070154577884,"{""csp__nfilter"": 4}",10.175415200006682
2,classical/CSP+LDA,classical,6,0.5172413793103449,0.5552913198573128,"{""csp__nfilter"": 6}",10.175415200006682
2,classical/CSP+LDA,classical,7,0.5344827586206896,0.5172413793103448,"{""csp__nfilter"": 4}",10.175415200006682
2,classical/CSP+LDA,classical,8,0.45614035087719296,0.5110837438423645,"{""csp__nfilter"": 2}",10.175415200006682
2,classical/CSP+LDA,classical,9,0.543859649122807,0.5541871921182265,"{""csp__nfilter"": 6}",10.175415200006682
2,classical/CSP+LDA,classical,10,0.46551724137931033,0.502972651605232,"{""csp__nfilter"": 4}",10.175415200006682
2,classical/CSP+LDA,classical,11,0.39655172413793105,0.4054696789536266,"{""csp__nfilter"": 4}",10.175415200006682
2,classical/CSP+LDA,classical,12,0.7241379310344828,0.7039239001189059,"{""csp__nfilter"": 6}",10.175415200006682
2,classical/CSP+LDA,classical,13,0.5263157894736842,0.5738916256157636,"{""csp__nfilter"": 4}",10.175415200006682
2,classical/CSP+LDA,classical,14,0.5964912280701754,0.6219211822660098,"{""csp__nfilter"": 6}",10.175415200006682
2,classical/MDM,classical,0,0.6206896551724138,0.6765755053507728,{},1.226927000010619
2,classical/MDM,classical,1,0.5517241379310345,0.5766944114149821,{},1.226927000010619
2,classical/MDM,classical,2,0.5,0.5136741973840666,{},1.226927000010619
2,classical/MDM,classical,3,0.5263157894736842,0.5935960591133005,{},1.226927000010619
2,classical/MDM,classical,4,0.47368421052631576,0.4396551724137931,{},1.226927000010619
2,classical/MDM,classical,5,0.5517241379310345,0.5231866825208087,{},1.226927000010619
2,classical/MDM,classical,6,0.5172413793103449,0.5838287752675387,{},1.226927000010619
2,classical/MDM,classical,7,0.5689655172413793,0.5517241379310345,{},1.226927000010619
2,classical/MDM,classical,8,0.5263157894736842,0.5086206896551724,{},1.226927000010619
2,classical/MDM,classical,9,0.5087719298245614,0.5295566502463054,{},1.226927000010619
2,classical/MDM,classical,10,0.5,0.5089179548156956,{},1.226927000010619
2,classical/MDM,classical,11,0.5,0.4530321046373365,{},1.226927000010619
2,classical/MDM,classical,12,0.5689655172413793,0.6456599286563615,{},1.226927000010619
2,classical/MDM,classical,13,0.49122807017543857,0.4815270935960591,{},1.226927000010619
2,classical/MDM,classical,14,0.49122807017543857,0.5369458128078817,{},1.226927000010619
2,classical/TS+LR,classical,0,0.6206896551724138,0.6765755053507728,"{""clf__C"": 0.1}",12.527930799988098
2,classical/TS+LR,classical,1,0.6379310344827587,0.6349583828775267,"{""clf__C"": 0.1}",12.527930799988098
2,classical/TS+LR,classical,2,0.603448275862069,0.5873959571938169,"{""clf__C"": 0.1}",12.527930799988098
2,classical/TS+LR,classical,3,0.5263157894736842,0.5529556650246304,"{""clf__C"": 1.0}",12.527930799988098
2,classical/TS+LR,classical,4,0.543859649122807,0.5911330049261083,"{""clf__C"": 0.1}",12.527930799988098
2,classical/TS+LR,classical,5,0.5689655172413793,0.5065398335315101,"{""clf__C"": 1.0}",12.527930799988098
2,classical/TS+LR,classical,6,0.5862068965517241,0.6468489892984542,"{""clf__C"": 10.0}",12.527930799988098
2,classical/TS+LR,classical,7,0.5862068965517241,0.6028537455410227,"{""clf__C"": 0.1}",12.527930799988098
2,classical/TS+LR,classical,8,0.631578947368421,0.710591133004926,"{""clf__C"": 0.1}",12.527930799988098
2,classical/TS+LR,classical,9,0.5964912280701754,0.625615763546798,"{""clf__C"": 1.0}",12.527930799988098
2,classical/TS+LR,classical,10,0.46551724137931033,0.5481569560047562,"{""clf__C"": 1.0}",12.527930799988098
2,classical/TS+LR,classical,11,0.6206896551724138,0.7003567181926278,"{""clf__C"": 0.1}",12.527930799988098
2,classical/TS+LR,classical,12,0.603448275862069,0.657550535077289,"{""clf__C"": 0.1}",12.527930799988098
2,classical/TS+LR,classical,13,0.5614035087719298,0.6034482758620691,"{""clf__C"": 1.0}",12.527930799988098
2,classical/TS+LR,classical,14,0.5964912280701754,0.6317733990147784,"{""clf__C"": 10.0}",12.527930799988098
2,classical/TS+RBF-SVM,classical,0,0.7068965517241379,0.7051129607609988,"{""clf__C"": 1.0, ""clf__gamma"": ""scale""}",32.45821470000374
2,classical/TS+RBF-SVM,classical,1,0.5344827586206896,0.5743162901307967,"{""clf__C"": 10.0, ""clf__gamma"": 0.01}",32.45821470000374
2,classical/TS+RBF-SVM,classical,2,0.5344827586206896,0.5612366230677764,"{""clf__C"": 1.0, ""clf__gamma"": ""scale""}",32.45821470000374
2,classical/TS+RBF-SVM,classical,3,0.47368421052631576,0.5135467980295567,"{""clf__C"": 10.0, ""clf__gamma"": 0.01}",32.45821470000374
2,classical/TS+RBF-SVM,classical,4,0.5964912280701754,0.605911330049261,"{""clf__C"": 1.0, ""clf__gamma"": 0.01}",32.45821470000374
2,classical/TS+RBF-SVM,classical,5,0.5862068965517241,0.5326991676575505,"{""clf__C"": 1.0, ""clf__gamma"": 0.01}",32.45821470000374
2,classical/TS+RBF-SVM,classical,6,0.6379310344827587,0.6313912009512486,"{""clf__C"": 1.0, ""clf__gamma"": 0.01}",32.45821470000374
2,classical/TS+RBF-SVM,classical,7,0.6379310344827587,0.6004756242568371,"{""clf__C"": 1.0, ""clf__gamma"": 0.01}",32.45821470000374
2,classical/TS+RBF-SVM,classical,8,0.6491228070175439,0.7450738916256158,"{""clf__C"": 10.0, ""clf__gamma"": 0.01}",32.45821470000374
2,classical/TS+RBF-SVM,classical,9,0.5789473684210527,0.6145320197044335,"{""clf__C"": 10.0, ""clf__gamma"": 0.01}",32.45821470000374
2,classical/TS+RBF-SVM,classical,10,0.5172413793103449,0.5600475624256838,"{""clf__C"": 1.0, ""clf__gamma"": 0.01}",32.45821470000374
2,classical/TS+RBF-SVM,classical,11,0.6551724137931034,0.633769322235434,"{""clf__C"": 1.0, ""clf__gamma"": 0.01}",32.45821470000374
2,classical/TS+RBF-SVM,classical,12,0.4827586206896552,0.5196195005945303,"{""clf__C"": 10.0, ""clf__gamma"": ""scale""}",32.45821470000374
2,classical/TS+RBF-SVM,classical,13,0.5789473684210527,0.583743842364532,"{""clf__C"": 10.0, ""clf__gamma"": 0.01}",32.45821470000374
2,classical/TS+RBF-SVM,classical,14,0.6666666666666666,0.6699507389162561,"{""clf__C"": 1.0, ""clf__gamma"": 0.01}",32.45821470000374
2,quantum/HS-overlap-SVM,quantum,0,0.5689655172413793,0.5933412604042807,"{""clf__C"": 0.1}",11.377541499998188
2,quantum/HS-overlap-SVM,quantum,1,0.5344827586206896,0.5374554102259216,"{""clf__C"": 10.0}",11.377541499998188
2,quantum/HS-overlap-SVM,quantum,2,0.4827586206896552,0.5243757431629013,"{""clf__C"": 10.0}",11.377541499998188
2,quantum/HS-overlap-SVM,quantum,3,0.5087719298245614,0.5788177339901478,"{""clf__C"": 1.0}",11.377541499998188
2,quantum/HS-overlap-SVM,quantum,4,0.45614035087719296,0.4630541871921182,"{""clf__C"": 1.0}",11.377541499998188
2,quantum/HS-overlap-SVM,quantum,5,0.5344827586206896,0.5089179548156956,"{""clf__C"": 1.0}",11.377541499998188
2,quantum/HS-overlap-SVM,quantum,6,0.5172413793103449,0.6028537455410226,"{""clf__C"": 1.0}",11.377541499998188
2,quantum/HS-overlap-SVM,quantum,7,0.5172413793103449,0.5326991676575505,"{""clf__C"": 1.0}",11.377541499998188
2,quantum/HS-overlap-SVM,quantum,8,0.5087719298245614,0.5123152709359606,"{""clf__C"": 10.0}",11.377541499998188
2,quantum/HS-overlap-SVM,quantum,9,0.5087719298245614,0.5381773399014778,"{""clf__C"": 10.0}",11.377541499998188
2,quantum/HS-overlap-SVM,quantum,10,0.46551724137931033,0.55410225921522,"{""clf__C"": 1.0}",11.377541499998188
2,quantum/HS-overlap-SVM,quantum,11,0.4827586206896552,0.43876337693222356,"{""clf__C"": 10.0}",11.377541499998188
2,quantum/HS-overlap-SVM,quantum,12,0.603448275862069,0.6135552913198574,"{""clf__C"": 0.1}",11.377541499998188
2,quantum/HS-overlap-SVM,quantum,13,0.5263157894736842,0.5332512315270936,"{""clf__C"": 10.0}",11.377541499998188
2,quantum/HS-overlap-SVM,quantum,14,0.5087719298245614,0.5344827586206897,"{""clf__C"": 10.0}",11.377541499998188
2,quantum/Fidelity-SVM,quantum,0,0.5517241379310345,0.5933412604042807,"{""clf__C"": 0.1}",31.370665099995676
2,quantum/Fidelity-SVM,quantum,1,0.5172413793103449,0.5362663495838288,"{""clf__C"": 10.0}",31.370665099995676
2,quantum/Fidelity-SVM,quantum,2,0.5172413793103449,0.5208085612366231,"{""clf__C"": 10.0}",31.370665099995676
2,quantum/Fidelity-SVM,quantum,3,0.49122807017543857,0.5689655172413792,"{""clf__C"": 10.0}",31.370665099995676
2,quantum/Fidelity-SVM,quantum,4,0.45614035087719296,0.4642857142857143,"{""clf__C"": 10.0}",31.370665099995676
2,quantum/Fidelity-SVM,quantum,5,0.5172413793103449,0.511296076099881,"{""clf__C"": 1.0}",31.370665099995676
2,quantum/Fidelity-SVM,quantum,6,0.5172413793103449,0.5980975029726516,"{""clf__C"": 10.0}",31.370665099995676
2,quantum/Fidelity-SVM,quantum,7,0.5344827586206896,0.5315101070154578,"{""clf__C"": 10.0}",31.370665099995676
2,quantum/Fidelity-SVM,quantum,8,0.49122807017543857,0.5197044334975369,"{""clf__C"": 10.0}",31.370665099995676
2,quantum/Fidelity-SVM,quantum,9,0.49122807017543857,0.5307881773399015,"{""clf__C"": 10.0}",31.370665099995676
2,quantum/Fidelity-SVM,quantum,10,0.5,0.5517241379310345,"{""clf__C"": 10.0}",31.370665099995676
2,quantum/Fidelity-SVM,quantum,11,0.46551724137931033,0.43757431629013077,"{""clf__C"": 10.0}",31.370665099995676
2,quantum/Fidelity-SVM,quantum,12,0.5862068965517241,0.6135552913198574,"{""clf__C"": 0.1}",31.370665099995676
2,quantum/Fidelity-SVM,quantum,13,0.543859649122807,0.5320197044334976,"{""clf__C"": 1.0}",31.370665099995676
2,quantum/Fidelity-SVM,quantum,14,0.5263157894736842,0.5344827586206897,"{""clf__C"": 10.0}",31.370665099995676
2,quantum/HS-RBF-SVM,quantum,0,0.5344827586206896,0.6135552913198573,"{""clf__C"": 0.1, ""clf__gamma_mult"": 0.25}",33.55879379999533
2,quantum/HS-RBF-SVM,quantum,1,0.5344827586206896,0.5326991676575505,"{""clf__C"": 0.1, ""clf__gamma_mult"": 0.25}",33.55879379999533
2,quantum/HS-RBF-SVM,quantum,2,0.5689655172413793,0.5457788347205708,"{""clf__C"": 10.0, ""clf__gamma_mult"": 1.0}",33.55879379999533
2,quantum/HS-RBF-SVM,quantum,3,0.49122807017543857,0.46059113300492616,"{""clf__C"": 10.0, ""clf__gamma_mult"": 4.0}",33.55879379999533
2,quantum/HS-RBF-SVM,quantum,4,0.45614035087719296,0.5061576354679803,"{""clf__C"": 1.0, ""clf__gamma_mult"": 0.25}",33.55879379999533
2,quantum/HS-RBF-SVM,quantum,5,0.4827586206896552,0.5053507728894173,"{""clf__C"": 0.1, ""clf__gamma_mult"": 0.25}",33.55879379999533
2,quantum/HS-RBF-SVM,quantum,6,0.41379310344827586,0.4506539833531511,"{""clf__C"": 10.0, ""clf__gamma_mult"": 0.25}",33.55879379999533
2,quantum/HS-RBF-SVM,quantum,7,0.46551724137931033,0.4577883472057075,"{""clf__C"": 10.0, ""clf__gamma_mult"": 4.0}",33.55879379999533
2,quantum/HS-RBF-SVM,quantum,8,0.5087719298245614,0.5246305418719212,"{""clf__C"": 10.0, ""clf__gamma_mult"": 0.25}",33.55879379999533
2,quantum/HS-RBF-SVM,quantum,9,0.49122807017543857,0.5455665024630542,"{""clf__C"": 10.0, ""clf__gamma_mult"": 0.25}",33.55879379999533
2,quantum/HS-RBF-SVM,quantum,10,0.4827586206896552,0.4411414982164091,"{""clf__C"": 1.0, ""clf__gamma_mult"": 1.0}",33.55879379999533
2,quantum/HS-RBF-SVM,quantum,11,0.5,0.4696789536266349,"{""clf__C"": 10.0, ""clf__gamma_mult"": 1.0}",33.55879379999533
2,quantum/HS-RBF-SVM,quantum,12,0.4482758620689655,0.464922711058264,"{""clf__C"": 10.0, ""clf__gamma_mult"": 0.25}",33.55879379999533
2,quantum/HS-RBF-SVM,quantum,13,0.45614035087719296,0.5024630541871922,"{""clf__C"": 10.0, ""clf__gamma_mult"": 1.0}",33.55879379999533
2,quantum/HS-RBF-SVM,quantum,14,0.49122807017543857,0.42857142857142855,"{""clf__C"": 10.0, ""clf__gamma_mult"": 0.25}",33.55879379999533
2,quantum/Bures-RBF-SVM,quantum,0,0.5344827586206896,0.6087990487514864,"{""clf__C"": 0.1, ""clf__gamma_mult"": 0.25}",74.19120070000645
2,quantum/Bures-RBF-SVM,quantum,1,0.5,0.5326991676575505,"{""clf__C"": 0.1, ""clf__gamma_mult"": 0.25}",74.19120070000645
2,quantum/Bures-RBF-SVM,quantum,2,0.5862068965517241,0.5719381688466111,"{""clf__C"": 1.0, ""clf__gamma_mult"": 1.0}",74.19120070000645
2,quantum/Bures-RBF-SVM,quantum,3,0.5087719298245614,0.46059113300492605,"{""clf__C"": 10.0, ""clf__gamma_mult"": 4.0}",74.19120070000645
2,quantum/Bures-RBF-SVM,quantum,4,0.45614035087719296,0.49014778325123154,"{""clf__C"": 1.0, ""clf__gamma_mult"": 0.25}",74.19120070000645
2,quantum/Bures-RBF-SVM,quantum,5,0.4827586206896552,0.5065398335315101,"{""clf__C"": 0.1, ""clf__gamma_mult"": 0.25}",74.19120070000645
2,quantum/Bures-RBF-SVM,quantum,6,0.43103448275862066,0.45659928656361476,"{""clf__C"": 10.0, ""clf__gamma_mult"": 0.25}",74.19120070000645
2,quantum/Bures-RBF-SVM,quantum,7,0.4827586206896552,0.4387633769322235,"{""clf__C"": 10.0, ""clf__gamma_mult"": 4.0}",74.19120070000645
2,quantum/Bures-RBF-SVM,quantum,8,0.5789473684210527,0.5443349753694582,"{""clf__C"": 10.0, ""clf__gamma_mult"": 1.0}",74.19120070000645
2,quantum/Bures-RBF-SVM,quantum,9,0.5087719298245614,0.562807881773399,"{""clf__C"": 1.0, ""clf__gamma_mult"": 0.25}",74.19120070000645
2,quantum/Bures-RBF-SVM,quantum,10,0.4827586206896552,0.4399524375743163,"{""clf__C"": 1.0, ""clf__gamma_mult"": 1.0}",74.19120070000645
2,quantum/Bures-RBF-SVM,quantum,11,0.5,0.4613555291319857,"{""clf__C"": 10.0, ""clf__gamma_mult"": 1.0}",74.19120070000645
2,quantum/Bures-RBF-SVM,quantum,12,0.43103448275862066,0.41854934601664684,"{""clf__C"": 10.0, ""clf__gamma_mult"": 0.25}",74.19120070000645
2,quantum/Bures-RBF-SVM,quantum,13,0.45614035087719296,0.49753694581280794,"{""clf__C"": 10.0, ""clf__gamma_mult"": 1.0}",74.19120070000645
2,quantum/Bures-RBF-SVM,quantum,14,0.543859649122807,0.5467980295566502,"{""clf__C"": 1.0, ""clf__gamma_mult"": 1.0}",74.19120070000645
2,quantum/IQP-kernel-SVM,quantum,0,0.5344827586206896,0.5326991676575504,"{""clf__C"": 10.0, ""clf__scale"": 1.0}",38.15594990001409
2,quantum/IQP-kernel-SVM,quantum,1,0.5344827586206896,0.5885850178359097,"{""clf__C"": 10.0, ""clf__scale"": 1.0}",38.15594990001409
2,quantum/IQP-kernel-SVM,quantum,2,0.5517241379310345,0.5731272294887039,"{""clf__C"": 1.0, ""clf__scale"": 1.0}",38.15594990001409
2,quantum/IQP-kernel-SVM,quantum,3,0.49122807017543857,0.44704433497536944,"{""clf__C"": 0.1, ""clf__scale"": 0.5}",38.15594990001409
2,quantum/IQP-kernel-SVM,quantum,4,0.43859649122807015,0.4137931034482759,"{""clf__C"": 1.0, ""clf__scale"": 0.5}",38.15594990001409
2,quantum/IQP-kernel-SVM,quantum,5,0.5172413793103449,0.5077288941736028,"{""clf__C"": 10.0, ""clf__scale"": 0.5}",38.15594990001409
2,quantum/IQP-kernel-SVM,quantum,6,0.4827586206896552,0.5065398335315101,"{""clf__C"": 10.0, ""clf__scale"": 2.0}",38.15594990001409
2,quantum/IQP-kernel-SVM,quantum,7,0.5172413793103449,0.5410225921521997,"{""clf__C"": 10.0, ""clf__scale"": 2.0}",38.15594990001409
2,quantum/IQP-kernel-SVM,quantum,8,0.5263157894736842,0.5554187192118226,"{""clf__C"": 1.0, ""clf__scale"": 2.0}",38.15594990001409
2,quantum/IQP-kernel-SVM,quantum,9,0.543859649122807,0.5665024630541873,"{""clf__C"": 1.0, ""clf__scale"": 1.0}",38.15594990001409
2,quantum/IQP-kernel-SVM,quantum,10,0.5172413793103449,0.5303210463733651,"{""clf__C"": 1.0, ""clf__scale"": 2.0}",38.15594990001409
2,quantum/IQP-kernel-SVM,quantum,11,0.5172413793103449,0.5386444708680144,"{""clf__C"": 10.0, ""clf__scale"": 1.0}",38.15594990001409
2,quantum/IQP-kernel-SVM,quantum,12,0.6206896551724138,0.6111771700356718,"{""clf__C"": 1.0, ""clf__scale"": 1.0}",38.15594990001409
2,quantum/IQP-kernel-SVM,quantum,13,0.5614035087719298,0.5800492610837439,"{""clf__C"": 10.0, ""clf__scale"": 1.0}",38.15594990001409
2,quantum/IQP-kernel-SVM,quantum,14,0.5263157894736842,0.5246305418719213,"{""clf__C"": 10.0, ""clf__scale"": 1.0}",38.15594990001409
2,quantum/CNOT-kernel-SVM,quantum,0,0.5517241379310345,0.5517241379310345,"{""clf__C"": 10.0, ""clf__scale"": 2.0}",35.253156499995384
2,quantum/CNOT-kernel-SVM,quantum,1,0.603448275862069,0.5624256837098692,"{""clf__C"": 10.0, ""clf__scale"": 2.0}",35.253156499995384
2,quantum/CNOT-kernel-SVM,quantum,2,0.6206896551724138,0.6064209274673008,"{""clf__C"": 10.0, ""clf__scale"": 2.0}",35.253156499995384
2,quantum/CNOT-kernel-SVM,quantum,3,0.5789473684210527,0.5455665024630542,"{""clf__C"": 1.0, ""clf__scale"": 0.5}",35.253156499995384
2,quantum/CNOT-kernel-SVM,quantum,4,0.45614035087719296,0.4630541871921183,"{""clf__C"": 1.0, ""clf__scale"": 0.5}",35.253156499995384
2,quantum/CNOT-kernel-SVM,quantum,5,0.5344827586206896,0.5624256837098691,"{""clf__C"": 10.0, ""clf__scale"": 2.0}",35.253156499995384
2,quantum/CNOT-kernel-SVM,quantum,6,0.4827586206896552,0.42687277051129613,"{""clf__C"": 1.0, ""clf__scale"": 0.5}",35.253156499995384
2,quantum/CNOT-kernel-SVM,quantum,7,0.5,0.5219976218787158,"{""clf__C"": 10.0, ""clf__scale"": 2.0}",35.253156499995384
2,quantum/CNOT-kernel-SVM,quantum,8,0.45614035087719296,0.5,"{""clf__C"": 10.0, ""clf__scale"": 1.0}",35.253156499995384
2,quantum/CNOT-kernel-SVM,quantum,9,0.6140350877192983,0.6379310344827587,"{""clf__C"": 1.0, ""clf__scale"": 0.5}",35.253156499995384
2,quantum/CNOT-kernel-SVM,quantum,10,0.46551724137931033,0.47205707491082044,"{""clf__C"": 1.0, ""clf__scale"": 0.5}",35.253156499995384
2,quantum/CNOT-kernel-SVM,quantum,11,0.3620689655172414,0.4007134363852557,"{""clf__C"": 1.0, ""clf__scale"": 2.0}",35.253156499995384
2,quantum/CNOT-kernel-SVM,quantum,12,0.5689655172413793,0.5850178359096314,"{""clf__C"": 1.0, ""clf__scale"": 0.5}",35.253156499995384
2,quantum/CNOT-kernel-SVM,quantum,13,0.45614035087719296,0.45689655172413784,"{""clf__C"": 0.1, ""clf__scale"": 1.0}",35.253156499995384
2,quantum/CNOT-kernel-SVM,quantum,14,0.5614035087719298,0.5160098522167488,"{""clf__C"": 1.0, ""clf__scale"": 0.5}",35.253156499995384
2,control/IQP-no-entangle,control,0,0.5172413793103449,0.48394768133174787,"{""clf__C"": 1.0, ""clf__scale"": 2.0}",34.93846340000164
2,control/IQP-no-entangle,control,1,0.5517241379310345,0.5505350772889418,"{""clf__C"": 1.0, ""clf__scale"": 0.5}",34.93846340000164
2,control/IQP-no-entangle,control,2,0.5172413793103449,0.49940546967895366,"{""clf__C"": 1.0, ""clf__scale"": 0.5}",34.93846340000164
2,control/IQP-no-entangle,control,3,0.5614035087719298,0.5258620689655171,"{""clf__C"": 1.0, ""clf__scale"": 0.5}",34.93846340000164
2,control/IQP-no-entangle,control,4,0.47368421052631576,0.479064039408867,"{""clf__C"": 1.0, ""clf__scale"": 0.5}",34.93846340000164
2,control/IQP-no-entangle,control,5,0.5344827586206896,0.4577883472057075,"{""clf__C"": 10.0, ""clf__scale"": 1.0}",34.93846340000164
2,control/IQP-no-entangle,control,6,0.46551724137931033,0.43281807372175984,"{""clf__C"": 1.0, ""clf__scale"": 0.5}",34.93846340000164
2,control/IQP-no-entangle,control,7,0.39655172413793105,0.38525564803805,"{""clf__C"": 1.0, ""clf__scale"": 0.5}",34.93846340000164
2,control/IQP-no-entangle,control,8,0.47368421052631576,0.48768472906403937,"{""clf__C"": 10.0, ""clf__scale"": 1.0}",34.93846340000164
2,control/IQP-no-entangle,control,9,0.543859649122807,0.625615763546798,"{""clf__C"": 1.0, ""clf__scale"": 1.0}",34.93846340000164
2,control/IQP-no-entangle,control,10,0.4482758620689655,0.4530321046373365,"{""clf__C"": 1.0, ""clf__scale"": 0.5}",34.93846340000164
2,control/IQP-no-entangle,control,11,0.5517241379310345,0.5101070154577884,"{""clf__C"": 1.0, ""clf__scale"": 1.0}",34.93846340000164
2,control/IQP-no-entangle,control,12,0.4827586206896552,0.5291319857312723,"{""clf__C"": 1.0, ""clf__scale"": 2.0}",34.93846340000164
2,control/IQP-no-entangle,control,13,0.5263157894736842,0.48152709359605905,"{""clf__C"": 1.0, ""clf__scale"": 0.5}",34.93846340000164
2,control/IQP-no-entangle,control,14,0.5087719298245614,0.47167487684729065,"{""clf__C"": 10.0, ""clf__scale"": 2.0}",34.93846340000164
2,control/PCA-matched-RBF,control,0,0.5862068965517241,0.6099881093935791,"{""clf__C"": 10.0, ""clf__gamma"": 0.01}",32.21024490000855
2,control/PCA-matched-RBF,control,1,0.5344827586206896,0.5636147443519619,"{""clf__C"": 1.0, ""clf__gamma"": 0.1}",32.21024490000855
2,control/PCA-matched-RBF,control,2,0.4827586206896552,0.4887039239001189,"{""clf__C"": 10.0, ""clf__gamma"": 0.01}",32.21024490000855
2,control/PCA-matched-RBF,control,3,0.5263157894736842,0.5270935960591132,"{""clf__C"": 10.0, ""clf__gamma"": 0.01}",32.21024490000855
2,control/PCA-matched-RBF,control,4,0.49122807017543857,0.42980295566502463,"{""clf__C"": 1.0, ""clf__gamma"": ""scale""}",32.21024490000855
2,control/PCA-matched-RBF,control,5,0.5517241379310345,0.4910820451843044,"{""clf__C"": 1.0, ""clf__gamma"": 0.1}",32.21024490000855
2,control/PCA-matched-RBF,control,6,0.46551724137931033,0.43876337693222356,"{""clf__C"": 10.0, ""clf__gamma"": 0.01}",32.21024490000855
2,control/PCA-matched-RBF,control,7,0.43103448275862066,0.38168846611177176,"{""clf__C"": 1.0, ""clf__gamma"": 0.1}",32.21024490000855
2,control/PCA-matched-RBF,control,8,0.49122807017543857,0.5098522167487685,"{""clf__C"": 0.1, ""clf__gamma"": 0.01}",32.21024490000855
2,control/PCA-matched-RBF,control,9,0.5263157894736842,0.6551724137931034,"{""clf__C"": 0.1, ""clf__gamma"": ""scale""}",32.21024490000855
2,control/PCA-matched-RBF,control,10,0.43103448275862066,0.47800237812128415,"{""clf__C"": 10.0, ""clf__gamma"": 0.01}",32.21024490000855
2,control/PCA-matched-RBF,control,11,0.46551724137931033,0.47443519619500596,"{""clf__C"": 1.0, ""clf__gamma"": 0.1}",32.21024490000855
2,control/PCA-matched-RBF,control,12,0.5344827586206896,0.5695600475624256,"{""clf__C"": 1.0, ""clf__gamma"": 0.1}",32.21024490000855
2,control/PCA-matched-RBF,control,13,0.49122807017543857,0.44704433497536944,"{""clf__C"": 10.0, ""clf__gamma"": 0.01}",32.21024490000855
2,control/PCA-matched-RBF,control,14,0.49122807017543857,0.5233990147783252,"{""clf__C"": 0.1, ""clf__gamma"": ""scale""}",32.21024490000855
2,control/PCA-matched-linear,control,0,0.5862068965517241,0.6135552913198572,"{""clf__C"": 1.0}",11.665915200006566
2,control/PCA-matched-linear,control,1,0.4827586206896552,0.5172413793103448,"{""clf__C"": 0.1}",11.665915200006566
2,control/PCA-matched-linear,control,2,0.4827586206896552,0.48394768133174787,"{""clf__C"": 10.0}",11.665915200006566
2,control/PCA-matched-linear,control,3,0.543859649122807,0.5049261083743842,"{""clf__C"": 1.0}",11.665915200006566
2,control/PCA-matched-linear,control,4,0.42105263157894735,0.4938423645320198,"{""clf__C"": 0.1}",11.665915200006566
2,control/PCA-matched-linear,control,5,0.5172413793103449,0.4934601664684899,"{""clf__C"": 0.1}",11.665915200006566
2,control/PCA-matched-linear,control,6,0.4827586206896552,0.42687277051129613,"{""clf__C"": 1.0}",11.665915200006566
2,control/PCA-matched-linear,control,7,0.41379310344827586,0.370986920332937,"{""clf__C"": 0.1}",11.665915200006566
2,control/PCA-matched-linear,control,8,0.49122807017543857,0.5061576354679803,"{""clf__C"": 0.1}",11.665915200006566
2,control/PCA-matched-linear,control,9,0.5964912280701754,0.6169950738916256,"{""clf__C"": 1.0}",11.665915200006566
2,control/PCA-matched-linear,control,10,0.39655172413793105,0.4839476813317479,"{""clf__C"": 0.1}",11.665915200006566
2,control/PCA-matched-linear,control,11,0.4827586206896552,0.45065398335315104,"{""clf__C"": 0.1}",11.665915200006566
2,control/PCA-matched-linear,control,12,0.5517241379310345,0.5921521997621878,"{""clf__C"": 0.1}",11.665915200006566
2,control/PCA-matched-linear,control,13,0.45614035087719296,0.43965517241379304,"{""clf__C"": 0.1}",11.665915200006566
2,control/PCA-matched-linear,control,14,0.49122807017543857,0.48275862068965514,"{""clf__C"": 1.0}",11.665915200006566
2,control/logeuclid-TS+LR,control,0,0.603448275862069,0.6611177170035671,"{""clf__C"": 10.0}",11.220918100007111
2,control/logeuclid-TS+LR,control,1,0.5172413793103449,0.5457788347205708,"{""clf__C"": 1.0}",11.220918100007111
2,control/logeuclid-TS+LR,control,2,0.5689655172413793,0.5600475624256838,"{""clf__C"": 10.0}",11.220918100007111
2,control/logeuclid-TS+LR,control,3,0.5964912280701754,0.6293103448275862,"{""clf__C"": 10.0}",11.220918100007111
2,control/logeuclid-TS+LR,control,4,0.5789473684210527,0.5221674876847291,"{""clf__C"": 10.0}",11.220918100007111
2,control/logeuclid-TS+LR,control,5,0.4827586206896552,0.4399524375743163,"{""clf__C"": 10.0}",11.220918100007111
2,control/logeuclid-TS+LR,control,6,0.6379310344827587,0.6504161712247325,"{""clf__C"": 10.0}",11.220918100007111
2,control/logeuclid-TS+LR,control,7,0.603448275862069,0.6325802615933412,"{""clf__C"": 10.0}",11.220918100007111
2,control/logeuclid-TS+LR,control,8,0.6666666666666666,0.6637931034482758,"{""clf__C"": 10.0}",11.220918100007111
2,control/logeuclid-TS+LR,control,9,0.6140350877192983,0.5923645320197044,"{""clf__C"": 10.0}",11.220918100007111
2,control/logeuclid-TS+LR,control,10,0.43103448275862066,0.43995243757431635,"{""clf__C"": 10.0}",11.220918100007111
2,control/logeuclid-TS+LR,control,11,0.5689655172413793,0.5422116527942925,"{""clf__C"": 10.0}",11.220918100007111
2,control/logeuclid-TS+LR,control,12,0.603448275862069,0.6813317479191439,"{""clf__C"": 10.0}",11.220918100007111
2,control/logeuclid-TS+LR,control,13,0.5614035087719298,0.6206896551724138,"{""clf__C"": 10.0}",11.220918100007111
2,control/logeuclid-TS+LR,control,14,0.6140350877192983,0.6822660098522167,"{""clf__C"": 10.0}",11.220918100007111
3,classical/logvar+LDA,classical,0,0.8620689655172413,0.9298454221165279,{},0.1385076000005938
3,classical/logvar+LDA,classical,1,0.9137931034482759,0.9607609988109393,{},0.1385076000005938
3,classical/logvar+LDA,classical,2,0.8620689655172413,0.9239001189060642,{},0.1385076000005938
3,classical/logvar+LDA,classical,3,0.7543859649122807,0.8854679802955665,{},0.1385076000005938
3,classical/logvar+LDA,classical,4,0.9122807017543859,0.9864532019704434,{},0.1385076000005938
3,classical/logvar+LDA,classical,5,0.8448275862068966,0.9405469678953626,{},0.1385076000005938
3,classical/logvar+LDA,classical,6,0.8793103448275862,0.9286563614744352,{},0.1385076000005938
3,classical/logvar+LDA,classical,7,0.8793103448275862,0.9571938168846611,{},0.1385076000005938
3,classical/logvar+LDA,classical,8,0.8947368421052632,0.9630541871921182,{},0.1385076000005938
3,classical/logvar+LDA,classical,9,0.9298245614035088,0.9618226600985221,{},0.1385076000005938
3,classical/logvar+LDA,classical,10,0.8793103448275862,0.9464922711058263,{},0.1385076000005938
3,classical/logvar+LDA,classical,11,0.9310344827586207,0.9714625445897741,{},0.1385076000005938
3,classical/logvar+LDA,classical,12,0.7068965517241379,0.8525564803804994,{},0.1385076000005938
3,classical/logvar+LDA,classical,13,0.8596491228070176,0.9556650246305418,{},0.1385076000005938
3,classical/logvar+LDA,classical,14,0.8947368421052632,0.9766009852216748,{},0.1385076000005938
3,classical/CSP+LDA,classical,0,0.9482758620689655,0.9845422116527943,"{""csp__nfilter"": 4}",10.07302389999677
3,classical/CSP+LDA,classical,1,0.9655172413793104,0.9845422116527942,"{""csp__nfilter"": 4}",10.07302389999677
3,classical/CSP+LDA,classical,2,0.9827586206896551,0.9952437574316291,"{""csp__nfilter"": 4}",10.07302389999677
3,classical/CSP+LDA,classical,3,0.9298245614035088,0.9802955665024631,"{""csp__nfilter"": 6}",10.07302389999677
3,classical/CSP+LDA,classical,4,0.9824561403508771,1.0,"{""csp__nfilter"": 6}",10.07302389999677
3,classical/CSP+LDA,classical,5,0.9655172413793104,0.9940546967895363,"{""csp__nfilter"": 6}",10.07302389999677
3,classical/CSP+LDA,classical,6,0.9137931034482759,0.985731272294887,"{""csp__nfilter"": 4}",10.07302389999677
3,classical/CSP+LDA,classical,7,0.9655172413793104,0.9821640903686087,"{""csp__nfilter"": 6}",10.07302389999677
3,classical/CSP+LDA,classical,8,0.9824561403508771,0.998768472906404,"{""csp__nfilter"": 4}",10.07302389999677
3,classical/CSP+LDA,classical,9,0.9649122807017544,0.9963054187192119,"{""csp__nfilter"": 4}",10.07302389999677
3,classical/CSP+LDA,classical,10,0.9655172413793104,0.9892984542211652,"{""csp__nfilter"": 4}",10.07302389999677
3,classical/CSP+LDA,classical,11,0.9482758620689655,0.9892984542211652,"{""csp__nfilter"": 4}",10.07302389999677
3,classical/CSP+LDA,classical,12,0.9137931034482759,0.976218787158145,"{""csp__nfilter"": 4}",10.07302389999677
3,classical/CSP+LDA,classical,13,0.9649122807017544,0.9950738916256158,"{""csp__nfilter"": 6}",10.07302389999677
3,classical/CSP+LDA,classical,14,1.0,1.0,"{""csp__nfilter"": 4}",10.07302389999677
3,classical/MDM,classical,0,0.9482758620689655,0.990487514863258,{},1.204506299996865
3,classical/MDM,classical,1,0.9655172413793104,0.9821640903686087,{},1.204506299996865
3,classical/MDM,classical,2,0.9482758620689655,0.9892984542211652,{},1.204506299996865
3,classical/MDM,classical,3,0.8771929824561403,0.9704433497536946,{},1.204506299996865
3,classical/MDM,classical,4,0.9824561403508771,1.0,{},1.204506299996865
3,classical/MDM,classical,5,0.9310344827586207,0.9916765755053507,{},1.204506299996865
3,classical/MDM,classical,6,0.9137931034482759,0.9774078478002379,{},1.204506299996865
3,classical/MDM,classical,7,0.9310344827586207,0.9750297265160524,{},1.204506299996865
3,classical/MDM,classical,8,0.9824561403508771,1.0,{},1.204506299996865
3,classical/MDM,classical,9,0.9649122807017544,0.9963054187192119,{},1.204506299996865
3,classical/MDM,classical,10,0.9482758620689655,0.9821640903686087,{},1.204506299996865
3,classical/MDM,classical,11,0.9310344827586207,0.9774078478002378,{},1.204506299996865
3,classical/MDM,classical,12,0.896551724137931,0.9631391200951249,{},1.204506299996865
3,classical/MDM,classical,13,0.9473684210526315,0.998768472906404,{},1.204506299996865
3,classical/MDM,classical,14,1.0,1.0,{},1.204506299996865
3,classical/TS+LR,classical,0,0.9310344827586207,0.9881093935790726,"{""clf__C"": 0.1}",11.630407599994214
3,classical/TS+LR,classical,1,0.9655172413793104,0.9964328180737217,"{""clf__C"": 0.1}",11.630407599994214
3,classical/TS+LR,classical,2,0.9655172413793104,0.9964328180737217,"{""clf__C"": 0.1}",11.630407599994214
3,classical/TS+LR,classical,3,0.9473684210526315,0.9839901477832512,"{""clf__C"": 1.0}",11.630407599994214
3,classical/TS+LR,classical,4,0.9649122807017544,0.9913793103448276,"{""clf__C"": 0.1}",11.630407599994214
3,classical/TS+LR,classical,5,0.8793103448275862,0.9785969084423305,"{""clf__C"": 1.0}",11.630407599994214
3,classical/TS+LR,classical,6,0.9310344827586207,0.9738406658739596,"{""clf__C"": 0.1}",11.630407599994214
3,classical/TS+LR,classical,7,0.9655172413793104,0.9952437574316291,"{""clf__C"": 0.1}",11.630407599994214
3,classical/TS+LR,classical,8,0.9824561403508771,0.9926108374384237,"{""clf__C"": 0.1}",11.630407599994214
3,classical/TS+LR,classical,9,0.9298245614035088,0.9950738916256158,"{""clf__C"": 0.1}",11.630407599994214
3,classical/TS+LR,classical,10,0.9655172413793104,0.9952437574316291,"{""clf__C"": 0.1}",11.630407599994214
3,classical/TS+LR,classical,11,0.9310344827586207,0.9643281807372175,"{""clf__C"": 1.0}",11.630407599994214
3,classical/TS+LR,classical,12,0.9482758620689655,0.990487514863258,"{""clf__C"": 0.1}",11.630407599994214
3,classical/TS+LR,classical,13,0.9649122807017544,0.998768472906404,"{""clf__C"": 0.1}",11.630407599994214
3,classical/TS+LR,classical,14,0.9824561403508771,1.0,"{""clf__C"": 0.1}",11.630407599994214
3,classical/TS+RBF-SVM,classical,0,0.9482758620689655,0.9916765755053508,"{""clf__C"": 10.0, ""clf__gamma"": 0.01}",31.95521519999602
3,classical/TS+RBF-SVM,classical,1,0.9827586206896551,0.9928656361474435,"{""clf__C"": 10.0, ""clf__gamma"": 0.01}",31.95521519999602
3,classical/TS+RBF-SVM,classical,2,0.9310344827586207,0.9892984542211652,"{""clf__C"": 1.0, ""clf__gamma"": ""scale""}",31.95521519999602
3,classical/TS+RBF-SVM,classical,3,0.8947368421052632,0.9778325123152709,"{""clf__C"": 10.0, ""clf__gamma"": ""scale""}",31.95521519999602
3,classical/TS+RBF-SVM,classical,4,0.9824561403508771,0.9913793103448276,"{""clf__C"": 10.0, ""clf__gamma"": ""scale""}",31.95521519999602
3,classical/TS+RBF-SVM,classical,5,0.9482758620689655,0.990487514863258,"{""clf__C"": 10.0, ""clf__gamma"": 0.01}",31.95521519999602
3,classical/TS+RBF-SVM,classical,6,0.9482758620689655,0.9785969084423305,"{""clf__C"": 10.0, ""clf__gamma"": 0.01}",31.95521519999602
3,classical/TS+RBF-SVM,classical,7,0.9827586206896551,1.0,"{""clf__C"": 10.0, ""clf__gamma"": ""scale""}",31.95521519999602
3,classical/TS+RBF-SVM,classical,8,0.9824561403508771,0.9913793103448276,"{""clf__C"": 10.0, ""clf__gamma"": 0.01}",31.95521519999602
3,classical/TS+RBF-SVM,classical,9,0.9473684210526315,0.9938423645320197,"{""clf__C"": 10.0, ""clf__gamma"": 0.01}",31.95521519999602
3,classical/TS+RBF-SVM,classical,10,0.9655172413793104,0.9976218787158144,"{""clf__C"": 10.0, ""clf__gamma"": 0.01}",31.95521519999602
3,classical/TS+RBF-SVM,classical,11,0.9137931034482759,0.9678953626634957,"{""clf__C"": 10.0, ""clf__gamma"": 0.01}",31.95521519999602
3,classical/TS+RBF-SVM,classical,12,0.9310344827586207,0.9857312722948871,"{""clf__C"": 10.0, ""clf__gamma"": 0.01}",31.95521519999602
3,classical/TS+RBF-SVM,classical,13,0.9649122807017544,0.9950738916256158,"{""clf__C"": 10.0, ""clf__gamma"": ""scale""}",31.95521519999602
3,classical/TS+RBF-SVM,classical,14,0.9473684210526315,0.9963054187192119,"{""clf__C"": 10.0, ""clf__gamma"": 0.01}",31.95521519999602
3,quantum/HS-overlap-SVM,quantum,0,0.7068965517241379,0.7847800237812128,"{""clf__C"": 10.0}",11.542652400006773
3,quantum/HS-overlap-SVM,quantum,1,0.7241379310344828,0.8917954815695601,"{""clf__C"": 10.0}",11.542652400006773
3,quantum/HS-overlap-SVM,quantum,2,0.7413793103448276,0.8394768133174791,"{""clf__C"": 10.0}",11.542652400006773
3,quantum/HS-overlap-SVM,quantum,3,0.5964912280701754,0.7364532019704434,"{""clf__C"": 10.0}",11.542652400006773
3,quantum/HS-overlap-SVM,quantum,4,0.7192982456140351,0.8017241379310344,"{""clf__C"": 10.0}",11.542652400006773
3,quantum/HS-overlap-SVM,quantum,5,0.7068965517241379,0.7550535077288941,"{""clf__C"": 10.0}",11.542652400006773
3,quantum/HS-overlap-SVM,quantum,6,0.6896551724137931,0.8430439952437574,"{""clf__C"": 10.0}",11.542652400006773
3,quantum/HS-overlap-SVM,quantum,7,0.6551724137931034,0.7883472057074911,"{""clf__C"": 10.0}",11.542652400006773
3,quantum/HS-overlap-SVM,quantum,8,0.7192982456140351,0.8325123152709359,"{""clf__C"": 10.0}",11.542652400006773
3,quantum/HS-overlap-SVM,quantum,9,0.7017543859649122,0.8509852216748769,"{""clf__C"": 10.0}",11.542652400006773
3,quantum/HS-overlap-SVM,quantum,10,0.7068965517241379,0.8513674197384067,"{""clf__C"": 10.0}",11.542652400006773
3,quantum/HS-overlap-SVM,quantum,11,0.6896551724137931,0.759809750297265,"{""clf__C"": 10.0}",11.542652400006773
3,quantum/HS-overlap-SVM,quantum,12,0.6551724137931034,0.7681331747919143,"{""clf__C"": 10.0}",11.542652400006773
3,quantum/HS-overlap-SVM,quantum,13,0.6842105263157895,0.7924876847290642,"{""clf__C"": 10.0}",11.542652400006773
3,quantum/HS-overlap-SVM,quantum,14,0.7192982456140351,0.8386699507389163,"{""clf__C"": 10.0}",11.542652400006773
3,quantum/Fidelity-SVM,quantum,0,0.6551724137931034,0.7431629013079667,"{""clf__C"": 10.0}",29.14790169999469
3,quantum/Fidelity-SVM,quantum,1,0.6896551724137931,0.8632580261593341,"{""clf__C"": 10.0}",29.14790169999469
3,quantum/Fidelity-SVM,quantum,2,0.6724137931034483,0.797859690844233,"{""clf__C"": 10.0}",29.14790169999469
3,quantum/Fidelity-SVM,quantum,3,0.6140350877192983,0.7019704433497537,"{""clf__C"": 10.0}",29.14790169999469
3,quantum/Fidelity-SVM,quantum,4,0.6842105263157895,0.7118226600985221,"{""clf__C"": 10.0}",29.14790169999469
3,quantum/Fidelity-SVM,quantum,5,0.6896551724137931,0.7074910820451843,"{""clf__C"": 10.0}",29.14790169999469
3,quantum/Fidelity-SVM,quantum,6,0.7241379310344828,0.8145065398335315,"{""clf__C"": 10.0}",29.14790169999469
3,quantum/Fidelity-SVM,quantum,7,0.603448275862069,0.6932223543400714,"{""clf__C"": 10.0}",29.14790169999469
3,quantum/Fidelity-SVM,quantum,8,0.7017543859649122,0.7881773399014778,"{""clf__C"": 10.0}",29.14790169999469
3,quantum/Fidelity-SVM,quantum,9,0.6491228070175439,0.7844827586206896,"{""clf__C"": 10.0}",29.14790169999469
3,quantum/Fidelity-SVM,quantum,10,0.6896551724137931,0.7907253269916765,"{""clf__C"": 10.0}",29.14790169999469
3,quantum/Fidelity-SVM,quantum,11,0.603448275862069,0.6123662306777646,"{""clf__C"": 10.0}",29.14790169999469
3,quantum/Fidelity-SVM,quantum,12,0.5862068965517241,0.7705112960760999,"{""clf__C"": 10.0}",29.14790169999469
3,quantum/Fidelity-SVM,quantum,13,0.6491228070175439,0.7487684729064039,"{""clf__C"": 10.0}",29.14790169999469
3,quantum/Fidelity-SVM,quantum,14,0.7543859649122807,0.7758620689655171,"{""clf__C"": 10.0}",29.14790169999469
3,quantum/HS-RBF-SVM,quantum,0,0.6896551724137931,0.7717003567181927,"{""clf__C"": 1.0, ""clf__gamma_mult"": 4.0}",36.093337500002235
3,quantum/HS-RBF-SVM,quantum,1,0.8448275862068966,0.9036860879904876,"{""clf__C"": 10.0, ""clf__gamma_mult"": 0.25}",36.093337500002235
3,quantum/HS-RBF-SVM,quantum,2,0.7413793103448276,0.8014268727705113,"{""clf__C"": 10.0, ""clf__gamma_mult"": 4.0}",36.093337500002235
3,quantum/HS-RBF-SVM,quantum,3,0.6842105263157895,0.768472906403941,"{""clf__C"": 10.0, ""clf__gamma_mult"": 1.0}",36.093337500002235
3,quantum/HS-RBF-SVM,quantum,4,0.8245614035087719,0.8780788177339901,"{""clf__C"": 10.0, ""clf__gamma_mult"": 1.0}",36.093337500002235
3,quantum/HS-RBF-SVM,quantum,5,0.7241379310344828,0.8038049940546969,"{""clf__C"": 10.0, ""clf__gamma_mult"": 1.0}",36.093337500002235
3,quantum/HS-RBF-SVM,quantum,6,0.8275862068965517,0.8394768133174793,"{""clf__C"": 10.0, ""clf__gamma_mult"": 0.25}",36.093337500002235
3,quantum/HS-RBF-SVM,quantum,7,0.6896551724137931,0.7788347205707491,"{""clf__C"": 10.0, ""clf__gamma_mult"": 0.25}",36.093337500002235
3,quantum/HS-RBF-SVM,quantum,8,0.7719298245614035,0.8485221674876847,"{""clf__C"": 10.0, ""clf__gamma_mult"": 1.0}",36.093337500002235
3,quantum/HS-RBF-SVM,quantum,9,0.7192982456140351,0.8362068965517242,"{""clf__C"": 10.0, ""clf__gamma_mult"": 4.0}",36.093337500002235
3,quantum/HS-RBF-SVM,quantum,10,0.7586206896551724,0.7966706302021404,"{""clf__C"": 10.0, ""clf__gamma_mult"": 4.0}",36.093337500002235
3,quantum/HS-RBF-SVM,quantum,11,0.8103448275862069,0.8692033293697978,"{""clf__C"": 10.0, ""clf__gamma_mult"": 4.0}",36.093337500002235
3,quantum/HS-RBF-SVM,quantum,12,0.6551724137931034,0.7502972651605231,"{""clf__C"": 10.0, ""clf__gamma_mult"": 1.0}",36.093337500002235
3,quantum/HS-RBF-SVM,quantum,13,0.7543859649122807,0.834975369458128,"{""clf__C"": 10.0, ""clf__gamma_mult"": 0.25}",36.093337500002235
3,quantum/HS-RBF-SVM,quantum,14,0.7543859649122807,0.833743842364532,"{""clf__C"": 10.0, ""clf__gamma_mult"": 4.0}",36.093337500002235
3,quantum/Bures-RBF-SVM,quantum,0,0.7241379310344828,0.7942925089179548,"{""clf__C"": 10.0, ""clf__gamma_mult"": 4.0}",73.7067332000006
3,quantum/Bures-RBF-SVM,quantum,1,0.8448275862068966,0.9096313912009513,"{""clf__C"": 10.0, ""clf__gamma_mult"": 0.25}",73.7067332000006
3,quantum/Bures-RBF-SVM,quantum,2,0.7413793103448276,0.8061831153388823,"{""clf__C"": 10.0, ""clf__gamma_mult"": 4.0}",73.7067332000006
3,quantum/Bures-RBF-SVM,quantum,3,0.6842105263157895,0.7721674876847291,"{""clf__C"": 10.0, ""clf__gamma_mult"": 1.0}",73.7067332000006
3,quantum/Bures-RBF-SVM,quantum,4,0.8245614035087719,0.8842364532019704,"{""clf__C"": 10.0, ""clf__gamma_mult"": 1.0}",73.7067332000006
3,quantum/Bures-RBF-SVM,quantum,5,0.7586206896551724,0.7907253269916766,"{""clf__C"": 10.0, ""clf__gamma_mult"": 4.0}",73.7067332000006
3,quantum/Bures-RBF-SVM,quantum,6,0.8275862068965517,0.8418549346016647,"{""clf__C"": 10.0, ""clf__gamma_mult"": 0.25}",73.7067332000006
3,quantum/Bures-RBF-SVM,quantum,7,0.7068965517241379,0.78359096313912,"{""clf__C"": 10.0, ""clf__gamma_mult"": 0.25}",73.7067332000006
3,quantum/Bures-RBF-SVM,quantum,8,0.7368421052631579,0.8448275862068966,"{""clf__C"": 1.0, ""clf__gamma_mult"": 4.0}",73.7067332000006
3,quantum/Bures-RBF-SVM,quantum,9,0.7719298245614035,0.8891625615763548,"{""clf__C"": 10.0, ""clf__gamma_mult"": 1.0}",73.7067332000006
3,quantum/Bures-RBF-SVM,quantum,10,0.7586206896551724,0.8596908442330559,"{""clf__C"": 10.0, ""clf__gamma_mult"": 0.25}",73.7067332000006
3,quantum/Bures-RBF-SVM,quantum,11,0.8275862068965517,0.8799048751486326,"{""clf__C"": 10.0, ""clf__gamma_mult"": 0.25}",73.7067332000006
3,quantum/Bures-RBF-SVM,quantum,12,0.6551724137931034,0.7574316290130797,"{""clf__C"": 10.0, ""clf__gamma_mult"": 1.0}",73.7067332000006
3,quantum/Bures-RBF-SVM,quantum,13,0.7543859649122807,0.8399014778325123,"{""clf__C"": 10.0, ""clf__gamma_mult"": 0.25}",73.7067332000006
3,quantum/Bures-RBF-SVM,quantum,14,0.8421052631578947,0.9100985221674877,"{""clf__C"": 10.0, ""clf__gamma_mult"": 0.25}",73.7067332000006
3,quantum/IQP-kernel-SVM,quantum,0,0.896551724137931,0.9239001189060643,"{""clf__C"": 0.1, ""clf__scale"": 0.5}",37.89631309999095
3,quantum/IQP-kernel-SVM,quantum,1,0.8448275862068966,0.9738406658739596,"{""clf__C"": 1.0, ""clf__scale"": 0.5}",37.89631309999095
3,quantum/IQP-kernel-SVM,quantum,2,0.896551724137931,0.9607609988109393,"{""clf__C"": 1.0, ""clf__scale"": 0.5}",37.89631309999095
3,quantum/IQP-kernel-SVM,quantum,3,0.8421052631578947,0.9396551724137931,"{""clf__C"": 1.0, ""clf__scale"": 0.5}",37.89631309999095
3,quantum/IQP-kernel-SVM,quantum,4,0.9298245614035088,0.9950738916256158,"{""clf__C"": 10.0, ""clf__scale"": 0.5}",37.89631309999095
3,quantum/IQP-kernel-SVM,quantum,5,0.9482758620689655,0.9892984542211654,"{""clf__C"": 1.0, ""clf__scale"": 0.5}",37.89631309999095
3,quantum/IQP-kernel-SVM,quantum,6,0.8448275862068966,0.9429250891795481,"{""clf__C"": 1.0, ""clf__scale"": 0.5}",37.89631309999095
3,quantum/IQP-kernel-SVM,quantum,7,0.896551724137931,0.9714625445897741,"{""clf__C"": 1.0, ""clf__scale"": 0.5}",37.89631309999095
3,quantum/IQP-kernel-SVM,quantum,8,0.9473684210526315,0.9913793103448275,"{""clf__C"": 1.0, ""clf__scale"": 0.5}",37.89631309999095
3,quantum/IQP-kernel-SVM,quantum,9,0.9122807017543859,0.9729064039408868,"{""clf__C"": 10.0, ""clf__scale"": 0.5}",37.89631309999095
3,quantum/IQP-kernel-SVM,quantum,10,0.8793103448275862,0.9619500594530321,"{""clf__C"": 1.0, ""clf__scale"": 0.5}",37.89631309999095
3,quantum/IQP-kernel-SVM,quantum,11,0.8793103448275862,0.9631391200951248,"{""clf__C"": 1.0, ""clf__scale"": 0.5}",37.89631309999095
3,quantum/IQP-kernel-SVM,quantum,12,0.8275862068965517,0.9369797859690845,"{""clf__C"": 1.0, ""clf__scale"": 0.5}",37.89631309999095
3,quantum/IQP-kernel-SVM,quantum,13,0.9298245614035088,0.9741379310344828,"{""clf__C"": 1.0, ""clf__scale"": 0.5}",37.89631309999095
3,quantum/IQP-kernel-SVM,quantum,14,0.9122807017543859,0.9938423645320198,"{""clf__C"": 1.0, ""clf__scale"": 0.5}",37.89631309999095
3,quantum/CNOT-kernel-SVM,quantum,0,0.9310344827586207,0.9750297265160522,"{""clf__C"": 10.0, ""clf__scale"": 0.5}",39.468711900000926
3,quantum/CNOT-kernel-SVM,quantum,1,0.9137931034482759,0.9821640903686089,"{""clf__C"": 10.0, ""clf__scale"": 0.5}",39.468711900000926
3,quantum/CNOT-kernel-SVM,quantum,2,0.896551724137931,0.9643281807372176,"{""clf__C"": 0.1, ""clf__scale"": 1.0}",39.468711900000926
3,quantum/CNOT-kernel-SVM,quantum,3,0.9122807017543859,0.9593596059113301,"{""clf__C"": 1.0, ""clf__scale"": 0.5}",39.468711900000926
3,quantum/CNOT-kernel-SVM,quantum,4,0.9649122807017544,0.9963054187192119,"{""clf__C"": 1.0, ""clf__scale"": 0.5}",39.468711900000926
3,quantum/CNOT-kernel-SVM,quantum,5,0.9310344827586207,0.9940546967895363,"{""clf__C"": 1.0, ""clf__scale"": 0.5}",39.468711900000926
3,quantum/CNOT-kernel-SVM,quantum,6,0.8620689655172413,0.9441141498216409,"{""clf__C"": 0.1, ""clf__scale"": 1.0}",39.468711900000926
3,quantum/CNOT-kernel-SVM,quantum,7,0.8793103448275862,0.9785969084423305,"{""clf__C"": 0.1, ""clf__scale"": 1.0}",39.468711900000926
3,quantum/CNOT-kernel-SVM,quantum,8,0.9824561403508771,0.998768472906404,"{""clf__C"": 1.0, ""clf__scale"": 1.0}",39.468711900000926
3,quantum/CNOT-kernel-SVM,quantum,9,0.9122807017543859,0.9778325123152709,"{""clf__C"": 1.0, ""clf__scale"": 0.5}",39.468711900000926
3,quantum/CNOT-kernel-SVM,quantum,10,0.9310344827586207,0.9892984542211652,"{""clf__C"": 0.1, ""clf__scale"": 1.0}",39.468711900000926
3,quantum/CNOT-kernel-SVM,quantum,11,0.9310344827586207,0.9667063020214031,"{""clf__C"": 10.0, ""clf__scale"": 0.5}",39.468711900000926
3,quantum/CNOT-kernel-SVM,quantum,12,0.896551724137931,0.9667063020214031,"{""clf__C"": 1.0, ""clf__scale"": 0.5}",39.468711900000926
3,quantum/CNOT-kernel-SVM,quantum,13,0.9122807017543859,0.9839901477832512,"{""clf__C"": 10.0, ""clf__scale"": 1.0}",39.468711900000926
3,quantum/CNOT-kernel-SVM,quantum,14,0.9122807017543859,0.9716748768472906,"{""clf__C"": 0.1, ""clf__scale"": 1.0}",39.468711900000926
3,control/IQP-no-entangle,control,0,0.9310344827586207,0.976218787158145,"{""clf__C"": 1.0, ""clf__scale"": 0.5}",34.19261569999799
3,control/IQP-no-entangle,control,1,0.896551724137931,0.9797859690844233,"{""clf__C"": 10.0, ""clf__scale"": 0.5}",34.19261569999799
3,control/IQP-no-entangle,control,2,0.896551724137931,0.985731272294887,"{""clf__C"": 1.0, ""clf__scale"": 0.5}",34.19261569999799
3,control/IQP-no-entangle,control,3,0.8947368421052632,0.958128078817734,"{""clf__C"": 1.0, ""clf__scale"": 0.5}",34.19261569999799
3,control/IQP-no-entangle,control,4,0.9649122807017544,0.9975369458128079,"{""clf__C"": 1.0, ""clf__scale"": 0.5}",34.19261569999799
3,control/IQP-no-entangle,control,5,0.9482758620689655,0.9881093935790726,"{""clf__C"": 10.0, ""clf__scale"": 0.5}",34.19261569999799
3,control/IQP-no-entangle,control,6,0.8448275862068966,0.9583828775267539,"{""clf__C"": 1.0, ""clf__scale"": 0.5}",34.19261569999799
3,control/IQP-no-entangle,control,7,0.9482758620689655,0.9845422116527942,"{""clf__C"": 0.1, ""clf__scale"": 1.0}",34.19261569999799
3,control/IQP-no-entangle,control,8,0.9649122807017544,1.0,"{""clf__C"": 1.0, ""clf__scale"": 0.5}",34.19261569999799
3,control/IQP-no-entangle,control,9,0.9298245614035088,0.9815270935960592,"{""clf__C"": 0.1, ""clf__scale"": 0.5}",34.19261569999799
3,control/IQP-no-entangle,control,10,0.9482758620689655,0.9892984542211654,"{""clf__C"": 0.1, ""clf__scale"": 0.5}",34.19261569999799
3,control/IQP-no-entangle,control,11,0.896551724137931,0.9607609988109393,"{""clf__C"": 1.0, ""clf__scale"": 0.5}",34.19261569999799
3,control/IQP-no-entangle,control,12,0.8620689655172413,0.9595719381688466,"{""clf__C"": 1.0, ""clf__scale"": 0.5}",34.19261569999799
3,control/IQP-no-entangle,control,13,0.9473684210526315,0.9926108374384236,"{""clf__C"": 1.0, ""clf__scale"": 0.5}",34.19261569999799
3,control/IQP-no-entangle,control,14,0.9824561403508771,0.9975369458128079,"{""clf__C"": 0.1, ""clf__scale"": 0.5}",34.19261569999799
3,control/PCA-matched-RBF,control,0,0.9310344827586207,0.9726516052318668,"{""clf__C"": 1.0, ""clf__gamma"": 0.1}",33.51010149999638
3,control/PCA-matched-RBF,control,1,0.896551724137931,0.9785969084423306,"{""clf__C"": 1.0, ""clf__gamma"": 0.1}",33.51010149999638
3,control/PCA-matched-RBF,control,2,0.896551724137931,0.9892984542211654,"{""clf__C"": 10.0, ""clf__gamma"": 0.01}",33.51010149999638
3,control/PCA-matched-RBF,control,3,0.8947368421052632,0.9618226600985221,"{""clf__C"": 1.0, ""clf__gamma"": 0.1}",33.51010149999638
3,control/PCA-matched-RBF,control,4,0.9649122807017544,0.9926108374384237,"{""clf__C"": 10.0, ""clf__gamma"": 0.01}",33.51010149999638
3,control/PCA-matched-RBF,control,5,0.9482758620689655,0.9916765755053508,"{""clf__C"": 1.0, ""clf__gamma"": 0.1}",33.51010149999638
3,control/PCA-matched-RBF,control,6,0.8448275862068966,0.9595719381688466,"{""clf__C"": 1.0, ""clf__gamma"": 0.1}",33.51010149999638
3,control/PCA-matched-RBF,control,7,0.9137931034482759,0.9809750297265161,"{""clf__C"": 0.1, ""clf__gamma"": 0.1}",33.51010149999638
3,control/PCA-matched-RBF,control,8,0.9649122807017544,1.0,"{""clf__C"": 1.0, ""clf__gamma"": 0.1}",33.51010149999638
3,control/PCA-matched-RBF,control,9,0.9298245614035088,0.9802955665024631,"{""clf__C"": 10.0, ""clf__gamma"": 0.1}",33.51010149999638
3,control/PCA-matched-RBF,control,10,0.9310344827586207,0.9881093935790726,"{""clf__C"": 1.0, ""clf__gamma"": 0.01}",33.51010149999638
3,control/PCA-matched-RBF,control,11,0.896551724137931,0.9643281807372175,"{""clf__C"": 1.0, ""clf__gamma"": 0.1}",33.51010149999638
3,control/PCA-matched-RBF,control,12,0.8448275862068966,0.9560047562425683,"{""clf__C"": 0.1, ""clf__gamma"": 0.1}",33.51010149999638
3,control/PCA-matched-RBF,control,13,0.9473684210526315,0.9901477832512315,"{""clf__C"": 10.0, ""clf__gamma"": 0.1}",33.51010149999638
3,control/PCA-matched-RBF,control,14,0.9649122807017544,0.9963054187192119,"{""clf__C"": 0.1, ""clf__gamma"": 0.1}",33.51010149999638
3,control/PCA-matched-linear,control,0,0.9310344827586207,0.9774078478002378,"{""clf__C"": 1.0}",11.835737800007337
3,control/PCA-matched-linear,control,1,0.9137931034482759,0.9845422116527943,"{""clf__C"": 10.0}",11.835737800007337
3,control/PCA-matched-linear,control,2,0.9137931034482759,0.9892984542211652,"{""clf__C"": 0.1}",11.835737800007337
3,control/PCA-matched-linear,control,3,0.8771929824561403,0.9655172413793104,"{""clf__C"": 10.0}",11.835737800007337
3,control/PCA-matched-linear,control,4,0.9649122807017544,0.9963054187192119,"{""clf__C"": 0.1}",11.835737800007337
3,control/PCA-matched-linear,control,5,0.9482758620689655,0.9892984542211652,"{""clf__C"": 10.0}",11.835737800007337
3,control/PCA-matched-linear,control,6,0.8448275862068966,0.9560047562425684,"{""clf__C"": 0.1}",11.835737800007337
3,control/PCA-matched-linear,control,7,0.9482758620689655,0.990487514863258,"{""clf__C"": 0.1}",11.835737800007337
3,control/PCA-matched-linear,control,8,0.9649122807017544,0.998768472906404,"{""clf__C"": 0.1}",11.835737800007337
3,control/PCA-matched-linear,control,9,0.9298245614035088,0.9778325123152709,"{""clf__C"": 0.1}",11.835737800007337
3,control/PCA-matched-linear,control,10,0.9310344827586207,0.9833531510107015,"{""clf__C"": 0.1}",11.835737800007337
3,control/PCA-matched-linear,control,11,0.896551724137931,0.9619500594530321,"{""clf__C"": 0.1}",11.835737800007337
3,control/PCA-matched-linear,control,12,0.8620689655172413,0.9631391200951248,"{""clf__C"": 1.0}",11.835737800007337
3,control/PCA-matched-linear,control,13,0.9473684210526315,0.9926108374384236,"{""clf__C"": 0.1}",11.835737800007337
3,control/PCA-matched-linear,control,14,0.9473684210526315,0.9950738916256158,"{""clf__C"": 0.1}",11.835737800007337
3,control/logeuclid-TS+LR,control,0,0.9482758620689655,0.9845422116527942,"{""clf__C"": 10.0}",11.475259099999676
3,control/logeuclid-TS+LR,control,1,0.9655172413793104,0.9690844233055886,"{""clf__C"": 10.0}",11.475259099999676
3,control/logeuclid-TS+LR,control,2,0.896551724137931,0.9678953626634959,"{""clf__C"": 10.0}",11.475259099999676
3,control/logeuclid-TS+LR,control,3,0.9473684210526315,0.9802955665024631,"{""clf__C"": 10.0}",11.475259099999676
3,control/logeuclid-TS+LR,control,4,0.9824561403508771,0.9975369458128079,"{""clf__C"": 10.0}",11.475259099999676
3,control/logeuclid-TS+LR,control,5,0.9482758620689655,0.9928656361474435,"{""clf__C"": 10.0}",11.475259099999676
3,control/logeuclid-TS+LR,control,6,0.8793103448275862,0.9536266349583828,"{""clf__C"": 1.0}",11.475259099999676
3,control/logeuclid-TS+LR,control,7,0.9655172413793104,0.9667063020214031,"{""clf__C"": 10.0}",11.475259099999676
3,control/logeuclid-TS+LR,control,8,0.9473684210526315,0.9889162561576355,"{""clf__C"": 10.0}",11.475259099999676
3,control/logeuclid-TS+LR,control,9,0.9298245614035088,0.9852216748768473,"{""clf__C"": 10.0}",11.475259099999676
3,control/logeuclid-TS+LR,control,10,0.9310344827586207,0.9631391200951248,"{""clf__C"": 10.0}",11.475259099999676
3,control/logeuclid-TS+LR,control,11,0.9482758620689655,0.9702734839476813,"{""clf__C"": 10.0}",11.475259099999676
3,control/logeuclid-TS+LR,control,12,0.8448275862068966,0.9690844233055886,"{""clf__C"": 10.0}",11.475259099999676
3,control/logeuclid-TS+LR,control,13,0.9824561403508771,0.9876847290640395,"{""clf__C"": 10.0}",11.475259099999676
3,control/logeuclid-TS+LR,control,14,0.9824561403508771,0.9987684729064039,"{""clf__C"": 10.0}",11.475259099999676
4,classical/logvar+LDA,classical,0,0.6724137931034483,0.746730083234245,{},0.13330380000115838
4,classical/logvar+LDA,classical,1,0.603448275862069,0.5980975029726516,{},0.13330380000115838
4,classical/logvar+LDA,classical,2,0.603448275862069,0.6706302021403092,{},0.13330380000115838
4,classical/logvar+LDA,classical,3,0.6842105263157895,0.7598522167487685,{},0.13330380000115838
4,classical/logvar+LDA,classical,4,0.631578947368421,0.6995073891625616,{},0.13330380000115838
4,classical/logvar+LDA,classical,5,0.7413793103448276,0.7705112960760999,{},0.13330380000115838
4,classical/logvar+LDA,classical,6,0.6551724137931034,0.6944114149821641,{},0.13330380000115838
4,classical/logvar+LDA,classical,7,0.6379310344827587,0.6813317479191439,{},0.13330380000115838
4,classical/logvar+LDA,classical,8,0.631578947368421,0.6736453201970444,{},0.13330380000115838
4,classical/logvar+LDA,classical,9,0.6666666666666666,0.6551724137931034,{},0.13330380000115838
4,classical/logvar+LDA,classical,10,0.6551724137931034,0.7609988109393578,{},0.13330380000115838
4,classical/logvar+LDA,classical,11,0.6724137931034483,0.6444708680142688,{},0.13330380000115838
4,classical/logvar+LDA,classical,12,0.603448275862069,0.6979785969084423,{},0.13330380000115838
4,classical/logvar+LDA,classical,13,0.6842105263157895,0.7179802955665026,{},0.13330380000115838
4,classical/logvar+LDA,classical,14,0.631578947368421,0.6699507389162561,{},0.13330380000115838
4,classical/CSP+LDA,classical,0,0.7413793103448276,0.8442330558858503,"{""csp__nfilter"": 4}",10.232199699996272
4,classical/CSP+LDA,classical,1,0.5862068965517241,0.6979785969084424,"{""csp__nfilter"": 6}",10.232199699996272
4,classical/CSP+LDA,classical,2,0.6379310344827587,0.703923900118906,"{""csp__nfilter"": 6}",10.232199699996272
4,classical/CSP+LDA,classical,3,0.7543859649122807,0.8509852216748768,"{""csp__nfilter"": 4}",10.232199699996272
4,classical/CSP+LDA,classical,4,0.7368421052631579,0.8448275862068966,"{""csp__nfilter"": 4}",10.232199699996272
4,classical/CSP+LDA,classical,5,0.6724137931034483,0.7907253269916764,"{""csp__nfilter"": 6}",10.232199699996272
4,classical/CSP+LDA,classical,6,0.7068965517241379,0.8014268727705113,"{""csp__nfilter"": 6}",10.232199699996272
4,classical/CSP+LDA,classical,7,0.7241379310344828,0.7645659928656361,"{""csp__nfilter"": 4}",10.232199699996272
4,classical/CSP+LDA,classical,8,0.8245614035087719,0.8706896551724137,"{""csp__nfilter"": 4}",10.232199699996272
4,classical/CSP+LDA,classical,9,0.6666666666666666,0.7512315270935961,"{""csp__nfilter"": 4}",10.232199699996272
4,classical/CSP+LDA,classical,10,0.6551724137931034,0.7954815695600476,"{""csp__nfilter"": 4}",10.232199699996272
4,classical/CSP+LDA,classical,11,0.6724137931034483,0.760998810939358,"{""csp__nfilter"": 6}",10.232199699996272
4,classical/CSP+LDA,classical,12,0.6724137931034483,0.7348394768133175,"{""csp__nfilter"": 6}",10.232199699996272
4,classical/CSP+LDA,classical,13,0.6842105263157895,0.8165024630541873,"{""csp__nfilter"": 6}",10.232199699996272
4,classical/CSP+LDA,classical,14,0.7368421052631579,0.8288177339901478,"{""csp__nfilter"": 4}",10.232199699996272
4,classical/MDM,classical,0,0.8103448275862069,0.8644470868014269,{},1.189413499989314
4,classical/MDM,classical,1,0.6206896551724138,0.7074910820451843,{},1.189413499989314
4,classical/MDM,classical,2,0.5517241379310345,0.6230677764565993,{},1.189413499989314
4,classical/MDM,classical,3,0.7017543859649122,0.7931034482758621,{},1.189413499989314
4,classical/MDM,classical,4,0.7719298245614035,0.8399014778325123,{},1.189413499989314
4,classical/MDM,classical,5,0.6896551724137931,0.8180737217598097,{},1.189413499989314
4,classical/MDM,classical,6,0.6896551724137931,0.7288941736028537,{},1.189413499989314
4,classical/MDM,classical,7,0.7068965517241379,0.8085612366230677,{},1.189413499989314
4,classical/MDM,classical,8,0.6666666666666666,0.7315270935960592,{},1.189413499989314
4,classical/MDM,classical,9,0.6842105263157895,0.7413793103448275,{},1.189413499989314
4,classical/MDM,classical,10,0.7068965517241379,0.7788347205707491,{},1.189413499989314
4,classical/MDM,classical,11,0.6379310344827587,0.7265160523186682,{},1.189413499989314
4,classical/MDM,classical,12,0.7586206896551724,0.8180737217598097,{},1.189413499989314
4,classical/MDM,classical,13,0.6666666666666666,0.7881773399014778,{},1.189413499989314
4,classical/MDM,classical,14,0.6491228070175439,0.7130541871921182,{},1.189413499989314
4,classical/TS+LR,classical,0,0.8103448275862069,0.9060642092746729,"{""clf__C"": 0.1}",12.538725199992768
4,classical/TS+LR,classical,1,0.6551724137931034,0.6944114149821641,"{""clf__C"": 0.1}",12.538725199992768
4,classical/TS+LR,classical,2,0.6551724137931034,0.7705112960760999,"{""clf__C"": 0.1}",12.538725199992768
4,classical/TS+LR,classical,3,0.8245614035087719,0.9174876847290641,"{""clf__C"": 0.1}",12.538725199992768
4,classical/TS+LR,classical,4,0.8596491228070176,0.8990147783251231,"{""clf__C"": 0.1}",12.538725199992768
4,classical/TS+LR,classical,5,0.7931034482758621,0.8763376932223543,"{""clf__C"": 0.1}",12.538725199992768
4,classical/TS+LR,classical,6,0.7413793103448276,0.8180737217598097,"{""clf__C"": 0.1}",12.538725199992768
4,classical/TS+LR,classical,7,0.7413793103448276,0.7824019024970273,"{""clf__C"": 0.1}",12.538725199992768
4,classical/TS+LR,classical,8,0.7894736842105263,0.9199507389162561,"{""clf__C"": 0.1}",12.538725199992768
4,classical/TS+LR,classical,9,0.6842105263157895,0.7820197044334974,"{""clf__C"": 0.1}",12.538725199992768
4,classical/TS+LR,classical,10,0.8448275862068966,0.8715814506539834,"{""clf__C"": 0.1}",12.538725199992768
4,classical/TS+LR,classical,11,0.7413793103448276,0.7966706302021402,"{""clf__C"": 0.1}",12.538725199992768
4,classical/TS+LR,classical,12,0.7068965517241379,0.7598097502972652,"{""clf__C"": 0.1}",12.538725199992768
4,classical/TS+LR,classical,13,0.8070175438596491,0.8608374384236452,"{""clf__C"": 0.1}",12.538725199992768
4,classical/TS+LR,classical,14,0.7368421052631579,0.8657635467980296,"{""clf__C"": 0.1}",12.538725199992768
4,classical/TS+RBF-SVM,classical,0,0.7931034482758621,0.9215219976218787,"{""clf__C"": 1.0, ""clf__gamma"": 0.01}",32.900267199991504
4,classical/TS+RBF-SVM,classical,1,0.6551724137931034,0.713436385255648,"{""clf__C"": 1.0, ""clf__gamma"": 0.01}",32.900267199991504
4,classical/TS+RBF-SVM,classical,2,0.6551724137931034,0.7455410225921522,"{""clf__C"": 1.0, ""clf__gamma"": 0.01}",32.900267199991504
4,classical/TS+RBF-SVM,classical,3,0.8245614035087719,0.8706896551724138,"{""clf__C"": 1.0, ""clf__gamma"": ""scale""}",32.900267199991504
4,classical/TS+RBF-SVM,classical,4,0.8421052631578947,0.8879310344827586,"{""clf__C"": 1.0, ""clf__gamma"": 0.01}",32.900267199991504
4,classical/TS+RBF-SVM,classical,5,0.8275862068965517,0.8929845422116527,"{""clf__C"": 1.0, ""clf__gamma"": 0.01}",32.900267199991504
4,classical/TS+RBF-SVM,classical,6,0.7586206896551724,0.8287752675386444,"{""clf__C"": 1.0, ""clf__gamma"": 0.01}",32.900267199991504
4,classical/TS+RBF-SVM,classical,7,0.7586206896551724,0.793103448275862,"{""clf__C"": 1.0, ""clf__gamma"": 0.01}",32.900267199991504
4,classical/TS+RBF-SVM,classical,8,0.8070175438596491,0.9113300492610837,"{""clf__C"": 1.0, ""clf__gamma"": 0.01}",32.900267199991504
4,classical/TS+RBF-SVM,classical,9,0.6666666666666666,0.7635467980295566,"{""clf__C"": 1.0, ""clf__gamma"": 0.01}",32.900267199991504
4,classical/TS+RBF-SVM,classical,10,0.8275862068965517,0.8715814506539834,"{""clf__C"": 1.0, ""clf__gamma"": 0.01}",32.900267199991504
4,classical/TS+RBF-SVM,classical,11,0.7241379310344828,0.8061831153388822,"{""clf__C"": 1.0, ""clf__gamma"": 0.01}",32.900267199991504
4,classical/TS+RBF-SVM,classical,12,0.7241379310344828,0.7847800237812129,"{""clf__C"": 1.0, ""clf__gamma"": 0.01}",32.900267199991504
4,classical/TS+RBF-SVM,classical,13,0.7719298245614035,0.8608374384236454,"{""clf__C"": 1.0, ""clf__gamma"": 0.01}",32.900267199991504
4,classical/TS+RBF-SVM,classical,14,0.7368421052631579,0.8140394088669951,"{""clf__C"": 1.0, ""clf__gamma"": ""scale""}",32.900267199991504
4,quantum/HS-overlap-SVM,quantum,0,0.3793103448275862,0.33650416171224734,"{""clf__C"": 0.1}",11.602381899996544
4,quantum/HS-overlap-SVM,quantum,1,0.5689655172413793,0.49762187871581454,"{""clf__C"": 10.0}",11.602381899996544
4,quantum/HS-overlap-SVM,quantum,2,0.43103448275862066,0.47205707491082044,"{""clf__C"": 10.0}",11.602381899996544
4,quantum/HS-overlap-SVM,quantum,3,0.49122807017543857,0.48399014778325133,"{""clf__C"": 0.1}",11.602381899996544
4,quantum/HS-overlap-SVM,quantum,4,0.45614035087719296,0.5314039408866995,"{""clf__C"": 10.0}",11.602381899996544
4,quantum/HS-overlap-SVM,quantum,5,0.5517241379310345,0.6070154577883473,"{""clf__C"": 0.1}",11.602381899996544
4,quantum/HS-overlap-SVM,quantum,6,0.5172413793103449,0.46730083234244946,"{""clf__C"": 0.1}",11.602381899996544
4,quantum/HS-overlap-SVM,quantum,7,0.5517241379310345,0.511296076099881,"{""clf__C"": 0.1}",11.602381899996544
4,quantum/HS-overlap-SVM,quantum,8,0.49122807017543857,0.5,"{""clf__C"": 0.1}",11.602381899996544
4,quantum/HS-overlap-SVM,quantum,9,0.49122807017543857,0.5911330049261083,"{""clf__C"": 10.0}",11.602381899996544
4,quantum/HS-overlap-SVM,quantum,10,0.5344827586206896,0.45541022592152197,"{""clf__C"": 0.1}",11.602381899996544
4,quantum/HS-overlap-SVM,quantum,11,0.5,0.5766944114149821,"{""clf__C"": 0.1}",11.602381899996544
4,quantum/HS-overlap-SVM,quantum,12,0.5344827586206896,0.6105826397146255,"{""clf__C"": 0.1}",11.602381899996544
4,quantum/HS-overlap-SVM,quantum,13,0.49122807017543857,0.5338669950738916,"{""clf__C"": 0.1}",11.602381899996544
4,quantum/HS-overlap-SVM,quantum,14,0.5263157894736842,0.4883004926108374,"{""clf__C"": 10.0}",11.602381899996544
4,quantum/Fidelity-SVM,quantum,0,0.39655172413793105,0.3519619500594531,"{""clf__C"": 0.1}",33.75015690000146
4,quantum/Fidelity-SVM,quantum,1,0.5689655172413793,0.49583828775267536,"{""clf__C"": 10.0}",33.75015690000146
4,quantum/Fidelity-SVM,quantum,2,0.46551724137931033,0.4756242568370987,"{""clf__C"": 0.1}",33.75015690000146
4,quantum/Fidelity-SVM,quantum,3,0.49122807017543857,0.4895320197044335,"{""clf__C"": 0.1}",33.75015690000146
4,quantum/Fidelity-SVM,quantum,4,0.49122807017543857,0.5160098522167488,"{""clf__C"": 0.1}",33.75015690000146
4,quantum/Fidelity-SVM,quantum,5,0.5689655172413793,0.6111771700356717,"{""clf__C"": 0.1}",33.75015690000146
4,quantum/Fidelity-SVM,quantum,6,0.5,0.46848989298454224,"{""clf__C"": 10.0}",33.75015690000146
4,quantum/Fidelity-SVM,quantum,7,0.5517241379310345,0.511296076099881,"{""clf__C"": 0.1}",33.75015690000146
4,quantum/Fidelity-SVM,quantum,8,0.49122807017543857,0.48337438423645324,"{""clf__C"": 0.1}",33.75015690000146
4,quantum/Fidelity-SVM,quantum,9,0.49122807017543857,0.5732758620689656,"{""clf__C"": 0.1}",33.75015690000146
4,quantum/Fidelity-SVM,quantum,10,0.5517241379310345,0.4482758620689655,"{""clf__C"": 0.1}",33.75015690000146
4,quantum/Fidelity-SVM,quantum,11,0.4827586206896552,0.5743162901307967,"{""clf__C"": 0.1}",33.75015690000146
4,quantum/Fidelity-SVM,quantum,12,0.5344827586206896,0.6052318668252081,"{""clf__C"": 0.1}",33.75015690000146
4,quantum/Fidelity-SVM,quantum,13,0.49122807017543857,0.5172413793103449,"{""clf__C"": 0.1}",33.75015690000146
4,quantum/Fidelity-SVM,quantum,14,0.49122807017543857,0.4926108374384236,"{""clf__C"": 0.1}",33.75015690000146
4,quantum/HS-RBF-SVM,quantum,0,0.43103448275862066,0.4340071343638526,"{""clf__C"": 0.1, ""clf__gamma_mult"": 0.25}",35.560468700001366
4,quantum/HS-RBF-SVM,quantum,1,0.46551724137931033,0.3888228299643282,"{""clf__C"": 0.1, ""clf__gamma_mult"": 1.0}",35.560468700001366
4,quantum/HS-RBF-SVM,quantum,2,0.3620689655172414,0.38287752675386444,"{""clf__C"": 10.0, ""clf__gamma_mult"": 4.0}",35.560468700001366
4,quantum/HS-RBF-SVM,quantum,3,0.47368421052631576,0.47044334975369456,"{""clf__C"": 1.0, ""clf__gamma_mult"": 0.25}",35.560468700001366
4,quantum/HS-RBF-SVM,quantum,4,0.5263157894736842,0.480295566502463,"{""clf__C"": 10.0, ""clf__gamma_mult"": 0.25}",35.560468700001366
4,quantum/HS-RBF-SVM,quantum,5,0.5,0.46373365041617115,"{""clf__C"": 0.1, ""clf__gamma_mult"": 0.25}",35.560468700001366
4,quantum/HS-RBF-SVM,quantum,6,0.46551724137931033,0.4399524375743163,"{""clf__C"": 10.0, ""clf__gamma_mult"": 0.25}",35.560468700001366
4,quantum/HS-RBF-SVM,quantum,7,0.39655172413793105,0.4423305588585018,"{""clf__C"": 10.0, ""clf__gamma_mult"": 1.0}",35.560468700001366
4,quantum/HS-RBF-SVM,quantum,8,0.49122807017543857,0.49261083743842365,"{""clf__C"": 0.1, ""clf__gamma_mult"": 0.25}",35.560468700001366
4,quantum/HS-RBF-SVM,quantum,9,0.42105263157894735,0.4618226600985222,"{""clf__C"": 10.0, ""clf__gamma_mult"": 1.0}",35.560468700001366
4,quantum/HS-RBF-SVM,quantum,10,0.39655172413793105,0.36623067776456597,"{""clf__C"": 1.0, ""clf__gamma_mult"": 1.0}",35.560468700001366
4,quantum/HS-RBF-SVM,quantum,11,0.5,0.4708680142687277,"{""clf__C"": 10.0, ""clf__gamma_mult"": 0.25}",35.560468700001366
4,quantum/HS-RBF-SVM,quantum,12,0.5172413793103449,0.5790725326991677,"{""clf__C"": 0.1, ""clf__gamma_mult"": 0.25}",35.560468700001366
4,quantum/HS-RBF-SVM,quantum,13,0.49122807017543857,0.49137931034482757,"{""clf__C"": 0.1, ""clf__gamma_mult"": 4.0}",35.560468700001366
4,quantum/HS-RBF-SVM,quantum,14,0.40350877192982454,0.47906403940886694,"{""clf__C"": 10.0, ""clf__gamma_mult"": 4.0}",35.560468700001366
4,quantum/Bures-RBF-SVM,quantum,0,0.43103448275862066,0.39357907253269925,"{""clf__C"": 0.1, ""clf__gamma_mult"": 0.25}",74.90714809999918
4,quantum/Bures-RBF-SVM,quantum,1,0.4827586206896552,0.3947681331747919,"{""clf__C"": 0.1, ""clf__gamma_mult"": 1.0}",74.90714809999918
4,quantum/Bures-RBF-SVM,quantum,2,0.3793103448275862,0.3923900118906065,"{""clf__C"": 1.0, ""clf__gamma_mult"": 4.0}",74.90714809999918
4,quantum/Bures-RBF-SVM,quantum,3,0.47368421052631576,0.4642857142857143,"{""clf__C"": 1.0, ""clf__gamma_mult"": 0.25}",74.90714809999918
4,quantum/Bures-RBF-SVM,quantum,4,0.5263157894736842,0.45443349753694584,"{""clf__C"": 10.0, ""clf__gamma_mult"": 0.25}",74.90714809999918
4,quantum/Bures-RBF-SVM,quantum,5,0.5,0.45659928656361476,"{""clf__C"": 0.1, ""clf__gamma_mult"": 0.25}",74.90714809999918
4,quantum/Bures-RBF-SVM,quantum,6,0.46551724137931033,0.4708680142687277,"{""clf__C"": 0.1, ""clf__gamma_mult"": 0.25}",74.90714809999918
4,quantum/Bures-RBF-SVM,quantum,7,0.39655172413793105,0.4340071343638525,"{""clf__C"": 10.0, ""clf__gamma_mult"": 1.0}",74.90714809999918
4,quantum/Bures-RBF-SVM,quantum,8,0.49122807017543857,0.4926108374384237,"{""clf__C"": 0.1, ""clf__gamma_mult"": 0.25}",74.90714809999918
4,quantum/Bures-RBF-SVM,quantum,9,0.42105263157894735,0.438423645320197,"{""clf__C"": 10.0, ""clf__gamma_mult"": 1.0}",74.90714809999918
4,quantum/Bures-RBF-SVM,quantum,10,0.39655172413793105,0.366230677764566,"{""clf__C"": 10.0, ""clf__gamma_mult"": 1.0}",74.90714809999918
4,quantum/Bures-RBF-SVM,quantum,11,0.5517241379310345,0.4863258026159334,"{""clf__C"": 10.0, ""clf__gamma_mult"": 1.0}",74.90714809999918
4,quantum/Bures-RBF-SVM,quantum,12,0.5172413793103449,0.6016646848989299,"{""clf__C"": 0.1, ""clf__gamma_mult"": 0.25}",74.90714809999918
4,quantum/Bures-RBF-SVM,quantum,13,0.49122807017543857,0.4716748768472906,"{""clf__C"": 0.1, ""clf__gamma_mult"": 4.0}",74.90714809999918
4,quantum/Bures-RBF-SVM,quantum,14,0.49122807017543857,0.4913793103448276,"{""clf__C"": 0.1, ""clf__gamma_mult"": 0.25}",74.90714809999918
4,quantum/IQP-kernel-SVM,quantum,0,0.7758620689655172,0.8002378121284186,"{""clf__C"": 1.0, ""clf__scale"": 0.5}",37.437028200001805
4,quantum/IQP-kernel-SVM,quantum,1,0.6206896551724138,0.6646848989298454,"{""clf__C"": 1.0, ""clf__scale"": 0.5}",37.437028200001805
4,quantum/IQP-kernel-SVM,quantum,2,0.43103448275862066,0.42092746730083236,"{""clf__C"": 1.0, ""clf__scale"": 0.5}",37.437028200001805
4,quantum/IQP-kernel-SVM,quantum,3,0.5263157894736842,0.541871921182266,"{""clf__C"": 1.0, ""clf__scale"": 0.5}",37.437028200001805
4,quantum/IQP-kernel-SVM,quantum,4,0.5789473684210527,0.6625615763546798,"{""clf__C"": 1.0, ""clf__scale"": 0.5}",37.437028200001805
4,quantum/IQP-kernel-SVM,quantum,5,0.6896551724137931,0.7717003567181926,"{""clf__C"": 1.0, ""clf__scale"": 0.5}",37.437028200001805
4,quantum/IQP-kernel-SVM,quantum,6,0.5862068965517241,0.6254458977407849,"{""clf__C"": 1.0, ""clf__scale"": 0.5}",37.437028200001805
4,quantum/IQP-kernel-SVM,quantum,7,0.7068965517241379,0.7907253269916765,"{""clf__C"": 1.0, ""clf__scale"": 0.5}",37.437028200001805
4,quantum/IQP-kernel-SVM,quantum,8,0.5263157894736842,0.5160098522167489,"{""clf__C"": 1.0, ""clf__scale"": 1.0}",37.437028200001805
4,quantum/IQP-kernel-SVM,quantum,9,0.3508771929824561,0.4211822660098522,"{""clf__C"": 10.0, ""clf__scale"": 0.5}",37.437028200001805
4,quantum/IQP-kernel-SVM,quantum,10,0.6551724137931034,0.6278240190249703,"{""clf__C"": 1.0, ""clf__scale"": 0.5}",37.437028200001805
4,quantum/IQP-kernel-SVM,quantum,11,0.5862068965517241,0.6325802615933412,"{""clf__C"": 1.0, ""clf__scale"": 0.5}",37.437028200001805
4,quantum/IQP-kernel-SVM,quantum,12,0.603448275862069,0.6302021403091557,"{""clf__C"": 1.0, ""clf__scale"": 0.5}",37.437028200001805
4,quantum/IQP-kernel-SVM,quantum,13,0.543859649122807,0.6096059113300493,"{""clf__C"": 1.0, ""clf__scale"": 0.5}",37.437028200001805
4,quantum/IQP-kernel-SVM,quantum,14,0.6666666666666666,0.6674876847290641,"{""clf__C"": 1.0, ""clf__scale"": 0.5}",37.437028200001805
4,quantum/CNOT-kernel-SVM,quantum,0,0.7241379310344828,0.807372175980975,"{""clf__C"": 1.0, ""clf__scale"": 0.5}",38.56785020000825
4,quantum/CNOT-kernel-SVM,quantum,1,0.603448275862069,0.6777645659928657,"{""clf__C"": 10.0, ""clf__scale"": 0.5}",38.56785020000825
4,quantum/CNOT-kernel-SVM,quantum,2,0.4482758620689655,0.4078478002378122,"{""clf__C"": 1.0, ""clf__scale"": 0.5}",38.56785020000825
4,quantum/CNOT-kernel-SVM,quantum,3,0.5087719298245614,0.5172413793103448,"{""clf__C"": 0.1, ""clf__scale"": 1.0}",38.56785020000825
4,quantum/CNOT-kernel-SVM,quantum,4,0.6491228070175439,0.6736453201970444,"{""clf__C"": 1.0, ""clf__scale"": 0.5}",38.56785020000825
4,quantum/CNOT-kernel-SVM,quantum,5,0.7068965517241379,0.7431629013079667,"{""clf__C"": 1.0, ""clf__scale"": 0.5}",38.56785020000825
4,quantum/CNOT-kernel-SVM,quantum,6,0.6379310344827587,0.587395957193817,"{""clf__C"": 1.0, ""clf__scale"": 0.5}",38.56785020000825
4,quantum/CNOT-kernel-SVM,quantum,7,0.7413793103448276,0.8014268727705113,"{""clf__C"": 0.1, ""clf__scale"": 1.0}",38.56785020000825
4,quantum/CNOT-kernel-SVM,quantum,8,0.49122807017543857,0.5110837438423645,"{""clf__C"": 0.1, ""clf__scale"": 1.0}",38.56785020000825
4,quantum/CNOT-kernel-SVM,quantum,9,0.42105263157894735,0.4642857142857143,"{""clf__C"": 10.0, ""clf__scale"": 0.5}",38.56785020000825
4,quantum/CNOT-kernel-SVM,quantum,10,0.6206896551724138,0.6361474435196195,"{""clf__C"": 1.0, ""clf__scale"": 0.5}",38.56785020000825
4,quantum/CNOT-kernel-SVM,quantum,11,0.6724137931034483,0.7027348394768133,"{""clf__C"": 1.0, ""clf__scale"": 0.5}",38.56785020000825
4,quantum/CNOT-kernel-SVM,quantum,12,0.5689655172413793,0.6373365041617123,"{""clf__C"": 1.0, ""clf__scale"": 0.5}",38.56785020000825
4,quantum/CNOT-kernel-SVM,quantum,13,0.5263157894736842,0.6059113300492611,"{""clf__C"": 1.0, ""clf__scale"": 2.0}",38.56785020000825
4,quantum/CNOT-kernel-SVM,quantum,14,0.7192982456140351,0.7253694581280788,"{""clf__C"": 1.0, ""clf__scale"": 0.5}",38.56785020000825
4,control/IQP-no-entangle,control,0,0.7068965517241379,0.7835909631391201,"{""clf__C"": 0.1, ""clf__scale"": 1.0}",34.7847974000033
4,control/IQP-no-entangle,control,1,0.6206896551724138,0.6623067776456599,"{""clf__C"": 10.0, ""clf__scale"": 0.5}",34.7847974000033
4,control/IQP-no-entangle,control,2,0.43103448275862066,0.41854934601664684,"{""clf__C"": 1.0, ""clf__scale"": 0.5}",34.7847974000033
4,control/IQP-no-entangle,control,3,0.5263157894736842,0.5504926108374384,"{""clf__C"": 0.1, ""clf__scale"": 1.0}",34.7847974000033
4,control/IQP-no-entangle,control,4,0.6666666666666666,0.6945812807881773,"{""clf__C"": 1.0, ""clf__scale"": 0.5}",34.7847974000033
4,control/IQP-no-entangle,control,5,0.6724137931034483,0.741973840665874,"{""clf__C"": 1.0, ""clf__scale"": 0.5}",34.7847974000033
4,control/IQP-no-entangle,control,6,0.6206896551724138,0.5909631391200951,"{""clf__C"": 1.0, ""clf__scale"": 0.5}",34.7847974000033
4,control/IQP-no-entangle,control,7,0.7241379310344828,0.7966706302021402,"{""clf__C"": 1.0, ""clf__scale"": 1.0}",34.7847974000033
4,control/IQP-no-entangle,control,8,0.5087719298245614,0.5135467980295567,"{""clf__C"": 0.1, ""clf__scale"": 1.0}",34.7847974000033
4,control/IQP-no-entangle,control,9,0.5789473684210527,0.5283251231527093,"{""clf__C"": 1.0, ""clf__scale"": 0.5}",34.7847974000033
4,control/IQP-no-entangle,control,10,0.6379310344827587,0.6349583828775268,"{""clf__C"": 1.0, ""clf__scale"": 0.5}",34.7847974000033
4,control/IQP-no-entangle,control,11,0.6379310344827587,0.6920332936979786,"{""clf__C"": 1.0, ""clf__scale"": 0.5}",34.7847974000033
4,control/IQP-no-entangle,control,12,0.5862068965517241,0.6230677764565993,"{""clf__C"": 1.0, ""clf__scale"": 0.5}",34.7847974000033
4,control/IQP-no-entangle,control,13,0.5789473684210527,0.6366995073891626,"{""clf__C"": 1.0, ""clf__scale"": 0.5}",34.7847974000033
4,control/IQP-no-entangle,control,14,0.6842105263157895,0.7339901477832512,"{""clf__C"": 10.0, ""clf__scale"": 0.5}",34.7847974000033
4,control/PCA-matched-RBF,control,0,0.6896551724137931,0.7645659928656362,"{""clf__C"": 1.0, ""clf__gamma"": 0.01}",31.84621079999488
4,control/PCA-matched-RBF,control,1,0.6379310344827587,0.6944114149821641,"{""clf__C"": 1.0, ""clf__gamma"": 0.1}",31.84621079999488
4,control/PCA-matched-RBF,control,2,0.46551724137931033,0.42568370986920334,"{""clf__C"": 1.0, ""clf__gamma"": 0.1}",31.84621079999488
4,control/PCA-matched-RBF,control,3,0.543859649122807,0.5775862068965518,"{""clf__C"": 10.0, ""clf__gamma"": 0.01}",31.84621079999488
4,control/PCA-matched-RBF,control,4,0.6491228070175439,0.687192118226601,"{""clf__C"": 1.0, ""clf__gamma"": 0.1}",31.84621079999488
4,control/PCA-matched-RBF,control,5,0.6896551724137931,0.7407847800237812,"{""clf__C"": 1.0, ""clf__gamma"": 0.01}",31.84621079999488
4,control/PCA-matched-RBF,control,6,0.603448275862069,0.582639714625446,"{""clf__C"": 10.0, ""clf__gamma"": 0.01}",31.84621079999488
4,control/PCA-matched-RBF,control,7,0.7758620689655172,0.7990487514863258,"{""clf__C"": 1.0, ""clf__gamma"": 0.01}",31.84621079999488
4,control/PCA-matched-RBF,control,8,0.49122807017543857,0.5012315270935961,"{""clf__C"": 10.0, ""clf__gamma"": 0.01}",31.84621079999488
4,control/PCA-matched-RBF,control,9,0.47368421052631576,0.5233990147783252,"{""clf__C"": 1.0, ""clf__gamma"": 0.1}",31.84621079999488
4,control/PCA-matched-RBF,control,10,0.6551724137931034,0.6409036860879905,"{""clf__C"": 10.0, ""clf__gamma"": 0.01}",31.84621079999488
4,control/PCA-matched-RBF,control,11,0.6206896551724138,0.6956004756242568,"{""clf__C"": 1.0, ""clf__gamma"": 0.01}",31.84621079999488
4,control/PCA-matched-RBF,control,12,0.5517241379310345,0.6218787158145066,"{""clf__C"": 1.0, ""clf__gamma"": 0.1}",31.84621079999488
4,control/PCA-matched-RBF,control,13,0.6140350877192983,0.6354679802955665,"{""clf__C"": 10.0, ""clf__gamma"": 0.01}",31.84621079999488
4,control/PCA-matched-RBF,control,14,0.7192982456140351,0.7179802955665024,"{""clf__C"": 1.0, ""clf__gamma"": 0.1}",31.84621079999488
4,control/PCA-matched-linear,control,0,0.6896551724137931,0.775267538644471,"{""clf__C"": 0.1}",11.416117500004475
4,control/PCA-matched-linear,control,1,0.6551724137931034,0.6967895362663497,"{""clf__C"": 1.0}",11.416117500004475
4,control/PCA-matched-linear,control,2,0.46551724137931033,0.4233055885850178,"{""clf__C"": 1.0}",11.416117500004475
4,control/PCA-matched-linear,control,3,0.5614035087719298,0.6120689655172414,"{""clf__C"": 1.0}",11.416117500004475
4,control/PCA-matched-linear,control,4,0.6842105263157895,0.6982758620689655,"{""clf__C"": 1.0}",11.416117500004475
4,control/PCA-matched-linear,control,5,0.6551724137931034,0.7407847800237812,"{""clf__C"": 0.1}",11.416117500004475
4,control/PCA-matched-linear,control,6,0.603448275862069,0.595719381688466,"{""clf__C"": 0.1}",11.416117500004475
4,control/PCA-matched-linear,control,7,0.7068965517241379,0.7895362663495838,"{""clf__C"": 1.0}",11.416117500004475
4,control/PCA-matched-linear,control,8,0.5087719298245614,0.49753694581280794,"{""clf__C"": 10.0}",11.416117500004475
4,control/PCA-matched-linear,control,9,0.5087719298245614,0.5357142857142857,"{""clf__C"": 1.0}",11.416117500004475
4,control/PCA-matched-linear,control,10,0.6551724137931034,0.6444708680142688,"{""clf__C"": 0.1}",11.416117500004475
4,control/PCA-matched-linear,control,11,0.6379310344827587,0.6979785969084423,"{""clf__C"": 1.0}",11.416117500004475
4,control/PCA-matched-linear,control,12,0.5862068965517241,0.6266349583828776,"{""clf__C"": 10.0}",11.416117500004475
4,control/PCA-matched-linear,control,13,0.5964912280701754,0.6391625615763546,"{""clf__C"": 10.0}",11.416117500004475
4,control/PCA-matched-linear,control,14,0.7192982456140351,0.729064039408867,"{""clf__C"": 10.0}",11.416117500004475
4,control/logeuclid-TS+LR,control,0,0.7586206896551724,0.8561236623067776,"{""clf__C"": 1.0}",11.302365399998962
4,control/logeuclid-TS+LR,control,1,0.603448275862069,0.6646848989298454,"{""clf__C"": 10.0}",11.302365399998962
4,control/logeuclid-TS+LR,control,2,0.6551724137931034,0.7800237812128419,"{""clf__C"": 10.0}",11.302365399998962
4,control/logeuclid-TS+LR,control,3,0.8070175438596491,0.9064039408866995,"{""clf__C"": 10.0}",11.302365399998962
4,control/logeuclid-TS+LR,control,4,0.7719298245614035,0.8386699507389163,"{""clf__C"": 1.0}",11.302365399998962
4,control/logeuclid-TS+LR,control,5,0.7586206896551724,0.8418549346016647,"{""clf__C"": 1.0}",11.302365399998962
4,control/logeuclid-TS+LR,control,6,0.7758620689655172,0.8216409036860879,"{""clf__C"": 1.0}",11.302365399998962
4,control/logeuclid-TS+LR,control,7,0.7586206896551724,0.7788347205707491,"{""clf__C"": 10.0}",11.302365399998962
4,control/logeuclid-TS+LR,control,8,0.7543859649122807,0.8928571428571429,"{""clf__C"": 10.0}",11.302365399998962
4,control/logeuclid-TS+LR,control,9,0.6491228070175439,0.7561576354679803,"{""clf__C"": 10.0}",11.302365399998962
4,control/logeuclid-TS+LR,control,10,0.7413793103448276,0.802615933412604,"{""clf__C"": 1.0}",11.302365399998962
4,control/logeuclid-TS+LR,control,11,0.7758620689655172,0.7883472057074911,"{""clf__C"": 10.0}",11.302365399998962
4,control/logeuclid-TS+LR,control,12,0.6379310344827587,0.746730083234245,"{""clf__C"": 10.0}",11.302365399998962
4,control/logeuclid-TS+LR,control,13,0.7017543859649122,0.8325123152709359,"{""clf__C"": 1.0}",11.302365399998962
4,control/logeuclid-TS+LR,control,14,0.7543859649122807,0.8448275862068966,"{""clf__C"": 10.0}",11.302365399998962
5,classical/logvar+LDA,classical,0,0.46551724137931033,0.4280618311533888,{},0.1507905999897048
5,classical/logvar+LDA,classical,1,0.5689655172413793,0.539833531510107,{},0.1507905999897048
5,classical/logvar+LDA,classical,2,0.5344827586206896,0.5172413793103448,{},0.1507905999897048
5,classical/logvar+LDA,classical,3,0.47368421052631576,0.4556650246305418,{},0.1507905999897048
5,classical/logvar+LDA,classical,4,0.49122807017543857,0.5172413793103448,{},0.1507905999897048
5,classical/logvar+LDA,classical,5,0.5862068965517241,0.5648038049940547,{},0.1507905999897048
5,classical/logvar+LDA,classical,6,0.5862068965517241,0.5600475624256837,{},0.1507905999897048
5,classical/logvar+LDA,classical,7,0.5689655172413793,0.5196195005945303,{},0.1507905999897048
5,classical/logvar+LDA,classical,8,0.42105263157894735,0.4088669950738917,{},0.1507905999897048
5,classical/logvar+LDA,classical,9,0.631578947368421,0.6354679802955665,{},0.1507905999897048
5,classical/logvar+LDA,classical,10,0.5172413793103449,0.4803804994054697,{},0.1507905999897048
5,classical/logvar+LDA,classical,11,0.46551724137931033,0.44589774078478006,{},0.1507905999897048
5,classical/logvar+LDA,classical,12,0.5689655172413793,0.5386444708680143,{},0.1507905999897048
5,classical/logvar+LDA,classical,13,0.49122807017543857,0.4704433497536946,{},0.1507905999897048
5,classical/logvar+LDA,classical,14,0.6666666666666666,0.645320197044335,{},0.1507905999897048
5,classical/CSP+LDA,classical,0,0.5517241379310345,0.5778834720570749,"{""csp__nfilter"": 2}",9.794913199992152
5,classical/CSP+LDA,classical,1,0.5344827586206896,0.5790725326991677,"{""csp__nfilter"": 2}",9.794913199992152
5,classical/CSP+LDA,classical,2,0.5517241379310345,0.624256837098692,"{""csp__nfilter"": 6}",9.794913199992152
5,classical/CSP+LDA,classical,3,0.5614035087719298,0.5726600985221675,"{""csp__nfilter"": 2}",9.794913199992152
5,classical/CSP+LDA,classical,4,0.5614035087719298,0.5197044334975369,"{""csp__nfilter"": 6}",9.794913199992152
5,classical/CSP+LDA,classical,5,0.5344827586206896,0.5350772889417361,"{""csp__nfilter"": 2}",9.794913199992152
5,classical/CSP+LDA,classical,6,0.6724137931034483,0.7015457788347206,"{""csp__nfilter"": 2}",9.794913199992152
5,classical/CSP+LDA,classical,7,0.603448275862069,0.643281807372176,"{""csp__nfilter"": 2}",9.794913199992152
5,classical/CSP+LDA,classical,8,0.47368421052631576,0.4864532019704433,"{""csp__nfilter"": 6}",9.794913199992152
5,classical/CSP+LDA,classical,9,0.5789473684210527,0.5862068965517241,"{""csp__nfilter"": 6}",9.794913199992152
5,classical/CSP+LDA,classical,10,0.6379310344827587,0.5814506539833533,"{""csp__nfilter"": 6}",9.794913199992152
5,classical/CSP+LDA,classical,11,0.5862068965517241,0.5505350772889418,"{""csp__nfilter"": 6}",9.794913199992152
5,classical/CSP+LDA,classical,12,0.5689655172413793,0.6361474435196195,"{""csp__nfilter"": 6}",9.794913199992152
5,classical/CSP+LDA,classical,13,0.49122807017543857,0.5295566502463054,"{""csp__nfilter"": 6}",9.794913199992152
5,classical/CSP+LDA,classical,14,0.5087719298245614,0.5098522167487685,"{""csp__nfilter"": 2}",9.794913199992152
5,classical/MDM,classical,0,0.5517241379310345,0.5326991676575507,{},1.1765544999943813
5,classical/MDM,classical,1,0.5689655172413793,0.5671819262782402,{},1.1765544999943813
5,classical/MDM,classical,2,0.6379310344827587,0.6325802615933412,{},1.1765544999943813
5,classical/MDM,classical,3,0.5263157894736842,0.564039408866995,{},1.1765544999943813
5,classical/MDM,classical,4,0.5789473684210527,0.6009852216748769,{},1.1765544999943813
5,classical/MDM,classical,5,0.5,0.3876337693222354,{},1.1765544999943813
5,classical/MDM,classical,6,0.6896551724137931,0.7574316290130797,{},1.1765544999943813
5,classical/MDM,classical,7,0.5689655172413793,0.6230677764565993,{},1.1765544999943813
5,classical/MDM,classical,8,0.5263157894736842,0.5258620689655172,{},1.1765544999943813
5,classical/MDM,classical,9,0.5789473684210527,0.623152709359606,{},1.1765544999943813
5,classical/MDM,classical,10,0.5344827586206896,0.558858501783591,{},1.1765544999943813
5,classical/MDM,classical,11,0.5689655172413793,0.5897740784780023,{},1.1765544999943813
5,classical/MDM,classical,12,0.4827586206896552,0.5303210463733652,{},1.1765544999943813
5,classical/MDM,classical,13,0.5614035087719298,0.58128078817734,{},1.1765544999943813
5,classical/MDM,classical,14,0.543859649122807,0.5480295566502464,{},1.1765544999943813
5,classical/TS+LR,classical,0,0.5517241379310345,0.5208085612366231,"{""clf__C"": 10.0}",11.717624299999443
5,classical/TS+LR,classical,1,0.5862068965517241,0.5873959571938169,"{""clf__C"": 0.1}",11.717624299999443
5,classical/TS+LR,classical,2,0.6724137931034483,0.6302021403091558,"{""clf__C"": 10.0}",11.717624299999443
5,classical/TS+LR,classical,3,0.6491228070175439,0.6810344827586207,"{""clf__C"": 0.1}",11.717624299999443
5,classical/TS+LR,classical,4,0.42105263157894735,0.4852216748768473,"{""clf__C"": 0.1}",11.717624299999443
5,classical/TS+LR,classical,5,0.5517241379310345,0.5326991676575505,"{""clf__C"": 1.0}",11.717624299999443
5,classical/TS+LR,classical,6,0.603448275862069,0.6468489892984541,"{""clf__C"": 0.1}",11.717624299999443
5,classical/TS+LR,classical,7,0.6379310344827587,0.6682520808561236,"{""clf__C"": 10.0}",11.717624299999443
5,classical/TS+LR,classical,8,0.5263157894736842,0.49014778325123154,"{""clf__C"": 0.1}",11.717624299999443
5,classical/TS+LR,classical,9,0.6140350877192983,0.5862068965517242,"{""clf__C"": 10.0}",11.717624299999443
5,classical/TS+LR,classical,10,0.4827586206896552,0.5089179548156957,"{""clf__C"": 10.0}",11.717624299999443
5,classical/TS+LR,classical,11,0.6896551724137931,0.6825208085612365,"{""clf__C"": 0.1}",11.717624299999443
5,classical/TS+LR,classical,12,0.603448275862069,0.657550535077289,"{""clf__C"": 1.0}",11.717624299999443
5,classical/TS+LR,classical,13,0.5614035087719298,0.47536945812807885,"{""clf__C"": 1.0}",11.717624299999443
5,classical/TS+LR,classical,14,0.47368421052631576,0.539408866995074,"{""clf__C"": 1.0}",11.717624299999443
5,classical/TS+RBF-SVM,classical,0,0.5344827586206896,0.5326991676575505,"{""clf__C"": 1.0, ""clf__gamma"": ""scale""}",31.857837400006247
5,classical/TS+RBF-SVM,classical,1,0.5862068965517241,0.6159334126040428,"{""clf__C"": 1.0, ""clf__gamma"": 0.01}",31.857837400006247
5,classical/TS+RBF-SVM,classical,2,0.6379310344827587,0.6860879904875148,"{""clf__C"": 10.0, ""clf__gamma"": ""scale""}",31.857837400006247
5,classical/TS+RBF-SVM,classical,3,0.631578947368421,0.624384236453202,"{""clf__C"": 1.0, ""clf__gamma"": ""scale""}",31.857837400006247
5,classical/TS+RBF-SVM,classical,4,0.5087719298245614,0.49261083743842365,"{""clf__C"": 10.0, ""clf__gamma"": 0.01}",31.857837400006247
5,classical/TS+RBF-SVM,classical,5,0.603448275862069,0.5766944114149821,"{""clf__C"": 1.0, ""clf__gamma"": 0.01}",31.857837400006247
5,classical/TS+RBF-SVM,classical,6,0.5689655172413793,0.6373365041617122,"{""clf__C"": 10.0, ""clf__gamma"": 0.1}",31.857837400006247
5,classical/TS+RBF-SVM,classical,7,0.5862068965517241,0.6123662306777645,"{""clf__C"": 10.0, ""clf__gamma"": ""scale""}",31.857837400006247
5,classical/TS+RBF-SVM,classical,8,0.543859649122807,0.5098522167487685,"{""clf__C"": 10.0, ""clf__gamma"": ""scale""}",31.857837400006247
5,classical/TS+RBF-SVM,classical,9,0.5614035087719298,0.6366995073891625,"{""clf__C"": 1.0, ""clf__gamma"": 0.01}",31.857837400006247
5,classical/TS+RBF-SVM,classical,10,0.6551724137931034,0.6099881093935791,"{""clf__C"": 10.0, ""clf__gamma"": ""scale""}",31.857837400006247
5,classical/TS+RBF-SVM,classical,11,0.603448275862069,0.5897740784780023,"{""clf__C"": 1.0, ""clf__gamma"": ""scale""}",31.857837400006247
5,classical/TS+RBF-SVM,classical,12,0.4827586206896552,0.5362663495838288,"{""clf__C"": 1.0, ""clf__gamma"": 0.1}",31.857837400006247
5,classical/TS+RBF-SVM,classical,13,0.47368421052631576,0.47413793103448276,"{""clf__C"": 10.0, ""clf__gamma"": 0.1}",31.857837400006247
5,classical/TS+RBF-SVM,classical,14,0.6140350877192983,0.6403940886699507,"{""clf__C"": 1.0, ""clf__gamma"": 0.01}",31.857837400006247
5,quantum/HS-overlap-SVM,quantum,0,0.603448275862069,0.558858501783591,"{""clf__C"": 0.1}",11.664572100009536
5,quantum/HS-overlap-SVM,quantum,1,0.5517241379310345,0.5784780023781213,"{""clf__C"": 0.1}",11.664572100009536
5,quantum/HS-overlap-SVM,quantum,2,0.5344827586206896,0.47681331747919137,"{""clf__C"": 10.0}",11.664572100009536
5,quantum/HS-overlap-SVM,quantum,3,0.47368421052631576,0.5197044334975369,"{""clf__C"": 10.0}",11.664572100009536
5,quantum/HS-overlap-SVM,quantum,4,0.47368421052631576,0.4747536945812808,"{""clf__C"": 10.0}",11.664572100009536
5,quantum/HS-overlap-SVM,quantum,5,0.5344827586206896,0.5945303210463734,"{""clf__C"": 10.0}",11.664572100009536
5,quantum/HS-overlap-SVM,quantum,6,0.5,0.4423305588585018,"{""clf__C"": 10.0}",11.664572100009536
5,quantum/HS-overlap-SVM,quantum,7,0.5517241379310345,0.5469678953626634,"{""clf__C"": 0.1}",11.664572100009536
5,quantum/HS-overlap-SVM,quantum,8,0.49122807017543857,0.49692118226600984,"{""clf__C"": 10.0}",11.664572100009536
5,quantum/HS-overlap-SVM,quantum,9,0.543859649122807,0.5560344827586207,"{""clf__C"": 10.0}",11.664572100009536
5,quantum/HS-overlap-SVM,quantum,10,0.5862068965517241,0.48929845422116525,"{""clf__C"": 0.1}",11.664572100009536
5,quantum/HS-overlap-SVM,quantum,11,0.46551724137931033,0.5077288941736028,"{""clf__C"": 10.0}",11.664572100009536
5,quantum/HS-overlap-SVM,quantum,12,0.5344827586206896,0.6141498216409036,"{""clf__C"": 0.1}",11.664572100009536
5,quantum/HS-overlap-SVM,quantum,13,0.47368421052631576,0.4359605911330049,"{""clf__C"": 10.0}",11.664572100009536
5,quantum/HS-overlap-SVM,quantum,14,0.49122807017543857,0.5363300492610837,"{""clf__C"": 0.1}",11.664572100009536
5,quantum/Fidelity-SVM,quantum,0,0.5862068965517241,0.5315101070154578,"{""clf__C"": 0.1}",30.22491980000632
5,quantum/Fidelity-SVM,quantum,1,0.5517241379310345,0.55410225921522,"{""clf__C"": 0.1}",30.22491980000632
5,quantum/Fidelity-SVM,quantum,2,0.5344827586206896,0.5160523186682521,"{""clf__C"": 0.1}",30.22491980000632
5,quantum/Fidelity-SVM,quantum,3,0.49122807017543857,0.4938423645320197,"{""clf__C"": 0.1}",30.22491980000632
5,quantum/Fidelity-SVM,quantum,4,0.49122807017543857,0.46736453201970446,"{""clf__C"": 0.1}",30.22491980000632
5,quantum/Fidelity-SVM,quantum,5,0.5344827586206896,0.5422116527942925,"{""clf__C"": 0.1}",30.22491980000632
5,quantum/Fidelity-SVM,quantum,6,0.5172413793103449,0.4411414982164091,"{""clf__C"": 10.0}",30.22491980000632
5,quantum/Fidelity-SVM,quantum,7,0.5517241379310345,0.5267538644470868,"{""clf__C"": 0.1}",30.22491980000632
5,quantum/Fidelity-SVM,quantum,8,0.49122807017543857,0.5086206896551724,"{""clf__C"": 0.1}",30.22491980000632
5,quantum/Fidelity-SVM,quantum,9,0.49122807017543857,0.5067733990147782,"{""clf__C"": 0.1}",30.22491980000632
5,quantum/Fidelity-SVM,quantum,10,0.5689655172413793,0.5053507728894173,"{""clf__C"": 0.1}",30.22491980000632
5,quantum/Fidelity-SVM,quantum,11,0.5,0.5219976218787158,"{""clf__C"": 0.1}",30.22491980000632
5,quantum/Fidelity-SVM,quantum,12,0.5517241379310345,0.589179548156956,"{""clf__C"": 0.1}",30.22491980000632
5,quantum/Fidelity-SVM,quantum,13,0.49122807017543857,0.4568965517241379,"{""clf__C"": 10.0}",30.22491980000632
5,quantum/Fidelity-SVM,quantum,14,0.49122807017543857,0.5197044334975369,"{""clf__C"": 0.1}",30.22491980000632
5,quantum/HS-RBF-SVM,quantum,0,0.43103448275862066,0.34839476813317477,"{""clf__C"": 10.0, ""clf__gamma_mult"": 4.0}",34.58628810000664
5,quantum/HS-RBF-SVM,quantum,1,0.5172413793103449,0.5362663495838288,"{""clf__C"": 10.0, ""clf__gamma_mult"": 0.25}",34.58628810000664
5,quantum/HS-RBF-SVM,quantum,2,0.5344827586206896,0.558858501783591,"{""clf__C"": 1.0, ""clf__gamma_mult"": 0.25}",34.58628810000664
5,quantum/HS-RBF-SVM,quantum,3,0.45614035087719296,0.43719211822660103,"{""clf__C"": 10.0, ""clf__gamma_mult"": 4.0}",34.58628810000664
5,quantum/HS-RBF-SVM,quantum,4,0.47368421052631576,0.5603448275862069,"{""clf__C"": 1.0, ""clf__gamma_mult"": 1.0}",34.58628810000664
5,quantum/HS-RBF-SVM,quantum,5,0.5344827586206896,0.4756242568370987,"{""clf__C"": 1.0, ""clf__gamma_mult"": 1.0}",34.58628810000664
5,quantum/HS-RBF-SVM,quantum,6,0.46551724137931033,0.4256837098692033,"{""clf__C"": 10.0, ""clf__gamma_mult"": 0.25}",34.58628810000664
5,quantum/HS-RBF-SVM,quantum,7,0.4827586206896552,0.5118906064209274,"{""clf__C"": 10.0, ""clf__gamma_mult"": 0.25}",34.58628810000664
5,quantum/HS-RBF-SVM,quantum,8,0.45614035087719296,0.46798029556650245,"{""clf__C"": 10.0, ""clf__gamma_mult"": 0.25}",34.58628810000664
5,quantum/HS-RBF-SVM,quantum,9,0.5614035087719298,0.520935960591133,"{""clf__C"": 10.0, ""clf__gamma_mult"": 0.25}",34.58628810000664
5,quantum/HS-RBF-SVM,quantum,10,0.5517241379310345,0.44589774078478006,"{""clf__C"": 0.1, ""clf__gamma_mult"": 0.25}",34.58628810000664
5,quantum/HS-RBF-SVM,quantum,11,0.43103448275862066,0.42092746730083236,"{""clf__C"": 1.0, ""clf__gamma_mult"": 0.25}",34.58628810000664
5,quantum/HS-RBF-SVM,quantum,12,0.4482758620689655,0.4054696789536266,"{""clf__C"": 1.0, ""clf__gamma_mult"": 4.0}",34.58628810000664
5,quantum/HS-RBF-SVM,quantum,13,0.45614035087719296,0.3288177339901478,"{""clf__C"": 10.0, ""clf__gamma_mult"": 0.25}",34.58628810000664
5,quantum/HS-RBF-SVM,quantum,14,0.5263157894736842,0.5504926108374384,"{""clf__C"": 1.0, ""clf__gamma_mult"": 0.25}",34.58628810000664
5,quantum/Bures-RBF-SVM,quantum,0,0.4827586206896552,0.4780023781212842,"{""clf__C"": 1.0, ""clf__gamma_mult"": 1.0}",75.05285619999631
5,quantum/Bures-RBF-SVM,quantum,1,0.5517241379310345,0.6135552913198574,"{""clf__C"": 1.0, ""clf__gamma_mult"": 0.25}",75.05285619999631
5,quantum/Bures-RBF-SVM,quantum,2,0.5344827586206896,0.5552913198573126,"{""clf__C"": 1.0, ""clf__gamma_mult"": 0.25}",75.05285619999631
5,quantum/Bures-RBF-SVM,quantum,3,0.45614035087719296,0.4889162561576355,"{""clf__C"": 10.0, ""clf__gamma_mult"": 1.0}",75.05285619999631
5,quantum/Bures-RBF-SVM,quantum,4,0.43859649122807015,0.49753694581280794,"{""clf__C"": 1.0, ""clf__gamma_mult"": 0.25}",75.05285619999631
5,quantum/Bures-RBF-SVM,quantum,5,0.5,0.5422116527942924,"{""clf__C"": 10.0, ""clf__gamma_mult"": 0.25}",75.05285619999631
5,quantum/Bures-RBF-SVM,quantum,6,0.46551724137931033,0.38882282996432815,"{""clf__C"": 10.0, ""clf__gamma_mult"": 0.25}",75.05285619999631
5,quantum/Bures-RBF-SVM,quantum,7,0.4827586206896552,0.5219976218787158,"{""clf__C"": 10.0, ""clf__gamma_mult"": 0.25}",75.05285619999631
5,quantum/Bures-RBF-SVM,quantum,8,0.43859649122807015,0.4987684729064039,"{""clf__C"": 10.0, ""clf__gamma_mult"": 0.25}",75.05285619999631
5,quantum/Bures-RBF-SVM,quantum,9,0.5789473684210527,0.5258620689655172,"{""clf__C"": 1.0, ""clf__gamma_mult"": 4.0}",75.05285619999631
5,quantum/Bures-RBF-SVM,quantum,10,0.5,0.4982164090368609,"{""clf__C"": 10.0, ""clf__gamma_mult"": 0.25}",75.05285619999631
5,quantum/Bures-RBF-SVM,quantum,11,0.4482758620689655,0.4102259215219976,"{""clf__C"": 1.0, ""clf__gamma_mult"": 0.25}",75.05285619999631
5,quantum/Bures-RBF-SVM,quantum,12,0.4482758620689655,0.3888228299643282,"{""clf__C"": 1.0, ""clf__gamma_mult"": 4.0}",75.05285619999631
5,quantum/Bures-RBF-SVM,quantum,13,0.45614035087719296,0.33866995073891626,"{""clf__C"": 10.0, ""clf__gamma_mult"": 0.25}",75.05285619999631
5,quantum/Bures-RBF-SVM,quantum,14,0.543859649122807,0.5677339901477833,"{""clf__C"": 1.0, ""clf__gamma_mult"": 4.0}",75.05285619999631
5,quantum/IQP-kernel-SVM,quantum,0,0.4827586206896552,0.5101070154577884,"{""clf__C"": 10.0, ""clf__scale"": 0.5}",39.135113600001205
5,quantum/IQP-kernel-SVM,quantum,1,0.41379310344827586,0.3329369797859691,"{""clf__C"": 10.0, ""clf__scale"": 1.0}",39.135113600001205
5,quantum/IQP-kernel-SVM,quantum,2,0.5,0.4982164090368609,"{""clf__C"": 1.0, ""clf__scale"": 0.5}",39.135113600001205
5,quantum/IQP-kernel-SVM,quantum,3,0.5614035087719298,0.5541871921182266,"{""clf__C"": 1.0, ""clf__scale"": 2.0}",39.135113600001205
5,quantum/IQP-kernel-SVM,quantum,4,0.49122807017543857,0.4827586206896552,"{""clf__C"": 1.0, ""clf__scale"": 2.0}",39.135113600001205
5,quantum/IQP-kernel-SVM,quantum,5,0.5344827586206896,0.5743162901307967,"{""clf__C"": 10.0, ""clf__scale"": 2.0}",39.135113600001205
5,quantum/IQP-kernel-SVM,quantum,6,0.5689655172413793,0.5743162901307967,"{""clf__C"": 10.0, ""clf__scale"": 2.0}",39.135113600001205
5,quantum/IQP-kernel-SVM,quantum,7,0.4482758620689655,0.41022592152199766,"{""clf__C"": 1.0, ""clf__scale"": 0.5}",39.135113600001205
5,quantum/IQP-kernel-SVM,quantum,8,0.543859649122807,0.6009852216748769,"{""clf__C"": 10.0, ""clf__scale"": 2.0}",39.135113600001205
5,quantum/IQP-kernel-SVM,quantum,9,0.5614035087719298,0.48152709359605916,"{""clf__C"": 1.0, ""clf__scale"": 0.5}",39.135113600001205
5,quantum/IQP-kernel-SVM,quantum,10,0.5344827586206896,0.5160523186682522,"{""clf__C"": 1.0, ""clf__scale"": 2.0}",39.135113600001205
5,quantum/IQP-kernel-SVM,quantum,11,0.5517241379310345,0.5386444708680143,"{""clf__C"": 1.0, ""clf__scale"": 0.5}",39.135113600001205
5,quantum/IQP-kernel-SVM,quantum,12,0.4827586206896552,0.40428061831153395,"{""clf__C"": 1.0, ""clf__scale"": 1.0}",39.135113600001205
5,quantum/IQP-kernel-SVM,quantum,13,0.3684210526315789,0.32019704433497537,"{""clf__C"": 1.0, ""clf__scale"": 0.5}",39.135113600001205
5,quantum/IQP-kernel-SVM,quantum,14,0.49122807017543857,0.479064039408867,"{""clf__C"": 10.0, ""clf__scale"": 0.5}",39.135113600001205
5,quantum/CNOT-kernel-SVM,quantum,0,0.5,0.45422116527942924,"{""clf__C"": 10.0, ""clf__scale"": 1.0}",41.01452300000528
5,quantum/CNOT-kernel-SVM,quantum,1,0.5517241379310345,0.525564803804994,"{""clf__C"": 1.0, ""clf__scale"": 1.0}",41.01452300000528
5,quantum/CNOT-kernel-SVM,quantum,2,0.4827586206896552,0.5267538644470868,"{""clf__C"": 1.0, ""clf__scale"": 1.0}",41.01452300000528
5,quantum/CNOT-kernel-SVM,quantum,3,0.543859649122807,0.5246305418719213,"{""clf__C"": 10.0, ""clf__scale"": 0.5}",41.01452300000528
5,quantum/CNOT-kernel-SVM,quantum,4,0.5263157894736842,0.5184729064039408,"{""clf__C"": 10.0, ""clf__scale"": 0.5}",41.01452300000528
5,quantum/CNOT-kernel-SVM,quantum,5,0.3620689655172414,0.41141498216409045,"{""clf__C"": 10.0, ""clf__scale"": 0.5}",41.01452300000528
5,quantum/CNOT-kernel-SVM,quantum,6,0.5344827586206896,0.563614744351962,"{""clf__C"": 10.0, ""clf__scale"": 0.5}",41.01452300000528
5,quantum/CNOT-kernel-SVM,quantum,7,0.5344827586206896,0.544589774078478,"{""clf__C"": 10.0, ""clf__scale"": 0.5}",41.01452300000528
5,quantum/CNOT-kernel-SVM,quantum,8,0.5087719298245614,0.458128078817734,"{""clf__C"": 10.0, ""clf__scale"": 1.0}",41.01452300000528
5,quantum/CNOT-kernel-SVM,quantum,9,0.47368421052631576,0.4298029556650247,"{""clf__C"": 10.0, ""clf__scale"": 0.5}",41.01452300000528
5,quantum/CNOT-kernel-SVM,quantum,10,0.4482758620689655,0.48156956004756235,"{""clf__C"": 10.0, ""clf__scale"": 0.5}",41.01452300000528
5,quantum/CNOT-kernel-SVM,quantum,11,0.43103448275862066,0.3971462544589774,"{""clf__C"": 1.0, ""clf__scale"": 2.0}",41.01452300000528
5,quantum/CNOT-kernel-SVM,quantum,12,0.4827586206896552,0.49108204518430437,"{""clf__C"": 1.0, ""clf__scale"": 2.0}",41.01452300000528
5,quantum/CNOT-kernel-SVM,quantum,13,0.43859649122807015,0.38177339901477836,"{""clf__C"": 1.0, ""clf__scale"": 1.0}",41.01452300000528
5,quantum/CNOT-kernel-SVM,quantum,14,0.47368421052631576,0.4766009852216749,"{""clf__C"": 1.0, ""clf__scale"": 1.0}",41.01452300000528
5,control/IQP-no-entangle,control,0,0.5172413793103449,0.5291319857312724,"{""clf__C"": 1.0, ""clf__scale"": 2.0}",40.62578650000796
5,control/IQP-no-entangle,control,1,0.5344827586206896,0.5374554102259216,"{""clf__C"": 1.0, ""clf__scale"": 0.5}",40.62578650000796
5,control/IQP-no-entangle,control,2,0.46551724137931033,0.4780023781212842,"{""clf__C"": 1.0, ""clf__scale"": 2.0}",40.62578650000796
5,control/IQP-no-entangle,control,3,0.45614035087719296,0.49014778325123154,"{""clf__C"": 1.0, ""clf__scale"": 2.0}",40.62578650000796
5,control/IQP-no-entangle,control,4,0.49122807017543857,0.49137931034482757,"{""clf__C"": 10.0, ""clf__scale"": 0.5}",40.62578650000796
5,control/IQP-no-entangle,control,5,0.39655172413793105,0.44589774078478006,"{""clf__C"": 1.0, ""clf__scale"": 1.0}",40.62578650000796
5,control/IQP-no-entangle,control,6,0.4827586206896552,0.5219976218787158,"{""clf__C"": 10.0, ""clf__scale"": 0.5}",40.62578650000796
5,control/IQP-no-entangle,control,7,0.5,0.5196195005945303,"{""clf__C"": 1.0, ""clf__scale"": 2.0}",40.62578650000796
5,control/IQP-no-entangle,control,8,0.543859649122807,0.5726600985221675,"{""clf__C"": 1.0, ""clf__scale"": 2.0}",40.62578650000796
5,control/IQP-no-entangle,control,9,0.47368421052631576,0.4568965517241379,"{""clf__C"": 1.0, ""clf__scale"": 0.5}",40.62578650000796
5,control/IQP-no-entangle,control,10,0.43103448275862066,0.4304399524375743,"{""clf__C"": 1.0, ""clf__scale"": 1.0}",40.62578650000796
5,control/IQP-no-entangle,control,11,0.5172413793103449,0.5005945303210464,"{""clf__C"": 1.0, ""clf__scale"": 2.0}",40.62578650000796
5,control/IQP-no-entangle,control,12,0.46551724137931033,0.42806183115338886,"{""clf__C"": 10.0, ""clf__scale"": 2.0}",40.62578650000796
5,control/IQP-no-entangle,control,13,0.40350877192982454,0.291871921182266,"{""clf__C"": 10.0, ""clf__scale"": 1.0}",40.62578650000796
5,control/IQP-no-entangle,control,14,0.5263157894736842,0.5197044334975369,"{""clf__C"": 10.0, ""clf__scale"": 0.5}",40.62578650000796
5,control/PCA-matched-RBF,control,0,0.5689655172413793,0.5065398335315101,"{""clf__C"": 1.0, ""clf__gamma"": ""scale""}",38.73144800000591
5,control/PCA-matched-RBF,control,1,0.5172413793103449,0.5707491082045184,"{""clf__C"": 0.1, ""clf__gamma"": 0.01}",38.73144800000591
5,control/PCA-matched-RBF,control,2,0.5172413793103449,0.5576694411414982,"{""clf__C"": 10.0, ""clf__gamma"": 0.1}",38.73144800000591
5,control/PCA-matched-RBF,control,3,0.49122807017543857,0.49507389162561577,"{""clf__C"": 10.0, ""clf__gamma"": 0.01}",38.73144800000591
5,control/PCA-matched-RBF,control,4,0.49122807017543857,0.4913793103448276,"{""clf__C"": 10.0, ""clf__gamma"": 0.1}",38.73144800000591
5,control/PCA-matched-RBF,control,5,0.4482758620689655,0.3888228299643282,"{""clf__C"": 1.0, ""clf__gamma"": 0.1}",38.73144800000591
5,control/PCA-matched-RBF,control,6,0.5517241379310345,0.5493460166468491,"{""clf__C"": 10.0, ""clf__gamma"": 0.1}",38.73144800000591
5,control/PCA-matched-RBF,control,7,0.4482758620689655,0.4637336504161712,"{""clf__C"": 1.0, ""clf__gamma"": ""scale""}",38.73144800000591
5,control/PCA-matched-RBF,control,8,0.49122807017543857,0.5504926108374385,"{""clf__C"": 0.1, ""clf__gamma"": 0.01}",38.73144800000591
5,control/PCA-matched-RBF,control,9,0.45614035087719296,0.43965517241379315,"{""clf__C"": 10.0, ""clf__gamma"": 0.1}",38.73144800000591
5,control/PCA-matched-RBF,control,10,0.4827586206896552,0.43638525564803804,"{""clf__C"": 0.1, ""clf__gamma"": 0.01}",38.73144800000591
5,control/PCA-matched-RBF,control,11,0.5689655172413793,0.5208085612366231,"{""clf__C"": 10.0, ""clf__gamma"": 0.1}",38.73144800000591
5,control/PCA-matched-RBF,control,12,0.5344827586206896,0.525564803804994,"{""clf__C"": 10.0, ""clf__gamma"": 0.1}",38.73144800000591
5,control/PCA-matched-RBF,control,13,0.42105263157894735,0.32389162561576357,"{""clf__C"": 1.0, ""clf__gamma"": ""scale""}",38.73144800000591
5,control/PCA-matched-RBF,control,14,0.5263157894736842,0.5061576354679803,"{""clf__C"": 10.0, ""clf__gamma"": 0.1}",38.73144800000591
5,control/PCA-matched-linear,control,0,0.5344827586206896,0.525564803804994,"{""clf__C"": 10.0}",12.961948299998767
5,control/PCA-matched-linear,control,1,0.5,0.5541022592152199,"{""clf__C"": 0.1}",12.961948299998767
5,control/PCA-matched-linear,control,2,0.4827586206896552,0.5410225921521998,"{""clf__C"": 1.0}",12.961948299998767
5,control/PCA-matched-linear,control,3,0.49122807017543857,0.4753694581280788,"{""clf__C"": 0.1}",12.961948299998767
5,control/PCA-matched-linear,control,4,0.49122807017543857,0.5,"{""clf__C"": 0.1}",12.961948299998767
5,control/PCA-matched-linear,control,5,0.46551724137931033,0.37217598097502974,"{""clf__C"": 0.1}",12.961948299998767
5,control/PCA-matched-linear,control,6,0.5344827586206896,0.535077288941736,"{""clf__C"": 0.1}",12.961948299998767
5,control/PCA-matched-linear,control,7,0.5172413793103449,0.5374554102259215,"{""clf__C"": 0.1}",12.961948299998767
5,control/PCA-matched-linear,control,8,0.543859649122807,0.5455665024630542,"{""clf__C"": 1.0}",12.961948299998767
5,control/PCA-matched-linear,control,9,0.43859649122807015,0.4704433497536946,"{""clf__C"": 10.0}",12.961948299998767
5,control/PCA-matched-linear,control,10,0.46551724137931033,0.4030915576694411,"{""clf__C"": 1.0}",12.961948299998767
5,control/PCA-matched-linear,control,11,0.4827586206896552,0.5315101070154578,"{""clf__C"": 1.0}",12.961948299998767
5,control/PCA-matched-linear,control,12,0.43103448275862066,0.4803804994054697,"{""clf__C"": 0.1}",12.961948299998767
5,control/PCA-matched-linear,control,13,0.45614035087719296,0.4766009852216748,"{""clf__C"": 0.1}",12.961948299998767
5,control/PCA-matched-linear,control,14,0.43859649122807015,0.5086206896551724,"{""clf__C"": 0.1}",12.961948299998767
5,control/logeuclid-TS+LR,control,0,0.4482758620689655,0.4696789536266349,"{""clf__C"": 10.0}",12.427658200002043
5,control/logeuclid-TS+LR,control,1,0.5862068965517241,0.6028537455410226,"{""clf__C"": 10.0}",12.427658200002043
5,control/logeuclid-TS+LR,control,2,0.5862068965517241,0.6706302021403092,"{""clf__C"": 1.0}",12.427658200002043
5,control/logeuclid-TS+LR,control,3,0.543859649122807,0.5899014778325123,"{""clf__C"": 10.0}",12.427658200002043
5,control/logeuclid-TS+LR,control,4,0.5614035087719298,0.5800492610837438,"{""clf__C"": 1.0}",12.427658200002043
5,control/logeuclid-TS+LR,control,5,0.5172413793103449,0.525564803804994,"{""clf__C"": 10.0}",12.427658200002043
5,control/logeuclid-TS+LR,control,6,0.603448275862069,0.6872770511296077,"{""clf__C"": 10.0}",12.427658200002043
5,control/logeuclid-TS+LR,control,7,0.6379310344827587,0.5838287752675386,"{""clf__C"": 1.0}",12.427658200002043
5,control/logeuclid-TS+LR,control,8,0.47368421052631576,0.4716748768472906,"{""clf__C"": 1.0}",12.427658200002043
5,control/logeuclid-TS+LR,control,9,0.6491228070175439,0.6576354679802956,"{""clf__C"": 10.0}",12.427658200002043
5,control/logeuclid-TS+LR,control,10,0.5344827586206896,0.5386444708680143,"{""clf__C"": 10.0}",12.427658200002043
5,control/logeuclid-TS+LR,control,11,0.5,0.5410225921521998,"{""clf__C"": 10.0}",12.427658200002043
5,control/logeuclid-TS+LR,control,12,0.603448275862069,0.6409036860879904,"{""clf__C"": 10.0}",12.427658200002043
5,control/logeuclid-TS+LR,control,13,0.47368421052631576,0.48645320197044334,"{""clf__C"": 10.0}",12.427658200002043
5,control/logeuclid-TS+LR,control,14,0.6140350877192983,0.6576354679802956,"{""clf__C"": 10.0}",12.427658200002043
6,classical/logvar+LDA,classical,0,0.5689655172413793,0.633769322235434,{},0.14848479999636766
6,classical/logvar+LDA,classical,1,0.603448275862069,0.6694411414982164,{},0.14848479999636766
6,classical/logvar+LDA,classical,2,0.6551724137931034,0.7110582639714627,{},0.14848479999636766
6,classical/logvar+LDA,classical,3,0.7543859649122807,0.8349753694581281,{},0.14848479999636766
6,classical/logvar+LDA,classical,4,0.7017543859649122,0.7795566502463054,{},0.14848479999636766
6,classical/logvar+LDA,classical,5,0.6206896551724138,0.737217598097503,{},0.14848479999636766
6,classical/logvar+LDA,classical,6,0.7068965517241379,0.7431629013079667,{},0.14848479999636766
6,classical/logvar+LDA,classical,7,0.7241379310344828,0.7669441141498217,{},0.14848479999636766
6,classical/logvar+LDA,classical,8,0.5964912280701754,0.7179802955665026,{},0.14848479999636766
6,classical/logvar+LDA,classical,9,0.631578947368421,0.7327586206896552,{},0.14848479999636766
6,classical/logvar+LDA,classical,10,0.6896551724137931,0.746730083234245,{},0.14848479999636766
6,classical/logvar+LDA,classical,11,0.6724137931034483,0.7431629013079667,{},0.14848479999636766
6,classical/logvar+LDA,classical,12,0.6206896551724138,0.7253269916765755,{},0.14848479999636766
6,classical/logvar+LDA,classical,13,0.631578947368421,0.6625615763546798,{},0.14848479999636766
6,classical/logvar+LDA,classical,14,0.7017543859649122,0.7721674876847291,{},0.14848479999636766
6,classical/CSP+LDA,classical,0,0.5689655172413793,0.7003567181926279,"{""csp__nfilter"": 6}",10.507504499997594
6,classical/CSP+LDA,classical,1,0.6206896551724138,0.718192627824019,"{""csp__nfilter"": 4}",10.507504499997594
6,classical/CSP+LDA,classical,2,0.5517241379310345,0.6611177170035671,"{""csp__nfilter"": 6}",10.507504499997594
6,classical/CSP+LDA,classical,3,0.7543859649122807,0.854679802955665,"{""csp__nfilter"": 4}",10.507504499997594
6,classical/CSP+LDA,classical,4,0.7368421052631579,0.7647783251231528,"{""csp__nfilter"": 4}",10.507504499997594
6,classical/CSP+LDA,classical,5,0.6206896551724138,0.7538644470868014,"{""csp__nfilter"": 6}",10.507504499997594
6,classical/CSP+LDA,classical,6,0.7758620689655172,0.8180737217598097,"{""csp__nfilter"": 6}",10.507504499997594
6,classical/CSP+LDA,classical,7,0.7413793103448276,0.7479191438763377,"{""csp__nfilter"": 6}",10.507504499997594
6,classical/CSP+LDA,classical,8,0.7368421052631579,0.751231527093596,"{""csp__nfilter"": 6}",10.507504499997594
6,classical/CSP+LDA,classical,9,0.631578947368421,0.75,"{""csp__nfilter"": 4}",10.507504499997594
6,classical/CSP+LDA,classical,10,0.7068965517241379,0.8061831153388823,"{""csp__nfilter"": 4}",10.507504499997594
6,classical/CSP+LDA,classical,11,0.7241379310344828,0.7598097502972652,"{""csp__nfilter"": 4}",10.507504499997594
6,classical/CSP+LDA,classical,12,0.6896551724137931,0.7324613555291319,"{""csp__nfilter"": 4}",10.507504499997594
6,classical/CSP+LDA,classical,13,0.6491228070175439,0.7302955665024631,"{""csp__nfilter"": 6}",10.507504499997594
6,classical/CSP+LDA,classical,14,0.7017543859649122,0.7980295566502463,"{""csp__nfilter"": 4}",10.507504499997594
6,classical/MDM,classical,0,0.6724137931034483,0.6646848989298454,{},1.1979347000014968
6,classical/MDM,classical,1,0.6379310344827587,0.6385255648038051,{},1.1979347000014968
6,classical/MDM,classical,2,0.7068965517241379,0.7550535077288942,{},1.1979347000014968
6,classical/MDM,classical,3,0.6666666666666666,0.7179802955665026,{},1.1979347000014968
6,classical/MDM,classical,4,0.7192982456140351,0.75,{},1.1979347000014968
6,classical/MDM,classical,5,0.603448275862069,0.6777645659928655,{},1.1979347000014968
6,classical/MDM,classical,6,0.7241379310344828,0.7717003567181927,{},1.1979347000014968
6,classical/MDM,classical,7,0.6896551724137931,0.703923900118906,{},1.1979347000014968
6,classical/MDM,classical,8,0.6666666666666666,0.6330049261083743,{},1.1979347000014968
6,classical/MDM,classical,9,0.6842105263157895,0.7832512315270936,{},1.1979347000014968
6,classical/MDM,classical,10,0.7758620689655172,0.793103448275862,{},1.1979347000014968
6,classical/MDM,classical,11,0.6724137931034483,0.7003567181926278,{},1.1979347000014968
6,classical/MDM,classical,12,0.6551724137931034,0.6801426872770512,{},1.1979347000014968
6,classical/MDM,classical,13,0.6491228070175439,0.708128078817734,{},1.1979347000014968
6,classical/MDM,classical,14,0.6842105263157895,0.7167487684729064,{},1.1979347000014968
6,classical/TS+LR,classical,0,0.6379310344827587,0.7384066587395958,"{""clf__C"": 0.1}",11.658236300005228
6,classical/TS+LR,classical,1,0.7068965517241379,0.7609988109393578,"{""clf__C"": 1.0}",11.658236300005228
6,classical/TS+LR,classical,2,0.6206896551724138,0.713436385255648,"{""clf__C"": 0.1}",11.658236300005228
6,classical/TS+LR,classical,3,0.8070175438596491,0.8583743842364532,"{""clf__C"": 0.1}",11.658236300005228
6,classical/TS+LR,classical,4,0.6842105263157895,0.8091133004926109,"{""clf__C"": 0.1}",11.658236300005228
6,classical/TS+LR,classical,5,0.6724137931034483,0.7717003567181927,"{""clf__C"": 0.1}",11.658236300005228
6,classical/TS+LR,classical,6,0.7068965517241379,0.8240190249702735,"{""clf__C"": 0.1}",11.658236300005228
6,classical/TS+LR,classical,7,0.6379310344827587,0.7455410225921522,"{""clf__C"": 1.0}",11.658236300005228
6,classical/TS+LR,classical,8,0.6842105263157895,0.7598522167487685,"{""clf__C"": 1.0}",11.658236300005228
6,classical/TS+LR,classical,9,0.7368421052631579,0.812807881773399,"{""clf__C"": 0.1}",11.658236300005228
6,classical/TS+LR,classical,10,0.6896551724137931,0.765755053507729,"{""clf__C"": 0.1}",11.658236300005228
6,classical/TS+LR,classical,11,0.7068965517241379,0.8180737217598097,"{""clf__C"": 0.1}",11.658236300005228
6,classical/TS+LR,classical,12,0.6379310344827587,0.7657550535077289,"{""clf__C"": 10.0}",11.658236300005228
6,classical/TS+LR,classical,13,0.6666666666666666,0.7179802955665024,"{""clf__C"": 1.0}",11.658236300005228
6,classical/TS+LR,classical,14,0.8245614035087719,0.8472906403940886,"{""clf__C"": 0.1}",11.658236300005228
6,classical/TS+RBF-SVM,classical,0,0.6206896551724138,0.7015457788347206,"{""clf__C"": 1.0, ""clf__gamma"": 0.01}",31.676608599998872
6,classical/TS+RBF-SVM,classical,1,0.6724137931034483,0.7217598097502972,"{""clf__C"": 1.0, ""clf__gamma"": 0.01}",31.676608599998872
6,classical/TS+RBF-SVM,classical,2,0.603448275862069,0.6801426872770511,"{""clf__C"": 1.0, ""clf__gamma"": ""scale""}",31.676608599998872
6,classical/TS+RBF-SVM,classical,3,0.7192982456140351,0.8374384236453203,"{""clf__C"": 1.0, ""clf__gamma"": 0.01}",31.676608599998872
6,classical/TS+RBF-SVM,classical,4,0.7368421052631579,0.8017241379310345,"{""clf__C"": 1.0, ""clf__gamma"": 0.01}",31.676608599998872
6,classical/TS+RBF-SVM,classical,5,0.6724137931034483,0.7419738406658739,"{""clf__C"": 1.0, ""clf__gamma"": 0.01}",31.676608599998872
6,classical/TS+RBF-SVM,classical,6,0.6896551724137931,0.797859690844233,"{""clf__C"": 1.0, ""clf__gamma"": 0.01}",31.676608599998872
6,classical/TS+RBF-SVM,classical,7,0.7068965517241379,0.7336504161712247,"{""clf__C"": 1.0, ""clf__gamma"": 0.01}",31.676608599998872
6,classical/TS+RBF-SVM,classical,8,0.6491228070175439,0.7007389162561576,"{""clf__C"": 1.0, ""clf__gamma"": 0.01}",31.676608599998872
6,classical/TS+RBF-SVM,classical,9,0.7543859649122807,0.7955665024630543,"{""clf__C"": 1.0, ""clf__gamma"": 0.01}",31.676608599998872
6,classical/TS+RBF-SVM,classical,10,0.7413793103448276,0.7788347205707491,"{""clf__C"": 1.0, ""clf__gamma"": 0.01}",31.676608599998872
6,classical/TS+RBF-SVM,classical,11,0.7068965517241379,0.7740784780023782,"{""clf__C"": 1.0, ""clf__gamma"": ""scale""}",31.676608599998872
6,classical/TS+RBF-SVM,classical,12,0.6379310344827587,0.7312722948870393,"{""clf__C"": 1.0, ""clf__gamma"": 0.01}",31.676608599998872
6,classical/TS+RBF-SVM,classical,13,0.6491228070175439,0.6945812807881774,"{""clf__C"": 1.0, ""clf__gamma"": 0.01}",31.676608599998872
6,classical/TS+RBF-SVM,classical,14,0.7192982456140351,0.7943349753694582,"{""clf__C"": 1.0, ""clf__gamma"": ""scale""}",31.676608599998872
6,quantum/HS-overlap-SVM,quantum,0,0.603448275862069,0.5766944114149822,"{""clf__C"": 10.0}",12.084765199993853
6,quantum/HS-overlap-SVM,quantum,1,0.46551724137931033,0.535077288941736,"{""clf__C"": 10.0}",12.084765199993853
6,quantum/HS-overlap-SVM,quantum,2,0.5344827586206896,0.6028537455410226,"{""clf__C"": 10.0}",12.084765199993853
6,quantum/HS-overlap-SVM,quantum,3,0.6140350877192983,0.6711822660098523,"{""clf__C"": 10.0}",12.084765199993853
6,quantum/HS-overlap-SVM,quantum,4,0.5964912280701754,0.7118226600985222,"{""clf__C"": 10.0}",12.084765199993853
6,quantum/HS-overlap-SVM,quantum,5,0.5517241379310345,0.5838287752675386,"{""clf__C"": 10.0}",12.084765199993853
6,quantum/HS-overlap-SVM,quantum,6,0.6206896551724138,0.6634958382877526,"{""clf__C"": 10.0}",12.084765199993853
6,quantum/HS-overlap-SVM,quantum,7,0.5517241379310345,0.6028537455410226,"{""clf__C"": 10.0}",12.084765199993853
6,quantum/HS-overlap-SVM,quantum,8,0.5614035087719298,0.6490147783251231,"{""clf__C"": 10.0}",12.084765199993853
6,quantum/HS-overlap-SVM,quantum,9,0.6140350877192983,0.6440886699507389,"{""clf__C"": 10.0}",12.084765199993853
6,quantum/HS-overlap-SVM,quantum,10,0.6724137931034483,0.6837098692033294,"{""clf__C"": 10.0}",12.084765199993853
6,quantum/HS-overlap-SVM,quantum,11,0.5689655172413793,0.6516052318668253,"{""clf__C"": 10.0}",12.084765199993853
6,quantum/HS-overlap-SVM,quantum,12,0.603448275862069,0.6052318668252081,"{""clf__C"": 10.0}",12.084765199993853
6,quantum/HS-overlap-SVM,quantum,13,0.49122807017543857,0.5394088669950738,"{""clf__C"": 10.0}",12.084765199993853
6,quantum/HS-overlap-SVM,quantum,14,0.631578947368421,0.665024630541872,"{""clf__C"": 10.0}",12.084765199993853
6,quantum/Fidelity-SVM,quantum,0,0.5689655172413793,0.5743162901307967,"{""clf__C"": 10.0}",28.88195920000726
6,quantum/Fidelity-SVM,quantum,1,0.5172413793103449,0.5136741973840666,"{""clf__C"": 10.0}",28.88195920000726
6,quantum/Fidelity-SVM,quantum,2,0.5344827586206896,0.5980975029726516,"{""clf__C"": 10.0}",28.88195920000726
6,quantum/Fidelity-SVM,quantum,3,0.5964912280701754,0.666256157635468,"{""clf__C"": 10.0}",28.88195920000726
6,quantum/Fidelity-SVM,quantum,4,0.6666666666666666,0.7032019704433498,"{""clf__C"": 10.0}",28.88195920000726
6,quantum/Fidelity-SVM,quantum,5,0.5344827586206896,0.5838287752675386,"{""clf__C"": 10.0}",28.88195920000726
6,quantum/Fidelity-SVM,quantum,6,0.6206896551724138,0.6456599286563615,"{""clf__C"": 10.0}",28.88195920000726
6,quantum/Fidelity-SVM,quantum,7,0.5344827586206896,0.5969084423305588,"{""clf__C"": 10.0}",28.88195920000726
6,quantum/Fidelity-SVM,quantum,8,0.5614035087719298,0.6391625615763546,"{""clf__C"": 10.0}",28.88195920000726
6,quantum/Fidelity-SVM,quantum,9,0.6140350877192983,0.6453201970443351,"{""clf__C"": 10.0}",28.88195920000726
6,quantum/Fidelity-SVM,quantum,10,0.6551724137931034,0.6658739595719382,"{""clf__C"": 10.0}",28.88195920000726
6,quantum/Fidelity-SVM,quantum,11,0.5689655172413793,0.6492271105826397,"{""clf__C"": 10.0}",28.88195920000726
6,quantum/Fidelity-SVM,quantum,12,0.5862068965517241,0.5873959571938169,"{""clf__C"": 10.0}",28.88195920000726
6,quantum/Fidelity-SVM,quantum,13,0.5614035087719298,0.5394088669950738,"{""clf__C"": 10.0}",28.88195920000726
6,quantum/Fidelity-SVM,quantum,14,0.5964912280701754,0.6551724137931034,"{""clf__C"": 10.0}",28.88195920000726
6,quantum/HS-RBF-SVM,quantum,0,0.4482758620689655,0.464922711058264,"{""clf__C"": 10.0, ""clf__gamma_mult"": 4.0}",33.29703940000036
6,quantum/HS-RBF-SVM,quantum,1,0.5517241379310345,0.544589774078478,"{""clf__C"": 1.0, ""clf__gamma_mult"": 1.0}",33.29703940000036
6,quantum/HS-RBF-SVM,quantum,2,0.4827586206896552,0.5457788347205708,"{""clf__C"": 1.0, ""clf__gamma_mult"": 1.0}",33.29703940000036
6,quantum/HS-RBF-SVM,quantum,3,0.5789473684210527,0.625615763546798,"{""clf__C"": 1.0, ""clf__gamma_mult"": 1.0}",33.29703940000036
6,quantum/HS-RBF-SVM,quantum,4,0.631578947368421,0.708128078817734,"{""clf__C"": 10.0, ""clf__gamma_mult"": 0.25}",33.29703940000036
6,quantum/HS-RBF-SVM,quantum,5,0.5,0.5279429250891796,"{""clf__C"": 10.0, ""clf__gamma_mult"": 1.0}",33.29703940000036
6,quantum/HS-RBF-SVM,quantum,6,0.5344827586206896,0.5053507728894173,"{""clf__C"": 10.0, ""clf__gamma_mult"": 4.0}",33.29703940000036
6,quantum/HS-RBF-SVM,quantum,7,0.6206896551724138,0.61474435196195,"{""clf__C"": 10.0, ""clf__gamma_mult"": 4.0}",33.29703940000036
6,quantum/HS-RBF-SVM,quantum,8,0.5964912280701754,0.6428571428571429,"{""clf__C"": 10.0, ""clf__gamma_mult"": 0.25}",33.29703940000036
6,quantum/HS-RBF-SVM,quantum,9,0.5964912280701754,0.5357142857142857,"{""clf__C"": 10.0, ""clf__gamma_mult"": 4.0}",33.29703940000036
6,quantum/HS-RBF-SVM,quantum,10,0.6379310344827587,0.6884661117717004,"{""clf__C"": 1.0, ""clf__gamma_mult"": 0.25}",33.29703940000036
6,quantum/HS-RBF-SVM,quantum,11,0.5517241379310345,0.5457788347205708,"{""clf__C"": 10.0, ""clf__gamma_mult"": 4.0}",33.29703940000036
6,quantum/HS-RBF-SVM,quantum,12,0.5689655172413793,0.5897740784780023,"{""clf__C"": 10.0, ""clf__gamma_mult"": 4.0}",33.29703940000036
6,quantum/HS-RBF-SVM,quantum,13,0.49122807017543857,0.4741379310344827,"{""clf__C"": 10.0, ""clf__gamma_mult"": 1.0}",33.29703940000036
6,quantum/HS-RBF-SVM,quantum,14,0.543859649122807,0.6219211822660099,"{""clf__C"": 1.0, ""clf__gamma_mult"": 0.25}",33.29703940000036
6,quantum/Bures-RBF-SVM,quantum,0,0.4827586206896552,0.464922711058264,"{""clf__C"": 10.0, ""clf__gamma_mult"": 4.0}",72.92875309998635
6,quantum/Bures-RBF-SVM,quantum,1,0.5344827586206896,0.5552913198573127,"{""clf__C"": 1.0, ""clf__gamma_mult"": 1.0}",72.92875309998635
6,quantum/Bures-RBF-SVM,quantum,2,0.5172413793103449,0.5933412604042806,"{""clf__C"": 1.0, ""clf__gamma_mult"": 0.25}",72.92875309998635
6,quantum/Bures-RBF-SVM,quantum,3,0.5789473684210527,0.6206896551724138,"{""clf__C"": 1.0, ""clf__gamma_mult"": 1.0}",72.92875309998635
6,quantum/Bures-RBF-SVM,quantum,4,0.631578947368421,0.7130541871921182,"{""clf__C"": 10.0, ""clf__gamma_mult"": 0.25}",72.92875309998635
6,quantum/Bures-RBF-SVM,quantum,5,0.5689655172413793,0.5885850178359097,"{""clf__C"": 10.0, ""clf__gamma_mult"": 4.0}",72.92875309998635
6,quantum/Bures-RBF-SVM,quantum,6,0.5517241379310345,0.4875148632580262,"{""clf__C"": 10.0, ""clf__gamma_mult"": 4.0}",72.92875309998635
6,quantum/Bures-RBF-SVM,quantum,7,0.5862068965517241,0.6040428061831153,"{""clf__C"": 10.0, ""clf__gamma_mult"": 4.0}",72.92875309998635
6,quantum/Bures-RBF-SVM,quantum,8,0.6140350877192983,0.6527093596059114,"{""clf__C"": 10.0, ""clf__gamma_mult"": 0.25}",72.92875309998635
6,quantum/Bures-RBF-SVM,quantum,9,0.5789473684210527,0.543103448275862,"{""clf__C"": 10.0, ""clf__gamma_mult"": 4.0}",72.92875309998635
6,quantum/Bures-RBF-SVM,quantum,10,0.6551724137931034,0.7015457788347206,"{""clf__C"": 1.0, ""clf__gamma_mult"": 0.25}",72.92875309998635
6,quantum/Bures-RBF-SVM,quantum,11,0.5,0.5267538644470868,"{""clf__C"": 10.0, ""clf__gamma_mult"": 4.0}",72.92875309998635
6,quantum/Bures-RBF-SVM,quantum,12,0.5344827586206896,0.5980975029726516,"{""clf__C"": 10.0, ""clf__gamma_mult"": 4.0}",72.92875309998635
6,quantum/Bures-RBF-SVM,quantum,13,0.5789473684210527,0.5849753694581281,"{""clf__C"": 10.0, ""clf__gamma_mult"": 4.0}",72.92875309998635
6,quantum/Bures-RBF-SVM,quantum,14,0.5263157894736842,0.6083743842364532,"{""clf__C"": 10.0, ""clf__gamma_mult"": 0.25}",72.92875309998635
6,quantum/IQP-kernel-SVM,quantum,0,0.5862068965517241,0.5802615933412604,"{""clf__C"": 1.0, ""clf__scale"": 0.5}",36.97899230000621
6,quantum/IQP-kernel-SVM,quantum,1,0.5,0.40784780023781214,"{""clf__C"": 1.0, ""clf__scale"": 0.5}",36.97899230000621
6,quantum/IQP-kernel-SVM,quantum,2,0.46551724137931033,0.46254458977407853,"{""clf__C"": 1.0, ""clf__scale"": 2.0}",36.97899230000621
6,quantum/IQP-kernel-SVM,quantum,3,0.5087719298245614,0.625615763546798,"{""clf__C"": 0.1, ""clf__scale"": 0.5}",36.97899230000621
6,quantum/IQP-kernel-SVM,quantum,4,0.49122807017543857,0.4802955665024631,"{""clf__C"": 10.0, ""clf__scale"": 2.0}",36.97899230000621
6,quantum/IQP-kernel-SVM,quantum,5,0.39655172413793105,0.4292508917954816,"{""clf__C"": 1.0, ""clf__scale"": 1.0}",36.97899230000621
6,quantum/IQP-kernel-SVM,quantum,6,0.5689655172413793,0.5350772889417361,"{""clf__C"": 1.0, ""clf__scale"": 0.5}",36.97899230000621
6,quantum/IQP-kernel-SVM,quantum,7,0.5689655172413793,0.5802615933412604,"{""clf__C"": 1.0, ""clf__scale"": 1.0}",36.97899230000621
6,quantum/IQP-kernel-SVM,quantum,8,0.49122807017543857,0.46551724137931033,"{""clf__C"": 1.0, ""clf__scale"": 0.5}",36.97899230000621
6,quantum/IQP-kernel-SVM,quantum,9,0.6140350877192983,0.6330049261083744,"{""clf__C"": 0.1, ""clf__scale"": 0.5}",36.97899230000621
6,quantum/IQP-kernel-SVM,quantum,10,0.5344827586206896,0.5457788347205706,"{""clf__C"": 10.0, ""clf__scale"": 0.5}",36.97899230000621
6,quantum/IQP-kernel-SVM,quantum,11,0.46551724137931033,0.455410225921522,"{""clf__C"": 1.0, ""clf__scale"": 2.0}",36.97899230000621
6,quantum/IQP-kernel-SVM,quantum,12,0.3793103448275862,0.4399524375743163,"{""clf__C"": 10.0, ""clf__scale"": 0.5}",36.97899230000621
6,quantum/IQP-kernel-SVM,quantum,13,0.6491228070175439,0.7475369458128078,"{""clf__C"": 1.0, ""clf__scale"": 0.5}",36.97899230000621
6,quantum/IQP-kernel-SVM,quantum,14,0.45614035087719296,0.41502463054187194,"{""clf__C"": 10.0, ""clf__scale"": 1.0}",36.97899230000621
6,quantum/CNOT-kernel-SVM,quantum,0,0.5689655172413793,0.6016646848989299,"{""clf__C"": 1.0, ""clf__scale"": 1.0}",35.905679699993925
6,quantum/CNOT-kernel-SVM,quantum,1,0.5,0.48870392390011896,"{""clf__C"": 0.1, ""clf__scale"": 1.0}",35.905679699993925
6,quantum/CNOT-kernel-SVM,quantum,2,0.4482758620689655,0.48394768133174787,"{""clf__C"": 0.1, ""clf__scale"": 0.5}",35.905679699993925
6,quantum/CNOT-kernel-SVM,quantum,3,0.5964912280701754,0.5985221674876847,"{""clf__C"": 1.0, ""clf__scale"": 0.5}",35.905679699993925
6,quantum/CNOT-kernel-SVM,quantum,4,0.5964912280701754,0.5738916256157636,"{""clf__C"": 1.0, ""clf__scale"": 0.5}",35.905679699993925
6,quantum/CNOT-kernel-SVM,quantum,5,0.6206896551724138,0.5850178359096314,"{""clf__C"": 1.0, ""clf__scale"": 0.5}",35.905679699993925
6,quantum/CNOT-kernel-SVM,quantum,6,0.5517241379310345,0.6004756242568371,"{""clf__C"": 1.0, ""clf__scale"": 0.5}",35.905679699993925
6,quantum/CNOT-kernel-SVM,quantum,7,0.5689655172413793,0.6040428061831153,"{""clf__C"": 1.0, ""clf__scale"": 1.0}",35.905679699993925
6,quantum/CNOT-kernel-SVM,quantum,8,0.5614035087719298,0.5283251231527093,"{""clf__C"": 1.0, ""clf__scale"": 0.5}",35.905679699993925
6,quantum/CNOT-kernel-SVM,quantum,9,0.5789473684210527,0.5948275862068966,"{""clf__C"": 1.0, ""clf__scale"": 0.5}",35.905679699993925
6,quantum/CNOT-kernel-SVM,quantum,10,0.5689655172413793,0.5552913198573127,"{""clf__C"": 1.0, ""clf__scale"": 1.0}",35.905679699993925
6,quantum/CNOT-kernel-SVM,quantum,11,0.5517241379310345,0.5945303210463734,"{""clf__C"": 1.0, ""clf__scale"": 1.0}",35.905679699993925
6,quantum/CNOT-kernel-SVM,quantum,12,0.4827586206896552,0.4530321046373365,"{""clf__C"": 10.0, ""clf__scale"": 0.5}",35.905679699993925
6,quantum/CNOT-kernel-SVM,quantum,13,0.6666666666666666,0.7253694581280788,"{""clf__C"": 10.0, ""clf__scale"": 0.5}",35.905679699993925
6,quantum/CNOT-kernel-SVM,quantum,14,0.5263157894736842,0.5701970443349754,"{""clf__C"": 1.0, ""clf__scale"": 0.5}",35.905679699993925
6,control/IQP-no-entangle,control,0,0.5862068965517241,0.6456599286563615,"{""clf__C"": 1.0, ""clf__scale"": 0.5}",37.02314079999633
6,control/IQP-no-entangle,control,1,0.5,0.4863258026159334,"{""clf__C"": 0.1, ""clf__scale"": 1.0}",37.02314079999633
6,control/IQP-no-entangle,control,2,0.5689655172413793,0.5552913198573127,"{""clf__C"": 10.0, ""clf__scale"": 2.0}",37.02314079999633
6,control/IQP-no-entangle,control,3,0.5789473684210527,0.5960591133004927,"{""clf__C"": 1.0, ""clf__scale"": 0.5}",37.02314079999633
6,control/IQP-no-entangle,control,4,0.543859649122807,0.5665024630541872,"{""clf__C"": 1.0, ""clf__scale"": 0.5}",37.02314079999633
6,control/IQP-no-entangle,control,5,0.5172413793103449,0.5362663495838287,"{""clf__C"": 1.0, ""clf__scale"": 1.0}",37.02314079999633
6,control/IQP-no-entangle,control,6,0.5172413793103449,0.573127229488704,"{""clf__C"": 1.0, ""clf__scale"": 1.0}",37.02314079999633
6,control/IQP-no-entangle,control,7,0.5517241379310345,0.5980975029726516,"{""clf__C"": 1.0, ""clf__scale"": 1.0}",37.02314079999633
6,control/IQP-no-entangle,control,8,0.5263157894736842,0.5,"{""clf__C"": 1.0, ""clf__scale"": 0.5}",37.02314079999633
6,control/IQP-no-entangle,control,9,0.5614035087719298,0.6108374384236454,"{""clf__C"": 1.0, ""clf__scale"": 0.5}",37.02314079999633
6,control/IQP-no-entangle,control,10,0.5689655172413793,0.5826397146254458,"{""clf__C"": 1.0, ""clf__scale"": 1.0}",37.02314079999633
6,control/IQP-no-entangle,control,11,0.5344827586206896,0.5873959571938169,"{""clf__C"": 1.0, ""clf__scale"": 0.5}",37.02314079999633
6,control/IQP-no-entangle,control,12,0.4827586206896552,0.464922711058264,"{""clf__C"": 10.0, ""clf__scale"": 0.5}",37.02314079999633
6,control/IQP-no-entangle,control,13,0.5263157894736842,0.5049261083743842,"{""clf__C"": 1.0, ""clf__scale"": 2.0}",37.02314079999633
6,control/IQP-no-entangle,control,14,0.5087719298245614,0.5566502463054187,"{""clf__C"": 1.0, ""clf__scale"": 0.5}",37.02314079999633
6,control/PCA-matched-RBF,control,0,0.6206896551724138,0.6266349583828775,"{""clf__C"": 1.0, ""clf__gamma"": 0.1}",33.06389499999932
6,control/PCA-matched-RBF,control,1,0.5517241379310345,0.5267538644470868,"{""clf__C"": 10.0, ""clf__gamma"": 0.01}",33.06389499999932
6,control/PCA-matched-RBF,control,2,0.5344827586206896,0.5196195005945303,"{""clf__C"": 10.0, ""clf__gamma"": 0.01}",33.06389499999932
6,control/PCA-matched-RBF,control,3,0.5964912280701754,0.5899014778325122,"{""clf__C"": 1.0, ""clf__gamma"": 0.1}",33.06389499999932
6,control/PCA-matched-RBF,control,4,0.5789473684210527,0.5788177339901478,"{""clf__C"": 1.0, ""clf__gamma"": 0.1}",33.06389499999932
6,control/PCA-matched-RBF,control,5,0.5172413793103449,0.5196195005945303,"{""clf__C"": 10.0, ""clf__gamma"": 0.1}",33.06389499999932
6,control/PCA-matched-RBF,control,6,0.5172413793103449,0.5945303210463734,"{""clf__C"": 10.0, ""clf__gamma"": 0.01}",33.06389499999932
6,control/PCA-matched-RBF,control,7,0.603448275862069,0.6349583828775267,"{""clf__C"": 10.0, ""clf__gamma"": 0.01}",33.06389499999932
6,control/PCA-matched-RBF,control,8,0.543859649122807,0.5295566502463054,"{""clf__C"": 10.0, ""clf__gamma"": 0.01}",33.06389499999932
6,control/PCA-matched-RBF,control,9,0.631578947368421,0.6169950738916257,"{""clf__C"": 10.0, ""clf__gamma"": 0.01}",33.06389499999932
6,control/PCA-matched-RBF,control,10,0.5517241379310345,0.5719381688466111,"{""clf__C"": 10.0, ""clf__gamma"": 0.01}",33.06389499999932
6,control/PCA-matched-RBF,control,11,0.5344827586206896,0.5980975029726516,"{""clf__C"": 10.0, ""clf__gamma"": 0.1}",33.06389499999932
6,control/PCA-matched-RBF,control,12,0.5,0.48275862068965514,"{""clf__C"": 1.0, ""clf__gamma"": 0.01}",33.06389499999932
6,control/PCA-matched-RBF,control,13,0.6666666666666666,0.7229064039408867,"{""clf__C"": 10.0, ""clf__gamma"": 0.1}",33.06389499999932
6,control/PCA-matched-RBF,control,14,0.49122807017543857,0.5763546798029556,"{""clf__C"": 10.0, ""clf__gamma"": 0.01}",33.06389499999932
6,control/PCA-matched-linear,control,0,0.603448275862069,0.6492271105826397,"{""clf__C"": 0.1}",11.814109700004337
6,control/PCA-matched-linear,control,1,0.5172413793103449,0.5291319857312723,"{""clf__C"": 1.0}",11.814109700004337
6,control/PCA-matched-linear,control,2,0.5344827586206896,0.5422116527942924,"{""clf__C"": 0.1}",11.814109700004337
6,control/PCA-matched-linear,control,3,0.5789473684210527,0.5825123152709359,"{""clf__C"": 1.0}",11.814109700004337
6,control/PCA-matched-linear,control,4,0.5789473684210527,0.5874384236453202,"{""clf__C"": 1.0}",11.814109700004337
6,control/PCA-matched-linear,control,5,0.6206896551724138,0.6218787158145065,"{""clf__C"": 0.1}",11.814109700004337
6,control/PCA-matched-linear,control,6,0.5689655172413793,0.6016646848989298,"{""clf__C"": 0.1}",11.814109700004337
6,control/PCA-matched-linear,control,7,0.5862068965517241,0.6349583828775267,"{""clf__C"": 1.0}",11.814109700004337
6,control/PCA-matched-linear,control,8,0.47368421052631576,0.5307881773399015,"{""clf__C"": 10.0}",11.814109700004337
6,control/PCA-matched-linear,control,9,0.6491228070175439,0.6145320197044335,"{""clf__C"": 0.1}",11.814109700004337
6,control/PCA-matched-linear,control,10,0.5344827586206896,0.5743162901307967,"{""clf__C"": 0.1}",11.814109700004337
6,control/PCA-matched-linear,control,11,0.5689655172413793,0.5814506539833532,"{""clf__C"": 10.0}",11.814109700004337
6,control/PCA-matched-linear,control,12,0.5,0.4780023781212842,"{""clf__C"": 0.1}",11.814109700004337
6,control/PCA-matched-linear,control,13,0.6666666666666666,0.7438423645320197,"{""clf__C"": 10.0}",11.814109700004337
6,control/PCA-matched-linear,control,14,0.5087719298245614,0.5935960591133005,"{""clf__C"": 10.0}",11.814109700004337
6,control/logeuclid-TS+LR,control,0,0.6206896551724138,0.6670630202140309,"{""clf__C"": 10.0}",12.094780699990224
6,control/logeuclid-TS+LR,control,1,0.6896551724137931,0.7098692033293698,"{""clf__C"": 10.0}",12.094780699990224
6,control/logeuclid-TS+LR,control,2,0.6724137931034483,0.713436385255648,"{""clf__C"": 10.0}",12.094780699990224
6,control/logeuclid-TS+LR,control,3,0.7368421052631579,0.8312807881773399,"{""clf__C"": 1.0}",12.094780699990224
6,control/logeuclid-TS+LR,control,4,0.7017543859649122,0.789408866995074,"{""clf__C"": 1.0}",12.094780699990224
6,control/logeuclid-TS+LR,control,5,0.6551724137931034,0.7419738406658739,"{""clf__C"": 1.0}",12.094780699990224
6,control/logeuclid-TS+LR,control,6,0.6896551724137931,0.7419738406658739,"{""clf__C"": 0.1}",12.094780699990224
6,control/logeuclid-TS+LR,control,7,0.7068965517241379,0.7657550535077289,"{""clf__C"": 0.1}",12.094780699990224
6,control/logeuclid-TS+LR,control,8,0.6842105263157895,0.7204433497536945,"{""clf__C"": 10.0}",12.094780699990224
6,control/logeuclid-TS+LR,control,9,0.7192982456140351,0.708128078817734,"{""clf__C"": 0.1}",12.094780699990224
6,control/logeuclid-TS+LR,control,10,0.7413793103448276,0.7693222354340072,"{""clf__C"": 0.1}",12.094780699990224
6,control/logeuclid-TS+LR,control,11,0.6724137931034483,0.7835909631391201,"{""clf__C"": 10.0}",12.094780699990224
6,control/logeuclid-TS+LR,control,12,0.6379310344827587,0.6944114149821641,"{""clf__C"": 0.1}",12.094780699990224
6,control/logeuclid-TS+LR,control,13,0.6666666666666666,0.6884236453201971,"{""clf__C"": 10.0}",12.094780699990224
6,control/logeuclid-TS+LR,control,14,0.7017543859649122,0.7684729064039408,"{""clf__C"": 0.1}",12.094780699990224
7,classical/logvar+LDA,classical,0,0.6724137931034483,0.7443519619500595,{},0.1492871000082232
7,classical/logvar+LDA,classical,1,0.7586206896551724,0.7764565992865636,{},0.1492871000082232
7,classical/logvar+LDA,classical,2,0.603448275862069,0.6599286563614745,{},0.1492871000082232
7,classical/logvar+LDA,classical,3,0.5263157894736842,0.5603448275862069,{},0.1492871000082232
7,classical/logvar+LDA,classical,4,0.5263157894736842,0.5960591133004927,{},0.1492871000082232
7,classical/logvar+LDA,classical,5,0.6206896551724138,0.6195005945303211,{},0.1492871000082232
7,classical/logvar+LDA,classical,6,0.6551724137931034,0.6718192627824019,{},0.1492871000082232
7,classical/logvar+LDA,classical,7,0.5862068965517241,0.6409036860879905,{},0.1492871000082232
7,classical/logvar+LDA,classical,8,0.5964912280701754,0.7155172413793104,{},0.1492871000082232
7,classical/logvar+LDA,classical,9,0.7017543859649122,0.7105911330049262,{},0.1492871000082232
7,classical/logvar+LDA,classical,10,0.6551724137931034,0.6920332936979786,{},0.1492871000082232
7,classical/logvar+LDA,classical,11,0.6551724137931034,0.6789536266349583,{},0.1492871000082232
7,classical/logvar+LDA,classical,12,0.6379310344827587,0.6373365041617123,{},0.1492871000082232
7,classical/logvar+LDA,classical,13,0.6491228070175439,0.7142857142857143,{},0.1492871000082232
7,classical/logvar+LDA,classical,14,0.5789473684210527,0.6059113300492611,{},0.1492871000082232
7,classical/CSP+LDA,classical,0,0.7068965517241379,0.7621878715814507,"{""csp__nfilter"": 4}",10.096074700006284
7,classical/CSP+LDA,classical,1,0.7068965517241379,0.7300832342449465,"{""csp__nfilter"": 6}",10.096074700006284
7,classical/CSP+LDA,classical,2,0.6724137931034483,0.7812128418549347,"{""csp__nfilter"": 4}",10.096074700006284
7,classical/CSP+LDA,classical,3,0.7368421052631579,0.7672413793103449,"{""csp__nfilter"": 6}",10.096074700006284
7,classical/CSP+LDA,classical,4,0.7192982456140351,0.751231527093596,"{""csp__nfilter"": 4}",10.096074700006284
7,classical/CSP+LDA,classical,5,0.6896551724137931,0.72294887039239,"{""csp__nfilter"": 6}",10.096074700006284
7,classical/CSP+LDA,classical,6,0.6206896551724138,0.6611177170035671,"{""csp__nfilter"": 6}",10.096074700006284
7,classical/CSP+LDA,classical,7,0.7931034482758621,0.788347205707491,"{""csp__nfilter"": 6}",10.096074700006284
7,classical/CSP+LDA,classical,8,0.7719298245614035,0.8115763546798029,"{""csp__nfilter"": 4}",10.096074700006284
7,classical/CSP+LDA,classical,9,0.7543859649122807,0.8657635467980296,"{""csp__nfilter"": 4}",10.096074700006284
7,classical/CSP+LDA,classical,10,0.7758620689655172,0.8525564803804994,"{""csp__nfilter"": 6}",10.096074700006284
7,classical/CSP+LDA,classical,11,0.7931034482758621,0.8418549346016647,"{""csp__nfilter"": 6}",10.096074700006284
7,classical/CSP+LDA,classical,12,0.5862068965517241,0.6135552913198573,"{""csp__nfilter"": 6}",10.096074700006284
7,classical/CSP+LDA,classical,13,0.7017543859649122,0.8054187192118227,"{""csp__nfilter"": 6}",10.096074700006284
7,classical/CSP+LDA,classical,14,0.7719298245614035,0.8189655172413794,"{""csp__nfilter"": 6}",10.096074700006284
7,classical/MDM,classical,0,0.6206896551724138,0.6956004756242568,{},1.214160899995477
7,classical/MDM,classical,1,0.5689655172413793,0.619500594530321,{},1.214160899995477
7,classical/MDM,classical,2,0.603448275862069,0.7372175980975029,{},1.214160899995477
7,classical/MDM,classical,3,0.5614035087719298,0.6108374384236452,{},1.214160899995477
7,classical/MDM,classical,4,0.6491228070175439,0.6687192118226601,{},1.214160899995477
7,classical/MDM,classical,5,0.5172413793103449,0.5695600475624256,{},1.214160899995477
7,classical/MDM,classical,6,0.603448275862069,0.6361474435196194,{},1.214160899995477
7,classical/MDM,classical,7,0.603448275862069,0.6313912009512486,{},1.214160899995477
7,classical/MDM,classical,8,0.6491228070175439,0.7450738916256158,{},1.214160899995477
7,classical/MDM,classical,9,0.631578947368421,0.7660098522167488,{},1.214160899995477
7,classical/MDM,classical,10,0.6724137931034483,0.7574316290130797,{},1.214160899995477
7,classical/MDM,classical,11,0.6551724137931034,0.7170035671819264,{},1.214160899995477
7,classical/MDM,classical,12,0.43103448275862066,0.5017835909631392,{},1.214160899995477
7,classical/MDM,classical,13,0.6491228070175439,0.7475369458128079,{},1.214160899995477
7,classical/MDM,classical,14,0.5789473684210527,0.6576354679802956,{},1.214160899995477
7,classical/TS+LR,classical,0,0.6896551724137931,0.7812128418549347,"{""clf__C"": 1.0}",11.92869129999599
7,classical/TS+LR,classical,1,0.6896551724137931,0.737217598097503,"{""clf__C"": 0.1}",11.92869129999599
7,classical/TS+LR,classical,2,0.7413793103448276,0.8156956004756243,"{""clf__C"": 10.0}",11.92869129999599
7,classical/TS+LR,classical,3,0.7368421052631579,0.7943349753694582,"{""clf__C"": 0.1}",11.92869129999599
7,classical/TS+LR,classical,4,0.7368421052631579,0.7955665024630542,"{""clf__C"": 1.0}",11.92869129999599
7,classical/TS+LR,classical,5,0.7413793103448276,0.7895362663495837,"{""clf__C"": 0.1}",11.92869129999599
7,classical/TS+LR,classical,6,0.7241379310344828,0.7990487514863258,"{""clf__C"": 10.0}",11.92869129999599
7,classical/TS+LR,classical,7,0.6896551724137931,0.7633769322235434,"{""clf__C"": 1.0}",11.92869129999599
7,classical/TS+LR,classical,8,0.7017543859649122,0.7660098522167489,"{""clf__C"": 1.0}",11.92869129999599
7,classical/TS+LR,classical,9,0.7192982456140351,0.812807881773399,"{""clf__C"": 10.0}",11.92869129999599
7,classical/TS+LR,classical,10,0.7586206896551724,0.8335315101070154,"{""clf__C"": 10.0}",11.92869129999599
7,classical/TS+LR,classical,11,0.7241379310344828,0.8430439952437574,"{""clf__C"": 10.0}",11.92869129999599
7,classical/TS+LR,classical,12,0.5862068965517241,0.6397146254458977,"{""clf__C"": 1.0}",11.92869129999599
7,classical/TS+LR,classical,13,0.7192982456140351,0.7992610837438424,"{""clf__C"": 1.0}",11.92869129999599
7,classical/TS+LR,classical,14,0.7894736842105263,0.8497536945812808,"{""clf__C"": 1.0}",11.92869129999599
7,classical/TS+RBF-SVM,classical,0,0.6379310344827587,0.7051129607609988,"{""clf__C"": 10.0, ""clf__gamma"": ""scale""}",31.608395599992946
7,classical/TS+RBF-SVM,classical,1,0.6379310344827587,0.703923900118906,"{""clf__C"": 1.0, ""clf__gamma"": ""scale""}",31.608395599992946
7,classical/TS+RBF-SVM,classical,2,0.7413793103448276,0.7942925089179548,"{""clf__C"": 1.0, ""clf__gamma"": 0.01}",31.608395599992946
7,classical/TS+RBF-SVM,classical,3,0.7017543859649122,0.7438423645320197,"{""clf__C"": 10.0, ""clf__gamma"": 0.01}",31.608395599992946
7,classical/TS+RBF-SVM,classical,4,0.7017543859649122,0.7795566502463054,"{""clf__C"": 1.0, ""clf__gamma"": ""scale""}",31.608395599992946
7,classical/TS+RBF-SVM,classical,5,0.6724137931034483,0.7193816884661117,"{""clf__C"": 1.0, ""clf__gamma"": 0.01}",31.608395599992946
7,classical/TS+RBF-SVM,classical,6,0.7241379310344828,0.737217598097503,"{""clf__C"": 1.0, ""clf__gamma"": 0.01}",31.608395599992946
7,classical/TS+RBF-SVM,classical,7,0.603448275862069,0.6908442330558857,"{""clf__C"": 10.0, ""clf__gamma"": ""scale""}",31.608395599992946
7,classical/TS+RBF-SVM,classical,8,0.6666666666666666,0.7118226600985222,"{""clf__C"": 10.0, ""clf__gamma"": 0.01}",31.608395599992946
7,classical/TS+RBF-SVM,classical,9,0.6842105263157895,0.8226600985221675,"{""clf__C"": 1.0, ""clf__gamma"": ""scale""}",31.608395599992946
7,classical/TS+RBF-SVM,classical,10,0.7586206896551724,0.793103448275862,"{""clf__C"": 10.0, ""clf__gamma"": 0.01}",31.608395599992946
7,classical/TS+RBF-SVM,classical,11,0.6551724137931034,0.7586206896551724,"{""clf__C"": 1.0, ""clf__gamma"": ""scale""}",31.608395599992946
7,classical/TS+RBF-SVM,classical,12,0.6379310344827587,0.6706302021403092,"{""clf__C"": 10.0, ""clf__gamma"": 0.01}",31.608395599992946
7,classical/TS+RBF-SVM,classical,13,0.7017543859649122,0.7155172413793104,"{""clf__C"": 10.0, ""clf__gamma"": ""scale""}",31.608395599992946
7,classical/TS+RBF-SVM,classical,14,0.7017543859649122,0.7869458128078818,"{""clf__C"": 10.0, ""clf__gamma"": 0.01}",31.608395599992946
7,quantum/HS-overlap-SVM,quantum,0,0.5172413793103449,0.5885850178359097,"{""clf__C"": 0.1}",11.828281100009917
7,quantum/HS-overlap-SVM,quantum,1,0.5689655172413793,0.5671819262782402,"{""clf__C"": 0.1}",11.828281100009917
7,quantum/HS-overlap-SVM,quantum,2,0.4482758620689655,0.5541022592152199,"{""clf__C"": 0.1}",11.828281100009917
7,quantum/HS-overlap-SVM,quantum,3,0.45614035087719296,0.41564039408866993,"{""clf__C"": 10.0}",11.828281100009917
7,quantum/HS-overlap-SVM,quantum,4,0.45614035087719296,0.5314039408866995,"{""clf__C"": 10.0}",11.828281100009917
7,quantum/HS-overlap-SVM,quantum,5,0.4482758620689655,0.5077288941736029,"{""clf__C"": 10.0}",11.828281100009917
7,quantum/HS-overlap-SVM,quantum,6,0.46551724137931033,0.5297265160523187,"{""clf__C"": 0.1}",11.828281100009917
7,quantum/HS-overlap-SVM,quantum,7,0.4827586206896552,0.5035671819262783,"{""clf__C"": 10.0}",11.828281100009917
7,quantum/HS-overlap-SVM,quantum,8,0.5087719298245614,0.5554187192118226,"{""clf__C"": 10.0}",11.828281100009917
7,quantum/HS-overlap-SVM,quantum,9,0.49122807017543857,0.5467980295566502,"{""clf__C"": 0.1}",11.828281100009917
7,quantum/HS-overlap-SVM,quantum,10,0.4827586206896552,0.5576694411414982,"{""clf__C"": 10.0}",11.828281100009917
7,quantum/HS-overlap-SVM,quantum,11,0.5,0.5594530321046374,"{""clf__C"": 0.1}",11.828281100009917
7,quantum/HS-overlap-SVM,quantum,12,0.5344827586206896,0.4934601664684899,"{""clf__C"": 10.0}",11.828281100009917
7,quantum/HS-overlap-SVM,quantum,13,0.49122807017543857,0.5332512315270936,"{""clf__C"": 0.1}",11.828281100009917
7,quantum/HS-overlap-SVM,quantum,14,0.5087719298245614,0.4833743842364532,"{""clf__C"": 10.0}",11.828281100009917
7,quantum/Fidelity-SVM,quantum,0,0.5344827586206896,0.6087990487514864,"{""clf__C"": 0.1}",30.495358699990902
7,quantum/Fidelity-SVM,quantum,1,0.5862068965517241,0.5766944114149821,"{""clf__C"": 0.1}",30.495358699990902
7,quantum/Fidelity-SVM,quantum,2,0.4827586206896552,0.5552913198573127,"{""clf__C"": 0.1}",30.495358699990902
7,quantum/Fidelity-SVM,quantum,3,0.42105263157894735,0.4002463054187192,"{""clf__C"": 10.0}",30.495358699990902
7,quantum/Fidelity-SVM,quantum,4,0.47368421052631576,0.5172413793103448,"{""clf__C"": 10.0}",30.495358699990902
7,quantum/Fidelity-SVM,quantum,5,0.46551724137931033,0.5041617122473245,"{""clf__C"": 10.0}",30.495358699990902
7,quantum/Fidelity-SVM,quantum,6,0.4827586206896552,0.5279429250891796,"{""clf__C"": 0.1}",30.495358699990902
7,quantum/Fidelity-SVM,quantum,7,0.5,0.5017835909631392,"{""clf__C"": 0.1}",30.495358699990902
7,quantum/Fidelity-SVM,quantum,8,0.49122807017543857,0.5677339901477833,"{""clf__C"": 0.1}",30.495358699990902
7,quantum/Fidelity-SVM,quantum,9,0.49122807017543857,0.5486453201970444,"{""clf__C"": 0.1}",30.495358699990902
7,quantum/Fidelity-SVM,quantum,10,0.5,0.5564803804994054,"{""clf__C"": 0.1}",30.495358699990902
7,quantum/Fidelity-SVM,quantum,11,0.5,0.5772889417360285,"{""clf__C"": 0.1}",30.495358699990902
7,quantum/Fidelity-SVM,quantum,12,0.46551724137931033,0.4887039239001189,"{""clf__C"": 10.0}",30.495358699990902
7,quantum/Fidelity-SVM,quantum,13,0.5614035087719298,0.5350985221674877,"{""clf__C"": 10.0}",30.495358699990902
7,quantum/Fidelity-SVM,quantum,14,0.49122807017543857,0.5,"{""clf__C"": 0.1}",30.495358699990902
7,quantum/HS-RBF-SVM,quantum,0,0.5689655172413793,0.5350772889417359,"{""clf__C"": 1.0, ""clf__gamma_mult"": 0.25}",33.87448430000222
7,quantum/HS-RBF-SVM,quantum,1,0.5172413793103449,0.5600475624256838,"{""clf__C"": 10.0, ""clf__gamma_mult"": 1.0}",33.87448430000222
7,quantum/HS-RBF-SVM,quantum,2,0.603448275862069,0.6682520808561236,"{""clf__C"": 1.0, ""clf__gamma_mult"": 1.0}",33.87448430000222
7,quantum/HS-RBF-SVM,quantum,3,0.42105263157894735,0.39655172413793105,"{""clf__C"": 0.1, ""clf__gamma_mult"": 1.0}",33.87448430000222
7,quantum/HS-RBF-SVM,quantum,4,0.543859649122807,0.5320197044334976,"{""clf__C"": 10.0, ""clf__gamma_mult"": 1.0}",33.87448430000222
7,quantum/HS-RBF-SVM,quantum,5,0.4827586206896552,0.5219976218787158,"{""clf__C"": 1.0, ""clf__gamma_mult"": 4.0}",33.87448430000222
7,quantum/HS-RBF-SVM,quantum,6,0.5689655172413793,0.6444708680142688,"{""clf__C"": 10.0, ""clf__gamma_mult"": 1.0}",33.87448430000222
7,quantum/HS-RBF-SVM,quantum,7,0.5517241379310345,0.5826397146254458,"{""clf__C"": 0.1, ""clf__gamma_mult"": 4.0}",33.87448430000222
7,quantum/HS-RBF-SVM,quantum,8,0.543859649122807,0.582512315270936,"{""clf__C"": 1.0, ""clf__gamma_mult"": 1.0}",33.87448430000222
7,quantum/HS-RBF-SVM,quantum,9,0.5263157894736842,0.5591133004926108,"{""clf__C"": 0.1, ""clf__gamma_mult"": 1.0}",33.87448430000222
7,quantum/HS-RBF-SVM,quantum,10,0.603448275862069,0.5695600475624256,"{""clf__C"": 10.0, ""clf__gamma_mult"": 0.25}",33.87448430000222
7,quantum/HS-RBF-SVM,quantum,11,0.46551724137931033,0.5315101070154579,"{""clf__C"": 10.0, ""clf__gamma_mult"": 0.25}",33.87448430000222
7,quantum/HS-RBF-SVM,quantum,12,0.5344827586206896,0.5017835909631391,"{""clf__C"": 10.0, ""clf__gamma_mult"": 1.0}",33.87448430000222
7,quantum/HS-RBF-SVM,quantum,13,0.5087719298245614,0.5849753694581281,"{""clf__C"": 0.1, ""clf__gamma_mult"": 4.0}",33.87448430000222
7,quantum/HS-RBF-SVM,quantum,14,0.47368421052631576,0.4735221674876847,"{""clf__C"": 1.0, ""clf__gamma_mult"": 1.0}",33.87448430000222
7,quantum/Bures-RBF-SVM,quantum,0,0.5172413793103449,0.5338882282996433,"{""clf__C"": 1.0, ""clf__gamma_mult"": 1.0}",76.58174439999857
7,quantum/Bures-RBF-SVM,quantum,1,0.5172413793103449,0.5529131985731273,"{""clf__C"": 10.0, ""clf__gamma_mult"": 1.0}",76.58174439999857
7,quantum/Bures-RBF-SVM,quantum,2,0.6206896551724138,0.6599286563614745,"{""clf__C"": 1.0, ""clf__gamma_mult"": 1.0}",76.58174439999857
7,quantum/Bures-RBF-SVM,quantum,3,0.42105263157894735,0.4199507389162561,"{""clf__C"": 0.1, ""clf__gamma_mult"": 1.0}",76.58174439999857
7,quantum/Bures-RBF-SVM,quantum,4,0.5964912280701754,0.5394088669950738,"{""clf__C"": 10.0, ""clf__gamma_mult"": 1.0}",76.58174439999857
7,quantum/Bures-RBF-SVM,quantum,5,0.4827586206896552,0.5029726516052319,"{""clf__C"": 1.0, ""clf__gamma_mult"": 4.0}",76.58174439999857
7,quantum/Bures-RBF-SVM,quantum,6,0.5689655172413793,0.6480380499405469,"{""clf__C"": 10.0, ""clf__gamma_mult"": 1.0}",76.58174439999857
7,quantum/Bures-RBF-SVM,quantum,7,0.5517241379310345,0.5766944114149822,"{""clf__C"": 0.1, ""clf__gamma_mult"": 4.0}",76.58174439999857
7,quantum/Bures-RBF-SVM,quantum,8,0.5087719298245614,0.5726600985221675,"{""clf__C"": 0.1, ""clf__gamma_mult"": 4.0}",76.58174439999857
7,quantum/Bures-RBF-SVM,quantum,9,0.5263157894736842,0.5381773399014779,"{""clf__C"": 0.1, ""clf__gamma_mult"": 1.0}",76.58174439999857
7,quantum/Bures-RBF-SVM,quantum,10,0.5862068965517241,0.619500594530321,"{""clf__C"": 10.0, ""clf__gamma_mult"": 0.25}",76.58174439999857
7,quantum/Bures-RBF-SVM,quantum,11,0.5,0.5231866825208086,"{""clf__C"": 10.0, ""clf__gamma_mult"": 0.25}",76.58174439999857
7,quantum/Bures-RBF-SVM,quantum,12,0.5344827586206896,0.4863258026159334,"{""clf__C"": 10.0, ""clf__gamma_mult"": 1.0}",76.58174439999857
7,quantum/Bures-RBF-SVM,quantum,13,0.5087719298245614,0.5788177339901478,"{""clf__C"": 0.1, ""clf__gamma_mult"": 4.0}",76.58174439999857
7,quantum/Bures-RBF-SVM,quantum,14,0.47368421052631576,0.4753694581280788,"{""clf__C"": 10.0, ""clf__gamma_mult"": 1.0}",76.58174439999857
7,quantum/IQP-kernel-SVM,quantum,0,0.46551724137931033,0.5208085612366231,"{""clf__C"": 1.0, ""clf__scale"": 1.0}",43.35480919999827
7,quantum/IQP-kernel-SVM,quantum,1,0.5172413793103449,0.5434007134363852,"{""clf__C"": 1.0, ""clf__scale"": 0.5}",43.35480919999827
7,quantum/IQP-kernel-SVM,quantum,2,0.6206896551724138,0.6967895362663497,"{""clf__C"": 1.0, ""clf__scale"": 0.5}",43.35480919999827
7,quantum/IQP-kernel-SVM,quantum,3,0.5263157894736842,0.4839901477832512,"{""clf__C"": 1.0, ""clf__scale"": 1.0}",43.35480919999827
7,quantum/IQP-kernel-SVM,quantum,4,0.49122807017543857,0.5061576354679802,"{""clf__C"": 10.0, ""clf__scale"": 0.5}",43.35480919999827
7,quantum/IQP-kernel-SVM,quantum,5,0.5517241379310345,0.5755053507728894,"{""clf__C"": 1.0, ""clf__scale"": 0.5}",43.35480919999827
7,quantum/IQP-kernel-SVM,quantum,6,0.5689655172413793,0.5600475624256838,"{""clf__C"": 1.0, ""clf__scale"": 0.5}",43.35480919999827
7,quantum/IQP-kernel-SVM,quantum,7,0.43103448275862066,0.39001189060642094,"{""clf__C"": 10.0, ""clf__scale"": 2.0}",43.35480919999827
7,quantum/IQP-kernel-SVM,quantum,8,0.5789473684210527,0.602216748768473,"{""clf__C"": 10.0, ""clf__scale"": 0.5}",43.35480919999827
7,quantum/IQP-kernel-SVM,quantum,9,0.543859649122807,0.4630541871921183,"{""clf__C"": 10.0, ""clf__scale"": 2.0}",43.35480919999827
7,quantum/IQP-kernel-SVM,quantum,10,0.6206896551724138,0.6480380499405469,"{""clf__C"": 10.0, ""clf__scale"": 0.5}",43.35480919999827
7,quantum/IQP-kernel-SVM,quantum,11,0.6379310344827587,0.6254458977407847,"{""clf__C"": 10.0, ""clf__scale"": 0.5}",43.35480919999827
7,quantum/IQP-kernel-SVM,quantum,12,0.46551724137931033,0.4625445897740785,"{""clf__C"": 1.0, ""clf__scale"": 0.5}",43.35480919999827
7,quantum/IQP-kernel-SVM,quantum,13,0.47368421052631576,0.6022167487684729,"{""clf__C"": 10.0, ""clf__scale"": 0.5}",43.35480919999827
7,quantum/IQP-kernel-SVM,quantum,14,0.49122807017543857,0.47413793103448276,"{""clf__C"": 10.0, ""clf__scale"": 1.0}",43.35480919999827
7,quantum/CNOT-kernel-SVM,quantum,0,0.4482758620689655,0.5005945303210464,"{""clf__C"": 10.0, ""clf__scale"": 1.0}",39.27834399999119
7,quantum/CNOT-kernel-SVM,quantum,1,0.4827586206896552,0.4875148632580262,"{""clf__C"": 0.1, ""clf__scale"": 1.0}",39.27834399999119
7,quantum/CNOT-kernel-SVM,quantum,2,0.6724137931034483,0.6967895362663495,"{""clf__C"": 10.0, ""clf__scale"": 0.5}",39.27834399999119
7,quantum/CNOT-kernel-SVM,quantum,3,0.543859649122807,0.5899014778325123,"{""clf__C"": 0.1, ""clf__scale"": 1.0}",39.27834399999119
7,quantum/CNOT-kernel-SVM,quantum,4,0.543859649122807,0.6145320197044335,"{""clf__C"": 1.0, ""clf__scale"": 1.0}",39.27834399999119
7,quantum/CNOT-kernel-SVM,quantum,5,0.5,0.511296076099881,"{""clf__C"": 1.0, ""clf__scale"": 0.5}",39.27834399999119
7,quantum/CNOT-kernel-SVM,quantum,6,0.5862068965517241,0.5873959571938169,"{""clf__C"": 1.0, ""clf__scale"": 0.5}",39.27834399999119
7,quantum/CNOT-kernel-SVM,quantum,7,0.603448275862069,0.5326991676575505,"{""clf__C"": 1.0, ""clf__scale"": 1.0}",39.27834399999119
7,quantum/CNOT-kernel-SVM,quantum,8,0.5087719298245614,0.5665024630541872,"{""clf__C"": 10.0, ""clf__scale"": 2.0}",39.27834399999119
7,quantum/CNOT-kernel-SVM,quantum,9,0.5263157894736842,0.562807881773399,"{""clf__C"": 10.0, ""clf__scale"": 2.0}",39.27834399999119
7,quantum/CNOT-kernel-SVM,quantum,10,0.6206896551724138,0.6551724137931034,"{""clf__C"": 1.0, ""clf__scale"": 1.0}",39.27834399999119
7,quantum/CNOT-kernel-SVM,quantum,11,0.5862068965517241,0.6028537455410226,"{""clf__C"": 10.0, ""clf__scale"": 1.0}",39.27834399999119
7,quantum/CNOT-kernel-SVM,quantum,12,0.4482758620689655,0.460166468489893,"{""clf__C"": 1.0, ""clf__scale"": 0.5}",39.27834399999119
7,quantum/CNOT-kernel-SVM,quantum,13,0.47368421052631576,0.5812807881773399,"{""clf__C"": 1.0, ""clf__scale"": 1.0}",39.27834399999119
7,quantum/CNOT-kernel-SVM,quantum,14,0.5614035087719298,0.560344827586207,"{""clf__C"": 10.0, ""clf__scale"": 0.5}",39.27834399999119
7,control/IQP-no-entangle,control,0,0.46551724137931033,0.5005945303210464,"{""clf__C"": 10.0, ""clf__scale"": 1.0}",34.26823209998838
7,control/IQP-no-entangle,control,1,0.5344827586206896,0.47443519619500596,"{""clf__C"": 0.1, ""clf__scale"": 1.0}",34.26823209998838
7,control/IQP-no-entangle,control,2,0.6206896551724138,0.6932223543400714,"{""clf__C"": 1.0, ""clf__scale"": 1.0}",34.26823209998838
7,control/IQP-no-entangle,control,3,0.543859649122807,0.603448275862069,"{""clf__C"": 0.1, ""clf__scale"": 1.0}",34.26823209998838
7,control/IQP-no-entangle,control,4,0.49122807017543857,0.5135467980295567,"{""clf__C"": 10.0, ""clf__scale"": 2.0}",34.26823209998838
7,control/IQP-no-entangle,control,5,0.5,0.5041617122473246,"{""clf__C"": 1.0, ""clf__scale"": 0.5}",34.26823209998838
7,control/IQP-no-entangle,control,6,0.5517241379310345,0.5541022592152199,"{""clf__C"": 10.0, ""clf__scale"": 0.5}",34.26823209998838
7,control/IQP-no-entangle,control,7,0.5172413793103449,0.5267538644470867,"{""clf__C"": 1.0, ""clf__scale"": 1.0}",34.26823209998838
7,control/IQP-no-entangle,control,8,0.5087719298245614,0.5344827586206896,"{""clf__C"": 10.0, ""clf__scale"": 1.0}",34.26823209998838
7,control/IQP-no-entangle,control,9,0.7017543859649122,0.6798029556650247,"{""clf__C"": 1.0, ""clf__scale"": 0.5}",34.26823209998838
7,control/IQP-no-entangle,control,10,0.603448275862069,0.6634958382877527,"{""clf__C"": 1.0, ""clf__scale"": 1.0}",34.26823209998838
7,control/IQP-no-entangle,control,11,0.5344827586206896,0.544589774078478,"{""clf__C"": 10.0, ""clf__scale"": 2.0}",34.26823209998838
7,control/IQP-no-entangle,control,12,0.4482758620689655,0.4577883472057075,"{""clf__C"": 0.1, ""clf__scale"": 1.0}",34.26823209998838
7,control/IQP-no-entangle,control,13,0.49122807017543857,0.6194581280788177,"{""clf__C"": 1.0, ""clf__scale"": 1.0}",34.26823209998838
7,control/IQP-no-entangle,control,14,0.5789473684210527,0.5554187192118227,"{""clf__C"": 10.0, ""clf__scale"": 0.5}",34.26823209998838
7,control/PCA-matched-RBF,control,0,0.5517241379310345,0.6171224732461356,"{""clf__C"": 1.0, ""clf__gamma"": 0.1}",31.66040239999711
7,control/PCA-matched-RBF,control,1,0.4827586206896552,0.5160523186682521,"{""clf__C"": 1.0, ""clf__gamma"": ""scale""}",31.66040239999711
7,control/PCA-matched-RBF,control,2,0.6551724137931034,0.7146254458977408,"{""clf__C"": 1.0, ""clf__gamma"": 0.1}",31.66040239999711
7,control/PCA-matched-RBF,control,3,0.5964912280701754,0.5874384236453202,"{""clf__C"": 0.1, ""clf__gamma"": ""scale""}",31.66040239999711
7,control/PCA-matched-RBF,control,4,0.543859649122807,0.5073891625615763,"{""clf__C"": 10.0, ""clf__gamma"": ""scale""}",31.66040239999711
7,control/PCA-matched-RBF,control,5,0.4827586206896552,0.4934601664684899,"{""clf__C"": 10.0, ""clf__gamma"": 0.01}",31.66040239999711
7,control/PCA-matched-RBF,control,6,0.5689655172413793,0.563614744351962,"{""clf__C"": 0.1, ""clf__gamma"": ""scale""}",31.66040239999711
7,control/PCA-matched-RBF,control,7,0.5172413793103449,0.5612366230677764,"{""clf__C"": 1.0, ""clf__gamma"": ""scale""}",31.66040239999711
7,control/PCA-matched-RBF,control,8,0.631578947368421,0.5886699507389163,"{""clf__C"": 1.0, ""clf__gamma"": ""scale""}",31.66040239999711
7,control/PCA-matched-RBF,control,9,0.5964912280701754,0.5923645320197045,"{""clf__C"": 10.0, ""clf__gamma"": ""scale""}",31.66040239999711
7,control/PCA-matched-RBF,control,10,0.6206896551724138,0.6432818073721759,"{""clf__C"": 1.0, ""clf__gamma"": ""scale""}",31.66040239999711
7,control/PCA-matched-RBF,control,11,0.5517241379310345,0.5659928656361474,"{""clf__C"": 10.0, ""clf__gamma"": ""scale""}",31.66040239999711
7,control/PCA-matched-RBF,control,12,0.43103448275862066,0.464922711058264,"{""clf__C"": 10.0, ""clf__gamma"": 0.01}",31.66040239999711
7,control/PCA-matched-RBF,control,13,0.5789473684210527,0.6342364532019704,"{""clf__C"": 10.0, ""clf__gamma"": 0.1}",31.66040239999711
7,control/PCA-matched-RBF,control,14,0.6491228070175439,0.6810344827586208,"{""clf__C"": 10.0, ""clf__gamma"": ""scale""}",31.66040239999711
7,control/PCA-matched-linear,control,0,0.5517241379310345,0.633769322235434,"{""clf__C"": 10.0}",11.327134299994214
7,control/PCA-matched-linear,control,1,0.5344827586206896,0.4768133174791914,"{""clf__C"": 0.1}",11.327134299994214
7,control/PCA-matched-linear,control,2,0.6551724137931034,0.7146254458977408,"{""clf__C"": 10.0}",11.327134299994214
7,control/PCA-matched-linear,control,3,0.6140350877192983,0.6108374384236454,"{""clf__C"": 0.1}",11.327134299994214
7,control/PCA-matched-linear,control,4,0.5964912280701754,0.6194581280788178,"{""clf__C"": 0.1}",11.327134299994214
7,control/PCA-matched-linear,control,5,0.4482758620689655,0.48989298454221164,"{""clf__C"": 0.1}",11.327134299994214
7,control/PCA-matched-linear,control,6,0.5517241379310345,0.5802615933412604,"{""clf__C"": 0.1}",11.327134299994214
7,control/PCA-matched-linear,control,7,0.5,0.5101070154577884,"{""clf__C"": 10.0}",11.327134299994214
7,control/PCA-matched-linear,control,8,0.5964912280701754,0.6305418719211823,"{""clf__C"": 10.0}",11.327134299994214
7,control/PCA-matched-linear,control,9,0.6666666666666666,0.6810344827586208,"{""clf__C"": 1.0}",11.327134299994214
7,control/PCA-matched-linear,control,10,0.6551724137931034,0.6730083234244946,"{""clf__C"": 1.0}",11.327134299994214
7,control/PCA-matched-linear,control,11,0.6206896551724138,0.6087990487514863,"{""clf__C"": 1.0}",11.327134299994214
7,control/PCA-matched-linear,control,12,0.46551724137931033,0.469678953626635,"{""clf__C"": 1.0}",11.327134299994214
7,control/PCA-matched-linear,control,13,0.5614035087719298,0.6330049261083744,"{""clf__C"": 0.1}",11.327134299994214
7,control/PCA-matched-linear,control,14,0.543859649122807,0.5258620689655171,"{""clf__C"": 0.1}",11.327134299994214
7,control/logeuclid-TS+LR,control,0,0.6896551724137931,0.7467300832342448,"{""clf__C"": 10.0}",11.446716999998898
7,control/logeuclid-TS+LR,control,1,0.6551724137931034,0.699167657550535,"{""clf__C"": 10.0}",11.446716999998898
7,control/logeuclid-TS+LR,control,2,0.7413793103448276,0.8240190249702736,"{""clf__C"": 10.0}",11.446716999998898
7,control/logeuclid-TS+LR,control,3,0.7543859649122807,0.8177339901477833,"{""clf__C"": 10.0}",11.446716999998898
7,control/logeuclid-TS+LR,control,4,0.7017543859649122,0.8177339901477833,"{""clf__C"": 10.0}",11.446716999998898
7,control/logeuclid-TS+LR,control,5,0.6896551724137931,0.7681331747919143,"{""clf__C"": 10.0}",11.446716999998898
7,control/logeuclid-TS+LR,control,6,0.7068965517241379,0.7895362663495838,"{""clf__C"": 10.0}",11.446716999998898
7,control/logeuclid-TS+LR,control,7,0.6379310344827587,0.760998810939358,"{""clf__C"": 10.0}",11.446716999998898
7,control/logeuclid-TS+LR,control,8,0.7192982456140351,0.769704433497537,"{""clf__C"": 10.0}",11.446716999998898
7,control/logeuclid-TS+LR,control,9,0.7192982456140351,0.8374384236453203,"{""clf__C"": 10.0}",11.446716999998898
7,control/logeuclid-TS+LR,control,10,0.7068965517241379,0.8668252080856123,"{""clf__C"": 10.0}",11.446716999998898
7,control/logeuclid-TS+LR,control,11,0.7241379310344828,0.83115338882283,"{""clf__C"": 10.0}",11.446716999998898
7,control/logeuclid-TS+LR,control,12,0.603448275862069,0.6825208085612366,"{""clf__C"": 10.0}",11.446716999998898
7,control/logeuclid-TS+LR,control,13,0.6842105263157895,0.8362068965517242,"{""clf__C"": 10.0}",11.446716999998898
7,control/logeuclid-TS+LR,control,14,0.6842105263157895,0.7475369458128079,"{""clf__C"": 1.0}",11.446716999998898
8,classical/logvar+LDA,classical,0,0.8275862068965517,0.8799048751486327,{},0.15616179999778979
8,classical/logvar+LDA,classical,1,0.8275862068965517,0.9310344827586208,{},0.15616179999778979
8,classical/logvar+LDA,classical,2,0.9137931034482759,0.9524375743162901,{},0.15616179999778979
8,classical/logvar+LDA,classical,3,0.9298245614035088,0.9852216748768473,{},0.15616179999778979
8,classical/logvar+LDA,classical,4,0.9122807017543859,0.9802955665024631,{},0.15616179999778979
8,classical/logvar+LDA,classical,5,0.8620689655172413,0.9726516052318668,{},0.15616179999778979
8,classical/logvar+LDA,classical,6,0.8448275862068966,0.9357907253269917,{},0.15616179999778979
8,classical/logvar+LDA,classical,7,0.8448275862068966,0.8906064209274673,{},0.15616179999778979
8,classical/logvar+LDA,classical,8,0.9473684210526315,0.9901477832512315,{},0.15616179999778979
8,classical/logvar+LDA,classical,9,0.9298245614035088,0.9384236453201971,{},0.15616179999778979
8,classical/logvar+LDA,classical,10,0.9482758620689655,0.9785969084423305,{},0.15616179999778979
8,classical/logvar+LDA,classical,11,0.7586206896551724,0.8644470868014269,{},0.15616179999778979
8,classical/logvar+LDA,classical,12,0.9137931034482759,0.9690844233055887,{},0.15616179999778979
8,classical/logvar+LDA,classical,13,0.8947368421052632,0.9433497536945812,{},0.15616179999778979
8,classical/logvar+LDA,classical,14,0.8771929824561403,0.9593596059113301,{},0.15616179999778979
8,classical/CSP+LDA,classical,0,0.9310344827586207,0.9738406658739596,"{""csp__nfilter"": 4}",10.227732400002424
8,classical/CSP+LDA,classical,1,0.9310344827586207,0.985731272294887,"{""csp__nfilter"": 2}",10.227732400002424
8,classical/CSP+LDA,classical,2,0.9827586206896551,0.9988109393579073,"{""csp__nfilter"": 4}",10.227732400002424
8,classical/CSP+LDA,classical,3,0.9298245614035088,0.9913793103448275,"{""csp__nfilter"": 2}",10.227732400002424
8,classical/CSP+LDA,classical,4,0.9298245614035088,0.9926108374384237,"{""csp__nfilter"": 2}",10.227732400002424
8,classical/CSP+LDA,classical,5,0.9482758620689655,0.9976218787158145,"{""csp__nfilter"": 2}",10.227732400002424
8,classical/CSP+LDA,classical,6,0.9482758620689655,0.9881093935790726,"{""csp__nfilter"": 2}",10.227732400002424
8,classical/CSP+LDA,classical,7,0.9310344827586207,0.976218787158145,"{""csp__nfilter"": 4}",10.227732400002424
8,classical/CSP+LDA,classical,8,0.9649122807017544,0.998768472906404,"{""csp__nfilter"": 2}",10.227732400002424
8,classical/CSP+LDA,classical,9,0.9473684210526315,0.9926108374384237,"{""csp__nfilter"": 2}",10.227732400002424
8,classical/CSP+LDA,classical,10,0.9482758620689655,0.9964328180737217,"{""csp__nfilter"": 2}",10.227732400002424
8,classical/CSP+LDA,classical,11,0.9137931034482759,0.9738406658739596,"{""csp__nfilter"": 6}",10.227732400002424
8,classical/CSP+LDA,classical,12,0.9310344827586207,0.9928656361474435,"{""csp__nfilter"": 2}",10.227732400002424
8,classical/CSP+LDA,classical,13,0.9473684210526315,0.9950738916256158,"{""csp__nfilter"": 2}",10.227732400002424
8,classical/CSP+LDA,classical,14,0.9649122807017544,0.9975369458128079,"{""csp__nfilter"": 2}",10.227732400002424
8,classical/MDM,classical,0,0.9310344827586207,0.9667063020214031,{},1.1901650999934645
8,classical/MDM,classical,1,0.9482758620689655,0.990487514863258,{},1.1901650999934645
8,classical/MDM,classical,2,0.9310344827586207,0.995243757431629,{},1.1901650999934645
8,classical/MDM,classical,3,0.9298245614035088,0.9876847290640394,{},1.1901650999934645
8,classical/MDM,classical,4,0.9298245614035088,0.9913793103448276,{},1.1901650999934645
8,classical/MDM,classical,5,0.9655172413793104,0.9952437574316291,{},1.1901650999934645
8,classical/MDM,classical,6,0.9137931034482759,0.9821640903686089,{},1.1901650999934645
8,classical/MDM,classical,7,0.9482758620689655,0.9774078478002378,{},1.1901650999934645
8,classical/MDM,classical,8,0.9122807017543859,0.998768472906404,{},1.1901650999934645
8,classical/MDM,classical,9,0.9298245614035088,0.9913793103448276,{},1.1901650999934645
8,classical/MDM,classical,10,0.9310344827586207,0.995243757431629,{},1.1901650999934645
8,classical/MDM,classical,11,0.9137931034482759,0.9726516052318668,{},1.1901650999934645
8,classical/MDM,classical,12,0.9482758620689655,0.9976218787158145,{},1.1901650999934645
8,classical/MDM,classical,13,0.9473684210526315,0.9926108374384237,{},1.1901650999934645
8,classical/MDM,classical,14,0.9122807017543859,0.9901477832512315,{},1.1901650999934645
8,classical/TS+LR,classical,0,0.9482758620689655,0.9869203329369798,"{""clf__C"": 0.1}",11.612130599998636
8,classical/TS+LR,classical,1,0.9655172413793104,0.9833531510107015,"{""clf__C"": 0.1}",11.612130599998636
8,classical/TS+LR,classical,2,0.9310344827586207,0.9845422116527943,"{""clf__C"": 0.1}",11.612130599998636
8,classical/TS+LR,classical,3,0.9122807017543859,0.9889162561576355,"{""clf__C"": 0.1}",11.612130599998636
8,classical/TS+LR,classical,4,0.9298245614035088,0.9938423645320197,"{""clf__C"": 0.1}",11.612130599998636
8,classical/TS+LR,classical,5,0.9310344827586207,0.9892984542211652,"{""clf__C"": 0.1}",11.612130599998636
8,classical/TS+LR,classical,6,0.9310344827586207,0.9845422116527942,"{""clf__C"": 0.1}",11.612130599998636
8,classical/TS+LR,classical,7,0.9137931034482759,0.9809750297265161,"{""clf__C"": 0.1}",11.612130599998636
8,classical/TS+LR,classical,8,0.9298245614035088,0.9963054187192119,"{""clf__C"": 0.1}",11.612130599998636
8,classical/TS+LR,classical,9,0.9122807017543859,0.9913793103448276,"{""clf__C"": 0.1}",11.612130599998636
8,classical/TS+LR,classical,10,0.9482758620689655,0.9904875148632581,"{""clf__C"": 0.1}",11.612130599998636
8,classical/TS+LR,classical,11,0.9482758620689655,0.9821640903686089,"{""clf__C"": 0.1}",11.612130599998636
8,classical/TS+LR,classical,12,0.9482758620689655,0.9928656361474435,"{""clf__C"": 0.1}",11.612130599998636
8,classical/TS+LR,classical,13,0.9298245614035088,0.9839901477832512,"{""clf__C"": 10.0}",11.612130599998636
8,classical/TS+LR,classical,14,0.9298245614035088,0.9889162561576355,"{""clf__C"": 0.1}",11.612130599998636
8,classical/TS+RBF-SVM,classical,0,0.9310344827586207,0.9892984542211652,"{""clf__C"": 1.0, ""clf__gamma"": ""scale""}",31.687322400000994
8,classical/TS+RBF-SVM,classical,1,0.9310344827586207,0.9869203329369798,"{""clf__C"": 1.0, ""clf__gamma"": 0.01}",31.687322400000994
8,classical/TS+RBF-SVM,classical,2,0.9482758620689655,0.9869203329369798,"{""clf__C"": 0.1, ""clf__gamma"": 0.01}",31.687322400000994
8,classical/TS+RBF-SVM,classical,3,0.9122807017543859,0.9864532019704433,"{""clf__C"": 1.0, ""clf__gamma"": 0.01}",31.687322400000994
8,classical/TS+RBF-SVM,classical,4,0.9122807017543859,0.9926108374384237,"{""clf__C"": 0.1, ""clf__gamma"": ""scale""}",31.687322400000994
8,classical/TS+RBF-SVM,classical,5,0.9137931034482759,0.9869203329369798,"{""clf__C"": 1.0, ""clf__gamma"": 0.01}",31.687322400000994
8,classical/TS+RBF-SVM,classical,6,0.896551724137931,0.9869203329369798,"{""clf__C"": 1.0, ""clf__gamma"": 0.01}",31.687322400000994
8,classical/TS+RBF-SVM,classical,7,0.8793103448275862,0.9785969084423305,"{""clf__C"": 1.0, ""clf__gamma"": 0.01}",31.687322400000994
8,classical/TS+RBF-SVM,classical,8,0.8947368421052632,0.9963054187192119,"{""clf__C"": 0.1, ""clf__gamma"": 0.01}",31.687322400000994
8,classical/TS+RBF-SVM,classical,9,0.9298245614035088,0.9926108374384237,"{""clf__C"": 1.0, ""clf__gamma"": 0.01}",31.687322400000994
8,classical/TS+RBF-SVM,classical,10,0.896551724137931,0.9928656361474435,"{""clf__C"": 0.1, ""clf__gamma"": 0.01}",31.687322400000994
8,classical/TS+RBF-SVM,classical,11,0.896551724137931,0.9892984542211652,"{""clf__C"": 0.1, ""clf__gamma"": 0.01}",31.687322400000994
8,classical/TS+RBF-SVM,classical,12,0.9310344827586207,0.990487514863258,"{""clf__C"": 1.0, ""clf__gamma"": 0.01}",31.687322400000994
8,classical/TS+RBF-SVM,classical,13,0.9298245614035088,0.9901477832512315,"{""clf__C"": 1.0, ""clf__gamma"": 0.01}",31.687322400000994
8,classical/TS+RBF-SVM,classical,14,0.9298245614035088,0.9864532019704433,"{""clf__C"": 1.0, ""clf__gamma"": 0.01}",31.687322400000994
8,quantum/HS-overlap-SVM,quantum,0,0.6379310344827587,0.6492271105826397,"{""clf__C"": 10.0}",11.564337999996496
8,quantum/HS-overlap-SVM,quantum,1,0.603448275862069,0.6730083234244947,"{""clf__C"": 10.0}",11.564337999996496
8,quantum/HS-overlap-SVM,quantum,2,0.6896551724137931,0.7265160523186682,"{""clf__C"": 10.0}",11.564337999996496
8,quantum/HS-overlap-SVM,quantum,3,0.8070175438596491,0.873152709359606,"{""clf__C"": 10.0}",11.564337999996496
8,quantum/HS-overlap-SVM,quantum,4,0.7894736842105263,0.8583743842364532,"{""clf__C"": 10.0}",11.564337999996496
8,quantum/HS-overlap-SVM,quantum,5,0.7241379310344828,0.7859690844233056,"{""clf__C"": 10.0}",11.564337999996496
8,quantum/HS-overlap-SVM,quantum,6,0.7413793103448276,0.7491082045184304,"{""clf__C"": 10.0}",11.564337999996496
8,quantum/HS-overlap-SVM,quantum,7,0.6896551724137931,0.7633769322235434,"{""clf__C"": 10.0}",11.564337999996496
8,quantum/HS-overlap-SVM,quantum,8,0.6666666666666666,0.7179802955665024,"{""clf__C"": 10.0}",11.564337999996496
8,quantum/HS-overlap-SVM,quantum,9,0.7192982456140351,0.8152709359605912,"{""clf__C"": 10.0}",11.564337999996496
8,quantum/HS-overlap-SVM,quantum,10,0.7586206896551724,0.8109393579072534,"{""clf__C"": 10.0}",11.564337999996496
8,quantum/HS-overlap-SVM,quantum,11,0.7586206896551724,0.8002378121284186,"{""clf__C"": 10.0}",11.564337999996496
8,quantum/HS-overlap-SVM,quantum,12,0.6896551724137931,0.7776456599286564,"{""clf__C"": 10.0}",11.564337999996496
8,quantum/HS-overlap-SVM,quantum,13,0.6666666666666666,0.6773399014778325,"{""clf__C"": 10.0}",11.564337999996496
8,quantum/HS-overlap-SVM,quantum,14,0.6666666666666666,0.7389162561576355,"{""clf__C"": 10.0}",11.564337999996496
8,quantum/Fidelity-SVM,quantum,0,0.6379310344827587,0.6313912009512486,"{""clf__C"": 10.0}",28.683022400000482
8,quantum/Fidelity-SVM,quantum,1,0.5517241379310345,0.6801426872770511,"{""clf__C"": 10.0}",28.683022400000482
8,quantum/Fidelity-SVM,quantum,2,0.7068965517241379,0.7158145065398336,"{""clf__C"": 10.0}",28.683022400000482
8,quantum/Fidelity-SVM,quantum,3,0.7719298245614035,0.8620689655172414,"{""clf__C"": 10.0}",28.683022400000482
8,quantum/Fidelity-SVM,quantum,4,0.7719298245614035,0.8460591133004927,"{""clf__C"": 10.0}",28.683022400000482
8,quantum/Fidelity-SVM,quantum,5,0.6896551724137931,0.7859690844233056,"{""clf__C"": 10.0}",28.683022400000482
8,quantum/Fidelity-SVM,quantum,6,0.6724137931034483,0.7443519619500594,"{""clf__C"": 10.0}",28.683022400000482
8,quantum/Fidelity-SVM,quantum,7,0.6724137931034483,0.7538644470868014,"{""clf__C"": 10.0}",28.683022400000482
8,quantum/Fidelity-SVM,quantum,8,0.6140350877192983,0.710591133004926,"{""clf__C"": 10.0}",28.683022400000482
8,quantum/Fidelity-SVM,quantum,9,0.6842105263157895,0.8066502463054187,"{""clf__C"": 10.0}",28.683022400000482
8,quantum/Fidelity-SVM,quantum,10,0.7241379310344828,0.8168846611177171,"{""clf__C"": 10.0}",28.683022400000482
8,quantum/Fidelity-SVM,quantum,11,0.7586206896551724,0.8014268727705114,"{""clf__C"": 10.0}",28.683022400000482
8,quantum/Fidelity-SVM,quantum,12,0.6896551724137931,0.7693222354340071,"{""clf__C"": 10.0}",28.683022400000482
8,quantum/Fidelity-SVM,quantum,13,0.631578947368421,0.666256157635468,"{""clf__C"": 10.0}",28.683022400000482
8,quantum/Fidelity-SVM,quantum,14,0.6666666666666666,0.7315270935960592,"{""clf__C"": 10.0}",28.683022400000482
8,quantum/HS-RBF-SVM,quantum,0,0.6379310344827587,0.7098692033293698,"{""clf__C"": 10.0, ""clf__gamma_mult"": 1.0}",35.47050900000613
8,quantum/HS-RBF-SVM,quantum,1,0.6206896551724138,0.6932223543400714,"{""clf__C"": 10.0, ""clf__gamma_mult"": 0.25}",35.47050900000613
8,quantum/HS-RBF-SVM,quantum,2,0.7413793103448276,0.7514863258026159,"{""clf__C"": 10.0, ""clf__gamma_mult"": 0.25}",35.47050900000613
8,quantum/HS-RBF-SVM,quantum,3,0.8245614035087719,0.895320197044335,"{""clf__C"": 10.0, ""clf__gamma_mult"": 0.25}",35.47050900000613
8,quantum/HS-RBF-SVM,quantum,4,0.8421052631578947,0.8866995073891626,"{""clf__C"": 1.0, ""clf__gamma_mult"": 1.0}",35.47050900000613
8,quantum/HS-RBF-SVM,quantum,5,0.7931034482758621,0.83115338882283,"{""clf__C"": 1.0, ""clf__gamma_mult"": 1.0}",35.47050900000613
8,quantum/HS-RBF-SVM,quantum,6,0.7241379310344828,0.7740784780023782,"{""clf__C"": 10.0, ""clf__gamma_mult"": 1.0}",35.47050900000613
8,quantum/HS-RBF-SVM,quantum,7,0.6724137931034483,0.7526753864447087,"{""clf__C"": 10.0, ""clf__gamma_mult"": 0.25}",35.47050900000613
8,quantum/HS-RBF-SVM,quantum,8,0.6491228070175439,0.6687192118226601,"{""clf__C"": 1.0, ""clf__gamma_mult"": 0.25}",35.47050900000613
8,quantum/HS-RBF-SVM,quantum,9,0.7894736842105263,0.8411330049261083,"{""clf__C"": 10.0, ""clf__gamma_mult"": 0.25}",35.47050900000613
8,quantum/HS-RBF-SVM,quantum,10,0.8275862068965517,0.8454221165279429,"{""clf__C"": 10.0, ""clf__gamma_mult"": 0.25}",35.47050900000613
8,quantum/HS-RBF-SVM,quantum,11,0.7758620689655172,0.8430439952437575,"{""clf__C"": 10.0, ""clf__gamma_mult"": 0.25}",35.47050900000613
8,quantum/HS-RBF-SVM,quantum,12,0.6551724137931034,0.7395957193816884,"{""clf__C"": 10.0, ""clf__gamma_mult"": 1.0}",35.47050900000613
8,quantum/HS-RBF-SVM,quantum,13,0.6666666666666666,0.70935960591133,"{""clf__C"": 10.0, ""clf__gamma_mult"": 1.0}",35.47050900000613
8,quantum/HS-RBF-SVM,quantum,14,0.7192982456140351,0.7758620689655172,"{""clf__C"": 10.0, ""clf__gamma_mult"": 0.25}",35.47050900000613
8,quantum/Bures-RBF-SVM,quantum,0,0.6379310344827587,0.7146254458977408,"{""clf__C"": 10.0, ""clf__gamma_mult"": 1.0}",71.92819459999737
8,quantum/Bures-RBF-SVM,quantum,1,0.6206896551724138,0.6967895362663495,"{""clf__C"": 10.0, ""clf__gamma_mult"": 0.25}",71.92819459999737
8,quantum/Bures-RBF-SVM,quantum,2,0.7413793103448276,0.7538644470868014,"{""clf__C"": 10.0, ""clf__gamma_mult"": 0.25}",71.92819459999737
8,quantum/Bures-RBF-SVM,quantum,3,0.8070175438596491,0.8977832512315271,"{""clf__C"": 10.0, ""clf__gamma_mult"": 0.25}",71.92819459999737
8,quantum/Bures-RBF-SVM,quantum,4,0.8596491228070176,0.8891625615763548,"{""clf__C"": 1.0, ""clf__gamma_mult"": 1.0}",71.92819459999737
8,quantum/Bures-RBF-SVM,quantum,5,0.7241379310344828,0.8275862068965518,"{""clf__C"": 10.0, ""clf__gamma_mult"": 1.0}",71.92819459999737
8,quantum/Bures-RBF-SVM,quantum,6,0.7413793103448276,0.7835909631391201,"{""clf__C"": 10.0, ""clf__gamma_mult"": 0.25}",71.92819459999737
8,quantum/Bures-RBF-SVM,quantum,7,0.6379310344827587,0.7443519619500595,"{""clf__C"": 10.0, ""clf__gamma_mult"": 1.0}",71.92819459999737
8,quantum/Bures-RBF-SVM,quantum,8,0.6491228070175439,0.6995073891625615,"{""clf__C"": 1.0, ""clf__gamma_mult"": 0.25}",71.92819459999737
8,quantum/Bures-RBF-SVM,quantum,9,0.7543859649122807,0.8485221674876848,"{""clf__C"": 10.0, ""clf__gamma_mult"": 0.25}",71.92819459999737
8,quantum/Bures-RBF-SVM,quantum,10,0.7758620689655172,0.812128418549346,"{""clf__C"": 10.0, ""clf__gamma_mult"": 1.0}",71.92819459999737
8,quantum/Bures-RBF-SVM,quantum,11,0.7586206896551724,0.8418549346016646,"{""clf__C"": 10.0, ""clf__gamma_mult"": 0.25}",71.92819459999737
8,quantum/Bures-RBF-SVM,quantum,12,0.6379310344827587,0.7455410225921522,"{""clf__C"": 10.0, ""clf__gamma_mult"": 1.0}",71.92819459999737
8,quantum/Bures-RBF-SVM,quantum,13,0.6666666666666666,0.7142857142857143,"{""clf__C"": 10.0, ""clf__gamma_mult"": 1.0}",71.92819459999737
8,quantum/Bures-RBF-SVM,quantum,14,0.7192982456140351,0.7807881773399016,"{""clf__C"": 10.0, ""clf__gamma_mult"": 0.25}",71.92819459999737
8,quantum/IQP-kernel-SVM,quantum,0,0.896551724137931,0.9595719381688466,"{""clf__C"": 10.0, ""clf__scale"": 0.5}",36.07691989999148
8,quantum/IQP-kernel-SVM,quantum,1,0.8448275862068966,0.944114149821641,"{""clf__C"": 0.1, ""clf__scale"": 0.5}",36.07691989999148
8,quantum/IQP-kernel-SVM,quantum,2,0.9310344827586207,0.9738406658739596,"{""clf__C"": 1.0, ""clf__scale"": 0.5}",36.07691989999148
8,quantum/IQP-kernel-SVM,quantum,3,0.9649122807017544,0.9963054187192117,"{""clf__C"": 10.0, ""clf__scale"": 0.5}",36.07691989999148
8,quantum/IQP-kernel-SVM,quantum,4,0.9122807017543859,0.9852216748768473,"{""clf__C"": 10.0, ""clf__scale"": 0.5}",36.07691989999148
8,quantum/IQP-kernel-SVM,quantum,5,0.9310344827586207,0.9869203329369798,"{""clf__C"": 1.0, ""clf__scale"": 0.5}",36.07691989999148
8,quantum/IQP-kernel-SVM,quantum,6,0.8448275862068966,0.9536266349583828,"{""clf__C"": 10.0, ""clf__scale"": 0.5}",36.07691989999148
8,quantum/IQP-kernel-SVM,quantum,7,0.9310344827586207,0.9821640903686087,"{""clf__C"": 1.0, ""clf__scale"": 0.5}",36.07691989999148
8,quantum/IQP-kernel-SVM,quantum,8,0.8947368421052632,0.9864532019704434,"{""clf__C"": 1.0, ""clf__scale"": 0.5}",36.07691989999148
8,quantum/IQP-kernel-SVM,quantum,9,0.8947368421052632,0.9729064039408868,"{""clf__C"": 10.0, ""clf__scale"": 0.5}",36.07691989999148
8,quantum/IQP-kernel-SVM,quantum,10,0.9310344827586207,0.9809750297265161,"{""clf__C"": 1.0, ""clf__scale"": 0.5}",36.07691989999148
8,quantum/IQP-kernel-SVM,quantum,11,0.9482758620689655,0.995243757431629,"{""clf__C"": 1.0, ""clf__scale"": 0.5}",36.07691989999148
8,quantum/IQP-kernel-SVM,quantum,12,0.896551724137931,0.9678953626634957,"{""clf__C"": 1.0, ""clf__scale"": 0.5}",36.07691989999148
8,quantum/IQP-kernel-SVM,quantum,13,0.8771929824561403,0.9655172413793103,"{""clf__C"": 10.0, ""clf__scale"": 0.5}",36.07691989999148
8,quantum/IQP-kernel-SVM,quantum,14,0.8947368421052632,0.9445812807881773,"{""clf__C"": 1.0, ""clf__scale"": 0.5}",36.07691989999148
8,quantum/CNOT-kernel-SVM,quantum,0,0.8793103448275862,0.9607609988109393,"{""clf__C"": 1.0, ""clf__scale"": 0.5}",35.11757810000563
8,quantum/CNOT-kernel-SVM,quantum,1,0.896551724137931,0.9512485136741973,"{""clf__C"": 0.1, ""clf__scale"": 0.5}",35.11757810000563
8,quantum/CNOT-kernel-SVM,quantum,2,0.9310344827586207,0.9774078478002378,"{""clf__C"": 1.0, ""clf__scale"": 0.5}",35.11757810000563
8,quantum/CNOT-kernel-SVM,quantum,3,0.9473684210526315,0.9975369458128079,"{""clf__C"": 10.0, ""clf__scale"": 0.5}",35.11757810000563
8,quantum/CNOT-kernel-SVM,quantum,4,0.9122807017543859,0.9839901477832512,"{""clf__C"": 10.0, ""clf__scale"": 0.5}",35.11757810000563
8,quantum/CNOT-kernel-SVM,quantum,5,0.9310344827586207,0.9797859690844233,"{""clf__C"": 1.0, ""clf__scale"": 0.5}",35.11757810000563
8,quantum/CNOT-kernel-SVM,quantum,6,0.8620689655172413,0.9571938168846611,"{""clf__C"": 10.0, ""clf__scale"": 0.5}",35.11757810000563
8,quantum/CNOT-kernel-SVM,quantum,7,0.8793103448275862,0.9785969084423306,"{""clf__C"": 1.0, ""clf__scale"": 0.5}",35.11757810000563
8,quantum/CNOT-kernel-SVM,quantum,8,0.9122807017543859,0.9950738916256158,"{""clf__C"": 0.1, ""clf__scale"": 0.5}",35.11757810000563
8,quantum/CNOT-kernel-SVM,quantum,9,0.9473684210526315,0.9852216748768473,"{""clf__C"": 0.1, ""clf__scale"": 1.0}",35.11757810000563
8,quantum/CNOT-kernel-SVM,quantum,10,0.9482758620689655,0.9940546967895363,"{""clf__C"": 1.0, ""clf__scale"": 0.5}",35.11757810000563
8,quantum/CNOT-kernel-SVM,quantum,11,0.9137931034482759,0.9869203329369798,"{""clf__C"": 1.0, ""clf__scale"": 0.5}",35.11757810000563
8,quantum/CNOT-kernel-SVM,quantum,12,0.9310344827586207,0.9845422116527942,"{""clf__C"": 10.0, ""clf__scale"": 0.5}",35.11757810000563
8,quantum/CNOT-kernel-SVM,quantum,13,0.8947368421052632,0.9852216748768473,"{""clf__C"": 1.0, ""clf__scale"": 0.5}",35.11757810000563
8,quantum/CNOT-kernel-SVM,quantum,14,0.8947368421052632,0.9605911330049262,"{""clf__C"": 0.1, ""clf__scale"": 0.5}",35.11757810000563
8,control/IQP-no-entangle,control,0,0.8620689655172413,0.9595719381688467,"{""clf__C"": 0.1, ""clf__scale"": 1.0}",34.41394140000921
8,control/IQP-no-entangle,control,1,0.9310344827586207,0.990487514863258,"{""clf__C"": 0.1, ""clf__scale"": 1.0}",34.41394140000921
8,control/IQP-no-entangle,control,2,0.9310344827586207,0.9857312722948871,"{""clf__C"": 0.1, ""clf__scale"": 1.0}",34.41394140000921
8,control/IQP-no-entangle,control,3,0.9649122807017544,0.9963054187192119,"{""clf__C"": 0.1, ""clf__scale"": 1.0}",34.41394140000921
8,control/IQP-no-entangle,control,4,0.9122807017543859,0.9839901477832513,"{""clf__C"": 1.0, ""clf__scale"": 1.0}",34.41394140000921
8,control/IQP-no-entangle,control,5,0.9482758620689655,0.9892984542211654,"{""clf__C"": 1.0, ""clf__scale"": 0.5}",34.41394140000921
8,control/IQP-no-entangle,control,6,0.8620689655172413,0.9678953626634957,"{""clf__C"": 1.0, ""clf__scale"": 0.5}",34.41394140000921
8,control/IQP-no-entangle,control,7,0.896551724137931,0.9833531510107016,"{""clf__C"": 1.0, ""clf__scale"": 0.5}",34.41394140000921
8,control/IQP-no-entangle,control,8,0.9298245614035088,0.9926108374384236,"{""clf__C"": 1.0, ""clf__scale"": 0.5}",34.41394140000921
8,control/IQP-no-entangle,control,9,0.9473684210526315,0.9852216748768473,"{""clf__C"": 0.1, ""clf__scale"": 1.0}",34.41394140000921
8,control/IQP-no-entangle,control,10,0.9482758620689655,0.9916765755053508,"{""clf__C"": 1.0, ""clf__scale"": 0.5}",34.41394140000921
8,control/IQP-no-entangle,control,11,0.9482758620689655,0.990487514863258,"{""clf__C"": 0.1, ""clf__scale"": 1.0}",34.41394140000921
8,control/IQP-no-entangle,control,12,0.9655172413793104,0.9857312722948871,"{""clf__C"": 1.0, ""clf__scale"": 0.5}",34.41394140000921
8,control/IQP-no-entangle,control,13,0.9122807017543859,0.9864532019704433,"{""clf__C"": 0.1, ""clf__scale"": 1.0}",34.41394140000921
8,control/IQP-no-entangle,control,14,0.8771929824561403,0.9655172413793104,"{""clf__C"": 1.0, ""clf__scale"": 0.5}",34.41394140000921
8,control/PCA-matched-RBF,control,0,0.8448275862068966,0.9571938168846612,"{""clf__C"": 0.1, ""clf__gamma"": ""scale""}",31.376712500001304
8,control/PCA-matched-RBF,control,1,0.9137931034482759,0.9797859690844233,"{""clf__C"": 1.0, ""clf__gamma"": 0.1}",31.376712500001304
8,control/PCA-matched-RBF,control,2,0.9482758620689655,0.9833531510107015,"{""clf__C"": 10.0, ""clf__gamma"": 0.1}",31.376712500001304
8,control/PCA-matched-RBF,control,3,0.9298245614035088,0.9938423645320197,"{""clf__C"": 10.0, ""clf__gamma"": 0.01}",31.376712500001304
8,control/PCA-matched-RBF,control,4,0.9298245614035088,0.9839901477832512,"{""clf__C"": 1.0, ""clf__gamma"": 0.1}",31.376712500001304
8,control/PCA-matched-RBF,control,5,0.896551724137931,0.9869203329369798,"{""clf__C"": 0.1, ""clf__gamma"": ""scale""}",31.376712500001304
8,control/PCA-matched-RBF,control,6,0.8793103448275862,0.9690844233055885,"{""clf__C"": 1.0, ""clf__gamma"": 0.1}",31.376712500001304
8,control/PCA-matched-RBF,control,7,0.9137931034482759,0.9809750297265161,"{""clf__C"": 10.0, ""clf__gamma"": 0.1}",31.376712500001304
8,control/PCA-matched-RBF,control,8,0.8771929824561403,0.9926108374384236,"{""clf__C"": 1.0, ""clf__gamma"": 0.01}",31.376712500001304
8,control/PCA-matched-RBF,control,9,0.9298245614035088,0.9901477832512315,"{""clf__C"": 0.1, ""clf__gamma"": 0.1}",31.376712500001304
8,control/PCA-matched-RBF,control,10,0.9310344827586207,0.990487514863258,"{""clf__C"": 1.0, ""clf__gamma"": 0.1}",31.376712500001304
8,control/PCA-matched-RBF,control,11,0.896551724137931,0.9631391200951248,"{""clf__C"": 10.0, ""clf__gamma"": ""scale""}",31.376712500001304
8,control/PCA-matched-RBF,control,12,0.9482758620689655,0.9881093935790725,"{""clf__C"": 1.0, ""clf__gamma"": 0.1}",31.376712500001304
8,control/PCA-matched-RBF,control,13,0.9298245614035088,0.9876847290640394,"{""clf__C"": 10.0, ""clf__gamma"": 0.01}",31.376712500001304
8,control/PCA-matched-RBF,control,14,0.9122807017543859,0.9655172413793103,"{""clf__C"": 0.1, ""clf__gamma"": ""scale""}",31.376712500001304
8,control/PCA-matched-linear,control,0,0.8793103448275862,0.9619500594530321,"{""clf__C"": 10.0}",11.294320999993943
8,control/PCA-matched-linear,control,1,0.9310344827586207,0.9667063020214031,"{""clf__C"": 1.0}",11.294320999993943
8,control/PCA-matched-linear,control,2,0.9310344827586207,0.9774078478002378,"{""clf__C"": 0.1}",11.294320999993943
8,control/PCA-matched-linear,control,3,0.9298245614035088,0.9938423645320197,"{""clf__C"": 0.1}",11.294320999993943
8,control/PCA-matched-linear,control,4,0.9122807017543859,0.9839901477832512,"{""clf__C"": 0.1}",11.294320999993943
8,control/PCA-matched-linear,control,5,0.9655172413793104,0.9952437574316291,"{""clf__C"": 1.0}",11.294320999993943
8,control/PCA-matched-linear,control,6,0.8448275862068966,0.9655172413793103,"{""clf__C"": 10.0}",11.294320999993943
8,control/PCA-matched-linear,control,7,0.896551724137931,0.9809750297265161,"{""clf__C"": 0.1}",11.294320999993943
8,control/PCA-matched-linear,control,8,0.9473684210526315,0.9926108374384236,"{""clf__C"": 0.1}",11.294320999993943
8,control/PCA-matched-linear,control,9,0.9473684210526315,0.9901477832512315,"{""clf__C"": 0.1}",11.294320999993943
8,control/PCA-matched-linear,control,10,0.9482758620689655,0.9892984542211652,"{""clf__C"": 10.0}",11.294320999993943
8,control/PCA-matched-linear,control,11,0.896551724137931,0.980975029726516,"{""clf__C"": 0.1}",11.294320999993943
8,control/PCA-matched-linear,control,12,0.9655172413793104,0.9869203329369798,"{""clf__C"": 0.1}",11.294320999993943
8,control/PCA-matched-linear,control,13,0.9298245614035088,0.9864532019704433,"{""clf__C"": 0.1}",11.294320999993943
8,control/PCA-matched-linear,control,14,0.8947368421052632,0.9716748768472906,"{""clf__C"": 0.1}",11.294320999993943
8,control/logeuclid-TS+LR,control,0,0.9137931034482759,0.9750297265160524,"{""clf__C"": 10.0}",10.7405768000026
8,control/logeuclid-TS+LR,control,1,0.9310344827586207,0.9655172413793104,"{""clf__C"": 1.0}",10.7405768000026
8,control/logeuclid-TS+LR,control,2,0.9310344827586207,0.9892984542211652,"{""clf__C"": 1.0}",10.7405768000026
8,control/logeuclid-TS+LR,control,3,0.9298245614035088,0.9913793103448275,"{""clf__C"": 1.0}",10.7405768000026
8,control/logeuclid-TS+LR,control,4,0.9473684210526315,0.9913793103448275,"{""clf__C"": 1.0}",10.7405768000026
8,control/logeuclid-TS+LR,control,5,0.9655172413793104,0.9976218787158145,"{""clf__C"": 1.0}",10.7405768000026
8,control/logeuclid-TS+LR,control,6,0.9137931034482759,0.9750297265160524,"{""clf__C"": 1.0}",10.7405768000026
8,control/logeuclid-TS+LR,control,7,0.8793103448275862,0.958382877526754,"{""clf__C"": 0.1}",10.7405768000026
8,control/logeuclid-TS+LR,control,8,0.9298245614035088,0.9926108374384237,"{""clf__C"": 10.0}",10.7405768000026
8,control/logeuclid-TS+LR,control,9,0.9122807017543859,0.9901477832512315,"{""clf__C"": 10.0}",10.7405768000026
8,control/logeuclid-TS+LR,control,10,0.9482758620689655,0.9976218787158144,"{""clf__C"": 10.0}",10.7405768000026
8,control/logeuclid-TS+LR,control,11,0.9310344827586207,0.9702734839476813,"{""clf__C"": 10.0}",10.7405768000026
8,control/logeuclid-TS+LR,control,12,0.9310344827586207,0.9928656361474435,"{""clf__C"": 10.0}",10.7405768000026
8,control/logeuclid-TS+LR,control,13,0.9122807017543859,0.9876847290640394,"{""clf__C"": 10.0}",10.7405768000026
8,control/logeuclid-TS+LR,control,14,0.9122807017543859,0.9864532019704434,"{""clf__C"": 10.0}",10.7405768000026
9,classical/logvar+LDA,classical,0,0.8275862068965517,0.9227110582639715,{},0.13191189999633934
9,classical/logvar+LDA,classical,1,0.7758620689655172,0.8668252080856125,{},0.13191189999633934
9,classical/logvar+LDA,classical,2,0.896551724137931,0.9286563614744352,{},0.13191189999633934
9,classical/logvar+LDA,classical,3,0.7368421052631579,0.8177339901477833,{},0.13191189999633934
9,classical/logvar+LDA,classical,4,0.7368421052631579,0.8583743842364533,{},0.13191189999633934
9,classical/logvar+LDA,classical,5,0.8103448275862069,0.9036860879904876,{},0.13191189999633934
9,classical/logvar+LDA,classical,6,0.7586206896551724,0.8394768133174791,{},0.13191189999633934
9,classical/logvar+LDA,classical,7,0.8103448275862069,0.9179548156956004,{},0.13191189999633934
9,classical/logvar+LDA,classical,8,0.7543859649122807,0.8620689655172413,{},0.13191189999633934
9,classical/logvar+LDA,classical,9,0.8421052631578947,0.833743842364532,{},0.13191189999633934
9,classical/logvar+LDA,classical,10,0.7586206896551724,0.802615933412604,{},0.13191189999633934
9,classical/logvar+LDA,classical,11,0.8275862068965517,0.8787158145065398,{},0.13191189999633934
9,classical/logvar+LDA,classical,12,0.8620689655172413,0.8929845422116528,{},0.13191189999633934
9,classical/logvar+LDA,classical,13,0.8070175438596491,0.8916256157635468,{},0.13191189999633934
9,classical/logvar+LDA,classical,14,0.8245614035087719,0.9051724137931035,{},0.13191189999633934
9,classical/CSP+LDA,classical,0,0.9310344827586207,0.9583828775267538,"{""csp__nfilter"": 6}",9.65415309999662
9,classical/CSP+LDA,classical,1,0.7586206896551724,0.8941736028537456,"{""csp__nfilter"": 6}",9.65415309999662
9,classical/CSP+LDA,classical,2,0.9137931034482759,0.9560047562425684,"{""csp__nfilter"": 4}",9.65415309999662
9,classical/CSP+LDA,classical,3,0.6842105263157895,0.8115763546798029,"{""csp__nfilter"": 4}",9.65415309999662
9,classical/CSP+LDA,classical,4,0.8070175438596491,0.8780788177339901,"{""csp__nfilter"": 6}",9.65415309999662
9,classical/CSP+LDA,classical,5,0.8793103448275862,0.9322235434007135,"{""csp__nfilter"": 6}",9.65415309999662
9,classical/CSP+LDA,classical,6,0.7758620689655172,0.8573127229488704,"{""csp__nfilter"": 4}",9.65415309999662
9,classical/CSP+LDA,classical,7,0.7931034482758621,0.8834720570749108,"{""csp__nfilter"": 2}",9.65415309999662
9,classical/CSP+LDA,classical,8,0.8421052631578947,0.9334975369458128,"{""csp__nfilter"": 4}",9.65415309999662
9,classical/CSP+LDA,classical,9,0.7719298245614035,0.8497536945812809,"{""csp__nfilter"": 4}",9.65415309999662
9,classical/CSP+LDA,classical,10,0.7586206896551724,0.7990487514863258,"{""csp__nfilter"": 4}",9.65415309999662
9,classical/CSP+LDA,classical,11,0.7931034482758621,0.9381688466111772,"{""csp__nfilter"": 2}",9.65415309999662
9,classical/CSP+LDA,classical,12,0.8620689655172413,0.9595719381688467,"{""csp__nfilter"": 6}",9.65415309999662
9,classical/CSP+LDA,classical,13,0.8421052631578947,0.9310344827586207,"{""csp__nfilter"": 6}",9.65415309999662
9,classical/CSP+LDA,classical,14,0.8070175438596491,0.8916256157635468,"{""csp__nfilter"": 4}",9.65415309999662
9,classical/MDM,classical,0,0.7931034482758621,0.8870392390011891,{},1.1762377999984892
9,classical/MDM,classical,1,0.7586206896551724,0.8335315101070155,{},1.1762377999984892
9,classical/MDM,classical,2,0.8275862068965517,0.8751486325802615,{},1.1762377999984892
9,classical/MDM,classical,3,0.7192982456140351,0.8140394088669951,{},1.1762377999984892
9,classical/MDM,classical,4,0.6491228070175439,0.7967980295566502,{},1.1762377999984892
9,classical/MDM,classical,5,0.7758620689655172,0.8941736028537455,{},1.1762377999984892
9,classical/MDM,classical,6,0.7241379310344828,0.8133174791914387,{},1.1762377999984892
9,classical/MDM,classical,7,0.7241379310344828,0.8394768133174791,{},1.1762377999984892
9,classical/MDM,classical,8,0.7894736842105263,0.8793103448275862,{},1.1762377999984892
9,classical/MDM,classical,9,0.7017543859649122,0.7463054187192119,{},1.1762377999984892
9,classical/MDM,classical,10,0.7241379310344828,0.7764565992865635,{},1.1762377999984892
9,classical/MDM,classical,11,0.7586206896551724,0.8347205707491083,{},1.1762377999984892
9,classical/MDM,classical,12,0.7758620689655172,0.8775267538644471,{},1.1762377999984892
9,classical/MDM,classical,13,0.7543859649122807,0.8571428571428572,{},1.1762377999984892
9,classical/MDM,classical,14,0.7719298245614035,0.8300492610837439,{},1.1762377999984892
9,classical/TS+LR,classical,0,0.9137931034482759,0.980975029726516,"{""clf__C"": 0.1}",11.62231079999765
9,classical/TS+LR,classical,1,0.7586206896551724,0.8656361474435196,"{""clf__C"": 0.1}",11.62231079999765
9,classical/TS+LR,classical,2,0.8620689655172413,0.9417360285374554,"{""clf__C"": 0.1}",11.62231079999765
9,classical/TS+LR,classical,3,0.7894736842105263,0.8362068965517241,"{""clf__C"": 0.1}",11.62231079999765
9,classical/TS+LR,classical,4,0.8070175438596491,0.8805418719211824,"{""clf__C"": 0.1}",11.62231079999765
9,classical/TS+LR,classical,5,0.8103448275862069,0.901307966706302,"{""clf__C"": 0.1}",11.62231079999765
9,classical/TS+LR,classical,6,0.8103448275862069,0.8454221165279429,"{""clf__C"": 0.1}",11.62231079999765
9,classical/TS+LR,classical,7,0.8620689655172413,0.9262782401902497,"{""clf__C"": 0.1}",11.62231079999765
9,classical/TS+LR,classical,8,0.8421052631578947,0.8916256157635468,"{""clf__C"": 0.1}",11.62231079999765
9,classical/TS+LR,classical,9,0.7719298245614035,0.8312807881773399,"{""clf__C"": 0.1}",11.62231079999765
9,classical/TS+LR,classical,10,0.7241379310344828,0.8287752675386445,"{""clf__C"": 0.1}",11.62231079999765
9,classical/TS+LR,classical,11,0.8448275862068966,0.8906064209274673,"{""clf__C"": 0.1}",11.62231079999765
9,classical/TS+LR,classical,12,0.8793103448275862,0.9548156956004756,"{""clf__C"": 0.1}",11.62231079999765
9,classical/TS+LR,classical,13,0.7894736842105263,0.9322660098522167,"{""clf__C"": 0.1}",11.62231079999765
9,classical/TS+LR,classical,14,0.8245614035087719,0.8830049261083743,"{""clf__C"": 0.1}",11.62231079999765
9,classical/TS+RBF-SVM,classical,0,0.9137931034482759,0.9714625445897741,"{""clf__C"": 1.0, ""clf__gamma"": ""scale""}",31.39571400001296
9,classical/TS+RBF-SVM,classical,1,0.7931034482758621,0.8739595719381688,"{""clf__C"": 1.0, ""clf__gamma"": 0.01}",31.39571400001296
9,classical/TS+RBF-SVM,classical,2,0.8448275862068966,0.9227110582639715,"{""clf__C"": 1.0, ""clf__gamma"": 0.01}",31.39571400001296
9,classical/TS+RBF-SVM,classical,3,0.8070175438596491,0.8522167487684728,"{""clf__C"": 1.0, ""clf__gamma"": 0.01}",31.39571400001296
9,classical/TS+RBF-SVM,classical,4,0.7719298245614035,0.8620689655172414,"{""clf__C"": 1.0, ""clf__gamma"": ""scale""}",31.39571400001296
9,classical/TS+RBF-SVM,classical,5,0.8275862068965517,0.8977407847800238,"{""clf__C"": 1.0, ""clf__gamma"": ""scale""}",31.39571400001296
9,classical/TS+RBF-SVM,classical,6,0.8103448275862069,0.8370986920332937,"{""clf__C"": 1.0, ""clf__gamma"": 0.01}",31.39571400001296
9,classical/TS+RBF-SVM,classical,7,0.8793103448275862,0.9381688466111772,"{""clf__C"": 1.0, ""clf__gamma"": 0.01}",31.39571400001296
9,classical/TS+RBF-SVM,classical,8,0.8421052631578947,0.9224137931034483,"{""clf__C"": 1.0, ""clf__gamma"": 0.01}",31.39571400001296
9,classical/TS+RBF-SVM,classical,9,0.7543859649122807,0.8374384236453202,"{""clf__C"": 1.0, ""clf__gamma"": ""scale""}",31.39571400001296
9,classical/TS+RBF-SVM,classical,10,0.7758620689655172,0.8370986920332937,"{""clf__C"": 1.0, ""clf__gamma"": 0.01}",31.39571400001296
9,classical/TS+RBF-SVM,classical,11,0.8793103448275862,0.8929845422116528,"{""clf__C"": 1.0, ""clf__gamma"": ""scale""}",31.39571400001296
9,classical/TS+RBF-SVM,classical,12,0.8275862068965517,0.9131985731272294,"{""clf__C"": 1.0, ""clf__gamma"": 0.1}",31.39571400001296
9,classical/TS+RBF-SVM,classical,13,0.8070175438596491,0.8694581280788177,"{""clf__C"": 10.0, ""clf__gamma"": 0.1}",31.39571400001296
9,classical/TS+RBF-SVM,classical,14,0.8421052631578947,0.8940886699507389,"{""clf__C"": 1.0, ""clf__gamma"": ""scale""}",31.39571400001296
9,quantum/HS-overlap-SVM,quantum,0,0.7586206896551724,0.8834720570749108,"{""clf__C"": 10.0}",11.529571099992609
9,quantum/HS-overlap-SVM,quantum,1,0.7586206896551724,0.8335315101070155,"{""clf__C"": 10.0}",11.529571099992609
9,quantum/HS-overlap-SVM,quantum,2,0.7931034482758621,0.8810939357907253,"{""clf__C"": 10.0}",11.529571099992609
9,quantum/HS-overlap-SVM,quantum,3,0.7368421052631579,0.8300492610837439,"{""clf__C"": 10.0}",11.529571099992609
9,quantum/HS-overlap-SVM,quantum,4,0.7192982456140351,0.7475369458128078,"{""clf__C"": 10.0}",11.529571099992609
9,quantum/HS-overlap-SVM,quantum,5,0.7241379310344828,0.8501783590963139,"{""clf__C"": 10.0}",11.529571099992609
9,quantum/HS-overlap-SVM,quantum,6,0.7413793103448276,0.7776456599286563,"{""clf__C"": 10.0}",11.529571099992609
9,quantum/HS-overlap-SVM,quantum,7,0.7586206896551724,0.8608799048751486,"{""clf__C"": 10.0}",11.529571099992609
9,quantum/HS-overlap-SVM,quantum,8,0.8596491228070176,0.9211822660098522,"{""clf__C"": 10.0}",11.529571099992609
9,quantum/HS-overlap-SVM,quantum,9,0.6666666666666666,0.7697044334975369,"{""clf__C"": 10.0}",11.529571099992609
9,quantum/HS-overlap-SVM,quantum,10,0.7241379310344828,0.7717003567181926,"{""clf__C"": 10.0}",11.529571099992609
9,quantum/HS-overlap-SVM,quantum,11,0.7413793103448276,0.8430439952437574,"{""clf__C"": 10.0}",11.529571099992609
9,quantum/HS-overlap-SVM,quantum,12,0.8275862068965517,0.8763376932223543,"{""clf__C"": 10.0}",11.529571099992609
9,quantum/HS-overlap-SVM,quantum,13,0.7368421052631579,0.8608374384236454,"{""clf__C"": 10.0}",11.529571099992609
9,quantum/HS-overlap-SVM,quantum,14,0.7368421052631579,0.852216748768473,"{""clf__C"": 10.0}",11.529571099992609
9,quantum/Fidelity-SVM,quantum,0,0.7586206896551724,0.8870392390011891,"{""clf__C"": 10.0}",28.579631000000518
9,quantum/Fidelity-SVM,quantum,1,0.6896551724137931,0.8252080856123662,"{""clf__C"": 10.0}",28.579631000000518
9,quantum/Fidelity-SVM,quantum,2,0.7931034482758621,0.8941736028537456,"{""clf__C"": 10.0}",28.579631000000518
9,quantum/Fidelity-SVM,quantum,3,0.7368421052631579,0.8165024630541872,"{""clf__C"": 10.0}",28.579631000000518
9,quantum/Fidelity-SVM,quantum,4,0.6842105263157895,0.7364532019704434,"{""clf__C"": 10.0}",28.579631000000518
9,quantum/Fidelity-SVM,quantum,5,0.7241379310344828,0.8406658739595719,"{""clf__C"": 10.0}",28.579631000000518
9,quantum/Fidelity-SVM,quantum,6,0.7241379310344828,0.7776456599286564,"{""clf__C"": 10.0}",28.579631000000518
9,quantum/Fidelity-SVM,quantum,7,0.7586206896551724,0.8489892984542212,"{""clf__C"": 10.0}",28.579631000000518
9,quantum/Fidelity-SVM,quantum,8,0.8421052631578947,0.9187192118226603,"{""clf__C"": 10.0}",28.579631000000518
9,quantum/Fidelity-SVM,quantum,9,0.6491228070175439,0.7549261083743842,"{""clf__C"": 10.0}",28.579631000000518
9,quantum/Fidelity-SVM,quantum,10,0.7241379310344828,0.7657550535077289,"{""clf__C"": 10.0}",28.579631000000518
9,quantum/Fidelity-SVM,quantum,11,0.7241379310344828,0.8335315101070154,"{""clf__C"": 10.0}",28.579631000000518
9,quantum/Fidelity-SVM,quantum,12,0.7758620689655172,0.8739595719381688,"{""clf__C"": 10.0}",28.579631000000518
9,quantum/Fidelity-SVM,quantum,13,0.7368421052631579,0.8522167487684729,"{""clf__C"": 10.0}",28.579631000000518
9,quantum/Fidelity-SVM,quantum,14,0.7543859649122807,0.8485221674876847,"{""clf__C"": 10.0}",28.579631000000518
9,quantum/HS-RBF-SVM,quantum,0,0.7931034482758621,0.8894173602853745,"{""clf__C"": 10.0, ""clf__gamma_mult"": 0.25}",32.64754190000531
9,quantum/HS-RBF-SVM,quantum,1,0.8103448275862069,0.8335315101070155,"{""clf__C"": 10.0, ""clf__gamma_mult"": 0.25}",32.64754190000531
9,quantum/HS-RBF-SVM,quantum,2,0.8275862068965517,0.9036860879904876,"{""clf__C"": 10.0, ""clf__gamma_mult"": 0.25}",32.64754190000531
9,quantum/HS-RBF-SVM,quantum,3,0.7719298245614035,0.8362068965517241,"{""clf__C"": 10.0, ""clf__gamma_mult"": 0.25}",32.64754190000531
9,quantum/HS-RBF-SVM,quantum,4,0.7368421052631579,0.7709359605911331,"{""clf__C"": 10.0, ""clf__gamma_mult"": 0.25}",32.64754190000531
9,quantum/HS-RBF-SVM,quantum,5,0.7931034482758621,0.8442330558858502,"{""clf__C"": 10.0, ""clf__gamma_mult"": 1.0}",32.64754190000531
9,quantum/HS-RBF-SVM,quantum,6,0.7413793103448276,0.7919143876337693,"{""clf__C"": 10.0, ""clf__gamma_mult"": 0.25}",32.64754190000531
9,quantum/HS-RBF-SVM,quantum,7,0.7586206896551724,0.8787158145065398,"{""clf__C"": 10.0, ""clf__gamma_mult"": 0.25}",32.64754190000531
9,quantum/HS-RBF-SVM,quantum,8,0.8421052631578947,0.9088669950738917,"{""clf__C"": 10.0, ""clf__gamma_mult"": 0.25}",32.64754190000531
9,quantum/HS-RBF-SVM,quantum,9,0.7543859649122807,0.7881773399014779,"{""clf__C"": 10.0, ""clf__gamma_mult"": 0.25}",32.64754190000531
9,quantum/HS-RBF-SVM,quantum,10,0.7241379310344828,0.7883472057074912,"{""clf__C"": 10.0, ""clf__gamma_mult"": 0.25}",32.64754190000531
9,quantum/HS-RBF-SVM,quantum,11,0.7758620689655172,0.8656361474435197,"{""clf__C"": 10.0, ""clf__gamma_mult"": 1.0}",32.64754190000531
9,quantum/HS-RBF-SVM,quantum,12,0.8103448275862069,0.8715814506539833,"{""clf__C"": 10.0, ""clf__gamma_mult"": 0.25}",32.64754190000531
9,quantum/HS-RBF-SVM,quantum,13,0.7719298245614035,0.834975369458128,"{""clf__C"": 10.0, ""clf__gamma_mult"": 1.0}",32.64754190000531
9,quantum/HS-RBF-SVM,quantum,14,0.7894736842105263,0.8780788177339901,"{""clf__C"": 10.0, ""clf__gamma_mult"": 0.25}",32.64754190000531
9,quantum/Bures-RBF-SVM,quantum,0,0.7758620689655172,0.8870392390011891,"{""clf__C"": 10.0, ""clf__gamma_mult"": 0.25}",71.87988040001073
9,quantum/Bures-RBF-SVM,quantum,1,0.7931034482758621,0.8263971462544589,"{""clf__C"": 10.0, ""clf__gamma_mult"": 1.0}",71.87988040001073
9,quantum/Bures-RBF-SVM,quantum,2,0.8793103448275862,0.9131985731272295,"{""clf__C"": 10.0, ""clf__gamma_mult"": 0.25}",71.87988040001073
9,quantum/Bures-RBF-SVM,quantum,3,0.7894736842105263,0.8189655172413793,"{""clf__C"": 10.0, ""clf__gamma_mult"": 1.0}",71.87988040001073
9,quantum/Bures-RBF-SVM,quantum,4,0.7543859649122807,0.768472906403941,"{""clf__C"": 10.0, ""clf__gamma_mult"": 0.25}",71.87988040001073
9,quantum/Bures-RBF-SVM,quantum,5,0.7758620689655172,0.8632580261593342,"{""clf__C"": 10.0, ""clf__gamma_mult"": 0.25}",71.87988040001073
9,quantum/Bures-RBF-SVM,quantum,6,0.7413793103448276,0.7990487514863257,"{""clf__C"": 10.0, ""clf__gamma_mult"": 0.25}",71.87988040001073
9,quantum/Bures-RBF-SVM,quantum,7,0.7931034482758621,0.887039239001189,"{""clf__C"": 10.0, ""clf__gamma_mult"": 0.25}",71.87988040001073
9,quantum/Bures-RBF-SVM,quantum,8,0.8771929824561403,0.9187192118226601,"{""clf__C"": 10.0, ""clf__gamma_mult"": 0.25}",71.87988040001073
9,quantum/Bures-RBF-SVM,quantum,9,0.7543859649122807,0.7967980295566502,"{""clf__C"": 10.0, ""clf__gamma_mult"": 0.25}",71.87988040001073
9,quantum/Bures-RBF-SVM,quantum,10,0.7241379310344828,0.7835909631391201,"{""clf__C"": 10.0, ""clf__gamma_mult"": 0.25}",71.87988040001073
9,quantum/Bures-RBF-SVM,quantum,11,0.8275862068965517,0.868014268727705,"{""clf__C"": 10.0, ""clf__gamma_mult"": 0.25}",71.87988040001073
9,quantum/Bures-RBF-SVM,quantum,12,0.8103448275862069,0.8799048751486326,"{""clf__C"": 10.0, ""clf__gamma_mult"": 0.25}",71.87988040001073
9,quantum/Bures-RBF-SVM,quantum,13,0.7719298245614035,0.8620689655172414,"{""clf__C"": 10.0, ""clf__gamma_mult"": 0.25}",71.87988040001073
9,quantum/Bures-RBF-SVM,quantum,14,0.8070175438596491,0.875615763546798,"{""clf__C"": 10.0, ""clf__gamma_mult"": 0.25}",71.87988040001073
9,quantum/IQP-kernel-SVM,quantum,0,0.8793103448275862,0.9262782401902496,"{""clf__C"": 10.0, ""clf__scale"": 0.5}",36.34011759998975
9,quantum/IQP-kernel-SVM,quantum,1,0.8103448275862069,0.8430439952437574,"{""clf__C"": 10.0, ""clf__scale"": 0.5}",36.34011759998975
9,quantum/IQP-kernel-SVM,quantum,2,0.7931034482758621,0.8894173602853745,"{""clf__C"": 10.0, ""clf__scale"": 0.5}",36.34011759998975
9,quantum/IQP-kernel-SVM,quantum,3,0.7894736842105263,0.8288177339901479,"{""clf__C"": 10.0, ""clf__scale"": 0.5}",36.34011759998975
9,quantum/IQP-kernel-SVM,quantum,4,0.7719298245614035,0.8374384236453202,"{""clf__C"": 1.0, ""clf__scale"": 0.5}",36.34011759998975
9,quantum/IQP-kernel-SVM,quantum,5,0.8275862068965517,0.9048751486325802,"{""clf__C"": 1.0, ""clf__scale"": 0.5}",36.34011759998975
9,quantum/IQP-kernel-SVM,quantum,6,0.7758620689655172,0.7907253269916765,"{""clf__C"": 1.0, ""clf__scale"": 0.5}",36.34011759998975
9,quantum/IQP-kernel-SVM,quantum,7,0.8275862068965517,0.9286563614744352,"{""clf__C"": 10.0, ""clf__scale"": 0.5}",36.34011759998975
9,quantum/IQP-kernel-SVM,quantum,8,0.8596491228070176,0.9408866995073891,"{""clf__C"": 10.0, ""clf__scale"": 0.5}",36.34011759998975
9,quantum/IQP-kernel-SVM,quantum,9,0.7719298245614035,0.8177339901477834,"{""clf__C"": 1.0, ""clf__scale"": 0.5}",36.34011759998975
9,quantum/IQP-kernel-SVM,quantum,10,0.7068965517241379,0.8156956004756243,"{""clf__C"": 10.0, ""clf__scale"": 0.5}",36.34011759998975
9,quantum/IQP-kernel-SVM,quantum,11,0.8448275862068966,0.9441141498216409,"{""clf__C"": 1.0, ""clf__scale"": 0.5}",36.34011759998975
9,quantum/IQP-kernel-SVM,quantum,12,0.7931034482758621,0.9036860879904874,"{""clf__C"": 1.0, ""clf__scale"": 0.5}",36.34011759998975
9,quantum/IQP-kernel-SVM,quantum,13,0.7719298245614035,0.8817733990147784,"{""clf__C"": 1.0, ""clf__scale"": 0.5}",36.34011759998975
9,quantum/IQP-kernel-SVM,quantum,14,0.7719298245614035,0.8263546798029556,"{""clf__C"": 1.0, ""clf__scale"": 0.5}",36.34011759998975
9,quantum/CNOT-kernel-SVM,quantum,0,0.896551724137931,0.9512485136741974,"{""clf__C"": 10.0, ""clf__scale"": 0.5}",35.33239379999577
9,quantum/CNOT-kernel-SVM,quantum,1,0.7931034482758621,0.8632580261593342,"{""clf__C"": 1.0, ""clf__scale"": 1.0}",35.33239379999577
9,quantum/CNOT-kernel-SVM,quantum,2,0.8275862068965517,0.9286563614744352,"{""clf__C"": 1.0, ""clf__scale"": 0.5}",35.33239379999577
9,quantum/CNOT-kernel-SVM,quantum,3,0.7719298245614035,0.8669950738916257,"{""clf__C"": 10.0, ""clf__scale"": 0.5}",35.33239379999577
9,quantum/CNOT-kernel-SVM,quantum,4,0.7543859649122807,0.8509852216748769,"{""clf__C"": 1.0, ""clf__scale"": 0.5}",35.33239379999577
9,quantum/CNOT-kernel-SVM,quantum,5,0.8103448275862069,0.9286563614744352,"{""clf__C"": 1.0, ""clf__scale"": 1.0}",35.33239379999577
9,quantum/CNOT-kernel-SVM,quantum,6,0.7758620689655172,0.8145065398335316,"{""clf__C"": 10.0, ""clf__scale"": 0.5}",35.33239379999577
9,quantum/CNOT-kernel-SVM,quantum,7,0.8275862068965517,0.9286563614744352,"{""clf__C"": 10.0, ""clf__scale"": 1.0}",35.33239379999577
9,quantum/CNOT-kernel-SVM,quantum,8,0.8596491228070176,0.9408866995073891,"{""clf__C"": 10.0, ""clf__scale"": 0.5}",35.33239379999577
9,quantum/CNOT-kernel-SVM,quantum,9,0.8070175438596491,0.8559113300492611,"{""clf__C"": 10.0, ""clf__scale"": 0.5}",35.33239379999577
9,quantum/CNOT-kernel-SVM,quantum,10,0.7931034482758621,0.845422116527943,"{""clf__C"": 1.0, ""clf__scale"": 0.5}",35.33239379999577
9,quantum/CNOT-kernel-SVM,quantum,11,0.8620689655172413,0.9476813317479191,"{""clf__C"": 0.1, ""clf__scale"": 0.5}",35.33239379999577
9,quantum/CNOT-kernel-SVM,quantum,12,0.8793103448275862,0.9405469678953626,"{""clf__C"": 10.0, ""clf__scale"": 0.5}",35.33239379999577
9,quantum/CNOT-kernel-SVM,quantum,13,0.7894736842105263,0.9076354679802956,"{""clf__C"": 1.0, ""clf__scale"": 1.0}",35.33239379999577
9,quantum/CNOT-kernel-SVM,quantum,14,0.7543859649122807,0.8460591133004927,"{""clf__C"": 1.0, ""clf__scale"": 1.0}",35.33239379999577
9,control/IQP-no-entangle,control,0,0.8620689655172413,0.9464922711058263,"{""clf__C"": 1.0, ""clf__scale"": 1.0}",37.46183309999469
9,control/IQP-no-entangle,control,1,0.8103448275862069,0.8775267538644471,"{""clf__C"": 10.0, ""clf__scale"": 0.5}",37.46183309999469
9,control/IQP-no-entangle,control,2,0.8620689655172413,0.9179548156956004,"{""clf__C"": 10.0, ""clf__scale"": 0.5}",37.46183309999469
9,control/IQP-no-entangle,control,3,0.7543859649122807,0.8669950738916257,"{""clf__C"": 10.0, ""clf__scale"": 0.5}",37.46183309999469
9,control/IQP-no-entangle,control,4,0.7543859649122807,0.8485221674876847,"{""clf__C"": 0.1, ""clf__scale"": 1.0}",37.46183309999469
9,control/IQP-no-entangle,control,5,0.8275862068965517,0.929845422116528,"{""clf__C"": 1.0, ""clf__scale"": 1.0}",37.46183309999469
9,control/IQP-no-entangle,control,6,0.7931034482758621,0.8085612366230678,"{""clf__C"": 10.0, ""clf__scale"": 0.5}",37.46183309999469
9,control/IQP-no-entangle,control,7,0.8103448275862069,0.9464922711058263,"{""clf__C"": 1.0, ""clf__scale"": 1.0}",37.46183309999469
9,control/IQP-no-entangle,control,8,0.8596491228070176,0.9408866995073891,"{""clf__C"": 10.0, ""clf__scale"": 0.5}",37.46183309999469
9,control/IQP-no-entangle,control,9,0.7894736842105263,0.853448275862069,"{""clf__C"": 1.0, ""clf__scale"": 1.0}",37.46183309999469
9,control/IQP-no-entangle,control,10,0.7758620689655172,0.8370986920332938,"{""clf__C"": 1.0, ""clf__scale"": 0.5}",37.46183309999469
9,control/IQP-no-entangle,control,11,0.8103448275862069,0.9274673008323424,"{""clf__C"": 0.1, ""clf__scale"": 0.5}",37.46183309999469
9,control/IQP-no-entangle,control,12,0.8793103448275862,0.9381688466111772,"{""clf__C"": 10.0, ""clf__scale"": 0.5}",37.46183309999469
9,control/IQP-no-entangle,control,13,0.7894736842105263,0.9150246305418719,"{""clf__C"": 1.0, ""clf__scale"": 1.0}",37.46183309999469
9,control/IQP-no-entangle,control,14,0.7719298245614035,0.8645320197044335,"{""clf__C"": 1.0, ""clf__scale"": 0.5}",37.46183309999469
9,control/PCA-matched-RBF,control,0,0.9137931034482759,0.9583828775267538,"{""clf__C"": 10.0, ""clf__gamma"": 0.1}",32.76921310000762
9,control/PCA-matched-RBF,control,1,0.7931034482758621,0.8822829964328182,"{""clf__C"": 1.0, ""clf__gamma"": 0.1}",32.76921310000762
9,control/PCA-matched-RBF,control,2,0.8620689655172413,0.9310344827586206,"{""clf__C"": 10.0, ""clf__gamma"": 0.01}",32.76921310000762
9,control/PCA-matched-RBF,control,3,0.8070175438596491,0.8903940886699507,"{""clf__C"": 10.0, ""clf__gamma"": 0.01}",32.76921310000762
9,control/PCA-matched-RBF,control,4,0.7368421052631579,0.8349753694581281,"{""clf__C"": 0.1, ""clf__gamma"": ""scale""}",32.76921310000762
9,control/PCA-matched-RBF,control,5,0.8103448275862069,0.9346016646848989,"{""clf__C"": 1.0, ""clf__gamma"": 0.01}",32.76921310000762
9,control/PCA-matched-RBF,control,6,0.7931034482758621,0.8014268727705113,"{""clf__C"": 10.0, ""clf__gamma"": 0.1}",32.76921310000762
9,control/PCA-matched-RBF,control,7,0.8103448275862069,0.929845422116528,"{""clf__C"": 0.1, ""clf__gamma"": ""scale""}",32.76921310000762
9,control/PCA-matched-RBF,control,8,0.8421052631578947,0.9482758620689655,"{""clf__C"": 10.0, ""clf__gamma"": 0.01}",32.76921310000762
9,control/PCA-matched-RBF,control,9,0.8070175438596491,0.8423645320197045,"{""clf__C"": 0.1, ""clf__gamma"": ""scale""}",32.76921310000762
9,control/PCA-matched-RBF,control,10,0.7068965517241379,0.7907253269916765,"{""clf__C"": 10.0, ""clf__gamma"": ""scale""}",32.76921310000762
9,control/PCA-matched-RBF,control,11,0.8275862068965517,0.9215219976218787,"{""clf__C"": 0.1, ""clf__gamma"": ""scale""}",32.76921310000762
9,control/PCA-matched-RBF,control,12,0.8793103448275862,0.93935790725327,"{""clf__C"": 10.0, ""clf__gamma"": 0.1}",32.76921310000762
9,control/PCA-matched-RBF,control,13,0.8070175438596491,0.939655172413793,"{""clf__C"": 10.0, ""clf__gamma"": 0.01}",32.76921310000762
9,control/PCA-matched-RBF,control,14,0.7719298245614035,0.8485221674876847,"{""clf__C"": 10.0, ""clf__gamma"": 0.1}",32.76921310000762
9,control/PCA-matched-linear,control,0,0.8793103448275862,0.9571938168846612,"{""clf__C"": 10.0}",11.704215999998269
9,control/PCA-matched-linear,control,1,0.7931034482758621,0.882282996432818,"{""clf__C"": 10.0}",11.704215999998269
9,control/PCA-matched-linear,control,2,0.8448275862068966,0.925089179548157,"{""clf__C"": 10.0}",11.704215999998269
9,control/PCA-matched-linear,control,3,0.8070175438596491,0.8916256157635468,"{""clf__C"": 1.0}",11.704215999998269
9,control/PCA-matched-linear,control,4,0.8070175438596491,0.8657635467980296,"{""clf__C"": 0.1}",11.704215999998269
9,control/PCA-matched-linear,control,5,0.8448275862068966,0.9417360285374554,"{""clf__C"": 10.0}",11.704215999998269
9,control/PCA-matched-linear,control,6,0.7758620689655172,0.8180737217598096,"{""clf__C"": 1.0}",11.704215999998269
9,control/PCA-matched-linear,control,7,0.8275862068965517,0.93935790725327,"{""clf__C"": 1.0}",11.704215999998269
9,control/PCA-matched-linear,control,8,0.8596491228070176,0.9445812807881773,"{""clf__C"": 10.0}",11.704215999998269
9,control/PCA-matched-linear,control,9,0.8245614035087719,0.8620689655172414,"{""clf__C"": 0.1}",11.704215999998269
9,control/PCA-matched-linear,control,10,0.8103448275862069,0.8252080856123661,"{""clf__C"": 10.0}",11.704215999998269
9,control/PCA-matched-linear,control,11,0.8448275862068966,0.9536266349583828,"{""clf__C"": 1.0}",11.704215999998269
9,control/PCA-matched-linear,control,12,0.8793103448275862,0.9488703923900119,"{""clf__C"": 10.0}",11.704215999998269
9,control/PCA-matched-linear,control,13,0.8245614035087719,0.9408866995073892,"{""clf__C"": 10.0}",11.704215999998269
9,control/PCA-matched-linear,control,14,0.7894736842105263,0.8571428571428571,"{""clf__C"": 10.0}",11.704215999998269
9,control/logeuclid-TS+LR,control,0,0.8793103448275862,0.976218787158145,"{""clf__C"": 1.0}",11.439676099995268
9,control/logeuclid-TS+LR,control,1,0.7931034482758621,0.8834720570749108,"{""clf__C"": 1.0}",11.439676099995268
9,control/logeuclid-TS+LR,control,2,0.8620689655172413,0.9298454221165279,"{""clf__C"": 0.1}",11.439676099995268
9,control/logeuclid-TS+LR,control,3,0.7192982456140351,0.8275862068965517,"{""clf__C"": 1.0}",11.439676099995268
9,control/logeuclid-TS+LR,control,4,0.7894736842105263,0.8559113300492611,"{""clf__C"": 0.1}",11.439676099995268
9,control/logeuclid-TS+LR,control,5,0.8448275862068966,0.9369797859690845,"{""clf__C"": 1.0}",11.439676099995268
9,control/logeuclid-TS+LR,control,6,0.7758620689655172,0.8489892984542212,"{""clf__C"": 0.1}",11.439676099995268
9,control/logeuclid-TS+LR,control,7,0.8793103448275862,0.9310344827586207,"{""clf__C"": 1.0}",11.439676099995268
9,control/logeuclid-TS+LR,control,8,0.7719298245614035,0.8805418719211823,"{""clf__C"": 1.0}",11.439676099995268
9,control/logeuclid-TS+LR,control,9,0.7719298245614035,0.854679802955665,"{""clf__C"": 10.0}",11.439676099995268
9,control/logeuclid-TS+LR,control,10,0.7413793103448276,0.8347205707491082,"{""clf__C"": 10.0}",11.439676099995268
9,control/logeuclid-TS+LR,control,11,0.8620689655172413,0.9108204518430439,"{""clf__C"": 10.0}",11.439676099995268
9,control/logeuclid-TS+LR,control,12,0.8448275862068966,0.9262782401902497,"{""clf__C"": 10.0}",11.439676099995268
9,control/logeuclid-TS+LR,control,13,0.8070175438596491,0.9359605911330049,"{""clf__C"": 0.1}",11.439676099995268
9,control/logeuclid-TS+LR,control,14,0.7543859649122807,0.8460591133004927,"{""clf__C"": 0.1}",11.439676099995268
