subject,pipeline,group,fold,accuracy,auc,best_params,fit_seconds_total
105,classical/logvar+LDA,classical,0,0.3333333333333333,0.30000000000000004,{},0.08746189999874332
105,classical/logvar+LDA,classical,1,0.6666666666666666,0.7,{},0.08746189999874332
105,classical/logvar+LDA,classical,2,0.6666666666666666,0.6000000000000001,{},0.08746189999874332
105,classical/logvar+LDA,classical,3,0.7777777777777778,0.7,{},0.08746189999874332
105,classical/logvar+LDA,classical,4,0.5555555555555556,0.4,{},0.08746189999874332
105,classical/logvar+LDA,classical,5,0.7777777777777778,0.8,{},0.08746189999874332
105,classical/logvar+LDA,classical,6,0.4444444444444444,0.30000000000000004,{},0.08746189999874332
105,classical/logvar+LDA,classical,7,0.4444444444444444,0.35000000000000003,{},0.08746189999874332
105,classical/logvar+LDA,classical,8,0.5555555555555556,0.55,{},0.08746189999874332
105,classical/logvar+LDA,classical,9,0.5555555555555556,0.65,{},0.08746189999874332
105,classical/logvar+LDA,classical,10,0.5555555555555556,0.55,{},0.08746189999874332
105,classical/logvar+LDA,classical,11,0.2222222222222222,0.24999999999999997,{},0.08746189999874332
105,classical/logvar+LDA,classical,12,0.4444444444444444,0.45000000000000007,{},0.08746189999874332
105,classical/logvar+LDA,classical,13,0.5555555555555556,0.65,{},0.08746189999874332
105,classical/logvar+LDA,classical,14,0.6666666666666666,0.6499999999999999,{},0.08746189999874332
105,classical/CSP+LDA,classical,0,0.4444444444444444,0.45000000000000007,"{""csp__nfilter"": 4}",3.7832847999998194
105,classical/CSP+LDA,classical,1,0.6666666666666666,0.6,"{""csp__nfilter"": 6}",3.7832847999998194
105,classical/CSP+LDA,classical,2,0.7777777777777778,0.75,"{""csp__nfilter"": 6}",3.7832847999998194
105,classical/CSP+LDA,classical,3,0.7777777777777778,0.7500000000000001,"{""csp__nfilter"": 4}",3.7832847999998194
105,classical/CSP+LDA,classical,4,1.0,1.0,"{""csp__nfilter"": 6}",3.7832847999998194
105,classical/CSP+LDA,classical,5,0.7777777777777778,0.75,"{""csp__nfilter"": 6}",3.7832847999998194
105,classical/CSP+LDA,classical,6,0.5555555555555556,0.6,"{""csp__nfilter"": 6}",3.7832847999998194
105,classical/CSP+LDA,classical,7,0.5555555555555556,0.3,"{""csp__nfilter"": 2}",3.7832847999998194
105,classical/CSP+LDA,classical,8,0.7777777777777778,0.6500000000000001,"{""csp__nfilter"": 6}",3.7832847999998194
105,classical/CSP+LDA,classical,9,0.5555555555555556,0.7,"{""csp__nfilter"": 6}",3.7832847999998194
105,classical/CSP+LDA,classical,10,0.6666666666666666,0.75,"{""csp__nfilter"": 6}",3.7832847999998194
105,classical/CSP+LDA,classical,11,0.4444444444444444,0.39999999999999997,"{""csp__nfilter"": 4}",3.7832847999998194
105,classical/CSP+LDA,classical,12,0.6666666666666666,0.8,"{""csp__nfilter"": 4}",3.7832847999998194
105,classical/CSP+LDA,classical,13,0.8888888888888888,0.95,"{""csp__nfilter"": 6}",3.7832847999998194
105,classical/CSP+LDA,classical,14,0.7777777777777778,0.8500000000000001,"{""csp__nfilter"": 6}",3.7832847999998194
105,classical/MDM,classical,0,0.5555555555555556,0.6,{},0.44405639999968116
105,classical/MDM,classical,1,0.5555555555555556,0.6,{},0.44405639999968116
105,classical/MDM,classical,2,0.5555555555555556,0.55,{},0.44405639999968116
105,classical/MDM,classical,3,0.6666666666666666,0.55,{},0.44405639999968116
105,classical/MDM,classical,4,0.5555555555555556,0.75,{},0.44405639999968116
105,classical/MDM,classical,5,0.5555555555555556,0.6,{},0.44405639999968116
105,classical/MDM,classical,6,0.5555555555555556,0.7,{},0.44405639999968116
105,classical/MDM,classical,7,0.2222222222222222,0.35,{},0.44405639999968116
105,classical/MDM,classical,8,0.6666666666666666,0.6500000000000001,{},0.44405639999968116
105,classical/MDM,classical,9,0.3333333333333333,0.30000000000000004,{},0.44405639999968116
105,classical/MDM,classical,10,0.5555555555555556,0.65,{},0.44405639999968116
105,classical/MDM,classical,11,0.3333333333333333,0.39999999999999997,{},0.44405639999968116
105,classical/MDM,classical,12,0.6666666666666666,0.75,{},0.44405639999968116
105,classical/MDM,classical,13,0.4444444444444444,0.5499999999999999,{},0.44405639999968116
105,classical/MDM,classical,14,0.6666666666666666,0.7,{},0.44405639999968116
105,classical/TS+LR,classical,0,0.6666666666666666,0.55,"{""clf__C"": 1.0}",4.698037999998633
105,classical/TS+LR,classical,1,0.5555555555555556,0.75,"{""clf__C"": 0.1}",4.698037999998633
105,classical/TS+LR,classical,2,0.5555555555555556,0.65,"{""clf__C"": 1.0}",4.698037999998633
105,classical/TS+LR,classical,3,0.6666666666666666,0.65,"{""clf__C"": 0.1}",4.698037999998633
105,classical/TS+LR,classical,4,0.8888888888888888,1.0,"{""clf__C"": 1.0}",4.698037999998633
105,classical/TS+LR,classical,5,0.6666666666666666,0.75,"{""clf__C"": 1.0}",4.698037999998633
105,classical/TS+LR,classical,6,0.6666666666666666,0.75,"{""clf__C"": 1.0}",4.698037999998633
105,classical/TS+LR,classical,7,0.6666666666666666,0.7,"{""clf__C"": 0.1}",4.698037999998633
105,classical/TS+LR,classical,8,0.7777777777777778,0.7,"{""clf__C"": 0.1}",4.698037999998633
105,classical/TS+LR,classical,9,0.7777777777777778,0.75,"{""clf__C"": 0.1}",4.698037999998633
105,classical/TS+LR,classical,10,0.8888888888888888,0.9500000000000001,"{""clf__C"": 0.1}",4.698037999998633
105,classical/TS+LR,classical,11,0.5555555555555556,0.6000000000000001,"{""clf__C"": 10.0}",4.698037999998633
105,classical/TS+LR,classical,12,0.5555555555555556,0.7,"{""clf__C"": 0.1}",4.698037999998633
105,classical/TS+LR,classical,13,0.7777777777777778,0.85,"{""clf__C"": 0.1}",4.698037999998633
105,classical/TS+LR,classical,14,0.7777777777777778,0.9,"{""clf__C"": 0.1}",4.698037999998633
105,classical/TS+RBF-SVM,classical,0,0.6666666666666666,0.6,"{""clf__C"": 10.0, ""clf__gamma"": 0.01}",12.573023400000238
105,classical/TS+RBF-SVM,classical,1,0.5555555555555556,0.65,"{""clf__C"": 10.0, ""clf__gamma"": 0.01}",12.573023400000238
105,classical/TS+RBF-SVM,classical,2,0.4444444444444444,0.65,"{""clf__C"": 1.0, ""clf__gamma"": ""scale""}",12.573023400000238
105,classical/TS+RBF-SVM,classical,3,0.6666666666666666,0.65,"{""clf__C"": 10.0, ""clf__gamma"": ""scale""}",12.573023400000238
105,classical/TS+RBF-SVM,classical,4,0.7777777777777778,0.9,"{""clf__C"": 10.0, ""clf__gamma"": ""scale""}",12.573023400000238
105,classical/TS+RBF-SVM,classical,5,0.7777777777777778,0.9,"{""clf__C"": 1.0, ""clf__gamma"": ""scale""}",12.573023400000238
105,classical/TS+RBF-SVM,classical,6,0.6666666666666666,0.8,"{""clf__C"": 10.0, ""clf__gamma"": ""scale""}",12.573023400000238
105,classical/TS+RBF-SVM,classical,7,0.7777777777777778,0.7,"{""clf__C"": 1.0, ""clf__gamma"": 0.01}",12.573023400000238
105,classical/TS+RBF-SVM,classical,8,0.8888888888888888,0.75,"{""clf__C"": 1.0, ""clf__gamma"": ""scale""}",12.573023400000238
105,classical/TS+RBF-SVM,classical,9,0.5555555555555556,0.55,"{""clf__C"": 1.0, ""clf__gamma"": 0.01}",12.573023400000238
105,classical/TS+RBF-SVM,classical,10,0.8888888888888888,0.9500000000000001,"{""clf__C"": 10.0, ""clf__gamma"": ""scale""}",12.573023400000238
105,classical/TS+RBF-SVM,classical,11,0.7777777777777778,0.6000000000000001,"{""clf__C"": 1.0, ""clf__gamma"": ""scale""}",12.573023400000238
105,classical/TS+RBF-SVM,classical,12,0.5555555555555556,0.65,"{""clf__C"": 1.0, ""clf__gamma"": 0.01}",12.573023400000238
105,classical/TS+RBF-SVM,classical,13,1.0,1.0,"{""clf__C"": 1.0, ""clf__gamma"": ""scale""}",12.573023400000238
105,classical/TS+RBF-SVM,classical,14,0.7777777777777778,0.85,"{""clf__C"": 1.0, ""clf__gamma"": ""scale""}",12.573023400000238
105,quantum/HS-overlap-SVM,quantum,0,0.4444444444444444,0.35,"{""clf__C"": 10.0}",3.8436380999992252
105,quantum/HS-overlap-SVM,quantum,1,0.6666666666666666,0.6,"{""clf__C"": 0.1}",3.8436380999992252
105,quantum/HS-overlap-SVM,quantum,2,0.5555555555555556,0.39999999999999997,"{""clf__C"": 0.1}",3.8436380999992252
105,quantum/HS-overlap-SVM,quantum,3,0.4444444444444444,0.6000000000000001,"{""clf__C"": 0.1}",3.8436380999992252
105,quantum/HS-overlap-SVM,quantum,4,0.4444444444444444,0.55,"{""clf__C"": 0.1}",3.8436380999992252
105,quantum/HS-overlap-SVM,quantum,5,0.2222222222222222,0.19999999999999996,"{""clf__C"": 0.1}",3.8436380999992252
105,quantum/HS-overlap-SVM,quantum,6,0.5555555555555556,0.25,"{""clf__C"": 10.0}",3.8436380999992252
105,quantum/HS-overlap-SVM,quantum,7,0.4444444444444444,0.19999999999999998,"{""clf__C"": 10.0}",3.8436380999992252
105,quantum/HS-overlap-SVM,quantum,8,0.4444444444444444,0.4,"{""clf__C"": 0.1}",3.8436380999992252
105,quantum/HS-overlap-SVM,quantum,9,0.4444444444444444,0.65,"{""clf__C"": 0.1}",3.8436380999992252
105,quantum/HS-overlap-SVM,quantum,10,0.5555555555555556,0.6,"{""clf__C"": 0.1}",3.8436380999992252
105,quantum/HS-overlap-SVM,quantum,11,0.3333333333333333,0.24999999999999997,"{""clf__C"": 0.1}",3.8436380999992252
105,quantum/HS-overlap-SVM,quantum,12,0.6666666666666666,0.4,"{""clf__C"": 0.1}",3.8436380999992252
105,quantum/HS-overlap-SVM,quantum,13,0.4444444444444444,0.05,"{""clf__C"": 0.1}",3.8436380999992252
105,quantum/HS-overlap-SVM,quantum,14,0.4444444444444444,0.5499999999999999,"{""clf__C"": 10.0}",3.8436380999992252
105,quantum/Fidelity-SVM,quantum,0,0.4444444444444444,0.4,"{""clf__C"": 10.0}",5.231474700000035
105,quantum/Fidelity-SVM,quantum,1,0.5555555555555556,0.5,"{""clf__C"": 0.1}",5.231474700000035
105,quantum/Fidelity-SVM,quantum,2,0.6666666666666666,0.5499999999999999,"{""clf__C"": 0.1}",5.231474700000035
105,quantum/Fidelity-SVM,quantum,3,0.4444444444444444,0.6000000000000001,"{""clf__C"": 0.1}",5.231474700000035
105,quantum/Fidelity-SVM,quantum,4,0.4444444444444444,0.7,"{""clf__C"": 0.1}",5.231474700000035
105,quantum/Fidelity-SVM,quantum,5,0.5555555555555556,0.8,"{""clf__C"": 0.1}",5.231474700000035
105,quantum/Fidelity-SVM,quantum,6,0.5555555555555556,0.25,"{""clf__C"": 10.0}",5.231474700000035
105,quantum/Fidelity-SVM,quantum,7,0.4444444444444444,0.19999999999999998,"{""clf__C"": 10.0}",5.231474700000035
105,quantum/Fidelity-SVM,quantum,8,0.4444444444444444,0.5499999999999999,"{""clf__C"": 0.1}",5.231474700000035
105,quantum/Fidelity-SVM,quantum,9,0.4444444444444444,0.9,"{""clf__C"": 0.1}",5.231474700000035
105,quantum/Fidelity-SVM,quantum,10,0.6666666666666666,0.39999999999999997,"{""clf__C"": 0.1}",5.231474700000035
105,quantum/Fidelity-SVM,quantum,11,0.4444444444444444,0.19999999999999996,"{""clf__C"": 10.0}",5.231474700000035
105,quantum/Fidelity-SVM,quantum,12,0.6666666666666666,0.5,"{""clf__C"": 0.1}",5.231474700000035
105,quantum/Fidelity-SVM,quantum,13,0.4444444444444444,0.5499999999999999,"{""clf__C"": 0.1}",5.231474700000035
105,quantum/Fidelity-SVM,quantum,14,0.4444444444444444,0.44999999999999996,"{""clf__C"": 10.0}",5.231474700000035
105,quantum/HS-RBF-SVM,quantum,0,0.5555555555555556,0.6,"{""clf__C"": 10.0, ""clf__gamma_mult"": 0.25}",10.551554499999838
105,quantum/HS-RBF-SVM,quantum,1,0.5555555555555556,0.65,"{""clf__C"": 10.0, ""clf__gamma_mult"": 4.0}",10.551554499999838
105,quantum/HS-RBF-SVM,quantum,2,0.6666666666666666,0.6,"{""clf__C"": 1.0, ""clf__gamma_mult"": 1.0}",10.551554499999838
105,quantum/HS-RBF-SVM,quantum,3,0.7777777777777778,0.7,"{""clf__C"": 10.0, ""clf__gamma_mult"": 0.25}",10.551554499999838
105,quantum/HS-RBF-SVM,quantum,4,0.5555555555555556,0.7500000000000001,"{""clf__C"": 1.0, ""clf__gamma_mult"": 1.0}",10.551554499999838
105,quantum/HS-RBF-SVM,quantum,5,0.6666666666666666,0.45,"{""clf__C"": 1.0, ""clf__gamma_mult"": 1.0}",10.551554499999838
105,quantum/HS-RBF-SVM,quantum,6,0.5555555555555556,0.4,"{""clf__C"": 10.0, ""clf__gamma_mult"": 1.0}",10.551554499999838
105,quantum/HS-RBF-SVM,quantum,7,0.3333333333333333,0.25,"{""clf__C"": 1.0, ""clf__gamma_mult"": 1.0}",10.551554499999838
105,quantum/HS-RBF-SVM,quantum,8,0.7777777777777778,0.7,"{""clf__C"": 10.0, ""clf__gamma_mult"": 0.25}",10.551554499999838
105,quantum/HS-RBF-SVM,quantum,9,0.5555555555555556,0.5,"{""clf__C"": 10.0, ""clf__gamma_mult"": 0.25}",10.551554499999838
105,quantum/HS-RBF-SVM,quantum,10,0.5555555555555556,0.45,"{""clf__C"": 1.0, ""clf__gamma_mult"": 1.0}",10.551554499999838
105,quantum/HS-RBF-SVM,quantum,11,0.1111111111111111,0.0,"{""clf__C"": 1.0, ""clf__gamma_mult"": 1.0}",10.551554499999838
105,quantum/HS-RBF-SVM,quantum,12,0.5555555555555556,0.75,"{""clf__C"": 10.0, ""clf__gamma_mult"": 1.0}",10.551554499999838
105,quantum/HS-RBF-SVM,quantum,13,0.6666666666666666,0.5499999999999999,"{""clf__C"": 1.0, ""clf__gamma_mult"": 1.0}",10.551554499999838
105,quantum/HS-RBF-SVM,quantum,14,0.4444444444444444,0.75,"{""clf__C"": 1.0, ""clf__gamma_mult"": 0.25}",10.551554499999838
105,quantum/Bures-RBF-SVM,quantum,0,0.5555555555555556,0.6,"{""clf__C"": 10.0, ""clf__gamma_mult"": 0.25}",13.923736899998403
105,quantum/Bures-RBF-SVM,quantum,1,0.4444444444444444,0.65,"{""clf__C"": 10.0, ""clf__gamma_mult"": 4.0}",13.923736899998403
105,quantum/Bures-RBF-SVM,quantum,2,0.6666666666666666,0.5,"{""clf__C"": 1.0, ""clf__gamma_mult"": 0.25}",13.923736899998403
105,quantum/Bures-RBF-SVM,quantum,3,0.6666666666666666,0.7,"{""clf__C"": 10.0, ""clf__gamma_mult"": 0.25}",13.923736899998403
105,quantum/Bures-RBF-SVM,quantum,4,0.4444444444444444,0.75,"{""clf__C"": 10.0, ""clf__gamma_mult"": 0.25}",13.923736899998403
105,quantum/Bures-RBF-SVM,quantum,5,0.5555555555555556,0.25,"{""clf__C"": 1.0, ""clf__gamma_mult"": 0.25}",13.923736899998403
105,quantum/Bures-RBF-SVM,quantum,6,0.6666666666666666,0.44999999999999996,"{""clf__C"": 10.0, ""clf__gamma_mult"": 1.0}",13.923736899998403
105,quantum/Bures-RBF-SVM,quantum,7,0.3333333333333333,0.24999999999999997,"{""clf__C"": 1.0, ""clf__gamma_mult"": 1.0}",13.923736899998403
105,quantum/Bures-RBF-SVM,quantum,8,0.6666666666666666,0.6,"{""clf__C"": 10.0, ""clf__gamma_mult"": 0.25}",13.923736899998403
105,quantum/Bures-RBF-SVM,quantum,9,0.4444444444444444,0.55,"{""clf__C"": 10.0, ""clf__gamma_mult"": 0.25}",13.923736899998403
105,quantum/Bures-RBF-SVM,quantum,10,0.4444444444444444,0.39999999999999997,"{""clf__C"": 1.0, ""clf__gamma_mult"": 4.0}",13.923736899998403
105,quantum/Bures-RBF-SVM,quantum,11,0.1111111111111111,0.04999999999999999,"{""clf__C"": 1.0, ""clf__gamma_mult"": 1.0}",13.923736899998403
105,quantum/Bures-RBF-SVM,quantum,12,0.5555555555555556,0.75,"{""clf__C"": 10.0, ""clf__gamma_mult"": 1.0}",13.923736899998403
105,quantum/Bures-RBF-SVM,quantum,13,0.6666666666666666,0.55,"{""clf__C"": 1.0, ""clf__gamma_mult"": 1.0}",13.923736899998403
105,quantum/Bures-RBF-SVM,quantum,14,0.5555555555555556,0.8,"{""clf__C"": 10.0, ""clf__gamma_mult"": 0.25}",13.923736899998403
105,quantum/QRE-RBF-SVM,quantum,0,0.5555555555555556,0.5499999999999999,"{""clf__C"": 10.0, ""clf__gamma_mult"": 0.25}",12.516822199999297
105,quantum/QRE-RBF-SVM,quantum,1,0.4444444444444444,0.65,"{""clf__C"": 10.0, ""clf__gamma_mult"": 4.0}",12.516822199999297
105,quantum/QRE-RBF-SVM,quantum,2,0.5555555555555556,0.5499999999999999,"{""clf__C"": 1.0, ""clf__gamma_mult"": 1.0}",12.516822199999297
105,quantum/QRE-RBF-SVM,quantum,3,0.6666666666666666,0.6,"{""clf__C"": 1.0, ""clf__gamma_mult"": 0.25}",12.516822199999297
105,quantum/QRE-RBF-SVM,quantum,4,0.6666666666666666,0.6,"{""clf__C"": 10.0, ""clf__gamma_mult"": 1.0}",12.516822199999297
105,quantum/QRE-RBF-SVM,quantum,5,0.5555555555555556,0.25,"{""clf__C"": 1.0, ""clf__gamma_mult"": 0.25}",12.516822199999297
105,quantum/QRE-RBF-SVM,quantum,6,0.5555555555555556,0.55,"{""clf__C"": 1.0, ""clf__gamma_mult"": 0.25}",12.516822199999297
105,quantum/QRE-RBF-SVM,quantum,7,0.4444444444444444,0.35,"{""clf__C"": 10.0, ""clf__gamma_mult"": 0.25}",12.516822199999297
105,quantum/QRE-RBF-SVM,quantum,8,0.5555555555555556,0.6,"{""clf__C"": 10.0, ""clf__gamma_mult"": 0.25}",12.516822199999297
105,quantum/QRE-RBF-SVM,quantum,9,0.5555555555555556,0.5,"{""clf__C"": 10.0, ""clf__gamma_mult"": 0.25}",12.516822199999297
105,quantum/QRE-RBF-SVM,quantum,10,0.4444444444444444,0.39999999999999997,"{""clf__C"": 1.0, ""clf__gamma_mult"": 4.0}",12.516822199999297
105,quantum/QRE-RBF-SVM,quantum,11,0.1111111111111111,0.0,"{""clf__C"": 1.0, ""clf__gamma_mult"": 1.0}",12.516822199999297
105,quantum/QRE-RBF-SVM,quantum,12,0.5555555555555556,0.7000000000000001,"{""clf__C"": 10.0, ""clf__gamma_mult"": 1.0}",12.516822199999297
105,quantum/QRE-RBF-SVM,quantum,13,0.6666666666666666,0.55,"{""clf__C"": 1.0, ""clf__gamma_mult"": 1.0}",12.516822199999297
105,quantum/QRE-RBF-SVM,quantum,14,0.4444444444444444,0.75,"{""clf__C"": 1.0, ""clf__gamma_mult"": 0.25}",12.516822199999297
105,quantum/HS-overlap-ref-SVM,quantum,0,0.7777777777777778,0.8,"{""clf__C"": 10.0}",4.757995599999049
105,quantum/HS-overlap-ref-SVM,quantum,1,0.5555555555555556,0.6,"{""clf__C"": 10.0}",4.757995599999049
105,quantum/HS-overlap-ref-SVM,quantum,2,0.7777777777777778,0.8,"{""clf__C"": 10.0}",4.757995599999049
105,quantum/HS-overlap-ref-SVM,quantum,3,0.5555555555555556,0.55,"{""clf__C"": 10.0}",4.757995599999049
105,quantum/HS-overlap-ref-SVM,quantum,4,0.7777777777777778,1.0,"{""clf__C"": 10.0}",4.757995599999049
105,quantum/HS-overlap-ref-SVM,quantum,5,0.5555555555555556,0.8,"{""clf__C"": 10.0}",4.757995599999049
105,quantum/HS-overlap-ref-SVM,quantum,6,0.5555555555555556,0.7000000000000001,"{""clf__C"": 10.0}",4.757995599999049
105,quantum/HS-overlap-ref-SVM,quantum,7,0.7777777777777778,0.65,"{""clf__C"": 10.0}",4.757995599999049
105,quantum/HS-overlap-ref-SVM,quantum,8,0.5555555555555556,0.55,"{""clf__C"": 10.0}",4.757995599999049
105,quantum/HS-overlap-ref-SVM,quantum,9,0.6666666666666666,0.85,"{""clf__C"": 10.0}",4.757995599999049
105,quantum/HS-overlap-ref-SVM,quantum,10,0.6666666666666666,0.75,"{""clf__C"": 10.0}",4.757995599999049
105,quantum/HS-overlap-ref-SVM,quantum,11,0.5555555555555556,0.5,"{""clf__C"": 10.0}",4.757995599999049
105,quantum/HS-overlap-ref-SVM,quantum,12,0.6666666666666666,0.6,"{""clf__C"": 10.0}",4.757995599999049
105,quantum/HS-overlap-ref-SVM,quantum,13,0.8888888888888888,0.8500000000000001,"{""clf__C"": 10.0}",4.757995599999049
105,quantum/HS-overlap-ref-SVM,quantum,14,0.7777777777777778,0.9,"{""clf__C"": 10.0}",4.757995599999049
105,quantum/Fidelity-ref-SVM,quantum,0,0.7777777777777778,0.75,"{""clf__C"": 10.0}",6.227907100001175
105,quantum/Fidelity-ref-SVM,quantum,1,0.4444444444444444,0.55,"{""clf__C"": 10.0}",6.227907100001175
105,quantum/Fidelity-ref-SVM,quantum,2,0.8888888888888888,0.8,"{""clf__C"": 10.0}",6.227907100001175
105,quantum/Fidelity-ref-SVM,quantum,3,0.6666666666666666,0.55,"{""clf__C"": 10.0}",6.227907100001175
105,quantum/Fidelity-ref-SVM,quantum,4,0.7777777777777778,1.0,"{""clf__C"": 10.0}",6.227907100001175
105,quantum/Fidelity-ref-SVM,quantum,5,0.6666666666666666,0.8,"{""clf__C"": 10.0}",6.227907100001175
105,quantum/Fidelity-ref-SVM,quantum,6,0.5555555555555556,0.7000000000000001,"{""clf__C"": 10.0}",6.227907100001175
105,quantum/Fidelity-ref-SVM,quantum,7,0.7777777777777778,0.65,"{""clf__C"": 10.0}",6.227907100001175
105,quantum/Fidelity-ref-SVM,quantum,8,0.6666666666666666,0.7,"{""clf__C"": 10.0}",6.227907100001175
105,quantum/Fidelity-ref-SVM,quantum,9,0.6666666666666666,0.85,"{""clf__C"": 10.0}",6.227907100001175
105,quantum/Fidelity-ref-SVM,quantum,10,0.7777777777777778,0.8,"{""clf__C"": 10.0}",6.227907100001175
105,quantum/Fidelity-ref-SVM,quantum,11,0.6666666666666666,0.6,"{""clf__C"": 10.0}",6.227907100001175
105,quantum/Fidelity-ref-SVM,quantum,12,0.6666666666666666,0.55,"{""clf__C"": 10.0}",6.227907100001175
105,quantum/Fidelity-ref-SVM,quantum,13,0.8888888888888888,0.8500000000000001,"{""clf__C"": 10.0}",6.227907100001175
105,quantum/Fidelity-ref-SVM,quantum,14,0.8888888888888888,0.9,"{""clf__C"": 10.0}",6.227907100001175
105,quantum/HS-RBF-ref-SVM,quantum,0,0.7777777777777778,0.8,"{""clf__C"": 1.0, ""clf__gamma_mult"": 1.0}",12.850449899999148
105,quantum/HS-RBF-ref-SVM,quantum,1,0.4444444444444444,0.44999999999999996,"{""clf__C"": 1.0, ""clf__gamma_mult"": 1.0}",12.850449899999148
105,quantum/HS-RBF-ref-SVM,quantum,2,0.7777777777777778,0.65,"{""clf__C"": 10.0, ""clf__gamma_mult"": 4.0}",12.850449899999148
105,quantum/HS-RBF-ref-SVM,quantum,3,0.6666666666666666,0.55,"{""clf__C"": 10.0, ""clf__gamma_mult"": 0.25}",12.850449899999148
105,quantum/HS-RBF-ref-SVM,quantum,4,0.5555555555555556,0.85,"{""clf__C"": 1.0, ""clf__gamma_mult"": 4.0}",12.850449899999148
105,quantum/HS-RBF-ref-SVM,quantum,5,0.8888888888888888,1.0,"{""clf__C"": 1.0, ""clf__gamma_mult"": 1.0}",12.850449899999148
105,quantum/HS-RBF-ref-SVM,quantum,6,0.5555555555555556,0.65,"{""clf__C"": 10.0, ""clf__gamma_mult"": 1.0}",12.850449899999148
105,quantum/HS-RBF-ref-SVM,quantum,7,0.8888888888888888,1.0,"{""clf__C"": 10.0, ""clf__gamma_mult"": 4.0}",12.850449899999148
105,quantum/HS-RBF-ref-SVM,quantum,8,0.6666666666666666,0.6000000000000001,"{""clf__C"": 10.0, ""clf__gamma_mult"": 0.25}",12.850449899999148
105,quantum/HS-RBF-ref-SVM,quantum,9,0.5555555555555556,0.75,"{""clf__C"": 10.0, ""clf__gamma_mult"": 0.25}",12.850449899999148
105,quantum/HS-RBF-ref-SVM,quantum,10,0.6666666666666666,0.7,"{""clf__C"": 1.0, ""clf__gamma_mult"": 4.0}",12.850449899999148
105,quantum/HS-RBF-ref-SVM,quantum,11,0.5555555555555556,0.55,"{""clf__C"": 10.0, ""clf__gamma_mult"": 0.25}",12.850449899999148
105,quantum/HS-RBF-ref-SVM,quantum,12,0.8888888888888888,0.9,"{""clf__C"": 10.0, ""clf__gamma_mult"": 1.0}",12.850449899999148
105,quantum/HS-RBF-ref-SVM,quantum,13,0.4444444444444444,0.9,"{""clf__C"": 1.0, ""clf__gamma_mult"": 0.25}",12.850449899999148
105,quantum/HS-RBF-ref-SVM,quantum,14,0.6666666666666666,1.0,"{""clf__C"": 1.0, ""clf__gamma_mult"": 1.0}",12.850449899999148
105,quantum/Bures-RBF-ref-SVM,quantum,0,0.6666666666666666,0.8,"{""clf__C"": 1.0, ""clf__gamma_mult"": 1.0}",16.769556600000215
105,quantum/Bures-RBF-ref-SVM,quantum,1,0.5555555555555556,0.5,"{""clf__C"": 10.0, ""clf__gamma_mult"": 1.0}",16.769556600000215
105,quantum/Bures-RBF-ref-SVM,quantum,2,0.7777777777777778,0.65,"{""clf__C"": 10.0, ""clf__gamma_mult"": 4.0}",16.769556600000215
105,quantum/Bures-RBF-ref-SVM,quantum,3,0.6666666666666666,0.65,"{""clf__C"": 10.0, ""clf__gamma_mult"": 0.25}",16.769556600000215
105,quantum/Bures-RBF-ref-SVM,quantum,4,0.6666666666666666,1.0,"{""clf__C"": 10.0, ""clf__gamma_mult"": 1.0}",16.769556600000215
105,quantum/Bures-RBF-ref-SVM,quantum,5,0.8888888888888888,0.9,"{""clf__C"": 10.0, ""clf__gamma_mult"": 0.25}",16.769556600000215
105,quantum/Bures-RBF-ref-SVM,quantum,6,0.5555555555555556,0.65,"{""clf__C"": 10.0, ""clf__gamma_mult"": 1.0}",16.769556600000215
105,quantum/Bures-RBF-ref-SVM,quantum,7,0.6666666666666666,0.85,"{""clf__C"": 10.0, ""clf__gamma_mult"": 0.25}",16.769556600000215
105,quantum/Bures-RBF-ref-SVM,quantum,8,0.6666666666666666,0.7,"{""clf__C"": 10.0, ""clf__gamma_mult"": 0.25}",16.769556600000215
105,quantum/Bures-RBF-ref-SVM,quantum,9,0.6666666666666666,0.75,"{""clf__C"": 10.0, ""clf__gamma_mult"": 0.25}",16.769556600000215
105,quantum/Bures-RBF-ref-SVM,quantum,10,0.8888888888888888,0.9,"{""clf__C"": 1.0, ""clf__gamma_mult"": 1.0}",16.769556600000215
105,quantum/Bures-RBF-ref-SVM,quantum,11,0.6666666666666666,0.6,"{""clf__C"": 10.0, ""clf__gamma_mult"": 1.0}",16.769556600000215
105,quantum/Bures-RBF-ref-SVM,quantum,12,0.8888888888888888,1.0,"{""clf__C"": 10.0, ""clf__gamma_mult"": 1.0}",16.769556600000215
105,quantum/Bures-RBF-ref-SVM,quantum,13,0.7777777777777778,0.95,"{""clf__C"": 1.0, ""clf__gamma_mult"": 1.0}",16.769556600000215
105,quantum/Bures-RBF-ref-SVM,quantum,14,0.7777777777777778,0.95,"{""clf__C"": 10.0, ""clf__gamma_mult"": 0.25}",16.769556600000215
105,quantum/QRE-RBF-ref-SVM,quantum,0,0.6666666666666666,0.8,"{""clf__C"": 1.0, ""clf__gamma_mult"": 1.0}",14.694850699999733
105,quantum/QRE-RBF-ref-SVM,quantum,1,0.5555555555555556,0.5,"{""clf__C"": 10.0, ""clf__gamma_mult"": 1.0}",14.694850699999733
105,quantum/QRE-RBF-ref-SVM,quantum,2,0.6666666666666666,0.65,"{""clf__C"": 10.0, ""clf__gamma_mult"": 4.0}",14.694850699999733
105,quantum/QRE-RBF-ref-SVM,quantum,3,0.6666666666666666,0.65,"{""clf__C"": 10.0, ""clf__gamma_mult"": 0.25}",14.694850699999733
105,quantum/QRE-RBF-ref-SVM,quantum,4,0.6666666666666666,1.0,"{""clf__C"": 10.0, ""clf__gamma_mult"": 1.0}",14.694850699999733
105,quantum/QRE-RBF-ref-SVM,quantum,5,0.7777777777777778,0.9,"{""clf__C"": 10.0, ""clf__gamma_mult"": 0.25}",14.694850699999733
105,quantum/QRE-RBF-ref-SVM,quantum,6,0.5555555555555556,0.65,"{""clf__C"": 10.0, ""clf__gamma_mult"": 1.0}",14.694850699999733
105,quantum/QRE-RBF-ref-SVM,quantum,7,1.0,1.0,"{""clf__C"": 10.0, ""clf__gamma_mult"": 4.0}",14.694850699999733
105,quantum/QRE-RBF-ref-SVM,quantum,8,0.6666666666666666,0.75,"{""clf__C"": 10.0, ""clf__gamma_mult"": 1.0}",14.694850699999733
105,quantum/QRE-RBF-ref-SVM,quantum,9,0.5555555555555556,0.6,"{""clf__C"": 1.0, ""clf__gamma_mult"": 1.0}",14.694850699999733
105,quantum/QRE-RBF-ref-SVM,quantum,10,0.8888888888888888,0.9500000000000001,"{""clf__C"": 1.0, ""clf__gamma_mult"": 1.0}",14.694850699999733
105,quantum/QRE-RBF-ref-SVM,quantum,11,0.6666666666666666,0.6,"{""clf__C"": 10.0, ""clf__gamma_mult"": 1.0}",14.694850699999733
105,quantum/QRE-RBF-ref-SVM,quantum,12,0.8888888888888888,1.0,"{""clf__C"": 10.0, ""clf__gamma_mult"": 1.0}",14.694850699999733
105,quantum/QRE-RBF-ref-SVM,quantum,13,0.7777777777777778,0.95,"{""clf__C"": 1.0, ""clf__gamma_mult"": 1.0}",14.694850699999733
105,quantum/QRE-RBF-ref-SVM,quantum,14,0.7777777777777778,0.95,"{""clf__C"": 10.0, ""clf__gamma_mult"": 0.25}",14.694850699999733
105,quantum/IQP-kernel-SVM,quantum,0,0.5555555555555556,0.6,"{""clf__C"": 1.0, ""clf__scale"": 0.5}",21.86755600000106
105,quantum/IQP-kernel-SVM,quantum,1,0.5555555555555556,0.6,"{""clf__C"": 10.0, ""clf__scale"": 0.5}",21.86755600000106
105,quantum/IQP-kernel-SVM,quantum,2,0.5555555555555556,0.6499999999999999,"{""clf__C"": 1.0, ""clf__scale"": 0.5}",21.86755600000106
105,quantum/IQP-kernel-SVM,quantum,3,0.6666666666666666,0.7,"{""clf__C"": 1.0, ""clf__scale"": 1.0}",21.86755600000106
105,quantum/IQP-kernel-SVM,quantum,4,0.3333333333333333,0.25,"{""clf__C"": 10.0, ""clf__scale"": 2.0}",21.86755600000106
105,quantum/IQP-kernel-SVM,quantum,5,0.4444444444444444,0.5,"{""clf__C"": 1.0, ""clf__scale"": 1.0}",21.86755600000106
105,quantum/IQP-kernel-SVM,quantum,6,0.5555555555555556,0.7000000000000001,"{""clf__C"": 10.0, ""clf__scale"": 0.5}",21.86755600000106
105,quantum/IQP-kernel-SVM,quantum,7,0.3333333333333333,0.35,"{""clf__C"": 10.0, ""clf__scale"": 2.0}",21.86755600000106
105,quantum/IQP-kernel-SVM,quantum,8,0.7777777777777778,0.8500000000000001,"{""clf__C"": 1.0, ""clf__scale"": 0.5}",21.86755600000106
105,quantum/IQP-kernel-SVM,quantum,9,0.6666666666666666,0.65,"{""clf__C"": 1.0, ""clf__scale"": 2.0}",21.86755600000106
105,quantum/IQP-kernel-SVM,quantum,10,0.5555555555555556,0.75,"{""clf__C"": 1.0, ""clf__scale"": 0.5}",21.86755600000106
105,quantum/IQP-kernel-SVM,quantum,11,0.6666666666666666,0.55,"{""clf__C"": 1.0, ""clf__scale"": 1.0}",21.86755600000106
105,quantum/IQP-kernel-SVM,quantum,12,0.5555555555555556,0.39999999999999997,"{""clf__C"": 1.0, ""clf__scale"": 0.5}",21.86755600000106
105,quantum/IQP-kernel-SVM,quantum,13,0.4444444444444444,0.15,"{""clf__C"": 1.0, ""clf__scale"": 1.0}",21.86755600000106
105,quantum/IQP-kernel-SVM,quantum,14,0.6666666666666666,0.75,"{""clf__C"": 1.0, ""clf__scale"": 0.5}",21.86755600000106
105,quantum/CNOT-kernel-SVM,quantum,0,0.6666666666666666,0.65,"{""clf__C"": 10.0, ""clf__scale"": 0.5}",18.547209699998348
105,quantum/CNOT-kernel-SVM,quantum,1,0.4444444444444444,0.5,"{""clf__C"": 1.0, ""clf__scale"": 1.0}",18.547209699998348
105,quantum/CNOT-kernel-SVM,quantum,2,0.7777777777777778,0.6499999999999999,"{""clf__C"": 10.0, ""clf__scale"": 0.5}",18.547209699998348
105,quantum/CNOT-kernel-SVM,quantum,3,0.6666666666666666,0.7500000000000001,"{""clf__C"": 1.0, ""clf__scale"": 0.5}",18.547209699998348
105,quantum/CNOT-kernel-SVM,quantum,4,0.8888888888888888,1.0,"{""clf__C"": 1.0, ""clf__scale"": 0.5}",18.547209699998348
105,quantum/CNOT-kernel-SVM,quantum,5,0.4444444444444444,0.55,"{""clf__C"": 10.0, ""clf__scale"": 1.0}",18.547209699998348
105,quantum/CNOT-kernel-SVM,quantum,6,0.5555555555555556,0.85,"{""clf__C"": 1.0, ""clf__scale"": 1.0}",18.547209699998348
105,quantum/CNOT-kernel-SVM,quantum,7,0.6666666666666666,0.6,"{""clf__C"": 10.0, ""clf__scale"": 0.5}",18.547209699998348
105,quantum/CNOT-kernel-SVM,quantum,8,0.7777777777777778,0.85,"{""clf__C"": 10.0, ""clf__scale"": 0.5}",18.547209699998348
105,quantum/CNOT-kernel-SVM,quantum,9,0.5555555555555556,0.55,"{""clf__C"": 10.0, ""clf__scale"": 0.5}",18.547209699998348
105,quantum/CNOT-kernel-SVM,quantum,10,0.6666666666666666,0.7,"{""clf__C"": 1.0, ""clf__scale"": 0.5}",18.547209699998348
105,quantum/CNOT-kernel-SVM,quantum,11,0.7777777777777778,0.75,"{""clf__C"": 10.0, ""clf__scale"": 2.0}",18.547209699998348
105,quantum/CNOT-kernel-SVM,quantum,12,0.3333333333333333,0.25,"{""clf__C"": 10.0, ""clf__scale"": 1.0}",18.547209699998348
105,quantum/CNOT-kernel-SVM,quantum,13,0.7777777777777778,0.7000000000000001,"{""clf__C"": 10.0, ""clf__scale"": 0.5}",18.547209699998348
105,quantum/CNOT-kernel-SVM,quantum,14,0.6666666666666666,0.9,"{""clf__C"": 1.0, ""clf__scale"": 0.5}",18.547209699998348
105,control/IQP-no-entangle,control,0,0.6666666666666666,0.65,"{""clf__C"": 10.0, ""clf__scale"": 0.5}",16.968828400000348
105,control/IQP-no-entangle,control,1,0.4444444444444444,0.65,"{""clf__C"": 10.0, ""clf__scale"": 0.5}",16.968828400000348
105,control/IQP-no-entangle,control,2,0.7777777777777778,0.6499999999999999,"{""clf__C"": 10.0, ""clf__scale"": 0.5}",16.968828400000348
105,control/IQP-no-entangle,control,3,0.6666666666666666,0.7500000000000001,"{""clf__C"": 1.0, ""clf__scale"": 0.5}",16.968828400000348
105,control/IQP-no-entangle,control,4,0.7777777777777778,0.9,"{""clf__C"": 1.0, ""clf__scale"": 1.0}",16.968828400000348
105,control/IQP-no-entangle,control,5,0.6666666666666666,0.75,"{""clf__C"": 10.0, ""clf__scale"": 0.5}",16.968828400000348
105,control/IQP-no-entangle,control,6,0.5555555555555556,0.7,"{""clf__C"": 10.0, ""clf__scale"": 0.5}",16.968828400000348
105,control/IQP-no-entangle,control,7,0.5555555555555556,0.6,"{""clf__C"": 1.0, ""clf__scale"": 2.0}",16.968828400000348
105,control/IQP-no-entangle,control,8,0.6666666666666666,0.85,"{""clf__C"": 10.0, ""clf__scale"": 0.5}",16.968828400000348
105,control/IQP-no-entangle,control,9,0.4444444444444444,0.55,"{""clf__C"": 10.0, ""clf__scale"": 0.5}",16.968828400000348
105,control/IQP-no-entangle,control,10,0.5555555555555556,0.45,"{""clf__C"": 1.0, ""clf__scale"": 1.0}",16.968828400000348
105,control/IQP-no-entangle,control,11,0.5555555555555556,0.45,"{""clf__C"": 1.0, ""clf__scale"": 0.5}",16.968828400000348
105,control/IQP-no-entangle,control,12,0.5555555555555556,0.25,"{""clf__C"": 1.0, ""clf__scale"": 1.0}",16.968828400000348
105,control/IQP-no-entangle,control,13,0.4444444444444444,0.4,"{""clf__C"": 1.0, ""clf__scale"": 1.0}",16.968828400000348
105,control/IQP-no-entangle,control,14,0.6666666666666666,0.85,"{""clf__C"": 1.0, ""clf__scale"": 0.5}",16.968828400000348
105,control/PCA-matched-RBF,control,0,0.6666666666666666,0.9,"{""clf__C"": 1.0, ""clf__gamma"": ""scale""}",13.41814929999964
105,control/PCA-matched-RBF,control,1,0.4444444444444444,0.65,"{""clf__C"": 10.0, ""clf__gamma"": 0.1}",13.41814929999964
105,control/PCA-matched-RBF,control,2,0.7777777777777778,0.6499999999999999,"{""clf__C"": 10.0, ""clf__gamma"": 0.1}",13.41814929999964
105,control/PCA-matched-RBF,control,3,0.7777777777777778,0.75,"{""clf__C"": 10.0, ""clf__gamma"": ""scale""}",13.41814929999964
105,control/PCA-matched-RBF,control,4,0.4444444444444444,0.9,"{""clf__C"": 0.1, ""clf__gamma"": ""scale""}",13.41814929999964
105,control/PCA-matched-RBF,control,5,0.7777777777777778,0.9,"{""clf__C"": 1.0, ""clf__gamma"": 0.1}",13.41814929999964
105,control/PCA-matched-RBF,control,6,0.5555555555555556,0.35,"{""clf__C"": 10.0, ""clf__gamma"": 0.01}",13.41814929999964
105,control/PCA-matched-RBF,control,7,0.6666666666666666,0.6,"{""clf__C"": 10.0, ""clf__gamma"": 0.1}",13.41814929999964
105,control/PCA-matched-RBF,control,8,0.7777777777777778,0.85,"{""clf__C"": 1.0, ""clf__gamma"": ""scale""}",13.41814929999964
105,control/PCA-matched-RBF,control,9,0.5555555555555556,0.55,"{""clf__C"": 1.0, ""clf__gamma"": ""scale""}",13.41814929999964
105,control/PCA-matched-RBF,control,10,0.5555555555555556,0.35,"{""clf__C"": 10.0, ""clf__gamma"": ""scale""}",13.41814929999964
105,control/PCA-matched-RBF,control,11,0.5555555555555556,0.6000000000000001,"{""clf__C"": 1.0, ""clf__gamma"": ""scale""}",13.41814929999964
105,control/PCA-matched-RBF,control,12,0.4444444444444444,0.39999999999999997,"{""clf__C"": 10.0, ""clf__gamma"": 0.01}",13.41814929999964
105,control/PCA-matched-RBF,control,13,0.5555555555555556,0.65,"{""clf__C"": 1.0, ""clf__gamma"": ""scale""}",13.41814929999964
105,control/PCA-matched-RBF,control,14,0.6666666666666666,0.8,"{""clf__C"": 10.0, ""clf__gamma"": 0.01}",13.41814929999964
105,control/PCA-matched-linear,control,0,0.5555555555555556,0.5,"{""clf__C"": 0.1}",4.775072399999772
105,control/PCA-matched-linear,control,1,0.3333333333333333,0.45,"{""clf__C"": 1.0}",4.775072399999772
105,control/PCA-matched-linear,control,2,0.6666666666666666,0.65,"{""clf__C"": 0.1}",4.775072399999772
105,control/PCA-matched-linear,control,3,0.6666666666666666,0.6499999999999999,"{""clf__C"": 0.1}",4.775072399999772
105,control/PCA-matched-linear,control,4,0.8888888888888888,1.0,"{""clf__C"": 10.0}",4.775072399999772
105,control/PCA-matched-linear,control,5,0.6666666666666666,0.8,"{""clf__C"": 10.0}",4.775072399999772
105,control/PCA-matched-linear,control,6,0.5555555555555556,0.3,"{""clf__C"": 0.1}",4.775072399999772
105,control/PCA-matched-linear,control,7,0.3333333333333333,0.39999999999999997,"{""clf__C"": 10.0}",4.775072399999772
105,control/PCA-matched-linear,control,8,0.6666666666666666,0.8,"{""clf__C"": 1.0}",4.775072399999772
105,control/PCA-matched-linear,control,9,0.4444444444444444,0.55,"{""clf__C"": 0.1}",4.775072399999772
105,control/PCA-matched-linear,control,10,0.6666666666666666,0.8,"{""clf__C"": 1.0}",4.775072399999772
105,control/PCA-matched-linear,control,11,0.2222222222222222,0.4,"{""clf__C"": 0.1}",4.775072399999772
105,control/PCA-matched-linear,control,12,0.4444444444444444,0.35,"{""clf__C"": 0.1}",4.775072399999772
105,control/PCA-matched-linear,control,13,0.3333333333333333,0.45000000000000007,"{""clf__C"": 0.1}",4.775072399999772
105,control/PCA-matched-linear,control,14,0.6666666666666666,0.75,"{""clf__C"": 1.0}",4.775072399999772
105,control/logeuclid-TS+LR,control,0,0.5555555555555556,0.5,"{""clf__C"": 10.0}",4.359340599999996
105,control/logeuclid-TS+LR,control,1,0.6666666666666666,0.8,"{""clf__C"": 10.0}",4.359340599999996
105,control/logeuclid-TS+LR,control,2,0.5555555555555556,0.55,"{""clf__C"": 1.0}",4.359340599999996
105,control/logeuclid-TS+LR,control,3,0.4444444444444444,0.6,"{""clf__C"": 10.0}",4.359340599999996
105,control/logeuclid-TS+LR,control,4,0.6666666666666666,0.85,"{""clf__C"": 10.0}",4.359340599999996
105,control/logeuclid-TS+LR,control,5,0.8888888888888888,0.9500000000000001,"{""clf__C"": 10.0}",4.359340599999996
105,control/logeuclid-TS+LR,control,6,0.4444444444444444,0.2,"{""clf__C"": 0.1}",4.359340599999996
105,control/logeuclid-TS+LR,control,7,0.6666666666666666,0.6,"{""clf__C"": 10.0}",4.359340599999996
105,control/logeuclid-TS+LR,control,8,0.4444444444444444,0.55,"{""clf__C"": 10.0}",4.359340599999996
105,control/logeuclid-TS+LR,control,9,0.6666666666666666,0.9,"{""clf__C"": 10.0}",4.359340599999996
105,control/logeuclid-TS+LR,control,10,0.6666666666666666,0.65,"{""clf__C"": 1.0}",4.359340599999996
105,control/logeuclid-TS+LR,control,11,0.5555555555555556,0.5,"{""clf__C"": 10.0}",4.359340599999996
105,control/logeuclid-TS+LR,control,12,0.4444444444444444,0.39999999999999997,"{""clf__C"": 1.0}",4.359340599999996
105,control/logeuclid-TS+LR,control,13,0.7777777777777778,0.7500000000000001,"{""clf__C"": 10.0}",4.359340599999996
105,control/logeuclid-TS+LR,control,14,0.7777777777777778,0.8,"{""clf__C"": 10.0}",4.359340599999996
105,control/riemann-kernel-SVM,control,0,0.6666666666666666,0.75,"{""clf__C"": 1.0}",4.419533700000102
105,control/riemann-kernel-SVM,control,1,0.5555555555555556,0.55,"{""clf__C"": 10.0}",4.419533700000102
105,control/riemann-kernel-SVM,control,2,0.6666666666666666,0.75,"{""clf__C"": 1.0}",4.419533700000102
105,control/riemann-kernel-SVM,control,3,0.6666666666666666,0.55,"{""clf__C"": 10.0}",4.419533700000102
105,control/riemann-kernel-SVM,control,4,1.0,1.0,"{""clf__C"": 1.0}",4.419533700000102
105,control/riemann-kernel-SVM,control,5,0.7777777777777778,0.85,"{""clf__C"": 1.0}",4.419533700000102
105,control/riemann-kernel-SVM,control,6,0.5555555555555556,0.75,"{""clf__C"": 1.0}",4.419533700000102
105,control/riemann-kernel-SVM,control,7,0.7777777777777778,0.7,"{""clf__C"": 1.0}",4.419533700000102
105,control/riemann-kernel-SVM,control,8,0.7777777777777778,0.6500000000000001,"{""clf__C"": 10.0}",4.419533700000102
105,control/riemann-kernel-SVM,control,9,0.7777777777777778,0.95,"{""clf__C"": 1.0}",4.419533700000102
105,control/riemann-kernel-SVM,control,10,0.7777777777777778,0.8500000000000001,"{""clf__C"": 1.0}",4.419533700000102
105,control/riemann-kernel-SVM,control,11,0.6666666666666666,0.6000000000000001,"{""clf__C"": 10.0}",4.419533700000102
105,control/riemann-kernel-SVM,control,12,0.6666666666666666,0.85,"{""clf__C"": 1.0}",4.419533700000102
105,control/riemann-kernel-SVM,control,13,0.7777777777777778,0.95,"{""clf__C"": 1.0}",4.419533700000102
105,control/riemann-kernel-SVM,control,14,0.7777777777777778,0.95,"{""clf__C"": 1.0}",4.419533700000102
105,control/logeuclid-kernel-SVM,control,0,0.7777777777777778,0.8,"{""clf__C"": 1.0}",4.4095674000000145
105,control/logeuclid-kernel-SVM,control,1,0.5555555555555556,0.55,"{""clf__C"": 10.0}",4.4095674000000145
105,control/logeuclid-kernel-SVM,control,2,0.6666666666666666,0.8,"{""clf__C"": 1.0}",4.4095674000000145
105,control/logeuclid-kernel-SVM,control,3,0.6666666666666666,0.65,"{""clf__C"": 10.0}",4.4095674000000145
105,control/logeuclid-kernel-SVM,control,4,1.0,1.0,"{""clf__C"": 1.0}",4.4095674000000145
105,control/logeuclid-kernel-SVM,control,5,0.7777777777777778,1.0,"{""clf__C"": 1.0}",4.4095674000000145
105,control/logeuclid-kernel-SVM,control,6,0.5555555555555556,0.75,"{""clf__C"": 1.0}",4.4095674000000145
105,control/logeuclid-kernel-SVM,control,7,0.7777777777777778,0.8,"{""clf__C"": 1.0}",4.4095674000000145
105,control/logeuclid-kernel-SVM,control,8,0.7777777777777778,0.6000000000000001,"{""clf__C"": 10.0}",4.4095674000000145
105,control/logeuclid-kernel-SVM,control,9,0.7777777777777778,1.0,"{""clf__C"": 1.0}",4.4095674000000145
105,control/logeuclid-kernel-SVM,control,10,0.7777777777777778,0.85,"{""clf__C"": 1.0}",4.4095674000000145
105,control/logeuclid-kernel-SVM,control,11,0.6666666666666666,0.5,"{""clf__C"": 1.0}",4.4095674000000145
105,control/logeuclid-kernel-SVM,control,12,0.7777777777777778,0.85,"{""clf__C"": 1.0}",4.4095674000000145
105,control/logeuclid-kernel-SVM,control,13,1.0,1.0,"{""clf__C"": 1.0}",4.4095674000000145
105,control/logeuclid-kernel-SVM,control,14,0.7777777777777778,0.9,"{""clf__C"": 1.0}",4.4095674000000145
106,classical/logvar+LDA,classical,0,0.8888888888888888,0.85,{},0.08530229999996664
106,classical/logvar+LDA,classical,1,0.4444444444444444,0.5,{},0.08530229999996664
106,classical/logvar+LDA,classical,2,0.5555555555555556,0.75,{},0.08530229999996664
106,classical/logvar+LDA,classical,3,0.5555555555555556,0.65,{},0.08530229999996664
106,classical/logvar+LDA,classical,4,0.3333333333333333,0.30000000000000004,{},0.08530229999996664
106,classical/logvar+LDA,classical,5,0.6666666666666666,0.65,{},0.08530229999996664
106,classical/logvar+LDA,classical,6,0.6666666666666666,0.75,{},0.08530229999996664
106,classical/logvar+LDA,classical,7,0.5555555555555556,0.6,{},0.08530229999996664
106,classical/logvar+LDA,classical,8,0.5555555555555556,0.5499999999999999,{},0.08530229999996664
106,classical/logvar+LDA,classical,9,0.3333333333333333,0.4,{},0.08530229999996664
106,classical/logvar+LDA,classical,10,0.5555555555555556,0.45,{},0.08530229999996664
106,classical/logvar+LDA,classical,11,0.7777777777777778,0.8,{},0.08530229999996664
106,classical/logvar+LDA,classical,12,0.5555555555555556,0.65,{},0.08530229999996664
106,classical/logvar+LDA,classical,13,0.5555555555555556,0.65,{},0.08530229999996664
106,classical/logvar+LDA,classical,14,0.7777777777777778,0.75,{},0.08530229999996664
106,classical/CSP+LDA,classical,0,0.5555555555555556,0.6,"{""csp__nfilter"": 2}",3.809166200000618
106,classical/CSP+LDA,classical,1,0.4444444444444444,0.7,"{""csp__nfilter"": 4}",3.809166200000618
106,classical/CSP+LDA,classical,2,0.6666666666666666,0.75,"{""csp__nfilter"": 6}",3.809166200000618
106,classical/CSP+LDA,classical,3,0.4444444444444444,0.4,"{""csp__nfilter"": 2}",3.809166200000618
106,classical/CSP+LDA,classical,4,0.2222222222222222,0.35,"{""csp__nfilter"": 2}",3.809166200000618
106,classical/CSP+LDA,classical,5,0.4444444444444444,0.24999999999999997,"{""csp__nfilter"": 6}",3.809166200000618
106,classical/CSP+LDA,classical,6,0.6666666666666666,0.65,"{""csp__nfilter"": 2}",3.809166200000618
106,classical/CSP+LDA,classical,7,0.4444444444444444,0.5,"{""csp__nfilter"": 2}",3.809166200000618
106,classical/CSP+LDA,classical,8,0.6666666666666666,0.9500000000000001,"{""csp__nfilter"": 4}",3.809166200000618
106,classical/CSP+LDA,classical,9,0.5555555555555556,0.5,"{""csp__nfilter"": 2}",3.809166200000618
106,classical/CSP+LDA,classical,10,0.6666666666666666,0.85,"{""csp__nfilter"": 6}",3.809166200000618
106,classical/CSP+LDA,classical,11,0.4444444444444444,0.55,"{""csp__nfilter"": 2}",3.809166200000618
106,classical/CSP+LDA,classical,12,0.5555555555555556,0.6,"{""csp__nfilter"": 6}",3.809166200000618
106,classical/CSP+LDA,classical,13,0.7777777777777778,0.9,"{""csp__nfilter"": 2}",3.809166200000618
106,classical/CSP+LDA,classical,14,0.5555555555555556,0.6,"{""csp__nfilter"": 4}",3.809166200000618
106,classical/MDM,classical,0,0.7777777777777778,0.75,{},0.473208399998839
106,classical/MDM,classical,1,0.5555555555555556,0.6,{},0.473208399998839
106,classical/MDM,classical,2,0.5555555555555556,0.65,{},0.473208399998839
106,classical/MDM,classical,3,0.4444444444444444,0.44999999999999996,{},0.473208399998839
106,classical/MDM,classical,4,0.3333333333333333,0.35,{},0.473208399998839
106,classical/MDM,classical,5,0.6666666666666666,0.65,{},0.473208399998839
106,classical/MDM,classical,6,0.6666666666666666,0.6,{},0.473208399998839
106,classical/MDM,classical,7,0.7777777777777778,0.85,{},0.473208399998839
106,classical/MDM,classical,8,0.4444444444444444,0.45,{},0.473208399998839
106,classical/MDM,classical,9,0.4444444444444444,0.45,{},0.473208399998839
106,classical/MDM,classical,10,0.5555555555555556,0.6,{},0.473208399998839
106,classical/MDM,classical,11,0.5555555555555556,0.55,{},0.473208399998839
106,classical/MDM,classical,12,0.4444444444444444,0.39999999999999997,{},0.473208399998839
106,classical/MDM,classical,13,0.5555555555555556,0.65,{},0.473208399998839
106,classical/MDM,classical,14,0.6666666666666666,0.8,{},0.473208399998839
106,classical/TS+LR,classical,0,0.5555555555555556,0.5,"{""clf__C"": 0.1}",4.93353229999957
106,classical/TS+LR,classical,1,0.3333333333333333,0.45,"{""clf__C"": 1.0}",4.93353229999957
106,classical/TS+LR,classical,2,0.3333333333333333,0.45,"{""clf__C"": 10.0}",4.93353229999957
106,classical/TS+LR,classical,3,0.6666666666666666,0.5499999999999999,"{""clf__C"": 1.0}",4.93353229999957
106,classical/TS+LR,classical,4,0.4444444444444444,0.75,"{""clf__C"": 1.0}",4.93353229999957
106,classical/TS+LR,classical,5,0.4444444444444444,0.39999999999999997,"{""clf__C"": 10.0}",4.93353229999957
106,classical/TS+LR,classical,6,0.4444444444444444,0.5,"{""clf__C"": 0.1}",4.93353229999957
106,classical/TS+LR,classical,7,0.7777777777777778,0.75,"{""clf__C"": 1.0}",4.93353229999957
106,classical/TS+LR,classical,8,0.1111111111111111,0.19999999999999996,"{""clf__C"": 10.0}",4.93353229999957
106,classical/TS+LR,classical,9,0.1111111111111111,0.2,"{""clf__C"": 0.1}",4.93353229999957
106,classical/TS+LR,classical,10,0.3333333333333333,0.45,"{""clf__C"": 1.0}",4.93353229999957
106,classical/TS+LR,classical,11,0.6666666666666666,0.65,"{""clf__C"": 10.0}",4.93353229999957
106,classical/TS+LR,classical,12,0.5555555555555556,0.75,"{""clf__C"": 10.0}",4.93353229999957
106,classical/TS+LR,classical,13,0.4444444444444444,0.39999999999999997,"{""clf__C"": 0.1}",4.93353229999957
106,classical/TS+LR,classical,14,0.5555555555555556,0.6,"{""clf__C"": 1.0}",4.93353229999957
106,classical/TS+RBF-SVM,classical,0,0.4444444444444444,0.35,"{""clf__C"": 1.0, ""clf__gamma"": 0.1}",12.70695969999906
106,classical/TS+RBF-SVM,classical,1,0.3333333333333333,0.39999999999999997,"{""clf__C"": 10.0, ""clf__gamma"": 0.01}",12.70695969999906
106,classical/TS+RBF-SVM,classical,2,0.3333333333333333,0.39999999999999997,"{""clf__C"": 10.0, ""clf__gamma"": ""scale""}",12.70695969999906
106,classical/TS+RBF-SVM,classical,3,0.5555555555555556,0.3,"{""clf__C"": 1.0, ""clf__gamma"": 0.01}",12.70695969999906
106,classical/TS+RBF-SVM,classical,4,0.3333333333333333,0.55,"{""clf__C"": 1.0, ""clf__gamma"": ""scale""}",12.70695969999906
106,classical/TS+RBF-SVM,classical,5,0.4444444444444444,0.55,"{""clf__C"": 1.0, ""clf__gamma"": ""scale""}",12.70695969999906
106,classical/TS+RBF-SVM,classical,6,0.4444444444444444,0.6,"{""clf__C"": 10.0, ""clf__gamma"": ""scale""}",12.70695969999906
106,classical/TS+RBF-SVM,classical,7,0.5555555555555556,0.7,"{""clf__C"": 0.1, ""clf__gamma"": ""scale""}",12.70695969999906
106,classical/TS+RBF-SVM,classical,8,0.4444444444444444,0.3,"{""clf__C"": 1.0, ""clf__gamma"": ""scale""}",12.70695969999906
106,classical/TS+RBF-SVM,classical,9,0.4444444444444444,0.2,"{""clf__C"": 0.1, ""clf__gamma"": ""scale""}",12.70695969999906
106,classical/TS+RBF-SVM,classical,10,0.5555555555555556,0.5,"{""clf__C"": 0.1, ""clf__gamma"": ""scale""}",12.70695969999906
106,classical/TS+RBF-SVM,classical,11,0.4444444444444444,0.35,"{""clf__C"": 1.0, ""clf__gamma"": ""scale""}",12.70695969999906
106,classical/TS+RBF-SVM,classical,12,0.4444444444444444,0.44999999999999996,"{""clf__C"": 1.0, ""clf__gamma"": 0.01}",12.70695969999906
106,classical/TS+RBF-SVM,classical,13,0.5555555555555556,0.6,"{""clf__C"": 0.1, ""clf__gamma"": ""scale""}",12.70695969999906
106,classical/TS+RBF-SVM,classical,14,0.4444444444444444,0.65,"{""clf__C"": 0.1, ""clf__gamma"": ""scale""}",12.70695969999906
106,quantum/HS-overlap-SVM,quantum,0,0.5555555555555556,0.45,"{""clf__C"": 10.0}",3.781313199999204
106,quantum/HS-overlap-SVM,quantum,1,0.5555555555555556,0.55,"{""clf__C"": 0.1}",3.781313199999204
106,quantum/HS-overlap-SVM,quantum,2,0.5555555555555556,0.65,"{""clf__C"": 0.1}",3.781313199999204
106,quantum/HS-overlap-SVM,quantum,3,0.4444444444444444,0.39999999999999997,"{""clf__C"": 10.0}",3.781313199999204
106,quantum/HS-overlap-SVM,quantum,4,0.2222222222222222,0.35,"{""clf__C"": 10.0}",3.781313199999204
106,quantum/HS-overlap-SVM,quantum,5,0.5555555555555556,0.7,"{""clf__C"": 0.1}",3.781313199999204
106,quantum/HS-overlap-SVM,quantum,6,0.5555555555555556,0.44999999999999996,"{""clf__C"": 10.0}",3.781313199999204
106,quantum/HS-overlap-SVM,quantum,7,0.5555555555555556,0.7,"{""clf__C"": 0.1}",3.781313199999204
106,quantum/HS-overlap-SVM,quantum,8,0.3333333333333333,0.35,"{""clf__C"": 10.0}",3.781313199999204
106,quantum/HS-overlap-SVM,quantum,9,0.4444444444444444,0.6,"{""clf__C"": 0.1}",3.781313199999204
106,quantum/HS-overlap-SVM,quantum,10,0.4444444444444444,0.5,"{""clf__C"": 10.0}",3.781313199999204
106,quantum/HS-overlap-SVM,quantum,11,0.5555555555555556,0.7,"{""clf__C"": 10.0}",3.781313199999204
106,quantum/HS-overlap-SVM,quantum,12,0.4444444444444444,0.39999999999999997,"{""clf__C"": 10.0}",3.781313199999204
106,quantum/HS-overlap-SVM,quantum,13,0.5555555555555556,0.85,"{""clf__C"": 0.1}",3.781313199999204
106,quantum/HS-overlap-SVM,quantum,14,0.4444444444444444,0.7,"{""clf__C"": 0.1}",3.781313199999204
106,quantum/Fidelity-SVM,quantum,0,0.6666666666666666,0.55,"{""clf__C"": 10.0}",5.349361299999146
106,quantum/Fidelity-SVM,quantum,1,0.6666666666666666,0.75,"{""clf__C"": 10.0}",5.349361299999146
106,quantum/Fidelity-SVM,quantum,2,0.5555555555555556,0.7,"{""clf__C"": 0.1}",5.349361299999146
106,quantum/Fidelity-SVM,quantum,3,0.5555555555555556,0.2,"{""clf__C"": 10.0}",5.349361299999146
106,quantum/Fidelity-SVM,quantum,4,0.2222222222222222,0.30000000000000004,"{""clf__C"": 10.0}",5.349361299999146
106,quantum/Fidelity-SVM,quantum,5,0.5555555555555556,0.75,"{""clf__C"": 10.0}",5.349361299999146
106,quantum/Fidelity-SVM,quantum,6,0.6666666666666666,0.5499999999999999,"{""clf__C"": 10.0}",5.349361299999146
106,quantum/Fidelity-SVM,quantum,7,0.5555555555555556,0.5499999999999999,"{""clf__C"": 0.1}",5.349361299999146
106,quantum/Fidelity-SVM,quantum,8,0.3333333333333333,0.44999999999999996,"{""clf__C"": 10.0}",5.349361299999146
106,quantum/Fidelity-SVM,quantum,9,0.4444444444444444,0.5,"{""clf__C"": 0.1}",5.349361299999146
106,quantum/Fidelity-SVM,quantum,10,0.4444444444444444,0.5499999999999999,"{""clf__C"": 10.0}",5.349361299999146
106,quantum/Fidelity-SVM,quantum,11,0.4444444444444444,0.55,"{""clf__C"": 10.0}",5.349361299999146
106,quantum/Fidelity-SVM,quantum,12,0.4444444444444444,0.39999999999999997,"{""clf__C"": 10.0}",5.349361299999146
106,quantum/Fidelity-SVM,quantum,13,0.5555555555555556,0.65,"{""clf__C"": 0.1}",5.349361299999146
106,quantum/Fidelity-SVM,quantum,14,0.4444444444444444,0.9,"{""clf__C"": 0.1}",5.349361299999146
106,quantum/HS-RBF-SVM,quantum,0,0.3333333333333333,0.39999999999999997,"{""clf__C"": 10.0, ""clf__gamma_mult"": 4.0}",10.614171299999725
106,quantum/HS-RBF-SVM,quantum,1,0.5555555555555556,0.5499999999999999,"{""clf__C"": 0.1, ""clf__gamma_mult"": 0.25}",10.614171299999725
106,quantum/HS-RBF-SVM,quantum,2,0.5555555555555556,0.39999999999999997,"{""clf__C"": 10.0, ""clf__gamma_mult"": 1.0}",10.614171299999725
106,quantum/HS-RBF-SVM,quantum,3,0.5555555555555556,0.49999999999999994,"{""clf__C"": 0.1, ""clf__gamma_mult"": 0.25}",10.614171299999725
106,quantum/HS-RBF-SVM,quantum,4,0.2222222222222222,0.30000000000000004,"{""clf__C"": 10.0, ""clf__gamma_mult"": 0.25}",10.614171299999725
106,quantum/HS-RBF-SVM,quantum,5,0.5555555555555556,0.7000000000000001,"{""clf__C"": 0.1, ""clf__gamma_mult"": 0.25}",10.614171299999725
106,quantum/HS-RBF-SVM,quantum,6,0.5555555555555556,0.6,"{""clf__C"": 10.0, ""clf__gamma_mult"": 4.0}",10.614171299999725
106,quantum/HS-RBF-SVM,quantum,7,0.4444444444444444,0.30000000000000004,"{""clf__C"": 10.0, ""clf__gamma_mult"": 4.0}",10.614171299999725
106,quantum/HS-RBF-SVM,quantum,8,0.4444444444444444,0.35,"{""clf__C"": 1.0, ""clf__gamma_mult"": 4.0}",10.614171299999725
106,quantum/HS-RBF-SVM,quantum,9,0.4444444444444444,0.5,"{""clf__C"": 0.1, ""clf__gamma_mult"": 0.25}",10.614171299999725
106,quantum/HS-RBF-SVM,quantum,10,0.4444444444444444,0.4,"{""clf__C"": 10.0, ""clf__gamma_mult"": 0.25}",10.614171299999725
106,quantum/HS-RBF-SVM,quantum,11,0.5555555555555556,0.6,"{""clf__C"": 1.0, ""clf__gamma_mult"": 1.0}",10.614171299999725
106,quantum/HS-RBF-SVM,quantum,12,0.4444444444444444,0.5,"{""clf__C"": 10.0, ""clf__gamma_mult"": 0.25}",10.614171299999725
106,quantum/HS-RBF-SVM,quantum,13,0.5555555555555556,0.7,"{""clf__C"": 0.1, ""clf__gamma_mult"": 0.25}",10.614171299999725
106,quantum/HS-RBF-SVM,quantum,14,0.4444444444444444,0.65,"{""clf__C"": 0.1, ""clf__gamma_mult"": 0.25}",10.614171299999725
106,quantum/Bures-RBF-SVM,quantum,0,0.5555555555555556,0.44999999999999996,"{""clf__C"": 10.0, ""clf__gamma_mult"": 4.0}",14.080218899998727
106,quantum/Bures-RBF-SVM,quantum,1,0.5555555555555556,0.7000000000000001,"{""clf__C"": 0.1, ""clf__gamma_mult"": 0.25}",14.080218899998727
106,quantum/Bures-RBF-SVM,quantum,2,0.5555555555555556,0.7,"{""clf__C"": 0.1, ""clf__gamma_mult"": 0.25}",14.080218899998727
106,quantum/Bures-RBF-SVM,quantum,3,0.5555555555555556,0.25,"{""clf__C"": 0.1, ""clf__gamma_mult"": 0.25}",14.080218899998727
106,quantum/Bures-RBF-SVM,quantum,4,0.4444444444444444,0.25,"{""clf__C"": 10.0, ""clf__gamma_mult"": 0.25}",14.080218899998727
106,quantum/Bures-RBF-SVM,quantum,5,0.5555555555555556,0.8,"{""clf__C"": 0.1, ""clf__gamma_mult"": 0.25}",14.080218899998727
106,quantum/Bures-RBF-SVM,quantum,6,0.4444444444444444,0.5499999999999999,"{""clf__C"": 1.0, ""clf__gamma_mult"": 0.25}",14.080218899998727
106,quantum/Bures-RBF-SVM,quantum,7,0.5555555555555556,0.5499999999999999,"{""clf__C"": 0.1, ""clf__gamma_mult"": 0.25}",14.080218899998727
106,quantum/Bures-RBF-SVM,quantum,8,0.5555555555555556,0.4,"{""clf__C"": 1.0, ""clf__gamma_mult"": 4.0}",14.080218899998727
106,quantum/Bures-RBF-SVM,quantum,9,0.4444444444444444,0.55,"{""clf__C"": 0.1, ""clf__gamma_mult"": 0.25}",14.080218899998727
106,quantum/Bures-RBF-SVM,quantum,10,0.4444444444444444,0.5,"{""clf__C"": 10.0, ""clf__gamma_mult"": 0.25}",14.080218899998727
106,quantum/Bures-RBF-SVM,quantum,11,0.5555555555555556,0.35,"{""clf__C"": 1.0, ""clf__gamma_mult"": 1.0}",14.080218899998727
106,quantum/Bures-RBF-SVM,quantum,12,0.4444444444444444,0.35,"{""clf__C"": 10.0, ""clf__gamma_mult"": 0.25}",14.080218899998727
106,quantum/Bures-RBF-SVM,quantum,13,0.5555555555555556,0.6000000000000001,"{""clf__C"": 0.1, ""clf__gamma_mult"": 0.25}",14.080218899998727
106,quantum/Bures-RBF-SVM,quantum,14,0.4444444444444444,0.9,"{""clf__C"": 0.1, ""clf__gamma_mult"": 0.25}",14.080218899998727
106,quantum/QRE-RBF-SVM,quantum,0,0.3333333333333333,0.24999999999999997,"{""clf__C"": 1.0, ""clf__gamma_mult"": 4.0}",12.323490400000082
106,quantum/QRE-RBF-SVM,quantum,1,0.5555555555555556,0.7000000000000001,"{""clf__C"": 0.1, ""clf__gamma_mult"": 0.25}",12.323490400000082
106,quantum/QRE-RBF-SVM,quantum,2,0.5555555555555556,0.65,"{""clf__C"": 0.1, ""clf__gamma_mult"": 0.25}",12.323490400000082
106,quantum/QRE-RBF-SVM,quantum,3,0.5555555555555556,0.25,"{""clf__C"": 1.0, ""clf__gamma_mult"": 0.25}",12.323490400000082
106,quantum/QRE-RBF-SVM,quantum,4,0.4444444444444444,0.25,"{""clf__C"": 10.0, ""clf__gamma_mult"": 0.25}",12.323490400000082
106,quantum/QRE-RBF-SVM,quantum,5,0.5555555555555556,0.85,"{""clf__C"": 0.1, ""clf__gamma_mult"": 0.25}",12.323490400000082
106,quantum/QRE-RBF-SVM,quantum,6,0.4444444444444444,0.5499999999999999,"{""clf__C"": 1.0, ""clf__gamma_mult"": 0.25}",12.323490400000082
106,quantum/QRE-RBF-SVM,quantum,7,0.5555555555555556,0.6,"{""clf__C"": 0.1, ""clf__gamma_mult"": 0.25}",12.323490400000082
106,quantum/QRE-RBF-SVM,quantum,8,0.5555555555555556,0.35,"{""clf__C"": 1.0, ""clf__gamma_mult"": 4.0}",12.323490400000082
106,quantum/QRE-RBF-SVM,quantum,9,0.6666666666666666,0.6499999999999999,"{""clf__C"": 10.0, ""clf__gamma_mult"": 0.25}",12.323490400000082
106,quantum/QRE-RBF-SVM,quantum,10,0.4444444444444444,0.5,"{""clf__C"": 10.0, ""clf__gamma_mult"": 0.25}",12.323490400000082
106,quantum/QRE-RBF-SVM,quantum,11,0.5555555555555556,0.3,"{""clf__C"": 1.0, ""clf__gamma_mult"": 1.0}",12.323490400000082
106,quantum/QRE-RBF-SVM,quantum,12,0.6666666666666666,0.55,"{""clf__C"": 1.0, ""clf__gamma_mult"": 4.0}",12.323490400000082
106,quantum/QRE-RBF-SVM,quantum,13,0.5555555555555556,0.6000000000000001,"{""clf__C"": 0.1, ""clf__gamma_mult"": 0.25}",12.323490400000082
106,quantum/QRE-RBF-SVM,quantum,14,0.4444444444444444,0.9,"{""clf__C"": 0.1, ""clf__gamma_mult"": 0.25}",12.323490400000082
106,quantum/HS-overlap-ref-SVM,quantum,0,0.6666666666666666,0.85,"{""clf__C"": 10.0}",4.560175799999342
106,quantum/HS-overlap-ref-SVM,quantum,1,0.3333333333333333,0.55,"{""clf__C"": 10.0}",4.560175799999342
106,quantum/HS-overlap-ref-SVM,quantum,2,0.5555555555555556,0.8,"{""clf__C"": 0.1}",4.560175799999342
106,quantum/HS-overlap-ref-SVM,quantum,3,0.5555555555555556,0.6,"{""clf__C"": 10.0}",4.560175799999342
106,quantum/HS-overlap-ref-SVM,quantum,4,0.4444444444444444,0.6000000000000001,"{""clf__C"": 10.0}",4.560175799999342
106,quantum/HS-overlap-ref-SVM,quantum,5,0.6666666666666666,0.5,"{""clf__C"": 10.0}",4.560175799999342
106,quantum/HS-overlap-ref-SVM,quantum,6,0.5555555555555556,0.55,"{""clf__C"": 10.0}",4.560175799999342
106,quantum/HS-overlap-ref-SVM,quantum,7,0.5555555555555556,0.8,"{""clf__C"": 0.1}",4.560175799999342
106,quantum/HS-overlap-ref-SVM,quantum,8,0.5555555555555556,0.55,"{""clf__C"": 10.0}",4.560175799999342
106,quantum/HS-overlap-ref-SVM,quantum,9,0.4444444444444444,0.6000000000000001,"{""clf__C"": 0.1}",4.560175799999342
106,quantum/HS-overlap-ref-SVM,quantum,10,0.4444444444444444,0.39999999999999997,"{""clf__C"": 10.0}",4.560175799999342
106,quantum/HS-overlap-ref-SVM,quantum,11,0.6666666666666666,0.8,"{""clf__C"": 10.0}",4.560175799999342
106,quantum/HS-overlap-ref-SVM,quantum,12,0.6666666666666666,0.6,"{""clf__C"": 10.0}",4.560175799999342
106,quantum/HS-overlap-ref-SVM,quantum,13,0.5555555555555556,0.5499999999999999,"{""clf__C"": 10.0}",4.560175799999342
106,quantum/HS-overlap-ref-SVM,quantum,14,0.5555555555555556,0.7,"{""clf__C"": 10.0}",4.560175799999342
106,quantum/Fidelity-ref-SVM,quantum,0,0.8888888888888888,0.85,"{""clf__C"": 10.0}",6.383883599999535
106,quantum/Fidelity-ref-SVM,quantum,1,0.6666666666666666,0.55,"{""clf__C"": 10.0}",6.383883599999535
106,quantum/Fidelity-ref-SVM,quantum,2,0.5555555555555556,0.8,"{""clf__C"": 0.1}",6.383883599999535
106,quantum/Fidelity-ref-SVM,quantum,3,0.4444444444444444,0.5,"{""clf__C"": 10.0}",6.383883599999535
106,quantum/Fidelity-ref-SVM,quantum,4,0.4444444444444444,0.5,"{""clf__C"": 10.0}",6.383883599999535
106,quantum/Fidelity-ref-SVM,quantum,5,0.4444444444444444,0.5,"{""clf__C"": 10.0}",6.383883599999535
106,quantum/Fidelity-ref-SVM,quantum,6,0.6666666666666666,0.6,"{""clf__C"": 10.0}",6.383883599999535
106,quantum/Fidelity-ref-SVM,quantum,7,0.5555555555555556,0.8,"{""clf__C"": 0.1}",6.383883599999535
106,quantum/Fidelity-ref-SVM,quantum,8,0.4444444444444444,0.49999999999999994,"{""clf__C"": 10.0}",6.383883599999535
106,quantum/Fidelity-ref-SVM,quantum,9,0.4444444444444444,0.4,"{""clf__C"": 10.0}",6.383883599999535
106,quantum/Fidelity-ref-SVM,quantum,10,0.4444444444444444,0.45000000000000007,"{""clf__C"": 10.0}",6.383883599999535
106,quantum/Fidelity-ref-SVM,quantum,11,0.5555555555555556,0.8,"{""clf__C"": 10.0}",6.383883599999535
106,quantum/Fidelity-ref-SVM,quantum,12,0.5555555555555556,0.65,"{""clf__C"": 10.0}",6.383883599999535
106,quantum/Fidelity-ref-SVM,quantum,13,0.5555555555555556,0.4,"{""clf__C"": 10.0}",6.383883599999535
106,quantum/Fidelity-ref-SVM,quantum,14,0.7777777777777778,0.7,"{""clf__C"": 10.0}",6.383883599999535
106,quantum/HS-RBF-ref-SVM,quantum,0,0.6666666666666666,0.7,"{""clf__C"": 1.0, ""clf__gamma_mult"": 1.0}",12.939000500000475
106,quantum/HS-RBF-ref-SVM,quantum,1,0.4444444444444444,0.39999999999999997,"{""clf__C"": 10.0, ""clf__gamma_mult"": 0.25}",12.939000500000475
106,quantum/HS-RBF-ref-SVM,quantum,2,0.5555555555555556,0.55,"{""clf__C"": 10.0, ""clf__gamma_mult"": 1.0}",12.939000500000475
106,quantum/HS-RBF-ref-SVM,quantum,3,0.5555555555555556,0.25,"{""clf__C"": 1.0, ""clf__gamma_mult"": 1.0}",12.939000500000475
106,quantum/HS-RBF-ref-SVM,quantum,4,0.4444444444444444,0.65,"{""clf__C"": 10.0, ""clf__gamma_mult"": 0.25}",12.939000500000475
106,quantum/HS-RBF-ref-SVM,quantum,5,0.6666666666666666,0.55,"{""clf__C"": 10.0, ""clf__gamma_mult"": 0.25}",12.939000500000475
106,quantum/HS-RBF-ref-SVM,quantum,6,0.6666666666666666,0.65,"{""clf__C"": 10.0, ""clf__gamma_mult"": 0.25}",12.939000500000475
106,quantum/HS-RBF-ref-SVM,quantum,7,0.4444444444444444,0.55,"{""clf__C"": 10.0, ""clf__gamma_mult"": 0.25}",12.939000500000475
106,quantum/HS-RBF-ref-SVM,quantum,8,0.4444444444444444,0.45,"{""clf__C"": 1.0, ""clf__gamma_mult"": 1.0}",12.939000500000475
106,quantum/HS-RBF-ref-SVM,quantum,9,0.4444444444444444,0.65,"{""clf__C"": 0.1, ""clf__gamma_mult"": 0.25}",12.939000500000475
106,quantum/HS-RBF-ref-SVM,quantum,10,0.4444444444444444,0.5499999999999999,"{""clf__C"": 10.0, ""clf__gamma_mult"": 1.0}",12.939000500000475
106,quantum/HS-RBF-ref-SVM,quantum,11,0.6666666666666666,0.7,"{""clf__C"": 10.0, ""clf__gamma_mult"": 1.0}",12.939000500000475
106,quantum/HS-RBF-ref-SVM,quantum,12,0.5555555555555556,0.5,"{""clf__C"": 1.0, ""clf__gamma_mult"": 1.0}",12.939000500000475
106,quantum/HS-RBF-ref-SVM,quantum,13,0.6666666666666666,0.45,"{""clf__C"": 1.0, ""clf__gamma_mult"": 1.0}",12.939000500000475
106,quantum/HS-RBF-ref-SVM,quantum,14,0.5555555555555556,0.65,"{""clf__C"": 10.0, ""clf__gamma_mult"": 1.0}",12.939000500000475
106,quantum/Bures-RBF-ref-SVM,quantum,0,0.6666666666666666,0.7,"{""clf__C"": 1.0, ""clf__gamma_mult"": 1.0}",16.969576399998914
106,quantum/Bures-RBF-ref-SVM,quantum,1,0.4444444444444444,0.35,"{""clf__C"": 10.0, ""clf__gamma_mult"": 0.25}",16.969576399998914
106,quantum/Bures-RBF-ref-SVM,quantum,2,0.4444444444444444,0.6,"{""clf__C"": 10.0, ""clf__gamma_mult"": 1.0}",16.969576399998914
106,quantum/Bures-RBF-ref-SVM,quantum,3,0.5555555555555556,0.3,"{""clf__C"": 1.0, ""clf__gamma_mult"": 1.0}",16.969576399998914
106,quantum/Bures-RBF-ref-SVM,quantum,4,0.3333333333333333,0.55,"{""clf__C"": 1.0, ""clf__gamma_mult"": 1.0}",16.969576399998914
106,quantum/Bures-RBF-ref-SVM,quantum,5,0.5555555555555556,0.49999999999999994,"{""clf__C"": 10.0, ""clf__gamma_mult"": 0.25}",16.969576399998914
106,quantum/Bures-RBF-ref-SVM,quantum,6,0.6666666666666666,0.7,"{""clf__C"": 10.0, ""clf__gamma_mult"": 0.25}",16.969576399998914
106,quantum/Bures-RBF-ref-SVM,quantum,7,0.5555555555555556,0.75,"{""clf__C"": 0.1, ""clf__gamma_mult"": 0.25}",16.969576399998914
106,quantum/Bures-RBF-ref-SVM,quantum,8,0.4444444444444444,0.45,"{""clf__C"": 1.0, ""clf__gamma_mult"": 1.0}",16.969576399998914
106,quantum/Bures-RBF-ref-SVM,quantum,9,0.5555555555555556,0.6,"{""clf__C"": 1.0, ""clf__gamma_mult"": 1.0}",16.969576399998914
106,quantum/Bures-RBF-ref-SVM,quantum,10,0.4444444444444444,0.6000000000000001,"{""clf__C"": 10.0, ""clf__gamma_mult"": 0.25}",16.969576399998914
106,quantum/Bures-RBF-ref-SVM,quantum,11,0.5555555555555556,0.6,"{""clf__C"": 1.0, ""clf__gamma_mult"": 1.0}",16.969576399998914
106,quantum/Bures-RBF-ref-SVM,quantum,12,0.5555555555555556,0.55,"{""clf__C"": 1.0, ""clf__gamma_mult"": 1.0}",16.969576399998914
106,quantum/Bures-RBF-ref-SVM,quantum,13,0.6666666666666666,0.4,"{""clf__C"": 1.0, ""clf__gamma_mult"": 1.0}",16.969576399998914
106,quantum/Bures-RBF-ref-SVM,quantum,14,0.5555555555555556,0.65,"{""clf__C"": 10.0, ""clf__gamma_mult"": 1.0}",16.969576399998914
106,quantum/QRE-RBF-ref-SVM,quantum,0,0.6666666666666666,0.7,"{""clf__C"": 1.0, ""clf__gamma_mult"": 1.0}",14.812123300000167
106,quantum/QRE-RBF-ref-SVM,quantum,1,0.4444444444444444,0.35,"{""clf__C"": 10.0, ""clf__gamma_mult"": 0.25}",14.812123300000167
106,quantum/QRE-RBF-ref-SVM,quantum,2,0.5555555555555556,0.6,"{""clf__C"": 10.0, ""clf__gamma_mult"": 1.0}",14.812123300000167
106,quantum/QRE-RBF-ref-SVM,quantum,3,0.5555555555555556,0.3,"{""clf__C"": 1.0, ""clf__gamma_mult"": 1.0}",14.812123300000167
106,quantum/QRE-RBF-ref-SVM,quantum,4,0.3333333333333333,0.55,"{""clf__C"": 1.0, ""clf__gamma_mult"": 1.0}",14.812123300000167
106,quantum/QRE-RBF-ref-SVM,quantum,5,0.5555555555555556,0.49999999999999994,"{""clf__C"": 10.0, ""clf__gamma_mult"": 0.25}",14.812123300000167
106,quantum/QRE-RBF-ref-SVM,quantum,6,0.6666666666666666,0.7,"{""clf__C"": 10.0, ""clf__gamma_mult"": 0.25}",14.812123300000167
106,quantum/QRE-RBF-ref-SVM,quantum,7,0.5555555555555556,0.75,"{""clf__C"": 0.1, ""clf__gamma_mult"": 0.25}",14.812123300000167
106,quantum/QRE-RBF-ref-SVM,quantum,8,0.4444444444444444,0.45,"{""clf__C"": 1.0, ""clf__gamma_mult"": 1.0}",14.812123300000167
106,quantum/QRE-RBF-ref-SVM,quantum,9,0.5555555555555556,0.6,"{""clf__C"": 1.0, ""clf__gamma_mult"": 1.0}",14.812123300000167
106,quantum/QRE-RBF-ref-SVM,quantum,10,0.5555555555555556,0.45000000000000007,"{""clf__C"": 1.0, ""clf__gamma_mult"": 1.0}",14.812123300000167
106,quantum/QRE-RBF-ref-SVM,quantum,11,0.5555555555555556,0.6,"{""clf__C"": 1.0, ""clf__gamma_mult"": 1.0}",14.812123300000167
106,quantum/QRE-RBF-ref-SVM,quantum,12,0.5555555555555556,0.55,"{""clf__C"": 1.0, ""clf__gamma_mult"": 1.0}",14.812123300000167
106,quantum/QRE-RBF-ref-SVM,quantum,13,0.6666666666666666,0.45,"{""clf__C"": 1.0, ""clf__gamma_mult"": 1.0}",14.812123300000167
106,quantum/QRE-RBF-ref-SVM,quantum,14,0.5555555555555556,0.65,"{""clf__C"": 10.0, ""clf__gamma_mult"": 1.0}",14.812123300000167
106,quantum/IQP-kernel-SVM,quantum,0,0.2222222222222222,0.24999999999999997,"{""clf__C"": 1.0, ""clf__scale"": 1.0}",20.777276700000584
106,quantum/IQP-kernel-SVM,quantum,1,0.5555555555555556,0.5,"{""clf__C"": 10.0, ""clf__scale"": 0.5}",20.777276700000584
106,quantum/IQP-kernel-SVM,quantum,2,0.7777777777777778,0.7,"{""clf__C"": 10.0, ""clf__scale"": 1.0}",20.777276700000584
106,quantum/IQP-kernel-SVM,quantum,3,0.5555555555555556,0.35,"{""clf__C"": 1.0, ""clf__scale"": 0.5}",20.777276700000584
106,quantum/IQP-kernel-SVM,quantum,4,0.6666666666666666,0.5,"{""clf__C"": 10.0, ""clf__scale"": 2.0}",20.777276700000584
106,quantum/IQP-kernel-SVM,quantum,5,0.2222222222222222,0.19999999999999998,"{""clf__C"": 10.0, ""clf__scale"": 2.0}",20.777276700000584
106,quantum/IQP-kernel-SVM,quantum,6,0.6666666666666666,0.7,"{""clf__C"": 1.0, ""clf__scale"": 0.5}",20.777276700000584
106,quantum/IQP-kernel-SVM,quantum,7,0.4444444444444444,0.25,"{""clf__C"": 1.0, ""clf__scale"": 2.0}",20.777276700000584
106,quantum/IQP-kernel-SVM,quantum,8,0.7777777777777778,0.6500000000000001,"{""clf__C"": 1.0, ""clf__scale"": 0.5}",20.777276700000584
106,quantum/IQP-kernel-SVM,quantum,9,0.2222222222222222,0.2,"{""clf__C"": 10.0, ""clf__scale"": 0.5}",20.777276700000584
106,quantum/IQP-kernel-SVM,quantum,10,0.4444444444444444,0.45,"{""clf__C"": 1.0, ""clf__scale"": 1.0}",20.777276700000584
106,quantum/IQP-kernel-SVM,quantum,11,0.4444444444444444,0.55,"{""clf__C"": 10.0, ""clf__scale"": 1.0}",20.777276700000584
106,quantum/IQP-kernel-SVM,quantum,12,0.4444444444444444,0.5499999999999999,"{""clf__C"": 1.0, ""clf__scale"": 0.5}",20.777276700000584
106,quantum/IQP-kernel-SVM,quantum,13,0.5555555555555556,0.5,"{""clf__C"": 1.0, ""clf__scale"": 2.0}",20.777276700000584
106,quantum/IQP-kernel-SVM,quantum,14,0.1111111111111111,0.15,"{""clf__C"": 1.0, ""clf__scale"": 1.0}",20.777276700000584
106,quantum/CNOT-kernel-SVM,quantum,0,0.2222222222222222,0.19999999999999996,"{""clf__C"": 1.0, ""clf__scale"": 2.0}",18.80828870000005
106,quantum/CNOT-kernel-SVM,quantum,1,0.5555555555555556,0.7,"{""clf__C"": 10.0, ""clf__scale"": 1.0}",18.80828870000005
106,quantum/CNOT-kernel-SVM,quantum,2,0.5555555555555556,0.8,"{""clf__C"": 10.0, ""clf__scale"": 2.0}",18.80828870000005
106,quantum/CNOT-kernel-SVM,quantum,3,0.4444444444444444,0.44999999999999996,"{""clf__C"": 10.0, ""clf__scale"": 1.0}",18.80828870000005
106,quantum/CNOT-kernel-SVM,quantum,4,0.4444444444444444,0.4,"{""clf__C"": 1.0, ""clf__scale"": 1.0}",18.80828870000005
106,quantum/CNOT-kernel-SVM,quantum,5,0.5555555555555556,0.6000000000000001,"{""clf__C"": 0.1, ""clf__scale"": 0.5}",18.80828870000005
106,quantum/CNOT-kernel-SVM,quantum,6,0.6666666666666666,0.85,"{""clf__C"": 10.0, ""clf__scale"": 2.0}",18.80828870000005
106,quantum/CNOT-kernel-SVM,quantum,7,0.5555555555555556,0.5,"{""clf__C"": 0.1, ""clf__scale"": 0.5}",18.80828870000005
106,quantum/CNOT-kernel-SVM,quantum,8,0.6666666666666666,0.5499999999999999,"{""clf__C"": 1.0, ""clf__scale"": 2.0}",18.80828870000005
106,quantum/CNOT-kernel-SVM,quantum,9,0.4444444444444444,0.55,"{""clf__C"": 1.0, ""clf__scale"": 0.5}",18.80828870000005
106,quantum/CNOT-kernel-SVM,quantum,10,0.5555555555555556,0.55,"{""clf__C"": 1.0, ""clf__scale"": 2.0}",18.80828870000005
106,quantum/CNOT-kernel-SVM,quantum,11,0.7777777777777778,0.9500000000000001,"{""clf__C"": 1.0, ""clf__scale"": 2.0}",18.80828870000005
106,quantum/CNOT-kernel-SVM,quantum,12,0.5555555555555556,0.3,"{""clf__C"": 1.0, ""clf__scale"": 1.0}",18.80828870000005
106,quantum/CNOT-kernel-SVM,quantum,13,0.7777777777777778,0.8,"{""clf__C"": 1.0, ""clf__scale"": 0.5}",18.80828870000005
106,quantum/CNOT-kernel-SVM,quantum,14,0.4444444444444444,0.8,"{""clf__C"": 1.0, ""clf__scale"": 0.5}",18.80828870000005
106,control/IQP-no-entangle,control,0,0.2222222222222222,0.15,"{""clf__C"": 1.0, ""clf__scale"": 2.0}",17.109201100000064
106,control/IQP-no-entangle,control,1,0.7777777777777778,0.7000000000000001,"{""clf__C"": 10.0, ""clf__scale"": 2.0}",17.109201100000064
106,control/IQP-no-entangle,control,2,0.5555555555555556,0.65,"{""clf__C"": 0.1, ""clf__scale"": 0.5}",17.109201100000064
106,control/IQP-no-entangle,control,3,0.4444444444444444,0.44999999999999996,"{""clf__C"": 10.0, ""clf__scale"": 1.0}",17.109201100000064
106,control/IQP-no-entangle,control,4,0.4444444444444444,0.5,"{""clf__C"": 1.0, ""clf__scale"": 1.0}",17.109201100000064
106,control/IQP-no-entangle,control,5,0.5555555555555556,0.6000000000000001,"{""clf__C"": 0.1, ""clf__scale"": 0.5}",17.109201100000064
106,control/IQP-no-entangle,control,6,0.5555555555555556,0.75,"{""clf__C"": 1.0, ""clf__scale"": 1.0}",17.109201100000064
106,control/IQP-no-entangle,control,7,0.5555555555555556,0.6000000000000001,"{""clf__C"": 0.1, ""clf__scale"": 0.5}",17.109201100000064
106,control/IQP-no-entangle,control,8,0.3333333333333333,0.3,"{""clf__C"": 1.0, ""clf__scale"": 1.0}",17.109201100000064
106,control/IQP-no-entangle,control,9,0.5555555555555556,0.49999999999999994,"{""clf__C"": 10.0, ""clf__scale"": 0.5}",17.109201100000064
106,control/IQP-no-entangle,control,10,0.5555555555555556,0.55,"{""clf__C"": 1.0, ""clf__scale"": 1.0}",17.109201100000064
106,control/IQP-no-entangle,control,11,0.6666666666666666,0.65,"{""clf__C"": 1.0, ""clf__scale"": 1.0}",17.109201100000064
106,control/IQP-no-entangle,control,12,0.5555555555555556,0.35,"{""clf__C"": 10.0, ""clf__scale"": 0.5}",17.109201100000064
106,control/IQP-no-entangle,control,13,0.5555555555555556,0.7,"{""clf__C"": 0.1, ""clf__scale"": 0.5}",17.109201100000064
106,control/IQP-no-entangle,control,14,0.4444444444444444,0.75,"{""clf__C"": 0.1, ""clf__scale"": 0.5}",17.109201100000064
106,control/PCA-matched-RBF,control,0,0.3333333333333333,0.24999999999999997,"{""clf__C"": 1.0, ""clf__gamma"": ""scale""}",13.543119500000103
106,control/PCA-matched-RBF,control,1,0.3333333333333333,0.35,"{""clf__C"": 10.0, ""clf__gamma"": 0.01}",13.543119500000103
106,control/PCA-matched-RBF,control,2,0.5555555555555556,0.6,"{""clf__C"": 0.1, ""clf__gamma"": ""scale""}",13.543119500000103
106,control/PCA-matched-RBF,control,3,0.4444444444444444,0.44999999999999996,"{""clf__C"": 10.0, ""clf__gamma"": ""scale""}",13.543119500000103
106,control/PCA-matched-RBF,control,4,0.4444444444444444,0.45,"{""clf__C"": 1.0, ""clf__gamma"": ""scale""}",13.543119500000103
106,control/PCA-matched-RBF,control,5,0.5555555555555556,0.85,"{""clf__C"": 0.1, ""clf__gamma"": ""scale""}",13.543119500000103
106,control/PCA-matched-RBF,control,6,0.7777777777777778,0.6,"{""clf__C"": 1.0, ""clf__gamma"": ""scale""}",13.543119500000103
106,control/PCA-matched-RBF,control,7,0.5555555555555556,0.7,"{""clf__C"": 0.1, ""clf__gamma"": ""scale""}",13.543119500000103
106,control/PCA-matched-RBF,control,8,0.5555555555555556,0.4,"{""clf__C"": 0.1, ""clf__gamma"": ""scale""}",13.543119500000103
106,control/PCA-matched-RBF,control,9,0.4444444444444444,0.4,"{""clf__C"": 0.1, ""clf__gamma"": ""scale""}",13.543119500000103
106,control/PCA-matched-RBF,control,10,0.5555555555555556,0.6500000000000001,"{""clf__C"": 0.1, ""clf__gamma"": ""scale""}",13.543119500000103
106,control/PCA-matched-RBF,control,11,0.5555555555555556,0.6,"{""clf__C"": 0.1, ""clf__gamma"": ""scale""}",13.543119500000103
106,control/PCA-matched-RBF,control,12,0.4444444444444444,0.3,"{""clf__C"": 10.0, ""clf__gamma"": ""scale""}",13.543119500000103
106,control/PCA-matched-RBF,control,13,0.7777777777777778,0.8,"{""clf__C"": 1.0, ""clf__gamma"": ""scale""}",13.543119500000103
106,control/PCA-matched-RBF,control,14,0.4444444444444444,0.6000000000000001,"{""clf__C"": 0.1, ""clf__gamma"": ""scale""}",13.543119500000103
106,control/PCA-matched-linear,control,0,0.3333333333333333,0.3,"{""clf__C"": 1.0}",4.932682099999511
106,control/PCA-matched-linear,control,1,0.3333333333333333,0.35,"{""clf__C"": 0.1}",4.932682099999511
106,control/PCA-matched-linear,control,2,0.4444444444444444,0.44999999999999996,"{""clf__C"": 1.0}",4.932682099999511
106,control/PCA-matched-linear,control,3,0.4444444444444444,0.2,"{""clf__C"": 10.0}",4.932682099999511
106,control/PCA-matched-linear,control,4,0.2222222222222222,0.35,"{""clf__C"": 10.0}",4.932682099999511
106,control/PCA-matched-linear,control,5,0.5555555555555556,0.49999999999999994,"{""clf__C"": 0.1}",4.932682099999511
106,control/PCA-matched-linear,control,6,0.5555555555555556,0.6,"{""clf__C"": 0.1}",4.932682099999511
106,control/PCA-matched-linear,control,7,0.5555555555555556,0.35,"{""clf__C"": 0.1}",4.932682099999511
106,control/PCA-matched-linear,control,8,0.4444444444444444,0.35,"{""clf__C"": 1.0}",4.932682099999511
106,control/PCA-matched-linear,control,9,0.4444444444444444,0.35,"{""clf__C"": 0.1}",4.932682099999511
106,control/PCA-matched-linear,control,10,0.5555555555555556,0.6499999999999999,"{""clf__C"": 0.1}",4.932682099999511
106,control/PCA-matched-linear,control,11,0.4444444444444444,0.39999999999999997,"{""clf__C"": 0.1}",4.932682099999511
106,control/PCA-matched-linear,control,12,0.3333333333333333,0.3,"{""clf__C"": 1.0}",4.932682099999511
106,control/PCA-matched-linear,control,13,0.5555555555555556,0.5499999999999999,"{""clf__C"": 1.0}",4.932682099999511
106,control/PCA-matched-linear,control,14,0.4444444444444444,0.35,"{""clf__C"": 0.1}",4.932682099999511
106,control/logeuclid-TS+LR,control,0,0.6666666666666666,0.6,"{""clf__C"": 0.1}",4.329003200000443
106,control/logeuclid-TS+LR,control,1,0.2222222222222222,0.35,"{""clf__C"": 10.0}",4.329003200000443
106,control/logeuclid-TS+LR,control,2,0.4444444444444444,0.5,"{""clf__C"": 0.1}",4.329003200000443
106,control/logeuclid-TS+LR,control,3,0.5555555555555556,0.35,"{""clf__C"": 1.0}",4.329003200000443
106,control/logeuclid-TS+LR,control,4,0.5555555555555556,0.5,"{""clf__C"": 10.0}",4.329003200000443
106,control/logeuclid-TS+LR,control,5,0.4444444444444444,0.5,"{""clf__C"": 1.0}",4.329003200000443
106,control/logeuclid-TS+LR,control,6,0.5555555555555556,0.65,"{""clf__C"": 10.0}",4.329003200000443
106,control/logeuclid-TS+LR,control,7,0.5555555555555556,0.5,"{""clf__C"": 10.0}",4.329003200000443
106,control/logeuclid-TS+LR,control,8,0.7777777777777778,0.75,"{""clf__C"": 10.0}",4.329003200000443
106,control/logeuclid-TS+LR,control,9,0.3333333333333333,0.45,"{""clf__C"": 10.0}",4.329003200000443
106,control/logeuclid-TS+LR,control,10,0.1111111111111111,0.25,"{""clf__C"": 10.0}",4.329003200000443
106,control/logeuclid-TS+LR,control,11,0.4444444444444444,0.6,"{""clf__C"": 0.1}",4.329003200000443
106,control/logeuclid-TS+LR,control,12,0.4444444444444444,0.55,"{""clf__C"": 1.0}",4.329003200000443
106,control/logeuclid-TS+LR,control,13,0.5555555555555556,0.55,"{""clf__C"": 10.0}",4.329003200000443
106,control/logeuclid-TS+LR,control,14,0.6666666666666666,0.6,"{""clf__C"": 10.0}",4.329003200000443
106,control/riemann-kernel-SVM,control,0,0.5555555555555556,0.7,"{""clf__C"": 10.0}",4.504189399998722
106,control/riemann-kernel-SVM,control,1,0.4444444444444444,0.5,"{""clf__C"": 10.0}",4.504189399998722
106,control/riemann-kernel-SVM,control,2,0.5555555555555556,0.5,"{""clf__C"": 1.0}",4.504189399998722
106,control/riemann-kernel-SVM,control,3,0.5555555555555556,0.39999999999999997,"{""clf__C"": 0.1}",4.504189399998722
106,control/riemann-kernel-SVM,control,4,0.3333333333333333,0.35,"{""clf__C"": 0.1}",4.504189399998722
106,control/riemann-kernel-SVM,control,5,0.4444444444444444,0.35,"{""clf__C"": 1.0}",4.504189399998722
106,control/riemann-kernel-SVM,control,6,0.5555555555555556,0.6,"{""clf__C"": 10.0}",4.504189399998722
106,control/riemann-kernel-SVM,control,7,0.5555555555555556,0.75,"{""clf__C"": 10.0}",4.504189399998722
106,control/riemann-kernel-SVM,control,8,0.6666666666666666,0.6,"{""clf__C"": 1.0}",4.504189399998722
106,control/riemann-kernel-SVM,control,9,0.4444444444444444,0.4,"{""clf__C"": 0.1}",4.504189399998722
106,control/riemann-kernel-SVM,control,10,0.4444444444444444,0.4,"{""clf__C"": 1.0}",4.504189399998722
106,control/riemann-kernel-SVM,control,11,0.6666666666666666,0.8500000000000001,"{""clf__C"": 10.0}",4.504189399998722
106,control/riemann-kernel-SVM,control,12,0.4444444444444444,0.39999999999999997,"{""clf__C"": 0.1}",4.504189399998722
106,control/riemann-kernel-SVM,control,13,0.5555555555555556,0.35000000000000003,"{""clf__C"": 1.0}",4.504189399998722
106,control/riemann-kernel-SVM,control,14,0.4444444444444444,0.8,"{""clf__C"": 0.1}",4.504189399998722
106,control/logeuclid-kernel-SVM,control,0,0.5555555555555556,0.7000000000000001,"{""clf__C"": 1.0}",4.545431599999574
106,control/logeuclid-kernel-SVM,control,1,0.4444444444444444,0.44999999999999996,"{""clf__C"": 10.0}",4.545431599999574
106,control/logeuclid-kernel-SVM,control,2,0.4444444444444444,0.5,"{""clf__C"": 10.0}",4.545431599999574
106,control/logeuclid-kernel-SVM,control,3,0.5555555555555556,0.39999999999999997,"{""clf__C"": 0.1}",4.545431599999574
106,control/logeuclid-kernel-SVM,control,4,0.4444444444444444,0.44999999999999996,"{""clf__C"": 1.0}",4.545431599999574
106,control/logeuclid-kernel-SVM,control,5,0.5555555555555556,0.7000000000000001,"{""clf__C"": 1.0}",4.545431599999574
106,control/logeuclid-kernel-SVM,control,6,0.6666666666666666,0.6,"{""clf__C"": 10.0}",4.545431599999574
106,control/logeuclid-kernel-SVM,control,7,0.6666666666666666,0.8,"{""clf__C"": 10.0}",4.545431599999574
106,control/logeuclid-kernel-SVM,control,8,0.5555555555555556,0.49999999999999994,"{""clf__C"": 1.0}",4.545431599999574
106,control/logeuclid-kernel-SVM,control,9,0.4444444444444444,0.4,"{""clf__C"": 0.1}",4.545431599999574
106,control/logeuclid-kernel-SVM,control,10,0.6666666666666666,0.6000000000000001,"{""clf__C"": 10.0}",4.545431599999574
106,control/logeuclid-kernel-SVM,control,11,0.6666666666666666,0.8,"{""clf__C"": 10.0}",4.545431599999574
106,control/logeuclid-kernel-SVM,control,12,0.4444444444444444,0.39999999999999997,"{""clf__C"": 0.1}",4.545431599999574
106,control/logeuclid-kernel-SVM,control,13,0.4444444444444444,0.35000000000000003,"{""clf__C"": 1.0}",4.545431599999574
106,control/logeuclid-kernel-SVM,control,14,0.6666666666666666,0.65,"{""clf__C"": 10.0}",4.545431599999574
107,classical/logvar+LDA,classical,0,0.3333333333333333,0.45,{},0.07793180000044231
107,classical/logvar+LDA,classical,1,0.3333333333333333,0.35,{},0.07793180000044231
107,classical/logvar+LDA,classical,2,0.6666666666666666,0.6000000000000001,{},0.07793180000044231
107,classical/logvar+LDA,classical,3,0.6666666666666666,0.55,{},0.07793180000044231
107,classical/logvar+LDA,classical,4,0.5555555555555556,0.6499999999999999,{},0.07793180000044231
107,classical/logvar+LDA,classical,5,0.6666666666666666,0.55,{},0.07793180000044231
107,classical/logvar+LDA,classical,6,0.6666666666666666,0.6,{},0.07793180000044231
107,classical/logvar+LDA,classical,7,0.4444444444444444,0.3,{},0.07793180000044231
107,classical/logvar+LDA,classical,8,0.5555555555555556,0.3,{},0.07793180000044231
107,classical/logvar+LDA,classical,9,0.5555555555555556,0.55,{},0.07793180000044231
107,classical/logvar+LDA,classical,10,0.6666666666666666,0.7,{},0.07793180000044231
107,classical/logvar+LDA,classical,11,0.3333333333333333,0.24999999999999997,{},0.07793180000044231
107,classical/logvar+LDA,classical,12,0.3333333333333333,0.09999999999999998,{},0.07793180000044231
107,classical/logvar+LDA,classical,13,0.5555555555555556,0.4,{},0.07793180000044231
107,classical/logvar+LDA,classical,14,0.5555555555555556,0.25,{},0.07793180000044231
107,classical/CSP+LDA,classical,0,0.4444444444444444,0.39999999999999997,"{""csp__nfilter"": 2}",3.7461192999999184
107,classical/CSP+LDA,classical,1,0.7777777777777778,0.85,"{""csp__nfilter"": 2}",3.7461192999999184
107,classical/CSP+LDA,classical,2,0.4444444444444444,0.6,"{""csp__nfilter"": 2}",3.7461192999999184
107,classical/CSP+LDA,classical,3,0.5555555555555556,0.49999999999999994,"{""csp__nfilter"": 6}",3.7461192999999184
107,classical/CSP+LDA,classical,4,0.5555555555555556,0.3,"{""csp__nfilter"": 6}",3.7461192999999184
107,classical/CSP+LDA,classical,5,0.4444444444444444,0.8,"{""csp__nfilter"": 2}",3.7461192999999184
107,classical/CSP+LDA,classical,6,0.5555555555555556,0.55,"{""csp__nfilter"": 2}",3.7461192999999184
107,classical/CSP+LDA,classical,7,0.4444444444444444,0.39999999999999997,"{""csp__nfilter"": 4}",3.7461192999999184
107,classical/CSP+LDA,classical,8,0.4444444444444444,0.5,"{""csp__nfilter"": 2}",3.7461192999999184
107,classical/CSP+LDA,classical,9,0.6666666666666666,0.8,"{""csp__nfilter"": 6}",3.7461192999999184
107,classical/CSP+LDA,classical,10,0.7777777777777778,0.9,"{""csp__nfilter"": 2}",3.7461192999999184
107,classical/CSP+LDA,classical,11,0.6666666666666666,0.85,"{""csp__nfilter"": 6}",3.7461192999999184
107,classical/CSP+LDA,classical,12,0.5555555555555556,0.3,"{""csp__nfilter"": 2}",3.7461192999999184
107,classical/CSP+LDA,classical,13,0.6666666666666666,0.6,"{""csp__nfilter"": 2}",3.7461192999999184
107,classical/CSP+LDA,classical,14,0.5555555555555556,0.6,"{""csp__nfilter"": 2}",3.7461192999999184
107,classical/MDM,classical,0,0.6666666666666666,0.55,{},0.4563316000003397
107,classical/MDM,classical,1,0.4444444444444444,0.7,{},0.4563316000003397
107,classical/MDM,classical,2,0.4444444444444444,0.7,{},0.4563316000003397
107,classical/MDM,classical,3,0.5555555555555556,0.75,{},0.4563316000003397
107,classical/MDM,classical,4,0.4444444444444444,0.44999999999999996,{},0.4563316000003397
107,classical/MDM,classical,5,0.5555555555555556,0.8,{},0.4563316000003397
107,classical/MDM,classical,6,0.5555555555555556,0.75,{},0.4563316000003397
107,classical/MDM,classical,7,0.3333333333333333,0.39999999999999997,{},0.4563316000003397
107,classical/MDM,classical,8,0.4444444444444444,0.45000000000000007,{},0.4563316000003397
107,classical/MDM,classical,9,0.6666666666666666,0.75,{},0.4563316000003397
107,classical/MDM,classical,10,0.6666666666666666,0.8,{},0.4563316000003397
107,classical/MDM,classical,11,0.5555555555555556,0.45,{},0.4563316000003397
107,classical/MDM,classical,12,0.3333333333333333,0.25,{},0.4563316000003397
107,classical/MDM,classical,13,0.4444444444444444,0.6,{},0.4563316000003397
107,classical/MDM,classical,14,0.5555555555555556,0.55,{},0.4563316000003397
107,classical/TS+LR,classical,0,0.2222222222222222,0.4,"{""clf__C"": 0.1}",4.759351799999422
107,classical/TS+LR,classical,1,0.6666666666666666,0.75,"{""clf__C"": 1.0}",4.759351799999422
107,classical/TS+LR,classical,2,0.7777777777777778,0.7000000000000001,"{""clf__C"": 0.1}",4.759351799999422
107,classical/TS+LR,classical,3,0.3333333333333333,0.35,"{""clf__C"": 1.0}",4.759351799999422
107,classical/TS+LR,classical,4,0.6666666666666666,0.44999999999999996,"{""clf__C"": 0.1}",4.759351799999422
107,classical/TS+LR,classical,5,0.4444444444444444,0.6500000000000001,"{""clf__C"": 10.0}",4.759351799999422
107,classical/TS+LR,classical,6,0.4444444444444444,0.6,"{""clf__C"": 0.1}",4.759351799999422
107,classical/TS+LR,classical,7,0.2222222222222222,0.3,"{""clf__C"": 1.0}",4.759351799999422
107,classical/TS+LR,classical,8,0.4444444444444444,0.5,"{""clf__C"": 1.0}",4.759351799999422
107,classical/TS+LR,classical,9,0.8888888888888888,0.8500000000000001,"{""clf__C"": 0.1}",4.759351799999422
107,classical/TS+LR,classical,10,0.5555555555555556,0.6,"{""clf__C"": 0.1}",4.759351799999422
107,classical/TS+LR,classical,11,0.3333333333333333,0.19999999999999998,"{""clf__C"": 1.0}",4.759351799999422
107,classical/TS+LR,classical,12,0.4444444444444444,0.3,"{""clf__C"": 0.1}",4.759351799999422
107,classical/TS+LR,classical,13,0.7777777777777778,0.75,"{""clf__C"": 10.0}",4.759351799999422
107,classical/TS+LR,classical,14,0.4444444444444444,0.65,"{""clf__C"": 0.1}",4.759351799999422
107,classical/TS+RBF-SVM,classical,0,0.4444444444444444,0.35,"{""clf__C"": 10.0, ""clf__gamma"": 0.01}",12.54073100000096
107,classical/TS+RBF-SVM,classical,1,0.5555555555555556,0.9500000000000001,"{""clf__C"": 0.1, ""clf__gamma"": ""scale""}",12.54073100000096
107,classical/TS+RBF-SVM,classical,2,0.5555555555555556,0.45000000000000007,"{""clf__C"": 1.0, ""clf__gamma"": ""scale""}",12.54073100000096
107,classical/TS+RBF-SVM,classical,3,0.5555555555555556,0.75,"{""clf__C"": 0.1, ""clf__gamma"": ""scale""}",12.54073100000096
107,classical/TS+RBF-SVM,classical,4,0.5555555555555556,0.6,"{""clf__C"": 10.0, ""clf__gamma"": 0.01}",12.54073100000096
107,classical/TS+RBF-SVM,classical,5,0.6666666666666666,0.85,"{""clf__C"": 10.0, ""clf__gamma"": 0.01}",12.54073100000096
107,classical/TS+RBF-SVM,classical,6,0.6666666666666666,0.5499999999999999,"{""clf__C"": 10.0, ""clf__gamma"": 0.01}",12.54073100000096
107,classical/TS+RBF-SVM,classical,7,0.5555555555555556,0.6,"{""clf__C"": 0.1, ""clf__gamma"": ""scale""}",12.54073100000096
107,classical/TS+RBF-SVM,classical,8,0.6666666666666666,0.5,"{""clf__C"": 1.0, ""clf__gamma"": 0.01}",12.54073100000096
107,classical/TS+RBF-SVM,classical,9,0.6666666666666666,0.8,"{""clf__C"": 1.0, ""clf__gamma"": 0.01}",12.54073100000096
107,classical/TS+RBF-SVM,classical,10,0.4444444444444444,0.85,"{""clf__C"": 0.1, ""clf__gamma"": ""scale""}",12.54073100000096
107,classical/TS+RBF-SVM,classical,11,0.4444444444444444,0.44999999999999996,"{""clf__C"": 10.0, ""clf__gamma"": 0.01}",12.54073100000096
107,classical/TS+RBF-SVM,classical,12,0.4444444444444444,0.35,"{""clf__C"": 1.0, ""clf__gamma"": ""scale""}",12.54073100000096
107,classical/TS+RBF-SVM,classical,13,0.5555555555555556,0.75,"{""clf__C"": 10.0, ""clf__gamma"": 0.01}",12.54073100000096
107,classical/TS+RBF-SVM,classical,14,0.4444444444444444,0.5,"{""clf__C"": 1.0, ""clf__gamma"": 0.01}",12.54073100000096
107,quantum/HS-overlap-SVM,quantum,0,0.4444444444444444,0.30000000000000004,"{""clf__C"": 0.1}",3.7662319999999454
107,quantum/HS-overlap-SVM,quantum,1,0.5555555555555556,0.55,"{""clf__C"": 0.1}",3.7662319999999454
107,quantum/HS-overlap-SVM,quantum,2,0.5555555555555556,0.75,"{""clf__C"": 0.1}",3.7662319999999454
107,quantum/HS-overlap-SVM,quantum,3,0.5555555555555556,0.6000000000000001,"{""clf__C"": 0.1}",3.7662319999999454
107,quantum/HS-overlap-SVM,quantum,4,0.5555555555555556,0.75,"{""clf__C"": 0.1}",3.7662319999999454
107,quantum/HS-overlap-SVM,quantum,5,0.4444444444444444,0.65,"{""clf__C"": 0.1}",3.7662319999999454
107,quantum/HS-overlap-SVM,quantum,6,0.5555555555555556,0.5,"{""clf__C"": 0.1}",3.7662319999999454
107,quantum/HS-overlap-SVM,quantum,7,0.5555555555555556,0.4,"{""clf__C"": 0.1}",3.7662319999999454
107,quantum/HS-overlap-SVM,quantum,8,0.5555555555555556,0.24999999999999997,"{""clf__C"": 0.1}",3.7662319999999454
107,quantum/HS-overlap-SVM,quantum,9,0.5555555555555556,0.9,"{""clf__C"": 0.1}",3.7662319999999454
107,quantum/HS-overlap-SVM,quantum,10,0.4444444444444444,0.65,"{""clf__C"": 0.1}",3.7662319999999454
107,quantum/HS-overlap-SVM,quantum,11,0.5555555555555556,0.55,"{""clf__C"": 0.1}",3.7662319999999454
107,quantum/HS-overlap-SVM,quantum,12,0.5555555555555556,0.55,"{""clf__C"": 0.1}",3.7662319999999454
107,quantum/HS-overlap-SVM,quantum,13,0.5555555555555556,0.5,"{""clf__C"": 0.1}",3.7662319999999454
107,quantum/HS-overlap-SVM,quantum,14,0.5555555555555556,0.25,"{""clf__C"": 0.1}",3.7662319999999454
107,quantum/Fidelity-SVM,quantum,0,0.4444444444444444,0.55,"{""clf__C"": 0.1}",5.308471099999224
107,quantum/Fidelity-SVM,quantum,1,0.5555555555555556,0.65,"{""clf__C"": 0.1}",5.308471099999224
107,quantum/Fidelity-SVM,quantum,2,0.5555555555555556,0.6,"{""clf__C"": 0.1}",5.308471099999224
107,quantum/Fidelity-SVM,quantum,3,0.5555555555555556,0.5499999999999999,"{""clf__C"": 0.1}",5.308471099999224
107,quantum/Fidelity-SVM,quantum,4,0.5555555555555556,0.5499999999999999,"{""clf__C"": 0.1}",5.308471099999224
107,quantum/Fidelity-SVM,quantum,5,0.4444444444444444,0.7,"{""clf__C"": 0.1}",5.308471099999224
107,quantum/Fidelity-SVM,quantum,6,0.5555555555555556,0.7,"{""clf__C"": 0.1}",5.308471099999224
107,quantum/Fidelity-SVM,quantum,7,0.5555555555555556,0.35,"{""clf__C"": 0.1}",5.308471099999224
107,quantum/Fidelity-SVM,quantum,8,0.5555555555555556,0.35,"{""clf__C"": 0.1}",5.308471099999224
107,quantum/Fidelity-SVM,quantum,9,0.5555555555555556,0.7,"{""clf__C"": 0.1}",5.308471099999224
107,quantum/Fidelity-SVM,quantum,10,0.4444444444444444,0.9,"{""clf__C"": 0.1}",5.308471099999224
107,quantum/Fidelity-SVM,quantum,11,0.5555555555555556,0.75,"{""clf__C"": 0.1}",5.308471099999224
107,quantum/Fidelity-SVM,quantum,12,0.5555555555555556,0.2,"{""clf__C"": 0.1}",5.308471099999224
107,quantum/Fidelity-SVM,quantum,13,0.5555555555555556,0.49999999999999994,"{""clf__C"": 0.1}",5.308471099999224
107,quantum/Fidelity-SVM,quantum,14,0.5555555555555556,0.25,"{""clf__C"": 0.1}",5.308471099999224
107,quantum/HS-RBF-SVM,quantum,0,0.4444444444444444,0.4,"{""clf__C"": 1.0, ""clf__gamma_mult"": 0.25}",10.6070763000007
107,quantum/HS-RBF-SVM,quantum,1,0.5555555555555556,0.55,"{""clf__C"": 0.1, ""clf__gamma_mult"": 0.25}",10.6070763000007
107,quantum/HS-RBF-SVM,quantum,2,0.5555555555555556,0.49999999999999994,"{""clf__C"": 0.1, ""clf__gamma_mult"": 0.25}",10.6070763000007
107,quantum/HS-RBF-SVM,quantum,3,0.3333333333333333,0.5,"{""clf__C"": 1.0, ""clf__gamma_mult"": 4.0}",10.6070763000007
107,quantum/HS-RBF-SVM,quantum,4,0.5555555555555556,0.5499999999999999,"{""clf__C"": 1.0, ""clf__gamma_mult"": 0.25}",10.6070763000007
107,quantum/HS-RBF-SVM,quantum,5,0.4444444444444444,0.5,"{""clf__C"": 0.1, ""clf__gamma_mult"": 0.25}",10.6070763000007
107,quantum/HS-RBF-SVM,quantum,6,0.5555555555555556,0.6000000000000001,"{""clf__C"": 0.1, ""clf__gamma_mult"": 0.25}",10.6070763000007
107,quantum/HS-RBF-SVM,quantum,7,0.4444444444444444,0.3,"{""clf__C"": 1.0, ""clf__gamma_mult"": 0.25}",10.6070763000007
107,quantum/HS-RBF-SVM,quantum,8,0.4444444444444444,0.35,"{""clf__C"": 10.0, ""clf__gamma_mult"": 1.0}",10.6070763000007
107,quantum/HS-RBF-SVM,quantum,9,0.5555555555555556,0.7,"{""clf__C"": 0.1, ""clf__gamma_mult"": 0.25}",10.6070763000007
107,quantum/HS-RBF-SVM,quantum,10,0.6666666666666666,0.6,"{""clf__C"": 10.0, ""clf__gamma_mult"": 4.0}",10.6070763000007
107,quantum/HS-RBF-SVM,quantum,11,0.5555555555555556,0.2,"{""clf__C"": 0.1, ""clf__gamma_mult"": 0.25}",10.6070763000007
107,quantum/HS-RBF-SVM,quantum,12,0.5555555555555556,0.25,"{""clf__C"": 0.1, ""clf__gamma_mult"": 0.25}",10.6070763000007
107,quantum/HS-RBF-SVM,quantum,13,0.5555555555555556,0.39999999999999997,"{""clf__C"": 1.0, ""clf__gamma_mult"": 0.25}",10.6070763000007
107,quantum/HS-RBF-SVM,quantum,14,0.1111111111111111,0.1,"{""clf__C"": 10.0, ""clf__gamma_mult"": 0.25}",10.6070763000007
107,quantum/Bures-RBF-SVM,quantum,0,0.4444444444444444,0.5,"{""clf__C"": 0.1, ""clf__gamma_mult"": 0.25}",13.913008300000001
107,quantum/Bures-RBF-SVM,quantum,1,0.5555555555555556,0.7000000000000001,"{""clf__C"": 0.1, ""clf__gamma_mult"": 0.25}",13.913008300000001
107,quantum/Bures-RBF-SVM,quantum,2,0.5555555555555556,0.55,"{""clf__C"": 0.1, ""clf__gamma_mult"": 0.25}",13.913008300000001
107,quantum/Bures-RBF-SVM,quantum,3,0.5555555555555556,0.35,"{""clf__C"": 1.0, ""clf__gamma_mult"": 4.0}",13.913008300000001
107,quantum/Bures-RBF-SVM,quantum,4,0.4444444444444444,0.5,"{""clf__C"": 1.0, ""clf__gamma_mult"": 4.0}",13.913008300000001
107,quantum/Bures-RBF-SVM,quantum,5,0.4444444444444444,0.6,"{""clf__C"": 0.1, ""clf__gamma_mult"": 0.25}",13.913008300000001
107,quantum/Bures-RBF-SVM,quantum,6,0.5555555555555556,0.6,"{""clf__C"": 0.1, ""clf__gamma_mult"": 0.25}",13.913008300000001
107,quantum/Bures-RBF-SVM,quantum,7,0.5555555555555556,0.4,"{""clf__C"": 1.0, ""clf__gamma_mult"": 0.25}",13.913008300000001
107,quantum/Bures-RBF-SVM,quantum,8,0.4444444444444444,0.15,"{""clf__C"": 10.0, ""clf__gamma_mult"": 0.25}",13.913008300000001
107,quantum/Bures-RBF-SVM,quantum,9,0.5555555555555556,0.8,"{""clf__C"": 0.1, ""clf__gamma_mult"": 0.25}",13.913008300000001
107,quantum/Bures-RBF-SVM,quantum,10,0.4444444444444444,0.8,"{""clf__C"": 0.1, ""clf__gamma_mult"": 0.25}",13.913008300000001
107,quantum/Bures-RBF-SVM,quantum,11,0.5555555555555556,0.3,"{""clf__C"": 0.1, ""clf__gamma_mult"": 0.25}",13.913008300000001
107,quantum/Bures-RBF-SVM,quantum,12,0.5555555555555556,0.3,"{""clf__C"": 0.1, ""clf__gamma_mult"": 0.25}",13.913008300000001
107,quantum/Bures-RBF-SVM,quantum,13,0.4444444444444444,0.35,"{""clf__C"": 1.0, ""clf__gamma_mult"": 0.25}",13.913008300000001
107,quantum/Bures-RBF-SVM,quantum,14,0.3333333333333333,0.25,"{""clf__C"": 10.0, ""clf__gamma_mult"": 4.0}",13.913008300000001
107,quantum/QRE-RBF-SVM,quantum,0,0.4444444444444444,0.5,"{""clf__C"": 0.1, ""clf__gamma_mult"": 0.25}",12.61909039999955
107,quantum/QRE-RBF-SVM,quantum,1,0.5555555555555556,0.7000000000000001,"{""clf__C"": 0.1, ""clf__gamma_mult"": 0.25}",12.61909039999955
107,quantum/QRE-RBF-SVM,quantum,2,0.5555555555555556,0.6,"{""clf__C"": 0.1, ""clf__gamma_mult"": 0.25}",12.61909039999955
107,quantum/QRE-RBF-SVM,quantum,3,0.5555555555555556,0.49999999999999994,"{""clf__C"": 1.0, ""clf__gamma_mult"": 4.0}",12.61909039999955
107,quantum/QRE-RBF-SVM,quantum,4,0.4444444444444444,0.6000000000000001,"{""clf__C"": 10.0, ""clf__gamma_mult"": 1.0}",12.61909039999955
107,quantum/QRE-RBF-SVM,quantum,5,0.4444444444444444,0.65,"{""clf__C"": 0.1, ""clf__gamma_mult"": 0.25}",12.61909039999955
107,quantum/QRE-RBF-SVM,quantum,6,0.3333333333333333,0.5499999999999999,"{""clf__C"": 10.0, ""clf__gamma_mult"": 1.0}",12.61909039999955
107,quantum/QRE-RBF-SVM,quantum,7,0.4444444444444444,0.44999999999999996,"{""clf__C"": 1.0, ""clf__gamma_mult"": 0.25}",12.61909039999955
107,quantum/QRE-RBF-SVM,quantum,8,0.3333333333333333,0.1,"{""clf__C"": 10.0, ""clf__gamma_mult"": 0.25}",12.61909039999955
107,quantum/QRE-RBF-SVM,quantum,9,0.5555555555555556,0.9,"{""clf__C"": 0.1, ""clf__gamma_mult"": 0.25}",12.61909039999955
107,quantum/QRE-RBF-SVM,quantum,10,0.7777777777777778,0.7,"{""clf__C"": 10.0, ""clf__gamma_mult"": 4.0}",12.61909039999955
107,quantum/QRE-RBF-SVM,quantum,11,0.5555555555555556,0.3,"{""clf__C"": 0.1, ""clf__gamma_mult"": 0.25}",12.61909039999955
107,quantum/QRE-RBF-SVM,quantum,12,0.5555555555555556,0.3,"{""clf__C"": 0.1, ""clf__gamma_mult"": 0.25}",12.61909039999955
107,quantum/QRE-RBF-SVM,quantum,13,0.5555555555555556,0.39999999999999997,"{""clf__C"": 1.0, ""clf__gamma_mult"": 0.25}",12.61909039999955
107,quantum/QRE-RBF-SVM,quantum,14,0.3333333333333333,0.19999999999999998,"{""clf__C"": 10.0, ""clf__gamma_mult"": 4.0}",12.61909039999955
107,quantum/HS-overlap-ref-SVM,quantum,0,0.1111111111111111,0.25,"{""clf__C"": 10.0}",4.568424999999479
107,quantum/HS-overlap-ref-SVM,quantum,1,0.5555555555555556,0.5499999999999999,"{""clf__C"": 0.1}",4.568424999999479
107,quantum/HS-overlap-ref-SVM,quantum,2,0.7777777777777778,0.75,"{""clf__C"": 10.0}",4.568424999999479
107,quantum/HS-overlap-ref-SVM,quantum,3,0.7777777777777778,0.7,"{""clf__C"": 10.0}",4.568424999999479
107,quantum/HS-overlap-ref-SVM,quantum,4,0.5555555555555556,0.55,"{""clf__C"": 10.0}",4.568424999999479
107,quantum/HS-overlap-ref-SVM,quantum,5,0.4444444444444444,0.8,"{""clf__C"": 0.1}",4.568424999999479
107,quantum/HS-overlap-ref-SVM,quantum,6,0.5555555555555556,0.75,"{""clf__C"": 10.0}",4.568424999999479
107,quantum/HS-overlap-ref-SVM,quantum,7,0.5555555555555556,0.5499999999999999,"{""clf__C"": 10.0}",4.568424999999479
107,quantum/HS-overlap-ref-SVM,quantum,8,0.4444444444444444,0.39999999999999997,"{""clf__C"": 10.0}",4.568424999999479
107,quantum/HS-overlap-ref-SVM,quantum,9,0.6666666666666666,0.75,"{""clf__C"": 10.0}",4.568424999999479
107,quantum/HS-overlap-ref-SVM,quantum,10,0.6666666666666666,0.65,"{""clf__C"": 10.0}",4.568424999999479
107,quantum/HS-overlap-ref-SVM,quantum,11,0.4444444444444444,0.6,"{""clf__C"": 10.0}",4.568424999999479
107,quantum/HS-overlap-ref-SVM,quantum,12,0.6666666666666666,0.6,"{""clf__C"": 10.0}",4.568424999999479
107,quantum/HS-overlap-ref-SVM,quantum,13,0.5555555555555556,0.8,"{""clf__C"": 0.1}",4.568424999999479
107,quantum/HS-overlap-ref-SVM,quantum,14,0.5555555555555556,0.5,"{""clf__C"": 10.0}",4.568424999999479
107,quantum/Fidelity-ref-SVM,quantum,0,0.3333333333333333,0.25,"{""clf__C"": 10.0}",6.241074900000967
107,quantum/Fidelity-ref-SVM,quantum,1,0.6666666666666666,0.5499999999999999,"{""clf__C"": 10.0}",6.241074900000967
107,quantum/Fidelity-ref-SVM,quantum,2,0.5555555555555556,0.7000000000000001,"{""clf__C"": 0.1}",6.241074900000967
107,quantum/Fidelity-ref-SVM,quantum,3,0.5555555555555556,0.65,"{""clf__C"": 10.0}",6.241074900000967
107,quantum/Fidelity-ref-SVM,quantum,4,0.4444444444444444,0.55,"{""clf__C"": 10.0}",6.241074900000967
107,quantum/Fidelity-ref-SVM,quantum,5,0.4444444444444444,0.7500000000000001,"{""clf__C"": 0.1}",6.241074900000967
107,quantum/Fidelity-ref-SVM,quantum,6,0.5555555555555556,0.7000000000000001,"{""clf__C"": 10.0}",6.241074900000967
107,quantum/Fidelity-ref-SVM,quantum,7,0.5555555555555556,0.6000000000000001,"{""clf__C"": 0.1}",6.241074900000967
107,quantum/Fidelity-ref-SVM,quantum,8,0.3333333333333333,0.45,"{""clf__C"": 10.0}",6.241074900000967
107,quantum/Fidelity-ref-SVM,quantum,9,0.5555555555555556,0.8,"{""clf__C"": 0.1}",6.241074900000967
107,quantum/Fidelity-ref-SVM,quantum,10,0.5555555555555556,0.6,"{""clf__C"": 10.0}",6.241074900000967
107,quantum/Fidelity-ref-SVM,quantum,11,0.5555555555555556,0.35,"{""clf__C"": 0.1}",6.241074900000967
107,quantum/Fidelity-ref-SVM,quantum,12,0.5555555555555556,0.49999999999999994,"{""clf__C"": 0.1}",6.241074900000967
107,quantum/Fidelity-ref-SVM,quantum,13,0.6666666666666666,0.75,"{""clf__C"": 10.0}",6.241074900000967
107,quantum/Fidelity-ref-SVM,quantum,14,0.5555555555555556,0.5,"{""clf__C"": 10.0}",6.241074900000967
107,quantum/HS-RBF-ref-SVM,quantum,0,0.3333333333333333,0.4,"{""clf__C"": 10.0, ""clf__gamma_mult"": 1.0}",12.727202899999611
107,quantum/HS-RBF-ref-SVM,quantum,1,0.8888888888888888,0.8,"{""clf__C"": 10.0, ""clf__gamma_mult"": 1.0}",12.727202899999611
107,quantum/HS-RBF-ref-SVM,quantum,2,0.8888888888888888,0.9500000000000001,"{""clf__C"": 10.0, ""clf__gamma_mult"": 1.0}",12.727202899999611
107,quantum/HS-RBF-ref-SVM,quantum,3,0.6666666666666666,0.6000000000000001,"{""clf__C"": 1.0, ""clf__gamma_mult"": 4.0}",12.727202899999611
107,quantum/HS-RBF-ref-SVM,quantum,4,0.4444444444444444,0.35,"{""clf__C"": 10.0, ""clf__gamma_mult"": 4.0}",12.727202899999611
107,quantum/HS-RBF-ref-SVM,quantum,5,0.4444444444444444,0.65,"{""clf__C"": 0.1, ""clf__gamma_mult"": 0.25}",12.727202899999611
107,quantum/HS-RBF-ref-SVM,quantum,6,0.5555555555555556,0.6,"{""clf__C"": 10.0, ""clf__gamma_mult"": 1.0}",12.727202899999611
107,quantum/HS-RBF-ref-SVM,quantum,7,0.5555555555555556,0.6000000000000001,"{""clf__C"": 10.0, ""clf__gamma_mult"": 0.25}",12.727202899999611
107,quantum/HS-RBF-ref-SVM,quantum,8,0.3333333333333333,0.3,"{""clf__C"": 10.0, ""clf__gamma_mult"": 0.25}",12.727202899999611
107,quantum/HS-RBF-ref-SVM,quantum,9,0.5555555555555556,0.6000000000000001,"{""clf__C"": 10.0, ""clf__gamma_mult"": 4.0}",12.727202899999611
107,quantum/HS-RBF-ref-SVM,quantum,10,0.5555555555555556,0.6,"{""clf__C"": 10.0, ""clf__gamma_mult"": 0.25}",12.727202899999611
107,quantum/HS-RBF-ref-SVM,quantum,11,0.5555555555555556,0.55,"{""clf__C"": 10.0, ""clf__gamma_mult"": 0.25}",12.727202899999611
107,quantum/HS-RBF-ref-SVM,quantum,12,0.5555555555555556,0.5499999999999999,"{""clf__C"": 1.0, ""clf__gamma_mult"": 4.0}",12.727202899999611
107,quantum/HS-RBF-ref-SVM,quantum,13,0.6666666666666666,0.75,"{""clf__C"": 10.0, ""clf__gamma_mult"": 0.25}",12.727202899999611
107,quantum/HS-RBF-ref-SVM,quantum,14,0.3333333333333333,0.4,"{""clf__C"": 1.0, ""clf__gamma_mult"": 1.0}",12.727202899999611
107,quantum/Bures-RBF-ref-SVM,quantum,0,0.3333333333333333,0.25,"{""clf__C"": 10.0, ""clf__gamma_mult"": 0.25}",16.547724999998536
107,quantum/Bures-RBF-ref-SVM,quantum,1,0.5555555555555556,0.6000000000000001,"{""clf__C"": 0.1, ""clf__gamma_mult"": 0.25}",16.547724999998536
107,quantum/Bures-RBF-ref-SVM,quantum,2,0.5555555555555556,0.7000000000000001,"{""clf__C"": 0.1, ""clf__gamma_mult"": 0.25}",16.547724999998536
107,quantum/Bures-RBF-ref-SVM,quantum,3,0.5555555555555556,0.39999999999999997,"{""clf__C"": 10.0, ""clf__gamma_mult"": 0.25}",16.547724999998536
107,quantum/Bures-RBF-ref-SVM,quantum,4,0.6666666666666666,0.65,"{""clf__C"": 10.0, ""clf__gamma_mult"": 0.25}",16.547724999998536
107,quantum/Bures-RBF-ref-SVM,quantum,5,0.4444444444444444,1.0,"{""clf__C"": 1.0, ""clf__gamma_mult"": 4.0}",16.547724999998536
107,quantum/Bures-RBF-ref-SVM,quantum,6,0.6666666666666666,0.65,"{""clf__C"": 10.0, ""clf__gamma_mult"": 1.0}",16.547724999998536
107,quantum/Bures-RBF-ref-SVM,quantum,7,0.5555555555555556,0.6000000000000001,"{""clf__C"": 10.0, ""clf__gamma_mult"": 0.25}",16.547724999998536
107,quantum/Bures-RBF-ref-SVM,quantum,8,0.3333333333333333,0.3,"{""clf__C"": 10.0, ""clf__gamma_mult"": 0.25}",16.547724999998536
107,quantum/Bures-RBF-ref-SVM,quantum,9,0.5555555555555556,0.6000000000000001,"{""clf__C"": 10.0, ""clf__gamma_mult"": 4.0}",16.547724999998536
107,quantum/Bures-RBF-ref-SVM,quantum,10,0.5555555555555556,0.6,"{""clf__C"": 10.0, ""clf__gamma_mult"": 0.25}",16.547724999998536
107,quantum/Bures-RBF-ref-SVM,quantum,11,0.5555555555555556,0.5,"{""clf__C"": 10.0, ""clf__gamma_mult"": 0.25}",16.547724999998536
107,quantum/Bures-RBF-ref-SVM,quantum,12,0.4444444444444444,0.7,"{""clf__C"": 1.0, ""clf__gamma_mult"": 4.0}",16.547724999998536
107,quantum/Bures-RBF-ref-SVM,quantum,13,0.7777777777777778,0.75,"{""clf__C"": 10.0, ""clf__gamma_mult"": 1.0}",16.547724999998536
107,quantum/Bures-RBF-ref-SVM,quantum,14,0.5555555555555556,0.65,"{""clf__C"": 10.0, ""clf__gamma_mult"": 4.0}",16.547724999998536
107,quantum/QRE-RBF-ref-SVM,quantum,0,0.3333333333333333,0.3,"{""clf__C"": 10.0, ""clf__gamma_mult"": 0.25}",14.611772199999905
107,quantum/QRE-RBF-ref-SVM,quantum,1,0.7777777777777778,0.8,"{""clf__C"": 10.0, ""clf__gamma_mult"": 1.0}",14.611772199999905
107,quantum/QRE-RBF-ref-SVM,quantum,2,0.5555555555555556,0.7000000000000001,"{""clf__C"": 0.1, ""clf__gamma_mult"": 0.25}",14.611772199999905
107,quantum/QRE-RBF-ref-SVM,quantum,3,0.5555555555555556,0.5,"{""clf__C"": 10.0, ""clf__gamma_mult"": 0.25}",14.611772199999905
107,quantum/QRE-RBF-ref-SVM,quantum,4,0.4444444444444444,0.44999999999999996,"{""clf__C"": 1.0, ""clf__gamma_mult"": 1.0}",14.611772199999905
107,quantum/QRE-RBF-ref-SVM,quantum,5,0.4444444444444444,1.0,"{""clf__C"": 1.0, ""clf__gamma_mult"": 4.0}",14.611772199999905
107,quantum/QRE-RBF-ref-SVM,quantum,6,0.5555555555555556,0.65,"{""clf__C"": 10.0, ""clf__gamma_mult"": 1.0}",14.611772199999905
107,quantum/QRE-RBF-ref-SVM,quantum,7,0.5555555555555556,0.6000000000000001,"{""clf__C"": 10.0, ""clf__gamma_mult"": 0.25}",14.611772199999905
107,quantum/QRE-RBF-ref-SVM,quantum,8,0.3333333333333333,0.3,"{""clf__C"": 10.0, ""clf__gamma_mult"": 0.25}",14.611772199999905
107,quantum/QRE-RBF-ref-SVM,quantum,9,0.5555555555555556,0.6000000000000001,"{""clf__C"": 10.0, ""clf__gamma_mult"": 4.0}",14.611772199999905
107,quantum/QRE-RBF-ref-SVM,quantum,10,0.5555555555555556,0.6,"{""clf__C"": 10.0, ""clf__gamma_mult"": 0.25}",14.611772199999905
107,quantum/QRE-RBF-ref-SVM,quantum,11,0.5555555555555556,0.5,"{""clf__C"": 10.0, ""clf__gamma_mult"": 0.25}",14.611772199999905
107,quantum/QRE-RBF-ref-SVM,quantum,12,0.4444444444444444,0.7,"{""clf__C"": 1.0, ""clf__gamma_mult"": 4.0}",14.611772199999905
107,quantum/QRE-RBF-ref-SVM,quantum,13,0.7777777777777778,0.75,"{""clf__C"": 10.0, ""clf__gamma_mult"": 1.0}",14.611772199999905
107,quantum/QRE-RBF-ref-SVM,quantum,14,0.5555555555555556,0.65,"{""clf__C"": 10.0, ""clf__gamma_mult"": 4.0}",14.611772199999905
107,quantum/IQP-kernel-SVM,quantum,0,0.4444444444444444,0.65,"{""clf__C"": 0.1, ""clf__scale"": 0.5}",20.63447939999969
107,quantum/IQP-kernel-SVM,quantum,1,0.6666666666666666,0.6000000000000001,"{""clf__C"": 10.0, ""clf__scale"": 2.0}",20.63447939999969
107,quantum/IQP-kernel-SVM,quantum,2,0.5555555555555556,0.35,"{""clf__C"": 1.0, ""clf__scale"": 1.0}",20.63447939999969
107,quantum/IQP-kernel-SVM,quantum,3,0.5555555555555556,0.5,"{""clf__C"": 1.0, ""clf__scale"": 0.5}",20.63447939999969
107,quantum/IQP-kernel-SVM,quantum,4,0.4444444444444444,0.3,"{""clf__C"": 10.0, ""clf__scale"": 0.5}",20.63447939999969
107,quantum/IQP-kernel-SVM,quantum,5,0.5555555555555556,0.55,"{""clf__C"": 1.0, ""clf__scale"": 0.5}",20.63447939999969
107,quantum/IQP-kernel-SVM,quantum,6,0.5555555555555556,0.7,"{""clf__C"": 0.1, ""clf__scale"": 0.5}",20.63447939999969
107,quantum/IQP-kernel-SVM,quantum,7,0.6666666666666666,0.75,"{""clf__C"": 1.0, ""clf__scale"": 2.0}",20.63447939999969
107,quantum/IQP-kernel-SVM,quantum,8,0.7777777777777778,0.6000000000000001,"{""clf__C"": 1.0, ""clf__scale"": 0.5}",20.63447939999969
107,quantum/IQP-kernel-SVM,quantum,9,0.3333333333333333,0.45,"{""clf__C"": 10.0, ""clf__scale"": 0.5}",20.63447939999969
107,quantum/IQP-kernel-SVM,quantum,10,0.4444444444444444,1.0,"{""clf__C"": 0.1, ""clf__scale"": 0.5}",20.63447939999969
107,quantum/IQP-kernel-SVM,quantum,11,0.5555555555555556,0.75,"{""clf__C"": 0.1, ""clf__scale"": 0.5}",20.63447939999969
107,quantum/IQP-kernel-SVM,quantum,12,0.5555555555555556,0.6000000000000001,"{""clf__C"": 1.0, ""clf__scale"": 0.5}",20.63447939999969
107,quantum/IQP-kernel-SVM,quantum,13,0.5555555555555556,0.5499999999999999,"{""clf__C"": 1.0, ""clf__scale"": 2.0}",20.63447939999969
107,quantum/IQP-kernel-SVM,quantum,14,0.2222222222222222,0.24999999999999997,"{""clf__C"": 10.0, ""clf__scale"": 0.5}",20.63447939999969
107,quantum/CNOT-kernel-SVM,quantum,0,0.4444444444444444,0.6,"{""clf__C"": 0.1, ""clf__scale"": 0.5}",18.18985199999952
107,quantum/CNOT-kernel-SVM,quantum,1,0.5555555555555556,0.85,"{""clf__C"": 0.1, ""clf__scale"": 0.5}",18.18985199999952
107,quantum/CNOT-kernel-SVM,quantum,2,0.5555555555555556,0.45,"{""clf__C"": 1.0, ""clf__scale"": 1.0}",18.18985199999952
107,quantum/CNOT-kernel-SVM,quantum,3,0.4444444444444444,0.39999999999999997,"{""clf__C"": 1.0, ""clf__scale"": 1.0}",18.18985199999952
107,quantum/CNOT-kernel-SVM,quantum,4,0.3333333333333333,0.39999999999999997,"{""clf__C"": 1.0, ""clf__scale"": 1.0}",18.18985199999952
107,quantum/CNOT-kernel-SVM,quantum,5,0.4444444444444444,0.25,"{""clf__C"": 10.0, ""clf__scale"": 1.0}",18.18985199999952
107,quantum/CNOT-kernel-SVM,quantum,6,0.6666666666666666,0.7,"{""clf__C"": 1.0, ""clf__scale"": 0.5}",18.18985199999952
107,quantum/CNOT-kernel-SVM,quantum,7,0.5555555555555556,0.6000000000000001,"{""clf__C"": 0.1, ""clf__scale"": 0.5}",18.18985199999952
107,quantum/CNOT-kernel-SVM,quantum,8,0.4444444444444444,0.6000000000000001,"{""clf__C"": 1.0, ""clf__scale"": 0.5}",18.18985199999952
107,quantum/CNOT-kernel-SVM,quantum,9,0.7777777777777778,0.6500000000000001,"{""clf__C"": 1.0, ""clf__scale"": 1.0}",18.18985199999952
107,quantum/CNOT-kernel-SVM,quantum,10,0.4444444444444444,1.0,"{""clf__C"": 0.1, ""clf__scale"": 0.5}",18.18985199999952
107,quantum/CNOT-kernel-SVM,quantum,11,0.5555555555555556,0.45000000000000007,"{""clf__C"": 10.0, ""clf__scale"": 2.0}",18.18985199999952
107,quantum/CNOT-kernel-SVM,quantum,12,0.6666666666666666,0.7000000000000001,"{""clf__C"": 10.0, ""clf__scale"": 0.5}",18.18985199999952
107,quantum/CNOT-kernel-SVM,quantum,13,0.7777777777777778,0.8,"{""clf__C"": 10.0, ""clf__scale"": 0.5}",18.18985199999952
107,quantum/CNOT-kernel-SVM,quantum,14,0.4444444444444444,0.39999999999999997,"{""clf__C"": 10.0, ""clf__scale"": 0.5}",18.18985199999952
107,control/IQP-no-entangle,control,0,0.4444444444444444,0.6,"{""clf__C"": 0.1, ""clf__scale"": 0.5}",16.789371599999868
107,control/IQP-no-entangle,control,1,0.7777777777777778,0.9,"{""clf__C"": 1.0, ""clf__scale"": 1.0}",16.789371599999868
107,control/IQP-no-entangle,control,2,0.3333333333333333,0.55,"{""clf__C"": 1.0, ""clf__scale"": 2.0}",16.789371599999868
107,control/IQP-no-entangle,control,3,0.3333333333333333,0.44999999999999996,"{""clf__C"": 1.0, ""clf__scale"": 1.0}",16.789371599999868
107,control/IQP-no-entangle,control,4,0.3333333333333333,0.35,"{""clf__C"": 1.0, ""clf__scale"": 1.0}",16.789371599999868
107,control/IQP-no-entangle,control,5,0.5555555555555556,0.55,"{""clf__C"": 1.0, ""clf__scale"": 0.5}",16.789371599999868
107,control/IQP-no-entangle,control,6,0.6666666666666666,0.8,"{""clf__C"": 10.0, ""clf__scale"": 1.0}",16.789371599999868
107,control/IQP-no-entangle,control,7,0.5555555555555556,0.7000000000000001,"{""clf__C"": 1.0, ""clf__scale"": 2.0}",16.789371599999868
107,control/IQP-no-entangle,control,8,0.4444444444444444,0.55,"{""clf__C"": 1.0, ""clf__scale"": 0.5}",16.789371599999868
107,control/IQP-no-entangle,control,9,0.4444444444444444,0.6,"{""clf__C"": 1.0, ""clf__scale"": 1.0}",16.789371599999868
107,control/IQP-no-entangle,control,10,0.6666666666666666,0.7,"{""clf__C"": 10.0, ""clf__scale"": 2.0}",16.789371599999868
107,control/IQP-no-entangle,control,11,0.5555555555555556,0.75,"{""clf__C"": 0.1, ""clf__scale"": 0.5}",16.789371599999868
107,control/IQP-no-entangle,control,12,0.5555555555555556,0.55,"{""clf__C"": 10.0, ""clf__scale"": 1.0}",16.789371599999868
107,control/IQP-no-entangle,control,13,0.7777777777777778,0.8,"{""clf__C"": 10.0, ""clf__scale"": 0.5}",16.789371599999868
107,control/IQP-no-entangle,control,14,0.4444444444444444,0.39999999999999997,"{""clf__C"": 10.0, ""clf__scale"": 0.5}",16.789371599999868
107,control/PCA-matched-RBF,control,0,0.4444444444444444,0.55,"{""clf__C"": 0.1, ""clf__gamma"": ""scale""}",13.151739000000816
107,control/PCA-matched-RBF,control,1,0.6666666666666666,0.8,"{""clf__C"": 10.0, ""clf__gamma"": 0.01}",13.151739000000816
107,control/PCA-matched-RBF,control,2,0.3333333333333333,0.25,"{""clf__C"": 10.0, ""clf__gamma"": ""scale""}",13.151739000000816
107,control/PCA-matched-RBF,control,3,0.4444444444444444,0.44999999999999996,"{""clf__C"": 10.0, ""clf__gamma"": 0.1}",13.151739000000816
107,control/PCA-matched-RBF,control,4,0.3333333333333333,0.35,"{""clf__C"": 10.0, ""clf__gamma"": ""scale""}",13.151739000000816
107,control/PCA-matched-RBF,control,5,0.4444444444444444,0.25,"{""clf__C"": 10.0, ""clf__gamma"": ""scale""}",13.151739000000816
107,control/PCA-matched-RBF,control,6,0.6666666666666666,0.7000000000000001,"{""clf__C"": 10.0, ""clf__gamma"": ""scale""}",13.151739000000816
107,control/PCA-matched-RBF,control,7,0.4444444444444444,0.7000000000000001,"{""clf__C"": 1.0, ""clf__gamma"": ""scale""}",13.151739000000816
107,control/PCA-matched-RBF,control,8,0.4444444444444444,0.45,"{""clf__C"": 10.0, ""clf__gamma"": 0.01}",13.151739000000816
107,control/PCA-matched-RBF,control,9,0.5555555555555556,0.85,"{""clf__C"": 10.0, ""clf__gamma"": 0.1}",13.151739000000816
107,control/PCA-matched-RBF,control,10,0.4444444444444444,1.0,"{""clf__C"": 0.1, ""clf__gamma"": ""scale""}",13.151739000000816
107,control/PCA-matched-RBF,control,11,0.5555555555555556,0.9,"{""clf__C"": 0.1, ""clf__gamma"": ""scale""}",13.151739000000816
107,control/PCA-matched-RBF,control,12,0.5555555555555556,0.65,"{""clf__C"": 10.0, ""clf__gamma"": ""scale""}",13.151739000000816
107,control/PCA-matched-RBF,control,13,0.5555555555555556,0.75,"{""clf__C"": 0.1, ""clf__gamma"": ""scale""}",13.151739000000816
107,control/PCA-matched-RBF,control,14,0.4444444444444444,0.39999999999999997,"{""clf__C"": 10.0, ""clf__gamma"": 0.1}",13.151739000000816
107,control/PCA-matched-linear,control,0,0.4444444444444444,0.5,"{""clf__C"": 10.0}",4.799048899998525
107,control/PCA-matched-linear,control,1,0.7777777777777778,0.8,"{""clf__C"": 1.0}",4.799048899998525
107,control/PCA-matched-linear,control,2,0.5555555555555556,0.55,"{""clf__C"": 10.0}",4.799048899998525
107,control/PCA-matched-linear,control,3,0.4444444444444444,0.55,"{""clf__C"": 1.0}",4.799048899998525
107,control/PCA-matched-linear,control,4,0.6666666666666666,0.6,"{""clf__C"": 10.0}",4.799048899998525
107,control/PCA-matched-linear,control,5,0.4444444444444444,0.7,"{""clf__C"": 10.0}",4.799048899998525
107,control/PCA-matched-linear,control,6,0.6666666666666666,0.75,"{""clf__C"": 0.1}",4.799048899998525
107,control/PCA-matched-linear,control,7,0.5555555555555556,0.55,"{""clf__C"": 10.0}",4.799048899998525
107,control/PCA-matched-linear,control,8,0.4444444444444444,0.5,"{""clf__C"": 0.1}",4.799048899998525
107,control/PCA-matched-linear,control,9,0.6666666666666666,0.7000000000000001,"{""clf__C"": 1.0}",4.799048899998525
107,control/PCA-matched-linear,control,10,0.4444444444444444,0.5,"{""clf__C"": 0.1}",4.799048899998525
107,control/PCA-matched-linear,control,11,0.5555555555555556,0.6,"{""clf__C"": 1.0}",4.799048899998525
107,control/PCA-matched-linear,control,12,0.4444444444444444,0.35,"{""clf__C"": 0.1}",4.799048899998525
107,control/PCA-matched-linear,control,13,0.5555555555555556,0.7,"{""clf__C"": 1.0}",4.799048899998525
107,control/PCA-matched-linear,control,14,0.3333333333333333,0.44999999999999996,"{""clf__C"": 1.0}",4.799048899998525
107,control/logeuclid-TS+LR,control,0,0.4444444444444444,0.45,"{""clf__C"": 0.1}",4.207543100001203
107,control/logeuclid-TS+LR,control,1,0.5555555555555556,0.7000000000000001,"{""clf__C"": 0.1}",4.207543100001203
107,control/logeuclid-TS+LR,control,2,0.5555555555555556,0.44999999999999996,"{""clf__C"": 1.0}",4.207543100001203
107,control/logeuclid-TS+LR,control,3,0.6666666666666666,0.5,"{""clf__C"": 0.1}",4.207543100001203
107,control/logeuclid-TS+LR,control,4,0.5555555555555556,0.5499999999999999,"{""clf__C"": 0.1}",4.207543100001203
107,control/logeuclid-TS+LR,control,5,0.4444444444444444,0.75,"{""clf__C"": 0.1}",4.207543100001203
107,control/logeuclid-TS+LR,control,6,0.6666666666666666,0.6000000000000001,"{""clf__C"": 0.1}",4.207543100001203
107,control/logeuclid-TS+LR,control,7,0.4444444444444444,0.35,"{""clf__C"": 0.1}",4.207543100001203
107,control/logeuclid-TS+LR,control,8,0.5555555555555556,0.39999999999999997,"{""clf__C"": 0.1}",4.207543100001203
107,control/logeuclid-TS+LR,control,9,0.6666666666666666,0.6,"{""clf__C"": 0.1}",4.207543100001203
107,control/logeuclid-TS+LR,control,10,0.5555555555555556,0.75,"{""clf__C"": 0.1}",4.207543100001203
107,control/logeuclid-TS+LR,control,11,0.2222222222222222,0.19999999999999996,"{""clf__C"": 10.0}",4.207543100001203
107,control/logeuclid-TS+LR,control,12,0.2222222222222222,0.2,"{""clf__C"": 10.0}",4.207543100001203
107,control/logeuclid-TS+LR,control,13,0.6666666666666666,0.65,"{""clf__C"": 10.0}",4.207543100001203
107,control/logeuclid-TS+LR,control,14,0.5555555555555556,0.25,"{""clf__C"": 0.1}",4.207543100001203
107,control/riemann-kernel-SVM,control,0,0.4444444444444444,0.25,"{""clf__C"": 1.0}",4.378482599999188
107,control/riemann-kernel-SVM,control,1,0.7777777777777778,0.8,"{""clf__C"": 1.0}",4.378482599999188
107,control/riemann-kernel-SVM,control,2,0.6666666666666666,0.5499999999999999,"{""clf__C"": 1.0}",4.378482599999188
107,control/riemann-kernel-SVM,control,3,0.6666666666666666,0.65,"{""clf__C"": 1.0}",4.378482599999188
107,control/riemann-kernel-SVM,control,4,0.5555555555555556,0.6,"{""clf__C"": 10.0}",4.378482599999188
107,control/riemann-kernel-SVM,control,5,0.4444444444444444,0.85,"{""clf__C"": 0.1}",4.378482599999188
107,control/riemann-kernel-SVM,control,6,0.5555555555555556,0.85,"{""clf__C"": 1.0}",4.378482599999188
107,control/riemann-kernel-SVM,control,7,0.3333333333333333,0.39999999999999997,"{""clf__C"": 1.0}",4.378482599999188
107,control/riemann-kernel-SVM,control,8,0.4444444444444444,0.49999999999999994,"{""clf__C"": 1.0}",4.378482599999188
107,control/riemann-kernel-SVM,control,9,0.5555555555555556,0.8,"{""clf__C"": 0.1}",4.378482599999188
107,control/riemann-kernel-SVM,control,10,0.6666666666666666,0.65,"{""clf__C"": 1.0}",4.378482599999188
107,control/riemann-kernel-SVM,control,11,0.2222222222222222,0.09999999999999998,"{""clf__C"": 10.0}",4.378482599999188
107,control/riemann-kernel-SVM,control,12,0.4444444444444444,0.7,"{""clf__C"": 10.0}",4.378482599999188
107,control/riemann-kernel-SVM,control,13,0.4444444444444444,0.6,"{""clf__C"": 1.0}",4.378482599999188
107,control/riemann-kernel-SVM,control,14,0.5555555555555556,0.55,"{""clf__C"": 0.1}",4.378482599999188
107,control/logeuclid-kernel-SVM,control,0,0.5555555555555556,0.45,"{""clf__C"": 10.0}",4.381407999999283
107,control/logeuclid-kernel-SVM,control,1,0.5555555555555556,0.55,"{""clf__C"": 1.0}",4.381407999999283
107,control/logeuclid-kernel-SVM,control,2,0.5555555555555556,0.55,"{""clf__C"": 1.0}",4.381407999999283
107,control/logeuclid-kernel-SVM,control,3,0.6666666666666666,0.5,"{""clf__C"": 1.0}",4.381407999999283
107,control/logeuclid-kernel-SVM,control,4,0.4444444444444444,0.6,"{""clf__C"": 10.0}",4.381407999999283
107,control/logeuclid-kernel-SVM,control,5,0.4444444444444444,0.7,"{""clf__C"": 0.1}",4.381407999999283
107,control/logeuclid-kernel-SVM,control,6,0.5555555555555556,0.75,"{""clf__C"": 0.1}",4.381407999999283
107,control/logeuclid-kernel-SVM,control,7,0.5555555555555556,0.49999999999999994,"{""clf__C"": 10.0}",4.381407999999283
107,control/logeuclid-kernel-SVM,control,8,0.5555555555555556,0.55,"{""clf__C"": 1.0}",4.381407999999283
107,control/logeuclid-kernel-SVM,control,9,0.5555555555555556,0.65,"{""clf__C"": 0.1}",4.381407999999283
107,control/logeuclid-kernel-SVM,control,10,0.4444444444444444,0.55,"{""clf__C"": 0.1}",4.381407999999283
107,control/logeuclid-kernel-SVM,control,11,0.5555555555555556,0.5,"{""clf__C"": 10.0}",4.381407999999283
107,control/logeuclid-kernel-SVM,control,12,0.5555555555555556,0.65,"{""clf__C"": 10.0}",4.381407999999283
107,control/logeuclid-kernel-SVM,control,13,0.4444444444444444,0.6,"{""clf__C"": 1.0}",4.381407999999283
107,control/logeuclid-kernel-SVM,control,14,0.5555555555555556,0.55,"{""clf__C"": 0.1}",4.381407999999283
108,classical/logvar+LDA,classical,0,0.6666666666666666,0.7000000000000001,{},0.08414579999953276
108,classical/logvar+LDA,classical,1,0.6666666666666666,0.6000000000000001,{},0.08414579999953276
108,classical/logvar+LDA,classical,2,0.2222222222222222,0.4,{},0.08414579999953276
108,classical/logvar+LDA,classical,3,0.8888888888888888,0.95,{},0.08414579999953276
108,classical/logvar+LDA,classical,4,0.3333333333333333,0.45,{},0.08414579999953276
108,classical/logvar+LDA,classical,5,0.7777777777777778,0.75,{},0.08414579999953276
108,classical/logvar+LDA,classical,6,0.7777777777777778,0.7,{},0.08414579999953276
108,classical/logvar+LDA,classical,7,0.5555555555555556,0.4,{},0.08414579999953276
108,classical/logvar+LDA,classical,8,0.5555555555555556,0.65,{},0.08414579999953276
108,classical/logvar+LDA,classical,9,0.3333333333333333,0.45000000000000007,{},0.08414579999953276
108,classical/logvar+LDA,classical,10,0.5555555555555556,0.7000000000000001,{},0.08414579999953276
108,classical/logvar+LDA,classical,11,0.6666666666666666,0.75,{},0.08414579999953276
108,classical/logvar+LDA,classical,12,0.6666666666666666,0.5499999999999999,{},0.08414579999953276
108,classical/logvar+LDA,classical,13,0.7777777777777778,0.85,{},0.08414579999953276
108,classical/logvar+LDA,classical,14,0.6666666666666666,0.7,{},0.08414579999953276
108,classical/CSP+LDA,classical,0,0.2222222222222222,0.35,"{""csp__nfilter"": 2}",3.7230593000003864
108,classical/CSP+LDA,classical,1,0.7777777777777778,0.75,"{""csp__nfilter"": 4}",3.7230593000003864
108,classical/CSP+LDA,classical,2,0.7777777777777778,0.8,"{""csp__nfilter"": 4}",3.7230593000003864
108,classical/CSP+LDA,classical,3,0.5555555555555556,0.55,"{""csp__nfilter"": 2}",3.7230593000003864
108,classical/CSP+LDA,classical,4,0.7777777777777778,0.95,"{""csp__nfilter"": 2}",3.7230593000003864
108,classical/CSP+LDA,classical,5,1.0,1.0,"{""csp__nfilter"": 6}",3.7230593000003864
108,classical/CSP+LDA,classical,6,0.7777777777777778,0.8,"{""csp__nfilter"": 6}",3.7230593000003864
108,classical/CSP+LDA,classical,7,0.4444444444444444,0.7,"{""csp__nfilter"": 4}",3.7230593000003864
108,classical/CSP+LDA,classical,8,0.8888888888888888,0.95,"{""csp__nfilter"": 6}",3.7230593000003864
108,classical/CSP+LDA,classical,9,0.8888888888888888,1.0,"{""csp__nfilter"": 6}",3.7230593000003864
108,classical/CSP+LDA,classical,10,0.7777777777777778,0.9,"{""csp__nfilter"": 6}",3.7230593000003864
108,classical/CSP+LDA,classical,11,0.8888888888888888,1.0,"{""csp__nfilter"": 6}",3.7230593000003864
108,classical/CSP+LDA,classical,12,1.0,1.0,"{""csp__nfilter"": 4}",3.7230593000003864
108,classical/CSP+LDA,classical,13,0.7777777777777778,0.9,"{""csp__nfilter"": 4}",3.7230593000003864
108,classical/CSP+LDA,classical,14,0.6666666666666666,0.9,"{""csp__nfilter"": 4}",3.7230593000003864
108,classical/MDM,classical,0,0.6666666666666666,0.8,{},0.4693606999990152
108,classical/MDM,classical,1,0.7777777777777778,0.7000000000000001,{},0.4693606999990152
108,classical/MDM,classical,2,0.3333333333333333,0.30000000000000004,{},0.4693606999990152
108,classical/MDM,classical,3,0.7777777777777778,0.8,{},0.4693606999990152
108,classical/MDM,classical,4,0.4444444444444444,0.7,{},0.4693606999990152
108,classical/MDM,classical,5,0.7777777777777778,0.8500000000000001,{},0.4693606999990152
108,classical/MDM,classical,6,0.5555555555555556,0.75,{},0.4693606999990152
108,classical/MDM,classical,7,0.3333333333333333,0.55,{},0.4693606999990152
108,classical/MDM,classical,8,0.4444444444444444,0.55,{},0.4693606999990152
108,classical/MDM,classical,9,0.5555555555555556,0.45,{},0.4693606999990152
108,classical/MDM,classical,10,0.7777777777777778,0.75,{},0.4693606999990152
108,classical/MDM,classical,11,0.7777777777777778,0.7000000000000001,{},0.4693606999990152
108,classical/MDM,classical,12,0.8888888888888888,0.9,{},0.4693606999990152
108,classical/MDM,classical,13,0.7777777777777778,0.9,{},0.4693606999990152
108,classical/MDM,classical,14,0.5555555555555556,0.6,{},0.4693606999990152
108,classical/TS+LR,classical,0,1.0,1.0,"{""clf__C"": 1.0}",4.77496820000124
108,classical/TS+LR,classical,1,0.7777777777777778,0.75,"{""clf__C"": 0.1}",4.77496820000124
108,classical/TS+LR,classical,2,0.8888888888888888,0.9,"{""clf__C"": 1.0}",4.77496820000124
108,classical/TS+LR,classical,3,1.0,1.0,"{""clf__C"": 1.0}",4.77496820000124
108,classical/TS+LR,classical,4,0.8888888888888888,1.0,"{""clf__C"": 0.1}",4.77496820000124
108,classical/TS+LR,classical,5,1.0,1.0,"{""clf__C"": 1.0}",4.77496820000124
108,classical/TS+LR,classical,6,1.0,1.0,"{""clf__C"": 1.0}",4.77496820000124
108,classical/TS+LR,classical,7,0.7777777777777778,0.8500000000000001,"{""clf__C"": 0.1}",4.77496820000124
108,classical/TS+LR,classical,8,1.0,1.0,"{""clf__C"": 0.1}",4.77496820000124
108,classical/TS+LR,classical,9,0.7777777777777778,0.85,"{""clf__C"": 0.1}",4.77496820000124
108,classical/TS+LR,classical,10,1.0,1.0,"{""clf__C"": 0.1}",4.77496820000124
108,classical/TS+LR,classical,11,1.0,1.0,"{""clf__C"": 10.0}",4.77496820000124
108,classical/TS+LR,classical,12,0.8888888888888888,1.0,"{""clf__C"": 10.0}",4.77496820000124
108,classical/TS+LR,classical,13,0.8888888888888888,0.8500000000000001,"{""clf__C"": 1.0}",4.77496820000124
108,classical/TS+LR,classical,14,0.8888888888888888,1.0,"{""clf__C"": 0.1}",4.77496820000124
108,classical/TS+RBF-SVM,classical,0,1.0,1.0,"{""clf__C"": 10.0, ""clf__gamma"": 0.01}",12.61100339999939
108,classical/TS+RBF-SVM,classical,1,0.8888888888888888,1.0,"{""clf__C"": 10.0, ""clf__gamma"": ""scale""}",12.61100339999939
108,classical/TS+RBF-SVM,classical,2,0.7777777777777778,0.8500000000000001,"{""clf__C"": 10.0, ""clf__gamma"": 0.01}",12.61100339999939
108,classical/TS+RBF-SVM,classical,3,0.8888888888888888,1.0,"{""clf__C"": 10.0, ""clf__gamma"": ""scale""}",12.61100339999939
108,classical/TS+RBF-SVM,classical,4,0.8888888888888888,1.0,"{""clf__C"": 10.0, ""clf__gamma"": 0.01}",12.61100339999939
108,classical/TS+RBF-SVM,classical,5,0.8888888888888888,1.0,"{""clf__C"": 10.0, ""clf__gamma"": 0.01}",12.61100339999939
108,classical/TS+RBF-SVM,classical,6,0.8888888888888888,0.9500000000000001,"{""clf__C"": 10.0, ""clf__gamma"": 0.01}",12.61100339999939
108,classical/TS+RBF-SVM,classical,7,0.7777777777777778,0.9,"{""clf__C"": 10.0, ""clf__gamma"": 0.01}",12.61100339999939
108,classical/TS+RBF-SVM,classical,8,1.0,1.0,"{""clf__C"": 10.0, ""clf__gamma"": 0.01}",12.61100339999939
108,classical/TS+RBF-SVM,classical,9,0.7777777777777778,0.8,"{""clf__C"": 1.0, ""clf__gamma"": ""scale""}",12.61100339999939
108,classical/TS+RBF-SVM,classical,10,0.8888888888888888,0.9500000000000001,"{""clf__C"": 10.0, ""clf__gamma"": ""scale""}",12.61100339999939
108,classical/TS+RBF-SVM,classical,11,1.0,1.0,"{""clf__C"": 10.0, ""clf__gamma"": 0.01}",12.61100339999939
108,classical/TS+RBF-SVM,classical,12,0.7777777777777778,0.95,"{""clf__C"": 10.0, ""clf__gamma"": 0.01}",12.61100339999939
108,classical/TS+RBF-SVM,classical,13,0.8888888888888888,0.8,"{""clf__C"": 10.0, ""clf__gamma"": 0.01}",12.61100339999939
108,classical/TS+RBF-SVM,classical,14,0.8888888888888888,1.0,"{""clf__C"": 10.0, ""clf__gamma"": ""scale""}",12.61100339999939
108,quantum/HS-overlap-SVM,quantum,0,0.6666666666666666,0.6,"{""clf__C"": 10.0}",3.8199612999997044
108,quantum/HS-overlap-SVM,quantum,1,0.4444444444444444,0.6000000000000001,"{""clf__C"": 10.0}",3.8199612999997044
108,quantum/HS-overlap-SVM,quantum,2,0.3333333333333333,0.45000000000000007,"{""clf__C"": 10.0}",3.8199612999997044
108,quantum/HS-overlap-SVM,quantum,3,0.5555555555555556,1.0,"{""clf__C"": 10.0}",3.8199612999997044
108,quantum/HS-overlap-SVM,quantum,4,0.4444444444444444,0.45,"{""clf__C"": 10.0}",3.8199612999997044
108,quantum/HS-overlap-SVM,quantum,5,0.6666666666666666,0.65,"{""clf__C"": 10.0}",3.8199612999997044
108,quantum/HS-overlap-SVM,quantum,6,0.6666666666666666,0.8,"{""clf__C"": 10.0}",3.8199612999997044
108,quantum/HS-overlap-SVM,quantum,7,0.6666666666666666,0.4,"{""clf__C"": 10.0}",3.8199612999997044
108,quantum/HS-overlap-SVM,quantum,8,0.3333333333333333,0.5,"{""clf__C"": 10.0}",3.8199612999997044
108,quantum/HS-overlap-SVM,quantum,9,0.5555555555555556,0.85,"{""clf__C"": 10.0}",3.8199612999997044
108,quantum/HS-overlap-SVM,quantum,10,0.4444444444444444,0.75,"{""clf__C"": 10.0}",3.8199612999997044
108,quantum/HS-overlap-SVM,quantum,11,0.6666666666666666,0.85,"{""clf__C"": 10.0}",3.8199612999997044
108,quantum/HS-overlap-SVM,quantum,12,0.6666666666666666,0.45000000000000007,"{""clf__C"": 10.0}",3.8199612999997044
108,quantum/HS-overlap-SVM,quantum,13,0.7777777777777778,0.75,"{""clf__C"": 10.0}",3.8199612999997044
108,quantum/HS-overlap-SVM,quantum,14,0.5555555555555556,0.75,"{""clf__C"": 10.0}",3.8199612999997044
108,quantum/Fidelity-SVM,quantum,0,0.6666666666666666,0.5499999999999999,"{""clf__C"": 10.0}",5.232478699999774
108,quantum/Fidelity-SVM,quantum,1,0.6666666666666666,0.55,"{""clf__C"": 10.0}",5.232478699999774
108,quantum/Fidelity-SVM,quantum,2,0.3333333333333333,0.5499999999999999,"{""clf__C"": 10.0}",5.232478699999774
108,quantum/Fidelity-SVM,quantum,3,0.7777777777777778,1.0,"{""clf__C"": 10.0}",5.232478699999774
108,quantum/Fidelity-SVM,quantum,4,0.5555555555555556,0.6,"{""clf__C"": 10.0}",5.232478699999774
108,quantum/Fidelity-SVM,quantum,5,0.5555555555555556,0.55,"{""clf__C"": 10.0}",5.232478699999774
108,quantum/Fidelity-SVM,quantum,6,0.5555555555555556,0.7,"{""clf__C"": 10.0}",5.232478699999774
108,quantum/Fidelity-SVM,quantum,7,0.5555555555555556,0.45000000000000007,"{""clf__C"": 10.0}",5.232478699999774
108,quantum/Fidelity-SVM,quantum,8,0.5555555555555556,0.5,"{""clf__C"": 10.0}",5.232478699999774
108,quantum/Fidelity-SVM,quantum,9,0.5555555555555556,0.6499999999999999,"{""clf__C"": 10.0}",5.232478699999774
108,quantum/Fidelity-SVM,quantum,10,0.5555555555555556,0.75,"{""clf__C"": 10.0}",5.232478699999774
108,quantum/Fidelity-SVM,quantum,11,0.7777777777777778,0.65,"{""clf__C"": 10.0}",5.232478699999774
108,quantum/Fidelity-SVM,quantum,12,0.5555555555555556,0.7,"{""clf__C"": 10.0}",5.232478699999774
108,quantum/Fidelity-SVM,quantum,13,0.6666666666666666,0.7,"{""clf__C"": 10.0}",5.232478699999774
108,quantum/Fidelity-SVM,quantum,14,0.6666666666666666,0.75,"{""clf__C"": 10.0}",5.232478699999774
108,quantum/HS-RBF-SVM,quantum,0,0.6666666666666666,0.55,"{""clf__C"": 10.0, ""clf__gamma_mult"": 1.0}",10.611589000000095
108,quantum/HS-RBF-SVM,quantum,1,0.7777777777777778,0.6000000000000001,"{""clf__C"": 10.0, ""clf__gamma_mult"": 1.0}",10.611589000000095
108,quantum/HS-RBF-SVM,quantum,2,0.8888888888888888,1.0,"{""clf__C"": 10.0, ""clf__gamma_mult"": 1.0}",10.611589000000095
108,quantum/HS-RBF-SVM,quantum,3,0.8888888888888888,0.95,"{""clf__C"": 10.0, ""clf__gamma_mult"": 1.0}",10.611589000000095
108,quantum/HS-RBF-SVM,quantum,4,0.5555555555555556,0.65,"{""clf__C"": 1.0, ""clf__gamma_mult"": 4.0}",10.611589000000095
108,quantum/HS-RBF-SVM,quantum,5,0.5555555555555556,0.45000000000000007,"{""clf__C"": 10.0, ""clf__gamma_mult"": 4.0}",10.611589000000095
108,quantum/HS-RBF-SVM,quantum,6,0.6666666666666666,0.85,"{""clf__C"": 10.0, ""clf__gamma_mult"": 1.0}",10.611589000000095
108,quantum/HS-RBF-SVM,quantum,7,0.8888888888888888,0.85,"{""clf__C"": 10.0, ""clf__gamma_mult"": 1.0}",10.611589000000095
108,quantum/HS-RBF-SVM,quantum,8,0.5555555555555556,0.45000000000000007,"{""clf__C"": 10.0, ""clf__gamma_mult"": 0.25}",10.611589000000095
108,quantum/HS-RBF-SVM,quantum,9,0.7777777777777778,0.85,"{""clf__C"": 10.0, ""clf__gamma_mult"": 1.0}",10.611589000000095
108,quantum/HS-RBF-SVM,quantum,10,0.7777777777777778,0.85,"{""clf__C"": 10.0, ""clf__gamma_mult"": 1.0}",10.611589000000095
108,quantum/HS-RBF-SVM,quantum,11,0.8888888888888888,0.85,"{""clf__C"": 10.0, ""clf__gamma_mult"": 1.0}",10.611589000000095
108,quantum/HS-RBF-SVM,quantum,12,0.7777777777777778,0.7500000000000001,"{""clf__C"": 10.0, ""clf__gamma_mult"": 1.0}",10.611589000000095
108,quantum/HS-RBF-SVM,quantum,13,0.5555555555555556,0.65,"{""clf__C"": 1.0, ""clf__gamma_mult"": 1.0}",10.611589000000095
108,quantum/HS-RBF-SVM,quantum,14,0.7777777777777778,0.85,"{""clf__C"": 10.0, ""clf__gamma_mult"": 1.0}",10.611589000000095
108,quantum/Bures-RBF-SVM,quantum,0,0.4444444444444444,0.6000000000000001,"{""clf__C"": 1.0, ""clf__gamma_mult"": 4.0}",13.795021599999018
108,quantum/Bures-RBF-SVM,quantum,1,0.5555555555555556,0.75,"{""clf__C"": 10.0, ""clf__gamma_mult"": 4.0}",13.795021599999018
108,quantum/Bures-RBF-SVM,quantum,2,0.6666666666666666,0.6,"{""clf__C"": 1.0, ""clf__gamma_mult"": 1.0}",13.795021599999018
108,quantum/Bures-RBF-SVM,quantum,3,0.8888888888888888,0.85,"{""clf__C"": 10.0, ""clf__gamma_mult"": 4.0}",13.795021599999018
108,quantum/Bures-RBF-SVM,quantum,4,0.7777777777777778,0.95,"{""clf__C"": 10.0, ""clf__gamma_mult"": 1.0}",13.795021599999018
108,quantum/Bures-RBF-SVM,quantum,5,0.5555555555555556,0.5499999999999999,"{""clf__C"": 10.0, ""clf__gamma_mult"": 4.0}",13.795021599999018
108,quantum/Bures-RBF-SVM,quantum,6,0.6666666666666666,0.75,"{""clf__C"": 10.0, ""clf__gamma_mult"": 1.0}",13.795021599999018
108,quantum/Bures-RBF-SVM,quantum,7,0.7777777777777778,0.8,"{""clf__C"": 10.0, ""clf__gamma_mult"": 4.0}",13.795021599999018
108,quantum/Bures-RBF-SVM,quantum,8,0.5555555555555556,0.55,"{""clf__C"": 1.0, ""clf__gamma_mult"": 0.25}",13.795021599999018
108,quantum/Bures-RBF-SVM,quantum,9,0.7777777777777778,0.7500000000000001,"{""clf__C"": 10.0, ""clf__gamma_mult"": 1.0}",13.795021599999018
108,quantum/Bures-RBF-SVM,quantum,10,0.7777777777777778,0.9500000000000001,"{""clf__C"": 10.0, ""clf__gamma_mult"": 1.0}",13.795021599999018
108,quantum/Bures-RBF-SVM,quantum,11,0.8888888888888888,0.85,"{""clf__C"": 10.0, ""clf__gamma_mult"": 1.0}",13.795021599999018
108,quantum/Bures-RBF-SVM,quantum,12,0.6666666666666666,0.7500000000000001,"{""clf__C"": 10.0, ""clf__gamma_mult"": 1.0}",13.795021599999018
108,quantum/Bures-RBF-SVM,quantum,13,0.8888888888888888,0.85,"{""clf__C"": 10.0, ""clf__gamma_mult"": 4.0}",13.795021599999018
108,quantum/Bures-RBF-SVM,quantum,14,0.7777777777777778,0.9,"{""clf__C"": 10.0, ""clf__gamma_mult"": 4.0}",13.795021599999018
108,quantum/QRE-RBF-SVM,quantum,0,0.7777777777777778,0.9,"{""clf__C"": 10.0, ""clf__gamma_mult"": 1.0}",12.399434700000711
108,quantum/QRE-RBF-SVM,quantum,1,0.6666666666666666,0.6000000000000001,"{""clf__C"": 10.0, ""clf__gamma_mult"": 1.0}",12.399434700000711
108,quantum/QRE-RBF-SVM,quantum,2,0.6666666666666666,0.85,"{""clf__C"": 1.0, ""clf__gamma_mult"": 4.0}",12.399434700000711
108,quantum/QRE-RBF-SVM,quantum,3,0.7777777777777778,0.85,"{""clf__C"": 10.0, ""clf__gamma_mult"": 4.0}",12.399434700000711
108,quantum/QRE-RBF-SVM,quantum,4,0.7777777777777778,0.9,"{""clf__C"": 10.0, ""clf__gamma_mult"": 1.0}",12.399434700000711
108,quantum/QRE-RBF-SVM,quantum,5,0.5555555555555556,0.55,"{""clf__C"": 10.0, ""clf__gamma_mult"": 4.0}",12.399434700000711
108,quantum/QRE-RBF-SVM,quantum,6,0.6666666666666666,0.75,"{""clf__C"": 10.0, ""clf__gamma_mult"": 1.0}",12.399434700000711
108,quantum/QRE-RBF-SVM,quantum,7,0.8888888888888888,0.8,"{""clf__C"": 10.0, ""clf__gamma_mult"": 1.0}",12.399434700000711
108,quantum/QRE-RBF-SVM,quantum,8,0.5555555555555556,0.6,"{""clf__C"": 1.0, ""clf__gamma_mult"": 0.25}",12.399434700000711
108,quantum/QRE-RBF-SVM,quantum,9,0.6666666666666666,0.8500000000000001,"{""clf__C"": 10.0, ""clf__gamma_mult"": 1.0}",12.399434700000711
108,quantum/QRE-RBF-SVM,quantum,10,0.7777777777777778,0.9,"{""clf__C"": 10.0, ""clf__gamma_mult"": 1.0}",12.399434700000711
108,quantum/QRE-RBF-SVM,quantum,11,0.8888888888888888,0.9500000000000001,"{""clf__C"": 10.0, ""clf__gamma_mult"": 1.0}",12.399434700000711
108,quantum/QRE-RBF-SVM,quantum,12,0.7777777777777778,0.7,"{""clf__C"": 10.0, ""clf__gamma_mult"": 1.0}",12.399434700000711
108,quantum/QRE-RBF-SVM,quantum,13,0.8888888888888888,0.85,"{""clf__C"": 10.0, ""clf__gamma_mult"": 4.0}",12.399434700000711
108,quantum/QRE-RBF-SVM,quantum,14,0.6666666666666666,0.9,"{""clf__C"": 10.0, ""clf__gamma_mult"": 4.0}",12.399434700000711
108,quantum/HS-overlap-ref-SVM,quantum,0,1.0,1.0,"{""clf__C"": 10.0}",4.609790099999373
108,quantum/HS-overlap-ref-SVM,quantum,1,0.7777777777777778,0.9,"{""clf__C"": 10.0}",4.609790099999373
108,quantum/HS-overlap-ref-SVM,quantum,2,0.8888888888888888,0.95,"{""clf__C"": 10.0}",4.609790099999373
108,quantum/HS-overlap-ref-SVM,quantum,3,1.0,1.0,"{""clf__C"": 10.0}",4.609790099999373
108,quantum/HS-overlap-ref-SVM,quantum,4,1.0,1.0,"{""clf__C"": 10.0}",4.609790099999373
108,quantum/HS-overlap-ref-SVM,quantum,5,0.8888888888888888,0.9500000000000001,"{""clf__C"": 10.0}",4.609790099999373
108,quantum/HS-overlap-ref-SVM,quantum,6,0.8888888888888888,1.0,"{""clf__C"": 10.0}",4.609790099999373
108,quantum/HS-overlap-ref-SVM,quantum,7,0.8888888888888888,1.0,"{""clf__C"": 10.0}",4.609790099999373
108,quantum/HS-overlap-ref-SVM,quantum,8,1.0,1.0,"{""clf__C"": 10.0}",4.609790099999373
108,quantum/HS-overlap-ref-SVM,quantum,9,0.8888888888888888,1.0,"{""clf__C"": 10.0}",4.609790099999373
108,quantum/HS-overlap-ref-SVM,quantum,10,0.8888888888888888,1.0,"{""clf__C"": 10.0}",4.609790099999373
108,quantum/HS-overlap-ref-SVM,quantum,11,1.0,1.0,"{""clf__C"": 10.0}",4.609790099999373
108,quantum/HS-overlap-ref-SVM,quantum,12,0.8888888888888888,1.0,"{""clf__C"": 10.0}",4.609790099999373
108,quantum/HS-overlap-ref-SVM,quantum,13,0.8888888888888888,0.95,"{""clf__C"": 10.0}",4.609790099999373
108,quantum/HS-overlap-ref-SVM,quantum,14,1.0,1.0,"{""clf__C"": 10.0}",4.609790099999373
108,quantum/Fidelity-ref-SVM,quantum,0,1.0,1.0,"{""clf__C"": 10.0}",6.461311200000637
108,quantum/Fidelity-ref-SVM,quantum,1,0.7777777777777778,0.9,"{""clf__C"": 10.0}",6.461311200000637
108,quantum/Fidelity-ref-SVM,quantum,2,0.7777777777777778,0.95,"{""clf__C"": 10.0}",6.461311200000637
108,quantum/Fidelity-ref-SVM,quantum,3,1.0,1.0,"{""clf__C"": 10.0}",6.461311200000637
108,quantum/Fidelity-ref-SVM,quantum,4,1.0,1.0,"{""clf__C"": 10.0}",6.461311200000637
108,quantum/Fidelity-ref-SVM,quantum,5,0.8888888888888888,0.9500000000000001,"{""clf__C"": 10.0}",6.461311200000637
108,quantum/Fidelity-ref-SVM,quantum,6,0.8888888888888888,1.0,"{""clf__C"": 10.0}",6.461311200000637
108,quantum/Fidelity-ref-SVM,quantum,7,0.8888888888888888,1.0,"{""clf__C"": 10.0}",6.461311200000637
108,quantum/Fidelity-ref-SVM,quantum,8,1.0,1.0,"{""clf__C"": 10.0}",6.461311200000637
108,quantum/Fidelity-ref-SVM,quantum,9,1.0,1.0,"{""clf__C"": 10.0}",6.461311200000637
108,quantum/Fidelity-ref-SVM,quantum,10,0.8888888888888888,0.9500000000000001,"{""clf__C"": 10.0}",6.461311200000637
108,quantum/Fidelity-ref-SVM,quantum,11,1.0,1.0,"{""clf__C"": 10.0}",6.461311200000637
108,quantum/Fidelity-ref-SVM,quantum,12,0.8888888888888888,1.0,"{""clf__C"": 10.0}",6.461311200000637
108,quantum/Fidelity-ref-SVM,quantum,13,0.8888888888888888,0.95,"{""clf__C"": 10.0}",6.461311200000637
108,quantum/Fidelity-ref-SVM,quantum,14,1.0,1.0,"{""clf__C"": 10.0}",6.461311200000637
108,quantum/HS-RBF-ref-SVM,quantum,0,1.0,1.0,"{""clf__C"": 10.0, ""clf__gamma_mult"": 0.25}",13.218796099999963
108,quantum/HS-RBF-ref-SVM,quantum,1,0.6666666666666666,0.9,"{""clf__C"": 10.0, ""clf__gamma_mult"": 0.25}",13.218796099999963
108,quantum/HS-RBF-ref-SVM,quantum,2,0.8888888888888888,0.95,"{""clf__C"": 10.0, ""clf__gamma_mult"": 0.25}",13.218796099999963
108,quantum/HS-RBF-ref-SVM,quantum,3,1.0,1.0,"{""clf__C"": 10.0, ""clf__gamma_mult"": 0.25}",13.218796099999963
108,quantum/HS-RBF-ref-SVM,quantum,4,1.0,1.0,"{""clf__C"": 10.0, ""clf__gamma_mult"": 0.25}",13.218796099999963
108,quantum/HS-RBF-ref-SVM,quantum,5,0.7777777777777778,0.9500000000000001,"{""clf__C"": 10.0, ""clf__gamma_mult"": 0.25}",13.218796099999963
108,quantum/HS-RBF-ref-SVM,quantum,6,0.8888888888888888,1.0,"{""clf__C"": 10.0, ""clf__gamma_mult"": 0.25}",13.218796099999963
108,quantum/HS-RBF-ref-SVM,quantum,7,0.7777777777777778,0.9,"{""clf__C"": 1.0, ""clf__gamma_mult"": 1.0}",13.218796099999963
108,quantum/HS-RBF-ref-SVM,quantum,8,1.0,1.0,"{""clf__C"": 10.0, ""clf__gamma_mult"": 0.25}",13.218796099999963
108,quantum/HS-RBF-ref-SVM,quantum,9,0.8888888888888888,1.0,"{""clf__C"": 10.0, ""clf__gamma_mult"": 0.25}",13.218796099999963
108,quantum/HS-RBF-ref-SVM,quantum,10,0.8888888888888888,0.9500000000000001,"{""clf__C"": 1.0, ""clf__gamma_mult"": 1.0}",13.218796099999963
108,quantum/HS-RBF-ref-SVM,quantum,11,1.0,1.0,"{""clf__C"": 10.0, ""clf__gamma_mult"": 0.25}",13.218796099999963
108,quantum/HS-RBF-ref-SVM,quantum,12,0.8888888888888888,0.95,"{""clf__C"": 10.0, ""clf__gamma_mult"": 0.25}",13.218796099999963
108,quantum/HS-RBF-ref-SVM,quantum,13,0.7777777777777778,0.9,"{""clf__C"": 10.0, ""clf__gamma_mult"": 1.0}",13.218796099999963
108,quantum/HS-RBF-ref-SVM,quantum,14,1.0,1.0,"{""clf__C"": 10.0, ""clf__gamma_mult"": 0.25}",13.218796099999963
108,quantum/Bures-RBF-ref-SVM,quantum,0,1.0,1.0,"{""clf__C"": 10.0, ""clf__gamma_mult"": 0.25}",17.065785899998446
108,quantum/Bures-RBF-ref-SVM,quantum,1,0.7777777777777778,0.9,"{""clf__C"": 10.0, ""clf__gamma_mult"": 0.25}",17.065785899998446
108,quantum/Bures-RBF-ref-SVM,quantum,2,0.7777777777777778,0.95,"{""clf__C"": 10.0, ""clf__gamma_mult"": 0.25}",17.065785899998446
108,quantum/Bures-RBF-ref-SVM,quantum,3,1.0,1.0,"{""clf__C"": 10.0, ""clf__gamma_mult"": 0.25}",17.065785899998446
108,quantum/Bures-RBF-ref-SVM,quantum,4,0.8888888888888888,1.0,"{""clf__C"": 1.0, ""clf__gamma_mult"": 0.25}",17.065785899998446
108,quantum/Bures-RBF-ref-SVM,quantum,5,0.7777777777777778,0.9500000000000001,"{""clf__C"": 10.0, ""clf__gamma_mult"": 1.0}",17.065785899998446
108,quantum/Bures-RBF-ref-SVM,quantum,6,0.8888888888888888,1.0,"{""clf__C"": 10.0, ""clf__gamma_mult"": 0.25}",17.065785899998446
108,quantum/Bures-RBF-ref-SVM,quantum,7,0.8888888888888888,1.0,"{""clf__C"": 10.0, ""clf__gamma_mult"": 0.25}",17.065785899998446
108,quantum/Bures-RBF-ref-SVM,quantum,8,1.0,1.0,"{""clf__C"": 10.0, ""clf__gamma_mult"": 0.25}",17.065785899998446
108,quantum/Bures-RBF-ref-SVM,quantum,9,0.8888888888888888,1.0,"{""clf__C"": 10.0, ""clf__gamma_mult"": 0.25}",17.065785899998446
108,quantum/Bures-RBF-ref-SVM,quantum,10,0.7777777777777778,0.9500000000000001,"{""clf__C"": 10.0, ""clf__gamma_mult"": 1.0}",17.065785899998446
108,quantum/Bures-RBF-ref-SVM,quantum,11,1.0,1.0,"{""clf__C"": 10.0, ""clf__gamma_mult"": 0.25}",17.065785899998446
108,quantum/Bures-RBF-ref-SVM,quantum,12,0.8888888888888888,0.95,"{""clf__C"": 10.0, ""clf__gamma_mult"": 0.25}",17.065785899998446
108,quantum/Bures-RBF-ref-SVM,quantum,13,0.7777777777777778,0.95,"{""clf__C"": 10.0, ""clf__gamma_mult"": 0.25}",17.065785899998446
108,quantum/Bures-RBF-ref-SVM,quantum,14,1.0,1.0,"{""clf__C"": 10.0, ""clf__gamma_mult"": 0.25}",17.065785899998446
108,quantum/QRE-RBF-ref-SVM,quantum,0,1.0,1.0,"{""clf__C"": 10.0, ""clf__gamma_mult"": 0.25}",15.172374499999933
108,quantum/QRE-RBF-ref-SVM,quantum,1,0.7777777777777778,0.9,"{""clf__C"": 10.0, ""clf__gamma_mult"": 0.25}",15.172374499999933
108,quantum/QRE-RBF-ref-SVM,quantum,2,0.7777777777777778,0.95,"{""clf__C"": 10.0, ""clf__gamma_mult"": 0.25}",15.172374499999933
108,quantum/QRE-RBF-ref-SVM,quantum,3,1.0,1.0,"{""clf__C"": 10.0, ""clf__gamma_mult"": 0.25}",15.172374499999933
108,quantum/QRE-RBF-ref-SVM,quantum,4,1.0,1.0,"{""clf__C"": 10.0, ""clf__gamma_mult"": 0.25}",15.172374499999933
108,quantum/QRE-RBF-ref-SVM,quantum,5,0.7777777777777778,0.9500000000000001,"{""clf__C"": 10.0, ""clf__gamma_mult"": 1.0}",15.172374499999933
108,quantum/QRE-RBF-ref-SVM,quantum,6,0.8888888888888888,1.0,"{""clf__C"": 10.0, ""clf__gamma_mult"": 0.25}",15.172374499999933
108,quantum/QRE-RBF-ref-SVM,quantum,7,0.8888888888888888,1.0,"{""clf__C"": 10.0, ""clf__gamma_mult"": 0.25}",15.172374499999933
108,quantum/QRE-RBF-ref-SVM,quantum,8,1.0,1.0,"{""clf__C"": 10.0, ""clf__gamma_mult"": 0.25}",15.172374499999933
108,quantum/QRE-RBF-ref-SVM,quantum,9,0.8888888888888888,1.0,"{""clf__C"": 10.0, ""clf__gamma_mult"": 0.25}",15.172374499999933
108,quantum/QRE-RBF-ref-SVM,quantum,10,0.7777777777777778,0.9500000000000001,"{""clf__C"": 10.0, ""clf__gamma_mult"": 1.0}",15.172374499999933
108,quantum/QRE-RBF-ref-SVM,quantum,11,1.0,1.0,"{""clf__C"": 10.0, ""clf__gamma_mult"": 0.25}",15.172374499999933
108,quantum/QRE-RBF-ref-SVM,quantum,12,0.8888888888888888,0.95,"{""clf__C"": 10.0, ""clf__gamma_mult"": 0.25}",15.172374499999933
108,quantum/QRE-RBF-ref-SVM,quantum,13,0.7777777777777778,0.95,"{""clf__C"": 10.0, ""clf__gamma_mult"": 0.25}",15.172374499999933
108,quantum/QRE-RBF-ref-SVM,quantum,14,1.0,1.0,"{""clf__C"": 10.0, ""clf__gamma_mult"": 0.25}",15.172374499999933
108,quantum/IQP-kernel-SVM,quantum,0,0.6666666666666666,0.8500000000000001,"{""clf__C"": 10.0, ""clf__scale"": 0.5}",21.137627899999643
108,quantum/IQP-kernel-SVM,quantum,1,0.5555555555555556,0.65,"{""clf__C"": 1.0, ""clf__scale"": 0.5}",21.137627899999643
108,quantum/IQP-kernel-SVM,quantum,2,0.6666666666666666,0.8,"{""clf__C"": 1.0, ""clf__scale"": 1.0}",21.137627899999643
108,quantum/IQP-kernel-SVM,quantum,3,0.6666666666666666,0.7000000000000001,"{""clf__C"": 1.0, ""clf__scale"": 1.0}",21.137627899999643
108,quantum/IQP-kernel-SVM,quantum,4,0.5555555555555556,0.8,"{""clf__C"": 1.0, ""clf__scale"": 0.5}",21.137627899999643
108,quantum/IQP-kernel-SVM,quantum,5,0.5555555555555556,0.49999999999999994,"{""clf__C"": 10.0, ""clf__scale"": 1.0}",21.137627899999643
108,quantum/IQP-kernel-SVM,quantum,6,0.4444444444444444,0.6,"{""clf__C"": 10.0, ""clf__scale"": 0.5}",21.137627899999643
108,quantum/IQP-kernel-SVM,quantum,7,0.4444444444444444,0.55,"{""clf__C"": 1.0, ""clf__scale"": 0.5}",21.137627899999643
108,quantum/IQP-kernel-SVM,quantum,8,0.6666666666666666,0.9,"{""clf__C"": 1.0, ""clf__scale"": 0.5}",21.137627899999643
108,quantum/IQP-kernel-SVM,quantum,9,0.4444444444444444,0.4,"{""clf__C"": 1.0, ""clf__scale"": 0.5}",21.137627899999643
108,quantum/IQP-kernel-SVM,quantum,10,0.3333333333333333,0.3,"{""clf__C"": 1.0, ""clf__scale"": 2.0}",21.137627899999643
108,quantum/IQP-kernel-SVM,quantum,11,0.6666666666666666,0.8500000000000001,"{""clf__C"": 10.0, ""clf__scale"": 0.5}",21.137627899999643
108,quantum/IQP-kernel-SVM,quantum,12,0.7777777777777778,0.8,"{""clf__C"": 1.0, ""clf__scale"": 0.5}",21.137627899999643
108,quantum/IQP-kernel-SVM,quantum,13,0.5555555555555556,0.7,"{""clf__C"": 1.0, ""clf__scale"": 0.5}",21.137627899999643
108,quantum/IQP-kernel-SVM,quantum,14,0.7777777777777778,0.8,"{""clf__C"": 1.0, ""clf__scale"": 1.0}",21.137627899999643
108,quantum/CNOT-kernel-SVM,quantum,0,0.7777777777777778,0.8,"{""clf__C"": 10.0, ""clf__scale"": 1.0}",20.097129800000403
108,quantum/CNOT-kernel-SVM,quantum,1,0.5555555555555556,1.0,"{""clf__C"": 1.0, ""clf__scale"": 0.5}",20.097129800000403
108,quantum/CNOT-kernel-SVM,quantum,2,0.6666666666666666,0.85,"{""clf__C"": 10.0, ""clf__scale"": 1.0}",20.097129800000403
108,quantum/CNOT-kernel-SVM,quantum,3,0.4444444444444444,0.45,"{""clf__C"": 10.0, ""clf__scale"": 1.0}",20.097129800000403
108,quantum/CNOT-kernel-SVM,quantum,4,0.6666666666666666,0.7500000000000001,"{""clf__C"": 1.0, ""clf__scale"": 0.5}",20.097129800000403
108,quantum/CNOT-kernel-SVM,quantum,5,0.7777777777777778,0.7000000000000001,"{""clf__C"": 10.0, ""clf__scale"": 1.0}",20.097129800000403
108,quantum/CNOT-kernel-SVM,quantum,6,0.6666666666666666,0.7,"{""clf__C"": 10.0, ""clf__scale"": 0.5}",20.097129800000403
108,quantum/CNOT-kernel-SVM,quantum,7,0.5555555555555556,0.5,"{""clf__C"": 10.0, ""clf__scale"": 1.0}",20.097129800000403
108,quantum/CNOT-kernel-SVM,quantum,8,0.7777777777777778,0.95,"{""clf__C"": 1.0, ""clf__scale"": 0.5}",20.097129800000403
108,quantum/CNOT-kernel-SVM,quantum,9,0.6666666666666666,0.7,"{""clf__C"": 1.0, ""clf__scale"": 1.0}",20.097129800000403
108,quantum/CNOT-kernel-SVM,quantum,10,0.3333333333333333,0.5,"{""clf__C"": 10.0, ""clf__scale"": 2.0}",20.097129800000403
108,quantum/CNOT-kernel-SVM,quantum,11,0.6666666666666666,0.7,"{""clf__C"": 1.0, ""clf__scale"": 1.0}",20.097129800000403
108,quantum/CNOT-kernel-SVM,quantum,12,0.6666666666666666,0.9,"{""clf__C"": 1.0, ""clf__scale"": 0.5}",20.097129800000403
108,quantum/CNOT-kernel-SVM,quantum,13,0.6666666666666666,0.85,"{""clf__C"": 1.0, ""clf__scale"": 1.0}",20.097129800000403
108,quantum/CNOT-kernel-SVM,quantum,14,0.7777777777777778,0.8,"{""clf__C"": 10.0, ""clf__scale"": 0.5}",20.097129800000403
108,control/IQP-no-entangle,control,0,0.6666666666666666,0.9,"{""clf__C"": 1.0, ""clf__scale"": 0.5}",17.482108000000153
108,control/IQP-no-entangle,control,1,0.7777777777777778,0.7,"{""clf__C"": 1.0, ""clf__scale"": 0.5}",17.482108000000153
108,control/IQP-no-entangle,control,2,0.6666666666666666,0.8,"{""clf__C"": 10.0, ""clf__scale"": 0.5}",17.482108000000153
108,control/IQP-no-entangle,control,3,0.3333333333333333,0.5,"{""clf__C"": 10.0, ""clf__scale"": 1.0}",17.482108000000153
108,control/IQP-no-entangle,control,4,0.6666666666666666,0.8,"{""clf__C"": 1.0, ""clf__scale"": 0.5}",17.482108000000153
108,control/IQP-no-entangle,control,5,0.7777777777777778,0.75,"{""clf__C"": 10.0, ""clf__scale"": 1.0}",17.482108000000153
108,control/IQP-no-entangle,control,6,0.6666666666666666,0.8,"{""clf__C"": 10.0, ""clf__scale"": 0.5}",17.482108000000153
108,control/IQP-no-entangle,control,7,0.5555555555555556,0.4,"{""clf__C"": 10.0, ""clf__scale"": 1.0}",17.482108000000153
108,control/IQP-no-entangle,control,8,0.7777777777777778,1.0,"{""clf__C"": 1.0, ""clf__scale"": 0.5}",17.482108000000153
108,control/IQP-no-entangle,control,9,0.6666666666666666,0.8,"{""clf__C"": 1.0, ""clf__scale"": 0.5}",17.482108000000153
108,control/IQP-no-entangle,control,10,0.7777777777777778,0.9,"{""clf__C"": 10.0, ""clf__scale"": 1.0}",17.482108000000153
108,control/IQP-no-entangle,control,11,0.6666666666666666,0.75,"{""clf__C"": 1.0, ""clf__scale"": 1.0}",17.482108000000153
108,control/IQP-no-entangle,control,12,0.6666666666666666,0.85,"{""clf__C"": 1.0, ""clf__scale"": 0.5}",17.482108000000153
108,control/IQP-no-entangle,control,13,0.6666666666666666,0.85,"{""clf__C"": 1.0, ""clf__scale"": 1.0}",17.482108000000153
108,control/IQP-no-entangle,control,14,0.7777777777777778,0.8500000000000001,"{""clf__C"": 1.0, ""clf__scale"": 0.5}",17.482108000000153
108,control/PCA-matched-RBF,control,0,0.6666666666666666,0.8,"{""clf__C"": 10.0, ""clf__gamma"": ""scale""}",13.707188100001076
108,control/PCA-matched-RBF,control,1,0.7777777777777778,0.75,"{""clf__C"": 1.0, ""clf__gamma"": 0.1}",13.707188100001076
108,control/PCA-matched-RBF,control,2,0.6666666666666666,0.8,"{""clf__C"": 1.0, ""clf__gamma"": 0.1}",13.707188100001076
108,control/PCA-matched-RBF,control,3,0.4444444444444444,0.5,"{""clf__C"": 10.0, ""clf__gamma"": 0.1}",13.707188100001076
108,control/PCA-matched-RBF,control,4,0.6666666666666666,0.7,"{""clf__C"": 10.0, ""clf__gamma"": ""scale""}",13.707188100001076
108,control/PCA-matched-RBF,control,5,0.8888888888888888,0.75,"{""clf__C"": 10.0, ""clf__gamma"": 0.1}",13.707188100001076
108,control/PCA-matched-RBF,control,6,0.5555555555555556,0.6,"{""clf__C"": 10.0, ""clf__gamma"": ""scale""}",13.707188100001076
108,control/PCA-matched-RBF,control,7,0.6666666666666666,0.6,"{""clf__C"": 1.0, ""clf__gamma"": 0.1}",13.707188100001076
108,control/PCA-matched-RBF,control,8,0.7777777777777778,0.95,"{""clf__C"": 1.0, ""clf__gamma"": ""scale""}",13.707188100001076
108,control/PCA-matched-RBF,control,9,0.5555555555555556,0.6500000000000001,"{""clf__C"": 10.0, ""clf__gamma"": 0.1}",13.707188100001076
108,control/PCA-matched-RBF,control,10,0.7777777777777778,0.9,"{""clf__C"": 10.0, ""clf__gamma"": ""scale""}",13.707188100001076
108,control/PCA-matched-RBF,control,11,0.5555555555555556,0.75,"{""clf__C"": 10.0, ""clf__gamma"": ""scale""}",13.707188100001076
108,control/PCA-matched-RBF,control,12,0.5555555555555556,0.85,"{""clf__C"": 1.0, ""clf__gamma"": ""scale""}",13.707188100001076
108,control/PCA-matched-RBF,control,13,0.6666666666666666,0.7,"{""clf__C"": 1.0, ""clf__gamma"": 0.1}",13.707188100001076
108,control/PCA-matched-RBF,control,14,0.7777777777777778,0.8500000000000001,"{""clf__C"": 1.0, ""clf__gamma"": 0.1}",13.707188100001076
108,control/PCA-matched-linear,control,0,0.6666666666666666,0.9,"{""clf__C"": 1.0}",4.835590000000593
108,control/PCA-matched-linear,control,1,0.7777777777777778,0.6,"{""clf__C"": 0.1}",4.835590000000593
108,control/PCA-matched-linear,control,2,0.7777777777777778,0.8,"{""clf__C"": 0.1}",4.835590000000593
108,control/PCA-matched-linear,control,3,0.6666666666666666,0.6,"{""clf__C"": 1.0}",4.835590000000593
108,control/PCA-matched-linear,control,4,0.7777777777777778,0.85,"{""clf__C"": 1.0}",4.835590000000593
108,control/PCA-matched-linear,control,5,0.6666666666666666,0.8500000000000001,"{""clf__C"": 1.0}",4.835590000000593
108,control/PCA-matched-linear,control,6,0.7777777777777778,0.8,"{""clf__C"": 0.1}",4.835590000000593
108,control/PCA-matched-linear,control,7,0.5555555555555556,0.6,"{""clf__C"": 1.0}",4.835590000000593
108,control/PCA-matched-linear,control,8,0.7777777777777778,0.85,"{""clf__C"": 10.0}",4.835590000000593
108,control/PCA-matched-linear,control,9,0.5555555555555556,0.7000000000000001,"{""clf__C"": 1.0}",4.835590000000593
108,control/PCA-matched-linear,control,10,0.7777777777777778,0.9500000000000001,"{""clf__C"": 0.1}",4.835590000000593
108,control/PCA-matched-linear,control,11,0.8888888888888888,0.9500000000000001,"{""clf__C"": 1.0}",4.835590000000593
108,control/PCA-matched-linear,control,12,0.5555555555555556,0.95,"{""clf__C"": 1.0}",4.835590000000593
108,control/PCA-matched-linear,control,13,0.6666666666666666,0.7,"{""clf__C"": 0.1}",4.835590000000593
108,control/PCA-matched-linear,control,14,0.7777777777777778,0.8500000000000001,"{""clf__C"": 0.1}",4.835590000000593
108,control/logeuclid-TS+LR,control,0,0.5555555555555556,0.75,"{""clf__C"": 10.0}",4.209934800001065
108,control/logeuclid-TS+LR,control,1,0.5555555555555556,0.55,"{""clf__C"": 1.0}",4.209934800001065
108,control/logeuclid-TS+LR,control,2,0.7777777777777778,0.8,"{""clf__C"": 10.0}",4.209934800001065
108,control/logeuclid-TS+LR,control,3,0.8888888888888888,1.0,"{""clf__C"": 10.0}",4.209934800001065
108,control/logeuclid-TS+LR,control,4,0.4444444444444444,0.45,"{""clf__C"": 0.1}",4.209934800001065
108,control/logeuclid-TS+LR,control,5,0.7777777777777778,0.8,"{""clf__C"": 10.0}",4.209934800001065
108,control/logeuclid-TS+LR,control,6,0.6666666666666666,0.75,"{""clf__C"": 10.0}",4.209934800001065
108,control/logeuclid-TS+LR,control,7,0.5555555555555556,0.65,"{""clf__C"": 10.0}",4.209934800001065
108,control/logeuclid-TS+LR,control,8,0.5555555555555556,0.7,"{""clf__C"": 1.0}",4.209934800001065
108,control/logeuclid-TS+LR,control,9,0.4444444444444444,0.30000000000000004,"{""clf__C"": 10.0}",4.209934800001065
108,control/logeuclid-TS+LR,control,10,0.5555555555555556,0.75,"{""clf__C"": 0.1}",4.209934800001065
108,control/logeuclid-TS+LR,control,11,0.8888888888888888,1.0,"{""clf__C"": 10.0}",4.209934800001065
108,control/logeuclid-TS+LR,control,12,0.5555555555555556,0.55,"{""clf__C"": 1.0}",4.209934800001065
108,control/logeuclid-TS+LR,control,13,0.6666666666666666,0.6,"{""clf__C"": 10.0}",4.209934800001065
108,control/logeuclid-TS+LR,control,14,0.8888888888888888,0.95,"{""clf__C"": 10.0}",4.209934800001065
108,control/riemann-kernel-SVM,control,0,1.0,1.0,"{""clf__C"": 1.0}",4.492848500000036
108,control/riemann-kernel-SVM,control,1,0.7777777777777778,0.85,"{""clf__C"": 1.0}",4.492848500000036
108,control/riemann-kernel-SVM,control,2,0.8888888888888888,0.9,"{""clf__C"": 10.0}",4.492848500000036
108,control/riemann-kernel-SVM,control,3,1.0,1.0,"{""clf__C"": 1.0}",4.492848500000036
108,control/riemann-kernel-SVM,control,4,1.0,1.0,"{""clf__C"": 1.0}",4.492848500000036
108,control/riemann-kernel-SVM,control,5,0.8888888888888888,0.9500000000000001,"{""clf__C"": 1.0}",4.492848500000036
108,control/riemann-kernel-SVM,control,6,0.8888888888888888,1.0,"{""clf__C"": 1.0}",4.492848500000036
108,control/riemann-kernel-SVM,control,7,0.8888888888888888,1.0,"{""clf__C"": 1.0}",4.492848500000036
108,control/riemann-kernel-SVM,control,8,0.8888888888888888,1.0,"{""clf__C"": 1.0}",4.492848500000036
108,control/riemann-kernel-SVM,control,9,1.0,1.0,"{""clf__C"": 1.0}",4.492848500000036
108,control/riemann-kernel-SVM,control,10,0.8888888888888888,0.9500000000000001,"{""clf__C"": 10.0}",4.492848500000036
108,control/riemann-kernel-SVM,control,11,1.0,1.0,"{""clf__C"": 1.0}",4.492848500000036
108,control/riemann-kernel-SVM,control,12,0.8888888888888888,0.95,"{""clf__C"": 1.0}",4.492848500000036
108,control/riemann-kernel-SVM,control,13,0.8888888888888888,0.9,"{""clf__C"": 10.0}",4.492848500000036
108,control/riemann-kernel-SVM,control,14,1.0,1.0,"{""clf__C"": 1.0}",4.492848500000036
108,control/logeuclid-kernel-SVM,control,0,0.8888888888888888,1.0,"{""clf__C"": 1.0}",4.497711099998924
108,control/logeuclid-kernel-SVM,control,1,0.7777777777777778,0.8,"{""clf__C"": 1.0}",4.497711099998924
108,control/logeuclid-kernel-SVM,control,2,0.7777777777777778,0.8500000000000001,"{""clf__C"": 10.0}",4.497711099998924
108,control/logeuclid-kernel-SVM,control,3,1.0,1.0,"{""clf__C"": 1.0}",4.497711099998924
108,control/logeuclid-kernel-SVM,control,4,0.7777777777777778,1.0,"{""clf__C"": 1.0}",4.497711099998924
108,control/logeuclid-kernel-SVM,control,5,0.8888888888888888,0.9500000000000001,"{""clf__C"": 1.0}",4.497711099998924
108,control/logeuclid-kernel-SVM,control,6,0.7777777777777778,0.9500000000000001,"{""clf__C"": 1.0}",4.497711099998924
108,control/logeuclid-kernel-SVM,control,7,0.5555555555555556,0.9,"{""clf__C"": 1.0}",4.497711099998924
108,control/logeuclid-kernel-SVM,control,8,0.7777777777777778,0.85,"{""clf__C"": 10.0}",4.497711099998924
108,control/logeuclid-kernel-SVM,control,9,0.7777777777777778,1.0,"{""clf__C"": 1.0}",4.497711099998924
108,control/logeuclid-kernel-SVM,control,10,0.7777777777777778,0.9,"{""clf__C"": 10.0}",4.497711099998924
108,control/logeuclid-kernel-SVM,control,11,1.0,1.0,"{""clf__C"": 10.0}",4.497711099998924
108,control/logeuclid-kernel-SVM,control,12,0.8888888888888888,0.8500000000000001,"{""clf__C"": 10.0}",4.497711099998924
108,control/logeuclid-kernel-SVM,control,13,0.8888888888888888,0.9,"{""clf__C"": 10.0}",4.497711099998924
108,control/logeuclid-kernel-SVM,control,14,0.8888888888888888,0.95,"{""clf__C"": 1.0}",4.497711099998924
109,classical/logvar+LDA,classical,0,0.2222222222222222,0.3,{},0.0780890999994881
109,classical/logvar+LDA,classical,1,0.6666666666666666,0.75,{},0.0780890999994881
109,classical/logvar+LDA,classical,2,0.4444444444444444,0.35,{},0.0780890999994881
109,classical/logvar+LDA,classical,3,0.4444444444444444,0.6,{},0.0780890999994881
109,classical/logvar+LDA,classical,4,0.5555555555555556,0.55,{},0.0780890999994881
109,classical/logvar+LDA,classical,5,0.4444444444444444,0.5499999999999999,{},0.0780890999994881
109,classical/logvar+LDA,classical,6,0.4444444444444444,0.35,{},0.0780890999994881
109,classical/logvar+LDA,classical,7,0.5555555555555556,0.45,{},0.0780890999994881
109,classical/logvar+LDA,classical,8,0.7777777777777778,0.7,{},0.0780890999994881
109,classical/logvar+LDA,classical,9,0.3333333333333333,0.4,{},0.0780890999994881
109,classical/logvar+LDA,classical,10,0.6666666666666666,0.5499999999999999,{},0.0780890999994881
109,classical/logvar+LDA,classical,11,0.4444444444444444,0.4,{},0.0780890999994881
109,classical/logvar+LDA,classical,12,0.3333333333333333,0.35,{},0.0780890999994881
109,classical/logvar+LDA,classical,13,0.4444444444444444,0.35,{},0.0780890999994881
109,classical/logvar+LDA,classical,14,0.3333333333333333,0.25,{},0.0780890999994881
109,classical/CSP+LDA,classical,0,0.1111111111111111,0.04999999999999999,"{""csp__nfilter"": 2}",3.758445200001006
109,classical/CSP+LDA,classical,1,0.5555555555555556,0.5499999999999999,"{""csp__nfilter"": 6}",3.758445200001006
109,classical/CSP+LDA,classical,2,0.2222222222222222,0.15,"{""csp__nfilter"": 2}",3.758445200001006
109,classical/CSP+LDA,classical,3,0.5555555555555556,0.6000000000000001,"{""csp__nfilter"": 2}",3.758445200001006
109,classical/CSP+LDA,classical,4,0.4444444444444444,0.2,"{""csp__nfilter"": 4}",3.758445200001006
109,classical/CSP+LDA,classical,5,0.4444444444444444,0.39999999999999997,"{""csp__nfilter"": 2}",3.758445200001006
109,classical/CSP+LDA,classical,6,0.4444444444444444,0.3,"{""csp__nfilter"": 6}",3.758445200001006
109,classical/CSP+LDA,classical,7,0.6666666666666666,0.4,"{""csp__nfilter"": 2}",3.758445200001006
109,classical/CSP+LDA,classical,8,0.3333333333333333,0.2,"{""csp__nfilter"": 2}",3.758445200001006
109,classical/CSP+LDA,classical,9,0.5555555555555556,0.4,"{""csp__nfilter"": 4}",3.758445200001006
109,classical/CSP+LDA,classical,10,0.5555555555555556,0.44999999999999996,"{""csp__nfilter"": 2}",3.758445200001006
109,classical/CSP+LDA,classical,11,0.3333333333333333,0.35,"{""csp__nfilter"": 6}",3.758445200001006
109,classical/CSP+LDA,classical,12,0.3333333333333333,0.39999999999999997,"{""csp__nfilter"": 6}",3.758445200001006
109,classical/CSP+LDA,classical,13,0.3333333333333333,0.35000000000000003,"{""csp__nfilter"": 6}",3.758445200001006
109,classical/CSP+LDA,classical,14,0.1111111111111111,0.0,"{""csp__nfilter"": 2}",3.758445200001006
109,classical/MDM,classical,0,0.2222222222222222,0.1,{},0.4436800999992556
109,classical/MDM,classical,1,0.6666666666666666,0.35,{},0.4436800999992556
109,classical/MDM,classical,2,0.1111111111111111,0.14999999999999997,{},0.4436800999992556
109,classical/MDM,classical,3,0.5555555555555556,0.6,{},0.4436800999992556
109,classical/MDM,classical,4,0.4444444444444444,0.30000000000000004,{},0.4436800999992556
109,classical/MDM,classical,5,0.4444444444444444,0.25,{},0.4436800999992556
109,classical/MDM,classical,6,0.3333333333333333,0.3,{},0.4436800999992556
109,classical/MDM,classical,7,0.2222222222222222,0.19999999999999998,{},0.4436800999992556
109,classical/MDM,classical,8,0.3333333333333333,0.4,{},0.4436800999992556
109,classical/MDM,classical,9,0.3333333333333333,0.15000000000000002,{},0.4436800999992556
109,classical/MDM,classical,10,0.5555555555555556,0.6000000000000001,{},0.4436800999992556
109,classical/MDM,classical,11,0.3333333333333333,0.35,{},0.4436800999992556
109,classical/MDM,classical,12,0.2222222222222222,0.24999999999999997,{},0.4436800999992556
109,classical/MDM,classical,13,0.3333333333333333,0.35000000000000003,{},0.4436800999992556
109,classical/MDM,classical,14,0.2222222222222222,0.15,{},0.4436800999992556
109,classical/TS+LR,classical,0,0.3333333333333333,0.4,"{""clf__C"": 0.1}",4.590940400001273
109,classical/TS+LR,classical,1,0.5555555555555556,0.6000000000000001,"{""clf__C"": 0.1}",4.590940400001273
109,classical/TS+LR,classical,2,0.3333333333333333,0.35,"{""clf__C"": 1.0}",4.590940400001273
109,classical/TS+LR,classical,3,0.6666666666666666,0.7000000000000001,"{""clf__C"": 0.1}",4.590940400001273
109,classical/TS+LR,classical,4,0.4444444444444444,0.30000000000000004,"{""clf__C"": 0.1}",4.590940400001273
109,classical/TS+LR,classical,5,0.3333333333333333,0.29999999999999993,"{""clf__C"": 0.1}",4.590940400001273
109,classical/TS+LR,classical,6,0.2222222222222222,0.35,"{""clf__C"": 1.0}",4.590940400001273
109,classical/TS+LR,classical,7,0.3333333333333333,0.24999999999999997,"{""clf__C"": 10.0}",4.590940400001273
109,classical/TS+LR,classical,8,0.4444444444444444,0.4,"{""clf__C"": 10.0}",4.590940400001273
109,classical/TS+LR,classical,9,0.3333333333333333,0.25,"{""clf__C"": 0.1}",4.590940400001273
109,classical/TS+LR,classical,10,0.3333333333333333,0.45,"{""clf__C"": 0.1}",4.590940400001273
109,classical/TS+LR,classical,11,0.4444444444444444,0.3,"{""clf__C"": 0.1}",4.590940400001273
109,classical/TS+LR,classical,12,0.5555555555555556,0.5,"{""clf__C"": 10.0}",4.590940400001273
109,classical/TS+LR,classical,13,0.2222222222222222,0.35,"{""clf__C"": 0.1}",4.590940400001273
109,classical/TS+LR,classical,14,0.5555555555555556,0.5,"{""clf__C"": 1.0}",4.590940400001273
109,classical/TS+RBF-SVM,classical,0,0.1111111111111111,0.09999999999999998,"{""clf__C"": 0.1, ""clf__gamma"": ""scale""}",12.301389899999776
109,classical/TS+RBF-SVM,classical,1,0.6666666666666666,0.75,"{""clf__C"": 0.1, ""clf__gamma"": ""scale""}",12.301389899999776
109,classical/TS+RBF-SVM,classical,2,0.3333333333333333,0.35,"{""clf__C"": 10.0, ""clf__gamma"": ""scale""}",12.301389899999776
109,classical/TS+RBF-SVM,classical,3,0.4444444444444444,0.7000000000000001,"{""clf__C"": 0.1, ""clf__gamma"": ""scale""}",12.301389899999776
109,classical/TS+RBF-SVM,classical,4,0.4444444444444444,0.30000000000000004,"{""clf__C"": 1.0, ""clf__gamma"": ""scale""}",12.301389899999776
109,classical/TS+RBF-SVM,classical,5,0.4444444444444444,0.4,"{""clf__C"": 10.0, ""clf__gamma"": 0.1}",12.301389899999776
109,classical/TS+RBF-SVM,classical,6,0.3333333333333333,0.5,"{""clf__C"": 0.1, ""clf__gamma"": ""scale""}",12.301389899999776
109,classical/TS+RBF-SVM,classical,7,0.3333333333333333,0.2,"{""clf__C"": 0.1, ""clf__gamma"": ""scale""}",12.301389899999776
109,classical/TS+RBF-SVM,classical,8,0.4444444444444444,0.5,"{""clf__C"": 1.0, ""clf__gamma"": 0.01}",12.301389899999776
109,classical/TS+RBF-SVM,classical,9,0.5555555555555556,0.30000000000000004,"{""clf__C"": 10.0, ""clf__gamma"": ""scale""}",12.301389899999776
109,classical/TS+RBF-SVM,classical,10,0.2222222222222222,0.29999999999999993,"{""clf__C"": 0.1, ""clf__gamma"": ""scale""}",12.301389899999776
109,classical/TS+RBF-SVM,classical,11,0.3333333333333333,0.3,"{""clf__C"": 0.1, ""clf__gamma"": ""scale""}",12.301389899999776
109,classical/TS+RBF-SVM,classical,12,0.5555555555555556,0.44999999999999996,"{""clf__C"": 10.0, ""clf__gamma"": ""scale""}",12.301389899999776
109,classical/TS+RBF-SVM,classical,13,0.4444444444444444,0.30000000000000004,"{""clf__C"": 0.1, ""clf__gamma"": ""scale""}",12.301389899999776
109,classical/TS+RBF-SVM,classical,14,0.4444444444444444,0.1,"{""clf__C"": 1.0, ""clf__gamma"": 0.01}",12.301389899999776
109,quantum/HS-overlap-SVM,quantum,0,0.5555555555555556,0.24999999999999997,"{""clf__C"": 0.1}",3.819289500001105
109,quantum/HS-overlap-SVM,quantum,1,0.7777777777777778,0.75,"{""clf__C"": 0.1}",3.819289500001105
109,quantum/HS-overlap-SVM,quantum,2,0.1111111111111111,0.2,"{""clf__C"": 0.1}",3.819289500001105
109,quantum/HS-overlap-SVM,quantum,3,0.4444444444444444,0.45,"{""clf__C"": 0.1}",3.819289500001105
109,quantum/HS-overlap-SVM,quantum,4,0.4444444444444444,0.39999999999999997,"{""clf__C"": 0.1}",3.819289500001105
109,quantum/HS-overlap-SVM,quantum,5,0.4444444444444444,0.2,"{""clf__C"": 0.1}",3.819289500001105
109,quantum/HS-overlap-SVM,quantum,6,0.4444444444444444,0.65,"{""clf__C"": 0.1}",3.819289500001105
109,quantum/HS-overlap-SVM,quantum,7,0.4444444444444444,0.35,"{""clf__C"": 0.1}",3.819289500001105
109,quantum/HS-overlap-SVM,quantum,8,0.4444444444444444,0.4,"{""clf__C"": 0.1}",3.819289500001105
109,quantum/HS-overlap-SVM,quantum,9,0.4444444444444444,0.45000000000000007,"{""clf__C"": 0.1}",3.819289500001105
109,quantum/HS-overlap-SVM,quantum,10,0.4444444444444444,0.44999999999999996,"{""clf__C"": 0.1}",3.819289500001105
109,quantum/HS-overlap-SVM,quantum,11,0.4444444444444444,0.44999999999999996,"{""clf__C"": 0.1}",3.819289500001105
109,quantum/HS-overlap-SVM,quantum,12,0.2222222222222222,0.04999999999999999,"{""clf__C"": 0.1}",3.819289500001105
109,quantum/HS-overlap-SVM,quantum,13,0.4444444444444444,0.5,"{""clf__C"": 0.1}",3.819289500001105
109,quantum/HS-overlap-SVM,quantum,14,0.4444444444444444,0.49999999999999994,"{""clf__C"": 0.1}",3.819289500001105
109,quantum/Fidelity-SVM,quantum,0,0.3333333333333333,0.35,"{""clf__C"": 0.1}",5.271129100001417
109,quantum/Fidelity-SVM,quantum,1,0.6666666666666666,0.6,"{""clf__C"": 0.1}",5.271129100001417
109,quantum/Fidelity-SVM,quantum,2,0.3333333333333333,0.35,"{""clf__C"": 0.1}",5.271129100001417
109,quantum/Fidelity-SVM,quantum,3,0.4444444444444444,0.6000000000000001,"{""clf__C"": 0.1}",5.271129100001417
109,quantum/Fidelity-SVM,quantum,4,0.4444444444444444,0.5,"{""clf__C"": 0.1}",5.271129100001417
109,quantum/Fidelity-SVM,quantum,5,0.4444444444444444,0.45,"{""clf__C"": 0.1}",5.271129100001417
109,quantum/Fidelity-SVM,quantum,6,0.4444444444444444,0.45,"{""clf__C"": 0.1}",5.271129100001417
109,quantum/Fidelity-SVM,quantum,7,0.4444444444444444,0.3,"{""clf__C"": 0.1}",5.271129100001417
109,quantum/Fidelity-SVM,quantum,8,0.4444444444444444,0.45,"{""clf__C"": 0.1}",5.271129100001417
109,quantum/Fidelity-SVM,quantum,9,0.4444444444444444,0.3,"{""clf__C"": 0.1}",5.271129100001417
109,quantum/Fidelity-SVM,quantum,10,0.6666666666666666,0.6499999999999999,"{""clf__C"": 0.1}",5.271129100001417
109,quantum/Fidelity-SVM,quantum,11,0.3333333333333333,0.35,"{""clf__C"": 0.1}",5.271129100001417
109,quantum/Fidelity-SVM,quantum,12,0.3333333333333333,0.2,"{""clf__C"": 0.1}",5.271129100001417
109,quantum/Fidelity-SVM,quantum,13,0.4444444444444444,0.4,"{""clf__C"": 0.1}",5.271129100001417
109,quantum/Fidelity-SVM,quantum,14,0.4444444444444444,0.5,"{""clf__C"": 0.1}",5.271129100001417
109,quantum/HS-RBF-SVM,quantum,0,0.5555555555555556,0.3,"{""clf__C"": 0.1, ""clf__gamma_mult"": 0.25}",10.602356800000052
109,quantum/HS-RBF-SVM,quantum,1,0.5555555555555556,0.75,"{""clf__C"": 0.1, ""clf__gamma_mult"": 0.25}",10.602356800000052
109,quantum/HS-RBF-SVM,quantum,2,0.3333333333333333,0.3,"{""clf__C"": 1.0, ""clf__gamma_mult"": 1.0}",10.602356800000052
109,quantum/HS-RBF-SVM,quantum,3,0.4444444444444444,0.7000000000000001,"{""clf__C"": 1.0, ""clf__gamma_mult"": 0.25}",10.602356800000052
109,quantum/HS-RBF-SVM,quantum,4,0.4444444444444444,0.5,"{""clf__C"": 0.1, ""clf__gamma_mult"": 0.25}",10.602356800000052
109,quantum/HS-RBF-SVM,quantum,5,0.3333333333333333,0.25,"{""clf__C"": 1.0, ""clf__gamma_mult"": 1.0}",10.602356800000052
109,quantum/HS-RBF-SVM,quantum,6,0.3333333333333333,0.55,"{""clf__C"": 10.0, ""clf__gamma_mult"": 0.25}",10.602356800000052
109,quantum/HS-RBF-SVM,quantum,7,0.4444444444444444,0.4,"{""clf__C"": 0.1, ""clf__gamma_mult"": 0.25}",10.602356800000052
109,quantum/HS-RBF-SVM,quantum,8,0.5555555555555556,0.6499999999999999,"{""clf__C"": 1.0, ""clf__gamma_mult"": 0.25}",10.602356800000052
109,quantum/HS-RBF-SVM,quantum,9,0.5555555555555556,0.5,"{""clf__C"": 1.0, ""clf__gamma_mult"": 1.0}",10.602356800000052
109,quantum/HS-RBF-SVM,quantum,10,0.3333333333333333,0.39999999999999997,"{""clf__C"": 1.0, ""clf__gamma_mult"": 1.0}",10.602356800000052
109,quantum/HS-RBF-SVM,quantum,11,0.4444444444444444,0.5,"{""clf__C"": 0.1, ""clf__gamma_mult"": 0.25}",10.602356800000052
109,quantum/HS-RBF-SVM,quantum,12,0.2222222222222222,0.35,"{""clf__C"": 1.0, ""clf__gamma_mult"": 1.0}",10.602356800000052
109,quantum/HS-RBF-SVM,quantum,13,0.5555555555555556,0.45,"{""clf__C"": 1.0, ""clf__gamma_mult"": 0.25}",10.602356800000052
109,quantum/HS-RBF-SVM,quantum,14,0.6666666666666666,0.5499999999999999,"{""clf__C"": 1.0, ""clf__gamma_mult"": 1.0}",10.602356800000052
109,quantum/Bures-RBF-SVM,quantum,0,0.3333333333333333,0.25,"{""clf__C"": 1.0, ""clf__gamma_mult"": 1.0}",13.938638800000263
109,quantum/Bures-RBF-SVM,quantum,1,0.5555555555555556,0.6,"{""clf__C"": 10.0, ""clf__gamma_mult"": 4.0}",13.938638800000263
109,quantum/Bures-RBF-SVM,quantum,2,0.3333333333333333,0.35,"{""clf__C"": 1.0, ""clf__gamma_mult"": 1.0}",13.938638800000263
109,quantum/Bures-RBF-SVM,quantum,3,0.4444444444444444,0.6,"{""clf__C"": 0.1, ""clf__gamma_mult"": 0.25}",13.938638800000263
109,quantum/Bures-RBF-SVM,quantum,4,0.4444444444444444,0.55,"{""clf__C"": 10.0, ""clf__gamma_mult"": 1.0}",13.938638800000263
109,quantum/Bures-RBF-SVM,quantum,5,0.2222222222222222,0.30000000000000004,"{""clf__C"": 10.0, ""clf__gamma_mult"": 0.25}",13.938638800000263
109,quantum/Bures-RBF-SVM,quantum,6,0.3333333333333333,0.45000000000000007,"{""clf__C"": 10.0, ""clf__gamma_mult"": 0.25}",13.938638800000263
109,quantum/Bures-RBF-SVM,quantum,7,0.4444444444444444,0.3,"{""clf__C"": 0.1, ""clf__gamma_mult"": 0.25}",13.938638800000263
109,quantum/Bures-RBF-SVM,quantum,8,0.4444444444444444,0.6,"{""clf__C"": 0.1, ""clf__gamma_mult"": 0.25}",13.938638800000263
109,quantum/Bures-RBF-SVM,quantum,9,0.4444444444444444,0.45000000000000007,"{""clf__C"": 1.0, ""clf__gamma_mult"": 1.0}",13.938638800000263
109,quantum/Bures-RBF-SVM,quantum,10,0.4444444444444444,0.35,"{""clf__C"": 10.0, ""clf__gamma_mult"": 4.0}",13.938638800000263
109,quantum/Bures-RBF-SVM,quantum,11,0.5555555555555556,0.35,"{""clf__C"": 1.0, ""clf__gamma_mult"": 1.0}",13.938638800000263
109,quantum/Bures-RBF-SVM,quantum,12,0.3333333333333333,0.25,"{""clf__C"": 1.0, ""clf__gamma_mult"": 1.0}",13.938638800000263
109,quantum/Bures-RBF-SVM,quantum,13,0.4444444444444444,0.44999999999999996,"{""clf__C"": 10.0, ""clf__gamma_mult"": 4.0}",13.938638800000263
109,quantum/Bures-RBF-SVM,quantum,14,0.4444444444444444,0.30000000000000004,"{""clf__C"": 10.0, ""clf__gamma_mult"": 1.0}",13.938638800000263
109,quantum/QRE-RBF-SVM,quantum,0,0.2222222222222222,0.29999999999999993,"{""clf__C"": 0.1, ""clf__gamma_mult"": 0.25}",12.570082599999296
109,quantum/QRE-RBF-SVM,quantum,1,0.6666666666666666,0.6500000000000001,"{""clf__C"": 10.0, ""clf__gamma_mult"": 0.25}",12.570082599999296
109,quantum/QRE-RBF-SVM,quantum,2,0.3333333333333333,0.35,"{""clf__C"": 1.0, ""clf__gamma_mult"": 1.0}",12.570082599999296
109,quantum/QRE-RBF-SVM,quantum,3,0.4444444444444444,0.55,"{""clf__C"": 1.0, ""clf__gamma_mult"": 0.25}",12.570082599999296
109,quantum/QRE-RBF-SVM,quantum,4,0.5555555555555556,0.55,"{""clf__C"": 1.0, ""clf__gamma_mult"": 1.0}",12.570082599999296
109,quantum/QRE-RBF-SVM,quantum,5,0.3333333333333333,0.30000000000000004,"{""clf__C"": 10.0, ""clf__gamma_mult"": 0.25}",12.570082599999296
109,quantum/QRE-RBF-SVM,quantum,6,0.4444444444444444,0.35,"{""clf__C"": 1.0, ""clf__gamma_mult"": 1.0}",12.570082599999296
109,quantum/QRE-RBF-SVM,quantum,7,0.4444444444444444,0.35,"{""clf__C"": 0.1, ""clf__gamma_mult"": 0.25}",12.570082599999296
109,quantum/QRE-RBF-SVM,quantum,8,0.4444444444444444,0.6,"{""clf__C"": 0.1, ""clf__gamma_mult"": 0.25}",12.570082599999296
109,quantum/QRE-RBF-SVM,quantum,9,0.4444444444444444,0.5,"{""clf__C"": 1.0, ""clf__gamma_mult"": 1.0}",12.570082599999296
109,quantum/QRE-RBF-SVM,quantum,10,0.4444444444444444,0.3,"{""clf__C"": 10.0, ""clf__gamma_mult"": 4.0}",12.570082599999296
109,quantum/QRE-RBF-SVM,quantum,11,0.3333333333333333,0.39999999999999997,"{""clf__C"": 0.1, ""clf__gamma_mult"": 0.25}",12.570082599999296
109,quantum/QRE-RBF-SVM,quantum,12,0.3333333333333333,0.25,"{""clf__C"": 1.0, ""clf__gamma_mult"": 1.0}",12.570082599999296
109,quantum/QRE-RBF-SVM,quantum,13,0.4444444444444444,0.49999999999999994,"{""clf__C"": 1.0, ""clf__gamma_mult"": 4.0}",12.570082599999296
109,quantum/QRE-RBF-SVM,quantum,14,0.4444444444444444,0.4,"{""clf__C"": 10.0, ""clf__gamma_mult"": 1.0}",12.570082599999296
109,quantum/HS-overlap-ref-SVM,quantum,0,0.2222222222222222,0.04999999999999999,"{""clf__C"": 0.1}",4.377804899999319
109,quantum/HS-overlap-ref-SVM,quantum,1,0.6666666666666666,0.6,"{""clf__C"": 0.1}",4.377804899999319
109,quantum/HS-overlap-ref-SVM,quantum,2,0.3333333333333333,0.24999999999999997,"{""clf__C"": 0.1}",4.377804899999319
109,quantum/HS-overlap-ref-SVM,quantum,3,0.4444444444444444,0.7,"{""clf__C"": 0.1}",4.377804899999319
109,quantum/HS-overlap-ref-SVM,quantum,4,0.4444444444444444,0.25,"{""clf__C"": 10.0}",4.377804899999319
109,quantum/HS-overlap-ref-SVM,quantum,5,0.5555555555555556,0.44999999999999996,"{""clf__C"": 10.0}",4.377804899999319
109,quantum/HS-overlap-ref-SVM,quantum,6,0.5555555555555556,0.3,"{""clf__C"": 10.0}",4.377804899999319
109,quantum/HS-overlap-ref-SVM,quantum,7,0.4444444444444444,0.6,"{""clf__C"": 0.1}",4.377804899999319
109,quantum/HS-overlap-ref-SVM,quantum,8,0.4444444444444444,0.5,"{""clf__C"": 0.1}",4.377804899999319
109,quantum/HS-overlap-ref-SVM,quantum,9,0.4444444444444444,0.35,"{""clf__C"": 0.1}",4.377804899999319
109,quantum/HS-overlap-ref-SVM,quantum,10,0.5555555555555556,0.44999999999999996,"{""clf__C"": 0.1}",4.377804899999319
109,quantum/HS-overlap-ref-SVM,quantum,11,0.3333333333333333,0.3,"{""clf__C"": 0.1}",4.377804899999319
109,quantum/HS-overlap-ref-SVM,quantum,12,0.3333333333333333,0.25,"{""clf__C"": 0.1}",4.377804899999319
109,quantum/HS-overlap-ref-SVM,quantum,13,0.4444444444444444,0.35000000000000003,"{""clf__C"": 0.1}",4.377804899999319
109,quantum/HS-overlap-ref-SVM,quantum,14,0.4444444444444444,0.30000000000000004,"{""clf__C"": 0.1}",4.377804899999319
109,quantum/Fidelity-ref-SVM,quantum,0,0.2222222222222222,0.04999999999999999,"{""clf__C"": 0.1}",6.265213599999697
109,quantum/Fidelity-ref-SVM,quantum,1,0.6666666666666666,0.6,"{""clf__C"": 0.1}",6.265213599999697
109,quantum/Fidelity-ref-SVM,quantum,2,0.2222222222222222,0.24999999999999997,"{""clf__C"": 0.1}",6.265213599999697
109,quantum/Fidelity-ref-SVM,quantum,3,0.4444444444444444,0.75,"{""clf__C"": 0.1}",6.265213599999697
109,quantum/Fidelity-ref-SVM,quantum,4,0.4444444444444444,0.30000000000000004,"{""clf__C"": 0.1}",6.265213599999697
109,quantum/Fidelity-ref-SVM,quantum,5,0.4444444444444444,0.35,"{""clf__C"": 0.1}",6.265213599999697
109,quantum/Fidelity-ref-SVM,quantum,6,0.4444444444444444,0.25,"{""clf__C"": 0.1}",6.265213599999697
109,quantum/Fidelity-ref-SVM,quantum,7,0.4444444444444444,0.6,"{""clf__C"": 0.1}",6.265213599999697
109,quantum/Fidelity-ref-SVM,quantum,8,0.4444444444444444,0.5,"{""clf__C"": 0.1}",6.265213599999697
109,quantum/Fidelity-ref-SVM,quantum,9,0.4444444444444444,0.35,"{""clf__C"": 0.1}",6.265213599999697
109,quantum/Fidelity-ref-SVM,quantum,10,0.5555555555555556,0.44999999999999996,"{""clf__C"": 0.1}",6.265213599999697
109,quantum/Fidelity-ref-SVM,quantum,11,0.3333333333333333,0.35000000000000003,"{""clf__C"": 0.1}",6.265213599999697
109,quantum/Fidelity-ref-SVM,quantum,12,0.3333333333333333,0.19999999999999998,"{""clf__C"": 0.1}",6.265213599999697
109,quantum/Fidelity-ref-SVM,quantum,13,0.4444444444444444,0.35000000000000003,"{""clf__C"": 0.1}",6.265213599999697
109,quantum/Fidelity-ref-SVM,quantum,14,0.4444444444444444,0.30000000000000004,"{""clf__C"": 0.1}",6.265213599999697
109,quantum/HS-RBF-ref-SVM,quantum,0,0.3333333333333333,0.19999999999999998,"{""clf__C"": 10.0, ""clf__gamma_mult"": 4.0}",12.436067700000422
109,quantum/HS-RBF-ref-SVM,quantum,1,0.6666666666666666,0.6,"{""clf__C"": 0.1, ""clf__gamma_mult"": 0.25}",12.436067700000422
109,quantum/HS-RBF-ref-SVM,quantum,2,0.3333333333333333,0.39999999999999997,"{""clf__C"": 10.0, ""clf__gamma_mult"": 1.0}",12.436067700000422
109,quantum/HS-RBF-ref-SVM,quantum,3,0.4444444444444444,0.7,"{""clf__C"": 0.1, ""clf__gamma_mult"": 0.25}",12.436067700000422
109,quantum/HS-RBF-ref-SVM,quantum,4,0.4444444444444444,0.35,"{""clf__C"": 10.0, ""clf__gamma_mult"": 1.0}",12.436067700000422
109,quantum/HS-RBF-ref-SVM,quantum,5,0.5555555555555556,0.39999999999999997,"{""clf__C"": 1.0, ""clf__gamma_mult"": 1.0}",12.436067700000422
109,quantum/HS-RBF-ref-SVM,quantum,6,0.4444444444444444,0.3,"{""clf__C"": 0.1, ""clf__gamma_mult"": 0.25}",12.436067700000422
109,quantum/HS-RBF-ref-SVM,quantum,7,0.5555555555555556,0.6,"{""clf__C"": 0.1, ""clf__gamma_mult"": 0.25}",12.436067700000422
109,quantum/HS-RBF-ref-SVM,quantum,8,0.5555555555555556,0.45,"{""clf__C"": 1.0, ""clf__gamma_mult"": 1.0}",12.436067700000422
109,quantum/HS-RBF-ref-SVM,quantum,9,0.3333333333333333,0.30000000000000004,"{""clf__C"": 10.0, ""clf__gamma_mult"": 0.25}",12.436067700000422
109,quantum/HS-RBF-ref-SVM,quantum,10,0.4444444444444444,0.4,"{""clf__C"": 0.1, ""clf__gamma_mult"": 0.25}",12.436067700000422
109,quantum/HS-RBF-ref-SVM,quantum,11,0.3333333333333333,0.3,"{""clf__C"": 0.1, ""clf__gamma_mult"": 0.25}",12.436067700000422
109,quantum/HS-RBF-ref-SVM,quantum,12,0.3333333333333333,0.25,"{""clf__C"": 0.1, ""clf__gamma_mult"": 0.25}",12.436067700000422
109,quantum/HS-RBF-ref-SVM,quantum,13,0.3333333333333333,0.35000000000000003,"{""clf__C"": 1.0, ""clf__gamma_mult"": 1.0}",12.436067700000422
109,quantum/HS-RBF-ref-SVM,quantum,14,0.4444444444444444,0.30000000000000004,"{""clf__C"": 0.1, ""clf__gamma_mult"": 0.25}",12.436067700000422
109,quantum/Bures-RBF-ref-SVM,quantum,0,0.2222222222222222,0.04999999999999999,"{""clf__C"": 0.1, ""clf__gamma_mult"": 0.25}",16.382815000000846
109,quantum/Bures-RBF-ref-SVM,quantum,1,0.6666666666666666,0.6499999999999999,"{""clf__C"": 0.1, ""clf__gamma_mult"": 0.25}",16.382815000000846
109,quantum/Bures-RBF-ref-SVM,quantum,2,0.3333333333333333,0.39999999999999997,"{""clf__C"": 1.0, ""clf__gamma_mult"": 4.0}",16.382815000000846
109,quantum/Bures-RBF-ref-SVM,quantum,3,0.4444444444444444,0.7,"{""clf__C"": 0.1, ""clf__gamma_mult"": 0.25}",16.382815000000846
109,quantum/Bures-RBF-ref-SVM,quantum,4,0.4444444444444444,0.35000000000000003,"{""clf__C"": 0.1, ""clf__gamma_mult"": 0.25}",16.382815000000846
109,quantum/Bures-RBF-ref-SVM,quantum,5,0.4444444444444444,0.39999999999999997,"{""clf__C"": 1.0, ""clf__gamma_mult"": 1.0}",16.382815000000846
109,quantum/Bures-RBF-ref-SVM,quantum,6,0.4444444444444444,0.25,"{""clf__C"": 0.1, ""clf__gamma_mult"": 0.25}",16.382815000000846
109,quantum/Bures-RBF-ref-SVM,quantum,7,0.4444444444444444,0.6,"{""clf__C"": 0.1, ""clf__gamma_mult"": 0.25}",16.382815000000846
109,quantum/Bures-RBF-ref-SVM,quantum,8,0.4444444444444444,0.45000000000000007,"{""clf__C"": 0.1, ""clf__gamma_mult"": 0.25}",16.382815000000846
109,quantum/Bures-RBF-ref-SVM,quantum,9,0.3333333333333333,0.30000000000000004,"{""clf__C"": 10.0, ""clf__gamma_mult"": 0.25}",16.382815000000846
109,quantum/Bures-RBF-ref-SVM,quantum,10,0.5555555555555556,0.44999999999999996,"{""clf__C"": 0.1, ""clf__gamma_mult"": 0.25}",16.382815000000846
109,quantum/Bures-RBF-ref-SVM,quantum,11,0.3333333333333333,0.3,"{""clf__C"": 0.1, ""clf__gamma_mult"": 0.25}",16.382815000000846
109,quantum/Bures-RBF-ref-SVM,quantum,12,0.3333333333333333,0.19999999999999998,"{""clf__C"": 0.1, ""clf__gamma_mult"": 0.25}",16.382815000000846
109,quantum/Bures-RBF-ref-SVM,quantum,13,0.3333333333333333,0.30000000000000004,"{""clf__C"": 10.0, ""clf__gamma_mult"": 4.0}",16.382815000000846
109,quantum/Bures-RBF-ref-SVM,quantum,14,0.4444444444444444,0.4,"{""clf__C"": 0.1, ""clf__gamma_mult"": 0.25}",16.382815000000846
109,quantum/QRE-RBF-ref-SVM,quantum,0,0.2222222222222222,0.1,"{""clf__C"": 1.0, ""clf__gamma_mult"": 1.0}",14.327774299999874
109,quantum/QRE-RBF-ref-SVM,quantum,1,0.6666666666666666,0.6499999999999999,"{""clf__C"": 0.1, ""clf__gamma_mult"": 0.25}",14.327774299999874
109,quantum/QRE-RBF-ref-SVM,quantum,2,0.3333333333333333,0.39999999999999997,"{""clf__C"": 1.0, ""clf__gamma_mult"": 4.0}",14.327774299999874
109,quantum/QRE-RBF-ref-SVM,quantum,3,0.4444444444444444,0.7,"{""clf__C"": 0.1, ""clf__gamma_mult"": 0.25}",14.327774299999874
109,quantum/QRE-RBF-ref-SVM,quantum,4,0.4444444444444444,0.35000000000000003,"{""clf__C"": 0.1, ""clf__gamma_mult"": 0.25}",14.327774299999874
109,quantum/QRE-RBF-ref-SVM,quantum,5,0.4444444444444444,0.35,"{""clf__C"": 1.0, ""clf__gamma_mult"": 1.0}",14.327774299999874
109,quantum/QRE-RBF-ref-SVM,quantum,6,0.4444444444444444,0.25,"{""clf__C"": 0.1, ""clf__gamma_mult"": 0.25}",14.327774299999874
109,quantum/QRE-RBF-ref-SVM,quantum,7,0.4444444444444444,0.6,"{""clf__C"": 0.1, ""clf__gamma_mult"": 0.25}",14.327774299999874
109,quantum/QRE-RBF-ref-SVM,quantum,8,0.4444444444444444,0.5,"{""clf__C"": 0.1, ""clf__gamma_mult"": 0.25}",14.327774299999874
109,quantum/QRE-RBF-ref-SVM,quantum,9,0.3333333333333333,0.30000000000000004,"{""clf__C"": 10.0, ""clf__gamma_mult"": 0.25}",14.327774299999874
109,quantum/QRE-RBF-ref-SVM,quantum,10,0.5555555555555556,0.5,"{""clf__C"": 0.1, ""clf__gamma_mult"": 0.25}",14.327774299999874
109,quantum/QRE-RBF-ref-SVM,quantum,11,0.3333333333333333,0.3,"{""clf__C"": 0.1, ""clf__gamma_mult"": 0.25}",14.327774299999874
109,quantum/QRE-RBF-ref-SVM,quantum,12,0.3333333333333333,0.19999999999999998,"{""clf__C"": 0.1, ""clf__gamma_mult"": 0.25}",14.327774299999874
109,quantum/QRE-RBF-ref-SVM,quantum,13,0.3333333333333333,0.30000000000000004,"{""clf__C"": 10.0, ""clf__gamma_mult"": 4.0}",14.327774299999874
109,quantum/QRE-RBF-ref-SVM,quantum,14,0.4444444444444444,0.35000000000000003,"{""clf__C"": 0.1, ""clf__gamma_mult"": 0.25}",14.327774299999874
109,quantum/IQP-kernel-SVM,quantum,0,0.6666666666666666,0.7000000000000001,"{""clf__C"": 10.0, ""clf__scale"": 2.0}",20.853120300000228
109,quantum/IQP-kernel-SVM,quantum,1,0.5555555555555556,0.45,"{""clf__C"": 10.0, ""clf__scale"": 0.5}",20.853120300000228
109,quantum/IQP-kernel-SVM,quantum,2,0.5555555555555556,0.45,"{""clf__C"": 10.0, ""clf__scale"": 0.5}",20.853120300000228
109,quantum/IQP-kernel-SVM,quantum,3,0.4444444444444444,0.6,"{""clf__C"": 0.1, ""clf__scale"": 0.5}",20.853120300000228
109,quantum/IQP-kernel-SVM,quantum,4,0.3333333333333333,0.3,"{""clf__C"": 1.0, ""clf__scale"": 1.0}",20.853120300000228
109,quantum/IQP-kernel-SVM,quantum,5,0.5555555555555556,0.55,"{""clf__C"": 10.0, ""clf__scale"": 1.0}",20.853120300000228
109,quantum/IQP-kernel-SVM,quantum,6,0.5555555555555556,0.55,"{""clf__C"": 1.0, ""clf__scale"": 2.0}",20.853120300000228
109,quantum/IQP-kernel-SVM,quantum,7,0.4444444444444444,0.45,"{""clf__C"": 10.0, ""clf__scale"": 1.0}",20.853120300000228
109,quantum/IQP-kernel-SVM,quantum,8,0.3333333333333333,0.25,"{""clf__C"": 1.0, ""clf__scale"": 0.5}",20.853120300000228
109,quantum/IQP-kernel-SVM,quantum,9,0.4444444444444444,0.2,"{""clf__C"": 1.0, ""clf__scale"": 0.5}",20.853120300000228
109,quantum/IQP-kernel-SVM,quantum,10,0.2222222222222222,0.24999999999999997,"{""clf__C"": 1.0, ""clf__scale"": 2.0}",20.853120300000228
109,quantum/IQP-kernel-SVM,quantum,11,0.5555555555555556,0.4,"{""clf__C"": 10.0, ""clf__scale"": 2.0}",20.853120300000228
109,quantum/IQP-kernel-SVM,quantum,12,0.3333333333333333,0.45,"{""clf__C"": 10.0, ""clf__scale"": 0.5}",20.853120300000228
109,quantum/IQP-kernel-SVM,quantum,13,0.5555555555555556,0.75,"{""clf__C"": 1.0, ""clf__scale"": 0.5}",20.853120300000228
109,quantum/IQP-kernel-SVM,quantum,14,0.2222222222222222,0.1,"{""clf__C"": 1.0, ""clf__scale"": 0.5}",20.853120300000228
109,quantum/CNOT-kernel-SVM,quantum,0,0.5555555555555556,0.45,"{""clf__C"": 1.0, ""clf__scale"": 1.0}",18.346247500001482
109,quantum/CNOT-kernel-SVM,quantum,1,0.5555555555555556,0.5,"{""clf__C"": 1.0, ""clf__scale"": 2.0}",18.346247500001482
109,quantum/CNOT-kernel-SVM,quantum,2,0.4444444444444444,0.3,"{""clf__C"": 1.0, ""clf__scale"": 1.0}",18.346247500001482
109,quantum/CNOT-kernel-SVM,quantum,3,0.4444444444444444,0.7,"{""clf__C"": 1.0, ""clf__scale"": 0.5}",18.346247500001482
109,quantum/CNOT-kernel-SVM,quantum,4,0.3333333333333333,0.3,"{""clf__C"": 10.0, ""clf__scale"": 1.0}",18.346247500001482
109,quantum/CNOT-kernel-SVM,quantum,5,0.8888888888888888,0.85,"{""clf__C"": 10.0, ""clf__scale"": 1.0}",18.346247500001482
109,quantum/CNOT-kernel-SVM,quantum,6,0.3333333333333333,0.3,"{""clf__C"": 1.0, ""clf__scale"": 0.5}",18.346247500001482
109,quantum/CNOT-kernel-SVM,quantum,7,0.3333333333333333,0.25,"{""clf__C"": 10.0, ""clf__scale"": 1.0}",18.346247500001482
109,quantum/CNOT-kernel-SVM,quantum,8,0.6666666666666666,0.6,"{""clf__C"": 1.0, ""clf__scale"": 2.0}",18.346247500001482
109,quantum/CNOT-kernel-SVM,quantum,9,0.2222222222222222,0.25,"{""clf__C"": 1.0, ""clf__scale"": 1.0}",18.346247500001482
109,quantum/CNOT-kernel-SVM,quantum,10,0.3333333333333333,0.45000000000000007,"{""clf__C"": 10.0, ""clf__scale"": 2.0}",18.346247500001482
109,quantum/CNOT-kernel-SVM,quantum,11,0.7777777777777778,0.7,"{""clf__C"": 10.0, ""clf__scale"": 1.0}",18.346247500001482
109,quantum/CNOT-kernel-SVM,quantum,12,0.4444444444444444,0.29999999999999993,"{""clf__C"": 10.0, ""clf__scale"": 0.5}",18.346247500001482
109,quantum/CNOT-kernel-SVM,quantum,13,0.4444444444444444,0.6,"{""clf__C"": 10.0, ""clf__scale"": 1.0}",18.346247500001482
109,quantum/CNOT-kernel-SVM,quantum,14,0.4444444444444444,0.45000000000000007,"{""clf__C"": 1.0, ""clf__scale"": 1.0}",18.346247500001482
109,control/IQP-no-entangle,control,0,0.5555555555555556,0.4,"{""clf__C"": 10.0, ""clf__scale"": 1.0}",16.700485299999855
109,control/IQP-no-entangle,control,1,0.3333333333333333,0.5,"{""clf__C"": 10.0, ""clf__scale"": 2.0}",16.700485299999855
109,control/IQP-no-entangle,control,2,0.3333333333333333,0.35,"{""clf__C"": 10.0, ""clf__scale"": 1.0}",16.700485299999855
109,control/IQP-no-entangle,control,3,0.4444444444444444,0.6,"{""clf__C"": 1.0, ""clf__scale"": 0.5}",16.700485299999855
109,control/IQP-no-entangle,control,4,0.2222222222222222,0.25,"{""clf__C"": 10.0, ""clf__scale"": 1.0}",16.700485299999855
109,control/IQP-no-entangle,control,5,0.4444444444444444,0.5,"{""clf__C"": 10.0, ""clf__scale"": 2.0}",16.700485299999855
109,control/IQP-no-entangle,control,6,0.6666666666666666,0.5499999999999999,"{""clf__C"": 10.0, ""clf__scale"": 2.0}",16.700485299999855
109,control/IQP-no-entangle,control,7,0.5555555555555556,0.5,"{""clf__C"": 1.0, ""clf__scale"": 2.0}",16.700485299999855
109,control/IQP-no-entangle,control,8,0.5555555555555556,0.35,"{""clf__C"": 10.0, ""clf__scale"": 0.5}",16.700485299999855
109,control/IQP-no-entangle,control,9,0.3333333333333333,0.45,"{""clf__C"": 10.0, ""clf__scale"": 1.0}",16.700485299999855
109,control/IQP-no-entangle,control,10,0.3333333333333333,0.1,"{""clf__C"": 10.0, ""clf__scale"": 1.0}",16.700485299999855
109,control/IQP-no-entangle,control,11,0.7777777777777778,0.7000000000000001,"{""clf__C"": 10.0, ""clf__scale"": 1.0}",16.700485299999855
109,control/IQP-no-entangle,control,12,0.5555555555555556,0.5,"{""clf__C"": 10.0, ""clf__scale"": 1.0}",16.700485299999855
109,control/IQP-no-entangle,control,13,0.4444444444444444,0.35,"{""clf__C"": 1.0, ""clf__scale"": 2.0}",16.700485299999855
109,control/IQP-no-entangle,control,14,0.4444444444444444,0.35,"{""clf__C"": 1.0, ""clf__scale"": 1.0}",16.700485299999855
109,control/PCA-matched-RBF,control,0,0.5555555555555556,0.5,"{""clf__C"": 10.0, ""clf__gamma"": ""scale""}",13.222976000000926
109,control/PCA-matched-RBF,control,1,0.5555555555555556,0.55,"{""clf__C"": 10.0, ""clf__gamma"": 0.01}",13.222976000000926
109,control/PCA-matched-RBF,control,2,0.4444444444444444,0.3,"{""clf__C"": 1.0, ""clf__gamma"": ""scale""}",13.222976000000926
109,control/PCA-matched-RBF,control,3,0.4444444444444444,0.6,"{""clf__C"": 1.0, ""clf__gamma"": 0.1}",13.222976000000926
109,control/PCA-matched-RBF,control,4,0.3333333333333333,0.2,"{""clf__C"": 10.0, ""clf__gamma"": ""scale""}",13.222976000000926
109,control/PCA-matched-RBF,control,5,0.6666666666666666,0.7000000000000001,"{""clf__C"": 0.1, ""clf__gamma"": ""scale""}",13.222976000000926
109,control/PCA-matched-RBF,control,6,0.5555555555555556,0.35,"{""clf__C"": 0.1, ""clf__gamma"": ""scale""}",13.222976000000926
109,control/PCA-matched-RBF,control,7,0.4444444444444444,0.3,"{""clf__C"": 10.0, ""clf__gamma"": ""scale""}",13.222976000000926
109,control/PCA-matched-RBF,control,8,0.4444444444444444,0.39999999999999997,"{""clf__C"": 0.1, ""clf__gamma"": ""scale""}",13.222976000000926
109,control/PCA-matched-RBF,control,9,0.3333333333333333,0.1,"{""clf__C"": 1.0, ""clf__gamma"": ""scale""}",13.222976000000926
109,control/PCA-matched-RBF,control,10,0.3333333333333333,0.24999999999999997,"{""clf__C"": 10.0, ""clf__gamma"": 0.1}",13.222976000000926
109,control/PCA-matched-RBF,control,11,0.7777777777777778,0.75,"{""clf__C"": 10.0, ""clf__gamma"": ""scale""}",13.222976000000926
109,control/PCA-matched-RBF,control,12,0.3333333333333333,0.19999999999999998,"{""clf__C"": 10.0, ""clf__gamma"": 0.01}",13.222976000000926
109,control/PCA-matched-RBF,control,13,0.4444444444444444,0.65,"{""clf__C"": 10.0, ""clf__gamma"": ""scale""}",13.222976000000926
109,control/PCA-matched-RBF,control,14,0.3333333333333333,0.5,"{""clf__C"": 10.0, ""clf__gamma"": ""scale""}",13.222976000000926
109,control/PCA-matched-linear,control,0,0.4444444444444444,0.25,"{""clf__C"": 0.1}",4.823374300000069
109,control/PCA-matched-linear,control,1,0.5555555555555556,0.55,"{""clf__C"": 1.0}",4.823374300000069
109,control/PCA-matched-linear,control,2,0.3333333333333333,0.35,"{""clf__C"": 10.0}",4.823374300000069
109,control/PCA-matched-linear,control,3,0.4444444444444444,0.55,"{""clf__C"": 0.1}",4.823374300000069
109,control/PCA-matched-linear,control,4,0.3333333333333333,0.45,"{""clf__C"": 10.0}",4.823374300000069
109,control/PCA-matched-linear,control,5,0.5555555555555556,0.5499999999999999,"{""clf__C"": 0.1}",4.823374300000069
109,control/PCA-matched-linear,control,6,0.3333333333333333,0.3,"{""clf__C"": 10.0}",4.823374300000069
109,control/PCA-matched-linear,control,7,0.2222222222222222,0.1,"{""clf__C"": 1.0}",4.823374300000069
109,control/PCA-matched-linear,control,8,0.3333333333333333,0.30000000000000004,"{""clf__C"": 10.0}",4.823374300000069
109,control/PCA-matched-linear,control,9,0.3333333333333333,0.30000000000000004,"{""clf__C"": 1.0}",4.823374300000069
109,control/PCA-matched-linear,control,10,0.5555555555555556,0.7,"{""clf__C"": 0.1}",4.823374300000069
109,control/PCA-matched-linear,control,11,0.3333333333333333,0.4,"{""clf__C"": 10.0}",4.823374300000069
109,control/PCA-matched-linear,control,12,0.3333333333333333,0.25,"{""clf__C"": 1.0}",4.823374300000069
109,control/PCA-matched-linear,control,13,0.4444444444444444,0.4,"{""clf__C"": 0.1}",4.823374300000069
109,control/PCA-matched-linear,control,14,0.4444444444444444,0.2,"{""clf__C"": 0.1}",4.823374300000069
109,control/logeuclid-TS+LR,control,0,0.4444444444444444,0.15,"{""clf__C"": 0.1}",4.211889999998675
109,control/logeuclid-TS+LR,control,1,0.7777777777777778,0.6499999999999999,"{""clf__C"": 1.0}",4.211889999998675
109,control/logeuclid-TS+LR,control,2,0.2222222222222222,0.19999999999999998,"{""clf__C"": 0.1}",4.211889999998675
109,control/logeuclid-TS+LR,control,3,0.5555555555555556,0.6,"{""clf__C"": 0.1}",4.211889999998675
109,control/logeuclid-TS+LR,control,4,0.4444444444444444,0.39999999999999997,"{""clf__C"": 0.1}",4.211889999998675
109,control/logeuclid-TS+LR,control,5,0.4444444444444444,0.39999999999999997,"{""clf__C"": 1.0}",4.211889999998675
109,control/logeuclid-TS+LR,control,6,0.5555555555555556,0.6,"{""clf__C"": 1.0}",4.211889999998675
109,control/logeuclid-TS+LR,control,7,0.5555555555555556,0.44999999999999996,"{""clf__C"": 0.1}",4.211889999998675
109,control/logeuclid-TS+LR,control,8,0.5555555555555556,0.4,"{""clf__C"": 0.1}",4.211889999998675
109,control/logeuclid-TS+LR,control,9,0.4444444444444444,0.2,"{""clf__C"": 10.0}",4.211889999998675
109,control/logeuclid-TS+LR,control,10,0.4444444444444444,0.44999999999999996,"{""clf__C"": 0.1}",4.211889999998675
109,control/logeuclid-TS+LR,control,11,0.3333333333333333,0.24999999999999997,"{""clf__C"": 0.1}",4.211889999998675
109,control/logeuclid-TS+LR,control,12,0.2222222222222222,0.19999999999999998,"{""clf__C"": 1.0}",4.211889999998675
109,control/logeuclid-TS+LR,control,13,0.5555555555555556,0.35000000000000003,"{""clf__C"": 0.1}",4.211889999998675
109,control/logeuclid-TS+LR,control,14,0.2222222222222222,0.15000000000000002,"{""clf__C"": 0.1}",4.211889999998675
109,control/riemann-kernel-SVM,control,0,0.3333333333333333,0.1,"{""clf__C"": 0.1}",4.350040199999057
109,control/riemann-kernel-SVM,control,1,0.5555555555555556,0.35,"{""clf__C"": 10.0}",4.350040199999057
109,control/riemann-kernel-SVM,control,2,0.3333333333333333,0.14999999999999997,"{""clf__C"": 0.1}",4.350040199999057
109,control/riemann-kernel-SVM,control,3,0.4444444444444444,0.65,"{""clf__C"": 0.1}",4.350040199999057
109,control/riemann-kernel-SVM,control,4,0.3333333333333333,0.30000000000000004,"{""clf__C"": 1.0}",4.350040199999057
109,control/riemann-kernel-SVM,control,5,0.4444444444444444,0.25,"{""clf__C"": 0.1}",4.350040199999057
109,control/riemann-kernel-SVM,control,6,0.4444444444444444,0.3,"{""clf__C"": 1.0}",4.350040199999057
109,control/riemann-kernel-SVM,control,7,0.4444444444444444,0.19999999999999998,"{""clf__C"": 0.1}",4.350040199999057
109,control/riemann-kernel-SVM,control,8,0.4444444444444444,0.35000000000000003,"{""clf__C"": 0.1}",4.350040199999057
109,control/riemann-kernel-SVM,control,9,0.3333333333333333,0.2,"{""clf__C"": 1.0}",4.350040199999057
109,control/riemann-kernel-SVM,control,10,0.5555555555555556,0.6000000000000001,"{""clf__C"": 0.1}",4.350040199999057
109,control/riemann-kernel-SVM,control,11,0.3333333333333333,0.35,"{""clf__C"": 0.1}",4.350040199999057
109,control/riemann-kernel-SVM,control,12,0.2222222222222222,0.19999999999999998,"{""clf__C"": 1.0}",4.350040199999057
109,control/riemann-kernel-SVM,control,13,0.4444444444444444,0.35000000000000003,"{""clf__C"": 0.1}",4.350040199999057
109,control/riemann-kernel-SVM,control,14,0.4444444444444444,0.25,"{""clf__C"": 0.1}",4.350040199999057
109,control/logeuclid-kernel-SVM,control,0,0.3333333333333333,0.1,"{""clf__C"": 1.0}",4.3196992999983195
109,control/logeuclid-kernel-SVM,control,1,0.5555555555555556,0.45,"{""clf__C"": 10.0}",4.3196992999983195
109,control/logeuclid-kernel-SVM,control,2,0.4444444444444444,0.35,"{""clf__C"": 10.0}",4.3196992999983195
109,control/logeuclid-kernel-SVM,control,3,0.4444444444444444,0.7,"{""clf__C"": 0.1}",4.3196992999983195
109,control/logeuclid-kernel-SVM,control,4,0.5555555555555556,0.39999999999999997,"{""clf__C"": 10.0}",4.3196992999983195
109,control/logeuclid-kernel-SVM,control,5,0.3333333333333333,0.39999999999999997,"{""clf__C"": 10.0}",4.3196992999983195
109,control/logeuclid-kernel-SVM,control,6,0.4444444444444444,0.39999999999999997,"{""clf__C"": 1.0}",4.3196992999983195
109,control/logeuclid-kernel-SVM,control,7,0.5555555555555556,0.55,"{""clf__C"": 10.0}",4.3196992999983195
109,control/logeuclid-kernel-SVM,control,8,0.4444444444444444,0.30000000000000004,"{""clf__C"": 1.0}",4.3196992999983195
109,control/logeuclid-kernel-SVM,control,9,0.3333333333333333,0.25,"{""clf__C"": 1.0}",4.3196992999983195
109,control/logeuclid-kernel-SVM,control,10,0.6666666666666666,0.8,"{""clf__C"": 0.1}",4.3196992999983195
109,control/logeuclid-kernel-SVM,control,11,0.4444444444444444,0.3,"{""clf__C"": 1.0}",4.3196992999983195
109,control/logeuclid-kernel-SVM,control,12,0.3333333333333333,0.24999999999999997,"{""clf__C"": 0.1}",4.3196992999983195
109,control/logeuclid-kernel-SVM,control,13,0.4444444444444444,0.35000000000000003,"{""clf__C"": 0.1}",4.3196992999983195
109,control/logeuclid-kernel-SVM,control,14,0.1111111111111111,0.15,"{""clf__C"": 1.0}",4.3196992999983195
