subject,pipeline,group,fold,accuracy,auc,best_params,fit_seconds_total
67,classical/logvar+LDA,classical,0,0.3333333333333333,0.29999999999999993,{},0.09678070000018124
67,classical/logvar+LDA,classical,1,0.4444444444444444,0.6000000000000001,{},0.09678070000018124
67,classical/logvar+LDA,classical,2,0.6666666666666666,0.5,{},0.09678070000018124
67,classical/logvar+LDA,classical,3,0.5555555555555556,0.4,{},0.09678070000018124
67,classical/logvar+LDA,classical,4,0.8888888888888888,0.8500000000000001,{},0.09678070000018124
67,classical/logvar+LDA,classical,5,0.2222222222222222,0.4,{},0.09678070000018124
67,classical/logvar+LDA,classical,6,0.6666666666666666,0.6,{},0.09678070000018124
67,classical/logvar+LDA,classical,7,0.5555555555555556,0.45,{},0.09678070000018124
67,classical/logvar+LDA,classical,8,0.7777777777777778,0.95,{},0.09678070000018124
67,classical/logvar+LDA,classical,9,0.6666666666666666,0.8,{},0.09678070000018124
67,classical/logvar+LDA,classical,10,0.3333333333333333,0.24999999999999997,{},0.09678070000018124
67,classical/logvar+LDA,classical,11,0.6666666666666666,0.9500000000000001,{},0.09678070000018124
67,classical/logvar+LDA,classical,12,0.4444444444444444,0.4,{},0.09678070000018124
67,classical/logvar+LDA,classical,13,0.3333333333333333,0.30000000000000004,{},0.09678070000018124
67,classical/logvar+LDA,classical,14,0.6666666666666666,0.75,{},0.09678070000018124
67,classical/CSP+LDA,classical,0,0.5555555555555556,0.24999999999999997,"{""csp__nfilter"": 2}",4.210246300000108
67,classical/CSP+LDA,classical,1,0.1111111111111111,0.2,"{""csp__nfilter"": 2}",4.210246300000108
67,classical/CSP+LDA,classical,2,0.4444444444444444,0.6,"{""csp__nfilter"": 6}",4.210246300000108
67,classical/CSP+LDA,classical,3,0.6666666666666666,0.7,"{""csp__nfilter"": 2}",4.210246300000108
67,classical/CSP+LDA,classical,4,0.6666666666666666,0.7,"{""csp__nfilter"": 4}",4.210246300000108
67,classical/CSP+LDA,classical,5,0.4444444444444444,0.6,"{""csp__nfilter"": 6}",4.210246300000108
67,classical/CSP+LDA,classical,6,0.5555555555555556,0.8,"{""csp__nfilter"": 2}",4.210246300000108
67,classical/CSP+LDA,classical,7,0.4444444444444444,0.3,"{""csp__nfilter"": 2}",4.210246300000108
67,classical/CSP+LDA,classical,8,0.5555555555555556,0.5,"{""csp__nfilter"": 6}",4.210246300000108
67,classical/CSP+LDA,classical,9,0.6666666666666666,0.6,"{""csp__nfilter"": 2}",4.210246300000108
67,classical/CSP+LDA,classical,10,0.6666666666666666,0.4,"{""csp__nfilter"": 6}",4.210246300000108
67,classical/CSP+LDA,classical,11,0.4444444444444444,0.7,"{""csp__nfilter"": 6}",4.210246300000108
67,classical/CSP+LDA,classical,12,0.2222222222222222,0.45,"{""csp__nfilter"": 4}",4.210246300000108
67,classical/CSP+LDA,classical,13,0.2222222222222222,0.2,"{""csp__nfilter"": 2}",4.210246300000108
67,classical/CSP+LDA,classical,14,0.5555555555555556,0.44999999999999996,"{""csp__nfilter"": 4}",4.210246300000108
67,classical/MDM,classical,0,0.5555555555555556,0.3,{},0.7040377000002991
67,classical/MDM,classical,1,0.2222222222222222,0.15,{},0.7040377000002991
67,classical/MDM,classical,2,0.3333333333333333,0.45,{},0.7040377000002991
67,classical/MDM,classical,3,0.6666666666666666,0.6000000000000001,{},0.7040377000002991
67,classical/MDM,classical,4,0.5555555555555556,0.65,{},0.7040377000002991
67,classical/MDM,classical,5,0.4444444444444444,0.65,{},0.7040377000002991
67,classical/MDM,classical,6,0.6666666666666666,0.65,{},0.7040377000002991
67,classical/MDM,classical,7,0.4444444444444444,0.35,{},0.7040377000002991
67,classical/MDM,classical,8,0.5555555555555556,0.6000000000000001,{},0.7040377000002991
67,classical/MDM,classical,9,0.4444444444444444,0.7,{},0.7040377000002991
67,classical/MDM,classical,10,0.6666666666666666,0.4,{},0.7040377000002991
67,classical/MDM,classical,11,0.5555555555555556,0.7,{},0.7040377000002991
67,classical/MDM,classical,12,0.2222222222222222,0.2,{},0.7040377000002991
67,classical/MDM,classical,13,0.2222222222222222,0.30000000000000004,{},0.7040377000002991
67,classical/MDM,classical,14,0.5555555555555556,0.5,{},0.7040377000002991
67,classical/TS+LR,classical,0,0.2222222222222222,0.35,"{""clf__C"": 0.1}",6.9684698000000935
67,classical/TS+LR,classical,1,0.2222222222222222,0.19999999999999998,"{""clf__C"": 0.1}",6.9684698000000935
67,classical/TS+LR,classical,2,0.4444444444444444,0.45,"{""clf__C"": 0.1}",6.9684698000000935
67,classical/TS+LR,classical,3,0.3333333333333333,0.15000000000000002,"{""clf__C"": 0.1}",6.9684698000000935
67,classical/TS+LR,classical,4,0.4444444444444444,0.8,"{""clf__C"": 0.1}",6.9684698000000935
67,classical/TS+LR,classical,5,0.4444444444444444,0.4,"{""clf__C"": 0.1}",6.9684698000000935
67,classical/TS+LR,classical,6,0.2222222222222222,0.3,"{""clf__C"": 1.0}",6.9684698000000935
67,classical/TS+LR,classical,7,0.2222222222222222,0.3,"{""clf__C"": 0.1}",6.9684698000000935
67,classical/TS+LR,classical,8,0.4444444444444444,0.55,"{""clf__C"": 0.1}",6.9684698000000935
67,classical/TS+LR,classical,9,0.8888888888888888,0.8500000000000001,"{""clf__C"": 1.0}",6.9684698000000935
67,classical/TS+LR,classical,10,0.3333333333333333,0.35000000000000003,"{""clf__C"": 10.0}",6.9684698000000935
67,classical/TS+LR,classical,11,0.3333333333333333,0.39999999999999997,"{""clf__C"": 0.1}",6.9684698000000935
67,classical/TS+LR,classical,12,0.2222222222222222,0.05,"{""clf__C"": 10.0}",6.9684698000000935
67,classical/TS+LR,classical,13,0.1111111111111111,0.1,"{""clf__C"": 0.1}",6.9684698000000935
67,classical/TS+LR,classical,14,0.5555555555555556,0.45,"{""clf__C"": 0.1}",6.9684698000000935
67,classical/TS+RBF-SVM,classical,0,0.4444444444444444,0.15,"{""clf__C"": 1.0, ""clf__gamma"": 0.01}",18.400495500000034
67,classical/TS+RBF-SVM,classical,1,0.4444444444444444,0.04999999999999999,"{""clf__C"": 0.1, ""clf__gamma"": ""scale""}",18.400495500000034
67,classical/TS+RBF-SVM,classical,2,0.4444444444444444,0.25,"{""clf__C"": 0.1, ""clf__gamma"": ""scale""}",18.400495500000034
67,classical/TS+RBF-SVM,classical,3,0.5555555555555556,0.2,"{""clf__C"": 0.1, ""clf__gamma"": ""scale""}",18.400495500000034
67,classical/TS+RBF-SVM,classical,4,0.5555555555555556,0.55,"{""clf__C"": 0.1, ""clf__gamma"": ""scale""}",18.400495500000034
67,classical/TS+RBF-SVM,classical,5,0.4444444444444444,0.25,"{""clf__C"": 10.0, ""clf__gamma"": 0.01}",18.400495500000034
67,classical/TS+RBF-SVM,classical,6,0.4444444444444444,0.25,"{""clf__C"": 0.1, ""clf__gamma"": ""scale""}",18.400495500000034
67,classical/TS+RBF-SVM,classical,7,0.3333333333333333,0.30000000000000004,"{""clf__C"": 10.0, ""clf__gamma"": ""scale""}",18.400495500000034
67,classical/TS+RBF-SVM,classical,8,0.5555555555555556,0.75,"{""clf__C"": 0.1, ""clf__gamma"": ""scale""}",18.400495500000034
67,classical/TS+RBF-SVM,classical,9,0.7777777777777778,0.6000000000000001,"{""clf__C"": 0.1, ""clf__gamma"": ""scale""}",18.400495500000034
67,classical/TS+RBF-SVM,classical,10,0.4444444444444444,0.25,"{""clf__C"": 0.1, ""clf__gamma"": ""scale""}",18.400495500000034
67,classical/TS+RBF-SVM,classical,11,0.4444444444444444,0.45000000000000007,"{""clf__C"": 0.1, ""clf__gamma"": ""scale""}",18.400495500000034
67,classical/TS+RBF-SVM,classical,12,0.0,0.0,"{""clf__C"": 1.0, ""clf__gamma"": ""scale""}",18.400495500000034
67,classical/TS+RBF-SVM,classical,13,0.2222222222222222,0.2,"{""clf__C"": 10.0, ""clf__gamma"": 0.01}",18.400495500000034
67,classical/TS+RBF-SVM,classical,14,0.5555555555555556,0.30000000000000004,"{""clf__C"": 0.1, ""clf__gamma"": ""scale""}",18.400495500000034
67,quantum/HS-overlap-SVM,quantum,0,0.4444444444444444,0.35,"{""clf__C"": 0.1}",4.404778800000258
67,quantum/HS-overlap-SVM,quantum,1,0.4444444444444444,0.04999999999999999,"{""clf__C"": 10.0}",4.404778800000258
67,quantum/HS-overlap-SVM,quantum,2,0.3333333333333333,0.2,"{""clf__C"": 0.1}",4.404778800000258
67,quantum/HS-overlap-SVM,quantum,3,0.5555555555555556,0.5,"{""clf__C"": 0.1}",4.404778800000258
67,quantum/HS-overlap-SVM,quantum,4,0.5555555555555556,0.44999999999999996,"{""clf__C"": 0.1}",4.404778800000258
67,quantum/HS-overlap-SVM,quantum,5,0.4444444444444444,0.45000000000000007,"{""clf__C"": 0.1}",4.404778800000258
67,quantum/HS-overlap-SVM,quantum,6,0.4444444444444444,0.6,"{""clf__C"": 0.1}",4.404778800000258
67,quantum/HS-overlap-SVM,quantum,7,0.4444444444444444,0.25,"{""clf__C"": 0.1}",4.404778800000258
67,quantum/HS-overlap-SVM,quantum,8,0.5555555555555556,0.5,"{""clf__C"": 0.1}",4.404778800000258
67,quantum/HS-overlap-SVM,quantum,9,0.5555555555555556,0.55,"{""clf__C"": 0.1}",4.404778800000258
67,quantum/HS-overlap-SVM,quantum,10,0.4444444444444444,0.25,"{""clf__C"": 0.1}",4.404778800000258
67,quantum/HS-overlap-SVM,quantum,11,0.4444444444444444,0.45000000000000007,"{""clf__C"": 0.1}",4.404778800000258
67,quantum/HS-overlap-SVM,quantum,12,0.3333333333333333,0.25,"{""clf__C"": 0.1}",4.404778800000258
67,quantum/HS-overlap-SVM,quantum,13,0.5555555555555556,0.30000000000000004,"{""clf__C"": 10.0}",4.404778800000258
67,quantum/HS-overlap-SVM,quantum,14,0.5555555555555556,0.5499999999999999,"{""clf__C"": 0.1}",4.404778800000258
67,quantum/Fidelity-SVM,quantum,0,0.4444444444444444,0.35,"{""clf__C"": 0.1}",7.808003399999961
67,quantum/Fidelity-SVM,quantum,1,0.4444444444444444,0.1,"{""clf__C"": 0.1}",7.808003399999961
67,quantum/Fidelity-SVM,quantum,2,0.3333333333333333,0.2,"{""clf__C"": 0.1}",7.808003399999961
67,quantum/Fidelity-SVM,quantum,3,0.5555555555555556,0.45,"{""clf__C"": 0.1}",7.808003399999961
67,quantum/Fidelity-SVM,quantum,4,0.5555555555555556,0.55,"{""clf__C"": 0.1}",7.808003399999961
67,quantum/Fidelity-SVM,quantum,5,0.4444444444444444,0.35,"{""clf__C"": 0.1}",7.808003399999961
67,quantum/Fidelity-SVM,quantum,6,0.4444444444444444,0.6,"{""clf__C"": 0.1}",7.808003399999961
67,quantum/Fidelity-SVM,quantum,7,0.4444444444444444,0.25,"{""clf__C"": 0.1}",7.808003399999961
67,quantum/Fidelity-SVM,quantum,8,0.5555555555555556,0.55,"{""clf__C"": 0.1}",7.808003399999961
67,quantum/Fidelity-SVM,quantum,9,0.5555555555555556,0.6,"{""clf__C"": 0.1}",7.808003399999961
67,quantum/Fidelity-SVM,quantum,10,0.4444444444444444,0.25,"{""clf__C"": 0.1}",7.808003399999961
67,quantum/Fidelity-SVM,quantum,11,0.4444444444444444,0.55,"{""clf__C"": 0.1}",7.808003399999961
67,quantum/Fidelity-SVM,quantum,12,0.3333333333333333,0.25,"{""clf__C"": 0.1}",7.808003399999961
67,quantum/Fidelity-SVM,quantum,13,0.5555555555555556,0.25,"{""clf__C"": 0.1}",7.808003399999961
67,quantum/Fidelity-SVM,quantum,14,0.5555555555555556,0.5499999999999999,"{""clf__C"": 0.1}",7.808003399999961
67,quantum/HS-RBF-SVM,quantum,0,0.4444444444444444,0.35,"{""clf__C"": 10.0, ""clf__gamma_mult"": 0.25}",12.349655900000016
67,quantum/HS-RBF-SVM,quantum,1,0.2222222222222222,0.1,"{""clf__C"": 1.0, ""clf__gamma_mult"": 1.0}",12.349655900000016
67,quantum/HS-RBF-SVM,quantum,2,0.8888888888888888,0.8,"{""clf__C"": 10.0, ""clf__gamma_mult"": 1.0}",12.349655900000016
67,quantum/HS-RBF-SVM,quantum,3,0.4444444444444444,0.55,"{""clf__C"": 10.0, ""clf__gamma_mult"": 0.25}",12.349655900000016
67,quantum/HS-RBF-SVM,quantum,4,0.3333333333333333,0.30000000000000004,"{""clf__C"": 10.0, ""clf__gamma_mult"": 1.0}",12.349655900000016
67,quantum/HS-RBF-SVM,quantum,5,0.4444444444444444,0.5,"{""clf__C"": 10.0, ""clf__gamma_mult"": 1.0}",12.349655900000016
67,quantum/HS-RBF-SVM,quantum,6,0.4444444444444444,0.5,"{""clf__C"": 0.1, ""clf__gamma_mult"": 0.25}",12.349655900000016
67,quantum/HS-RBF-SVM,quantum,7,0.3333333333333333,0.3,"{""clf__C"": 10.0, ""clf__gamma_mult"": 1.0}",12.349655900000016
67,quantum/HS-RBF-SVM,quantum,8,0.4444444444444444,0.35000000000000003,"{""clf__C"": 1.0, ""clf__gamma_mult"": 1.0}",12.349655900000016
67,quantum/HS-RBF-SVM,quantum,9,0.3333333333333333,0.25,"{""clf__C"": 10.0, ""clf__gamma_mult"": 1.0}",12.349655900000016
67,quantum/HS-RBF-SVM,quantum,10,0.3333333333333333,0.3,"{""clf__C"": 10.0, ""clf__gamma_mult"": 0.25}",12.349655900000016
67,quantum/HS-RBF-SVM,quantum,11,0.4444444444444444,0.35,"{""clf__C"": 10.0, ""clf__gamma_mult"": 1.0}",12.349655900000016
67,quantum/HS-RBF-SVM,quantum,12,0.5555555555555556,0.65,"{""clf__C"": 10.0, ""clf__gamma_mult"": 1.0}",12.349655900000016
67,quantum/HS-RBF-SVM,quantum,13,0.5555555555555556,0.55,"{""clf__C"": 10.0, ""clf__gamma_mult"": 1.0}",12.349655900000016
67,quantum/HS-RBF-SVM,quantum,14,0.4444444444444444,0.4,"{""clf__C"": 10.0, ""clf__gamma_mult"": 1.0}",12.349655900000016
67,quantum/Bures-RBF-SVM,quantum,0,0.3333333333333333,0.55,"{""clf__C"": 1.0, ""clf__gamma_mult"": 1.0}",20.68543009999985
67,quantum/Bures-RBF-SVM,quantum,1,0.2222222222222222,0.1,"{""clf__C"": 1.0, ""clf__gamma_mult"": 1.0}",20.68543009999985
67,quantum/Bures-RBF-SVM,quantum,2,0.8888888888888888,0.8,"{""clf__C"": 10.0, ""clf__gamma_mult"": 1.0}",20.68543009999985
67,quantum/Bures-RBF-SVM,quantum,3,0.4444444444444444,0.55,"{""clf__C"": 10.0, ""clf__gamma_mult"": 0.25}",20.68543009999985
67,quantum/Bures-RBF-SVM,quantum,4,0.4444444444444444,0.30000000000000004,"{""clf__C"": 10.0, ""clf__gamma_mult"": 1.0}",20.68543009999985
67,quantum/Bures-RBF-SVM,quantum,5,0.4444444444444444,0.5,"{""clf__C"": 10.0, ""clf__gamma_mult"": 1.0}",20.68543009999985
67,quantum/Bures-RBF-SVM,quantum,6,0.4444444444444444,0.5,"{""clf__C"": 0.1, ""clf__gamma_mult"": 0.25}",20.68543009999985
67,quantum/Bures-RBF-SVM,quantum,7,0.3333333333333333,0.3,"{""clf__C"": 10.0, ""clf__gamma_mult"": 1.0}",20.68543009999985
67,quantum/Bures-RBF-SVM,quantum,8,0.3333333333333333,0.4,"{""clf__C"": 1.0, ""clf__gamma_mult"": 0.25}",20.68543009999985
67,quantum/Bures-RBF-SVM,quantum,9,0.4444444444444444,0.25,"{""clf__C"": 10.0, ""clf__gamma_mult"": 1.0}",20.68543009999985
67,quantum/Bures-RBF-SVM,quantum,10,0.3333333333333333,0.35,"{""clf__C"": 10.0, ""clf__gamma_mult"": 0.25}",20.68543009999985
67,quantum/Bures-RBF-SVM,quantum,11,0.3333333333333333,0.3,"{""clf__C"": 10.0, ""clf__gamma_mult"": 4.0}",20.68543009999985
67,quantum/Bures-RBF-SVM,quantum,12,0.5555555555555556,0.65,"{""clf__C"": 10.0, ""clf__gamma_mult"": 1.0}",20.68543009999985
67,quantum/Bures-RBF-SVM,quantum,13,0.5555555555555556,0.5,"{""clf__C"": 10.0, ""clf__gamma_mult"": 1.0}",20.68543009999985
67,quantum/Bures-RBF-SVM,quantum,14,0.4444444444444444,0.5,"{""clf__C"": 1.0, ""clf__gamma_mult"": 4.0}",20.68543009999985
67,quantum/QRE-RBF-SVM,quantum,0,0.3333333333333333,0.55,"{""clf__C"": 1.0, ""clf__gamma_mult"": 1.0}",15.860399500000312
67,quantum/QRE-RBF-SVM,quantum,1,0.3333333333333333,0.04999999999999999,"{""clf__C"": 1.0, ""clf__gamma_mult"": 0.25}",15.860399500000312
67,quantum/QRE-RBF-SVM,quantum,2,0.8888888888888888,0.8,"{""clf__C"": 10.0, ""clf__gamma_mult"": 1.0}",15.860399500000312
67,quantum/QRE-RBF-SVM,quantum,3,0.4444444444444444,0.55,"{""clf__C"": 10.0, ""clf__gamma_mult"": 0.25}",15.860399500000312
67,quantum/QRE-RBF-SVM,quantum,4,0.4444444444444444,0.30000000000000004,"{""clf__C"": 10.0, ""clf__gamma_mult"": 1.0}",15.860399500000312
67,quantum/QRE-RBF-SVM,quantum,5,0.4444444444444444,0.5,"{""clf__C"": 10.0, ""clf__gamma_mult"": 1.0}",15.860399500000312
67,quantum/QRE-RBF-SVM,quantum,6,0.4444444444444444,0.5,"{""clf__C"": 0.1, ""clf__gamma_mult"": 0.25}",15.860399500000312
67,quantum/QRE-RBF-SVM,quantum,7,0.3333333333333333,0.1,"{""clf__C"": 10.0, ""clf__gamma_mult"": 0.25}",15.860399500000312
67,quantum/QRE-RBF-SVM,quantum,8,0.3333333333333333,0.4,"{""clf__C"": 1.0, ""clf__gamma_mult"": 0.25}",15.860399500000312
67,quantum/QRE-RBF-SVM,quantum,9,0.3333333333333333,0.25,"{""clf__C"": 10.0, ""clf__gamma_mult"": 1.0}",15.860399500000312
67,quantum/QRE-RBF-SVM,quantum,10,0.3333333333333333,0.35,"{""clf__C"": 10.0, ""clf__gamma_mult"": 0.25}",15.860399500000312
67,quantum/QRE-RBF-SVM,quantum,11,0.3333333333333333,0.3,"{""clf__C"": 10.0, ""clf__gamma_mult"": 4.0}",15.860399500000312
67,quantum/QRE-RBF-SVM,quantum,12,0.5555555555555556,0.65,"{""clf__C"": 10.0, ""clf__gamma_mult"": 1.0}",15.860399500000312
67,quantum/QRE-RBF-SVM,quantum,13,0.3333333333333333,0.5,"{""clf__C"": 1.0, ""clf__gamma_mult"": 4.0}",15.860399500000312
67,quantum/QRE-RBF-SVM,quantum,14,0.4444444444444444,0.4,"{""clf__C"": 10.0, ""clf__gamma_mult"": 0.25}",15.860399500000312
67,quantum/HS-overlap-ref-SVM,quantum,0,0.2222222222222222,0.19999999999999996,"{""clf__C"": 10.0}",6.659873000000061
67,quantum/HS-overlap-ref-SVM,quantum,1,0.1111111111111111,0.0,"{""clf__C"": 10.0}",6.659873000000061
67,quantum/HS-overlap-ref-SVM,quantum,2,0.3333333333333333,0.3,"{""clf__C"": 0.1}",6.659873000000061
67,quantum/HS-overlap-ref-SVM,quantum,3,0.5555555555555556,0.45,"{""clf__C"": 10.0}",6.659873000000061
67,quantum/HS-overlap-ref-SVM,quantum,4,0.6666666666666666,0.4,"{""clf__C"": 0.1}",6.659873000000061
67,quantum/HS-overlap-ref-SVM,quantum,5,0.4444444444444444,0.4,"{""clf__C"": 10.0}",6.659873000000061
67,quantum/HS-overlap-ref-SVM,quantum,6,0.4444444444444444,0.35,"{""clf__C"": 0.1}",6.659873000000061
67,quantum/HS-overlap-ref-SVM,quantum,7,0.4444444444444444,0.5,"{""clf__C"": 0.1}",6.659873000000061
67,quantum/HS-overlap-ref-SVM,quantum,8,0.5555555555555556,0.7,"{""clf__C"": 10.0}",6.659873000000061
67,quantum/HS-overlap-ref-SVM,quantum,9,0.3333333333333333,0.5,"{""clf__C"": 10.0}",6.659873000000061
67,quantum/HS-overlap-ref-SVM,quantum,10,0.4444444444444444,0.19999999999999996,"{""clf__C"": 0.1}",6.659873000000061
67,quantum/HS-overlap-ref-SVM,quantum,11,0.5555555555555556,0.45,"{""clf__C"": 10.0}",6.659873000000061
67,quantum/HS-overlap-ref-SVM,quantum,12,0.2222222222222222,0.25,"{""clf__C"": 10.0}",6.659873000000061
67,quantum/HS-overlap-ref-SVM,quantum,13,0.3333333333333333,0.30000000000000004,"{""clf__C"": 1.0}",6.659873000000061
67,quantum/HS-overlap-ref-SVM,quantum,14,0.4444444444444444,0.4,"{""clf__C"": 0.1}",6.659873000000061
67,quantum/Fidelity-ref-SVM,quantum,0,0.4444444444444444,0.39999999999999997,"{""clf__C"": 0.1}",10.70753220000006
67,quantum/Fidelity-ref-SVM,quantum,1,0.1111111111111111,0.0,"{""clf__C"": 10.0}",10.70753220000006
67,quantum/Fidelity-ref-SVM,quantum,2,0.3333333333333333,0.45,"{""clf__C"": 0.1}",10.70753220000006
67,quantum/Fidelity-ref-SVM,quantum,3,0.5555555555555556,0.30000000000000004,"{""clf__C"": 0.1}",10.70753220000006
67,quantum/Fidelity-ref-SVM,quantum,4,0.6666666666666666,0.65,"{""clf__C"": 0.1}",10.70753220000006
67,quantum/Fidelity-ref-SVM,quantum,5,0.4444444444444444,0.44999999999999996,"{""clf__C"": 0.1}",10.70753220000006
67,quantum/Fidelity-ref-SVM,quantum,6,0.4444444444444444,0.39999999999999997,"{""clf__C"": 0.1}",10.70753220000006
67,quantum/Fidelity-ref-SVM,quantum,7,0.4444444444444444,0.5,"{""clf__C"": 0.1}",10.70753220000006
67,quantum/Fidelity-ref-SVM,quantum,8,0.4444444444444444,0.55,"{""clf__C"": 0.1}",10.70753220000006
67,quantum/Fidelity-ref-SVM,quantum,9,0.4444444444444444,0.5,"{""clf__C"": 10.0}",10.70753220000006
67,quantum/Fidelity-ref-SVM,quantum,10,0.4444444444444444,0.19999999999999996,"{""clf__C"": 0.1}",10.70753220000006
67,quantum/Fidelity-ref-SVM,quantum,11,0.4444444444444444,0.45,"{""clf__C"": 10.0}",10.70753220000006
67,quantum/Fidelity-ref-SVM,quantum,12,0.2222222222222222,0.4,"{""clf__C"": 10.0}",10.70753220000006
67,quantum/Fidelity-ref-SVM,quantum,13,0.5555555555555556,0.2,"{""clf__C"": 10.0}",10.70753220000006
67,quantum/Fidelity-ref-SVM,quantum,14,0.5555555555555556,0.5,"{""clf__C"": 0.1}",10.70753220000006
67,quantum/HS-RBF-ref-SVM,quantum,0,0.2222222222222222,0.19999999999999996,"{""clf__C"": 10.0, ""clf__gamma_mult"": 0.25}",18.59532399999989
67,quantum/HS-RBF-ref-SVM,quantum,1,0.1111111111111111,0.0,"{""clf__C"": 1.0, ""clf__gamma_mult"": 1.0}",18.59532399999989
67,quantum/HS-RBF-ref-SVM,quantum,2,0.4444444444444444,0.4,"{""clf__C"": 10.0, ""clf__gamma_mult"": 0.25}",18.59532399999989
67,quantum/HS-RBF-ref-SVM,quantum,3,0.5555555555555556,0.35000000000000003,"{""clf__C"": 0.1, ""clf__gamma_mult"": 0.25}",18.59532399999989
67,quantum/HS-RBF-ref-SVM,quantum,4,0.2222222222222222,0.05,"{""clf__C"": 1.0, ""clf__gamma_mult"": 4.0}",18.59532399999989
67,quantum/HS-RBF-ref-SVM,quantum,5,0.4444444444444444,0.4,"{""clf__C"": 10.0, ""clf__gamma_mult"": 1.0}",18.59532399999989
67,quantum/HS-RBF-ref-SVM,quantum,6,0.3333333333333333,0.3,"{""clf__C"": 10.0, ""clf__gamma_mult"": 1.0}",18.59532399999989
67,quantum/HS-RBF-ref-SVM,quantum,7,0.3333333333333333,0.2,"{""clf__C"": 10.0, ""clf__gamma_mult"": 1.0}",18.59532399999989
67,quantum/HS-RBF-ref-SVM,quantum,8,0.4444444444444444,0.6,"{""clf__C"": 0.1, ""clf__gamma_mult"": 0.25}",18.59532399999989
67,quantum/HS-RBF-ref-SVM,quantum,9,0.4444444444444444,0.45,"{""clf__C"": 10.0, ""clf__gamma_mult"": 0.25}",18.59532399999989
67,quantum/HS-RBF-ref-SVM,quantum,10,0.4444444444444444,0.19999999999999996,"{""clf__C"": 0.1, ""clf__gamma_mult"": 0.25}",18.59532399999989
67,quantum/HS-RBF-ref-SVM,quantum,11,0.4444444444444444,0.35,"{""clf__C"": 0.1, ""clf__gamma_mult"": 0.25}",18.59532399999989
67,quantum/HS-RBF-ref-SVM,quantum,12,0.2222222222222222,0.2,"{""clf__C"": 10.0, ""clf__gamma_mult"": 0.25}",18.59532399999989
67,quantum/HS-RBF-ref-SVM,quantum,13,0.4444444444444444,0.4,"{""clf__C"": 10.0, ""clf__gamma_mult"": 0.25}",18.59532399999989
67,quantum/HS-RBF-ref-SVM,quantum,14,0.5555555555555556,0.4,"{""clf__C"": 0.1, ""clf__gamma_mult"": 0.25}",18.59532399999989
67,quantum/Bures-RBF-ref-SVM,quantum,0,0.2222222222222222,0.24999999999999997,"{""clf__C"": 10.0, ""clf__gamma_mult"": 0.25}",28.549911900000097
67,quantum/Bures-RBF-ref-SVM,quantum,1,0.1111111111111111,0.0,"{""clf__C"": 10.0, ""clf__gamma_mult"": 0.25}",28.549911900000097
67,quantum/Bures-RBF-ref-SVM,quantum,2,0.3333333333333333,0.25,"{""clf__C"": 10.0, ""clf__gamma_mult"": 1.0}",28.549911900000097
67,quantum/Bures-RBF-ref-SVM,quantum,3,0.5555555555555556,0.30000000000000004,"{""clf__C"": 0.1, ""clf__gamma_mult"": 0.25}",28.549911900000097
67,quantum/Bures-RBF-ref-SVM,quantum,4,0.6666666666666666,0.4,"{""clf__C"": 0.1, ""clf__gamma_mult"": 0.25}",28.549911900000097
67,quantum/Bures-RBF-ref-SVM,quantum,5,0.6666666666666666,0.4,"{""clf__C"": 10.0, ""clf__gamma_mult"": 1.0}",28.549911900000097
67,quantum/Bures-RBF-ref-SVM,quantum,6,0.3333333333333333,0.3,"{""clf__C"": 10.0, ""clf__gamma_mult"": 0.25}",28.549911900000097
67,quantum/Bures-RBF-ref-SVM,quantum,7,0.3333333333333333,0.30000000000000004,"{""clf__C"": 1.0, ""clf__gamma_mult"": 4.0}",28.549911900000097
67,quantum/Bures-RBF-ref-SVM,quantum,8,0.4444444444444444,0.6,"{""clf__C"": 0.1, ""clf__gamma_mult"": 0.25}",28.549911900000097
67,quantum/Bures-RBF-ref-SVM,quantum,9,0.3333333333333333,0.30000000000000004,"{""clf__C"": 1.0, ""clf__gamma_mult"": 1.0}",28.549911900000097
67,quantum/Bures-RBF-ref-SVM,quantum,10,0.2222222222222222,0.30000000000000004,"{""clf__C"": 10.0, ""clf__gamma_mult"": 0.25}",28.549911900000097
67,quantum/Bures-RBF-ref-SVM,quantum,11,0.4444444444444444,0.45,"{""clf__C"": 0.1, ""clf__gamma_mult"": 0.25}",28.549911900000097
67,quantum/Bures-RBF-ref-SVM,quantum,12,0.3333333333333333,0.25,"{""clf__C"": 10.0, ""clf__gamma_mult"": 0.25}",28.549911900000097
67,quantum/Bures-RBF-ref-SVM,quantum,13,0.5555555555555556,0.4,"{""clf__C"": 10.0, ""clf__gamma_mult"": 0.25}",28.549911900000097
67,quantum/Bures-RBF-ref-SVM,quantum,14,0.4444444444444444,0.4,"{""clf__C"": 0.1, ""clf__gamma_mult"": 0.25}",28.549911900000097
67,quantum/QRE-RBF-ref-SVM,quantum,0,0.2222222222222222,0.24999999999999997,"{""clf__C"": 10.0, ""clf__gamma_mult"": 0.25}",22.066859600000043
67,quantum/QRE-RBF-ref-SVM,quantum,1,0.1111111111111111,0.0,"{""clf__C"": 10.0, ""clf__gamma_mult"": 0.25}",22.066859600000043
67,quantum/QRE-RBF-ref-SVM,quantum,2,0.3333333333333333,0.25,"{""clf__C"": 10.0, ""clf__gamma_mult"": 1.0}",22.066859600000043
67,quantum/QRE-RBF-ref-SVM,quantum,3,0.5555555555555556,0.30000000000000004,"{""clf__C"": 0.1, ""clf__gamma_mult"": 0.25}",22.066859600000043
67,quantum/QRE-RBF-ref-SVM,quantum,4,0.5555555555555556,0.4,"{""clf__C"": 0.1, ""clf__gamma_mult"": 0.25}",22.066859600000043
67,quantum/QRE-RBF-ref-SVM,quantum,5,0.6666666666666666,0.4,"{""clf__C"": 10.0, ""clf__gamma_mult"": 1.0}",22.066859600000043
67,quantum/QRE-RBF-ref-SVM,quantum,6,0.3333333333333333,0.25,"{""clf__C"": 10.0, ""clf__gamma_mult"": 0.25}",22.066859600000043
67,quantum/QRE-RBF-ref-SVM,quantum,7,0.3333333333333333,0.30000000000000004,"{""clf__C"": 1.0, ""clf__gamma_mult"": 4.0}",22.066859600000043
67,quantum/QRE-RBF-ref-SVM,quantum,8,0.4444444444444444,0.6,"{""clf__C"": 0.1, ""clf__gamma_mult"": 0.25}",22.066859600000043
67,quantum/QRE-RBF-ref-SVM,quantum,9,0.4444444444444444,0.6000000000000001,"{""clf__C"": 10.0, ""clf__gamma_mult"": 0.25}",22.066859600000043
67,quantum/QRE-RBF-ref-SVM,quantum,10,0.2222222222222222,0.30000000000000004,"{""clf__C"": 10.0, ""clf__gamma_mult"": 0.25}",22.066859600000043
67,quantum/QRE-RBF-ref-SVM,quantum,11,0.4444444444444444,0.55,"{""clf__C"": 0.1, ""clf__gamma_mult"": 0.25}",22.066859600000043
67,quantum/QRE-RBF-ref-SVM,quantum,12,0.3333333333333333,0.25,"{""clf__C"": 10.0, ""clf__gamma_mult"": 0.25}",22.066859600000043
67,quantum/QRE-RBF-ref-SVM,quantum,13,0.5555555555555556,0.4,"{""clf__C"": 10.0, ""clf__gamma_mult"": 0.25}",22.066859600000043
67,quantum/QRE-RBF-ref-SVM,quantum,14,0.4444444444444444,0.4,"{""clf__C"": 0.1, ""clf__gamma_mult"": 0.25}",22.066859600000043
67,quantum/IQP-kernel-SVM,quantum,0,0.4444444444444444,0.8500000000000001,"{""clf__C"": 0.1, ""clf__scale"": 0.5}",28.011005599999862
67,quantum/IQP-kernel-SVM,quantum,1,0.2222222222222222,0.35,"{""clf__C"": 10.0, ""clf__scale"": 2.0}",28.011005599999862
67,quantum/IQP-kernel-SVM,quantum,2,0.4444444444444444,0.55,"{""clf__C"": 1.0, ""clf__scale"": 2.0}",28.011005599999862
67,quantum/IQP-kernel-SVM,quantum,3,0.2222222222222222,0.30000000000000004,"{""clf__C"": 10.0, ""clf__scale"": 1.0}",28.011005599999862
67,quantum/IQP-kernel-SVM,quantum,4,0.5555555555555556,0.5,"{""clf__C"": 1.0, ""clf__scale"": 0.5}",28.011005599999862
67,quantum/IQP-kernel-SVM,quantum,5,0.4444444444444444,0.55,"{""clf__C"": 10.0, ""clf__scale"": 2.0}",28.011005599999862
67,quantum/IQP-kernel-SVM,quantum,6,0.2222222222222222,0.25,"{""clf__C"": 1.0, ""clf__scale"": 1.0}",28.011005599999862
67,quantum/IQP-kernel-SVM,quantum,7,0.5555555555555556,0.30000000000000004,"{""clf__C"": 1.0, ""clf__scale"": 0.5}",28.011005599999862
67,quantum/IQP-kernel-SVM,quantum,8,0.4444444444444444,0.8,"{""clf__C"": 1.0, ""clf__scale"": 1.0}",28.011005599999862
67,quantum/IQP-kernel-SVM,quantum,9,0.8888888888888888,0.8,"{""clf__C"": 10.0, ""clf__scale"": 2.0}",28.011005599999862
67,quantum/IQP-kernel-SVM,quantum,10,0.3333333333333333,0.5,"{""clf__C"": 10.0, ""clf__scale"": 2.0}",28.011005599999862
67,quantum/IQP-kernel-SVM,quantum,11,0.5555555555555556,0.65,"{""clf__C"": 10.0, ""clf__scale"": 1.0}",28.011005599999862
67,quantum/IQP-kernel-SVM,quantum,12,0.6666666666666666,0.5,"{""clf__C"": 1.0, ""clf__scale"": 0.5}",28.011005599999862
67,quantum/IQP-kernel-SVM,quantum,13,0.4444444444444444,0.4,"{""clf__C"": 1.0, ""clf__scale"": 1.0}",28.011005599999862
67,quantum/IQP-kernel-SVM,quantum,14,0.4444444444444444,0.7,"{""clf__C"": 10.0, ""clf__scale"": 2.0}",28.011005599999862
67,quantum/CNOT-kernel-SVM,quantum,0,0.4444444444444444,0.45,"{""clf__C"": 0.1, ""clf__scale"": 0.5}",24.435686099999657
67,quantum/CNOT-kernel-SVM,quantum,1,0.4444444444444444,0.3,"{""clf__C"": 10.0, ""clf__scale"": 1.0}",24.435686099999657
67,quantum/CNOT-kernel-SVM,quantum,2,0.6666666666666666,0.65,"{""clf__C"": 10.0, ""clf__scale"": 1.0}",24.435686099999657
67,quantum/CNOT-kernel-SVM,quantum,3,0.3333333333333333,0.35000000000000003,"{""clf__C"": 10.0, ""clf__scale"": 2.0}",24.435686099999657
67,quantum/CNOT-kernel-SVM,quantum,4,0.3333333333333333,0.25,"{""clf__C"": 10.0, ""clf__scale"": 2.0}",24.435686099999657
67,quantum/CNOT-kernel-SVM,quantum,5,0.4444444444444444,0.4,"{""clf__C"": 0.1, ""clf__scale"": 0.5}",24.435686099999657
67,quantum/CNOT-kernel-SVM,quantum,6,0.4444444444444444,0.25,"{""clf__C"": 1.0, ""clf__scale"": 0.5}",24.435686099999657
67,quantum/CNOT-kernel-SVM,quantum,7,0.3333333333333333,0.30000000000000004,"{""clf__C"": 1.0, ""clf__scale"": 1.0}",24.435686099999657
67,quantum/CNOT-kernel-SVM,quantum,8,0.5555555555555556,0.75,"{""clf__C"": 10.0, ""clf__scale"": 2.0}",24.435686099999657
67,quantum/CNOT-kernel-SVM,quantum,9,0.5555555555555556,0.6,"{""clf__C"": 10.0, ""clf__scale"": 0.5}",24.435686099999657
67,quantum/CNOT-kernel-SVM,quantum,10,0.2222222222222222,0.19999999999999996,"{""clf__C"": 10.0, ""clf__scale"": 0.5}",24.435686099999657
67,quantum/CNOT-kernel-SVM,quantum,11,0.4444444444444444,0.45,"{""clf__C"": 1.0, ""clf__scale"": 1.0}",24.435686099999657
67,quantum/CNOT-kernel-SVM,quantum,12,0.5555555555555556,0.30000000000000004,"{""clf__C"": 1.0, ""clf__scale"": 2.0}",24.435686099999657
67,quantum/CNOT-kernel-SVM,quantum,13,0.3333333333333333,0.15000000000000002,"{""clf__C"": 1.0, ""clf__scale"": 1.0}",24.435686099999657
67,quantum/CNOT-kernel-SVM,quantum,14,0.5555555555555556,0.75,"{""clf__C"": 1.0, ""clf__scale"": 2.0}",24.435686099999657
67,control/IQP-no-entangle,control,0,0.8888888888888888,0.8,"{""clf__C"": 10.0, ""clf__scale"": 2.0}",22.787477299999864
67,control/IQP-no-entangle,control,1,0.4444444444444444,0.25,"{""clf__C"": 10.0, ""clf__scale"": 1.0}",22.787477299999864
67,control/IQP-no-entangle,control,2,0.6666666666666666,0.75,"{""clf__C"": 10.0, ""clf__scale"": 1.0}",22.787477299999864
67,control/IQP-no-entangle,control,3,0.3333333333333333,0.1,"{""clf__C"": 1.0, ""clf__scale"": 2.0}",22.787477299999864
67,control/IQP-no-entangle,control,4,0.5555555555555556,0.4,"{""clf__C"": 10.0, ""clf__scale"": 2.0}",22.787477299999864
67,control/IQP-no-entangle,control,5,0.4444444444444444,0.30000000000000004,"{""clf__C"": 0.1, ""clf__scale"": 0.5}",22.787477299999864
67,control/IQP-no-entangle,control,6,0.4444444444444444,0.25,"{""clf__C"": 1.0, ""clf__scale"": 0.5}",22.787477299999864
67,control/IQP-no-entangle,control,7,0.4444444444444444,0.3,"{""clf__C"": 1.0, ""clf__scale"": 0.5}",22.787477299999864
67,control/IQP-no-entangle,control,8,0.5555555555555556,0.6000000000000001,"{""clf__C"": 10.0, ""clf__scale"": 0.5}",22.787477299999864
67,control/IQP-no-entangle,control,9,0.7777777777777778,0.7,"{""clf__C"": 1.0, ""clf__scale"": 2.0}",22.787477299999864
67,control/IQP-no-entangle,control,10,0.2222222222222222,0.2,"{""clf__C"": 10.0, ""clf__scale"": 2.0}",22.787477299999864
67,control/IQP-no-entangle,control,11,0.5555555555555556,0.5,"{""clf__C"": 10.0, ""clf__scale"": 2.0}",22.787477299999864
67,control/IQP-no-entangle,control,12,0.5555555555555556,0.25,"{""clf__C"": 1.0, ""clf__scale"": 2.0}",22.787477299999864
67,control/IQP-no-entangle,control,13,0.4444444444444444,0.35,"{""clf__C"": 1.0, ""clf__scale"": 2.0}",22.787477299999864
67,control/IQP-no-entangle,control,14,0.4444444444444444,0.45,"{""clf__C"": 10.0, ""clf__scale"": 1.0}",22.787477299999864
67,control/PCA-matched-RBF,control,0,0.4444444444444444,0.85,"{""clf__C"": 0.1, ""clf__gamma"": ""scale""}",19.340486000000055
67,control/PCA-matched-RBF,control,1,0.2222222222222222,0.15,"{""clf__C"": 10.0, ""clf__gamma"": 0.01}",19.340486000000055
67,control/PCA-matched-RBF,control,2,0.5555555555555556,0.45,"{""clf__C"": 10.0, ""clf__gamma"": 0.01}",19.340486000000055
67,control/PCA-matched-RBF,control,3,0.3333333333333333,0.2,"{""clf__C"": 10.0, ""clf__gamma"": ""scale""}",19.340486000000055
67,control/PCA-matched-RBF,control,4,0.6666666666666666,0.7,"{""clf__C"": 0.1, ""clf__gamma"": ""scale""}",19.340486000000055
67,control/PCA-matched-RBF,control,5,0.4444444444444444,0.25,"{""clf__C"": 0.1, ""clf__gamma"": ""scale""}",19.340486000000055
67,control/PCA-matched-RBF,control,6,0.4444444444444444,0.25,"{""clf__C"": 0.1, ""clf__gamma"": ""scale""}",19.340486000000055
67,control/PCA-matched-RBF,control,7,0.4444444444444444,0.3,"{""clf__C"": 1.0, ""clf__gamma"": 0.1}",19.340486000000055
67,control/PCA-matched-RBF,control,8,0.4444444444444444,0.6000000000000001,"{""clf__C"": 10.0, ""clf__gamma"": 0.01}",19.340486000000055
67,control/PCA-matched-RBF,control,9,0.6666666666666666,0.65,"{""clf__C"": 10.0, ""clf__gamma"": ""scale""}",19.340486000000055
67,control/PCA-matched-RBF,control,10,0.4444444444444444,0.04999999999999999,"{""clf__C"": 0.1, ""clf__gamma"": ""scale""}",19.340486000000055
67,control/PCA-matched-RBF,control,11,0.4444444444444444,0.65,"{""clf__C"": 0.1, ""clf__gamma"": ""scale""}",19.340486000000055
67,control/PCA-matched-RBF,control,12,0.3333333333333333,0.2,"{""clf__C"": 10.0, ""clf__gamma"": ""scale""}",19.340486000000055
67,control/PCA-matched-RBF,control,13,0.1111111111111111,0.1,"{""clf__C"": 10.0, ""clf__gamma"": 0.1}",19.340486000000055
67,control/PCA-matched-RBF,control,14,0.5555555555555556,0.30000000000000004,"{""clf__C"": 10.0, ""clf__gamma"": 0.01}",19.340486000000055
67,control/PCA-matched-linear,control,0,0.4444444444444444,0.19999999999999996,"{""clf__C"": 0.1}",6.9736847999997735
67,control/PCA-matched-linear,control,1,0.1111111111111111,0.25,"{""clf__C"": 10.0}",6.9736847999997735
67,control/PCA-matched-linear,control,2,0.5555555555555556,0.5,"{""clf__C"": 0.1}",6.9736847999997735
67,control/PCA-matched-linear,control,3,0.5555555555555556,0.5499999999999999,"{""clf__C"": 0.1}",6.9736847999997735
67,control/PCA-matched-linear,control,4,0.6666666666666666,0.65,"{""clf__C"": 10.0}",6.9736847999997735
67,control/PCA-matched-linear,control,5,0.4444444444444444,0.45,"{""clf__C"": 1.0}",6.9736847999997735
67,control/PCA-matched-linear,control,6,0.3333333333333333,0.25,"{""clf__C"": 10.0}",6.9736847999997735
67,control/PCA-matched-linear,control,7,0.3333333333333333,0.3,"{""clf__C"": 1.0}",6.9736847999997735
67,control/PCA-matched-linear,control,8,0.4444444444444444,0.55,"{""clf__C"": 10.0}",6.9736847999997735
67,control/PCA-matched-linear,control,9,0.6666666666666666,0.7,"{""clf__C"": 10.0}",6.9736847999997735
67,control/PCA-matched-linear,control,10,0.4444444444444444,0.14999999999999997,"{""clf__C"": 0.1}",6.9736847999997735
67,control/PCA-matched-linear,control,11,0.4444444444444444,0.7,"{""clf__C"": 0.1}",6.9736847999997735
67,control/PCA-matched-linear,control,12,0.6666666666666666,0.8,"{""clf__C"": 1.0}",6.9736847999997735
67,control/PCA-matched-linear,control,13,0.2222222222222222,0.1,"{""clf__C"": 10.0}",6.9736847999997735
67,control/PCA-matched-linear,control,14,0.5555555555555556,0.4,"{""clf__C"": 1.0}",6.9736847999997735
67,control/logeuclid-TS+LR,control,0,0.4444444444444444,0.49999999999999994,"{""clf__C"": 1.0}",5.167275400000108
67,control/logeuclid-TS+LR,control,1,0.4444444444444444,0.25,"{""clf__C"": 0.1}",5.167275400000108
67,control/logeuclid-TS+LR,control,2,0.4444444444444444,0.39999999999999997,"{""clf__C"": 10.0}",5.167275400000108
67,control/logeuclid-TS+LR,control,3,0.6666666666666666,0.5,"{""clf__C"": 10.0}",5.167275400000108
67,control/logeuclid-TS+LR,control,4,0.5555555555555556,0.6000000000000001,"{""clf__C"": 1.0}",5.167275400000108
67,control/logeuclid-TS+LR,control,5,0.5555555555555556,0.35,"{""clf__C"": 0.1}",5.167275400000108
67,control/logeuclid-TS+LR,control,6,0.6666666666666666,0.4,"{""clf__C"": 0.1}",5.167275400000108
67,control/logeuclid-TS+LR,control,7,0.3333333333333333,0.5,"{""clf__C"": 0.1}",5.167275400000108
67,control/logeuclid-TS+LR,control,8,0.5555555555555556,0.6,"{""clf__C"": 0.1}",5.167275400000108
67,control/logeuclid-TS+LR,control,9,0.6666666666666666,0.8,"{""clf__C"": 0.1}",5.167275400000108
67,control/logeuclid-TS+LR,control,10,0.3333333333333333,0.25,"{""clf__C"": 0.1}",5.167275400000108
67,control/logeuclid-TS+LR,control,11,0.5555555555555556,0.55,"{""clf__C"": 0.1}",5.167275400000108
67,control/logeuclid-TS+LR,control,12,0.4444444444444444,0.4,"{""clf__C"": 1.0}",5.167275400000108
67,control/logeuclid-TS+LR,control,13,0.5555555555555556,0.45,"{""clf__C"": 0.1}",5.167275400000108
67,control/logeuclid-TS+LR,control,14,0.8888888888888888,0.75,"{""clf__C"": 0.1}",5.167275400000108
67,control/riemann-kernel-SVM,control,0,0.3333333333333333,0.35,"{""clf__C"": 1.0}",6.801457899999605
67,control/riemann-kernel-SVM,control,1,0.1111111111111111,0.1,"{""clf__C"": 0.1}",6.801457899999605
67,control/riemann-kernel-SVM,control,2,0.4444444444444444,0.55,"{""clf__C"": 1.0}",6.801457899999605
67,control/riemann-kernel-SVM,control,3,0.4444444444444444,0.3,"{""clf__C"": 1.0}",6.801457899999605
67,control/riemann-kernel-SVM,control,4,0.5555555555555556,0.8,"{""clf__C"": 0.1}",6.801457899999605
67,control/riemann-kernel-SVM,control,5,0.6666666666666666,0.4,"{""clf__C"": 1.0}",6.801457899999605
67,control/riemann-kernel-SVM,control,6,0.4444444444444444,0.39999999999999997,"{""clf__C"": 1.0}",6.801457899999605
67,control/riemann-kernel-SVM,control,7,0.4444444444444444,0.35,"{""clf__C"": 0.1}",6.801457899999605
67,control/riemann-kernel-SVM,control,8,0.4444444444444444,0.5,"{""clf__C"": 0.1}",6.801457899999605
67,control/riemann-kernel-SVM,control,9,0.4444444444444444,0.55,"{""clf__C"": 0.1}",6.801457899999605
67,control/riemann-kernel-SVM,control,10,0.2222222222222222,0.4,"{""clf__C"": 1.0}",6.801457899999605
67,control/riemann-kernel-SVM,control,11,0.5555555555555556,0.45,"{""clf__C"": 1.0}",6.801457899999605
67,control/riemann-kernel-SVM,control,12,0.3333333333333333,0.1,"{""clf__C"": 1.0}",6.801457899999605
67,control/riemann-kernel-SVM,control,13,0.5555555555555556,0.2,"{""clf__C"": 10.0}",6.801457899999605
67,control/riemann-kernel-SVM,control,14,0.4444444444444444,0.5,"{""clf__C"": 0.1}",6.801457899999605
67,control/logeuclid-kernel-SVM,control,0,0.2222222222222222,0.3,"{""clf__C"": 1.0}",6.751742899999954
67,control/logeuclid-kernel-SVM,control,1,0.1111111111111111,0.1,"{""clf__C"": 0.1}",6.751742899999954
67,control/logeuclid-kernel-SVM,control,2,0.4444444444444444,0.55,"{""clf__C"": 1.0}",6.751742899999954
67,control/logeuclid-kernel-SVM,control,3,0.5555555555555556,0.35,"{""clf__C"": 1.0}",6.751742899999954
67,control/logeuclid-kernel-SVM,control,4,0.5555555555555556,0.8,"{""clf__C"": 0.1}",6.751742899999954
67,control/logeuclid-kernel-SVM,control,5,0.5555555555555556,0.35,"{""clf__C"": 10.0}",6.751742899999954
67,control/logeuclid-kernel-SVM,control,6,0.4444444444444444,0.45000000000000007,"{""clf__C"": 1.0}",6.751742899999954
67,control/logeuclid-kernel-SVM,control,7,0.5555555555555556,0.6,"{""clf__C"": 1.0}",6.751742899999954
67,control/logeuclid-kernel-SVM,control,8,0.4444444444444444,0.65,"{""clf__C"": 0.1}",6.751742899999954
67,control/logeuclid-kernel-SVM,control,9,0.7777777777777778,0.7,"{""clf__C"": 1.0}",6.751742899999954
67,control/logeuclid-kernel-SVM,control,10,0.2222222222222222,0.4,"{""clf__C"": 1.0}",6.751742899999954
67,control/logeuclid-kernel-SVM,control,11,0.5555555555555556,0.5,"{""clf__C"": 1.0}",6.751742899999954
67,control/logeuclid-kernel-SVM,control,12,0.2222222222222222,0.05,"{""clf__C"": 1.0}",6.751742899999954
67,control/logeuclid-kernel-SVM,control,13,0.6666666666666666,0.45,"{""clf__C"": 1.0}",6.751742899999954
67,control/logeuclid-kernel-SVM,control,14,0.4444444444444444,0.55,"{""clf__C"": 0.1}",6.751742899999954
68,classical/logvar+LDA,classical,0,0.5555555555555556,0.4,{},0.10807969999996203
68,classical/logvar+LDA,classical,1,0.2222222222222222,0.25,{},0.10807969999996203
68,classical/logvar+LDA,classical,2,0.0,0.0,{},0.10807969999996203
68,classical/logvar+LDA,classical,3,0.4444444444444444,0.55,{},0.10807969999996203
68,classical/logvar+LDA,classical,4,0.2222222222222222,0.19999999999999998,{},0.10807969999996203
68,classical/logvar+LDA,classical,5,0.6666666666666666,0.55,{},0.10807969999996203
68,classical/logvar+LDA,classical,6,0.3333333333333333,0.5,{},0.10807969999996203
68,classical/logvar+LDA,classical,7,0.5555555555555556,0.49999999999999994,{},0.10807969999996203
68,classical/logvar+LDA,classical,8,0.5555555555555556,0.44999999999999996,{},0.10807969999996203
68,classical/logvar+LDA,classical,9,0.3333333333333333,0.25,{},0.10807969999996203
68,classical/logvar+LDA,classical,10,0.2222222222222222,0.30000000000000004,{},0.10807969999996203
68,classical/logvar+LDA,classical,11,0.3333333333333333,0.35,{},0.10807969999996203
68,classical/logvar+LDA,classical,12,0.2222222222222222,0.30000000000000004,{},0.10807969999996203
68,classical/logvar+LDA,classical,13,0.5555555555555556,0.4,{},0.10807969999996203
68,classical/logvar+LDA,classical,14,0.4444444444444444,0.55,{},0.10807969999996203
68,classical/CSP+LDA,classical,0,0.3333333333333333,0.35000000000000003,"{""csp__nfilter"": 6}",4.173009600000114
68,classical/CSP+LDA,classical,1,0.4444444444444444,0.35000000000000003,"{""csp__nfilter"": 2}",4.173009600000114
68,classical/CSP+LDA,classical,2,0.1111111111111111,0.2,"{""csp__nfilter"": 4}",4.173009600000114
68,classical/CSP+LDA,classical,3,0.4444444444444444,0.44999999999999996,"{""csp__nfilter"": 6}",4.173009600000114
68,classical/CSP+LDA,classical,4,0.4444444444444444,0.45,"{""csp__nfilter"": 4}",4.173009600000114
68,classical/CSP+LDA,classical,5,0.5555555555555556,0.65,"{""csp__nfilter"": 6}",4.173009600000114
68,classical/CSP+LDA,classical,6,0.4444444444444444,0.7,"{""csp__nfilter"": 2}",4.173009600000114
68,classical/CSP+LDA,classical,7,0.5555555555555556,0.65,"{""csp__nfilter"": 6}",4.173009600000114
68,classical/CSP+LDA,classical,8,0.4444444444444444,0.45,"{""csp__nfilter"": 4}",4.173009600000114
68,classical/CSP+LDA,classical,9,0.3333333333333333,0.45,"{""csp__nfilter"": 6}",4.173009600000114
68,classical/CSP+LDA,classical,10,0.4444444444444444,0.6,"{""csp__nfilter"": 6}",4.173009600000114
68,classical/CSP+LDA,classical,11,0.4444444444444444,0.25,"{""csp__nfilter"": 4}",4.173009600000114
68,classical/CSP+LDA,classical,12,0.3333333333333333,0.5,"{""csp__nfilter"": 2}",4.173009600000114
68,classical/CSP+LDA,classical,13,0.3333333333333333,0.4,"{""csp__nfilter"": 6}",4.173009600000114
68,classical/CSP+LDA,classical,14,0.5555555555555556,0.8,"{""csp__nfilter"": 4}",4.173009600000114
68,classical/MDM,classical,0,0.6666666666666666,0.8,{},0.6578233999998702
68,classical/MDM,classical,1,0.2222222222222222,0.2,{},0.6578233999998702
68,classical/MDM,classical,2,0.2222222222222222,0.2,{},0.6578233999998702
68,classical/MDM,classical,3,0.3333333333333333,0.35,{},0.6578233999998702
68,classical/MDM,classical,4,0.5555555555555556,0.8,{},0.6578233999998702
68,classical/MDM,classical,5,0.5555555555555556,0.65,{},0.6578233999998702
68,classical/MDM,classical,6,0.4444444444444444,0.5,{},0.6578233999998702
68,classical/MDM,classical,7,0.4444444444444444,0.5499999999999999,{},0.6578233999998702
68,classical/MDM,classical,8,0.5555555555555556,0.65,{},0.6578233999998702
68,classical/MDM,classical,9,0.5555555555555556,0.5,{},0.6578233999998702
68,classical/MDM,classical,10,0.4444444444444444,0.45000000000000007,{},0.6578233999998702
68,classical/MDM,classical,11,0.5555555555555556,0.4,{},0.6578233999998702
68,classical/MDM,classical,12,0.4444444444444444,0.35000000000000003,{},0.6578233999998702
68,classical/MDM,classical,13,0.4444444444444444,0.45,{},0.6578233999998702
68,classical/MDM,classical,14,0.5555555555555556,0.6,{},0.6578233999998702
68,classical/TS+LR,classical,0,0.6666666666666666,0.7,"{""clf__C"": 10.0}",6.68695310000021
68,classical/TS+LR,classical,1,0.2222222222222222,0.15000000000000002,"{""clf__C"": 0.1}",6.68695310000021
68,classical/TS+LR,classical,2,0.2222222222222222,0.15000000000000002,"{""clf__C"": 0.1}",6.68695310000021
68,classical/TS+LR,classical,3,0.3333333333333333,0.39999999999999997,"{""clf__C"": 1.0}",6.68695310000021
68,classical/TS+LR,classical,4,0.4444444444444444,0.5,"{""clf__C"": 1.0}",6.68695310000021
68,classical/TS+LR,classical,5,0.4444444444444444,0.6000000000000001,"{""clf__C"": 10.0}",6.68695310000021
68,classical/TS+LR,classical,6,0.5555555555555556,0.6,"{""clf__C"": 1.0}",6.68695310000021
68,classical/TS+LR,classical,7,0.6666666666666666,0.5,"{""clf__C"": 1.0}",6.68695310000021
68,classical/TS+LR,classical,8,0.2222222222222222,0.19999999999999998,"{""clf__C"": 10.0}",6.68695310000021
68,classical/TS+LR,classical,9,0.4444444444444444,0.4,"{""clf__C"": 0.1}",6.68695310000021
68,classical/TS+LR,classical,10,0.5555555555555556,0.6499999999999999,"{""clf__C"": 0.1}",6.68695310000021
68,classical/TS+LR,classical,11,0.4444444444444444,0.3,"{""clf__C"": 0.1}",6.68695310000021
68,classical/TS+LR,classical,12,0.3333333333333333,0.25,"{""clf__C"": 0.1}",6.68695310000021
68,classical/TS+LR,classical,13,0.5555555555555556,0.35,"{""clf__C"": 1.0}",6.68695310000021
68,classical/TS+LR,classical,14,0.5555555555555556,0.7,"{""clf__C"": 0.1}",6.68695310000021
68,classical/TS+RBF-SVM,classical,0,0.5555555555555556,0.65,"{""clf__C"": 0.1, ""clf__gamma"": ""scale""}",17.977324399999816
68,classical/TS+RBF-SVM,classical,1,0.3333333333333333,0.15000000000000002,"{""clf__C"": 10.0, ""clf__gamma"": ""scale""}",17.977324399999816
68,classical/TS+RBF-SVM,classical,2,0.1111111111111111,0.2,"{""clf__C"": 1.0, ""clf__gamma"": ""scale""}",17.977324399999816
68,classical/TS+RBF-SVM,classical,3,0.4444444444444444,0.4,"{""clf__C"": 0.1, ""clf__gamma"": ""scale""}",17.977324399999816
68,classical/TS+RBF-SVM,classical,4,0.4444444444444444,0.5499999999999999,"{""clf__C"": 0.1, ""clf__gamma"": ""scale""}",17.977324399999816
68,classical/TS+RBF-SVM,classical,5,0.5555555555555556,0.6,"{""clf__C"": 0.1, ""clf__gamma"": ""scale""}",17.977324399999816
68,classical/TS+RBF-SVM,classical,6,0.4444444444444444,0.45,"{""clf__C"": 0.1, ""clf__gamma"": ""scale""}",17.977324399999816
68,classical/TS+RBF-SVM,classical,7,0.3333333333333333,0.49999999999999994,"{""clf__C"": 0.1, ""clf__gamma"": ""scale""}",17.977324399999816
68,classical/TS+RBF-SVM,classical,8,0.4444444444444444,0.44999999999999996,"{""clf__C"": 0.1, ""clf__gamma"": ""scale""}",17.977324399999816
68,classical/TS+RBF-SVM,classical,9,0.5555555555555556,0.4,"{""clf__C"": 10.0, ""clf__gamma"": ""scale""}",17.977324399999816
68,classical/TS+RBF-SVM,classical,10,0.4444444444444444,0.5499999999999999,"{""clf__C"": 0.1, ""clf__gamma"": ""scale""}",17.977324399999816
68,classical/TS+RBF-SVM,classical,11,0.4444444444444444,0.35,"{""clf__C"": 10.0, ""clf__gamma"": ""scale""}",17.977324399999816
68,classical/TS+RBF-SVM,classical,12,0.2222222222222222,0.2,"{""clf__C"": 10.0, ""clf__gamma"": ""scale""}",17.977324399999816
68,classical/TS+RBF-SVM,classical,13,0.4444444444444444,0.3,"{""clf__C"": 0.1, ""clf__gamma"": ""scale""}",17.977324399999816
68,classical/TS+RBF-SVM,classical,14,0.4444444444444444,0.55,"{""clf__C"": 0.1, ""clf__gamma"": ""scale""}",17.977324399999816
68,quantum/HS-overlap-SVM,quantum,0,0.4444444444444444,0.25,"{""clf__C"": 0.1}",4.398616200000106
68,quantum/HS-overlap-SVM,quantum,1,0.4444444444444444,0.5,"{""clf__C"": 0.1}",4.398616200000106
68,quantum/HS-overlap-SVM,quantum,2,0.1111111111111111,0.1,"{""clf__C"": 0.1}",4.398616200000106
68,quantum/HS-overlap-SVM,quantum,3,0.4444444444444444,0.35,"{""clf__C"": 0.1}",4.398616200000106
68,quantum/HS-overlap-SVM,quantum,4,0.4444444444444444,0.45,"{""clf__C"": 0.1}",4.398616200000106
68,quantum/HS-overlap-SVM,quantum,5,0.6666666666666666,0.7,"{""clf__C"": 0.1}",4.398616200000106
68,quantum/HS-overlap-SVM,quantum,6,0.4444444444444444,0.4,"{""clf__C"": 0.1}",4.398616200000106
68,quantum/HS-overlap-SVM,quantum,7,0.6666666666666666,0.5,"{""clf__C"": 0.1}",4.398616200000106
68,quantum/HS-overlap-SVM,quantum,8,0.4444444444444444,0.44999999999999996,"{""clf__C"": 0.1}",4.398616200000106
68,quantum/HS-overlap-SVM,quantum,9,0.4444444444444444,0.39999999999999997,"{""clf__C"": 0.1}",4.398616200000106
68,quantum/HS-overlap-SVM,quantum,10,0.2222222222222222,0.30000000000000004,"{""clf__C"": 0.1}",4.398616200000106
68,quantum/HS-overlap-SVM,quantum,11,0.6666666666666666,0.65,"{""clf__C"": 0.1}",4.398616200000106
68,quantum/HS-overlap-SVM,quantum,12,0.5555555555555556,0.6,"{""clf__C"": 0.1}",4.398616200000106
68,quantum/HS-overlap-SVM,quantum,13,0.4444444444444444,0.5499999999999999,"{""clf__C"": 0.1}",4.398616200000106
68,quantum/HS-overlap-SVM,quantum,14,0.4444444444444444,0.3,"{""clf__C"": 0.1}",4.398616200000106
68,quantum/Fidelity-SVM,quantum,0,0.2222222222222222,0.15,"{""clf__C"": 0.1}",7.6495482999998785
68,quantum/Fidelity-SVM,quantum,1,0.5555555555555556,0.5,"{""clf__C"": 0.1}",7.6495482999998785
68,quantum/Fidelity-SVM,quantum,2,0.1111111111111111,0.05,"{""clf__C"": 0.1}",7.6495482999998785
68,quantum/Fidelity-SVM,quantum,3,0.4444444444444444,0.3,"{""clf__C"": 0.1}",7.6495482999998785
68,quantum/Fidelity-SVM,quantum,4,0.4444444444444444,0.35,"{""clf__C"": 0.1}",7.6495482999998785
68,quantum/Fidelity-SVM,quantum,5,0.7777777777777778,0.7,"{""clf__C"": 0.1}",7.6495482999998785
68,quantum/Fidelity-SVM,quantum,6,0.4444444444444444,0.5,"{""clf__C"": 0.1}",7.6495482999998785
68,quantum/Fidelity-SVM,quantum,7,0.4444444444444444,0.55,"{""clf__C"": 0.1}",7.6495482999998785
68,quantum/Fidelity-SVM,quantum,8,0.4444444444444444,0.6,"{""clf__C"": 0.1}",7.6495482999998785
68,quantum/Fidelity-SVM,quantum,9,0.4444444444444444,0.45,"{""clf__C"": 0.1}",7.6495482999998785
68,quantum/Fidelity-SVM,quantum,10,0.2222222222222222,0.4,"{""clf__C"": 0.1}",7.6495482999998785
68,quantum/Fidelity-SVM,quantum,11,0.6666666666666666,0.6000000000000001,"{""clf__C"": 0.1}",7.6495482999998785
68,quantum/Fidelity-SVM,quantum,12,0.4444444444444444,0.45,"{""clf__C"": 0.1}",7.6495482999998785
68,quantum/Fidelity-SVM,quantum,13,0.4444444444444444,0.3,"{""clf__C"": 0.1}",7.6495482999998785
68,quantum/Fidelity-SVM,quantum,14,0.4444444444444444,0.5,"{""clf__C"": 0.1}",7.6495482999998785
68,quantum/HS-RBF-SVM,quantum,0,0.3333333333333333,0.4,"{""clf__C"": 10.0, ""clf__gamma_mult"": 1.0}",12.677730999999767
68,quantum/HS-RBF-SVM,quantum,1,0.5555555555555556,0.7,"{""clf__C"": 1.0, ""clf__gamma_mult"": 1.0}",12.677730999999767
68,quantum/HS-RBF-SVM,quantum,2,0.2222222222222222,0.2,"{""clf__C"": 10.0, ""clf__gamma_mult"": 4.0}",12.677730999999767
68,quantum/HS-RBF-SVM,quantum,3,0.6666666666666666,0.3,"{""clf__C"": 1.0, ""clf__gamma_mult"": 4.0}",12.677730999999767
68,quantum/HS-RBF-SVM,quantum,4,0.4444444444444444,0.5,"{""clf__C"": 1.0, ""clf__gamma_mult"": 4.0}",12.677730999999767
68,quantum/HS-RBF-SVM,quantum,5,0.2222222222222222,0.35000000000000003,"{""clf__C"": 10.0, ""clf__gamma_mult"": 4.0}",12.677730999999767
68,quantum/HS-RBF-SVM,quantum,6,0.2222222222222222,0.30000000000000004,"{""clf__C"": 10.0, ""clf__gamma_mult"": 4.0}",12.677730999999767
68,quantum/HS-RBF-SVM,quantum,7,0.6666666666666666,0.6499999999999999,"{""clf__C"": 1.0, ""clf__gamma_mult"": 4.0}",12.677730999999767
68,quantum/HS-RBF-SVM,quantum,8,0.3333333333333333,0.7000000000000001,"{""clf__C"": 1.0, ""clf__gamma_mult"": 4.0}",12.677730999999767
68,quantum/HS-RBF-SVM,quantum,9,0.4444444444444444,0.5,"{""clf__C"": 0.1, ""clf__gamma_mult"": 0.25}",12.677730999999767
68,quantum/HS-RBF-SVM,quantum,10,0.4444444444444444,0.4,"{""clf__C"": 1.0, ""clf__gamma_mult"": 4.0}",12.677730999999767
68,quantum/HS-RBF-SVM,quantum,11,0.4444444444444444,0.8,"{""clf__C"": 10.0, ""clf__gamma_mult"": 4.0}",12.677730999999767
68,quantum/HS-RBF-SVM,quantum,12,0.5555555555555556,0.4,"{""clf__C"": 10.0, ""clf__gamma_mult"": 0.25}",12.677730999999767
68,quantum/HS-RBF-SVM,quantum,13,0.6666666666666666,0.6000000000000001,"{""clf__C"": 10.0, ""clf__gamma_mult"": 4.0}",12.677730999999767
68,quantum/HS-RBF-SVM,quantum,14,0.4444444444444444,0.3,"{""clf__C"": 1.0, ""clf__gamma_mult"": 4.0}",12.677730999999767
68,quantum/Bures-RBF-SVM,quantum,0,0.4444444444444444,0.5,"{""clf__C"": 10.0, ""clf__gamma_mult"": 4.0}",19.921677199999976
68,quantum/Bures-RBF-SVM,quantum,1,0.5555555555555556,0.4,"{""clf__C"": 10.0, ""clf__gamma_mult"": 4.0}",19.921677199999976
68,quantum/Bures-RBF-SVM,quantum,2,0.1111111111111111,0.1,"{""clf__C"": 1.0, ""clf__gamma_mult"": 4.0}",19.921677199999976
68,quantum/Bures-RBF-SVM,quantum,3,0.3333333333333333,0.39999999999999997,"{""clf__C"": 1.0, ""clf__gamma_mult"": 4.0}",19.921677199999976
68,quantum/Bures-RBF-SVM,quantum,4,0.4444444444444444,0.3,"{""clf__C"": 1.0, ""clf__gamma_mult"": 4.0}",19.921677199999976
68,quantum/Bures-RBF-SVM,quantum,5,0.3333333333333333,0.35,"{""clf__C"": 10.0, ""clf__gamma_mult"": 4.0}",19.921677199999976
68,quantum/Bures-RBF-SVM,quantum,6,0.2222222222222222,0.25,"{""clf__C"": 10.0, ""clf__gamma_mult"": 1.0}",19.921677199999976
68,quantum/Bures-RBF-SVM,quantum,7,0.7777777777777778,0.75,"{""clf__C"": 10.0, ""clf__gamma_mult"": 4.0}",19.921677199999976
68,quantum/Bures-RBF-SVM,quantum,8,0.7777777777777778,0.7,"{""clf__C"": 10.0, ""clf__gamma_mult"": 4.0}",19.921677199999976
68,quantum/Bures-RBF-SVM,quantum,9,0.4444444444444444,0.45,"{""clf__C"": 1.0, ""clf__gamma_mult"": 0.25}",19.921677199999976
68,quantum/Bures-RBF-SVM,quantum,10,0.3333333333333333,0.35000000000000003,"{""clf__C"": 10.0, ""clf__gamma_mult"": 1.0}",19.921677199999976
68,quantum/Bures-RBF-SVM,quantum,11,0.4444444444444444,0.35000000000000003,"{""clf__C"": 10.0, ""clf__gamma_mult"": 4.0}",19.921677199999976
68,quantum/Bures-RBF-SVM,quantum,12,0.6666666666666666,0.6000000000000001,"{""clf__C"": 10.0, ""clf__gamma_mult"": 4.0}",19.921677199999976
68,quantum/Bures-RBF-SVM,quantum,13,0.6666666666666666,0.5499999999999999,"{""clf__C"": 10.0, ""clf__gamma_mult"": 4.0}",19.921677199999976
68,quantum/Bures-RBF-SVM,quantum,14,0.3333333333333333,0.3,"{""clf__C"": 1.0, ""clf__gamma_mult"": 4.0}",19.921677199999976
68,quantum/QRE-RBF-SVM,quantum,0,0.4444444444444444,0.35,"{""clf__C"": 1.0, ""clf__gamma_mult"": 4.0}",14.774466599999869
68,quantum/QRE-RBF-SVM,quantum,1,0.4444444444444444,0.45,"{""clf__C"": 10.0, ""clf__gamma_mult"": 4.0}",14.774466599999869
68,quantum/QRE-RBF-SVM,quantum,2,0.1111111111111111,0.1,"{""clf__C"": 10.0, ""clf__gamma_mult"": 4.0}",14.774466599999869
68,quantum/QRE-RBF-SVM,quantum,3,0.4444444444444444,0.35,"{""clf__C"": 1.0, ""clf__gamma_mult"": 4.0}",14.774466599999869
68,quantum/QRE-RBF-SVM,quantum,4,0.3333333333333333,0.25,"{""clf__C"": 1.0, ""clf__gamma_mult"": 4.0}",14.774466599999869
68,quantum/QRE-RBF-SVM,quantum,5,0.3333333333333333,0.3,"{""clf__C"": 10.0, ""clf__gamma_mult"": 4.0}",14.774466599999869
68,quantum/QRE-RBF-SVM,quantum,6,0.3333333333333333,0.15000000000000002,"{""clf__C"": 10.0, ""clf__gamma_mult"": 4.0}",14.774466599999869
68,quantum/QRE-RBF-SVM,quantum,7,0.7777777777777778,0.8,"{""clf__C"": 1.0, ""clf__gamma_mult"": 4.0}",14.774466599999869
68,quantum/QRE-RBF-SVM,quantum,8,0.5555555555555556,0.6,"{""clf__C"": 10.0, ""clf__gamma_mult"": 4.0}",14.774466599999869
68,quantum/QRE-RBF-SVM,quantum,9,0.4444444444444444,0.35,"{""clf__C"": 1.0, ""clf__gamma_mult"": 0.25}",14.774466599999869
68,quantum/QRE-RBF-SVM,quantum,10,0.3333333333333333,0.30000000000000004,"{""clf__C"": 1.0, ""clf__gamma_mult"": 4.0}",14.774466599999869
68,quantum/QRE-RBF-SVM,quantum,11,0.4444444444444444,0.4,"{""clf__C"": 10.0, ""clf__gamma_mult"": 4.0}",14.774466599999869
68,quantum/QRE-RBF-SVM,quantum,12,0.5555555555555556,0.55,"{""clf__C"": 10.0, ""clf__gamma_mult"": 4.0}",14.774466599999869
68,quantum/QRE-RBF-SVM,quantum,13,0.5555555555555556,0.5,"{""clf__C"": 10.0, ""clf__gamma_mult"": 4.0}",14.774466599999869
68,quantum/QRE-RBF-SVM,quantum,14,0.4444444444444444,0.39999999999999997,"{""clf__C"": 10.0, ""clf__gamma_mult"": 4.0}",14.774466599999869
68,quantum/HS-overlap-ref-SVM,quantum,0,0.4444444444444444,0.25,"{""clf__C"": 0.1}",6.545002200000454
68,quantum/HS-overlap-ref-SVM,quantum,1,0.2222222222222222,0.15000000000000002,"{""clf__C"": 10.0}",6.545002200000454
68,quantum/HS-overlap-ref-SVM,quantum,2,0.3333333333333333,0.2,"{""clf__C"": 0.1}",6.545002200000454
68,quantum/HS-overlap-ref-SVM,quantum,3,0.4444444444444444,0.44999999999999996,"{""clf__C"": 10.0}",6.545002200000454
68,quantum/HS-overlap-ref-SVM,quantum,4,0.3333333333333333,0.5,"{""clf__C"": 10.0}",6.545002200000454
68,quantum/HS-overlap-ref-SVM,quantum,5,0.5555555555555556,0.7000000000000001,"{""clf__C"": 10.0}",6.545002200000454
68,quantum/HS-overlap-ref-SVM,quantum,6,0.4444444444444444,0.55,"{""clf__C"": 10.0}",6.545002200000454
68,quantum/HS-overlap-ref-SVM,quantum,7,0.5555555555555556,0.44999999999999996,"{""clf__C"": 10.0}",6.545002200000454
68,quantum/HS-overlap-ref-SVM,quantum,8,0.4444444444444444,0.35,"{""clf__C"": 10.0}",6.545002200000454
68,quantum/HS-overlap-ref-SVM,quantum,9,0.4444444444444444,0.45,"{""clf__C"": 0.1}",6.545002200000454
68,quantum/HS-overlap-ref-SVM,quantum,10,0.5555555555555556,0.55,"{""clf__C"": 0.1}",6.545002200000454
68,quantum/HS-overlap-ref-SVM,quantum,11,0.1111111111111111,0.25,"{""clf__C"": 10.0}",6.545002200000454
68,quantum/HS-overlap-ref-SVM,quantum,12,0.3333333333333333,0.4,"{""clf__C"": 10.0}",6.545002200000454
68,quantum/HS-overlap-ref-SVM,quantum,13,0.4444444444444444,0.45000000000000007,"{""clf__C"": 10.0}",6.545002200000454
68,quantum/HS-overlap-ref-SVM,quantum,14,0.4444444444444444,0.65,"{""clf__C"": 0.1}",6.545002200000454
68,quantum/Fidelity-ref-SVM,quantum,0,0.4444444444444444,0.45,"{""clf__C"": 0.1}",10.633996699999443
68,quantum/Fidelity-ref-SVM,quantum,1,0.2222222222222222,0.1,"{""clf__C"": 10.0}",10.633996699999443
68,quantum/Fidelity-ref-SVM,quantum,2,0.3333333333333333,0.2,"{""clf__C"": 10.0}",10.633996699999443
68,quantum/Fidelity-ref-SVM,quantum,3,0.4444444444444444,0.35,"{""clf__C"": 10.0}",10.633996699999443
68,quantum/Fidelity-ref-SVM,quantum,4,0.7777777777777778,0.6000000000000001,"{""clf__C"": 10.0}",10.633996699999443
68,quantum/Fidelity-ref-SVM,quantum,5,0.5555555555555556,0.6,"{""clf__C"": 10.0}",10.633996699999443
68,quantum/Fidelity-ref-SVM,quantum,6,0.4444444444444444,0.55,"{""clf__C"": 10.0}",10.633996699999443
68,quantum/Fidelity-ref-SVM,quantum,7,0.5555555555555556,0.5499999999999999,"{""clf__C"": 10.0}",10.633996699999443
68,quantum/Fidelity-ref-SVM,quantum,8,0.5555555555555556,0.39999999999999997,"{""clf__C"": 10.0}",10.633996699999443
68,quantum/Fidelity-ref-SVM,quantum,9,0.4444444444444444,0.45,"{""clf__C"": 0.1}",10.633996699999443
68,quantum/Fidelity-ref-SVM,quantum,10,0.5555555555555556,0.55,"{""clf__C"": 0.1}",10.633996699999443
68,quantum/Fidelity-ref-SVM,quantum,11,0.2222222222222222,0.2,"{""clf__C"": 10.0}",10.633996699999443
68,quantum/Fidelity-ref-SVM,quantum,12,0.4444444444444444,0.25,"{""clf__C"": 10.0}",10.633996699999443
68,quantum/Fidelity-ref-SVM,quantum,13,0.3333333333333333,0.45,"{""clf__C"": 10.0}",10.633996699999443
68,quantum/Fidelity-ref-SVM,quantum,14,0.4444444444444444,0.6,"{""clf__C"": 0.1}",10.633996699999443
68,quantum/HS-RBF-ref-SVM,quantum,0,0.4444444444444444,0.25,"{""clf__C"": 0.1, ""clf__gamma_mult"": 0.25}",18.07983989999957
68,quantum/HS-RBF-ref-SVM,quantum,1,0.1111111111111111,0.15000000000000002,"{""clf__C"": 1.0, ""clf__gamma_mult"": 1.0}",18.07983989999957
68,quantum/HS-RBF-ref-SVM,quantum,2,0.3333333333333333,0.2,"{""clf__C"": 1.0, ""clf__gamma_mult"": 1.0}",18.07983989999957
68,quantum/HS-RBF-ref-SVM,quantum,3,0.4444444444444444,0.55,"{""clf__C"": 10.0, ""clf__gamma_mult"": 0.25}",18.07983989999957
68,quantum/HS-RBF-ref-SVM,quantum,4,0.3333333333333333,0.39999999999999997,"{""clf__C"": 10.0, ""clf__gamma_mult"": 0.25}",18.07983989999957
68,quantum/HS-RBF-ref-SVM,quantum,5,0.5555555555555556,0.6000000000000001,"{""clf__C"": 10.0, ""clf__gamma_mult"": 0.25}",18.07983989999957
68,quantum/HS-RBF-ref-SVM,quantum,6,0.5555555555555556,0.55,"{""clf__C"": 10.0, ""clf__gamma_mult"": 0.25}",18.07983989999957
68,quantum/HS-RBF-ref-SVM,quantum,7,0.6666666666666666,0.44999999999999996,"{""clf__C"": 10.0, ""clf__gamma_mult"": 0.25}",18.07983989999957
68,quantum/HS-RBF-ref-SVM,quantum,8,0.3333333333333333,0.35,"{""clf__C"": 10.0, ""clf__gamma_mult"": 0.25}",18.07983989999957
68,quantum/HS-RBF-ref-SVM,quantum,9,0.4444444444444444,0.45,"{""clf__C"": 0.1, ""clf__gamma_mult"": 0.25}",18.07983989999957
68,quantum/HS-RBF-ref-SVM,quantum,10,0.5555555555555556,0.55,"{""clf__C"": 0.1, ""clf__gamma_mult"": 0.25}",18.07983989999957
68,quantum/HS-RBF-ref-SVM,quantum,11,0.1111111111111111,0.25,"{""clf__C"": 10.0, ""clf__gamma_mult"": 0.25}",18.07983989999957
68,quantum/HS-RBF-ref-SVM,quantum,12,0.4444444444444444,0.2,"{""clf__C"": 10.0, ""clf__gamma_mult"": 1.0}",18.07983989999957
68,quantum/HS-RBF-ref-SVM,quantum,13,0.5555555555555556,0.45,"{""clf__C"": 10.0, ""clf__gamma_mult"": 0.25}",18.07983989999957
68,quantum/HS-RBF-ref-SVM,quantum,14,0.4444444444444444,0.65,"{""clf__C"": 0.1, ""clf__gamma_mult"": 0.25}",18.07983989999957
68,quantum/Bures-RBF-ref-SVM,quantum,0,0.4444444444444444,0.45,"{""clf__C"": 0.1, ""clf__gamma_mult"": 0.25}",27.673913200000243
68,quantum/Bures-RBF-ref-SVM,quantum,1,0.3333333333333333,0.15000000000000002,"{""clf__C"": 10.0, ""clf__gamma_mult"": 1.0}",27.673913200000243
68,quantum/Bures-RBF-ref-SVM,quantum,2,0.1111111111111111,0.15000000000000002,"{""clf__C"": 10.0, ""clf__gamma_mult"": 4.0}",27.673913200000243
68,quantum/Bures-RBF-ref-SVM,quantum,3,0.4444444444444444,0.45,"{""clf__C"": 10.0, ""clf__gamma_mult"": 0.25}",27.673913200000243
68,quantum/Bures-RBF-ref-SVM,quantum,4,0.3333333333333333,0.6500000000000001,"{""clf__C"": 10.0, ""clf__gamma_mult"": 4.0}",27.673913200000243
68,quantum/Bures-RBF-ref-SVM,quantum,5,0.5555555555555556,0.6,"{""clf__C"": 10.0, ""clf__gamma_mult"": 4.0}",27.673913200000243
68,quantum/Bures-RBF-ref-SVM,quantum,6,0.5555555555555556,0.6,"{""clf__C"": 10.0, ""clf__gamma_mult"": 0.25}",27.673913200000243
68,quantum/Bures-RBF-ref-SVM,quantum,7,0.3333333333333333,0.5499999999999999,"{""clf__C"": 1.0, ""clf__gamma_mult"": 1.0}",27.673913200000243
68,quantum/Bures-RBF-ref-SVM,quantum,8,0.2222222222222222,0.29999999999999993,"{""clf__C"": 10.0, ""clf__gamma_mult"": 0.25}",27.673913200000243
68,quantum/Bures-RBF-ref-SVM,quantum,9,0.4444444444444444,0.4,"{""clf__C"": 0.1, ""clf__gamma_mult"": 0.25}",27.673913200000243
68,quantum/Bures-RBF-ref-SVM,quantum,10,0.5555555555555556,0.6,"{""clf__C"": 10.0, ""clf__gamma_mult"": 1.0}",27.673913200000243
68,quantum/Bures-RBF-ref-SVM,quantum,11,0.3333333333333333,0.25,"{""clf__C"": 10.0, ""clf__gamma_mult"": 0.25}",27.673913200000243
68,quantum/Bures-RBF-ref-SVM,quantum,12,0.3333333333333333,0.35,"{""clf__C"": 10.0, ""clf__gamma_mult"": 0.25}",27.673913200000243
68,quantum/Bures-RBF-ref-SVM,quantum,13,0.5555555555555556,0.5499999999999999,"{""clf__C"": 10.0, ""clf__gamma_mult"": 0.25}",27.673913200000243
68,quantum/Bures-RBF-ref-SVM,quantum,14,0.4444444444444444,0.6,"{""clf__C"": 0.1, ""clf__gamma_mult"": 0.25}",27.673913200000243
68,quantum/QRE-RBF-ref-SVM,quantum,0,0.4444444444444444,0.45,"{""clf__C"": 0.1, ""clf__gamma_mult"": 0.25}",21.45695710000018
68,quantum/QRE-RBF-ref-SVM,quantum,1,0.3333333333333333,0.15000000000000002,"{""clf__C"": 10.0, ""clf__gamma_mult"": 1.0}",21.45695710000018
68,quantum/QRE-RBF-ref-SVM,quantum,2,0.3333333333333333,0.2,"{""clf__C"": 10.0, ""clf__gamma_mult"": 0.25}",21.45695710000018
68,quantum/QRE-RBF-ref-SVM,quantum,3,0.4444444444444444,0.45,"{""clf__C"": 10.0, ""clf__gamma_mult"": 0.25}",21.45695710000018
68,quantum/QRE-RBF-ref-SVM,quantum,4,0.3333333333333333,0.6000000000000001,"{""clf__C"": 10.0, ""clf__gamma_mult"": 4.0}",21.45695710000018
68,quantum/QRE-RBF-ref-SVM,quantum,5,0.5555555555555556,0.6000000000000001,"{""clf__C"": 10.0, ""clf__gamma_mult"": 0.25}",21.45695710000018
68,quantum/QRE-RBF-ref-SVM,quantum,6,0.4444444444444444,0.55,"{""clf__C"": 1.0, ""clf__gamma_mult"": 1.0}",21.45695710000018
68,quantum/QRE-RBF-ref-SVM,quantum,7,0.6666666666666666,0.44999999999999996,"{""clf__C"": 10.0, ""clf__gamma_mult"": 0.25}",21.45695710000018
68,quantum/QRE-RBF-ref-SVM,quantum,8,0.2222222222222222,0.29999999999999993,"{""clf__C"": 10.0, ""clf__gamma_mult"": 0.25}",21.45695710000018
68,quantum/QRE-RBF-ref-SVM,quantum,9,0.4444444444444444,0.4,"{""clf__C"": 0.1, ""clf__gamma_mult"": 0.25}",21.45695710000018
68,quantum/QRE-RBF-ref-SVM,quantum,10,0.5555555555555556,0.6,"{""clf__C"": 10.0, ""clf__gamma_mult"": 1.0}",21.45695710000018
68,quantum/QRE-RBF-ref-SVM,quantum,11,0.3333333333333333,0.25,"{""clf__C"": 10.0, ""clf__gamma_mult"": 0.25}",21.45695710000018
68,quantum/QRE-RBF-ref-SVM,quantum,12,0.3333333333333333,0.2,"{""clf__C"": 10.0, ""clf__gamma_mult"": 1.0}",21.45695710000018
68,quantum/QRE-RBF-ref-SVM,quantum,13,0.5555555555555556,0.5499999999999999,"{""clf__C"": 10.0, ""clf__gamma_mult"": 0.25}",21.45695710000018
68,quantum/QRE-RBF-ref-SVM,quantum,14,0.4444444444444444,0.6,"{""clf__C"": 0.1, ""clf__gamma_mult"": 0.25}",21.45695710000018
68,quantum/IQP-kernel-SVM,quantum,0,0.4444444444444444,0.5,"{""clf__C"": 1.0, ""clf__scale"": 2.0}",25.84541839999929
68,quantum/IQP-kernel-SVM,quantum,1,0.2222222222222222,0.25,"{""clf__C"": 1.0, ""clf__scale"": 0.5}",25.84541839999929
68,quantum/IQP-kernel-SVM,quantum,2,0.3333333333333333,0.30000000000000004,"{""clf__C"": 10.0, ""clf__scale"": 2.0}",25.84541839999929
68,quantum/IQP-kernel-SVM,quantum,3,0.5555555555555556,0.5,"{""clf__C"": 1.0, ""clf__scale"": 0.5}",25.84541839999929
68,quantum/IQP-kernel-SVM,quantum,4,0.6666666666666666,0.55,"{""clf__C"": 1.0, ""clf__scale"": 2.0}",25.84541839999929
68,quantum/IQP-kernel-SVM,quantum,5,0.3333333333333333,0.45,"{""clf__C"": 1.0, ""clf__scale"": 1.0}",25.84541839999929
68,quantum/IQP-kernel-SVM,quantum,6,0.6666666666666666,0.6,"{""clf__C"": 10.0, ""clf__scale"": 0.5}",25.84541839999929
68,quantum/IQP-kernel-SVM,quantum,7,0.5555555555555556,0.6000000000000001,"{""clf__C"": 1.0, ""clf__scale"": 0.5}",25.84541839999929
68,quantum/IQP-kernel-SVM,quantum,8,0.6666666666666666,0.75,"{""clf__C"": 1.0, ""clf__scale"": 0.5}",25.84541839999929
68,quantum/IQP-kernel-SVM,quantum,9,0.4444444444444444,0.55,"{""clf__C"": 0.1, ""clf__scale"": 0.5}",25.84541839999929
68,quantum/IQP-kernel-SVM,quantum,10,0.5555555555555556,0.4,"{""clf__C"": 10.0, ""clf__scale"": 0.5}",25.84541839999929
68,quantum/IQP-kernel-SVM,quantum,11,0.7777777777777778,0.85,"{""clf__C"": 10.0, ""clf__scale"": 2.0}",25.84541839999929
68,quantum/IQP-kernel-SVM,quantum,12,0.6666666666666666,0.7,"{""clf__C"": 10.0, ""clf__scale"": 2.0}",25.84541839999929
68,quantum/IQP-kernel-SVM,quantum,13,0.6666666666666666,0.7,"{""clf__C"": 10.0, ""clf__scale"": 1.0}",25.84541839999929
68,quantum/IQP-kernel-SVM,quantum,14,0.4444444444444444,0.35,"{""clf__C"": 0.1, ""clf__scale"": 0.5}",25.84541839999929
68,quantum/CNOT-kernel-SVM,quantum,0,0.7777777777777778,0.75,"{""clf__C"": 10.0, ""clf__scale"": 2.0}",23.891673099999934
68,quantum/CNOT-kernel-SVM,quantum,1,0.3333333333333333,0.2,"{""clf__C"": 1.0, ""clf__scale"": 1.0}",23.891673099999934
68,quantum/CNOT-kernel-SVM,quantum,2,0.3333333333333333,0.30000000000000004,"{""clf__C"": 10.0, ""clf__scale"": 1.0}",23.891673099999934
68,quantum/CNOT-kernel-SVM,quantum,3,0.5555555555555556,0.4,"{""clf__C"": 10.0, ""clf__scale"": 2.0}",23.891673099999934
68,quantum/CNOT-kernel-SVM,quantum,4,0.4444444444444444,0.44999999999999996,"{""clf__C"": 1.0, ""clf__scale"": 2.0}",23.891673099999934
68,quantum/CNOT-kernel-SVM,quantum,5,0.4444444444444444,0.39999999999999997,"{""clf__C"": 1.0, ""clf__scale"": 2.0}",23.891673099999934
68,quantum/CNOT-kernel-SVM,quantum,6,0.4444444444444444,0.55,"{""clf__C"": 10.0, ""clf__scale"": 2.0}",23.891673099999934
68,quantum/CNOT-kernel-SVM,quantum,7,0.5555555555555556,0.55,"{""clf__C"": 1.0, ""clf__scale"": 0.5}",23.891673099999934
68,quantum/CNOT-kernel-SVM,quantum,8,0.6666666666666666,0.75,"{""clf__C"": 1.0, ""clf__scale"": 0.5}",23.891673099999934
68,quantum/CNOT-kernel-SVM,quantum,9,0.3333333333333333,0.5,"{""clf__C"": 1.0, ""clf__scale"": 0.5}",23.891673099999934
68,quantum/CNOT-kernel-SVM,quantum,10,0.4444444444444444,0.35000000000000003,"{""clf__C"": 10.0, ""clf__scale"": 0.5}",23.891673099999934
68,quantum/CNOT-kernel-SVM,quantum,11,0.4444444444444444,0.75,"{""clf__C"": 1.0, ""clf__scale"": 0.5}",23.891673099999934
68,quantum/CNOT-kernel-SVM,quantum,12,0.5555555555555556,0.45,"{""clf__C"": 10.0, ""clf__scale"": 0.5}",23.891673099999934
68,quantum/CNOT-kernel-SVM,quantum,13,0.3333333333333333,0.35000000000000003,"{""clf__C"": 10.0, ""clf__scale"": 0.5}",23.891673099999934
68,quantum/CNOT-kernel-SVM,quantum,14,0.4444444444444444,0.6,"{""clf__C"": 0.1, ""clf__scale"": 0.5}",23.891673099999934
68,control/IQP-no-entangle,control,0,0.6666666666666666,0.5,"{""clf__C"": 10.0, ""clf__scale"": 2.0}",22.396948699999484
68,control/IQP-no-entangle,control,1,0.4444444444444444,0.25,"{""clf__C"": 1.0, ""clf__scale"": 0.5}",22.396948699999484
68,control/IQP-no-entangle,control,2,0.3333333333333333,0.25,"{""clf__C"": 10.0, ""clf__scale"": 1.0}",22.396948699999484
68,control/IQP-no-entangle,control,3,0.3333333333333333,0.35,"{""clf__C"": 1.0, ""clf__scale"": 1.0}",22.396948699999484
68,control/IQP-no-entangle,control,4,0.4444444444444444,0.15,"{""clf__C"": 1.0, ""clf__scale"": 2.0}",22.396948699999484
68,control/IQP-no-entangle,control,5,0.3333333333333333,0.3,"{""clf__C"": 10.0, ""clf__scale"": 2.0}",22.396948699999484
68,control/IQP-no-entangle,control,6,0.5555555555555556,0.6,"{""clf__C"": 10.0, ""clf__scale"": 2.0}",22.396948699999484
68,control/IQP-no-entangle,control,7,0.4444444444444444,0.4,"{""clf__C"": 1.0, ""clf__scale"": 1.0}",22.396948699999484
68,control/IQP-no-entangle,control,8,0.6666666666666666,0.65,"{""clf__C"": 1.0, ""clf__scale"": 1.0}",22.396948699999484
68,control/IQP-no-entangle,control,9,0.4444444444444444,0.45,"{""clf__C"": 1.0, ""clf__scale"": 0.5}",22.396948699999484
68,control/IQP-no-entangle,control,10,0.3333333333333333,0.30000000000000004,"{""clf__C"": 10.0, ""clf__scale"": 2.0}",22.396948699999484
68,control/IQP-no-entangle,control,11,0.4444444444444444,0.35000000000000003,"{""clf__C"": 10.0, ""clf__scale"": 2.0}",22.396948699999484
68,control/IQP-no-entangle,control,12,0.3333333333333333,0.45,"{""clf__C"": 1.0, ""clf__scale"": 1.0}",22.396948699999484
68,control/IQP-no-entangle,control,13,0.4444444444444444,0.4,"{""clf__C"": 10.0, ""clf__scale"": 0.5}",22.396948699999484
68,control/IQP-no-entangle,control,14,0.4444444444444444,0.5499999999999999,"{""clf__C"": 0.1, ""clf__scale"": 0.5}",22.396948699999484
68,control/PCA-matched-RBF,control,0,0.5555555555555556,0.75,"{""clf__C"": 0.1, ""clf__gamma"": ""scale""}",18.72293880000052
68,control/PCA-matched-RBF,control,1,0.4444444444444444,0.2,"{""clf__C"": 10.0, ""clf__gamma"": 0.1}",18.72293880000052
68,control/PCA-matched-RBF,control,2,0.3333333333333333,0.25,"{""clf__C"": 10.0, ""clf__gamma"": 0.1}",18.72293880000052
68,control/PCA-matched-RBF,control,3,0.4444444444444444,0.3,"{""clf__C"": 0.1, ""clf__gamma"": ""scale""}",18.72293880000052
68,control/PCA-matched-RBF,control,4,0.4444444444444444,0.75,"{""clf__C"": 0.1, ""clf__gamma"": ""scale""}",18.72293880000052
68,control/PCA-matched-RBF,control,5,0.5555555555555556,0.6000000000000001,"{""clf__C"": 1.0, ""clf__gamma"": ""scale""}",18.72293880000052
68,control/PCA-matched-RBF,control,6,0.5555555555555556,0.7,"{""clf__C"": 0.1, ""clf__gamma"": ""scale""}",18.72293880000052
68,control/PCA-matched-RBF,control,7,0.4444444444444444,0.4,"{""clf__C"": 10.0, ""clf__gamma"": 0.1}",18.72293880000052
68,control/PCA-matched-RBF,control,8,0.4444444444444444,0.35,"{""clf__C"": 10.0, ""clf__gamma"": ""scale""}",18.72293880000052
68,control/PCA-matched-RBF,control,9,0.4444444444444444,0.45,"{""clf__C"": 0.1, ""clf__gamma"": ""scale""}",18.72293880000052
68,control/PCA-matched-RBF,control,10,0.4444444444444444,0.5,"{""clf__C"": 1.0, ""clf__gamma"": 0.1}",18.72293880000052
68,control/PCA-matched-RBF,control,11,0.5555555555555556,0.5,"{""clf__C"": 10.0, ""clf__gamma"": 0.01}",18.72293880000052
68,control/PCA-matched-RBF,control,12,0.4444444444444444,0.45,"{""clf__C"": 1.0, ""clf__gamma"": ""scale""}",18.72293880000052
68,control/PCA-matched-RBF,control,13,0.4444444444444444,0.5,"{""clf__C"": 10.0, ""clf__gamma"": 0.1}",18.72293880000052
68,control/PCA-matched-RBF,control,14,0.4444444444444444,0.5,"{""clf__C"": 0.1, ""clf__gamma"": ""scale""}",18.72293880000052
68,control/PCA-matched-linear,control,0,0.5555555555555556,0.95,"{""clf__C"": 1.0}",6.838545500000691
68,control/PCA-matched-linear,control,1,0.2222222222222222,0.2,"{""clf__C"": 1.0}",6.838545500000691
68,control/PCA-matched-linear,control,2,0.3333333333333333,0.30000000000000004,"{""clf__C"": 1.0}",6.838545500000691
68,control/PCA-matched-linear,control,3,0.3333333333333333,0.25,"{""clf__C"": 0.1}",6.838545500000691
68,control/PCA-matched-linear,control,4,0.7777777777777778,0.8500000000000001,"{""clf__C"": 1.0}",6.838545500000691
68,control/PCA-matched-linear,control,5,0.5555555555555556,0.65,"{""clf__C"": 1.0}",6.838545500000691
68,control/PCA-matched-linear,control,6,0.5555555555555556,0.75,"{""clf__C"": 0.1}",6.838545500000691
68,control/PCA-matched-linear,control,7,0.5555555555555556,0.55,"{""clf__C"": 1.0}",6.838545500000691
68,control/PCA-matched-linear,control,8,0.6666666666666666,0.65,"{""clf__C"": 1.0}",6.838545500000691
68,control/PCA-matched-linear,control,9,0.3333333333333333,0.5,"{""clf__C"": 1.0}",6.838545500000691
68,control/PCA-matched-linear,control,10,0.4444444444444444,0.5,"{""clf__C"": 1.0}",6.838545500000691
68,control/PCA-matched-linear,control,11,0.6666666666666666,0.49999999999999994,"{""clf__C"": 1.0}",6.838545500000691
68,control/PCA-matched-linear,control,12,0.4444444444444444,0.6000000000000001,"{""clf__C"": 1.0}",6.838545500000691
68,control/PCA-matched-linear,control,13,0.5555555555555556,0.30000000000000004,"{""clf__C"": 1.0}",6.838545500000691
68,control/PCA-matched-linear,control,14,0.4444444444444444,0.6,"{""clf__C"": 0.1}",6.838545500000691
68,control/logeuclid-TS+LR,control,0,0.2222222222222222,0.25,"{""clf__C"": 0.1}",5.233580699999948
68,control/logeuclid-TS+LR,control,1,0.2222222222222222,0.3,"{""clf__C"": 0.1}",5.233580699999948
68,control/logeuclid-TS+LR,control,2,0.1111111111111111,0.0,"{""clf__C"": 1.0}",5.233580699999948
68,control/logeuclid-TS+LR,control,3,0.2222222222222222,0.25,"{""clf__C"": 0.1}",5.233580699999948
68,control/logeuclid-TS+LR,control,4,0.4444444444444444,0.30000000000000004,"{""clf__C"": 0.1}",5.233580699999948
68,control/logeuclid-TS+LR,control,5,0.4444444444444444,0.5,"{""clf__C"": 0.1}",5.233580699999948
68,control/logeuclid-TS+LR,control,6,0.4444444444444444,0.4,"{""clf__C"": 0.1}",5.233580699999948
68,control/logeuclid-TS+LR,control,7,0.6666666666666666,0.45,"{""clf__C"": 0.1}",5.233580699999948
68,control/logeuclid-TS+LR,control,8,0.5555555555555556,0.5,"{""clf__C"": 1.0}",5.233580699999948
68,control/logeuclid-TS+LR,control,9,0.3333333333333333,0.25,"{""clf__C"": 10.0}",5.233580699999948
68,control/logeuclid-TS+LR,control,10,0.2222222222222222,0.30000000000000004,"{""clf__C"": 0.1}",5.233580699999948
68,control/logeuclid-TS+LR,control,11,0.5555555555555556,0.30000000000000004,"{""clf__C"": 10.0}",5.233580699999948
68,control/logeuclid-TS+LR,control,12,0.2222222222222222,0.4,"{""clf__C"": 0.1}",5.233580699999948
68,control/logeuclid-TS+LR,control,13,0.3333333333333333,0.35,"{""clf__C"": 1.0}",5.233580699999948
68,control/logeuclid-TS+LR,control,14,0.4444444444444444,0.3,"{""clf__C"": 1.0}",5.233580699999948
68,control/riemann-kernel-SVM,control,0,0.7777777777777778,0.8,"{""clf__C"": 0.1}",6.496399700000438
68,control/riemann-kernel-SVM,control,1,0.2222222222222222,0.15000000000000002,"{""clf__C"": 0.1}",6.496399700000438
68,control/riemann-kernel-SVM,control,2,0.3333333333333333,0.3,"{""clf__C"": 10.0}",6.496399700000438
68,control/riemann-kernel-SVM,control,3,0.3333333333333333,0.5,"{""clf__C"": 1.0}",6.496399700000438
68,control/riemann-kernel-SVM,control,4,0.3333333333333333,0.55,"{""clf__C"": 1.0}",6.496399700000438
68,control/riemann-kernel-SVM,control,5,0.5555555555555556,0.6000000000000001,"{""clf__C"": 10.0}",6.496399700000438
68,control/riemann-kernel-SVM,control,6,0.6666666666666666,0.6,"{""clf__C"": 10.0}",6.496399700000438
68,control/riemann-kernel-SVM,control,7,0.6666666666666666,0.55,"{""clf__C"": 1.0}",6.496399700000438
68,control/riemann-kernel-SVM,control,8,0.2222222222222222,0.24999999999999997,"{""clf__C"": 1.0}",6.496399700000438
68,control/riemann-kernel-SVM,control,9,0.4444444444444444,0.4,"{""clf__C"": 0.1}",6.496399700000438
68,control/riemann-kernel-SVM,control,10,0.7777777777777778,0.75,"{""clf__C"": 1.0}",6.496399700000438
68,control/riemann-kernel-SVM,control,11,0.2222222222222222,0.1,"{""clf__C"": 1.0}",6.496399700000438
68,control/riemann-kernel-SVM,control,12,0.2222222222222222,0.35000000000000003,"{""clf__C"": 10.0}",6.496399700000438
68,control/riemann-kernel-SVM,control,13,0.5555555555555556,0.4,"{""clf__C"": 1.0}",6.496399700000438
68,control/riemann-kernel-SVM,control,14,0.4444444444444444,0.6,"{""clf__C"": 0.1}",6.496399700000438
68,control/logeuclid-kernel-SVM,control,0,0.6666666666666666,0.7,"{""clf__C"": 10.0}",6.66857329999948
68,control/logeuclid-kernel-SVM,control,1,0.2222222222222222,0.15000000000000002,"{""clf__C"": 0.1}",6.66857329999948
68,control/logeuclid-kernel-SVM,control,2,0.4444444444444444,0.3,"{""clf__C"": 1.0}",6.66857329999948
68,control/logeuclid-kernel-SVM,control,3,0.3333333333333333,0.5,"{""clf__C"": 1.0}",6.66857329999948
68,control/logeuclid-kernel-SVM,control,4,0.6666666666666666,0.7000000000000001,"{""clf__C"": 10.0}",6.66857329999948
68,control/logeuclid-kernel-SVM,control,5,0.6666666666666666,0.6,"{""clf__C"": 10.0}",6.66857329999948
68,control/logeuclid-kernel-SVM,control,6,0.8888888888888888,0.8500000000000001,"{""clf__C"": 10.0}",6.66857329999948
68,control/logeuclid-kernel-SVM,control,7,0.5555555555555556,0.55,"{""clf__C"": 1.0}",6.66857329999948
68,control/logeuclid-kernel-SVM,control,8,0.5555555555555556,0.35,"{""clf__C"": 10.0}",6.66857329999948
68,control/logeuclid-kernel-SVM,control,9,0.4444444444444444,0.5,"{""clf__C"": 0.1}",6.66857329999948
68,control/logeuclid-kernel-SVM,control,10,0.6666666666666666,0.8,"{""clf__C"": 1.0}",6.66857329999948
68,control/logeuclid-kernel-SVM,control,11,0.5555555555555556,0.25,"{""clf__C"": 1.0}",6.66857329999948
68,control/logeuclid-kernel-SVM,control,12,0.5555555555555556,0.55,"{""clf__C"": 1.0}",6.66857329999948
68,control/logeuclid-kernel-SVM,control,13,0.4444444444444444,0.3,"{""clf__C"": 1.0}",6.66857329999948
68,control/logeuclid-kernel-SVM,control,14,0.4444444444444444,0.6,"{""clf__C"": 0.1}",6.66857329999948
69,classical/logvar+LDA,classical,0,0.3333333333333333,0.4,{},0.11021640000035404
69,classical/logvar+LDA,classical,1,0.5555555555555556,0.7,{},0.11021640000035404
69,classical/logvar+LDA,classical,2,0.6666666666666666,0.5,{},0.11021640000035404
69,classical/logvar+LDA,classical,3,0.6666666666666666,0.8,{},0.11021640000035404
69,classical/logvar+LDA,classical,4,0.5555555555555556,0.35,{},0.11021640000035404
69,classical/logvar+LDA,classical,5,0.4444444444444444,0.55,{},0.11021640000035404
69,classical/logvar+LDA,classical,6,0.3333333333333333,0.24999999999999997,{},0.11021640000035404
69,classical/logvar+LDA,classical,7,0.6666666666666666,0.49999999999999994,{},0.11021640000035404
69,classical/logvar+LDA,classical,8,0.6666666666666666,0.6,{},0.11021640000035404
69,classical/logvar+LDA,classical,9,0.5555555555555556,0.65,{},0.11021640000035404
69,classical/logvar+LDA,classical,10,0.4444444444444444,0.35,{},0.11021640000035404
69,classical/logvar+LDA,classical,11,0.4444444444444444,0.3,{},0.11021640000035404
69,classical/logvar+LDA,classical,12,0.5555555555555556,0.4,{},0.11021640000035404
69,classical/logvar+LDA,classical,13,0.3333333333333333,0.45,{},0.11021640000035404
69,classical/logvar+LDA,classical,14,0.6666666666666666,1.0,{},0.11021640000035404
69,classical/CSP+LDA,classical,0,0.4444444444444444,0.5,"{""csp__nfilter"": 4}",4.192539200000283
69,classical/CSP+LDA,classical,1,0.5555555555555556,0.6,"{""csp__nfilter"": 6}",4.192539200000283
69,classical/CSP+LDA,classical,2,0.5555555555555556,0.75,"{""csp__nfilter"": 4}",4.192539200000283
69,classical/CSP+LDA,classical,3,0.5555555555555556,0.5,"{""csp__nfilter"": 2}",4.192539200000283
69,classical/CSP+LDA,classical,4,0.6666666666666666,0.8,"{""csp__nfilter"": 2}",4.192539200000283
69,classical/CSP+LDA,classical,5,0.7777777777777778,0.75,"{""csp__nfilter"": 2}",4.192539200000283
69,classical/CSP+LDA,classical,6,0.4444444444444444,0.5,"{""csp__nfilter"": 2}",4.192539200000283
69,classical/CSP+LDA,classical,7,0.6666666666666666,0.65,"{""csp__nfilter"": 4}",4.192539200000283
69,classical/CSP+LDA,classical,8,0.5555555555555556,0.6,"{""csp__nfilter"": 2}",4.192539200000283
69,classical/CSP+LDA,classical,9,0.4444444444444444,0.55,"{""csp__nfilter"": 2}",4.192539200000283
69,classical/CSP+LDA,classical,10,0.4444444444444444,0.39999999999999997,"{""csp__nfilter"": 6}",4.192539200000283
69,classical/CSP+LDA,classical,11,0.4444444444444444,0.5499999999999999,"{""csp__nfilter"": 2}",4.192539200000283
69,classical/CSP+LDA,classical,12,0.7777777777777778,0.75,"{""csp__nfilter"": 6}",4.192539200000283
69,classical/CSP+LDA,classical,13,0.4444444444444444,0.65,"{""csp__nfilter"": 4}",4.192539200000283
69,classical/CSP+LDA,classical,14,0.4444444444444444,0.6,"{""csp__nfilter"": 2}",4.192539200000283
69,classical/MDM,classical,0,0.4444444444444444,0.3,{},0.6608500000002095
69,classical/MDM,classical,1,0.6666666666666666,0.9,{},0.6608500000002095
69,classical/MDM,classical,2,0.6666666666666666,0.75,{},0.6608500000002095
69,classical/MDM,classical,3,0.4444444444444444,0.6,{},0.6608500000002095
69,classical/MDM,classical,4,0.6666666666666666,0.85,{},0.6608500000002095
69,classical/MDM,classical,5,0.7777777777777778,0.85,{},0.6608500000002095
69,classical/MDM,classical,6,0.3333333333333333,0.39999999999999997,{},0.6608500000002095
69,classical/MDM,classical,7,0.6666666666666666,0.6,{},0.6608500000002095
69,classical/MDM,classical,8,0.6666666666666666,0.65,{},0.6608500000002095
69,classical/MDM,classical,9,0.4444444444444444,0.7,{},0.6608500000002095
69,classical/MDM,classical,10,0.4444444444444444,0.44999999999999996,{},0.6608500000002095
69,classical/MDM,classical,11,0.4444444444444444,0.5,{},0.6608500000002095
69,classical/MDM,classical,12,0.8888888888888888,0.9500000000000001,{},0.6608500000002095
69,classical/MDM,classical,13,0.6666666666666666,0.65,{},0.6608500000002095
69,classical/MDM,classical,14,0.6666666666666666,0.75,{},0.6608500000002095
69,classical/TS+LR,classical,0,0.4444444444444444,0.55,"{""clf__C"": 1.0}",6.3690834999997605
69,classical/TS+LR,classical,1,0.4444444444444444,0.44999999999999996,"{""clf__C"": 1.0}",6.3690834999997605
69,classical/TS+LR,classical,2,0.5555555555555556,0.6000000000000001,"{""clf__C"": 0.1}",6.3690834999997605
69,classical/TS+LR,classical,3,0.3333333333333333,0.15,"{""clf__C"": 0.1}",6.3690834999997605
69,classical/TS+LR,classical,4,0.4444444444444444,0.5,"{""clf__C"": 0.1}",6.3690834999997605
69,classical/TS+LR,classical,5,0.4444444444444444,0.45,"{""clf__C"": 0.1}",6.3690834999997605
69,classical/TS+LR,classical,6,0.2222222222222222,0.04999999999999999,"{""clf__C"": 0.1}",6.3690834999997605
69,classical/TS+LR,classical,7,0.6666666666666666,0.7,"{""clf__C"": 0.1}",6.3690834999997605
69,classical/TS+LR,classical,8,0.5555555555555556,0.39999999999999997,"{""clf__C"": 0.1}",6.3690834999997605
69,classical/TS+LR,classical,9,0.4444444444444444,0.75,"{""clf__C"": 1.0}",6.3690834999997605
69,classical/TS+LR,classical,10,0.5555555555555556,0.45,"{""clf__C"": 10.0}",6.3690834999997605
69,classical/TS+LR,classical,11,0.3333333333333333,0.44999999999999996,"{""clf__C"": 0.1}",6.3690834999997605
69,classical/TS+LR,classical,12,0.5555555555555556,0.65,"{""clf__C"": 0.1}",6.3690834999997605
69,classical/TS+LR,classical,13,0.4444444444444444,0.25,"{""clf__C"": 0.1}",6.3690834999997605
69,classical/TS+LR,classical,14,0.2222222222222222,0.05,"{""clf__C"": 0.1}",6.3690834999997605
69,classical/TS+RBF-SVM,classical,0,0.4444444444444444,0.5,"{""clf__C"": 10.0, ""clf__gamma"": ""scale""}",17.371335900000304
69,classical/TS+RBF-SVM,classical,1,0.5555555555555556,0.5,"{""clf__C"": 0.1, ""clf__gamma"": ""scale""}",17.371335900000304
69,classical/TS+RBF-SVM,classical,2,0.5555555555555556,0.6000000000000001,"{""clf__C"": 1.0, ""clf__gamma"": ""scale""}",17.371335900000304
69,classical/TS+RBF-SVM,classical,3,0.4444444444444444,0.3,"{""clf__C"": 1.0, ""clf__gamma"": ""scale""}",17.371335900000304
69,classical/TS+RBF-SVM,classical,4,0.4444444444444444,0.5,"{""clf__C"": 0.1, ""clf__gamma"": ""scale""}",17.371335900000304
69,classical/TS+RBF-SVM,classical,5,0.4444444444444444,0.65,"{""clf__C"": 10.0, ""clf__gamma"": 0.01}",17.371335900000304
69,classical/TS+RBF-SVM,classical,6,0.3333333333333333,0.2,"{""clf__C"": 1.0, ""clf__gamma"": ""scale""}",17.371335900000304
69,classical/TS+RBF-SVM,classical,7,0.5555555555555556,0.75,"{""clf__C"": 0.1, ""clf__gamma"": ""scale""}",17.371335900000304
69,classical/TS+RBF-SVM,classical,8,0.5555555555555556,0.75,"{""clf__C"": 10.0, ""clf__gamma"": ""scale""}",17.371335900000304
69,classical/TS+RBF-SVM,classical,9,0.4444444444444444,0.55,"{""clf__C"": 0.1, ""clf__gamma"": ""scale""}",17.371335900000304
69,classical/TS+RBF-SVM,classical,10,0.3333333333333333,0.39999999999999997,"{""clf__C"": 1.0, ""clf__gamma"": ""scale""}",17.371335900000304
69,classical/TS+RBF-SVM,classical,11,0.3333333333333333,0.44999999999999996,"{""clf__C"": 10.0, ""clf__gamma"": ""scale""}",17.371335900000304
69,classical/TS+RBF-SVM,classical,12,0.5555555555555556,0.7,"{""clf__C"": 0.1, ""clf__gamma"": ""scale""}",17.371335900000304
69,classical/TS+RBF-SVM,classical,13,0.4444444444444444,0.5,"{""clf__C"": 10.0, ""clf__gamma"": ""scale""}",17.371335900000304
69,classical/TS+RBF-SVM,classical,14,0.4444444444444444,0.15,"{""clf__C"": 10.0, ""clf__gamma"": 0.01}",17.371335900000304
69,quantum/HS-overlap-SVM,quantum,0,0.3333333333333333,0.24999999999999997,"{""clf__C"": 10.0}",4.501756999999998
69,quantum/HS-overlap-SVM,quantum,1,0.5555555555555556,0.8500000000000001,"{""clf__C"": 0.1}",4.501756999999998
69,quantum/HS-overlap-SVM,quantum,2,0.6666666666666666,0.8,"{""clf__C"": 10.0}",4.501756999999998
69,quantum/HS-overlap-SVM,quantum,3,0.5555555555555556,0.8,"{""clf__C"": 0.1}",4.501756999999998
69,quantum/HS-overlap-SVM,quantum,4,0.4444444444444444,0.7,"{""clf__C"": 0.1}",4.501756999999998
69,quantum/HS-overlap-SVM,quantum,5,0.3333333333333333,0.6,"{""clf__C"": 10.0}",4.501756999999998
69,quantum/HS-overlap-SVM,quantum,6,0.5555555555555556,0.29999999999999993,"{""clf__C"": 10.0}",4.501756999999998
69,quantum/HS-overlap-SVM,quantum,7,0.6666666666666666,0.65,"{""clf__C"": 10.0}",4.501756999999998
69,quantum/HS-overlap-SVM,quantum,8,0.5555555555555556,0.85,"{""clf__C"": 0.1}",4.501756999999998
69,quantum/HS-overlap-SVM,quantum,9,0.4444444444444444,0.6,"{""clf__C"": 0.1}",4.501756999999998
69,quantum/HS-overlap-SVM,quantum,10,0.4444444444444444,0.3,"{""clf__C"": 10.0}",4.501756999999998
69,quantum/HS-overlap-SVM,quantum,11,0.4444444444444444,0.55,"{""clf__C"": 10.0}",4.501756999999998
69,quantum/HS-overlap-SVM,quantum,12,0.5555555555555556,0.8500000000000001,"{""clf__C"": 0.1}",4.501756999999998
69,quantum/HS-overlap-SVM,quantum,13,0.6666666666666666,0.5,"{""clf__C"": 10.0}",4.501756999999998
69,quantum/HS-overlap-SVM,quantum,14,0.4444444444444444,0.65,"{""clf__C"": 0.1}",4.501756999999998
69,quantum/Fidelity-SVM,quantum,0,0.3333333333333333,0.24999999999999997,"{""clf__C"": 10.0}",7.867648600000393
69,quantum/Fidelity-SVM,quantum,1,0.5555555555555556,0.9,"{""clf__C"": 0.1}",7.867648600000393
69,quantum/Fidelity-SVM,quantum,2,0.6666666666666666,0.8,"{""clf__C"": 10.0}",7.867648600000393
69,quantum/Fidelity-SVM,quantum,3,0.5555555555555556,0.8,"{""clf__C"": 0.1}",7.867648600000393
69,quantum/Fidelity-SVM,quantum,4,0.4444444444444444,0.7,"{""clf__C"": 0.1}",7.867648600000393
69,quantum/Fidelity-SVM,quantum,5,0.7777777777777778,0.9,"{""clf__C"": 10.0}",7.867648600000393
69,quantum/Fidelity-SVM,quantum,6,0.5555555555555556,0.29999999999999993,"{""clf__C"": 10.0}",7.867648600000393
69,quantum/Fidelity-SVM,quantum,7,0.6666666666666666,0.65,"{""clf__C"": 10.0}",7.867648600000393
69,quantum/Fidelity-SVM,quantum,8,0.5555555555555556,0.85,"{""clf__C"": 0.1}",7.867648600000393
69,quantum/Fidelity-SVM,quantum,9,0.5555555555555556,0.6,"{""clf__C"": 10.0}",7.867648600000393
69,quantum/Fidelity-SVM,quantum,10,0.4444444444444444,0.3,"{""clf__C"": 10.0}",7.867648600000393
69,quantum/Fidelity-SVM,quantum,11,0.4444444444444444,0.5499999999999999,"{""clf__C"": 10.0}",7.867648600000393
69,quantum/Fidelity-SVM,quantum,12,0.5555555555555556,0.9,"{""clf__C"": 0.1}",7.867648600000393
69,quantum/Fidelity-SVM,quantum,13,0.6666666666666666,0.5,"{""clf__C"": 10.0}",7.867648600000393
69,quantum/Fidelity-SVM,quantum,14,0.4444444444444444,0.5,"{""clf__C"": 0.1}",7.867648600000393
69,quantum/HS-RBF-SVM,quantum,0,0.3333333333333333,0.45,"{""clf__C"": 1.0, ""clf__gamma_mult"": 0.25}",12.47384669999974
69,quantum/HS-RBF-SVM,quantum,1,0.8888888888888888,1.0,"{""clf__C"": 1.0, ""clf__gamma_mult"": 4.0}",12.47384669999974
69,quantum/HS-RBF-SVM,quantum,2,0.6666666666666666,0.85,"{""clf__C"": 1.0, ""clf__gamma_mult"": 1.0}",12.47384669999974
69,quantum/HS-RBF-SVM,quantum,3,0.7777777777777778,0.75,"{""clf__C"": 1.0, ""clf__gamma_mult"": 4.0}",12.47384669999974
69,quantum/HS-RBF-SVM,quantum,4,0.4444444444444444,0.5,"{""clf__C"": 1.0, ""clf__gamma_mult"": 4.0}",12.47384669999974
69,quantum/HS-RBF-SVM,quantum,5,0.5555555555555556,0.7,"{""clf__C"": 1.0, ""clf__gamma_mult"": 1.0}",12.47384669999974
69,quantum/HS-RBF-SVM,quantum,6,0.5555555555555556,0.29999999999999993,"{""clf__C"": 1.0, ""clf__gamma_mult"": 0.25}",12.47384669999974
69,quantum/HS-RBF-SVM,quantum,7,0.7777777777777778,0.85,"{""clf__C"": 10.0, ""clf__gamma_mult"": 4.0}",12.47384669999974
69,quantum/HS-RBF-SVM,quantum,8,0.7777777777777778,0.9500000000000001,"{""clf__C"": 1.0, ""clf__gamma_mult"": 4.0}",12.47384669999974
69,quantum/HS-RBF-SVM,quantum,9,0.5555555555555556,0.75,"{""clf__C"": 1.0, ""clf__gamma_mult"": 4.0}",12.47384669999974
69,quantum/HS-RBF-SVM,quantum,10,0.4444444444444444,0.24999999999999997,"{""clf__C"": 1.0, ""clf__gamma_mult"": 0.25}",12.47384669999974
69,quantum/HS-RBF-SVM,quantum,11,0.3333333333333333,0.25,"{""clf__C"": 10.0, ""clf__gamma_mult"": 4.0}",12.47384669999974
69,quantum/HS-RBF-SVM,quantum,12,0.6666666666666666,0.75,"{""clf__C"": 1.0, ""clf__gamma_mult"": 4.0}",12.47384669999974
69,quantum/HS-RBF-SVM,quantum,13,0.4444444444444444,0.44999999999999996,"{""clf__C"": 1.0, ""clf__gamma_mult"": 4.0}",12.47384669999974
69,quantum/HS-RBF-SVM,quantum,14,0.6666666666666666,0.75,"{""clf__C"": 10.0, ""clf__gamma_mult"": 1.0}",12.47384669999974
69,quantum/Bures-RBF-SVM,quantum,0,0.3333333333333333,0.35,"{""clf__C"": 1.0, ""clf__gamma_mult"": 0.25}",20.175982300000214
69,quantum/Bures-RBF-SVM,quantum,1,0.7777777777777778,0.8500000000000001,"{""clf__C"": 10.0, ""clf__gamma_mult"": 4.0}",20.175982300000214
69,quantum/Bures-RBF-SVM,quantum,2,0.6666666666666666,0.75,"{""clf__C"": 1.0, ""clf__gamma_mult"": 4.0}",20.175982300000214
69,quantum/Bures-RBF-SVM,quantum,3,0.7777777777777778,0.75,"{""clf__C"": 1.0, ""clf__gamma_mult"": 4.0}",20.175982300000214
69,quantum/Bures-RBF-SVM,quantum,4,0.4444444444444444,0.4,"{""clf__C"": 1.0, ""clf__gamma_mult"": 4.0}",20.175982300000214
69,quantum/Bures-RBF-SVM,quantum,5,0.5555555555555556,0.65,"{""clf__C"": 1.0, ""clf__gamma_mult"": 1.0}",20.175982300000214
69,quantum/Bures-RBF-SVM,quantum,6,0.5555555555555556,0.29999999999999993,"{""clf__C"": 1.0, ""clf__gamma_mult"": 0.25}",20.175982300000214
69,quantum/Bures-RBF-SVM,quantum,7,0.7777777777777778,0.8,"{""clf__C"": 1.0, ""clf__gamma_mult"": 1.0}",20.175982300000214
69,quantum/Bures-RBF-SVM,quantum,8,0.8888888888888888,0.9500000000000001,"{""clf__C"": 1.0, ""clf__gamma_mult"": 4.0}",20.175982300000214
69,quantum/Bures-RBF-SVM,quantum,9,0.5555555555555556,0.6,"{""clf__C"": 1.0, ""clf__gamma_mult"": 4.0}",20.175982300000214
69,quantum/Bures-RBF-SVM,quantum,10,0.4444444444444444,0.3,"{""clf__C"": 1.0, ""clf__gamma_mult"": 0.25}",20.175982300000214
69,quantum/Bures-RBF-SVM,quantum,11,0.3333333333333333,0.25,"{""clf__C"": 10.0, ""clf__gamma_mult"": 1.0}",20.175982300000214
69,quantum/Bures-RBF-SVM,quantum,12,0.6666666666666666,0.75,"{""clf__C"": 1.0, ""clf__gamma_mult"": 4.0}",20.175982300000214
69,quantum/Bures-RBF-SVM,quantum,13,0.5555555555555556,0.5,"{""clf__C"": 1.0, ""clf__gamma_mult"": 4.0}",20.175982300000214
69,quantum/Bures-RBF-SVM,quantum,14,0.7777777777777778,0.85,"{""clf__C"": 1.0, ""clf__gamma_mult"": 4.0}",20.175982300000214
69,quantum/QRE-RBF-SVM,quantum,0,0.3333333333333333,0.35000000000000003,"{""clf__C"": 1.0, ""clf__gamma_mult"": 0.25}",15.600202800000261
69,quantum/QRE-RBF-SVM,quantum,1,0.7777777777777778,0.9,"{""clf__C"": 10.0, ""clf__gamma_mult"": 4.0}",15.600202800000261
69,quantum/QRE-RBF-SVM,quantum,2,0.6666666666666666,0.75,"{""clf__C"": 1.0, ""clf__gamma_mult"": 4.0}",15.600202800000261
69,quantum/QRE-RBF-SVM,quantum,3,0.7777777777777778,0.75,"{""clf__C"": 1.0, ""clf__gamma_mult"": 4.0}",15.600202800000261
69,quantum/QRE-RBF-SVM,quantum,4,0.4444444444444444,0.4,"{""clf__C"": 1.0, ""clf__gamma_mult"": 4.0}",15.600202800000261
69,quantum/QRE-RBF-SVM,quantum,5,0.5555555555555556,0.65,"{""clf__C"": 1.0, ""clf__gamma_mult"": 1.0}",15.600202800000261
69,quantum/QRE-RBF-SVM,quantum,6,0.5555555555555556,0.29999999999999993,"{""clf__C"": 1.0, ""clf__gamma_mult"": 0.25}",15.600202800000261
69,quantum/QRE-RBF-SVM,quantum,7,0.7777777777777778,0.85,"{""clf__C"": 10.0, ""clf__gamma_mult"": 1.0}",15.600202800000261
69,quantum/QRE-RBF-SVM,quantum,8,0.8888888888888888,1.0,"{""clf__C"": 1.0, ""clf__gamma_mult"": 4.0}",15.600202800000261
69,quantum/QRE-RBF-SVM,quantum,9,0.5555555555555556,0.6,"{""clf__C"": 1.0, ""clf__gamma_mult"": 4.0}",15.600202800000261
69,quantum/QRE-RBF-SVM,quantum,10,0.4444444444444444,0.3,"{""clf__C"": 1.0, ""clf__gamma_mult"": 0.25}",15.600202800000261
69,quantum/QRE-RBF-SVM,quantum,11,0.3333333333333333,0.25,"{""clf__C"": 10.0, ""clf__gamma_mult"": 0.25}",15.600202800000261
69,quantum/QRE-RBF-SVM,quantum,12,0.6666666666666666,0.8,"{""clf__C"": 1.0, ""clf__gamma_mult"": 4.0}",15.600202800000261
69,quantum/QRE-RBF-SVM,quantum,13,0.5555555555555556,0.44999999999999996,"{""clf__C"": 1.0, ""clf__gamma_mult"": 4.0}",15.600202800000261
69,quantum/QRE-RBF-SVM,quantum,14,0.7777777777777778,0.9,"{""clf__C"": 1.0, ""clf__gamma_mult"": 1.0}",15.600202800000261
69,quantum/HS-overlap-ref-SVM,quantum,0,0.6666666666666666,0.65,"{""clf__C"": 10.0}",6.277591500000199
69,quantum/HS-overlap-ref-SVM,quantum,1,0.5555555555555556,0.55,"{""clf__C"": 0.1}",6.277591500000199
69,quantum/HS-overlap-ref-SVM,quantum,2,0.5555555555555556,0.65,"{""clf__C"": 10.0}",6.277591500000199
69,quantum/HS-overlap-ref-SVM,quantum,3,0.5555555555555556,0.5,"{""clf__C"": 0.1}",6.277591500000199
69,quantum/HS-overlap-ref-SVM,quantum,4,0.5555555555555556,0.5,"{""clf__C"": 10.0}",6.277591500000199
69,quantum/HS-overlap-ref-SVM,quantum,5,0.5555555555555556,0.6,"{""clf__C"": 10.0}",6.277591500000199
69,quantum/HS-overlap-ref-SVM,quantum,6,0.2222222222222222,0.15,"{""clf__C"": 10.0}",6.277591500000199
69,quantum/HS-overlap-ref-SVM,quantum,7,0.6666666666666666,0.65,"{""clf__C"": 10.0}",6.277591500000199
69,quantum/HS-overlap-ref-SVM,quantum,8,0.5555555555555556,0.35,"{""clf__C"": 0.1}",6.277591500000199
69,quantum/HS-overlap-ref-SVM,quantum,9,0.5555555555555556,0.7,"{""clf__C"": 10.0}",6.277591500000199
69,quantum/HS-overlap-ref-SVM,quantum,10,0.4444444444444444,0.44999999999999996,"{""clf__C"": 10.0}",6.277591500000199
69,quantum/HS-overlap-ref-SVM,quantum,11,0.5555555555555556,0.39999999999999997,"{""clf__C"": 0.1}",6.277591500000199
69,quantum/HS-overlap-ref-SVM,quantum,12,0.5555555555555556,0.75,"{""clf__C"": 0.1}",6.277591500000199
69,quantum/HS-overlap-ref-SVM,quantum,13,0.5555555555555556,0.6,"{""clf__C"": 0.1}",6.277591500000199
69,quantum/HS-overlap-ref-SVM,quantum,14,0.4444444444444444,0.25,"{""clf__C"": 0.1}",6.277591500000199
69,quantum/Fidelity-ref-SVM,quantum,0,0.5555555555555556,0.6,"{""clf__C"": 10.0}",10.355268699999215
69,quantum/Fidelity-ref-SVM,quantum,1,0.5555555555555556,0.55,"{""clf__C"": 0.1}",10.355268699999215
69,quantum/Fidelity-ref-SVM,quantum,2,0.5555555555555556,0.7000000000000001,"{""clf__C"": 0.1}",10.355268699999215
69,quantum/Fidelity-ref-SVM,quantum,3,0.3333333333333333,0.5,"{""clf__C"": 10.0}",10.355268699999215
69,quantum/Fidelity-ref-SVM,quantum,4,0.4444444444444444,0.45,"{""clf__C"": 0.1}",10.355268699999215
69,quantum/Fidelity-ref-SVM,quantum,5,0.5555555555555556,0.55,"{""clf__C"": 10.0}",10.355268699999215
69,quantum/Fidelity-ref-SVM,quantum,6,0.5555555555555556,0.1,"{""clf__C"": 0.1}",10.355268699999215
69,quantum/Fidelity-ref-SVM,quantum,7,0.5555555555555556,0.65,"{""clf__C"": 0.1}",10.355268699999215
69,quantum/Fidelity-ref-SVM,quantum,8,0.5555555555555556,0.35,"{""clf__C"": 0.1}",10.355268699999215
69,quantum/Fidelity-ref-SVM,quantum,9,0.4444444444444444,0.55,"{""clf__C"": 0.1}",10.355268699999215
69,quantum/Fidelity-ref-SVM,quantum,10,0.5555555555555556,0.5,"{""clf__C"": 10.0}",10.355268699999215
69,quantum/Fidelity-ref-SVM,quantum,11,0.5555555555555556,0.39999999999999997,"{""clf__C"": 0.1}",10.355268699999215
69,quantum/Fidelity-ref-SVM,quantum,12,0.5555555555555556,0.75,"{""clf__C"": 0.1}",10.355268699999215
69,quantum/Fidelity-ref-SVM,quantum,13,0.5555555555555556,0.6,"{""clf__C"": 0.1}",10.355268699999215
69,quantum/Fidelity-ref-SVM,quantum,14,0.4444444444444444,0.25,"{""clf__C"": 0.1}",10.355268699999215
69,quantum/HS-RBF-ref-SVM,quantum,0,0.6666666666666666,0.7,"{""clf__C"": 10.0, ""clf__gamma_mult"": 0.25}",17.34935679999944
69,quantum/HS-RBF-ref-SVM,quantum,1,0.5555555555555556,0.3,"{""clf__C"": 1.0, ""clf__gamma_mult"": 4.0}",17.34935679999944
69,quantum/HS-RBF-ref-SVM,quantum,2,0.5555555555555556,0.6,"{""clf__C"": 10.0, ""clf__gamma_mult"": 1.0}",17.34935679999944
69,quantum/HS-RBF-ref-SVM,quantum,3,0.5555555555555556,0.35,"{""clf__C"": 10.0, ""clf__gamma_mult"": 1.0}",17.34935679999944
69,quantum/HS-RBF-ref-SVM,quantum,4,0.6666666666666666,0.65,"{""clf__C"": 10.0, ""clf__gamma_mult"": 1.0}",17.34935679999944
69,quantum/HS-RBF-ref-SVM,quantum,5,0.6666666666666666,0.44999999999999996,"{""clf__C"": 10.0, ""clf__gamma_mult"": 4.0}",17.34935679999944
69,quantum/HS-RBF-ref-SVM,quantum,6,0.2222222222222222,0.19999999999999998,"{""clf__C"": 10.0, ""clf__gamma_mult"": 1.0}",17.34935679999944
69,quantum/HS-RBF-ref-SVM,quantum,7,0.6666666666666666,0.65,"{""clf__C"": 10.0, ""clf__gamma_mult"": 0.25}",17.34935679999944
69,quantum/HS-RBF-ref-SVM,quantum,8,0.4444444444444444,0.5,"{""clf__C"": 1.0, ""clf__gamma_mult"": 1.0}",17.34935679999944
69,quantum/HS-RBF-ref-SVM,quantum,9,0.4444444444444444,0.5,"{""clf__C"": 0.1, ""clf__gamma_mult"": 0.25}",17.34935679999944
69,quantum/HS-RBF-ref-SVM,quantum,10,0.4444444444444444,0.39999999999999997,"{""clf__C"": 10.0, ""clf__gamma_mult"": 0.25}",17.34935679999944
69,quantum/HS-RBF-ref-SVM,quantum,11,0.4444444444444444,0.39999999999999997,"{""clf__C"": 1.0, ""clf__gamma_mult"": 1.0}",17.34935679999944
69,quantum/HS-RBF-ref-SVM,quantum,12,0.5555555555555556,0.7000000000000001,"{""clf__C"": 0.1, ""clf__gamma_mult"": 0.25}",17.34935679999944
69,quantum/HS-RBF-ref-SVM,quantum,13,0.6666666666666666,0.75,"{""clf__C"": 1.0, ""clf__gamma_mult"": 4.0}",17.34935679999944
69,quantum/HS-RBF-ref-SVM,quantum,14,0.3333333333333333,0.25,"{""clf__C"": 10.0, ""clf__gamma_mult"": 0.25}",17.34935679999944
69,quantum/Bures-RBF-ref-SVM,quantum,0,0.7777777777777778,0.65,"{""clf__C"": 10.0, ""clf__gamma_mult"": 0.25}",27.37791610000022
69,quantum/Bures-RBF-ref-SVM,quantum,1,0.4444444444444444,0.5,"{""clf__C"": 10.0, ""clf__gamma_mult"": 1.0}",27.37791610000022
69,quantum/Bures-RBF-ref-SVM,quantum,2,0.5555555555555556,0.6,"{""clf__C"": 10.0, ""clf__gamma_mult"": 1.0}",27.37791610000022
69,quantum/Bures-RBF-ref-SVM,quantum,3,0.3333333333333333,0.5,"{""clf__C"": 1.0, ""clf__gamma_mult"": 1.0}",27.37791610000022
69,quantum/Bures-RBF-ref-SVM,quantum,4,0.5555555555555556,0.55,"{""clf__C"": 10.0, ""clf__gamma_mult"": 1.0}",27.37791610000022
69,quantum/Bures-RBF-ref-SVM,quantum,5,0.6666666666666666,0.6,"{""clf__C"": 10.0, ""clf__gamma_mult"": 4.0}",27.37791610000022
69,quantum/Bures-RBF-ref-SVM,quantum,6,0.2222222222222222,0.14999999999999997,"{""clf__C"": 10.0, ""clf__gamma_mult"": 0.25}",27.37791610000022
69,quantum/Bures-RBF-ref-SVM,quantum,7,0.5555555555555556,0.65,"{""clf__C"": 0.1, ""clf__gamma_mult"": 0.25}",27.37791610000022
69,quantum/Bures-RBF-ref-SVM,quantum,8,0.4444444444444444,0.5,"{""clf__C"": 1.0, ""clf__gamma_mult"": 1.0}",27.37791610000022
69,quantum/Bures-RBF-ref-SVM,quantum,9,0.4444444444444444,0.5,"{""clf__C"": 0.1, ""clf__gamma_mult"": 0.25}",27.37791610000022
69,quantum/Bures-RBF-ref-SVM,quantum,10,0.5555555555555556,0.44999999999999996,"{""clf__C"": 10.0, ""clf__gamma_mult"": 0.25}",27.37791610000022
69,quantum/Bures-RBF-ref-SVM,quantum,11,0.4444444444444444,0.39999999999999997,"{""clf__C"": 1.0, ""clf__gamma_mult"": 1.0}",27.37791610000022
69,quantum/Bures-RBF-ref-SVM,quantum,12,0.5555555555555556,0.7,"{""clf__C"": 0.1, ""clf__gamma_mult"": 0.25}",27.37791610000022
69,quantum/Bures-RBF-ref-SVM,quantum,13,0.5555555555555556,0.55,"{""clf__C"": 10.0, ""clf__gamma_mult"": 1.0}",27.37791610000022
69,quantum/Bures-RBF-ref-SVM,quantum,14,0.2222222222222222,0.25,"{""clf__C"": 10.0, ""clf__gamma_mult"": 0.25}",27.37791610000022
69,quantum/QRE-RBF-ref-SVM,quantum,0,0.7777777777777778,0.65,"{""clf__C"": 10.0, ""clf__gamma_mult"": 0.25}",20.686643999999433
69,quantum/QRE-RBF-ref-SVM,quantum,1,0.5555555555555556,0.3,"{""clf__C"": 1.0, ""clf__gamma_mult"": 4.0}",20.686643999999433
69,quantum/QRE-RBF-ref-SVM,quantum,2,0.5555555555555556,0.55,"{""clf__C"": 10.0, ""clf__gamma_mult"": 0.25}",20.686643999999433
69,quantum/QRE-RBF-ref-SVM,quantum,3,0.3333333333333333,0.5,"{""clf__C"": 1.0, ""clf__gamma_mult"": 1.0}",20.686643999999433
69,quantum/QRE-RBF-ref-SVM,quantum,4,0.5555555555555556,0.55,"{""clf__C"": 10.0, ""clf__gamma_mult"": 1.0}",20.686643999999433
69,quantum/QRE-RBF-ref-SVM,quantum,5,0.6666666666666666,0.6,"{""clf__C"": 10.0, ""clf__gamma_mult"": 4.0}",20.686643999999433
69,quantum/QRE-RBF-ref-SVM,quantum,6,0.2222222222222222,0.14999999999999997,"{""clf__C"": 10.0, ""clf__gamma_mult"": 0.25}",20.686643999999433
69,quantum/QRE-RBF-ref-SVM,quantum,7,0.5555555555555556,0.65,"{""clf__C"": 0.1, ""clf__gamma_mult"": 0.25}",20.686643999999433
69,quantum/QRE-RBF-ref-SVM,quantum,8,0.4444444444444444,0.5,"{""clf__C"": 1.0, ""clf__gamma_mult"": 1.0}",20.686643999999433
69,quantum/QRE-RBF-ref-SVM,quantum,9,0.4444444444444444,0.5,"{""clf__C"": 0.1, ""clf__gamma_mult"": 0.25}",20.686643999999433
69,quantum/QRE-RBF-ref-SVM,quantum,10,0.5555555555555556,0.44999999999999996,"{""clf__C"": 10.0, ""clf__gamma_mult"": 0.25}",20.686643999999433
69,quantum/QRE-RBF-ref-SVM,quantum,11,0.4444444444444444,0.39999999999999997,"{""clf__C"": 1.0, ""clf__gamma_mult"": 1.0}",20.686643999999433
69,quantum/QRE-RBF-ref-SVM,quantum,12,0.5555555555555556,0.8,"{""clf__C"": 10.0, ""clf__gamma_mult"": 0.25}",20.686643999999433
69,quantum/QRE-RBF-ref-SVM,quantum,13,0.5555555555555556,0.55,"{""clf__C"": 10.0, ""clf__gamma_mult"": 1.0}",20.686643999999433
69,quantum/QRE-RBF-ref-SVM,quantum,14,0.3333333333333333,0.2,"{""clf__C"": 10.0, ""clf__gamma_mult"": 0.25}",20.686643999999433
69,quantum/IQP-kernel-SVM,quantum,0,0.5555555555555556,0.7,"{""clf__C"": 1.0, ""clf__scale"": 0.5}",25.148547300000246
69,quantum/IQP-kernel-SVM,quantum,1,0.4444444444444444,0.39999999999999997,"{""clf__C"": 10.0, ""clf__scale"": 2.0}",25.148547300000246
69,quantum/IQP-kernel-SVM,quantum,2,0.4444444444444444,0.55,"{""clf__C"": 10.0, ""clf__scale"": 0.5}",25.148547300000246
69,quantum/IQP-kernel-SVM,quantum,3,0.6666666666666666,0.6000000000000001,"{""clf__C"": 1.0, ""clf__scale"": 0.5}",25.148547300000246
69,quantum/IQP-kernel-SVM,quantum,4,0.6666666666666666,0.8,"{""clf__C"": 1.0, ""clf__scale"": 0.5}",25.148547300000246
69,quantum/IQP-kernel-SVM,quantum,5,0.5555555555555556,0.8500000000000001,"{""clf__C"": 1.0, ""clf__scale"": 1.0}",25.148547300000246
69,quantum/IQP-kernel-SVM,quantum,6,0.5555555555555556,0.35,"{""clf__C"": 1.0, ""clf__scale"": 0.5}",25.148547300000246
69,quantum/IQP-kernel-SVM,quantum,7,0.6666666666666666,0.6000000000000001,"{""clf__C"": 10.0, ""clf__scale"": 2.0}",25.148547300000246
69,quantum/IQP-kernel-SVM,quantum,8,0.7777777777777778,0.85,"{""clf__C"": 1.0, ""clf__scale"": 2.0}",25.148547300000246
69,quantum/IQP-kernel-SVM,quantum,9,0.4444444444444444,0.6,"{""clf__C"": 10.0, ""clf__scale"": 2.0}",25.148547300000246
69,quantum/IQP-kernel-SVM,quantum,10,0.5555555555555556,0.44999999999999996,"{""clf__C"": 1.0, ""clf__scale"": 0.5}",25.148547300000246
69,quantum/IQP-kernel-SVM,quantum,11,0.5555555555555556,0.49999999999999994,"{""clf__C"": 10.0, ""clf__scale"": 1.0}",25.148547300000246
69,quantum/IQP-kernel-SVM,quantum,12,0.6666666666666666,0.9500000000000001,"{""clf__C"": 10.0, ""clf__scale"": 2.0}",25.148547300000246
69,quantum/IQP-kernel-SVM,quantum,13,0.8888888888888888,0.8,"{""clf__C"": 10.0, ""clf__scale"": 0.5}",25.148547300000246
69,quantum/IQP-kernel-SVM,quantum,14,0.4444444444444444,0.9,"{""clf__C"": 0.1, ""clf__scale"": 0.5}",25.148547300000246
69,quantum/CNOT-kernel-SVM,quantum,0,0.2222222222222222,0.25,"{""clf__C"": 10.0, ""clf__scale"": 0.5}",22.99237230000017
69,quantum/CNOT-kernel-SVM,quantum,1,0.3333333333333333,0.19999999999999998,"{""clf__C"": 1.0, ""clf__scale"": 1.0}",22.99237230000017
69,quantum/CNOT-kernel-SVM,quantum,2,0.4444444444444444,0.5,"{""clf__C"": 1.0, ""clf__scale"": 2.0}",22.99237230000017
69,quantum/CNOT-kernel-SVM,quantum,3,0.6666666666666666,0.55,"{""clf__C"": 1.0, ""clf__scale"": 0.5}",22.99237230000017
69,quantum/CNOT-kernel-SVM,quantum,4,0.5555555555555556,0.5499999999999999,"{""clf__C"": 10.0, ""clf__scale"": 0.5}",22.99237230000017
69,quantum/CNOT-kernel-SVM,quantum,5,0.7777777777777778,0.8,"{""clf__C"": 10.0, ""clf__scale"": 0.5}",22.99237230000017
69,quantum/CNOT-kernel-SVM,quantum,6,0.4444444444444444,0.24999999999999997,"{""clf__C"": 10.0, ""clf__scale"": 0.5}",22.99237230000017
69,quantum/CNOT-kernel-SVM,quantum,7,0.4444444444444444,0.45,"{""clf__C"": 10.0, ""clf__scale"": 2.0}",22.99237230000017
69,quantum/CNOT-kernel-SVM,quantum,8,0.5555555555555556,0.65,"{""clf__C"": 1.0, ""clf__scale"": 0.5}",22.99237230000017
69,quantum/CNOT-kernel-SVM,quantum,9,0.3333333333333333,0.25,"{""clf__C"": 10.0, ""clf__scale"": 1.0}",22.99237230000017
69,quantum/CNOT-kernel-SVM,quantum,10,0.5555555555555556,0.45,"{""clf__C"": 1.0, ""clf__scale"": 1.0}",22.99237230000017
69,quantum/CNOT-kernel-SVM,quantum,11,0.5555555555555556,0.5499999999999999,"{""clf__C"": 1.0, ""clf__scale"": 0.5}",22.99237230000017
69,quantum/CNOT-kernel-SVM,quantum,12,0.6666666666666666,0.85,"{""clf__C"": 10.0, ""clf__scale"": 1.0}",22.99237230000017
69,quantum/CNOT-kernel-SVM,quantum,13,0.7777777777777778,0.7,"{""clf__C"": 10.0, ""clf__scale"": 2.0}",22.99237230000017
69,quantum/CNOT-kernel-SVM,quantum,14,0.3333333333333333,0.75,"{""clf__C"": 1.0, ""clf__scale"": 2.0}",22.99237230000017
69,control/IQP-no-entangle,control,0,0.2222222222222222,0.35,"{""clf__C"": 1.0, ""clf__scale"": 1.0}",21.7682206999998
69,control/IQP-no-entangle,control,1,0.2222222222222222,0.35,"{""clf__C"": 10.0, ""clf__scale"": 1.0}",21.7682206999998
69,control/IQP-no-entangle,control,2,0.4444444444444444,0.45,"{""clf__C"": 10.0, ""clf__scale"": 2.0}",21.7682206999998
69,control/IQP-no-entangle,control,3,0.6666666666666666,0.6000000000000001,"{""clf__C"": 1.0, ""clf__scale"": 1.0}",21.7682206999998
69,control/IQP-no-entangle,control,4,0.4444444444444444,0.7,"{""clf__C"": 10.0, ""clf__scale"": 0.5}",21.7682206999998
69,control/IQP-no-entangle,control,5,0.5555555555555556,0.6499999999999999,"{""clf__C"": 10.0, ""clf__scale"": 2.0}",21.7682206999998
69,control/IQP-no-entangle,control,6,0.2222222222222222,0.4,"{""clf__C"": 10.0, ""clf__scale"": 1.0}",21.7682206999998
69,control/IQP-no-entangle,control,7,0.5555555555555556,0.4,"{""clf__C"": 10.0, ""clf__scale"": 2.0}",21.7682206999998
69,control/IQP-no-entangle,control,8,0.5555555555555556,0.7,"{""clf__C"": 1.0, ""clf__scale"": 0.5}",21.7682206999998
69,control/IQP-no-entangle,control,9,0.4444444444444444,0.25,"{""clf__C"": 10.0, ""clf__scale"": 1.0}",21.7682206999998
69,control/IQP-no-entangle,control,10,0.4444444444444444,0.39999999999999997,"{""clf__C"": 1.0, ""clf__scale"": 0.5}",21.7682206999998
69,control/IQP-no-entangle,control,11,0.5555555555555556,0.6500000000000001,"{""clf__C"": 1.0, ""clf__scale"": 1.0}",21.7682206999998
69,control/IQP-no-entangle,control,12,0.6666666666666666,0.8,"{""clf__C"": 10.0, ""clf__scale"": 1.0}",21.7682206999998
69,control/IQP-no-entangle,control,13,0.7777777777777778,0.85,"{""clf__C"": 10.0, ""clf__scale"": 0.5}",21.7682206999998
69,control/IQP-no-entangle,control,14,0.5555555555555556,0.75,"{""clf__C"": 10.0, ""clf__scale"": 1.0}",21.7682206999998
69,control/PCA-matched-RBF,control,0,0.2222222222222222,0.4,"{""clf__C"": 10.0, ""clf__gamma"": 0.1}",18.255106999999953
69,control/PCA-matched-RBF,control,1,0.3333333333333333,0.44999999999999996,"{""clf__C"": 10.0, ""clf__gamma"": 0.1}",18.255106999999953
69,control/PCA-matched-RBF,control,2,0.5555555555555556,0.7000000000000001,"{""clf__C"": 10.0, ""clf__gamma"": 0.01}",18.255106999999953
69,control/PCA-matched-RBF,control,3,0.5555555555555556,0.4,"{""clf__C"": 10.0, ""clf__gamma"": 0.01}",18.255106999999953
69,control/PCA-matched-RBF,control,4,0.6666666666666666,0.7,"{""clf__C"": 10.0, ""clf__gamma"": ""scale""}",18.255106999999953
69,control/PCA-matched-RBF,control,5,0.5555555555555556,0.8,"{""clf__C"": 0.1, ""clf__gamma"": ""scale""}",18.255106999999953
69,control/PCA-matched-RBF,control,6,0.2222222222222222,0.19999999999999996,"{""clf__C"": 10.0, ""clf__gamma"": 0.01}",18.255106999999953
69,control/PCA-matched-RBF,control,7,0.6666666666666666,0.6,"{""clf__C"": 10.0, ""clf__gamma"": 0.01}",18.255106999999953
69,control/PCA-matched-RBF,control,8,0.7777777777777778,0.9,"{""clf__C"": 10.0, ""clf__gamma"": ""scale""}",18.255106999999953
69,control/PCA-matched-RBF,control,9,0.3333333333333333,0.35,"{""clf__C"": 1.0, ""clf__gamma"": ""scale""}",18.255106999999953
69,control/PCA-matched-RBF,control,10,0.5555555555555556,0.39999999999999997,"{""clf__C"": 1.0, ""clf__gamma"": ""scale""}",18.255106999999953
69,control/PCA-matched-RBF,control,11,0.4444444444444444,0.5499999999999999,"{""clf__C"": 10.0, ""clf__gamma"": 0.01}",18.255106999999953
69,control/PCA-matched-RBF,control,12,0.6666666666666666,0.8,"{""clf__C"": 10.0, ""clf__gamma"": ""scale""}",18.255106999999953
69,control/PCA-matched-RBF,control,13,0.5555555555555556,0.9,"{""clf__C"": 10.0, ""clf__gamma"": ""scale""}",18.255106999999953
69,control/PCA-matched-RBF,control,14,0.5555555555555556,0.7,"{""clf__C"": 10.0, ""clf__gamma"": ""scale""}",18.255106999999953
69,control/PCA-matched-linear,control,0,0.3333333333333333,0.25,"{""clf__C"": 1.0}",6.523847499999647
69,control/PCA-matched-linear,control,1,0.5555555555555556,0.6,"{""clf__C"": 10.0}",6.523847499999647
69,control/PCA-matched-linear,control,2,0.5555555555555556,0.7000000000000001,"{""clf__C"": 1.0}",6.523847499999647
69,control/PCA-matched-linear,control,3,0.3333333333333333,0.5,"{""clf__C"": 1.0}",6.523847499999647
69,control/PCA-matched-linear,control,4,0.6666666666666666,0.65,"{""clf__C"": 10.0}",6.523847499999647
69,control/PCA-matched-linear,control,5,0.5555555555555556,0.8500000000000001,"{""clf__C"": 0.1}",6.523847499999647
69,control/PCA-matched-linear,control,6,0.4444444444444444,0.19999999999999996,"{""clf__C"": 10.0}",6.523847499999647
69,control/PCA-matched-linear,control,7,0.5555555555555556,0.65,"{""clf__C"": 1.0}",6.523847499999647
69,control/PCA-matched-linear,control,8,0.5555555555555556,0.65,"{""clf__C"": 10.0}",6.523847499999647
69,control/PCA-matched-linear,control,9,0.4444444444444444,0.4,"{""clf__C"": 0.1}",6.523847499999647
69,control/PCA-matched-linear,control,10,0.4444444444444444,0.35,"{""clf__C"": 10.0}",6.523847499999647
69,control/PCA-matched-linear,control,11,0.5555555555555556,0.5,"{""clf__C"": 1.0}",6.523847499999647
69,control/PCA-matched-linear,control,12,0.5555555555555556,0.85,"{""clf__C"": 0.1}",6.523847499999647
69,control/PCA-matched-linear,control,13,0.5555555555555556,0.4,"{""clf__C"": 1.0}",6.523847499999647
69,control/PCA-matched-linear,control,14,0.4444444444444444,0.49999999999999994,"{""clf__C"": 1.0}",6.523847499999647
69,control/logeuclid-TS+LR,control,0,0.3333333333333333,0.4,"{""clf__C"": 0.1}",5.225316199999725
69,control/logeuclid-TS+LR,control,1,0.6666666666666666,0.8,"{""clf__C"": 0.1}",5.225316199999725
69,control/logeuclid-TS+LR,control,2,0.5555555555555556,0.75,"{""clf__C"": 0.1}",5.225316199999725
69,control/logeuclid-TS+LR,control,3,0.5555555555555556,0.5,"{""clf__C"": 1.0}",5.225316199999725
69,control/logeuclid-TS+LR,control,4,0.5555555555555556,0.5,"{""clf__C"": 0.1}",5.225316199999725
69,control/logeuclid-TS+LR,control,5,0.5555555555555556,0.5,"{""clf__C"": 0.1}",5.225316199999725
69,control/logeuclid-TS+LR,control,6,0.4444444444444444,0.39999999999999997,"{""clf__C"": 0.1}",5.225316199999725
69,control/logeuclid-TS+LR,control,7,0.6666666666666666,0.5499999999999999,"{""clf__C"": 0.1}",5.225316199999725
69,control/logeuclid-TS+LR,control,8,0.5555555555555556,0.45,"{""clf__C"": 0.1}",5.225316199999725
69,control/logeuclid-TS+LR,control,9,0.4444444444444444,0.55,"{""clf__C"": 0.1}",5.225316199999725
69,control/logeuclid-TS+LR,control,10,0.4444444444444444,0.39999999999999997,"{""clf__C"": 0.1}",5.225316199999725
69,control/logeuclid-TS+LR,control,11,0.4444444444444444,0.39999999999999997,"{""clf__C"": 0.1}",5.225316199999725
69,control/logeuclid-TS+LR,control,12,0.2222222222222222,0.35,"{""clf__C"": 10.0}",5.225316199999725
69,control/logeuclid-TS+LR,control,13,0.4444444444444444,0.35,"{""clf__C"": 1.0}",5.225316199999725
69,control/logeuclid-TS+LR,control,14,0.5555555555555556,0.65,"{""clf__C"": 0.1}",5.225316199999725
69,control/riemann-kernel-SVM,control,0,0.3333333333333333,0.49999999999999994,"{""clf__C"": 1.0}",6.475888099999793
69,control/riemann-kernel-SVM,control,1,0.4444444444444444,0.55,"{""clf__C"": 1.0}",6.475888099999793
69,control/riemann-kernel-SVM,control,2,0.5555555555555556,0.75,"{""clf__C"": 0.1}",6.475888099999793
69,control/riemann-kernel-SVM,control,3,0.4444444444444444,0.55,"{""clf__C"": 0.1}",6.475888099999793
69,control/riemann-kernel-SVM,control,4,0.4444444444444444,0.75,"{""clf__C"": 0.1}",6.475888099999793
69,control/riemann-kernel-SVM,control,5,0.5555555555555556,0.8,"{""clf__C"": 0.1}",6.475888099999793
69,control/riemann-kernel-SVM,control,6,0.2222222222222222,0.04999999999999999,"{""clf__C"": 1.0}",6.475888099999793
69,control/riemann-kernel-SVM,control,7,0.6666666666666666,0.6,"{""clf__C"": 0.1}",6.475888099999793
69,control/riemann-kernel-SVM,control,8,0.2222222222222222,0.24999999999999997,"{""clf__C"": 10.0}",6.475888099999793
69,control/riemann-kernel-SVM,control,9,0.4444444444444444,0.55,"{""clf__C"": 0.1}",6.475888099999793
69,control/riemann-kernel-SVM,control,10,0.5555555555555556,0.44999999999999996,"{""clf__C"": 1.0}",6.475888099999793
69,control/riemann-kernel-SVM,control,11,0.4444444444444444,0.45000000000000007,"{""clf__C"": 0.1}",6.475888099999793
69,control/riemann-kernel-SVM,control,12,0.6666666666666666,0.8,"{""clf__C"": 1.0}",6.475888099999793
69,control/riemann-kernel-SVM,control,13,0.4444444444444444,0.6,"{""clf__C"": 0.1}",6.475888099999793
69,control/riemann-kernel-SVM,control,14,0.2222222222222222,0.15000000000000002,"{""clf__C"": 10.0}",6.475888099999793
69,control/logeuclid-kernel-SVM,control,0,0.3333333333333333,0.35000000000000003,"{""clf__C"": 1.0}",6.3294457000001785
69,control/logeuclid-kernel-SVM,control,1,0.4444444444444444,0.49999999999999994,"{""clf__C"": 1.0}",6.3294457000001785
69,control/logeuclid-kernel-SVM,control,2,0.5555555555555556,0.6,"{""clf__C"": 1.0}",6.3294457000001785
69,control/logeuclid-kernel-SVM,control,3,0.4444444444444444,0.6,"{""clf__C"": 0.1}",6.3294457000001785
69,control/logeuclid-kernel-SVM,control,4,0.4444444444444444,0.5,"{""clf__C"": 10.0}",6.3294457000001785
69,control/logeuclid-kernel-SVM,control,5,0.4444444444444444,0.55,"{""clf__C"": 1.0}",6.3294457000001785
69,control/logeuclid-kernel-SVM,control,6,0.2222222222222222,0.2,"{""clf__C"": 1.0}",6.3294457000001785
69,control/logeuclid-kernel-SVM,control,7,0.6666666666666666,0.6,"{""clf__C"": 0.1}",6.3294457000001785
69,control/logeuclid-kernel-SVM,control,8,0.5555555555555556,0.55,"{""clf__C"": 0.1}",6.3294457000001785
69,control/logeuclid-kernel-SVM,control,9,0.4444444444444444,0.55,"{""clf__C"": 1.0}",6.3294457000001785
69,control/logeuclid-kernel-SVM,control,10,0.5555555555555556,0.5,"{""clf__C"": 10.0}",6.3294457000001785
69,control/logeuclid-kernel-SVM,control,11,0.3333333333333333,0.35,"{""clf__C"": 1.0}",6.3294457000001785
69,control/logeuclid-kernel-SVM,control,12,0.6666666666666666,0.8,"{""clf__C"": 1.0}",6.3294457000001785
69,control/logeuclid-kernel-SVM,control,13,0.4444444444444444,0.6,"{""clf__C"": 0.1}",6.3294457000001785
69,control/logeuclid-kernel-SVM,control,14,0.1111111111111111,0.2,"{""clf__C"": 10.0}",6.3294457000001785
70,classical/logvar+LDA,classical,0,0.4444444444444444,0.5,{},0.11493269999937183
70,classical/logvar+LDA,classical,1,0.3333333333333333,0.45000000000000007,{},0.11493269999937183
70,classical/logvar+LDA,classical,2,0.6666666666666666,0.8,{},0.11493269999937183
70,classical/logvar+LDA,classical,3,0.5555555555555556,0.55,{},0.11493269999937183
70,classical/logvar+LDA,classical,4,0.7777777777777778,0.65,{},0.11493269999937183
70,classical/logvar+LDA,classical,5,0.5555555555555556,0.5,{},0.11493269999937183
70,classical/logvar+LDA,classical,6,0.5555555555555556,0.5,{},0.11493269999937183
70,classical/logvar+LDA,classical,7,0.3333333333333333,0.25,{},0.11493269999937183
70,classical/logvar+LDA,classical,8,0.3333333333333333,0.39999999999999997,{},0.11493269999937183
70,classical/logvar+LDA,classical,9,0.5555555555555556,0.49999999999999994,{},0.11493269999937183
70,classical/logvar+LDA,classical,10,0.3333333333333333,0.2,{},0.11493269999937183
70,classical/logvar+LDA,classical,11,0.5555555555555556,0.7,{},0.11493269999937183
70,classical/logvar+LDA,classical,12,0.6666666666666666,0.65,{},0.11493269999937183
70,classical/logvar+LDA,classical,13,0.4444444444444444,0.7000000000000001,{},0.11493269999937183
70,classical/logvar+LDA,classical,14,0.5555555555555556,0.6,{},0.11493269999937183
70,classical/CSP+LDA,classical,0,1.0,1.0,"{""csp__nfilter"": 6}",4.2100343000001885
70,classical/CSP+LDA,classical,1,0.5555555555555556,0.7,"{""csp__nfilter"": 2}",4.2100343000001885
70,classical/CSP+LDA,classical,2,0.7777777777777778,0.95,"{""csp__nfilter"": 6}",4.2100343000001885
70,classical/CSP+LDA,classical,3,0.8888888888888888,1.0,"{""csp__nfilter"": 2}",4.2100343000001885
70,classical/CSP+LDA,classical,4,1.0,1.0,"{""csp__nfilter"": 4}",4.2100343000001885
70,classical/CSP+LDA,classical,5,0.7777777777777778,0.95,"{""csp__nfilter"": 4}",4.2100343000001885
70,classical/CSP+LDA,classical,6,0.8888888888888888,1.0,"{""csp__nfilter"": 4}",4.2100343000001885
70,classical/CSP+LDA,classical,7,0.8888888888888888,0.9,"{""csp__nfilter"": 6}",4.2100343000001885
70,classical/CSP+LDA,classical,8,0.8888888888888888,0.9500000000000001,"{""csp__nfilter"": 6}",4.2100343000001885
70,classical/CSP+LDA,classical,9,0.8888888888888888,0.9,"{""csp__nfilter"": 4}",4.2100343000001885
70,classical/CSP+LDA,classical,10,0.6666666666666666,1.0,"{""csp__nfilter"": 4}",4.2100343000001885
70,classical/CSP+LDA,classical,11,0.7777777777777778,0.95,"{""csp__nfilter"": 2}",4.2100343000001885
70,classical/CSP+LDA,classical,12,0.6666666666666666,0.8,"{""csp__nfilter"": 4}",4.2100343000001885
70,classical/CSP+LDA,classical,13,1.0,1.0,"{""csp__nfilter"": 4}",4.2100343000001885
70,classical/CSP+LDA,classical,14,0.7777777777777778,0.9,"{""csp__nfilter"": 2}",4.2100343000001885
70,classical/MDM,classical,0,1.0,1.0,{},0.605819700000211
70,classical/MDM,classical,1,0.7777777777777778,0.75,{},0.605819700000211
70,classical/MDM,classical,2,1.0,1.0,{},0.605819700000211
70,classical/MDM,classical,3,0.7777777777777778,1.0,{},0.605819700000211
70,classical/MDM,classical,4,0.8888888888888888,1.0,{},0.605819700000211
70,classical/MDM,classical,5,0.8888888888888888,0.95,{},0.605819700000211
70,classical/MDM,classical,6,0.8888888888888888,0.95,{},0.605819700000211
70,classical/MDM,classical,7,0.8888888888888888,1.0,{},0.605819700000211
70,classical/MDM,classical,8,0.8888888888888888,1.0,{},0.605819700000211
70,classical/MDM,classical,9,0.6666666666666666,0.9,{},0.605819700000211
70,classical/MDM,classical,10,0.7777777777777778,1.0,{},0.605819700000211
70,classical/MDM,classical,11,0.7777777777777778,0.95,{},0.605819700000211
70,classical/MDM,classical,12,0.7777777777777778,0.95,{},0.605819700000211
70,classical/MDM,classical,13,1.0,1.0,{},0.605819700000211
70,classical/MDM,classical,14,0.8888888888888888,0.9500000000000001,{},0.605819700000211
70,classical/TS+LR,classical,0,1.0,1.0,"{""clf__C"": 0.1}",6.398912999999993
70,classical/TS+LR,classical,1,0.7777777777777778,0.9,"{""clf__C"": 10.0}",6.398912999999993
70,classical/TS+LR,classical,2,1.0,1.0,"{""clf__C"": 0.1}",6.398912999999993
70,classical/TS+LR,classical,3,0.8888888888888888,1.0,"{""clf__C"": 0.1}",6.398912999999993
70,classical/TS+LR,classical,4,0.8888888888888888,0.9500000000000001,"{""clf__C"": 10.0}",6.398912999999993
70,classical/TS+LR,classical,5,0.8888888888888888,0.95,"{""clf__C"": 1.0}",6.398912999999993
70,classical/TS+LR,classical,6,0.8888888888888888,0.8500000000000001,"{""clf__C"": 10.0}",6.398912999999993
70,classical/TS+LR,classical,7,1.0,1.0,"{""clf__C"": 0.1}",6.398912999999993
70,classical/TS+LR,classical,8,0.7777777777777778,0.9500000000000001,"{""clf__C"": 10.0}",6.398912999999993
70,classical/TS+LR,classical,9,0.6666666666666666,0.9,"{""clf__C"": 0.1}",6.398912999999993
70,classical/TS+LR,classical,10,1.0,1.0,"{""clf__C"": 0.1}",6.398912999999993
70,classical/TS+LR,classical,11,0.7777777777777778,0.95,"{""clf__C"": 0.1}",6.398912999999993
70,classical/TS+LR,classical,12,0.8888888888888888,1.0,"{""clf__C"": 0.1}",6.398912999999993
70,classical/TS+LR,classical,13,1.0,1.0,"{""clf__C"": 0.1}",6.398912999999993
70,classical/TS+LR,classical,14,0.7777777777777778,0.9500000000000001,"{""clf__C"": 0.1}",6.398912999999993
70,classical/TS+RBF-SVM,classical,0,1.0,1.0,"{""clf__C"": 1.0, ""clf__gamma"": 0.01}",17.398587799999405
70,classical/TS+RBF-SVM,classical,1,0.7777777777777778,0.9,"{""clf__C"": 10.0, ""clf__gamma"": ""scale""}",17.398587799999405
70,classical/TS+RBF-SVM,classical,2,1.0,1.0,"{""clf__C"": 10.0, ""clf__gamma"": ""scale""}",17.398587799999405
70,classical/TS+RBF-SVM,classical,3,0.7777777777777778,1.0,"{""clf__C"": 10.0, ""clf__gamma"": ""scale""}",17.398587799999405
70,classical/TS+RBF-SVM,classical,4,0.7777777777777778,0.9,"{""clf__C"": 10.0, ""clf__gamma"": 0.01}",17.398587799999405
70,classical/TS+RBF-SVM,classical,5,0.8888888888888888,0.95,"{""clf__C"": 10.0, ""clf__gamma"": ""scale""}",17.398587799999405
70,classical/TS+RBF-SVM,classical,6,0.8888888888888888,1.0,"{""clf__C"": 10.0, ""clf__gamma"": 0.01}",17.398587799999405
70,classical/TS+RBF-SVM,classical,7,1.0,1.0,"{""clf__C"": 10.0, ""clf__gamma"": ""scale""}",17.398587799999405
70,classical/TS+RBF-SVM,classical,8,0.7777777777777778,0.9500000000000001,"{""clf__C"": 10.0, ""clf__gamma"": 0.01}",17.398587799999405
70,classical/TS+RBF-SVM,classical,9,0.7777777777777778,0.8500000000000001,"{""clf__C"": 10.0, ""clf__gamma"": ""scale""}",17.398587799999405
70,classical/TS+RBF-SVM,classical,10,1.0,1.0,"{""clf__C"": 1.0, ""clf__gamma"": ""scale""}",17.398587799999405
70,classical/TS+RBF-SVM,classical,11,0.7777777777777778,0.95,"{""clf__C"": 10.0, ""clf__gamma"": ""scale""}",17.398587799999405
70,classical/TS+RBF-SVM,classical,12,0.8888888888888888,1.0,"{""clf__C"": 10.0, ""clf__gamma"": 0.01}",17.398587799999405
70,classical/TS+RBF-SVM,classical,13,1.0,1.0,"{""clf__C"": 10.0, ""clf__gamma"": ""scale""}",17.398587799999405
70,classical/TS+RBF-SVM,classical,14,0.6666666666666666,0.9500000000000001,"{""clf__C"": 10.0, ""clf__gamma"": ""scale""}",17.398587799999405
70,quantum/HS-overlap-SVM,quantum,0,0.6666666666666666,0.6500000000000001,"{""clf__C"": 0.1}",4.4558656999997766
70,quantum/HS-overlap-SVM,quantum,1,0.4444444444444444,0.35000000000000003,"{""clf__C"": 0.1}",4.4558656999997766
70,quantum/HS-overlap-SVM,quantum,2,0.6666666666666666,0.6,"{""clf__C"": 0.1}",4.4558656999997766
70,quantum/HS-overlap-SVM,quantum,3,0.4444444444444444,0.55,"{""clf__C"": 0.1}",4.4558656999997766
70,quantum/HS-overlap-SVM,quantum,4,0.4444444444444444,0.75,"{""clf__C"": 0.1}",4.4558656999997766
70,quantum/HS-overlap-SVM,quantum,5,0.3333333333333333,0.30000000000000004,"{""clf__C"": 0.1}",4.4558656999997766
70,quantum/HS-overlap-SVM,quantum,6,0.4444444444444444,0.45,"{""clf__C"": 0.1}",4.4558656999997766
70,quantum/HS-overlap-SVM,quantum,7,0.7777777777777778,0.75,"{""clf__C"": 0.1}",4.4558656999997766
70,quantum/HS-overlap-SVM,quantum,8,0.4444444444444444,0.7,"{""clf__C"": 0.1}",4.4558656999997766
70,quantum/HS-overlap-SVM,quantum,9,0.4444444444444444,0.7,"{""clf__C"": 0.1}",4.4558656999997766
70,quantum/HS-overlap-SVM,quantum,10,0.5555555555555556,0.45,"{""clf__C"": 0.1}",4.4558656999997766
70,quantum/HS-overlap-SVM,quantum,11,0.5555555555555556,0.55,"{""clf__C"": 0.1}",4.4558656999997766
70,quantum/HS-overlap-SVM,quantum,12,0.6666666666666666,0.7,"{""clf__C"": 0.1}",4.4558656999997766
70,quantum/HS-overlap-SVM,quantum,13,0.4444444444444444,0.6,"{""clf__C"": 0.1}",4.4558656999997766
70,quantum/HS-overlap-SVM,quantum,14,0.4444444444444444,0.6,"{""clf__C"": 0.1}",4.4558656999997766
70,quantum/Fidelity-SVM,quantum,0,0.4444444444444444,0.5,"{""clf__C"": 10.0}",7.570937200000117
70,quantum/Fidelity-SVM,quantum,1,0.6666666666666666,0.6,"{""clf__C"": 0.1}",7.570937200000117
70,quantum/Fidelity-SVM,quantum,2,1.0,1.0,"{""clf__C"": 0.1}",7.570937200000117
70,quantum/Fidelity-SVM,quantum,3,0.4444444444444444,0.7,"{""clf__C"": 0.1}",7.570937200000117
70,quantum/Fidelity-SVM,quantum,4,0.4444444444444444,0.65,"{""clf__C"": 0.1}",7.570937200000117
70,quantum/Fidelity-SVM,quantum,5,0.6666666666666666,0.8,"{""clf__C"": 0.1}",7.570937200000117
70,quantum/Fidelity-SVM,quantum,6,0.6666666666666666,0.6000000000000001,"{""clf__C"": 10.0}",7.570937200000117
70,quantum/Fidelity-SVM,quantum,7,0.7777777777777778,0.95,"{""clf__C"": 0.1}",7.570937200000117
70,quantum/Fidelity-SVM,quantum,8,0.5555555555555556,0.5,"{""clf__C"": 10.0}",7.570937200000117
70,quantum/Fidelity-SVM,quantum,9,0.3333333333333333,0.45,"{""clf__C"": 10.0}",7.570937200000117
70,quantum/Fidelity-SVM,quantum,10,0.3333333333333333,0.6000000000000001,"{""clf__C"": 10.0}",7.570937200000117
70,quantum/Fidelity-SVM,quantum,11,0.6666666666666666,0.75,"{""clf__C"": 10.0}",7.570937200000117
70,quantum/Fidelity-SVM,quantum,12,0.3333333333333333,0.5,"{""clf__C"": 0.1}",7.570937200000117
70,quantum/Fidelity-SVM,quantum,13,0.4444444444444444,0.85,"{""clf__C"": 0.1}",7.570937200000117
70,quantum/Fidelity-SVM,quantum,14,0.4444444444444444,0.65,"{""clf__C"": 10.0}",7.570937200000117
70,quantum/HS-RBF-SVM,quantum,0,0.6666666666666666,0.55,"{""clf__C"": 10.0, ""clf__gamma_mult"": 0.25}",12.378035899999304
70,quantum/HS-RBF-SVM,quantum,1,0.6666666666666666,0.7,"{""clf__C"": 1.0, ""clf__gamma_mult"": 0.25}",12.378035899999304
70,quantum/HS-RBF-SVM,quantum,2,0.7777777777777778,1.0,"{""clf__C"": 10.0, ""clf__gamma_mult"": 1.0}",12.378035899999304
70,quantum/HS-RBF-SVM,quantum,3,0.6666666666666666,0.65,"{""clf__C"": 10.0, ""clf__gamma_mult"": 1.0}",12.378035899999304
70,quantum/HS-RBF-SVM,quantum,4,0.3333333333333333,0.55,"{""clf__C"": 10.0, ""clf__gamma_mult"": 4.0}",12.378035899999304
70,quantum/HS-RBF-SVM,quantum,5,0.6666666666666666,0.6000000000000001,"{""clf__C"": 1.0, ""clf__gamma_mult"": 4.0}",12.378035899999304
70,quantum/HS-RBF-SVM,quantum,6,0.5555555555555556,0.8,"{""clf__C"": 10.0, ""clf__gamma_mult"": 1.0}",12.378035899999304
70,quantum/HS-RBF-SVM,quantum,7,0.7777777777777778,0.85,"{""clf__C"": 10.0, ""clf__gamma_mult"": 1.0}",12.378035899999304
70,quantum/HS-RBF-SVM,quantum,8,0.6666666666666666,0.75,"{""clf__C"": 10.0, ""clf__gamma_mult"": 0.25}",12.378035899999304
70,quantum/HS-RBF-SVM,quantum,9,0.5555555555555556,0.55,"{""clf__C"": 1.0, ""clf__gamma_mult"": 0.25}",12.378035899999304
70,quantum/HS-RBF-SVM,quantum,10,0.5555555555555556,0.75,"{""clf__C"": 10.0, ""clf__gamma_mult"": 0.25}",12.378035899999304
70,quantum/HS-RBF-SVM,quantum,11,0.7777777777777778,0.9,"{""clf__C"": 10.0, ""clf__gamma_mult"": 4.0}",12.378035899999304
70,quantum/HS-RBF-SVM,quantum,12,0.5555555555555556,0.5,"{""clf__C"": 10.0, ""clf__gamma_mult"": 1.0}",12.378035899999304
70,quantum/HS-RBF-SVM,quantum,13,0.5555555555555556,0.55,"{""clf__C"": 10.0, ""clf__gamma_mult"": 1.0}",12.378035899999304
70,quantum/HS-RBF-SVM,quantum,14,0.6666666666666666,0.75,"{""clf__C"": 1.0, ""clf__gamma_mult"": 1.0}",12.378035899999304
70,quantum/Bures-RBF-SVM,quantum,0,0.5555555555555556,0.65,"{""clf__C"": 1.0, ""clf__gamma_mult"": 4.0}",19.845901599999706
70,quantum/Bures-RBF-SVM,quantum,1,0.6666666666666666,0.7,"{""clf__C"": 1.0, ""clf__gamma_mult"": 0.25}",19.845901599999706
70,quantum/Bures-RBF-SVM,quantum,2,0.7777777777777778,1.0,"{""clf__C"": 10.0, ""clf__gamma_mult"": 1.0}",19.845901599999706
70,quantum/Bures-RBF-SVM,quantum,3,0.7777777777777778,0.85,"{""clf__C"": 10.0, ""clf__gamma_mult"": 0.25}",19.845901599999706
70,quantum/Bures-RBF-SVM,quantum,4,0.4444444444444444,0.5,"{""clf__C"": 10.0, ""clf__gamma_mult"": 0.25}",19.845901599999706
70,quantum/Bures-RBF-SVM,quantum,5,0.6666666666666666,0.75,"{""clf__C"": 1.0, ""clf__gamma_mult"": 4.0}",19.845901599999706
70,quantum/Bures-RBF-SVM,quantum,6,0.6666666666666666,0.65,"{""clf__C"": 10.0, ""clf__gamma_mult"": 1.0}",19.845901599999706
70,quantum/Bures-RBF-SVM,quantum,7,0.5555555555555556,0.8,"{""clf__C"": 10.0, ""clf__gamma_mult"": 0.25}",19.845901599999706
70,quantum/Bures-RBF-SVM,quantum,8,0.5555555555555556,0.5,"{""clf__C"": 1.0, ""clf__gamma_mult"": 0.25}",19.845901599999706
70,quantum/Bures-RBF-SVM,quantum,9,0.3333333333333333,0.55,"{""clf__C"": 1.0, ""clf__gamma_mult"": 0.25}",19.845901599999706
70,quantum/Bures-RBF-SVM,quantum,10,0.7777777777777778,0.8,"{""clf__C"": 10.0, ""clf__gamma_mult"": 1.0}",19.845901599999706
70,quantum/Bures-RBF-SVM,quantum,11,0.5555555555555556,0.85,"{""clf__C"": 10.0, ""clf__gamma_mult"": 0.25}",19.845901599999706
70,quantum/Bures-RBF-SVM,quantum,12,0.6666666666666666,0.5499999999999999,"{""clf__C"": 10.0, ""clf__gamma_mult"": 1.0}",19.845901599999706
70,quantum/Bures-RBF-SVM,quantum,13,0.5555555555555556,0.5499999999999999,"{""clf__C"": 10.0, ""clf__gamma_mult"": 4.0}",19.845901599999706
70,quantum/Bures-RBF-SVM,quantum,14,0.5555555555555556,0.7,"{""clf__C"": 1.0, ""clf__gamma_mult"": 1.0}",19.845901599999706
70,quantum/QRE-RBF-SVM,quantum,0,0.7777777777777778,0.7500000000000001,"{""clf__C"": 10.0, ""clf__gamma_mult"": 4.0}",14.862225500000022
70,quantum/QRE-RBF-SVM,quantum,1,0.6666666666666666,0.85,"{""clf__C"": 10.0, ""clf__gamma_mult"": 1.0}",14.862225500000022
70,quantum/QRE-RBF-SVM,quantum,2,0.8888888888888888,1.0,"{""clf__C"": 10.0, ""clf__gamma_mult"": 1.0}",14.862225500000022
70,quantum/QRE-RBF-SVM,quantum,3,0.5555555555555556,0.7000000000000001,"{""clf__C"": 10.0, ""clf__gamma_mult"": 1.0}",14.862225500000022
70,quantum/QRE-RBF-SVM,quantum,4,0.4444444444444444,0.5,"{""clf__C"": 10.0, ""clf__gamma_mult"": 0.25}",14.862225500000022
70,quantum/QRE-RBF-SVM,quantum,5,0.6666666666666666,0.75,"{""clf__C"": 1.0, ""clf__gamma_mult"": 4.0}",14.862225500000022
70,quantum/QRE-RBF-SVM,quantum,6,0.5555555555555556,0.75,"{""clf__C"": 10.0, ""clf__gamma_mult"": 1.0}",14.862225500000022
70,quantum/QRE-RBF-SVM,quantum,7,0.6666666666666666,0.8,"{""clf__C"": 10.0, ""clf__gamma_mult"": 0.25}",14.862225500000022
70,quantum/QRE-RBF-SVM,quantum,8,0.6666666666666666,0.6000000000000001,"{""clf__C"": 10.0, ""clf__gamma_mult"": 0.25}",14.862225500000022
70,quantum/QRE-RBF-SVM,quantum,9,0.4444444444444444,0.55,"{""clf__C"": 1.0, ""clf__gamma_mult"": 0.25}",14.862225500000022
70,quantum/QRE-RBF-SVM,quantum,10,0.7777777777777778,0.9,"{""clf__C"": 10.0, ""clf__gamma_mult"": 1.0}",14.862225500000022
70,quantum/QRE-RBF-SVM,quantum,11,0.7777777777777778,0.95,"{""clf__C"": 10.0, ""clf__gamma_mult"": 4.0}",14.862225500000022
70,quantum/QRE-RBF-SVM,quantum,12,0.6666666666666666,0.5499999999999999,"{""clf__C"": 10.0, ""clf__gamma_mult"": 1.0}",14.862225500000022
70,quantum/QRE-RBF-SVM,quantum,13,0.5555555555555556,0.65,"{""clf__C"": 10.0, ""clf__gamma_mult"": 4.0}",14.862225500000022
70,quantum/QRE-RBF-SVM,quantum,14,0.5555555555555556,0.7,"{""clf__C"": 10.0, ""clf__gamma_mult"": 4.0}",14.862225500000022
70,quantum/HS-overlap-ref-SVM,quantum,0,1.0,1.0,"{""clf__C"": 10.0}",6.371057800000017
70,quantum/HS-overlap-ref-SVM,quantum,1,0.7777777777777778,0.95,"{""clf__C"": 10.0}",6.371057800000017
70,quantum/HS-overlap-ref-SVM,quantum,2,1.0,1.0,"{""clf__C"": 10.0}",6.371057800000017
70,quantum/HS-overlap-ref-SVM,quantum,3,0.8888888888888888,1.0,"{""clf__C"": 10.0}",6.371057800000017
70,quantum/HS-overlap-ref-SVM,quantum,4,0.8888888888888888,0.9500000000000001,"{""clf__C"": 10.0}",6.371057800000017
70,quantum/HS-overlap-ref-SVM,quantum,5,0.8888888888888888,0.95,"{""clf__C"": 10.0}",6.371057800000017
70,quantum/HS-overlap-ref-SVM,quantum,6,0.8888888888888888,1.0,"{""clf__C"": 10.0}",6.371057800000017
70,quantum/HS-overlap-ref-SVM,quantum,7,1.0,1.0,"{""clf__C"": 10.0}",6.371057800000017
70,quantum/HS-overlap-ref-SVM,quantum,8,0.8888888888888888,1.0,"{""clf__C"": 10.0}",6.371057800000017
70,quantum/HS-overlap-ref-SVM,quantum,9,0.6666666666666666,1.0,"{""clf__C"": 10.0}",6.371057800000017
70,quantum/HS-overlap-ref-SVM,quantum,10,1.0,1.0,"{""clf__C"": 10.0}",6.371057800000017
70,quantum/HS-overlap-ref-SVM,quantum,11,0.7777777777777778,0.95,"{""clf__C"": 10.0}",6.371057800000017
70,quantum/HS-overlap-ref-SVM,quantum,12,0.8888888888888888,1.0,"{""clf__C"": 10.0}",6.371057800000017
70,quantum/HS-overlap-ref-SVM,quantum,13,1.0,1.0,"{""clf__C"": 10.0}",6.371057800000017
70,quantum/HS-overlap-ref-SVM,quantum,14,0.7777777777777778,1.0,"{""clf__C"": 10.0}",6.371057800000017
70,quantum/Fidelity-ref-SVM,quantum,0,1.0,1.0,"{""clf__C"": 10.0}",10.343164999999317
70,quantum/Fidelity-ref-SVM,quantum,1,0.7777777777777778,0.95,"{""clf__C"": 10.0}",10.343164999999317
70,quantum/Fidelity-ref-SVM,quantum,2,1.0,1.0,"{""clf__C"": 10.0}",10.343164999999317
70,quantum/Fidelity-ref-SVM,quantum,3,0.8888888888888888,1.0,"{""clf__C"": 10.0}",10.343164999999317
70,quantum/Fidelity-ref-SVM,quantum,4,0.8888888888888888,0.9500000000000001,"{""clf__C"": 10.0}",10.343164999999317
70,quantum/Fidelity-ref-SVM,quantum,5,0.8888888888888888,0.95,"{""clf__C"": 10.0}",10.343164999999317
70,quantum/Fidelity-ref-SVM,quantum,6,0.8888888888888888,1.0,"{""clf__C"": 10.0}",10.343164999999317
70,quantum/Fidelity-ref-SVM,quantum,7,1.0,1.0,"{""clf__C"": 10.0}",10.343164999999317
70,quantum/Fidelity-ref-SVM,quantum,8,1.0,1.0,"{""clf__C"": 10.0}",10.343164999999317
70,quantum/Fidelity-ref-SVM,quantum,9,0.6666666666666666,1.0,"{""clf__C"": 10.0}",10.343164999999317
70,quantum/Fidelity-ref-SVM,quantum,10,1.0,1.0,"{""clf__C"": 10.0}",10.343164999999317
70,quantum/Fidelity-ref-SVM,quantum,11,0.7777777777777778,0.95,"{""clf__C"": 10.0}",10.343164999999317
70,quantum/Fidelity-ref-SVM,quantum,12,0.8888888888888888,1.0,"{""clf__C"": 10.0}",10.343164999999317
70,quantum/Fidelity-ref-SVM,quantum,13,0.8888888888888888,1.0,"{""clf__C"": 10.0}",10.343164999999317
70,quantum/Fidelity-ref-SVM,quantum,14,0.8888888888888888,1.0,"{""clf__C"": 10.0}",10.343164999999317
70,quantum/HS-RBF-ref-SVM,quantum,0,1.0,1.0,"{""clf__C"": 10.0, ""clf__gamma_mult"": 0.25}",17.796883699999853
70,quantum/HS-RBF-ref-SVM,quantum,1,0.7777777777777778,0.95,"{""clf__C"": 10.0, ""clf__gamma_mult"": 0.25}",17.796883699999853
70,quantum/HS-RBF-ref-SVM,quantum,2,1.0,1.0,"{""clf__C"": 10.0, ""clf__gamma_mult"": 0.25}",17.796883699999853
70,quantum/HS-RBF-ref-SVM,quantum,3,0.8888888888888888,1.0,"{""clf__C"": 10.0, ""clf__gamma_mult"": 0.25}",17.796883699999853
70,quantum/HS-RBF-ref-SVM,quantum,4,0.8888888888888888,0.9500000000000001,"{""clf__C"": 10.0, ""clf__gamma_mult"": 0.25}",17.796883699999853
70,quantum/HS-RBF-ref-SVM,quantum,5,0.8888888888888888,0.95,"{""clf__C"": 10.0, ""clf__gamma_mult"": 0.25}",17.796883699999853
70,quantum/HS-RBF-ref-SVM,quantum,6,0.8888888888888888,1.0,"{""clf__C"": 10.0, ""clf__gamma_mult"": 0.25}",17.796883699999853
70,quantum/HS-RBF-ref-SVM,quantum,7,1.0,1.0,"{""clf__C"": 10.0, ""clf__gamma_mult"": 0.25}",17.796883699999853
70,quantum/HS-RBF-ref-SVM,quantum,8,0.8888888888888888,1.0,"{""clf__C"": 10.0, ""clf__gamma_mult"": 1.0}",17.796883699999853
70,quantum/HS-RBF-ref-SVM,quantum,9,0.6666666666666666,1.0,"{""clf__C"": 10.0, ""clf__gamma_mult"": 0.25}",17.796883699999853
70,quantum/HS-RBF-ref-SVM,quantum,10,1.0,1.0,"{""clf__C"": 10.0, ""clf__gamma_mult"": 0.25}",17.796883699999853
70,quantum/HS-RBF-ref-SVM,quantum,11,0.7777777777777778,0.95,"{""clf__C"": 10.0, ""clf__gamma_mult"": 0.25}",17.796883699999853
70,quantum/HS-RBF-ref-SVM,quantum,12,0.8888888888888888,1.0,"{""clf__C"": 10.0, ""clf__gamma_mult"": 1.0}",17.796883699999853
70,quantum/HS-RBF-ref-SVM,quantum,13,1.0,1.0,"{""clf__C"": 10.0, ""clf__gamma_mult"": 0.25}",17.796883699999853
70,quantum/HS-RBF-ref-SVM,quantum,14,0.7777777777777778,1.0,"{""clf__C"": 10.0, ""clf__gamma_mult"": 0.25}",17.796883699999853
70,quantum/Bures-RBF-ref-SVM,quantum,0,1.0,1.0,"{""clf__C"": 10.0, ""clf__gamma_mult"": 0.25}",27.466114199999538
70,quantum/Bures-RBF-ref-SVM,quantum,1,0.7777777777777778,0.95,"{""clf__C"": 10.0, ""clf__gamma_mult"": 1.0}",27.466114199999538
70,quantum/Bures-RBF-ref-SVM,quantum,2,1.0,1.0,"{""clf__C"": 10.0, ""clf__gamma_mult"": 0.25}",27.466114199999538
70,quantum/Bures-RBF-ref-SVM,quantum,3,0.8888888888888888,1.0,"{""clf__C"": 10.0, ""clf__gamma_mult"": 0.25}",27.466114199999538
70,quantum/Bures-RBF-ref-SVM,quantum,4,0.7777777777777778,0.9500000000000001,"{""clf__C"": 1.0, ""clf__gamma_mult"": 1.0}",27.466114199999538
70,quantum/Bures-RBF-ref-SVM,quantum,5,0.8888888888888888,0.95,"{""clf__C"": 10.0, ""clf__gamma_mult"": 0.25}",27.466114199999538
70,quantum/Bures-RBF-ref-SVM,quantum,6,0.8888888888888888,1.0,"{""clf__C"": 10.0, ""clf__gamma_mult"": 0.25}",27.466114199999538
70,quantum/Bures-RBF-ref-SVM,quantum,7,1.0,1.0,"{""clf__C"": 10.0, ""clf__gamma_mult"": 0.25}",27.466114199999538
70,quantum/Bures-RBF-ref-SVM,quantum,8,0.8888888888888888,1.0,"{""clf__C"": 10.0, ""clf__gamma_mult"": 1.0}",27.466114199999538
70,quantum/Bures-RBF-ref-SVM,quantum,9,0.6666666666666666,1.0,"{""clf__C"": 10.0, ""clf__gamma_mult"": 0.25}",27.466114199999538
70,quantum/Bures-RBF-ref-SVM,quantum,10,1.0,1.0,"{""clf__C"": 10.0, ""clf__gamma_mult"": 0.25}",27.466114199999538
70,quantum/Bures-RBF-ref-SVM,quantum,11,0.7777777777777778,0.95,"{""clf__C"": 10.0, ""clf__gamma_mult"": 0.25}",27.466114199999538
70,quantum/Bures-RBF-ref-SVM,quantum,12,0.8888888888888888,1.0,"{""clf__C"": 10.0, ""clf__gamma_mult"": 0.25}",27.466114199999538
70,quantum/Bures-RBF-ref-SVM,quantum,13,1.0,1.0,"{""clf__C"": 10.0, ""clf__gamma_mult"": 0.25}",27.466114199999538
70,quantum/Bures-RBF-ref-SVM,quantum,14,0.7777777777777778,1.0,"{""clf__C"": 10.0, ""clf__gamma_mult"": 0.25}",27.466114199999538
70,quantum/QRE-RBF-ref-SVM,quantum,0,1.0,1.0,"{""clf__C"": 10.0, ""clf__gamma_mult"": 0.25}",20.928022899999633
70,quantum/QRE-RBF-ref-SVM,quantum,1,0.7777777777777778,0.9,"{""clf__C"": 1.0, ""clf__gamma_mult"": 1.0}",20.928022899999633
70,quantum/QRE-RBF-ref-SVM,quantum,2,1.0,1.0,"{""clf__C"": 10.0, ""clf__gamma_mult"": 0.25}",20.928022899999633
70,quantum/QRE-RBF-ref-SVM,quantum,3,0.8888888888888888,1.0,"{""clf__C"": 10.0, ""clf__gamma_mult"": 0.25}",20.928022899999633
70,quantum/QRE-RBF-ref-SVM,quantum,4,0.8888888888888888,0.9500000000000001,"{""clf__C"": 10.0, ""clf__gamma_mult"": 0.25}",20.928022899999633
70,quantum/QRE-RBF-ref-SVM,quantum,5,0.8888888888888888,0.95,"{""clf__C"": 10.0, ""clf__gamma_mult"": 0.25}",20.928022899999633
70,quantum/QRE-RBF-ref-SVM,quantum,6,0.8888888888888888,1.0,"{""clf__C"": 10.0, ""clf__gamma_mult"": 0.25}",20.928022899999633
70,quantum/QRE-RBF-ref-SVM,quantum,7,1.0,1.0,"{""clf__C"": 10.0, ""clf__gamma_mult"": 0.25}",20.928022899999633
70,quantum/QRE-RBF-ref-SVM,quantum,8,0.8888888888888888,1.0,"{""clf__C"": 10.0, ""clf__gamma_mult"": 1.0}",20.928022899999633
70,quantum/QRE-RBF-ref-SVM,quantum,9,0.6666666666666666,1.0,"{""clf__C"": 10.0, ""clf__gamma_mult"": 0.25}",20.928022899999633
70,quantum/QRE-RBF-ref-SVM,quantum,10,1.0,1.0,"{""clf__C"": 10.0, ""clf__gamma_mult"": 0.25}",20.928022899999633
70,quantum/QRE-RBF-ref-SVM,quantum,11,0.7777777777777778,0.95,"{""clf__C"": 10.0, ""clf__gamma_mult"": 0.25}",20.928022899999633
70,quantum/QRE-RBF-ref-SVM,quantum,12,0.8888888888888888,1.0,"{""clf__C"": 10.0, ""clf__gamma_mult"": 0.25}",20.928022899999633
70,quantum/QRE-RBF-ref-SVM,quantum,13,1.0,1.0,"{""clf__C"": 10.0, ""clf__gamma_mult"": 0.25}",20.928022899999633
70,quantum/QRE-RBF-ref-SVM,quantum,14,0.7777777777777778,1.0,"{""clf__C"": 10.0, ""clf__gamma_mult"": 0.25}",20.928022899999633
70,quantum/IQP-kernel-SVM,quantum,0,0.8888888888888888,1.0,"{""clf__C"": 10.0, ""clf__scale"": 0.5}",25.44422089999989
70,quantum/IQP-kernel-SVM,quantum,1,0.4444444444444444,0.5,"{""clf__C"": 1.0, ""clf__scale"": 1.0}",25.44422089999989
70,quantum/IQP-kernel-SVM,quantum,2,0.5555555555555556,0.65,"{""clf__C"": 1.0, ""clf__scale"": 0.5}",25.44422089999989
70,quantum/IQP-kernel-SVM,quantum,3,0.7777777777777778,0.9,"{""clf__C"": 10.0, ""clf__scale"": 0.5}",25.44422089999989
70,quantum/IQP-kernel-SVM,quantum,4,0.8888888888888888,0.8,"{""clf__C"": 10.0, ""clf__scale"": 1.0}",25.44422089999989
70,quantum/IQP-kernel-SVM,quantum,5,0.7777777777777778,0.8,"{""clf__C"": 1.0, ""clf__scale"": 0.5}",25.44422089999989
70,quantum/IQP-kernel-SVM,quantum,6,0.6666666666666666,0.8,"{""clf__C"": 10.0, ""clf__scale"": 1.0}",25.44422089999989
70,quantum/IQP-kernel-SVM,quantum,7,1.0,1.0,"{""clf__C"": 1.0, ""clf__scale"": 0.5}",25.44422089999989
70,quantum/IQP-kernel-SVM,quantum,8,0.8888888888888888,0.9,"{""clf__C"": 10.0, ""clf__scale"": 0.5}",25.44422089999989
70,quantum/IQP-kernel-SVM,quantum,9,0.6666666666666666,0.75,"{""clf__C"": 10.0, ""clf__scale"": 0.5}",25.44422089999989
70,quantum/IQP-kernel-SVM,quantum,10,0.7777777777777778,0.95,"{""clf__C"": 1.0, ""clf__scale"": 0.5}",25.44422089999989
70,quantum/IQP-kernel-SVM,quantum,11,0.8888888888888888,0.95,"{""clf__C"": 10.0, ""clf__scale"": 0.5}",25.44422089999989
70,quantum/IQP-kernel-SVM,quantum,12,0.5555555555555556,0.7,"{""clf__C"": 10.0, ""clf__scale"": 0.5}",25.44422089999989
70,quantum/IQP-kernel-SVM,quantum,13,0.7777777777777778,0.8,"{""clf__C"": 1.0, ""clf__scale"": 0.5}",25.44422089999989
70,quantum/IQP-kernel-SVM,quantum,14,0.7777777777777778,0.75,"{""clf__C"": 1.0, ""clf__scale"": 0.5}",25.44422089999989
70,quantum/CNOT-kernel-SVM,quantum,0,0.8888888888888888,0.95,"{""clf__C"": 1.0, ""clf__scale"": 0.5}",23.399688100000276
70,quantum/CNOT-kernel-SVM,quantum,1,0.7777777777777778,1.0,"{""clf__C"": 1.0, ""clf__scale"": 1.0}",23.399688100000276
70,quantum/CNOT-kernel-SVM,quantum,2,0.6666666666666666,0.85,"{""clf__C"": 1.0, ""clf__scale"": 1.0}",23.399688100000276
70,quantum/CNOT-kernel-SVM,quantum,3,0.7777777777777778,1.0,"{""clf__C"": 10.0, ""clf__scale"": 0.5}",23.399688100000276
70,quantum/CNOT-kernel-SVM,quantum,4,0.7777777777777778,0.9,"{""clf__C"": 1.0, ""clf__scale"": 1.0}",23.399688100000276
70,quantum/CNOT-kernel-SVM,quantum,5,0.7777777777777778,1.0,"{""clf__C"": 1.0, ""clf__scale"": 1.0}",23.399688100000276
70,quantum/CNOT-kernel-SVM,quantum,6,0.8888888888888888,0.8500000000000001,"{""clf__C"": 10.0, ""clf__scale"": 0.5}",23.399688100000276
70,quantum/CNOT-kernel-SVM,quantum,7,1.0,1.0,"{""clf__C"": 1.0, ""clf__scale"": 0.5}",23.399688100000276
70,quantum/CNOT-kernel-SVM,quantum,8,0.7777777777777778,0.75,"{""clf__C"": 1.0, ""clf__scale"": 1.0}",23.399688100000276
70,quantum/CNOT-kernel-SVM,quantum,9,0.6666666666666666,0.85,"{""clf__C"": 1.0, ""clf__scale"": 1.0}",23.399688100000276
70,quantum/CNOT-kernel-SVM,quantum,10,1.0,1.0,"{""clf__C"": 1.0, ""clf__scale"": 1.0}",23.399688100000276
70,quantum/CNOT-kernel-SVM,quantum,11,0.8888888888888888,1.0,"{""clf__C"": 1.0, ""clf__scale"": 1.0}",23.399688100000276
70,quantum/CNOT-kernel-SVM,quantum,12,0.7777777777777778,0.9,"{""clf__C"": 10.0, ""clf__scale"": 1.0}",23.399688100000276
70,quantum/CNOT-kernel-SVM,quantum,13,0.8888888888888888,1.0,"{""clf__C"": 10.0, ""clf__scale"": 0.5}",23.399688100000276
70,quantum/CNOT-kernel-SVM,quantum,14,0.8888888888888888,0.8,"{""clf__C"": 10.0, ""clf__scale"": 0.5}",23.399688100000276
70,control/IQP-no-entangle,control,0,0.8888888888888888,1.0,"{""clf__C"": 1.0, ""clf__scale"": 1.0}",21.999443100000462
70,control/IQP-no-entangle,control,1,0.6666666666666666,0.9,"{""clf__C"": 1.0, ""clf__scale"": 0.5}",21.999443100000462
70,control/IQP-no-entangle,control,2,0.8888888888888888,0.95,"{""clf__C"": 1.0, ""clf__scale"": 1.0}",21.999443100000462
70,control/IQP-no-entangle,control,3,0.7777777777777778,0.9500000000000001,"{""clf__C"": 10.0, ""clf__scale"": 0.5}",21.999443100000462
70,control/IQP-no-entangle,control,4,0.7777777777777778,0.9,"{""clf__C"": 1.0, ""clf__scale"": 1.0}",21.999443100000462
70,control/IQP-no-entangle,control,5,0.8888888888888888,1.0,"{""clf__C"": 1.0, ""clf__scale"": 1.0}",21.999443100000462
70,control/IQP-no-entangle,control,6,0.8888888888888888,0.9,"{""clf__C"": 1.0, ""clf__scale"": 0.5}",21.999443100000462
70,control/IQP-no-entangle,control,7,1.0,1.0,"{""clf__C"": 1.0, ""clf__scale"": 0.5}",21.999443100000462
70,control/IQP-no-entangle,control,8,0.7777777777777778,0.85,"{""clf__C"": 10.0, ""clf__scale"": 0.5}",21.999443100000462
70,control/IQP-no-entangle,control,9,0.7777777777777778,0.8,"{""clf__C"": 1.0, ""clf__scale"": 0.5}",21.999443100000462
70,control/IQP-no-entangle,control,10,1.0,1.0,"{""clf__C"": 10.0, ""clf__scale"": 0.5}",21.999443100000462
70,control/IQP-no-entangle,control,11,0.8888888888888888,0.95,"{""clf__C"": 1.0, ""clf__scale"": 0.5}",21.999443100000462
70,control/IQP-no-entangle,control,12,0.7777777777777778,0.9,"{""clf__C"": 10.0, ""clf__scale"": 0.5}",21.999443100000462
70,control/IQP-no-entangle,control,13,0.8888888888888888,1.0,"{""clf__C"": 10.0, ""clf__scale"": 0.5}",21.999443100000462
70,control/IQP-no-entangle,control,14,0.8888888888888888,0.8,"{""clf__C"": 1.0, ""clf__scale"": 1.0}",21.999443100000462
70,control/PCA-matched-RBF,control,0,0.8888888888888888,1.0,"{""clf__C"": 1.0, ""clf__gamma"": 0.1}",18.385773199999676
70,control/PCA-matched-RBF,control,1,0.5555555555555556,0.9,"{""clf__C"": 1.0, ""clf__gamma"": ""scale""}",18.385773199999676
70,control/PCA-matched-RBF,control,2,0.8888888888888888,0.95,"{""clf__C"": 10.0, ""clf__gamma"": ""scale""}",18.385773199999676
70,control/PCA-matched-RBF,control,3,0.7777777777777778,1.0,"{""clf__C"": 10.0, ""clf__gamma"": 0.1}",18.385773199999676
70,control/PCA-matched-RBF,control,4,0.7777777777777778,0.9,"{""clf__C"": 1.0, ""clf__gamma"": ""scale""}",18.385773199999676
70,control/PCA-matched-RBF,control,5,1.0,1.0,"{""clf__C"": 1.0, ""clf__gamma"": 0.1}",18.385773199999676
70,control/PCA-matched-RBF,control,6,0.8888888888888888,0.8500000000000001,"{""clf__C"": 10.0, ""clf__gamma"": 0.01}",18.385773199999676
70,control/PCA-matched-RBF,control,7,1.0,1.0,"{""clf__C"": 1.0, ""clf__gamma"": 0.1}",18.385773199999676
70,control/PCA-matched-RBF,control,8,0.7777777777777778,0.85,"{""clf__C"": 10.0, ""clf__gamma"": 0.1}",18.385773199999676
70,control/PCA-matched-RBF,control,9,0.6666666666666666,0.75,"{""clf__C"": 10.0, ""clf__gamma"": 0.01}",18.385773199999676
70,control/PCA-matched-RBF,control,10,1.0,1.0,"{""clf__C"": 10.0, ""clf__gamma"": 0.1}",18.385773199999676
70,control/PCA-matched-RBF,control,11,0.8888888888888888,0.95,"{""clf__C"": 1.0, ""clf__gamma"": ""scale""}",18.385773199999676
70,control/PCA-matched-RBF,control,12,0.7777777777777778,0.9,"{""clf__C"": 10.0, ""clf__gamma"": ""scale""}",18.385773199999676
70,control/PCA-matched-RBF,control,13,0.8888888888888888,1.0,"{""clf__C"": 10.0, ""clf__gamma"": 0.1}",18.385773199999676
70,control/PCA-matched-RBF,control,14,0.8888888888888888,0.8,"{""clf__C"": 1.0, ""clf__gamma"": ""scale""}",18.385773199999676
70,control/PCA-matched-linear,control,0,0.8888888888888888,1.0,"{""clf__C"": 0.1}",6.589469200000167
70,control/PCA-matched-linear,control,1,0.7777777777777778,0.9,"{""clf__C"": 0.1}",6.589469200000167
70,control/PCA-matched-linear,control,2,1.0,1.0,"{""clf__C"": 10.0}",6.589469200000167
70,control/PCA-matched-linear,control,3,0.5555555555555556,0.7,"{""clf__C"": 1.0}",6.589469200000167
70,control/PCA-matched-linear,control,4,0.7777777777777778,0.9,"{""clf__C"": 10.0}",6.589469200000167
70,control/PCA-matched-linear,control,5,1.0,1.0,"{""clf__C"": 0.1}",6.589469200000167
70,control/PCA-matched-linear,control,6,0.8888888888888888,0.8500000000000001,"{""clf__C"": 0.1}",6.589469200000167
70,control/PCA-matched-linear,control,7,0.8888888888888888,1.0,"{""clf__C"": 0.1}",6.589469200000167
70,control/PCA-matched-linear,control,8,0.7777777777777778,0.9,"{""clf__C"": 10.0}",6.589469200000167
70,control/PCA-matched-linear,control,9,0.6666666666666666,0.85,"{""clf__C"": 1.0}",6.589469200000167
70,control/PCA-matched-linear,control,10,0.8888888888888888,1.0,"{""clf__C"": 0.1}",6.589469200000167
70,control/PCA-matched-linear,control,11,0.7777777777777778,0.95,"{""clf__C"": 0.1}",6.589469200000167
70,control/PCA-matched-linear,control,12,0.7777777777777778,0.9,"{""clf__C"": 0.1}",6.589469200000167
70,control/PCA-matched-linear,control,13,0.8888888888888888,1.0,"{""clf__C"": 1.0}",6.589469200000167
70,control/PCA-matched-linear,control,14,0.4444444444444444,0.8,"{""clf__C"": 10.0}",6.589469200000167
70,control/logeuclid-TS+LR,control,0,0.5555555555555556,0.45,"{""clf__C"": 0.1}",5.124516699999731
70,control/logeuclid-TS+LR,control,1,0.6666666666666666,0.6,"{""clf__C"": 10.0}",5.124516699999731
70,control/logeuclid-TS+LR,control,2,0.6666666666666666,0.85,"{""clf__C"": 10.0}",5.124516699999731
70,control/logeuclid-TS+LR,control,3,0.4444444444444444,0.65,"{""clf__C"": 0.1}",5.124516699999731
70,control/logeuclid-TS+LR,control,4,0.6666666666666666,0.65,"{""clf__C"": 1.0}",5.124516699999731
70,control/logeuclid-TS+LR,control,5,0.6666666666666666,0.8,"{""clf__C"": 0.1}",5.124516699999731
70,control/logeuclid-TS+LR,control,6,0.5555555555555556,0.75,"{""clf__C"": 10.0}",5.124516699999731
70,control/logeuclid-TS+LR,control,7,0.5555555555555556,0.6,"{""clf__C"": 10.0}",5.124516699999731
70,control/logeuclid-TS+LR,control,8,0.6666666666666666,0.6,"{""clf__C"": 0.1}",5.124516699999731
70,control/logeuclid-TS+LR,control,9,0.4444444444444444,0.45,"{""clf__C"": 10.0}",5.124516699999731
70,control/logeuclid-TS+LR,control,10,0.4444444444444444,0.45,"{""clf__C"": 10.0}",5.124516699999731
70,control/logeuclid-TS+LR,control,11,0.7777777777777778,0.8,"{""clf__C"": 1.0}",5.124516699999731
70,control/logeuclid-TS+LR,control,12,0.5555555555555556,0.55,"{""clf__C"": 0.1}",5.124516699999731
70,control/logeuclid-TS+LR,control,13,0.6666666666666666,0.8,"{""clf__C"": 0.1}",5.124516699999731
70,control/logeuclid-TS+LR,control,14,0.6666666666666666,0.65,"{""clf__C"": 10.0}",5.124516699999731
70,control/riemann-kernel-SVM,control,0,1.0,1.0,"{""clf__C"": 1.0}",6.575408400000015
70,control/riemann-kernel-SVM,control,1,0.7777777777777778,0.95,"{""clf__C"": 1.0}",6.575408400000015
70,control/riemann-kernel-SVM,control,2,1.0,1.0,"{""clf__C"": 1.0}",6.575408400000015
70,control/riemann-kernel-SVM,control,3,0.8888888888888888,1.0,"{""clf__C"": 1.0}",6.575408400000015
70,control/riemann-kernel-SVM,control,4,1.0,1.0,"{""clf__C"": 1.0}",6.575408400000015
70,control/riemann-kernel-SVM,control,5,0.8888888888888888,0.95,"{""clf__C"": 1.0}",6.575408400000015
70,control/riemann-kernel-SVM,control,6,0.8888888888888888,1.0,"{""clf__C"": 1.0}",6.575408400000015
70,control/riemann-kernel-SVM,control,7,1.0,1.0,"{""clf__C"": 1.0}",6.575408400000015
70,control/riemann-kernel-SVM,control,8,1.0,1.0,"{""clf__C"": 1.0}",6.575408400000015
70,control/riemann-kernel-SVM,control,9,0.6666666666666666,1.0,"{""clf__C"": 1.0}",6.575408400000015
70,control/riemann-kernel-SVM,control,10,1.0,1.0,"{""clf__C"": 1.0}",6.575408400000015
70,control/riemann-kernel-SVM,control,11,0.7777777777777778,0.95,"{""clf__C"": 1.0}",6.575408400000015
70,control/riemann-kernel-SVM,control,12,0.8888888888888888,1.0,"{""clf__C"": 1.0}",6.575408400000015
70,control/riemann-kernel-SVM,control,13,1.0,1.0,"{""clf__C"": 1.0}",6.575408400000015
70,control/riemann-kernel-SVM,control,14,0.7777777777777778,1.0,"{""clf__C"": 10.0}",6.575408400000015
70,control/logeuclid-kernel-SVM,control,0,1.0,1.0,"{""clf__C"": 1.0}",6.311550100000204
70,control/logeuclid-kernel-SVM,control,1,0.7777777777777778,0.9,"{""clf__C"": 1.0}",6.311550100000204
70,control/logeuclid-kernel-SVM,control,2,1.0,1.0,"{""clf__C"": 1.0}",6.311550100000204
70,control/logeuclid-kernel-SVM,control,3,0.8888888888888888,1.0,"{""clf__C"": 1.0}",6.311550100000204
70,control/logeuclid-kernel-SVM,control,4,0.8888888888888888,1.0,"{""clf__C"": 1.0}",6.311550100000204
70,control/logeuclid-kernel-SVM,control,5,0.8888888888888888,0.9,"{""clf__C"": 1.0}",6.311550100000204
70,control/logeuclid-kernel-SVM,control,6,0.8888888888888888,1.0,"{""clf__C"": 10.0}",6.311550100000204
70,control/logeuclid-kernel-SVM,control,7,0.8888888888888888,1.0,"{""clf__C"": 1.0}",6.311550100000204
70,control/logeuclid-kernel-SVM,control,8,1.0,1.0,"{""clf__C"": 1.0}",6.311550100000204
70,control/logeuclid-kernel-SVM,control,9,0.6666666666666666,0.8,"{""clf__C"": 10.0}",6.311550100000204
70,control/logeuclid-kernel-SVM,control,10,1.0,1.0,"{""clf__C"": 1.0}",6.311550100000204
70,control/logeuclid-kernel-SVM,control,11,0.8888888888888888,0.95,"{""clf__C"": 1.0}",6.311550100000204
70,control/logeuclid-kernel-SVM,control,12,0.8888888888888888,0.8,"{""clf__C"": 1.0}",6.311550100000204
70,control/logeuclid-kernel-SVM,control,13,1.0,1.0,"{""clf__C"": 1.0}",6.311550100000204
70,control/logeuclid-kernel-SVM,control,14,0.7777777777777778,0.9500000000000001,"{""clf__C"": 1.0}",6.311550100000204
71,classical/logvar+LDA,classical,0,0.8888888888888888,0.9,{},0.10254129999975703
71,classical/logvar+LDA,classical,1,0.6666666666666666,0.9,{},0.10254129999975703
71,classical/logvar+LDA,classical,2,0.5555555555555556,0.6,{},0.10254129999975703
71,classical/logvar+LDA,classical,3,0.3333333333333333,0.35000000000000003,{},0.10254129999975703
71,classical/logvar+LDA,classical,4,0.4444444444444444,0.8,{},0.10254129999975703
71,classical/logvar+LDA,classical,5,0.6666666666666666,0.6000000000000001,{},0.10254129999975703
71,classical/logvar+LDA,classical,6,0.6666666666666666,0.75,{},0.10254129999975703
71,classical/logvar+LDA,classical,7,0.4444444444444444,0.55,{},0.10254129999975703
71,classical/logvar+LDA,classical,8,0.5555555555555556,0.75,{},0.10254129999975703
71,classical/logvar+LDA,classical,9,0.7777777777777778,0.7,{},0.10254129999975703
71,classical/logvar+LDA,classical,10,0.8888888888888888,1.0,{},0.10254129999975703
71,classical/logvar+LDA,classical,11,0.7777777777777778,1.0,{},0.10254129999975703
71,classical/logvar+LDA,classical,12,0.5555555555555556,0.6,{},0.10254129999975703
71,classical/logvar+LDA,classical,13,0.4444444444444444,0.44999999999999996,{},0.10254129999975703
71,classical/logvar+LDA,classical,14,0.4444444444444444,0.35,{},0.10254129999975703
71,classical/CSP+LDA,classical,0,1.0,1.0,"{""csp__nfilter"": 2}",4.238887100000284
71,classical/CSP+LDA,classical,1,0.6666666666666666,1.0,"{""csp__nfilter"": 6}",4.238887100000284
71,classical/CSP+LDA,classical,2,0.8888888888888888,1.0,"{""csp__nfilter"": 2}",4.238887100000284
71,classical/CSP+LDA,classical,3,0.7777777777777778,0.95,"{""csp__nfilter"": 2}",4.238887100000284
71,classical/CSP+LDA,classical,4,0.8888888888888888,0.9,"{""csp__nfilter"": 2}",4.238887100000284
71,classical/CSP+LDA,classical,5,1.0,1.0,"{""csp__nfilter"": 2}",4.238887100000284
71,classical/CSP+LDA,classical,6,0.8888888888888888,0.9500000000000001,"{""csp__nfilter"": 6}",4.238887100000284
71,classical/CSP+LDA,classical,7,0.8888888888888888,1.0,"{""csp__nfilter"": 2}",4.238887100000284
71,classical/CSP+LDA,classical,8,0.8888888888888888,1.0,"{""csp__nfilter"": 2}",4.238887100000284
71,classical/CSP+LDA,classical,9,0.8888888888888888,1.0,"{""csp__nfilter"": 2}",4.238887100000284
71,classical/CSP+LDA,classical,10,0.8888888888888888,1.0,"{""csp__nfilter"": 2}",4.238887100000284
71,classical/CSP+LDA,classical,11,1.0,1.0,"{""csp__nfilter"": 4}",4.238887100000284
71,classical/CSP+LDA,classical,12,1.0,1.0,"{""csp__nfilter"": 4}",4.238887100000284
71,classical/CSP+LDA,classical,13,0.7777777777777778,0.8,"{""csp__nfilter"": 2}",4.238887100000284
71,classical/CSP+LDA,classical,14,0.7777777777777778,0.8,"{""csp__nfilter"": 2}",4.238887100000284
71,classical/MDM,classical,0,0.6666666666666666,0.9,{},0.6435093999998571
71,classical/MDM,classical,1,0.6666666666666666,0.7,{},0.6435093999998571
71,classical/MDM,classical,2,0.4444444444444444,0.65,{},0.6435093999998571
71,classical/MDM,classical,3,0.6666666666666666,0.65,{},0.6435093999998571
71,classical/MDM,classical,4,0.7777777777777778,0.7500000000000001,{},0.6435093999998571
71,classical/MDM,classical,5,0.7777777777777778,0.9,{},0.6435093999998571
71,classical/MDM,classical,6,0.4444444444444444,0.35,{},0.6435093999998571
71,classical/MDM,classical,7,0.4444444444444444,0.6,{},0.6435093999998571
71,classical/MDM,classical,8,0.8888888888888888,0.85,{},0.6435093999998571
71,classical/MDM,classical,9,0.7777777777777778,0.9,{},0.6435093999998571
71,classical/MDM,classical,10,0.7777777777777778,0.85,{},0.6435093999998571
71,classical/MDM,classical,11,0.8888888888888888,0.9500000000000001,{},0.6435093999998571
71,classical/MDM,classical,12,0.6666666666666666,0.95,{},0.6435093999998571
71,classical/MDM,classical,13,0.4444444444444444,0.4,{},0.6435093999998571
71,classical/MDM,classical,14,0.6666666666666666,0.7500000000000001,{},0.6435093999998571
71,classical/TS+LR,classical,0,0.8888888888888888,0.9,"{""clf__C"": 0.1}",6.722694300000512
71,classical/TS+LR,classical,1,0.6666666666666666,1.0,"{""clf__C"": 1.0}",6.722694300000512
71,classical/TS+LR,classical,2,0.8888888888888888,0.9,"{""clf__C"": 0.1}",6.722694300000512
71,classical/TS+LR,classical,3,0.6666666666666666,0.75,"{""clf__C"": 0.1}",6.722694300000512
71,classical/TS+LR,classical,4,0.6666666666666666,0.8,"{""clf__C"": 0.1}",6.722694300000512
71,classical/TS+LR,classical,5,1.0,1.0,"{""clf__C"": 0.1}",6.722694300000512
71,classical/TS+LR,classical,6,0.7777777777777778,0.7000000000000001,"{""clf__C"": 0.1}",6.722694300000512
71,classical/TS+LR,classical,7,0.8888888888888888,0.9,"{""clf__C"": 0.1}",6.722694300000512
71,classical/TS+LR,classical,8,0.8888888888888888,1.0,"{""clf__C"": 0.1}",6.722694300000512
71,classical/TS+LR,classical,9,0.7777777777777778,0.9,"{""clf__C"": 1.0}",6.722694300000512
71,classical/TS+LR,classical,10,0.8888888888888888,0.85,"{""clf__C"": 0.1}",6.722694300000512
71,classical/TS+LR,classical,11,0.8888888888888888,1.0,"{""clf__C"": 10.0}",6.722694300000512
71,classical/TS+LR,classical,12,0.8888888888888888,0.9,"{""clf__C"": 0.1}",6.722694300000512
71,classical/TS+LR,classical,13,0.5555555555555556,0.7,"{""clf__C"": 0.1}",6.722694300000512
71,classical/TS+LR,classical,14,0.7777777777777778,0.8,"{""clf__C"": 0.1}",6.722694300000512
71,classical/TS+RBF-SVM,classical,0,0.8888888888888888,0.9500000000000001,"{""clf__C"": 10.0, ""clf__gamma"": ""scale""}",17.82334760000049
71,classical/TS+RBF-SVM,classical,1,0.6666666666666666,0.9500000000000001,"{""clf__C"": 10.0, ""clf__gamma"": ""scale""}",17.82334760000049
71,classical/TS+RBF-SVM,classical,2,0.7777777777777778,0.8,"{""clf__C"": 10.0, ""clf__gamma"": ""scale""}",17.82334760000049
71,classical/TS+RBF-SVM,classical,3,0.6666666666666666,0.7,"{""clf__C"": 10.0, ""clf__gamma"": ""scale""}",17.82334760000049
71,classical/TS+RBF-SVM,classical,4,0.7777777777777778,0.9,"{""clf__C"": 10.0, ""clf__gamma"": ""scale""}",17.82334760000049
71,classical/TS+RBF-SVM,classical,5,1.0,1.0,"{""clf__C"": 10.0, ""clf__gamma"": 0.01}",17.82334760000049
71,classical/TS+RBF-SVM,classical,6,0.6666666666666666,0.8,"{""clf__C"": 10.0, ""clf__gamma"": ""scale""}",17.82334760000049
71,classical/TS+RBF-SVM,classical,7,0.7777777777777778,0.9,"{""clf__C"": 1.0, ""clf__gamma"": ""scale""}",17.82334760000049
71,classical/TS+RBF-SVM,classical,8,0.8888888888888888,0.9,"{""clf__C"": 1.0, ""clf__gamma"": 0.01}",17.82334760000049
71,classical/TS+RBF-SVM,classical,9,0.7777777777777778,0.9,"{""clf__C"": 10.0, ""clf__gamma"": ""scale""}",17.82334760000049
71,classical/TS+RBF-SVM,classical,10,0.7777777777777778,0.85,"{""clf__C"": 1.0, ""clf__gamma"": ""scale""}",17.82334760000049
71,classical/TS+RBF-SVM,classical,11,0.8888888888888888,1.0,"{""clf__C"": 10.0, ""clf__gamma"": ""scale""}",17.82334760000049
71,classical/TS+RBF-SVM,classical,12,0.8888888888888888,0.9,"{""clf__C"": 1.0, ""clf__gamma"": ""scale""}",17.82334760000049
71,classical/TS+RBF-SVM,classical,13,0.6666666666666666,0.8,"{""clf__C"": 1.0, ""clf__gamma"": ""scale""}",17.82334760000049
71,classical/TS+RBF-SVM,classical,14,0.7777777777777778,0.8,"{""clf__C"": 10.0, ""clf__gamma"": ""scale""}",17.82334760000049
71,quantum/HS-overlap-SVM,quantum,0,0.4444444444444444,0.75,"{""clf__C"": 0.1}",4.354759900000317
71,quantum/HS-overlap-SVM,quantum,1,0.4444444444444444,0.35000000000000003,"{""clf__C"": 0.1}",4.354759900000317
71,quantum/HS-overlap-SVM,quantum,2,0.5555555555555556,0.4,"{""clf__C"": 0.1}",4.354759900000317
71,quantum/HS-overlap-SVM,quantum,3,0.4444444444444444,0.55,"{""clf__C"": 0.1}",4.354759900000317
71,quantum/HS-overlap-SVM,quantum,4,0.6666666666666666,0.45,"{""clf__C"": 0.1}",4.354759900000317
71,quantum/HS-overlap-SVM,quantum,5,0.4444444444444444,0.8,"{""clf__C"": 0.1}",4.354759900000317
71,quantum/HS-overlap-SVM,quantum,6,0.4444444444444444,0.4,"{""clf__C"": 0.1}",4.354759900000317
71,quantum/HS-overlap-SVM,quantum,7,0.5555555555555556,0.44999999999999996,"{""clf__C"": 0.1}",4.354759900000317
71,quantum/HS-overlap-SVM,quantum,8,0.4444444444444444,0.35,"{""clf__C"": 0.1}",4.354759900000317
71,quantum/HS-overlap-SVM,quantum,9,0.6666666666666666,0.65,"{""clf__C"": 0.1}",4.354759900000317
71,quantum/HS-overlap-SVM,quantum,10,0.4444444444444444,0.6,"{""clf__C"": 0.1}",4.354759900000317
71,quantum/HS-overlap-SVM,quantum,11,0.4444444444444444,1.0,"{""clf__C"": 0.1}",4.354759900000317
71,quantum/HS-overlap-SVM,quantum,12,0.4444444444444444,0.35,"{""clf__C"": 0.1}",4.354759900000317
71,quantum/HS-overlap-SVM,quantum,13,0.6666666666666666,0.5,"{""clf__C"": 0.1}",4.354759900000317
71,quantum/HS-overlap-SVM,quantum,14,0.2222222222222222,0.15000000000000002,"{""clf__C"": 0.1}",4.354759900000317
71,quantum/Fidelity-SVM,quantum,0,0.4444444444444444,0.65,"{""clf__C"": 10.0}",7.674035199999707
71,quantum/Fidelity-SVM,quantum,1,0.4444444444444444,0.6,"{""clf__C"": 0.1}",7.674035199999707
71,quantum/Fidelity-SVM,quantum,2,0.4444444444444444,0.35000000000000003,"{""clf__C"": 10.0}",7.674035199999707
71,quantum/Fidelity-SVM,quantum,3,0.6666666666666666,0.65,"{""clf__C"": 0.1}",7.674035199999707
71,quantum/Fidelity-SVM,quantum,4,0.5555555555555556,0.6000000000000001,"{""clf__C"": 10.0}",7.674035199999707
71,quantum/Fidelity-SVM,quantum,5,0.4444444444444444,0.9,"{""clf__C"": 0.1}",7.674035199999707
71,quantum/Fidelity-SVM,quantum,6,0.2222222222222222,0.45,"{""clf__C"": 10.0}",7.674035199999707
71,quantum/Fidelity-SVM,quantum,7,0.6666666666666666,0.5,"{""clf__C"": 10.0}",7.674035199999707
71,quantum/Fidelity-SVM,quantum,8,0.4444444444444444,0.45,"{""clf__C"": 10.0}",7.674035199999707
71,quantum/Fidelity-SVM,quantum,9,0.7777777777777778,0.75,"{""clf__C"": 0.1}",7.674035199999707
71,quantum/Fidelity-SVM,quantum,10,0.4444444444444444,0.9,"{""clf__C"": 0.1}",7.674035199999707
71,quantum/Fidelity-SVM,quantum,11,0.4444444444444444,0.9500000000000001,"{""clf__C"": 10.0}",7.674035199999707
71,quantum/Fidelity-SVM,quantum,12,0.5555555555555556,0.5,"{""clf__C"": 10.0}",7.674035199999707
71,quantum/Fidelity-SVM,quantum,13,0.5555555555555556,0.5,"{""clf__C"": 0.1}",7.674035199999707
71,quantum/Fidelity-SVM,quantum,14,0.3333333333333333,0.25,"{""clf__C"": 10.0}",7.674035199999707
71,quantum/HS-RBF-SVM,quantum,0,0.6666666666666666,0.4,"{""clf__C"": 10.0, ""clf__gamma_mult"": 0.25}",12.253516700000546
71,quantum/HS-RBF-SVM,quantum,1,0.2222222222222222,0.3,"{""clf__C"": 10.0, ""clf__gamma_mult"": 1.0}",12.253516700000546
71,quantum/HS-RBF-SVM,quantum,2,0.6666666666666666,0.55,"{""clf__C"": 10.0, ""clf__gamma_mult"": 0.25}",12.253516700000546
71,quantum/HS-RBF-SVM,quantum,3,0.3333333333333333,0.35,"{""clf__C"": 10.0, ""clf__gamma_mult"": 1.0}",12.253516700000546
71,quantum/HS-RBF-SVM,quantum,4,0.6666666666666666,0.55,"{""clf__C"": 10.0, ""clf__gamma_mult"": 1.0}",12.253516700000546
71,quantum/HS-RBF-SVM,quantum,5,0.4444444444444444,0.5499999999999999,"{""clf__C"": 10.0, ""clf__gamma_mult"": 1.0}",12.253516700000546
71,quantum/HS-RBF-SVM,quantum,6,0.6666666666666666,0.4,"{""clf__C"": 10.0, ""clf__gamma_mult"": 0.25}",12.253516700000546
71,quantum/HS-RBF-SVM,quantum,7,0.6666666666666666,0.75,"{""clf__C"": 10.0, ""clf__gamma_mult"": 1.0}",12.253516700000546
71,quantum/HS-RBF-SVM,quantum,8,0.5555555555555556,0.55,"{""clf__C"": 10.0, ""clf__gamma_mult"": 1.0}",12.253516700000546
71,quantum/HS-RBF-SVM,quantum,9,0.6666666666666666,0.8,"{""clf__C"": 10.0, ""clf__gamma_mult"": 1.0}",12.253516700000546
71,quantum/HS-RBF-SVM,quantum,10,0.6666666666666666,0.75,"{""clf__C"": 10.0, ""clf__gamma_mult"": 0.25}",12.253516700000546
71,quantum/HS-RBF-SVM,quantum,11,0.4444444444444444,0.5,"{""clf__C"": 0.1, ""clf__gamma_mult"": 0.25}",12.253516700000546
71,quantum/HS-RBF-SVM,quantum,12,0.6666666666666666,0.7,"{""clf__C"": 10.0, ""clf__gamma_mult"": 1.0}",12.253516700000546
71,quantum/HS-RBF-SVM,quantum,13,0.4444444444444444,0.35000000000000003,"{""clf__C"": 10.0, ""clf__gamma_mult"": 1.0}",12.253516700000546
71,quantum/HS-RBF-SVM,quantum,14,0.3333333333333333,0.45000000000000007,"{""clf__C"": 10.0, ""clf__gamma_mult"": 0.25}",12.253516700000546
71,quantum/Bures-RBF-SVM,quantum,0,0.5555555555555556,0.85,"{""clf__C"": 10.0, ""clf__gamma_mult"": 0.25}",20.07807469999989
71,quantum/Bures-RBF-SVM,quantum,1,0.5555555555555556,0.6,"{""clf__C"": 10.0, ""clf__gamma_mult"": 0.25}",20.07807469999989
71,quantum/Bures-RBF-SVM,quantum,2,0.4444444444444444,0.6000000000000001,"{""clf__C"": 10.0, ""clf__gamma_mult"": 0.25}",20.07807469999989
71,quantum/Bures-RBF-SVM,quantum,3,0.5555555555555556,0.4,"{""clf__C"": 10.0, ""clf__gamma_mult"": 0.25}",20.07807469999989
71,quantum/Bures-RBF-SVM,quantum,4,0.6666666666666666,0.7,"{""clf__C"": 10.0, ""clf__gamma_mult"": 1.0}",20.07807469999989
71,quantum/Bures-RBF-SVM,quantum,5,0.4444444444444444,0.65,"{""clf__C"": 10.0, ""clf__gamma_mult"": 0.25}",20.07807469999989
71,quantum/Bures-RBF-SVM,quantum,6,0.6666666666666666,0.45,"{""clf__C"": 10.0, ""clf__gamma_mult"": 0.25}",20.07807469999989
71,quantum/Bures-RBF-SVM,quantum,7,0.5555555555555556,0.55,"{""clf__C"": 1.0, ""clf__gamma_mult"": 1.0}",20.07807469999989
71,quantum/Bures-RBF-SVM,quantum,8,0.7777777777777778,0.8,"{""clf__C"": 10.0, ""clf__gamma_mult"": 0.25}",20.07807469999989
71,quantum/Bures-RBF-SVM,quantum,9,0.8888888888888888,0.9,"{""clf__C"": 10.0, ""clf__gamma_mult"": 0.25}",20.07807469999989
71,quantum/Bures-RBF-SVM,quantum,10,0.8888888888888888,1.0,"{""clf__C"": 10.0, ""clf__gamma_mult"": 0.25}",20.07807469999989
71,quantum/Bures-RBF-SVM,quantum,11,0.6666666666666666,0.9500000000000001,"{""clf__C"": 10.0, ""clf__gamma_mult"": 0.25}",20.07807469999989
71,quantum/Bures-RBF-SVM,quantum,12,0.6666666666666666,0.85,"{""clf__C"": 10.0, ""clf__gamma_mult"": 1.0}",20.07807469999989
71,quantum/Bures-RBF-SVM,quantum,13,0.5555555555555556,0.39999999999999997,"{""clf__C"": 10.0, ""clf__gamma_mult"": 0.25}",20.07807469999989
71,quantum/Bures-RBF-SVM,quantum,14,0.6666666666666666,0.6000000000000001,"{""clf__C"": 10.0, ""clf__gamma_mult"": 0.25}",20.07807469999989
71,quantum/QRE-RBF-SVM,quantum,0,0.5555555555555556,0.8,"{""clf__C"": 10.0, ""clf__gamma_mult"": 0.25}",15.236417600000095
71,quantum/QRE-RBF-SVM,quantum,1,0.5555555555555556,0.5,"{""clf__C"": 10.0, ""clf__gamma_mult"": 0.25}",15.236417600000095
71,quantum/QRE-RBF-SVM,quantum,2,0.5555555555555556,0.65,"{""clf__C"": 10.0, ""clf__gamma_mult"": 0.25}",15.236417600000095
71,quantum/QRE-RBF-SVM,quantum,3,0.4444444444444444,0.44999999999999996,"{""clf__C"": 10.0, ""clf__gamma_mult"": 0.25}",15.236417600000095
71,quantum/QRE-RBF-SVM,quantum,4,0.6666666666666666,0.7,"{""clf__C"": 10.0, ""clf__gamma_mult"": 1.0}",15.236417600000095
71,quantum/QRE-RBF-SVM,quantum,5,0.5555555555555556,0.65,"{""clf__C"": 10.0, ""clf__gamma_mult"": 0.25}",15.236417600000095
71,quantum/QRE-RBF-SVM,quantum,6,0.6666666666666666,0.5,"{""clf__C"": 10.0, ""clf__gamma_mult"": 0.25}",15.236417600000095
71,quantum/QRE-RBF-SVM,quantum,7,0.5555555555555556,0.7,"{""clf__C"": 10.0, ""clf__gamma_mult"": 0.25}",15.236417600000095
71,quantum/QRE-RBF-SVM,quantum,8,0.7777777777777778,0.85,"{""clf__C"": 10.0, ""clf__gamma_mult"": 0.25}",15.236417600000095
71,quantum/QRE-RBF-SVM,quantum,9,0.8888888888888888,0.95,"{""clf__C"": 10.0, ""clf__gamma_mult"": 0.25}",15.236417600000095
71,quantum/QRE-RBF-SVM,quantum,10,0.8888888888888888,1.0,"{""clf__C"": 10.0, ""clf__gamma_mult"": 0.25}",15.236417600000095
71,quantum/QRE-RBF-SVM,quantum,11,0.5555555555555556,0.9,"{""clf__C"": 10.0, ""clf__gamma_mult"": 0.25}",15.236417600000095
71,quantum/QRE-RBF-SVM,quantum,12,0.6666666666666666,0.85,"{""clf__C"": 10.0, ""clf__gamma_mult"": 1.0}",15.236417600000095
71,quantum/QRE-RBF-SVM,quantum,13,0.5555555555555556,0.45,"{""clf__C"": 10.0, ""clf__gamma_mult"": 0.25}",15.236417600000095
71,quantum/QRE-RBF-SVM,quantum,14,0.6666666666666666,0.6000000000000001,"{""clf__C"": 10.0, ""clf__gamma_mult"": 0.25}",15.236417600000095
71,quantum/HS-overlap-ref-SVM,quantum,0,0.7777777777777778,0.9500000000000001,"{""clf__C"": 10.0}",6.437383200000113
71,quantum/HS-overlap-ref-SVM,quantum,1,0.6666666666666666,1.0,"{""clf__C"": 10.0}",6.437383200000113
71,quantum/HS-overlap-ref-SVM,quantum,2,0.8888888888888888,0.8500000000000001,"{""clf__C"": 10.0}",6.437383200000113
71,quantum/HS-overlap-ref-SVM,quantum,3,0.6666666666666666,0.8,"{""clf__C"": 10.0}",6.437383200000113
71,quantum/HS-overlap-ref-SVM,quantum,4,0.8888888888888888,0.9,"{""clf__C"": 10.0}",6.437383200000113
71,quantum/HS-overlap-ref-SVM,quantum,5,1.0,1.0,"{""clf__C"": 10.0}",6.437383200000113
71,quantum/HS-overlap-ref-SVM,quantum,6,0.7777777777777778,0.8,"{""clf__C"": 10.0}",6.437383200000113
71,quantum/HS-overlap-ref-SVM,quantum,7,1.0,1.0,"{""clf__C"": 10.0}",6.437383200000113
71,quantum/HS-overlap-ref-SVM,quantum,8,1.0,1.0,"{""clf__C"": 10.0}",6.437383200000113
71,quantum/HS-overlap-ref-SVM,quantum,9,0.7777777777777778,0.9,"{""clf__C"": 10.0}",6.437383200000113
71,quantum/HS-overlap-ref-SVM,quantum,10,0.7777777777777778,0.8,"{""clf__C"": 10.0}",6.437383200000113
71,quantum/HS-overlap-ref-SVM,quantum,11,1.0,1.0,"{""clf__C"": 10.0}",6.437383200000113
71,quantum/HS-overlap-ref-SVM,quantum,12,0.8888888888888888,1.0,"{""clf__C"": 10.0}",6.437383200000113
71,quantum/HS-overlap-ref-SVM,quantum,13,0.6666666666666666,0.7,"{""clf__C"": 10.0}",6.437383200000113
71,quantum/HS-overlap-ref-SVM,quantum,14,0.7777777777777778,0.9,"{""clf__C"": 10.0}",6.437383200000113
71,quantum/Fidelity-ref-SVM,quantum,0,0.8888888888888888,0.9500000000000001,"{""clf__C"": 10.0}",10.587392500000533
71,quantum/Fidelity-ref-SVM,quantum,1,0.6666666666666666,1.0,"{""clf__C"": 10.0}",10.587392500000533
71,quantum/Fidelity-ref-SVM,quantum,2,0.8888888888888888,0.9,"{""clf__C"": 10.0}",10.587392500000533
71,quantum/Fidelity-ref-SVM,quantum,3,0.6666666666666666,0.85,"{""clf__C"": 10.0}",10.587392500000533
71,quantum/Fidelity-ref-SVM,quantum,4,0.8888888888888888,0.9,"{""clf__C"": 10.0}",10.587392500000533
71,quantum/Fidelity-ref-SVM,quantum,5,1.0,1.0,"{""clf__C"": 10.0}",10.587392500000533
71,quantum/Fidelity-ref-SVM,quantum,6,0.7777777777777778,0.8,"{""clf__C"": 10.0}",10.587392500000533
71,quantum/Fidelity-ref-SVM,quantum,7,0.7777777777777778,0.95,"{""clf__C"": 10.0}",10.587392500000533
71,quantum/Fidelity-ref-SVM,quantum,8,0.8888888888888888,0.95,"{""clf__C"": 10.0}",10.587392500000533
71,quantum/Fidelity-ref-SVM,quantum,9,0.7777777777777778,0.85,"{""clf__C"": 10.0}",10.587392500000533
71,quantum/Fidelity-ref-SVM,quantum,10,0.7777777777777778,0.9,"{""clf__C"": 10.0}",10.587392500000533
71,quantum/Fidelity-ref-SVM,quantum,11,0.8888888888888888,1.0,"{""clf__C"": 10.0}",10.587392500000533
71,quantum/Fidelity-ref-SVM,quantum,12,0.8888888888888888,0.9,"{""clf__C"": 10.0}",10.587392500000533
71,quantum/Fidelity-ref-SVM,quantum,13,0.5555555555555556,0.65,"{""clf__C"": 10.0}",10.587392500000533
71,quantum/Fidelity-ref-SVM,quantum,14,0.7777777777777778,0.8,"{""clf__C"": 10.0}",10.587392500000533
71,quantum/HS-RBF-ref-SVM,quantum,0,0.8888888888888888,0.9500000000000001,"{""clf__C"": 10.0, ""clf__gamma_mult"": 0.25}",18.01474600000074
71,quantum/HS-RBF-ref-SVM,quantum,1,0.6666666666666666,1.0,"{""clf__C"": 10.0, ""clf__gamma_mult"": 0.25}",18.01474600000074
71,quantum/HS-RBF-ref-SVM,quantum,2,0.8888888888888888,0.8500000000000001,"{""clf__C"": 10.0, ""clf__gamma_mult"": 0.25}",18.01474600000074
71,quantum/HS-RBF-ref-SVM,quantum,3,0.6666666666666666,0.75,"{""clf__C"": 10.0, ""clf__gamma_mult"": 0.25}",18.01474600000074
71,quantum/HS-RBF-ref-SVM,quantum,4,0.8888888888888888,0.9,"{""clf__C"": 10.0, ""clf__gamma_mult"": 0.25}",18.01474600000074
71,quantum/HS-RBF-ref-SVM,quantum,5,0.7777777777777778,1.0,"{""clf__C"": 1.0, ""clf__gamma_mult"": 1.0}",18.01474600000074
71,quantum/HS-RBF-ref-SVM,quantum,6,0.7777777777777778,0.85,"{""clf__C"": 10.0, ""clf__gamma_mult"": 1.0}",18.01474600000074
71,quantum/HS-RBF-ref-SVM,quantum,7,1.0,1.0,"{""clf__C"": 10.0, ""clf__gamma_mult"": 1.0}",18.01474600000074
71,quantum/HS-RBF-ref-SVM,quantum,8,0.8888888888888888,0.85,"{""clf__C"": 1.0, ""clf__gamma_mult"": 1.0}",18.01474600000074
71,quantum/HS-RBF-ref-SVM,quantum,9,0.7777777777777778,0.9,"{""clf__C"": 10.0, ""clf__gamma_mult"": 0.25}",18.01474600000074
71,quantum/HS-RBF-ref-SVM,quantum,10,0.7777777777777778,0.85,"{""clf__C"": 10.0, ""clf__gamma_mult"": 0.25}",18.01474600000074
71,quantum/HS-RBF-ref-SVM,quantum,11,1.0,1.0,"{""clf__C"": 10.0, ""clf__gamma_mult"": 0.25}",18.01474600000074
71,quantum/HS-RBF-ref-SVM,quantum,12,0.8888888888888888,0.95,"{""clf__C"": 10.0, ""clf__gamma_mult"": 1.0}",18.01474600000074
71,quantum/HS-RBF-ref-SVM,quantum,13,0.5555555555555556,0.6,"{""clf__C"": 1.0, ""clf__gamma_mult"": 1.0}",18.01474600000074
71,quantum/HS-RBF-ref-SVM,quantum,14,0.7777777777777778,0.9,"{""clf__C"": 10.0, ""clf__gamma_mult"": 0.25}",18.01474600000074
71,quantum/Bures-RBF-ref-SVM,quantum,0,0.8888888888888888,1.0,"{""clf__C"": 10.0, ""clf__gamma_mult"": 1.0}",27.900759900000594
71,quantum/Bures-RBF-ref-SVM,quantum,1,0.6666666666666666,1.0,"{""clf__C"": 10.0, ""clf__gamma_mult"": 0.25}",27.900759900000594
71,quantum/Bures-RBF-ref-SVM,quantum,2,0.8888888888888888,0.9,"{""clf__C"": 10.0, ""clf__gamma_mult"": 0.25}",27.900759900000594
71,quantum/Bures-RBF-ref-SVM,quantum,3,0.6666666666666666,0.75,"{""clf__C"": 10.0, ""clf__gamma_mult"": 0.25}",27.900759900000594
71,quantum/Bures-RBF-ref-SVM,quantum,4,0.7777777777777778,0.9,"{""clf__C"": 10.0, ""clf__gamma_mult"": 0.25}",27.900759900000594
71,quantum/Bures-RBF-ref-SVM,quantum,5,0.8888888888888888,1.0,"{""clf__C"": 10.0, ""clf__gamma_mult"": 1.0}",27.900759900000594
71,quantum/Bures-RBF-ref-SVM,quantum,6,0.7777777777777778,0.75,"{""clf__C"": 10.0, ""clf__gamma_mult"": 0.25}",27.900759900000594
71,quantum/Bures-RBF-ref-SVM,quantum,7,1.0,1.0,"{""clf__C"": 10.0, ""clf__gamma_mult"": 0.25}",27.900759900000594
71,quantum/Bures-RBF-ref-SVM,quantum,8,0.8888888888888888,1.0,"{""clf__C"": 10.0, ""clf__gamma_mult"": 0.25}",27.900759900000594
71,quantum/Bures-RBF-ref-SVM,quantum,9,0.7777777777777778,0.9,"{""clf__C"": 10.0, ""clf__gamma_mult"": 0.25}",27.900759900000594
71,quantum/Bures-RBF-ref-SVM,quantum,10,0.7777777777777778,0.8,"{""clf__C"": 10.0, ""clf__gamma_mult"": 0.25}",27.900759900000594
71,quantum/Bures-RBF-ref-SVM,quantum,11,0.8888888888888888,1.0,"{""clf__C"": 10.0, ""clf__gamma_mult"": 0.25}",27.900759900000594
71,quantum/Bures-RBF-ref-SVM,quantum,12,0.8888888888888888,0.9,"{""clf__C"": 10.0, ""clf__gamma_mult"": 0.25}",27.900759900000594
71,quantum/Bures-RBF-ref-SVM,quantum,13,0.5555555555555556,0.6,"{""clf__C"": 1.0, ""clf__gamma_mult"": 1.0}",27.900759900000594
71,quantum/Bures-RBF-ref-SVM,quantum,14,0.7777777777777778,0.8,"{""clf__C"": 10.0, ""clf__gamma_mult"": 1.0}",27.900759900000594
71,quantum/QRE-RBF-ref-SVM,quantum,0,0.8888888888888888,0.9500000000000001,"{""clf__C"": 10.0, ""clf__gamma_mult"": 0.25}",21.152609899999334
71,quantum/QRE-RBF-ref-SVM,quantum,1,0.6666666666666666,1.0,"{""clf__C"": 10.0, ""clf__gamma_mult"": 0.25}",21.152609899999334
71,quantum/QRE-RBF-ref-SVM,quantum,2,0.8888888888888888,0.9,"{""clf__C"": 10.0, ""clf__gamma_mult"": 0.25}",21.152609899999334
71,quantum/QRE-RBF-ref-SVM,quantum,3,0.6666666666666666,0.75,"{""clf__C"": 10.0, ""clf__gamma_mult"": 0.25}",21.152609899999334
71,quantum/QRE-RBF-ref-SVM,quantum,4,0.7777777777777778,0.9,"{""clf__C"": 10.0, ""clf__gamma_mult"": 0.25}",21.152609899999334
71,quantum/QRE-RBF-ref-SVM,quantum,5,0.7777777777777778,1.0,"{""clf__C"": 1.0, ""clf__gamma_mult"": 1.0}",21.152609899999334
71,quantum/QRE-RBF-ref-SVM,quantum,6,0.7777777777777778,0.85,"{""clf__C"": 10.0, ""clf__gamma_mult"": 1.0}",21.152609899999334
71,quantum/QRE-RBF-ref-SVM,quantum,7,1.0,1.0,"{""clf__C"": 10.0, ""clf__gamma_mult"": 1.0}",21.152609899999334
71,quantum/QRE-RBF-ref-SVM,quantum,8,1.0,1.0,"{""clf__C"": 10.0, ""clf__gamma_mult"": 0.25}",21.152609899999334
71,quantum/QRE-RBF-ref-SVM,quantum,9,0.7777777777777778,0.9,"{""clf__C"": 10.0, ""clf__gamma_mult"": 0.25}",21.152609899999334
71,quantum/QRE-RBF-ref-SVM,quantum,10,0.7777777777777778,0.8,"{""clf__C"": 10.0, ""clf__gamma_mult"": 0.25}",21.152609899999334
71,quantum/QRE-RBF-ref-SVM,quantum,11,1.0,1.0,"{""clf__C"": 10.0, ""clf__gamma_mult"": 0.25}",21.152609899999334
71,quantum/QRE-RBF-ref-SVM,quantum,12,0.8888888888888888,0.9,"{""clf__C"": 10.0, ""clf__gamma_mult"": 1.0}",21.152609899999334
71,quantum/QRE-RBF-ref-SVM,quantum,13,0.5555555555555556,0.65,"{""clf__C"": 1.0, ""clf__gamma_mult"": 1.0}",21.152609899999334
71,quantum/QRE-RBF-ref-SVM,quantum,14,0.7777777777777778,0.8,"{""clf__C"": 10.0, ""clf__gamma_mult"": 1.0}",21.152609899999334
71,quantum/IQP-kernel-SVM,quantum,0,0.7777777777777778,0.85,"{""clf__C"": 1.0, ""clf__scale"": 1.0}",25.919351600000482
71,quantum/IQP-kernel-SVM,quantum,1,0.6666666666666666,0.8,"{""clf__C"": 1.0, ""clf__scale"": 0.5}",25.919351600000482
71,quantum/IQP-kernel-SVM,quantum,2,0.7777777777777778,0.9,"{""clf__C"": 10.0, ""clf__scale"": 0.5}",25.919351600000482
71,quantum/IQP-kernel-SVM,quantum,3,0.7777777777777778,0.7500000000000001,"{""clf__C"": 1.0, ""clf__scale"": 0.5}",25.919351600000482
71,quantum/IQP-kernel-SVM,quantum,4,0.7777777777777778,0.8,"{""clf__C"": 1.0, ""clf__scale"": 0.5}",25.919351600000482
71,quantum/IQP-kernel-SVM,quantum,5,0.7777777777777778,0.7,"{""clf__C"": 1.0, ""clf__scale"": 0.5}",25.919351600000482
71,quantum/IQP-kernel-SVM,quantum,6,0.7777777777777778,0.9,"{""clf__C"": 1.0, ""clf__scale"": 0.5}",25.919351600000482
71,quantum/IQP-kernel-SVM,quantum,7,1.0,1.0,"{""clf__C"": 1.0, ""clf__scale"": 0.5}",25.919351600000482
71,quantum/IQP-kernel-SVM,quantum,8,0.8888888888888888,0.75,"{""clf__C"": 1.0, ""clf__scale"": 0.5}",25.919351600000482
71,quantum/IQP-kernel-SVM,quantum,9,0.7777777777777778,1.0,"{""clf__C"": 10.0, ""clf__scale"": 0.5}",25.919351600000482
71,quantum/IQP-kernel-SVM,quantum,10,0.8888888888888888,0.9,"{""clf__C"": 1.0, ""clf__scale"": 0.5}",25.919351600000482
71,quantum/IQP-kernel-SVM,quantum,11,0.8888888888888888,0.8,"{""clf__C"": 1.0, ""clf__scale"": 0.5}",25.919351600000482
71,quantum/IQP-kernel-SVM,quantum,12,0.8888888888888888,0.95,"{""clf__C"": 1.0, ""clf__scale"": 0.5}",25.919351600000482
71,quantum/IQP-kernel-SVM,quantum,13,0.8888888888888888,1.0,"{""clf__C"": 1.0, ""clf__scale"": 0.5}",25.919351600000482
71,quantum/IQP-kernel-SVM,quantum,14,0.7777777777777778,0.7500000000000001,"{""clf__C"": 1.0, ""clf__scale"": 0.5}",25.919351600000482
71,quantum/CNOT-kernel-SVM,quantum,0,1.0,1.0,"{""clf__C"": 10.0, ""clf__scale"": 0.5}",23.837325999999848
71,quantum/CNOT-kernel-SVM,quantum,1,0.6666666666666666,0.9,"{""clf__C"": 1.0, ""clf__scale"": 1.0}",23.837325999999848
71,quantum/CNOT-kernel-SVM,quantum,2,0.8888888888888888,0.95,"{""clf__C"": 1.0, ""clf__scale"": 0.5}",23.837325999999848
71,quantum/CNOT-kernel-SVM,quantum,3,0.7777777777777778,0.9,"{""clf__C"": 1.0, ""clf__scale"": 1.0}",23.837325999999848
71,quantum/CNOT-kernel-SVM,quantum,4,0.8888888888888888,0.95,"{""clf__C"": 1.0, ""clf__scale"": 0.5}",23.837325999999848
71,quantum/CNOT-kernel-SVM,quantum,5,0.7777777777777778,0.9500000000000001,"{""clf__C"": 1.0, ""clf__scale"": 0.5}",23.837325999999848
71,quantum/CNOT-kernel-SVM,quantum,6,0.6666666666666666,0.75,"{""clf__C"": 1.0, ""clf__scale"": 1.0}",23.837325999999848
71,quantum/CNOT-kernel-SVM,quantum,7,0.8888888888888888,0.9,"{""clf__C"": 1.0, ""clf__scale"": 0.5}",23.837325999999848
71,quantum/CNOT-kernel-SVM,quantum,8,0.8888888888888888,0.8,"{""clf__C"": 1.0, ""clf__scale"": 1.0}",23.837325999999848
71,quantum/CNOT-kernel-SVM,quantum,9,0.7777777777777778,0.95,"{""clf__C"": 10.0, ""clf__scale"": 0.5}",23.837325999999848
71,quantum/CNOT-kernel-SVM,quantum,10,0.7777777777777778,1.0,"{""clf__C"": 1.0, ""clf__scale"": 0.5}",23.837325999999848
71,quantum/CNOT-kernel-SVM,quantum,11,0.8888888888888888,0.9,"{""clf__C"": 1.0, ""clf__scale"": 0.5}",23.837325999999848
71,quantum/CNOT-kernel-SVM,quantum,12,1.0,1.0,"{""clf__C"": 10.0, ""clf__scale"": 0.5}",23.837325999999848
71,quantum/CNOT-kernel-SVM,quantum,13,0.8888888888888888,0.95,"{""clf__C"": 1.0, ""clf__scale"": 0.5}",23.837325999999848
71,quantum/CNOT-kernel-SVM,quantum,14,0.7777777777777778,0.8,"{""clf__C"": 1.0, ""clf__scale"": 0.5}",23.837325999999848
71,control/IQP-no-entangle,control,0,0.8888888888888888,1.0,"{""clf__C"": 10.0, ""clf__scale"": 0.5}",22.408999599999333
71,control/IQP-no-entangle,control,1,0.7777777777777778,0.9500000000000001,"{""clf__C"": 10.0, ""clf__scale"": 0.5}",22.408999599999333
71,control/IQP-no-entangle,control,2,0.7777777777777778,0.95,"{""clf__C"": 10.0, ""clf__scale"": 1.0}",22.408999599999333
71,control/IQP-no-entangle,control,3,0.6666666666666666,0.75,"{""clf__C"": 10.0, ""clf__scale"": 0.5}",22.408999599999333
71,control/IQP-no-entangle,control,4,0.7777777777777778,0.9,"{""clf__C"": 10.0, ""clf__scale"": 0.5}",22.408999599999333
71,control/IQP-no-entangle,control,5,0.7777777777777778,1.0,"{""clf__C"": 1.0, ""clf__scale"": 0.5}",22.408999599999333
71,control/IQP-no-entangle,control,6,0.7777777777777778,0.75,"{""clf__C"": 1.0, ""clf__scale"": 0.5}",22.408999599999333
71,control/IQP-no-entangle,control,7,0.8888888888888888,0.9,"{""clf__C"": 1.0, ""clf__scale"": 0.5}",22.408999599999333
71,control/IQP-no-entangle,control,8,0.8888888888888888,0.85,"{""clf__C"": 1.0, ""clf__scale"": 0.5}",22.408999599999333
71,control/IQP-no-entangle,control,9,0.8888888888888888,0.95,"{""clf__C"": 1.0, ""clf__scale"": 0.5}",22.408999599999333
71,control/IQP-no-entangle,control,10,0.8888888888888888,1.0,"{""clf__C"": 1.0, ""clf__scale"": 1.0}",22.408999599999333
71,control/IQP-no-entangle,control,11,0.8888888888888888,0.9,"{""clf__C"": 1.0, ""clf__scale"": 0.5}",22.408999599999333
71,control/IQP-no-entangle,control,12,1.0,1.0,"{""clf__C"": 10.0, ""clf__scale"": 0.5}",22.408999599999333
71,control/IQP-no-entangle,control,13,0.7777777777777778,0.85,"{""clf__C"": 1.0, ""clf__scale"": 0.5}",22.408999599999333
71,control/IQP-no-entangle,control,14,0.7777777777777778,0.8,"{""clf__C"": 1.0, ""clf__scale"": 0.5}",22.408999599999333
71,control/PCA-matched-RBF,control,0,0.8888888888888888,1.0,"{""clf__C"": 1.0, ""clf__gamma"": 0.1}",18.93320229999972
71,control/PCA-matched-RBF,control,1,0.6666666666666666,0.9500000000000001,"{""clf__C"": 1.0, ""clf__gamma"": 0.1}",18.93320229999972
71,control/PCA-matched-RBF,control,2,0.8888888888888888,0.95,"{""clf__C"": 10.0, ""clf__gamma"": 0.1}",18.93320229999972
71,control/PCA-matched-RBF,control,3,0.5555555555555556,0.75,"{""clf__C"": 10.0, ""clf__gamma"": 0.01}",18.93320229999972
71,control/PCA-matched-RBF,control,4,0.7777777777777778,0.8500000000000001,"{""clf__C"": 1.0, ""clf__gamma"": ""scale""}",18.93320229999972
71,control/PCA-matched-RBF,control,5,0.7777777777777778,0.9500000000000001,"{""clf__C"": 1.0, ""clf__gamma"": ""scale""}",18.93320229999972
71,control/PCA-matched-RBF,control,6,0.6666666666666666,0.7000000000000001,"{""clf__C"": 10.0, ""clf__gamma"": ""scale""}",18.93320229999972
71,control/PCA-matched-RBF,control,7,0.8888888888888888,0.9,"{""clf__C"": 1.0, ""clf__gamma"": ""scale""}",18.93320229999972
71,control/PCA-matched-RBF,control,8,0.8888888888888888,0.85,"{""clf__C"": 1.0, ""clf__gamma"": 0.1}",18.93320229999972
71,control/PCA-matched-RBF,control,9,0.7777777777777778,0.95,"{""clf__C"": 1.0, ""clf__gamma"": ""scale""}",18.93320229999972
71,control/PCA-matched-RBF,control,10,0.7777777777777778,1.0,"{""clf__C"": 1.0, ""clf__gamma"": ""scale""}",18.93320229999972
71,control/PCA-matched-RBF,control,11,0.8888888888888888,0.9,"{""clf__C"": 1.0, ""clf__gamma"": 0.1}",18.93320229999972
71,control/PCA-matched-RBF,control,12,1.0,1.0,"{""clf__C"": 1.0, ""clf__gamma"": 0.1}",18.93320229999972
71,control/PCA-matched-RBF,control,13,0.7777777777777778,0.75,"{""clf__C"": 10.0, ""clf__gamma"": 0.01}",18.93320229999972
71,control/PCA-matched-RBF,control,14,0.6666666666666666,0.8,"{""clf__C"": 10.0, ""clf__gamma"": 0.01}",18.93320229999972
71,control/PCA-matched-linear,control,0,0.8888888888888888,1.0,"{""clf__C"": 0.1}",6.822454900000594
71,control/PCA-matched-linear,control,1,0.6666666666666666,0.9500000000000001,"{""clf__C"": 1.0}",6.822454900000594
71,control/PCA-matched-linear,control,2,0.7777777777777778,0.95,"{""clf__C"": 1.0}",6.822454900000594
71,control/PCA-matched-linear,control,3,0.5555555555555556,0.75,"{""clf__C"": 0.1}",6.822454900000594
71,control/PCA-matched-linear,control,4,0.8888888888888888,0.8500000000000001,"{""clf__C"": 1.0}",6.822454900000594
71,control/PCA-matched-linear,control,5,0.8888888888888888,1.0,"{""clf__C"": 0.1}",6.822454900000594
71,control/PCA-matched-linear,control,6,0.7777777777777778,0.8,"{""clf__C"": 1.0}",6.822454900000594
71,control/PCA-matched-linear,control,7,0.8888888888888888,0.85,"{""clf__C"": 0.1}",6.822454900000594
71,control/PCA-matched-linear,control,8,0.8888888888888888,0.85,"{""clf__C"": 0.1}",6.822454900000594
71,control/PCA-matched-linear,control,9,0.8888888888888888,0.95,"{""clf__C"": 0.1}",6.822454900000594
71,control/PCA-matched-linear,control,10,0.7777777777777778,0.9,"{""clf__C"": 10.0}",6.822454900000594
71,control/PCA-matched-linear,control,11,0.8888888888888888,0.9,"{""clf__C"": 1.0}",6.822454900000594
71,control/PCA-matched-linear,control,12,0.8888888888888888,0.95,"{""clf__C"": 10.0}",6.822454900000594
71,control/PCA-matched-linear,control,13,0.6666666666666666,0.75,"{""clf__C"": 0.1}",6.822454900000594
71,control/PCA-matched-linear,control,14,0.7777777777777778,0.8,"{""clf__C"": 0.1}",6.822454900000594
71,control/logeuclid-TS+LR,control,0,0.6666666666666666,0.65,"{""clf__C"": 1.0}",5.0940950000003795
71,control/logeuclid-TS+LR,control,1,0.6666666666666666,0.9,"{""clf__C"": 10.0}",5.0940950000003795
71,control/logeuclid-TS+LR,control,2,0.6666666666666666,1.0,"{""clf__C"": 10.0}",5.0940950000003795
71,control/logeuclid-TS+LR,control,3,0.4444444444444444,0.30000000000000004,"{""clf__C"": 1.0}",5.0940950000003795
71,control/logeuclid-TS+LR,control,4,0.6666666666666666,0.7,"{""clf__C"": 1.0}",5.0940950000003795
71,control/logeuclid-TS+LR,control,5,0.5555555555555556,0.65,"{""clf__C"": 1.0}",5.0940950000003795
71,control/logeuclid-TS+LR,control,6,0.6666666666666666,0.5499999999999999,"{""clf__C"": 10.0}",5.0940950000003795
71,control/logeuclid-TS+LR,control,7,0.7777777777777778,0.8,"{""clf__C"": 10.0}",5.0940950000003795
71,control/logeuclid-TS+LR,control,8,0.6666666666666666,0.85,"{""clf__C"": 1.0}",5.0940950000003795
71,control/logeuclid-TS+LR,control,9,0.6666666666666666,0.85,"{""clf__C"": 10.0}",5.0940950000003795
71,control/logeuclid-TS+LR,control,10,0.8888888888888888,0.9500000000000001,"{""clf__C"": 10.0}",5.0940950000003795
71,control/logeuclid-TS+LR,control,11,0.7777777777777778,0.9,"{""clf__C"": 10.0}",5.0940950000003795
71,control/logeuclid-TS+LR,control,12,0.7777777777777778,0.85,"{""clf__C"": 10.0}",5.0940950000003795
71,control/logeuclid-TS+LR,control,13,0.5555555555555556,0.45,"{""clf__C"": 0.1}",5.0940950000003795
71,control/logeuclid-TS+LR,control,14,0.5555555555555556,0.6000000000000001,"{""clf__C"": 1.0}",5.0940950000003795
71,control/riemann-kernel-SVM,control,0,0.7777777777777778,0.9,"{""clf__C"": 1.0}",6.7571160000006785
71,control/riemann-kernel-SVM,control,1,0.7777777777777778,0.9,"{""clf__C"": 10.0}",6.7571160000006785
71,control/riemann-kernel-SVM,control,2,0.8888888888888888,0.9,"{""clf__C"": 1.0}",6.7571160000006785
71,control/riemann-kernel-SVM,control,3,0.6666666666666666,0.75,"{""clf__C"": 1.0}",6.7571160000006785
71,control/riemann-kernel-SVM,control,4,0.7777777777777778,0.85,"{""clf__C"": 1.0}",6.7571160000006785
71,control/riemann-kernel-SVM,control,5,0.8888888888888888,0.9500000000000001,"{""clf__C"": 0.1}",6.7571160000006785
71,control/riemann-kernel-SVM,control,6,0.7777777777777778,0.7000000000000001,"{""clf__C"": 1.0}",6.7571160000006785
71,control/riemann-kernel-SVM,control,7,0.7777777777777778,1.0,"{""clf__C"": 1.0}",6.7571160000006785
71,control/riemann-kernel-SVM,control,8,0.8888888888888888,1.0,"{""clf__C"": 1.0}",6.7571160000006785
71,control/riemann-kernel-SVM,control,9,0.6666666666666666,0.85,"{""clf__C"": 1.0}",6.7571160000006785
71,control/riemann-kernel-SVM,control,10,0.7777777777777778,0.8,"{""clf__C"": 1.0}",6.7571160000006785
71,control/riemann-kernel-SVM,control,11,0.8888888888888888,1.0,"{""clf__C"": 1.0}",6.7571160000006785
71,control/riemann-kernel-SVM,control,12,0.8888888888888888,0.9,"{""clf__C"": 1.0}",6.7571160000006785
71,control/riemann-kernel-SVM,control,13,0.4444444444444444,0.6,"{""clf__C"": 0.1}",6.7571160000006785
71,control/riemann-kernel-SVM,control,14,0.7777777777777778,0.8,"{""clf__C"": 1.0}",6.7571160000006785
71,control/logeuclid-kernel-SVM,control,0,0.8888888888888888,0.9500000000000001,"{""clf__C"": 1.0}",6.486337800000001
71,control/logeuclid-kernel-SVM,control,1,0.7777777777777778,0.9,"{""clf__C"": 1.0}",6.486337800000001
71,control/logeuclid-kernel-SVM,control,2,0.7777777777777778,0.9,"{""clf__C"": 1.0}",6.486337800000001
71,control/logeuclid-kernel-SVM,control,3,0.6666666666666666,0.8,"{""clf__C"": 1.0}",6.486337800000001
71,control/logeuclid-kernel-SVM,control,4,0.7777777777777778,0.85,"{""clf__C"": 1.0}",6.486337800000001
71,control/logeuclid-kernel-SVM,control,5,0.7777777777777778,1.0,"{""clf__C"": 1.0}",6.486337800000001
71,control/logeuclid-kernel-SVM,control,6,0.7777777777777778,0.7000000000000001,"{""clf__C"": 10.0}",6.486337800000001
71,control/logeuclid-kernel-SVM,control,7,0.7777777777777778,1.0,"{""clf__C"": 1.0}",6.486337800000001
71,control/logeuclid-kernel-SVM,control,8,1.0,1.0,"{""clf__C"": 1.0}",6.486337800000001
71,control/logeuclid-kernel-SVM,control,9,0.6666666666666666,0.85,"{""clf__C"": 1.0}",6.486337800000001
71,control/logeuclid-kernel-SVM,control,10,0.6666666666666666,0.85,"{""clf__C"": 1.0}",6.486337800000001
71,control/logeuclid-kernel-SVM,control,11,0.8888888888888888,1.0,"{""clf__C"": 1.0}",6.486337800000001
71,control/logeuclid-kernel-SVM,control,12,0.8888888888888888,0.85,"{""clf__C"": 1.0}",6.486337800000001
71,control/logeuclid-kernel-SVM,control,13,0.5555555555555556,0.6000000000000001,"{""clf__C"": 1.0}",6.486337800000001
71,control/logeuclid-kernel-SVM,control,14,0.7777777777777778,0.8,"{""clf__C"": 1.0}",6.486337800000001
72,classical/logvar+LDA,classical,0,0.8888888888888888,0.95,{},0.1101755999998204
72,classical/logvar+LDA,classical,1,1.0,1.0,{},0.1101755999998204
72,classical/logvar+LDA,classical,2,0.6666666666666666,0.95,{},0.1101755999998204
72,classical/logvar+LDA,classical,3,0.7777777777777778,0.9,{},0.1101755999998204
72,classical/logvar+LDA,classical,4,0.7777777777777778,1.0,{},0.1101755999998204
72,classical/logvar+LDA,classical,5,0.7777777777777778,0.95,{},0.1101755999998204
72,classical/logvar+LDA,classical,6,0.8888888888888888,1.0,{},0.1101755999998204
72,classical/logvar+LDA,classical,7,0.8888888888888888,1.0,{},0.1101755999998204
72,classical/logvar+LDA,classical,8,0.8888888888888888,1.0,{},0.1101755999998204
72,classical/logvar+LDA,classical,9,0.8888888888888888,0.9500000000000001,{},0.1101755999998204
72,classical/logvar+LDA,classical,10,1.0,1.0,{},0.1101755999998204
72,classical/logvar+LDA,classical,11,0.7777777777777778,1.0,{},0.1101755999998204
72,classical/logvar+LDA,classical,12,0.8888888888888888,1.0,{},0.1101755999998204
72,classical/logvar+LDA,classical,13,0.8888888888888888,1.0,{},0.1101755999998204
72,classical/logvar+LDA,classical,14,0.6666666666666666,0.8,{},0.1101755999998204
72,classical/CSP+LDA,classical,0,1.0,1.0,"{""csp__nfilter"": 4}",4.193393599999581
72,classical/CSP+LDA,classical,1,1.0,1.0,"{""csp__nfilter"": 6}",4.193393599999581
72,classical/CSP+LDA,classical,2,0.7777777777777778,1.0,"{""csp__nfilter"": 4}",4.193393599999581
72,classical/CSP+LDA,classical,3,0.8888888888888888,1.0,"{""csp__nfilter"": 6}",4.193393599999581
72,classical/CSP+LDA,classical,4,0.8888888888888888,1.0,"{""csp__nfilter"": 4}",4.193393599999581
72,classical/CSP+LDA,classical,5,1.0,1.0,"{""csp__nfilter"": 4}",4.193393599999581
72,classical/CSP+LDA,classical,6,1.0,1.0,"{""csp__nfilter"": 4}",4.193393599999581
72,classical/CSP+LDA,classical,7,0.8888888888888888,1.0,"{""csp__nfilter"": 6}",4.193393599999581
72,classical/CSP+LDA,classical,8,0.8888888888888888,1.0,"{""csp__nfilter"": 6}",4.193393599999581
72,classical/CSP+LDA,classical,9,0.8888888888888888,1.0,"{""csp__nfilter"": 4}",4.193393599999581
72,classical/CSP+LDA,classical,10,0.8888888888888888,1.0,"{""csp__nfilter"": 4}",4.193393599999581
72,classical/CSP+LDA,classical,11,0.7777777777777778,1.0,"{""csp__nfilter"": 6}",4.193393599999581
72,classical/CSP+LDA,classical,12,1.0,1.0,"{""csp__nfilter"": 4}",4.193393599999581
72,classical/CSP+LDA,classical,13,1.0,1.0,"{""csp__nfilter"": 4}",4.193393599999581
72,classical/CSP+LDA,classical,14,1.0,1.0,"{""csp__nfilter"": 4}",4.193393599999581
72,classical/MDM,classical,0,0.8888888888888888,1.0,{},0.6700508000003538
72,classical/MDM,classical,1,1.0,1.0,{},0.6700508000003538
72,classical/MDM,classical,2,0.7777777777777778,1.0,{},0.6700508000003538
72,classical/MDM,classical,3,1.0,1.0,{},0.6700508000003538
72,classical/MDM,classical,4,0.8888888888888888,0.9500000000000001,{},0.6700508000003538
72,classical/MDM,classical,5,0.8888888888888888,1.0,{},0.6700508000003538
72,classical/MDM,classical,6,0.8888888888888888,1.0,{},0.6700508000003538
72,classical/MDM,classical,7,1.0,1.0,{},0.6700508000003538
72,classical/MDM,classical,8,0.8888888888888888,1.0,{},0.6700508000003538
72,classical/MDM,classical,9,0.8888888888888888,1.0,{},0.6700508000003538
72,classical/MDM,classical,10,0.8888888888888888,1.0,{},0.6700508000003538
72,classical/MDM,classical,11,0.8888888888888888,1.0,{},0.6700508000003538
72,classical/MDM,classical,12,0.8888888888888888,1.0,{},0.6700508000003538
72,classical/MDM,classical,13,0.8888888888888888,1.0,{},0.6700508000003538
72,classical/MDM,classical,14,1.0,1.0,{},0.6700508000003538
72,classical/TS+LR,classical,0,0.8888888888888888,1.0,"{""clf__C"": 0.1}",6.822920000000522
72,classical/TS+LR,classical,1,1.0,1.0,"{""clf__C"": 0.1}",6.822920000000522
72,classical/TS+LR,classical,2,0.8888888888888888,1.0,"{""clf__C"": 0.1}",6.822920000000522
72,classical/TS+LR,classical,3,1.0,1.0,"{""clf__C"": 0.1}",6.822920000000522
72,classical/TS+LR,classical,4,0.8888888888888888,1.0,"{""clf__C"": 0.1}",6.822920000000522
72,classical/TS+LR,classical,5,0.8888888888888888,1.0,"{""clf__C"": 1.0}",6.822920000000522
72,classical/TS+LR,classical,6,1.0,1.0,"{""clf__C"": 0.1}",6.822920000000522
72,classical/TS+LR,classical,7,0.8888888888888888,1.0,"{""clf__C"": 0.1}",6.822920000000522
72,classical/TS+LR,classical,8,0.8888888888888888,1.0,"{""clf__C"": 0.1}",6.822920000000522
72,classical/TS+LR,classical,9,1.0,1.0,"{""clf__C"": 0.1}",6.822920000000522
72,classical/TS+LR,classical,10,0.8888888888888888,1.0,"{""clf__C"": 0.1}",6.822920000000522
72,classical/TS+LR,classical,11,0.8888888888888888,0.95,"{""clf__C"": 10.0}",6.822920000000522
72,classical/TS+LR,classical,12,1.0,1.0,"{""clf__C"": 0.1}",6.822920000000522
72,classical/TS+LR,classical,13,0.8888888888888888,0.9500000000000001,"{""clf__C"": 0.1}",6.822920000000522
72,classical/TS+LR,classical,14,1.0,1.0,"{""clf__C"": 0.1}",6.822920000000522
72,classical/TS+RBF-SVM,classical,0,0.8888888888888888,1.0,"{""clf__C"": 10.0, ""clf__gamma"": ""scale""}",18.601900300000125
72,classical/TS+RBF-SVM,classical,1,1.0,1.0,"{""clf__C"": 10.0, ""clf__gamma"": ""scale""}",18.601900300000125
72,classical/TS+RBF-SVM,classical,2,0.7777777777777778,1.0,"{""clf__C"": 1.0, ""clf__gamma"": ""scale""}",18.601900300000125
72,classical/TS+RBF-SVM,classical,3,1.0,1.0,"{""clf__C"": 1.0, ""clf__gamma"": ""scale""}",18.601900300000125
72,classical/TS+RBF-SVM,classical,4,0.7777777777777778,1.0,"{""clf__C"": 1.0, ""clf__gamma"": ""scale""}",18.601900300000125
72,classical/TS+RBF-SVM,classical,5,0.8888888888888888,1.0,"{""clf__C"": 1.0, ""clf__gamma"": ""scale""}",18.601900300000125
72,classical/TS+RBF-SVM,classical,6,0.8888888888888888,1.0,"{""clf__C"": 1.0, ""clf__gamma"": ""scale""}",18.601900300000125
72,classical/TS+RBF-SVM,classical,7,0.8888888888888888,1.0,"{""clf__C"": 10.0, ""clf__gamma"": ""scale""}",18.601900300000125
72,classical/TS+RBF-SVM,classical,8,0.8888888888888888,1.0,"{""clf__C"": 1.0, ""clf__gamma"": 0.01}",18.601900300000125
72,classical/TS+RBF-SVM,classical,9,1.0,1.0,"{""clf__C"": 10.0, ""clf__gamma"": ""scale""}",18.601900300000125
72,classical/TS+RBF-SVM,classical,10,0.7777777777777778,1.0,"{""clf__C"": 1.0, ""clf__gamma"": ""scale""}",18.601900300000125
72,classical/TS+RBF-SVM,classical,11,0.8888888888888888,1.0,"{""clf__C"": 10.0, ""clf__gamma"": ""scale""}",18.601900300000125
72,classical/TS+RBF-SVM,classical,12,0.8888888888888888,1.0,"{""clf__C"": 1.0, ""clf__gamma"": ""scale""}",18.601900300000125
72,classical/TS+RBF-SVM,classical,13,0.8888888888888888,1.0,"{""clf__C"": 1.0, ""clf__gamma"": ""scale""}",18.601900300000125
72,classical/TS+RBF-SVM,classical,14,1.0,1.0,"{""clf__C"": 1.0, ""clf__gamma"": ""scale""}",18.601900300000125
72,quantum/HS-overlap-SVM,quantum,0,0.5555555555555556,0.8,"{""clf__C"": 10.0}",4.466622400000233
72,quantum/HS-overlap-SVM,quantum,1,0.6666666666666666,0.95,"{""clf__C"": 10.0}",4.466622400000233
72,quantum/HS-overlap-SVM,quantum,2,0.4444444444444444,0.8,"{""clf__C"": 10.0}",4.466622400000233
72,quantum/HS-overlap-SVM,quantum,3,0.4444444444444444,0.5,"{""clf__C"": 10.0}",4.466622400000233
72,quantum/HS-overlap-SVM,quantum,4,0.7777777777777778,0.8,"{""clf__C"": 10.0}",4.466622400000233
72,quantum/HS-overlap-SVM,quantum,5,0.4444444444444444,0.6000000000000001,"{""clf__C"": 10.0}",4.466622400000233
72,quantum/HS-overlap-SVM,quantum,6,0.5555555555555556,0.9,"{""clf__C"": 10.0}",4.466622400000233
72,quantum/HS-overlap-SVM,quantum,7,0.5555555555555556,0.7500000000000001,"{""clf__C"": 10.0}",4.466622400000233
72,quantum/HS-overlap-SVM,quantum,8,0.6666666666666666,0.8,"{""clf__C"": 10.0}",4.466622400000233
72,quantum/HS-overlap-SVM,quantum,9,0.4444444444444444,0.85,"{""clf__C"": 10.0}",4.466622400000233
72,quantum/HS-overlap-SVM,quantum,10,0.5555555555555556,0.9,"{""clf__C"": 10.0}",4.466622400000233
72,quantum/HS-overlap-SVM,quantum,11,0.6666666666666666,0.8,"{""clf__C"": 10.0}",4.466622400000233
72,quantum/HS-overlap-SVM,quantum,12,0.5555555555555556,0.8,"{""clf__C"": 10.0}",4.466622400000233
72,quantum/HS-overlap-SVM,quantum,13,0.5555555555555556,0.55,"{""clf__C"": 10.0}",4.466622400000233
72,quantum/HS-overlap-SVM,quantum,14,0.5555555555555556,0.65,"{""clf__C"": 10.0}",4.466622400000233
72,quantum/Fidelity-SVM,quantum,0,0.5555555555555556,0.8,"{""clf__C"": 0.1}",7.67839449999974
72,quantum/Fidelity-SVM,quantum,1,0.6666666666666666,0.95,"{""clf__C"": 0.1}",7.67839449999974
72,quantum/Fidelity-SVM,quantum,2,0.4444444444444444,0.8,"{""clf__C"": 0.1}",7.67839449999974
72,quantum/Fidelity-SVM,quantum,3,0.4444444444444444,0.5,"{""clf__C"": 0.1}",7.67839449999974
72,quantum/Fidelity-SVM,quantum,4,0.4444444444444444,0.775,"{""clf__C"": 0.1}",7.67839449999974
72,quantum/Fidelity-SVM,quantum,5,0.4444444444444444,0.55,"{""clf__C"": 0.1}",7.67839449999974
72,quantum/Fidelity-SVM,quantum,6,0.5555555555555556,0.9,"{""clf__C"": 0.1}",7.67839449999974
72,quantum/Fidelity-SVM,quantum,7,0.5555555555555556,0.7,"{""clf__C"": 0.1}",7.67839449999974
72,quantum/Fidelity-SVM,quantum,8,0.4444444444444444,0.875,"{""clf__C"": 0.1}",7.67839449999974
72,quantum/Fidelity-SVM,quantum,9,0.4444444444444444,0.85,"{""clf__C"": 0.1}",7.67839449999974
72,quantum/Fidelity-SVM,quantum,10,0.5555555555555556,0.9,"{""clf__C"": 0.1}",7.67839449999974
72,quantum/Fidelity-SVM,quantum,11,0.6666666666666666,0.7500000000000001,"{""clf__C"": 0.1}",7.67839449999974
72,quantum/Fidelity-SVM,quantum,12,0.5555555555555556,0.8,"{""clf__C"": 0.1}",7.67839449999974
72,quantum/Fidelity-SVM,quantum,13,0.4444444444444444,0.5,"{""clf__C"": 0.1}",7.67839449999974
72,quantum/Fidelity-SVM,quantum,14,0.4444444444444444,0.65,"{""clf__C"": 0.1}",7.67839449999974
72,quantum/HS-RBF-SVM,quantum,0,0.8888888888888888,0.8500000000000001,"{""clf__C"": 10.0, ""clf__gamma_mult"": 0.25}",12.361083800000415
72,quantum/HS-RBF-SVM,quantum,1,0.8888888888888888,1.0,"{""clf__C"": 10.0, ""clf__gamma_mult"": 0.25}",12.361083800000415
72,quantum/HS-RBF-SVM,quantum,2,0.5555555555555556,0.8,"{""clf__C"": 10.0, ""clf__gamma_mult"": 0.25}",12.361083800000415
72,quantum/HS-RBF-SVM,quantum,3,0.7777777777777778,0.75,"{""clf__C"": 10.0, ""clf__gamma_mult"": 4.0}",12.361083800000415
72,quantum/HS-RBF-SVM,quantum,4,0.7777777777777778,0.75,"{""clf__C"": 10.0, ""clf__gamma_mult"": 1.0}",12.361083800000415
72,quantum/HS-RBF-SVM,quantum,5,0.4444444444444444,0.65,"{""clf__C"": 10.0, ""clf__gamma_mult"": 1.0}",12.361083800000415
72,quantum/HS-RBF-SVM,quantum,6,0.6666666666666666,1.0,"{""clf__C"": 10.0, ""clf__gamma_mult"": 0.25}",12.361083800000415
72,quantum/HS-RBF-SVM,quantum,7,0.8888888888888888,0.9,"{""clf__C"": 10.0, ""clf__gamma_mult"": 0.25}",12.361083800000415
72,quantum/HS-RBF-SVM,quantum,8,0.8888888888888888,0.8,"{""clf__C"": 10.0, ""clf__gamma_mult"": 1.0}",12.361083800000415
72,quantum/HS-RBF-SVM,quantum,9,0.7777777777777778,0.9,"{""clf__C"": 10.0, ""clf__gamma_mult"": 4.0}",12.361083800000415
72,quantum/HS-RBF-SVM,quantum,10,0.8888888888888888,0.95,"{""clf__C"": 10.0, ""clf__gamma_mult"": 0.25}",12.361083800000415
72,quantum/HS-RBF-SVM,quantum,11,0.7777777777777778,0.7500000000000001,"{""clf__C"": 10.0, ""clf__gamma_mult"": 0.25}",12.361083800000415
72,quantum/HS-RBF-SVM,quantum,12,0.7777777777777778,1.0,"{""clf__C"": 10.0, ""clf__gamma_mult"": 1.0}",12.361083800000415
72,quantum/HS-RBF-SVM,quantum,13,0.6666666666666666,0.75,"{""clf__C"": 10.0, ""clf__gamma_mult"": 1.0}",12.361083800000415
72,quantum/HS-RBF-SVM,quantum,14,0.7777777777777778,0.85,"{""clf__C"": 10.0, ""clf__gamma_mult"": 0.25}",12.361083800000415
72,quantum/Bures-RBF-SVM,quantum,0,0.7777777777777778,0.8500000000000001,"{""clf__C"": 10.0, ""clf__gamma_mult"": 1.0}",20.471092200000385
72,quantum/Bures-RBF-SVM,quantum,1,0.8888888888888888,1.0,"{""clf__C"": 10.0, ""clf__gamma_mult"": 0.25}",20.471092200000385
72,quantum/Bures-RBF-SVM,quantum,2,0.5555555555555556,0.7,"{""clf__C"": 1.0, ""clf__gamma_mult"": 1.0}",20.471092200000385
72,quantum/Bures-RBF-SVM,quantum,3,0.7777777777777778,0.85,"{""clf__C"": 10.0, ""clf__gamma_mult"": 0.25}",20.471092200000385
72,quantum/Bures-RBF-SVM,quantum,4,0.7777777777777778,0.75,"{""clf__C"": 10.0, ""clf__gamma_mult"": 1.0}",20.471092200000385
72,quantum/Bures-RBF-SVM,quantum,5,0.4444444444444444,0.65,"{""clf__C"": 10.0, ""clf__gamma_mult"": 1.0}",20.471092200000385
72,quantum/Bures-RBF-SVM,quantum,6,0.6666666666666666,1.0,"{""clf__C"": 10.0, ""clf__gamma_mult"": 1.0}",20.471092200000385
72,quantum/Bures-RBF-SVM,quantum,7,0.7777777777777778,0.9,"{""clf__C"": 10.0, ""clf__gamma_mult"": 0.25}",20.471092200000385
72,quantum/Bures-RBF-SVM,quantum,8,0.8888888888888888,0.9,"{""clf__C"": 10.0, ""clf__gamma_mult"": 1.0}",20.471092200000385
72,quantum/Bures-RBF-SVM,quantum,9,0.8888888888888888,1.0,"{""clf__C"": 10.0, ""clf__gamma_mult"": 0.25}",20.471092200000385
72,quantum/Bures-RBF-SVM,quantum,10,0.7777777777777778,0.9,"{""clf__C"": 1.0, ""clf__gamma_mult"": 1.0}",20.471092200000385
72,quantum/Bures-RBF-SVM,quantum,11,0.7777777777777778,0.7,"{""clf__C"": 10.0, ""clf__gamma_mult"": 0.25}",20.471092200000385
72,quantum/Bures-RBF-SVM,quantum,12,0.7777777777777778,0.9,"{""clf__C"": 1.0, ""clf__gamma_mult"": 1.0}",20.471092200000385
72,quantum/Bures-RBF-SVM,quantum,13,0.6666666666666666,0.8,"{""clf__C"": 10.0, ""clf__gamma_mult"": 1.0}",20.471092200000385
72,quantum/Bures-RBF-SVM,quantum,14,0.7777777777777778,0.9,"{""clf__C"": 10.0, ""clf__gamma_mult"": 0.25}",20.471092200000385
72,quantum/QRE-RBF-SVM,quantum,0,0.7777777777777778,0.8,"{""clf__C"": 10.0, ""clf__gamma_mult"": 1.0}",15.647858700000143
72,quantum/QRE-RBF-SVM,quantum,1,0.8888888888888888,1.0,"{""clf__C"": 10.0, ""clf__gamma_mult"": 0.25}",15.647858700000143
72,quantum/QRE-RBF-SVM,quantum,2,0.5555555555555556,0.8,"{""clf__C"": 10.0, ""clf__gamma_mult"": 0.25}",15.647858700000143
72,quantum/QRE-RBF-SVM,quantum,3,0.7777777777777778,0.85,"{""clf__C"": 10.0, ""clf__gamma_mult"": 0.25}",15.647858700000143
72,quantum/QRE-RBF-SVM,quantum,4,0.7777777777777778,0.75,"{""clf__C"": 10.0, ""clf__gamma_mult"": 1.0}",15.647858700000143
72,quantum/QRE-RBF-SVM,quantum,5,0.4444444444444444,0.6,"{""clf__C"": 10.0, ""clf__gamma_mult"": 1.0}",15.647858700000143
72,quantum/QRE-RBF-SVM,quantum,6,0.6666666666666666,1.0,"{""clf__C"": 10.0, ""clf__gamma_mult"": 1.0}",15.647858700000143
72,quantum/QRE-RBF-SVM,quantum,7,0.7777777777777778,0.9,"{""clf__C"": 10.0, ""clf__gamma_mult"": 0.25}",15.647858700000143
72,quantum/QRE-RBF-SVM,quantum,8,0.8888888888888888,0.9,"{""clf__C"": 10.0, ""clf__gamma_mult"": 1.0}",15.647858700000143
72,quantum/QRE-RBF-SVM,quantum,9,0.8888888888888888,1.0,"{""clf__C"": 10.0, ""clf__gamma_mult"": 0.25}",15.647858700000143
72,quantum/QRE-RBF-SVM,quantum,10,0.7777777777777778,0.9,"{""clf__C"": 1.0, ""clf__gamma_mult"": 1.0}",15.647858700000143
72,quantum/QRE-RBF-SVM,quantum,11,0.7777777777777778,0.6,"{""clf__C"": 10.0, ""clf__gamma_mult"": 0.25}",15.647858700000143
72,quantum/QRE-RBF-SVM,quantum,12,0.7777777777777778,0.9,"{""clf__C"": 1.0, ""clf__gamma_mult"": 1.0}",15.647858700000143
72,quantum/QRE-RBF-SVM,quantum,13,0.6666666666666666,0.75,"{""clf__C"": 10.0, ""clf__gamma_mult"": 1.0}",15.647858700000143
72,quantum/QRE-RBF-SVM,quantum,14,0.7777777777777778,0.9,"{""clf__C"": 10.0, ""clf__gamma_mult"": 0.25}",15.647858700000143
72,quantum/HS-overlap-ref-SVM,quantum,0,0.8888888888888888,1.0,"{""clf__C"": 10.0}",6.663127700000587
72,quantum/HS-overlap-ref-SVM,quantum,1,1.0,1.0,"{""clf__C"": 10.0}",6.663127700000587
72,quantum/HS-overlap-ref-SVM,quantum,2,0.6666666666666666,1.0,"{""clf__C"": 1.0}",6.663127700000587
72,quantum/HS-overlap-ref-SVM,quantum,3,0.8888888888888888,1.0,"{""clf__C"": 10.0}",6.663127700000587
72,quantum/HS-overlap-ref-SVM,quantum,4,0.8888888888888888,1.0,"{""clf__C"": 10.0}",6.663127700000587
72,quantum/HS-overlap-ref-SVM,quantum,5,0.7777777777777778,1.0,"{""clf__C"": 1.0}",6.663127700000587
72,quantum/HS-overlap-ref-SVM,quantum,6,0.8888888888888888,1.0,"{""clf__C"": 1.0}",6.663127700000587
72,quantum/HS-overlap-ref-SVM,quantum,7,0.8888888888888888,1.0,"{""clf__C"": 10.0}",6.663127700000587
72,quantum/HS-overlap-ref-SVM,quantum,8,0.8888888888888888,1.0,"{""clf__C"": 1.0}",6.663127700000587
72,quantum/HS-overlap-ref-SVM,quantum,9,0.8888888888888888,1.0,"{""clf__C"": 10.0}",6.663127700000587
72,quantum/HS-overlap-ref-SVM,quantum,10,0.7777777777777778,1.0,"{""clf__C"": 1.0}",6.663127700000587
72,quantum/HS-overlap-ref-SVM,quantum,11,0.8888888888888888,0.95,"{""clf__C"": 10.0}",6.663127700000587
72,quantum/HS-overlap-ref-SVM,quantum,12,0.8888888888888888,1.0,"{""clf__C"": 1.0}",6.663127700000587
72,quantum/HS-overlap-ref-SVM,quantum,13,0.7777777777777778,0.85,"{""clf__C"": 10.0}",6.663127700000587
72,quantum/HS-overlap-ref-SVM,quantum,14,0.8888888888888888,1.0,"{""clf__C"": 10.0}",6.663127700000587
72,quantum/Fidelity-ref-SVM,quantum,0,0.8888888888888888,1.0,"{""clf__C"": 10.0}",10.750327199999447
72,quantum/Fidelity-ref-SVM,quantum,1,1.0,1.0,"{""clf__C"": 10.0}",10.750327199999447
72,quantum/Fidelity-ref-SVM,quantum,2,0.6666666666666666,1.0,"{""clf__C"": 1.0}",10.750327199999447
72,quantum/Fidelity-ref-SVM,quantum,3,1.0,1.0,"{""clf__C"": 10.0}",10.750327199999447
72,quantum/Fidelity-ref-SVM,quantum,4,0.7777777777777778,1.0,"{""clf__C"": 10.0}",10.750327199999447
72,quantum/Fidelity-ref-SVM,quantum,5,0.7777777777777778,1.0,"{""clf__C"": 1.0}",10.750327199999447
72,quantum/Fidelity-ref-SVM,quantum,6,0.8888888888888888,1.0,"{""clf__C"": 1.0}",10.750327199999447
72,quantum/Fidelity-ref-SVM,quantum,7,0.8888888888888888,1.0,"{""clf__C"": 10.0}",10.750327199999447
72,quantum/Fidelity-ref-SVM,quantum,8,0.8888888888888888,1.0,"{""clf__C"": 1.0}",10.750327199999447
72,quantum/Fidelity-ref-SVM,quantum,9,1.0,1.0,"{""clf__C"": 10.0}",10.750327199999447
72,quantum/Fidelity-ref-SVM,quantum,10,0.7777777777777778,1.0,"{""clf__C"": 1.0}",10.750327199999447
72,quantum/Fidelity-ref-SVM,quantum,11,0.8888888888888888,1.0,"{""clf__C"": 1.0}",10.750327199999447
72,quantum/Fidelity-ref-SVM,quantum,12,0.8888888888888888,1.0,"{""clf__C"": 1.0}",10.750327199999447
72,quantum/Fidelity-ref-SVM,quantum,13,0.7777777777777778,0.9,"{""clf__C"": 10.0}",10.750327199999447
72,quantum/Fidelity-ref-SVM,quantum,14,1.0,1.0,"{""clf__C"": 10.0}",10.750327199999447
72,quantum/HS-RBF-ref-SVM,quantum,0,0.8888888888888888,1.0,"{""clf__C"": 10.0, ""clf__gamma_mult"": 0.25}",18.63033070000074
72,quantum/HS-RBF-ref-SVM,quantum,1,1.0,1.0,"{""clf__C"": 10.0, ""clf__gamma_mult"": 0.25}",18.63033070000074
72,quantum/HS-RBF-ref-SVM,quantum,2,0.6666666666666666,1.0,"{""clf__C"": 1.0, ""clf__gamma_mult"": 0.25}",18.63033070000074
72,quantum/HS-RBF-ref-SVM,quantum,3,0.8888888888888888,1.0,"{""clf__C"": 10.0, ""clf__gamma_mult"": 0.25}",18.63033070000074
72,quantum/HS-RBF-ref-SVM,quantum,4,0.7777777777777778,0.9,"{""clf__C"": 1.0, ""clf__gamma_mult"": 4.0}",18.63033070000074
72,quantum/HS-RBF-ref-SVM,quantum,5,0.8888888888888888,1.0,"{""clf__C"": 10.0, ""clf__gamma_mult"": 0.25}",18.63033070000074
72,quantum/HS-RBF-ref-SVM,quantum,6,0.8888888888888888,1.0,"{""clf__C"": 1.0, ""clf__gamma_mult"": 0.25}",18.63033070000074
72,quantum/HS-RBF-ref-SVM,quantum,7,0.8888888888888888,1.0,"{""clf__C"": 10.0, ""clf__gamma_mult"": 1.0}",18.63033070000074
72,quantum/HS-RBF-ref-SVM,quantum,8,0.8888888888888888,0.9500000000000001,"{""clf__C"": 1.0, ""clf__gamma_mult"": 0.25}",18.63033070000074
72,quantum/HS-RBF-ref-SVM,quantum,9,0.8888888888888888,1.0,"{""clf__C"": 10.0, ""clf__gamma_mult"": 0.25}",18.63033070000074
72,quantum/HS-RBF-ref-SVM,quantum,10,0.7777777777777778,1.0,"{""clf__C"": 1.0, ""clf__gamma_mult"": 4.0}",18.63033070000074
72,quantum/HS-RBF-ref-SVM,quantum,11,0.8888888888888888,0.95,"{""clf__C"": 10.0, ""clf__gamma_mult"": 1.0}",18.63033070000074
72,quantum/HS-RBF-ref-SVM,quantum,12,0.8888888888888888,1.0,"{""clf__C"": 1.0, ""clf__gamma_mult"": 4.0}",18.63033070000074
72,quantum/HS-RBF-ref-SVM,quantum,13,0.7777777777777778,0.9500000000000001,"{""clf__C"": 10.0, ""clf__gamma_mult"": 1.0}",18.63033070000074
72,quantum/HS-RBF-ref-SVM,quantum,14,0.8888888888888888,0.9500000000000001,"{""clf__C"": 10.0, ""clf__gamma_mult"": 0.25}",18.63033070000074
72,quantum/Bures-RBF-ref-SVM,quantum,0,0.8888888888888888,1.0,"{""clf__C"": 10.0, ""clf__gamma_mult"": 0.25}",28.352203000000372
72,quantum/Bures-RBF-ref-SVM,quantum,1,1.0,1.0,"{""clf__C"": 10.0, ""clf__gamma_mult"": 4.0}",28.352203000000372
72,quantum/Bures-RBF-ref-SVM,quantum,2,0.6666666666666666,1.0,"{""clf__C"": 1.0, ""clf__gamma_mult"": 0.25}",28.352203000000372
72,quantum/Bures-RBF-ref-SVM,quantum,3,1.0,1.0,"{""clf__C"": 1.0, ""clf__gamma_mult"": 4.0}",28.352203000000372
72,quantum/Bures-RBF-ref-SVM,quantum,4,0.8888888888888888,1.0,"{""clf__C"": 10.0, ""clf__gamma_mult"": 0.25}",28.352203000000372
72,quantum/Bures-RBF-ref-SVM,quantum,5,0.8888888888888888,1.0,"{""clf__C"": 10.0, ""clf__gamma_mult"": 1.0}",28.352203000000372
72,quantum/Bures-RBF-ref-SVM,quantum,6,0.8888888888888888,1.0,"{""clf__C"": 1.0, ""clf__gamma_mult"": 0.25}",28.352203000000372
72,quantum/Bures-RBF-ref-SVM,quantum,7,0.8888888888888888,1.0,"{""clf__C"": 10.0, ""clf__gamma_mult"": 0.25}",28.352203000000372
72,quantum/Bures-RBF-ref-SVM,quantum,8,0.8888888888888888,1.0,"{""clf__C"": 1.0, ""clf__gamma_mult"": 0.25}",28.352203000000372
72,quantum/Bures-RBF-ref-SVM,quantum,9,1.0,1.0,"{""clf__C"": 10.0, ""clf__gamma_mult"": 0.25}",28.352203000000372
72,quantum/Bures-RBF-ref-SVM,quantum,10,0.7777777777777778,1.0,"{""clf__C"": 1.0, ""clf__gamma_mult"": 4.0}",28.352203000000372
72,quantum/Bures-RBF-ref-SVM,quantum,11,0.8888888888888888,0.95,"{""clf__C"": 10.0, ""clf__gamma_mult"": 0.25}",28.352203000000372
72,quantum/Bures-RBF-ref-SVM,quantum,12,1.0,1.0,"{""clf__C"": 10.0, ""clf__gamma_mult"": 0.25}",28.352203000000372
72,quantum/Bures-RBF-ref-SVM,quantum,13,0.7777777777777778,0.9500000000000001,"{""clf__C"": 1.0, ""clf__gamma_mult"": 4.0}",28.352203000000372
72,quantum/Bures-RBF-ref-SVM,quantum,14,0.8888888888888888,1.0,"{""clf__C"": 10.0, ""clf__gamma_mult"": 1.0}",28.352203000000372
72,quantum/QRE-RBF-ref-SVM,quantum,0,0.8888888888888888,1.0,"{""clf__C"": 10.0, ""clf__gamma_mult"": 0.25}",22.112105299999712
72,quantum/QRE-RBF-ref-SVM,quantum,1,1.0,1.0,"{""clf__C"": 10.0, ""clf__gamma_mult"": 4.0}",22.112105299999712
72,quantum/QRE-RBF-ref-SVM,quantum,2,0.6666666666666666,1.0,"{""clf__C"": 1.0, ""clf__gamma_mult"": 0.25}",22.112105299999712
72,quantum/QRE-RBF-ref-SVM,quantum,3,1.0,1.0,"{""clf__C"": 1.0, ""clf__gamma_mult"": 4.0}",22.112105299999712
72,quantum/QRE-RBF-ref-SVM,quantum,4,0.8888888888888888,1.0,"{""clf__C"": 10.0, ""clf__gamma_mult"": 0.25}",22.112105299999712
72,quantum/QRE-RBF-ref-SVM,quantum,5,0.8888888888888888,1.0,"{""clf__C"": 10.0, ""clf__gamma_mult"": 1.0}",22.112105299999712
72,quantum/QRE-RBF-ref-SVM,quantum,6,0.8888888888888888,1.0,"{""clf__C"": 1.0, ""clf__gamma_mult"": 0.25}",22.112105299999712
72,quantum/QRE-RBF-ref-SVM,quantum,7,0.8888888888888888,1.0,"{""clf__C"": 10.0, ""clf__gamma_mult"": 0.25}",22.112105299999712
72,quantum/QRE-RBF-ref-SVM,quantum,8,0.8888888888888888,1.0,"{""clf__C"": 1.0, ""clf__gamma_mult"": 0.25}",22.112105299999712
72,quantum/QRE-RBF-ref-SVM,quantum,9,1.0,1.0,"{""clf__C"": 10.0, ""clf__gamma_mult"": 0.25}",22.112105299999712
72,quantum/QRE-RBF-ref-SVM,quantum,10,0.7777777777777778,1.0,"{""clf__C"": 1.0, ""clf__gamma_mult"": 4.0}",22.112105299999712
72,quantum/QRE-RBF-ref-SVM,quantum,11,0.8888888888888888,0.95,"{""clf__C"": 10.0, ""clf__gamma_mult"": 0.25}",22.112105299999712
72,quantum/QRE-RBF-ref-SVM,quantum,12,1.0,1.0,"{""clf__C"": 10.0, ""clf__gamma_mult"": 0.25}",22.112105299999712
72,quantum/QRE-RBF-ref-SVM,quantum,13,0.7777777777777778,0.9500000000000001,"{""clf__C"": 1.0, ""clf__gamma_mult"": 4.0}",22.112105299999712
72,quantum/QRE-RBF-ref-SVM,quantum,14,0.8888888888888888,1.0,"{""clf__C"": 10.0, ""clf__gamma_mult"": 1.0}",22.112105299999712
72,quantum/IQP-kernel-SVM,quantum,0,0.8888888888888888,1.0,"{""clf__C"": 1.0, ""clf__scale"": 0.5}",26.326756999999816
72,quantum/IQP-kernel-SVM,quantum,1,1.0,1.0,"{""clf__C"": 1.0, ""clf__scale"": 0.5}",26.326756999999816
72,quantum/IQP-kernel-SVM,quantum,2,0.7777777777777778,1.0,"{""clf__C"": 1.0, ""clf__scale"": 0.5}",26.326756999999816
72,quantum/IQP-kernel-SVM,quantum,3,1.0,1.0,"{""clf__C"": 1.0, ""clf__scale"": 0.5}",26.326756999999816
72,quantum/IQP-kernel-SVM,quantum,4,0.8888888888888888,1.0,"{""clf__C"": 10.0, ""clf__scale"": 0.5}",26.326756999999816
72,quantum/IQP-kernel-SVM,quantum,5,0.7777777777777778,0.9,"{""clf__C"": 10.0, ""clf__scale"": 0.5}",26.326756999999816
72,quantum/IQP-kernel-SVM,quantum,6,0.8888888888888888,0.9,"{""clf__C"": 10.0, ""clf__scale"": 0.5}",26.326756999999816
72,quantum/IQP-kernel-SVM,quantum,7,0.8888888888888888,1.0,"{""clf__C"": 1.0, ""clf__scale"": 0.5}",26.326756999999816
72,quantum/IQP-kernel-SVM,quantum,8,0.7777777777777778,0.9500000000000001,"{""clf__C"": 1.0, ""clf__scale"": 0.5}",26.326756999999816
72,quantum/IQP-kernel-SVM,quantum,9,1.0,1.0,"{""clf__C"": 1.0, ""clf__scale"": 0.5}",26.326756999999816
72,quantum/IQP-kernel-SVM,quantum,10,1.0,1.0,"{""clf__C"": 1.0, ""clf__scale"": 0.5}",26.326756999999816
72,quantum/IQP-kernel-SVM,quantum,11,0.8888888888888888,1.0,"{""clf__C"": 1.0, ""clf__scale"": 0.5}",26.326756999999816
72,quantum/IQP-kernel-SVM,quantum,12,1.0,1.0,"{""clf__C"": 10.0, ""clf__scale"": 0.5}",26.326756999999816
72,quantum/IQP-kernel-SVM,quantum,13,0.8888888888888888,0.9500000000000001,"{""clf__C"": 1.0, ""clf__scale"": 0.5}",26.326756999999816
72,quantum/IQP-kernel-SVM,quantum,14,0.8888888888888888,0.9500000000000001,"{""clf__C"": 1.0, ""clf__scale"": 0.5}",26.326756999999816
72,quantum/CNOT-kernel-SVM,quantum,0,1.0,1.0,"{""clf__C"": 10.0, ""clf__scale"": 0.5}",24.10605680000026
72,quantum/CNOT-kernel-SVM,quantum,1,1.0,1.0,"{""clf__C"": 1.0, ""clf__scale"": 1.0}",24.10605680000026
72,quantum/CNOT-kernel-SVM,quantum,2,0.8888888888888888,1.0,"{""clf__C"": 1.0, ""clf__scale"": 1.0}",24.10605680000026
72,quantum/CNOT-kernel-SVM,quantum,3,1.0,1.0,"{""clf__C"": 10.0, ""clf__scale"": 0.5}",24.10605680000026
72,quantum/CNOT-kernel-SVM,quantum,4,0.8888888888888888,1.0,"{""clf__C"": 1.0, ""clf__scale"": 1.0}",24.10605680000026
72,quantum/CNOT-kernel-SVM,quantum,5,1.0,1.0,"{""clf__C"": 10.0, ""clf__scale"": 0.5}",24.10605680000026
72,quantum/CNOT-kernel-SVM,quantum,6,1.0,1.0,"{""clf__C"": 10.0, ""clf__scale"": 0.5}",24.10605680000026
72,quantum/CNOT-kernel-SVM,quantum,7,1.0,1.0,"{""clf__C"": 1.0, ""clf__scale"": 1.0}",24.10605680000026
72,quantum/CNOT-kernel-SVM,quantum,8,0.8888888888888888,1.0,"{""clf__C"": 1.0, ""clf__scale"": 1.0}",24.10605680000026
72,quantum/CNOT-kernel-SVM,quantum,9,0.8888888888888888,1.0,"{""clf__C"": 1.0, ""clf__scale"": 0.5}",24.10605680000026
72,quantum/CNOT-kernel-SVM,quantum,10,1.0,1.0,"{""clf__C"": 10.0, ""clf__scale"": 0.5}",24.10605680000026
72,quantum/CNOT-kernel-SVM,quantum,11,1.0,1.0,"{""clf__C"": 10.0, ""clf__scale"": 1.0}",24.10605680000026
72,quantum/CNOT-kernel-SVM,quantum,12,1.0,1.0,"{""clf__C"": 10.0, ""clf__scale"": 0.5}",24.10605680000026
72,quantum/CNOT-kernel-SVM,quantum,13,0.8888888888888888,1.0,"{""clf__C"": 1.0, ""clf__scale"": 1.0}",24.10605680000026
72,quantum/CNOT-kernel-SVM,quantum,14,1.0,1.0,"{""clf__C"": 1.0, ""clf__scale"": 1.0}",24.10605680000026
72,control/IQP-no-entangle,control,0,1.0,1.0,"{""clf__C"": 10.0, ""clf__scale"": 1.0}",22.90037890000076
72,control/IQP-no-entangle,control,1,1.0,1.0,"{""clf__C"": 1.0, ""clf__scale"": 1.0}",22.90037890000076
72,control/IQP-no-entangle,control,2,0.8888888888888888,1.0,"{""clf__C"": 10.0, ""clf__scale"": 0.5}",22.90037890000076
72,control/IQP-no-entangle,control,3,1.0,1.0,"{""clf__C"": 1.0, ""clf__scale"": 1.0}",22.90037890000076
72,control/IQP-no-entangle,control,4,0.8888888888888888,1.0,"{""clf__C"": 1.0, ""clf__scale"": 1.0}",22.90037890000076
72,control/IQP-no-entangle,control,5,1.0,1.0,"{""clf__C"": 10.0, ""clf__scale"": 1.0}",22.90037890000076
72,control/IQP-no-entangle,control,6,1.0,1.0,"{""clf__C"": 10.0, ""clf__scale"": 0.5}",22.90037890000076
72,control/IQP-no-entangle,control,7,1.0,1.0,"{""clf__C"": 1.0, ""clf__scale"": 1.0}",22.90037890000076
72,control/IQP-no-entangle,control,8,1.0,1.0,"{""clf__C"": 10.0, ""clf__scale"": 0.5}",22.90037890000076
72,control/IQP-no-entangle,control,9,1.0,1.0,"{""clf__C"": 1.0, ""clf__scale"": 1.0}",22.90037890000076
72,control/IQP-no-entangle,control,10,1.0,1.0,"{""clf__C"": 10.0, ""clf__scale"": 0.5}",22.90037890000076
72,control/IQP-no-entangle,control,11,1.0,1.0,"{""clf__C"": 10.0, ""clf__scale"": 0.5}",22.90037890000076
72,control/IQP-no-entangle,control,12,1.0,1.0,"{""clf__C"": 10.0, ""clf__scale"": 0.5}",22.90037890000076
72,control/IQP-no-entangle,control,13,1.0,1.0,"{""clf__C"": 10.0, ""clf__scale"": 0.5}",22.90037890000076
72,control/IQP-no-entangle,control,14,1.0,1.0,"{""clf__C"": 1.0, ""clf__scale"": 1.0}",22.90037890000076
72,control/PCA-matched-RBF,control,0,1.0,1.0,"{""clf__C"": 10.0, ""clf__gamma"": ""scale""}",19.310852100000375
72,control/PCA-matched-RBF,control,1,1.0,1.0,"{""clf__C"": 1.0, ""clf__gamma"": ""scale""}",19.310852100000375
72,control/PCA-matched-RBF,control,2,0.8888888888888888,1.0,"{""clf__C"": 10.0, ""clf__gamma"": ""scale""}",19.310852100000375
72,control/PCA-matched-RBF,control,3,1.0,1.0,"{""clf__C"": 10.0, ""clf__gamma"": ""scale""}",19.310852100000375
72,control/PCA-matched-RBF,control,4,1.0,1.0,"{""clf__C"": 1.0, ""clf__gamma"": ""scale""}",19.310852100000375
72,control/PCA-matched-RBF,control,5,1.0,1.0,"{""clf__C"": 10.0, ""clf__gamma"": ""scale""}",19.310852100000375
72,control/PCA-matched-RBF,control,6,1.0,1.0,"{""clf__C"": 1.0, ""clf__gamma"": ""scale""}",19.310852100000375
72,control/PCA-matched-RBF,control,7,1.0,1.0,"{""clf__C"": 10.0, ""clf__gamma"": ""scale""}",19.310852100000375
72,control/PCA-matched-RBF,control,8,1.0,1.0,"{""clf__C"": 10.0, ""clf__gamma"": 0.1}",19.310852100000375
72,control/PCA-matched-RBF,control,9,1.0,1.0,"{""clf__C"": 10.0, ""clf__gamma"": ""scale""}",19.310852100000375
72,control/PCA-matched-RBF,control,10,1.0,1.0,"{""clf__C"": 10.0, ""clf__gamma"": ""scale""}",19.310852100000375
72,control/PCA-matched-RBF,control,11,1.0,1.0,"{""clf__C"": 10.0, ""clf__gamma"": 0.1}",19.310852100000375
72,control/PCA-matched-RBF,control,12,1.0,1.0,"{""clf__C"": 10.0, ""clf__gamma"": 0.1}",19.310852100000375
72,control/PCA-matched-RBF,control,13,1.0,1.0,"{""clf__C"": 10.0, ""clf__gamma"": ""scale""}",19.310852100000375
72,control/PCA-matched-RBF,control,14,1.0,1.0,"{""clf__C"": 1.0, ""clf__gamma"": ""scale""}",19.310852100000375
72,control/PCA-matched-linear,control,0,1.0,1.0,"{""clf__C"": 10.0}",6.907585100000688
72,control/PCA-matched-linear,control,1,1.0,1.0,"{""clf__C"": 1.0}",6.907585100000688
72,control/PCA-matched-linear,control,2,0.7777777777777778,1.0,"{""clf__C"": 1.0}",6.907585100000688
72,control/PCA-matched-linear,control,3,1.0,1.0,"{""clf__C"": 1.0}",6.907585100000688
72,control/PCA-matched-linear,control,4,0.8888888888888888,1.0,"{""clf__C"": 1.0}",6.907585100000688
72,control/PCA-matched-linear,control,5,1.0,1.0,"{""clf__C"": 1.0}",6.907585100000688
72,control/PCA-matched-linear,control,6,0.8888888888888888,1.0,"{""clf__C"": 0.1}",6.907585100000688
72,control/PCA-matched-linear,control,7,1.0,1.0,"{""clf__C"": 10.0}",6.907585100000688
72,control/PCA-matched-linear,control,8,1.0,1.0,"{""clf__C"": 10.0}",6.907585100000688
72,control/PCA-matched-linear,control,9,1.0,1.0,"{""clf__C"": 1.0}",6.907585100000688
72,control/PCA-matched-linear,control,10,1.0,1.0,"{""clf__C"": 10.0}",6.907585100000688
72,control/PCA-matched-linear,control,11,0.8888888888888888,1.0,"{""clf__C"": 10.0}",6.907585100000688
72,control/PCA-matched-linear,control,12,0.8888888888888888,1.0,"{""clf__C"": 0.1}",6.907585100000688
72,control/PCA-matched-linear,control,13,1.0,1.0,"{""clf__C"": 10.0}",6.907585100000688
72,control/PCA-matched-linear,control,14,1.0,1.0,"{""clf__C"": 10.0}",6.907585100000688
72,control/logeuclid-TS+LR,control,0,0.8888888888888888,1.0,"{""clf__C"": 1.0}",4.989260800000011
72,control/logeuclid-TS+LR,control,1,1.0,1.0,"{""clf__C"": 1.0}",4.989260800000011
72,control/logeuclid-TS+LR,control,2,0.7777777777777778,0.9,"{""clf__C"": 0.1}",4.989260800000011
72,control/logeuclid-TS+LR,control,3,0.8888888888888888,1.0,"{""clf__C"": 1.0}",4.989260800000011
72,control/logeuclid-TS+LR,control,4,1.0,1.0,"{""clf__C"": 0.1}",4.989260800000011
72,control/logeuclid-TS+LR,control,5,0.7777777777777778,0.95,"{""clf__C"": 1.0}",4.989260800000011
72,control/logeuclid-TS+LR,control,6,1.0,1.0,"{""clf__C"": 1.0}",4.989260800000011
72,control/logeuclid-TS+LR,control,7,0.8888888888888888,1.0,"{""clf__C"": 0.1}",4.989260800000011
72,control/logeuclid-TS+LR,control,8,1.0,1.0,"{""clf__C"": 0.1}",4.989260800000011
72,control/logeuclid-TS+LR,control,9,0.7777777777777778,0.85,"{""clf__C"": 1.0}",4.989260800000011
72,control/logeuclid-TS+LR,control,10,0.8888888888888888,0.95,"{""clf__C"": 0.1}",4.989260800000011
72,control/logeuclid-TS+LR,control,11,0.8888888888888888,1.0,"{""clf__C"": 0.1}",4.989260800000011
72,control/logeuclid-TS+LR,control,12,1.0,1.0,"{""clf__C"": 10.0}",4.989260800000011
72,control/logeuclid-TS+LR,control,13,1.0,1.0,"{""clf__C"": 0.1}",4.989260800000011
72,control/logeuclid-TS+LR,control,14,0.8888888888888888,0.9,"{""clf__C"": 0.1}",4.989260800000011
72,control/riemann-kernel-SVM,control,0,0.8888888888888888,1.0,"{""clf__C"": 1.0}",6.836279199999808
72,control/riemann-kernel-SVM,control,1,1.0,1.0,"{""clf__C"": 0.1}",6.836279199999808
72,control/riemann-kernel-SVM,control,2,0.7777777777777778,1.0,"{""clf__C"": 0.1}",6.836279199999808
72,control/riemann-kernel-SVM,control,3,1.0,1.0,"{""clf__C"": 0.1}",6.836279199999808
72,control/riemann-kernel-SVM,control,4,0.8888888888888888,1.0,"{""clf__C"": 0.1}",6.836279199999808
72,control/riemann-kernel-SVM,control,5,0.8888888888888888,1.0,"{""clf__C"": 0.1}",6.836279199999808
72,control/riemann-kernel-SVM,control,6,0.8888888888888888,1.0,"{""clf__C"": 0.1}",6.836279199999808
72,control/riemann-kernel-SVM,control,7,1.0,1.0,"{""clf__C"": 0.1}",6.836279199999808
72,control/riemann-kernel-SVM,control,8,0.8888888888888888,1.0,"{""clf__C"": 1.0}",6.836279199999808
72,control/riemann-kernel-SVM,control,9,0.8888888888888888,1.0,"{""clf__C"": 1.0}",6.836279199999808
72,control/riemann-kernel-SVM,control,10,0.8888888888888888,1.0,"{""clf__C"": 1.0}",6.836279199999808
72,control/riemann-kernel-SVM,control,11,0.8888888888888888,1.0,"{""clf__C"": 1.0}",6.836279199999808
72,control/riemann-kernel-SVM,control,12,1.0,1.0,"{""clf__C"": 1.0}",6.836279199999808
72,control/riemann-kernel-SVM,control,13,0.8888888888888888,0.9500000000000001,"{""clf__C"": 0.1}",6.836279199999808
72,control/riemann-kernel-SVM,control,14,0.8888888888888888,1.0,"{""clf__C"": 1.0}",6.836279199999808
72,control/logeuclid-kernel-SVM,control,0,0.8888888888888888,1.0,"{""clf__C"": 0.1}",6.820698900000025
72,control/logeuclid-kernel-SVM,control,1,1.0,1.0,"{""clf__C"": 0.1}",6.820698900000025
72,control/logeuclid-kernel-SVM,control,2,0.7777777777777778,1.0,"{""clf__C"": 0.1}",6.820698900000025
72,control/logeuclid-kernel-SVM,control,3,1.0,1.0,"{""clf__C"": 0.1}",6.820698900000025
72,control/logeuclid-kernel-SVM,control,4,0.8888888888888888,1.0,"{""clf__C"": 0.1}",6.820698900000025
72,control/logeuclid-kernel-SVM,control,5,0.8888888888888888,1.0,"{""clf__C"": 0.1}",6.820698900000025
72,control/logeuclid-kernel-SVM,control,6,1.0,1.0,"{""clf__C"": 1.0}",6.820698900000025
72,control/logeuclid-kernel-SVM,control,7,1.0,1.0,"{""clf__C"": 0.1}",6.820698900000025
72,control/logeuclid-kernel-SVM,control,8,0.8888888888888888,1.0,"{""clf__C"": 0.1}",6.820698900000025
72,control/logeuclid-kernel-SVM,control,9,1.0,1.0,"{""clf__C"": 0.1}",6.820698900000025
72,control/logeuclid-kernel-SVM,control,10,1.0,1.0,"{""clf__C"": 0.1}",6.820698900000025
72,control/logeuclid-kernel-SVM,control,11,0.8888888888888888,1.0,"{""clf__C"": 0.1}",6.820698900000025
72,control/logeuclid-kernel-SVM,control,12,1.0,1.0,"{""clf__C"": 0.1}",6.820698900000025
72,control/logeuclid-kernel-SVM,control,13,0.8888888888888888,0.9,"{""clf__C"": 1.0}",6.820698900000025
72,control/logeuclid-kernel-SVM,control,14,1.0,1.0,"{""clf__C"": 0.1}",6.820698900000025
73,classical/logvar+LDA,classical,0,0.7777777777777778,0.7,{},0.1070001999996748
73,classical/logvar+LDA,classical,1,0.5555555555555556,0.5,{},0.1070001999996748
73,classical/logvar+LDA,classical,2,0.5555555555555556,0.7,{},0.1070001999996748
73,classical/logvar+LDA,classical,3,0.3333333333333333,0.35,{},0.1070001999996748
73,classical/logvar+LDA,classical,4,0.6666666666666666,0.7,{},0.1070001999996748
73,classical/logvar+LDA,classical,5,0.4444444444444444,0.6,{},0.1070001999996748
73,classical/logvar+LDA,classical,6,0.6666666666666666,0.55,{},0.1070001999996748
73,classical/logvar+LDA,classical,7,0.6666666666666666,0.65,{},0.1070001999996748
73,classical/logvar+LDA,classical,8,0.8888888888888888,1.0,{},0.1070001999996748
73,classical/logvar+LDA,classical,9,0.6666666666666666,0.7,{},0.1070001999996748
73,classical/logvar+LDA,classical,10,0.5555555555555556,0.44999999999999996,{},0.1070001999996748
73,classical/logvar+LDA,classical,11,0.5555555555555556,0.65,{},0.1070001999996748
73,classical/logvar+LDA,classical,12,0.6666666666666666,0.8,{},0.1070001999996748
73,classical/logvar+LDA,classical,13,0.6666666666666666,0.6,{},0.1070001999996748
73,classical/logvar+LDA,classical,14,0.5555555555555556,0.65,{},0.1070001999996748
73,classical/CSP+LDA,classical,0,0.5555555555555556,0.55,"{""csp__nfilter"": 2}",4.172585500000423
73,classical/CSP+LDA,classical,1,0.3333333333333333,0.5,"{""csp__nfilter"": 2}",4.172585500000423
73,classical/CSP+LDA,classical,2,0.5555555555555556,0.55,"{""csp__nfilter"": 2}",4.172585500000423
73,classical/CSP+LDA,classical,3,0.7777777777777778,0.75,"{""csp__nfilter"": 6}",4.172585500000423
73,classical/CSP+LDA,classical,4,0.7777777777777778,0.9,"{""csp__nfilter"": 4}",4.172585500000423
73,classical/CSP+LDA,classical,5,0.6666666666666666,0.9,"{""csp__nfilter"": 4}",4.172585500000423
73,classical/CSP+LDA,classical,6,0.6666666666666666,0.8,"{""csp__nfilter"": 6}",4.172585500000423
73,classical/CSP+LDA,classical,7,0.4444444444444444,0.7000000000000001,"{""csp__nfilter"": 4}",4.172585500000423
73,classical/CSP+LDA,classical,8,0.5555555555555556,0.65,"{""csp__nfilter"": 4}",4.172585500000423
73,classical/CSP+LDA,classical,9,0.4444444444444444,0.6,"{""csp__nfilter"": 2}",4.172585500000423
73,classical/CSP+LDA,classical,10,0.2222222222222222,0.19999999999999996,"{""csp__nfilter"": 6}",4.172585500000423
73,classical/CSP+LDA,classical,11,0.5555555555555556,0.65,"{""csp__nfilter"": 6}",4.172585500000423
73,classical/CSP+LDA,classical,12,0.5555555555555556,0.7000000000000001,"{""csp__nfilter"": 6}",4.172585500000423
73,classical/CSP+LDA,classical,13,0.5555555555555556,0.4,"{""csp__nfilter"": 6}",4.172585500000423
73,classical/CSP+LDA,classical,14,0.6666666666666666,0.7,"{""csp__nfilter"": 6}",4.172585500000423
73,classical/MDM,classical,0,0.4444444444444444,0.55,{},0.6432148999992933
73,classical/MDM,classical,1,0.2222222222222222,0.25,{},0.6432148999992933
73,classical/MDM,classical,2,0.5555555555555556,0.25,{},0.6432148999992933
73,classical/MDM,classical,3,0.5555555555555556,0.55,{},0.6432148999992933
73,classical/MDM,classical,4,0.6666666666666666,0.7,{},0.6432148999992933
73,classical/MDM,classical,5,0.6666666666666666,0.85,{},0.6432148999992933
73,classical/MDM,classical,6,0.4444444444444444,0.3,{},0.6432148999992933
73,classical/MDM,classical,7,0.5555555555555556,0.5499999999999999,{},0.6432148999992933
73,classical/MDM,classical,8,0.6666666666666666,0.5499999999999999,{},0.6432148999992933
73,classical/MDM,classical,9,0.5555555555555556,0.55,{},0.6432148999992933
73,classical/MDM,classical,10,0.4444444444444444,0.35,{},0.6432148999992933
73,classical/MDM,classical,11,0.3333333333333333,0.04999999999999999,{},0.6432148999992933
73,classical/MDM,classical,12,0.3333333333333333,0.09999999999999998,{},0.6432148999992933
73,classical/MDM,classical,13,0.5555555555555556,0.39999999999999997,{},0.6432148999992933
73,classical/MDM,classical,14,0.5555555555555556,0.65,{},0.6432148999992933
73,classical/TS+LR,classical,0,0.5555555555555556,0.7000000000000001,"{""clf__C"": 0.1}",6.606855200000609
73,classical/TS+LR,classical,1,0.7777777777777778,0.9,"{""clf__C"": 0.1}",6.606855200000609
73,classical/TS+LR,classical,2,0.5555555555555556,0.65,"{""clf__C"": 1.0}",6.606855200000609
73,classical/TS+LR,classical,3,0.5555555555555556,0.45,"{""clf__C"": 1.0}",6.606855200000609
73,classical/TS+LR,classical,4,0.5555555555555556,0.6000000000000001,"{""clf__C"": 10.0}",6.606855200000609
73,classical/TS+LR,classical,5,0.8888888888888888,1.0,"{""clf__C"": 0.1}",6.606855200000609
73,classical/TS+LR,classical,6,0.6666666666666666,0.75,"{""clf__C"": 1.0}",6.606855200000609
73,classical/TS+LR,classical,7,0.6666666666666666,0.7,"{""clf__C"": 1.0}",6.606855200000609
73,classical/TS+LR,classical,8,0.7777777777777778,0.9,"{""clf__C"": 1.0}",6.606855200000609
73,classical/TS+LR,classical,9,0.6666666666666666,0.7,"{""clf__C"": 1.0}",6.606855200000609
73,classical/TS+LR,classical,10,0.4444444444444444,0.55,"{""clf__C"": 0.1}",6.606855200000609
73,classical/TS+LR,classical,11,0.6666666666666666,0.85,"{""clf__C"": 10.0}",6.606855200000609
73,classical/TS+LR,classical,12,0.5555555555555556,0.6,"{""clf__C"": 0.1}",6.606855200000609
73,classical/TS+LR,classical,13,0.6666666666666666,0.7000000000000001,"{""clf__C"": 0.1}",6.606855200000609
73,classical/TS+LR,classical,14,0.7777777777777778,0.75,"{""clf__C"": 1.0}",6.606855200000609
73,classical/TS+RBF-SVM,classical,0,0.7777777777777778,0.7,"{""clf__C"": 10.0, ""clf__gamma"": 0.01}",17.78090129999964
73,classical/TS+RBF-SVM,classical,1,0.3333333333333333,0.35,"{""clf__C"": 1.0, ""clf__gamma"": ""scale""}",17.78090129999964
73,classical/TS+RBF-SVM,classical,2,0.6666666666666666,0.7000000000000001,"{""clf__C"": 10.0, ""clf__gamma"": ""scale""}",17.78090129999964
73,classical/TS+RBF-SVM,classical,3,0.3333333333333333,0.2,"{""clf__C"": 1.0, ""clf__gamma"": ""scale""}",17.78090129999964
73,classical/TS+RBF-SVM,classical,4,0.5555555555555556,0.6,"{""clf__C"": 1.0, ""clf__gamma"": 0.01}",17.78090129999964
73,classical/TS+RBF-SVM,classical,5,1.0,1.0,"{""clf__C"": 1.0, ""clf__gamma"": 0.01}",17.78090129999964
73,classical/TS+RBF-SVM,classical,6,0.6666666666666666,0.65,"{""clf__C"": 10.0, ""clf__gamma"": ""scale""}",17.78090129999964
73,classical/TS+RBF-SVM,classical,7,0.6666666666666666,0.7,"{""clf__C"": 10.0, ""clf__gamma"": ""scale""}",17.78090129999964
73,classical/TS+RBF-SVM,classical,8,0.8888888888888888,1.0,"{""clf__C"": 10.0, ""clf__gamma"": 0.01}",17.78090129999964
73,classical/TS+RBF-SVM,classical,9,0.4444444444444444,0.7,"{""clf__C"": 0.1, ""clf__gamma"": ""scale""}",17.78090129999964
73,classical/TS+RBF-SVM,classical,10,0.4444444444444444,0.39999999999999997,"{""clf__C"": 10.0, ""clf__gamma"": ""scale""}",17.78090129999964
73,classical/TS+RBF-SVM,classical,11,0.7777777777777778,0.8,"{""clf__C"": 10.0, ""clf__gamma"": ""scale""}",17.78090129999964
73,classical/TS+RBF-SVM,classical,12,0.4444444444444444,0.65,"{""clf__C"": 10.0, ""clf__gamma"": 0.01}",17.78090129999964
73,classical/TS+RBF-SVM,classical,13,0.4444444444444444,0.8,"{""clf__C"": 0.1, ""clf__gamma"": ""scale""}",17.78090129999964
73,classical/TS+RBF-SVM,classical,14,0.6666666666666666,0.7,"{""clf__C"": 10.0, ""clf__gamma"": 0.01}",17.78090129999964
73,quantum/HS-overlap-SVM,quantum,0,0.5555555555555556,0.45,"{""clf__C"": 0.1}",4.44414500000039
73,quantum/HS-overlap-SVM,quantum,1,0.3333333333333333,0.35,"{""clf__C"": 0.1}",4.44414500000039
73,quantum/HS-overlap-SVM,quantum,2,0.5555555555555556,0.75,"{""clf__C"": 0.1}",4.44414500000039
73,quantum/HS-overlap-SVM,quantum,3,0.4444444444444444,0.35,"{""clf__C"": 0.1}",4.44414500000039
73,quantum/HS-overlap-SVM,quantum,4,0.4444444444444444,0.9,"{""clf__C"": 0.1}",4.44414500000039
73,quantum/HS-overlap-SVM,quantum,5,0.5555555555555556,0.45,"{""clf__C"": 0.1}",4.44414500000039
73,quantum/HS-overlap-SVM,quantum,6,0.6666666666666666,0.44999999999999996,"{""clf__C"": 0.1}",4.44414500000039
73,quantum/HS-overlap-SVM,quantum,7,0.5555555555555556,0.5,"{""clf__C"": 0.1}",4.44414500000039
73,quantum/HS-overlap-SVM,quantum,8,0.4444444444444444,0.8500000000000001,"{""clf__C"": 0.1}",4.44414500000039
73,quantum/HS-overlap-SVM,quantum,9,0.4444444444444444,0.7,"{""clf__C"": 0.1}",4.44414500000039
73,quantum/HS-overlap-SVM,quantum,10,0.4444444444444444,0.30000000000000004,"{""clf__C"": 0.1}",4.44414500000039
73,quantum/HS-overlap-SVM,quantum,11,0.5555555555555556,0.35,"{""clf__C"": 10.0}",4.44414500000039
73,quantum/HS-overlap-SVM,quantum,12,0.4444444444444444,0.2,"{""clf__C"": 0.1}",4.44414500000039
73,quantum/HS-overlap-SVM,quantum,13,0.2222222222222222,0.2,"{""clf__C"": 10.0}",4.44414500000039
73,quantum/HS-overlap-SVM,quantum,14,0.4444444444444444,0.7,"{""clf__C"": 0.1}",4.44414500000039
73,quantum/Fidelity-SVM,quantum,0,0.5555555555555556,0.45,"{""clf__C"": 0.1}",7.751820299999963
73,quantum/Fidelity-SVM,quantum,1,0.3333333333333333,0.35,"{""clf__C"": 10.0}",7.751820299999963
73,quantum/Fidelity-SVM,quantum,2,0.5555555555555556,0.65,"{""clf__C"": 0.1}",7.751820299999963
73,quantum/Fidelity-SVM,quantum,3,0.4444444444444444,0.3,"{""clf__C"": 0.1}",7.751820299999963
73,quantum/Fidelity-SVM,quantum,4,0.4444444444444444,1.0,"{""clf__C"": 0.1}",7.751820299999963
73,quantum/Fidelity-SVM,quantum,5,0.4444444444444444,0.55,"{""clf__C"": 0.1}",7.751820299999963
73,quantum/Fidelity-SVM,quantum,6,0.5555555555555556,0.44999999999999996,"{""clf__C"": 0.1}",7.751820299999963
73,quantum/Fidelity-SVM,quantum,7,0.4444444444444444,0.5,"{""clf__C"": 0.1}",7.751820299999963
73,quantum/Fidelity-SVM,quantum,8,0.4444444444444444,0.8,"{""clf__C"": 0.1}",7.751820299999963
73,quantum/Fidelity-SVM,quantum,9,0.4444444444444444,0.65,"{""clf__C"": 0.1}",7.751820299999963
73,quantum/Fidelity-SVM,quantum,10,0.3333333333333333,0.3,"{""clf__C"": 0.1}",7.751820299999963
73,quantum/Fidelity-SVM,quantum,11,0.5555555555555556,0.39999999999999997,"{""clf__C"": 0.1}",7.751820299999963
73,quantum/Fidelity-SVM,quantum,12,0.3333333333333333,0.2,"{""clf__C"": 0.1}",7.751820299999963
73,quantum/Fidelity-SVM,quantum,13,0.4444444444444444,0.2,"{""clf__C"": 0.1}",7.751820299999963
73,quantum/Fidelity-SVM,quantum,14,0.4444444444444444,0.55,"{""clf__C"": 0.1}",7.751820299999963
73,quantum/HS-RBF-SVM,quantum,0,0.3333333333333333,0.35,"{""clf__C"": 10.0, ""clf__gamma_mult"": 1.0}",12.175341299999673
73,quantum/HS-RBF-SVM,quantum,1,0.4444444444444444,0.44999999999999996,"{""clf__C"": 10.0, ""clf__gamma_mult"": 0.25}",12.175341299999673
73,quantum/HS-RBF-SVM,quantum,2,0.7777777777777778,0.85,"{""clf__C"": 10.0, ""clf__gamma_mult"": 1.0}",12.175341299999673
73,quantum/HS-RBF-SVM,quantum,3,0.3333333333333333,0.30000000000000004,"{""clf__C"": 10.0, ""clf__gamma_mult"": 0.25}",12.175341299999673
73,quantum/HS-RBF-SVM,quantum,4,0.4444444444444444,0.44999999999999996,"{""clf__C"": 10.0, ""clf__gamma_mult"": 1.0}",12.175341299999673
73,quantum/HS-RBF-SVM,quantum,5,0.4444444444444444,0.45,"{""clf__C"": 1.0, ""clf__gamma_mult"": 4.0}",12.175341299999673
73,quantum/HS-RBF-SVM,quantum,6,0.5555555555555556,0.5,"{""clf__C"": 10.0, ""clf__gamma_mult"": 0.25}",12.175341299999673
73,quantum/HS-RBF-SVM,quantum,7,0.5555555555555556,0.65,"{""clf__C"": 10.0, ""clf__gamma_mult"": 1.0}",12.175341299999673
73,quantum/HS-RBF-SVM,quantum,8,0.4444444444444444,0.65,"{""clf__C"": 0.1, ""clf__gamma_mult"": 0.25}",12.175341299999673
73,quantum/HS-RBF-SVM,quantum,9,0.6666666666666666,0.65,"{""clf__C"": 10.0, ""clf__gamma_mult"": 0.25}",12.175341299999673
73,quantum/HS-RBF-SVM,quantum,10,0.3333333333333333,0.39999999999999997,"{""clf__C"": 10.0, ""clf__gamma_mult"": 0.25}",12.175341299999673
73,quantum/HS-RBF-SVM,quantum,11,0.5555555555555556,0.75,"{""clf__C"": 0.1, ""clf__gamma_mult"": 0.25}",12.175341299999673
73,quantum/HS-RBF-SVM,quantum,12,0.3333333333333333,0.35,"{""clf__C"": 1.0, ""clf__gamma_mult"": 1.0}",12.175341299999673
73,quantum/HS-RBF-SVM,quantum,13,0.4444444444444444,0.3,"{""clf__C"": 0.1, ""clf__gamma_mult"": 0.25}",12.175341299999673
73,quantum/HS-RBF-SVM,quantum,14,0.4444444444444444,0.6000000000000001,"{""clf__C"": 0.1, ""clf__gamma_mult"": 0.25}",12.175341299999673
73,quantum/Bures-RBF-SVM,quantum,0,0.4444444444444444,0.35,"{""clf__C"": 10.0, ""clf__gamma_mult"": 1.0}",20.262685200000305
73,quantum/Bures-RBF-SVM,quantum,1,0.5555555555555556,0.44999999999999996,"{""clf__C"": 10.0, ""clf__gamma_mult"": 1.0}",20.262685200000305
73,quantum/Bures-RBF-SVM,quantum,2,0.7777777777777778,0.85,"{""clf__C"": 10.0, ""clf__gamma_mult"": 1.0}",20.262685200000305
73,quantum/Bures-RBF-SVM,quantum,3,0.2222222222222222,0.35,"{""clf__C"": 10.0, ""clf__gamma_mult"": 0.25}",20.262685200000305
73,quantum/Bures-RBF-SVM,quantum,4,0.4444444444444444,0.49999999999999994,"{""clf__C"": 0.1, ""clf__gamma_mult"": 0.25}",20.262685200000305
73,quantum/Bures-RBF-SVM,quantum,5,0.4444444444444444,0.45,"{""clf__C"": 1.0, ""clf__gamma_mult"": 4.0}",20.262685200000305
73,quantum/Bures-RBF-SVM,quantum,6,0.5555555555555556,0.5,"{""clf__C"": 10.0, ""clf__gamma_mult"": 0.25}",20.262685200000305
73,quantum/Bures-RBF-SVM,quantum,7,0.6666666666666666,0.7,"{""clf__C"": 0.1, ""clf__gamma_mult"": 0.25}",20.262685200000305
73,quantum/Bures-RBF-SVM,quantum,8,0.4444444444444444,0.8,"{""clf__C"": 0.1, ""clf__gamma_mult"": 0.25}",20.262685200000305
73,quantum/Bures-RBF-SVM,quantum,9,0.6666666666666666,0.7,"{""clf__C"": 10.0, ""clf__gamma_mult"": 0.25}",20.262685200000305
73,quantum/Bures-RBF-SVM,quantum,10,0.3333333333333333,0.45,"{""clf__C"": 10.0, ""clf__gamma_mult"": 0.25}",20.262685200000305
73,quantum/Bures-RBF-SVM,quantum,11,0.5555555555555556,0.75,"{""clf__C"": 0.1, ""clf__gamma_mult"": 0.25}",20.262685200000305
73,quantum/Bures-RBF-SVM,quantum,12,0.3333333333333333,0.35,"{""clf__C"": 10.0, ""clf__gamma_mult"": 1.0}",20.262685200000305
73,quantum/Bures-RBF-SVM,quantum,13,0.2222222222222222,0.3,"{""clf__C"": 1.0, ""clf__gamma_mult"": 0.25}",20.262685200000305
73,quantum/Bures-RBF-SVM,quantum,14,0.6666666666666666,0.7,"{""clf__C"": 1.0, ""clf__gamma_mult"": 1.0}",20.262685200000305
73,quantum/QRE-RBF-SVM,quantum,0,0.4444444444444444,0.35,"{""clf__C"": 10.0, ""clf__gamma_mult"": 1.0}",15.613898900000095
73,quantum/QRE-RBF-SVM,quantum,1,0.6666666666666666,0.7,"{""clf__C"": 10.0, ""clf__gamma_mult"": 0.25}",15.613898900000095
73,quantum/QRE-RBF-SVM,quantum,2,0.7777777777777778,0.85,"{""clf__C"": 10.0, ""clf__gamma_mult"": 1.0}",15.613898900000095
73,quantum/QRE-RBF-SVM,quantum,3,0.2222222222222222,0.35,"{""clf__C"": 10.0, ""clf__gamma_mult"": 0.25}",15.613898900000095
73,quantum/QRE-RBF-SVM,quantum,4,0.4444444444444444,0.49999999999999994,"{""clf__C"": 0.1, ""clf__gamma_mult"": 0.25}",15.613898900000095
73,quantum/QRE-RBF-SVM,quantum,5,0.4444444444444444,0.45,"{""clf__C"": 1.0, ""clf__gamma_mult"": 4.0}",15.613898900000095
73,quantum/QRE-RBF-SVM,quantum,6,0.5555555555555556,0.55,"{""clf__C"": 10.0, ""clf__gamma_mult"": 0.25}",15.613898900000095
73,quantum/QRE-RBF-SVM,quantum,7,0.5555555555555556,0.65,"{""clf__C"": 10.0, ""clf__gamma_mult"": 1.0}",15.613898900000095
73,quantum/QRE-RBF-SVM,quantum,8,0.4444444444444444,0.9,"{""clf__C"": 0.1, ""clf__gamma_mult"": 0.25}",15.613898900000095
73,quantum/QRE-RBF-SVM,quantum,9,0.4444444444444444,0.65,"{""clf__C"": 0.1, ""clf__gamma_mult"": 0.25}",15.613898900000095
73,quantum/QRE-RBF-SVM,quantum,10,0.3333333333333333,0.39999999999999997,"{""clf__C"": 10.0, ""clf__gamma_mult"": 0.25}",15.613898900000095
73,quantum/QRE-RBF-SVM,quantum,11,0.5555555555555556,0.75,"{""clf__C"": 0.1, ""clf__gamma_mult"": 0.25}",15.613898900000095
73,quantum/QRE-RBF-SVM,quantum,12,0.3333333333333333,0.35,"{""clf__C"": 10.0, ""clf__gamma_mult"": 1.0}",15.613898900000095
73,quantum/QRE-RBF-SVM,quantum,13,0.2222222222222222,0.30000000000000004,"{""clf__C"": 1.0, ""clf__gamma_mult"": 0.25}",15.613898900000095
73,quantum/QRE-RBF-SVM,quantum,14,0.6666666666666666,0.6499999999999999,"{""clf__C"": 1.0, ""clf__gamma_mult"": 1.0}",15.613898900000095
73,quantum/HS-overlap-ref-SVM,quantum,0,0.7777777777777778,0.85,"{""clf__C"": 10.0}",6.311997800000427
73,quantum/HS-overlap-ref-SVM,quantum,1,0.7777777777777778,0.6,"{""clf__C"": 10.0}",6.311997800000427
73,quantum/HS-overlap-ref-SVM,quantum,2,0.5555555555555556,0.6,"{""clf__C"": 10.0}",6.311997800000427
73,quantum/HS-overlap-ref-SVM,quantum,3,0.7777777777777778,0.7,"{""clf__C"": 10.0}",6.311997800000427
73,quantum/HS-overlap-ref-SVM,quantum,4,0.7777777777777778,0.8,"{""clf__C"": 10.0}",6.311997800000427
73,quantum/HS-overlap-ref-SVM,quantum,5,0.8888888888888888,1.0,"{""clf__C"": 10.0}",6.311997800000427
73,quantum/HS-overlap-ref-SVM,quantum,6,0.7777777777777778,0.7,"{""clf__C"": 10.0}",6.311997800000427
73,quantum/HS-overlap-ref-SVM,quantum,7,0.5555555555555556,0.85,"{""clf__C"": 10.0}",6.311997800000427
73,quantum/HS-overlap-ref-SVM,quantum,8,0.6666666666666666,0.8,"{""clf__C"": 10.0}",6.311997800000427
73,quantum/HS-overlap-ref-SVM,quantum,9,0.7777777777777778,0.85,"{""clf__C"": 10.0}",6.311997800000427
73,quantum/HS-overlap-ref-SVM,quantum,10,0.4444444444444444,0.44999999999999996,"{""clf__C"": 10.0}",6.311997800000427
73,quantum/HS-overlap-ref-SVM,quantum,11,0.5555555555555556,0.75,"{""clf__C"": 10.0}",6.311997800000427
73,quantum/HS-overlap-ref-SVM,quantum,12,0.6666666666666666,0.8500000000000001,"{""clf__C"": 10.0}",6.311997800000427
73,quantum/HS-overlap-ref-SVM,quantum,13,0.8888888888888888,0.8,"{""clf__C"": 10.0}",6.311997800000427
73,quantum/HS-overlap-ref-SVM,quantum,14,0.7777777777777778,0.7,"{""clf__C"": 10.0}",6.311997800000427
73,quantum/Fidelity-ref-SVM,quantum,0,0.7777777777777778,0.9500000000000001,"{""clf__C"": 10.0}",10.357384299999467
73,quantum/Fidelity-ref-SVM,quantum,1,0.3333333333333333,0.45,"{""clf__C"": 10.0}",10.357384299999467
73,quantum/Fidelity-ref-SVM,quantum,2,0.4444444444444444,0.6,"{""clf__C"": 10.0}",10.357384299999467
73,quantum/Fidelity-ref-SVM,quantum,3,0.5555555555555556,0.65,"{""clf__C"": 10.0}",10.357384299999467
73,quantum/Fidelity-ref-SVM,quantum,4,0.6666666666666666,0.8,"{""clf__C"": 10.0}",10.357384299999467
73,quantum/Fidelity-ref-SVM,quantum,5,0.5555555555555556,0.85,"{""clf__C"": 0.1}",10.357384299999467
73,quantum/Fidelity-ref-SVM,quantum,6,0.7777777777777778,0.7,"{""clf__C"": 10.0}",10.357384299999467
73,quantum/Fidelity-ref-SVM,quantum,7,0.5555555555555556,0.75,"{""clf__C"": 10.0}",10.357384299999467
73,quantum/Fidelity-ref-SVM,quantum,8,0.5555555555555556,0.7,"{""clf__C"": 10.0}",10.357384299999467
73,quantum/Fidelity-ref-SVM,quantum,9,0.6666666666666666,0.8,"{""clf__C"": 10.0}",10.357384299999467
73,quantum/Fidelity-ref-SVM,quantum,10,0.4444444444444444,0.45,"{""clf__C"": 10.0}",10.357384299999467
73,quantum/Fidelity-ref-SVM,quantum,11,0.5555555555555556,0.65,"{""clf__C"": 10.0}",10.357384299999467
73,quantum/Fidelity-ref-SVM,quantum,12,0.6666666666666666,0.8500000000000001,"{""clf__C"": 10.0}",10.357384299999467
73,quantum/Fidelity-ref-SVM,quantum,13,0.7777777777777778,0.8,"{""clf__C"": 10.0}",10.357384299999467
73,quantum/Fidelity-ref-SVM,quantum,14,0.7777777777777778,0.7,"{""clf__C"": 10.0}",10.357384299999467
73,quantum/HS-RBF-ref-SVM,quantum,0,0.7777777777777778,0.9,"{""clf__C"": 10.0, ""clf__gamma_mult"": 0.25}",17.781551100000797
73,quantum/HS-RBF-ref-SVM,quantum,1,0.1111111111111111,0.25,"{""clf__C"": 1.0, ""clf__gamma_mult"": 0.25}",17.781551100000797
73,quantum/HS-RBF-ref-SVM,quantum,2,0.5555555555555556,0.7,"{""clf__C"": 10.0, ""clf__gamma_mult"": 0.25}",17.781551100000797
73,quantum/HS-RBF-ref-SVM,quantum,3,0.5555555555555556,0.7,"{""clf__C"": 10.0, ""clf__gamma_mult"": 0.25}",17.781551100000797
73,quantum/HS-RBF-ref-SVM,quantum,4,0.6666666666666666,0.8,"{""clf__C"": 10.0, ""clf__gamma_mult"": 1.0}",17.781551100000797
73,quantum/HS-RBF-ref-SVM,quantum,5,1.0,1.0,"{""clf__C"": 10.0, ""clf__gamma_mult"": 0.25}",17.781551100000797
73,quantum/HS-RBF-ref-SVM,quantum,6,0.7777777777777778,0.75,"{""clf__C"": 10.0, ""clf__gamma_mult"": 0.25}",17.781551100000797
73,quantum/HS-RBF-ref-SVM,quantum,7,0.7777777777777778,1.0,"{""clf__C"": 10.0, ""clf__gamma_mult"": 0.25}",17.781551100000797
73,quantum/HS-RBF-ref-SVM,quantum,8,0.7777777777777778,0.8,"{""clf__C"": 10.0, ""clf__gamma_mult"": 0.25}",17.781551100000797
73,quantum/HS-RBF-ref-SVM,quantum,9,0.7777777777777778,0.85,"{""clf__C"": 10.0, ""clf__gamma_mult"": 0.25}",17.781551100000797
73,quantum/HS-RBF-ref-SVM,quantum,10,0.5555555555555556,0.55,"{""clf__C"": 10.0, ""clf__gamma_mult"": 0.25}",17.781551100000797
73,quantum/HS-RBF-ref-SVM,quantum,11,0.6666666666666666,0.8,"{""clf__C"": 10.0, ""clf__gamma_mult"": 1.0}",17.781551100000797
73,quantum/HS-RBF-ref-SVM,quantum,12,0.6666666666666666,0.8500000000000001,"{""clf__C"": 10.0, ""clf__gamma_mult"": 0.25}",17.781551100000797
73,quantum/HS-RBF-ref-SVM,quantum,13,0.8888888888888888,1.0,"{""clf__C"": 10.0, ""clf__gamma_mult"": 0.25}",17.781551100000797
73,quantum/HS-RBF-ref-SVM,quantum,14,0.7777777777777778,0.75,"{""clf__C"": 10.0, ""clf__gamma_mult"": 1.0}",17.781551100000797
73,quantum/Bures-RBF-ref-SVM,quantum,0,0.7777777777777778,0.9500000000000001,"{""clf__C"": 10.0, ""clf__gamma_mult"": 0.25}",27.390342800000326
73,quantum/Bures-RBF-ref-SVM,quantum,1,0.5555555555555556,0.65,"{""clf__C"": 10.0, ""clf__gamma_mult"": 1.0}",27.390342800000326
73,quantum/Bures-RBF-ref-SVM,quantum,2,0.6666666666666666,0.8,"{""clf__C"": 10.0, ""clf__gamma_mult"": 0.25}",27.390342800000326
73,quantum/Bures-RBF-ref-SVM,quantum,3,0.6666666666666666,0.7,"{""clf__C"": 10.0, ""clf__gamma_mult"": 0.25}",27.390342800000326
73,quantum/Bures-RBF-ref-SVM,quantum,4,0.5555555555555556,0.8,"{""clf__C"": 10.0, ""clf__gamma_mult"": 0.25}",27.390342800000326
73,quantum/Bures-RBF-ref-SVM,quantum,5,1.0,1.0,"{""clf__C"": 10.0, ""clf__gamma_mult"": 0.25}",27.390342800000326
73,quantum/Bures-RBF-ref-SVM,quantum,6,0.7777777777777778,0.75,"{""clf__C"": 10.0, ""clf__gamma_mult"": 0.25}",27.390342800000326
73,quantum/Bures-RBF-ref-SVM,quantum,7,0.6666666666666666,1.0,"{""clf__C"": 10.0, ""clf__gamma_mult"": 0.25}",27.390342800000326
73,quantum/Bures-RBF-ref-SVM,quantum,8,0.7777777777777778,0.8,"{""clf__C"": 10.0, ""clf__gamma_mult"": 0.25}",27.390342800000326
73,quantum/Bures-RBF-ref-SVM,quantum,9,0.7777777777777778,0.8,"{""clf__C"": 10.0, ""clf__gamma_mult"": 0.25}",27.390342800000326
73,quantum/Bures-RBF-ref-SVM,quantum,10,0.5555555555555556,0.6,"{""clf__C"": 10.0, ""clf__gamma_mult"": 1.0}",27.390342800000326
73,quantum/Bures-RBF-ref-SVM,quantum,11,0.7777777777777778,0.75,"{""clf__C"": 10.0, ""clf__gamma_mult"": 0.25}",27.390342800000326
73,quantum/Bures-RBF-ref-SVM,quantum,12,0.6666666666666666,0.8500000000000001,"{""clf__C"": 10.0, ""clf__gamma_mult"": 0.25}",27.390342800000326
73,quantum/Bures-RBF-ref-SVM,quantum,13,0.8888888888888888,1.0,"{""clf__C"": 10.0, ""clf__gamma_mult"": 1.0}",27.390342800000326
73,quantum/Bures-RBF-ref-SVM,quantum,14,0.7777777777777778,0.7000000000000001,"{""clf__C"": 10.0, ""clf__gamma_mult"": 0.25}",27.390342800000326
73,quantum/QRE-RBF-ref-SVM,quantum,0,0.7777777777777778,0.9500000000000001,"{""clf__C"": 10.0, ""clf__gamma_mult"": 0.25}",21.131615899999815
73,quantum/QRE-RBF-ref-SVM,quantum,1,0.4444444444444444,0.65,"{""clf__C"": 10.0, ""clf__gamma_mult"": 1.0}",21.131615899999815
73,quantum/QRE-RBF-ref-SVM,quantum,2,0.5555555555555556,0.75,"{""clf__C"": 10.0, ""clf__gamma_mult"": 1.0}",21.131615899999815
73,quantum/QRE-RBF-ref-SVM,quantum,3,0.6666666666666666,0.7,"{""clf__C"": 10.0, ""clf__gamma_mult"": 0.25}",21.131615899999815
73,quantum/QRE-RBF-ref-SVM,quantum,4,0.5555555555555556,0.8,"{""clf__C"": 10.0, ""clf__gamma_mult"": 0.25}",21.131615899999815
73,quantum/QRE-RBF-ref-SVM,quantum,5,1.0,1.0,"{""clf__C"": 10.0, ""clf__gamma_mult"": 0.25}",21.131615899999815
73,quantum/QRE-RBF-ref-SVM,quantum,6,0.7777777777777778,0.75,"{""clf__C"": 10.0, ""clf__gamma_mult"": 0.25}",21.131615899999815
73,quantum/QRE-RBF-ref-SVM,quantum,7,0.7777777777777778,1.0,"{""clf__C"": 10.0, ""clf__gamma_mult"": 0.25}",21.131615899999815
73,quantum/QRE-RBF-ref-SVM,quantum,8,0.7777777777777778,0.8,"{""clf__C"": 10.0, ""clf__gamma_mult"": 0.25}",21.131615899999815
73,quantum/QRE-RBF-ref-SVM,quantum,9,0.7777777777777778,0.8,"{""clf__C"": 10.0, ""clf__gamma_mult"": 0.25}",21.131615899999815
73,quantum/QRE-RBF-ref-SVM,quantum,10,0.5555555555555556,0.6,"{""clf__C"": 10.0, ""clf__gamma_mult"": 1.0}",21.131615899999815
73,quantum/QRE-RBF-ref-SVM,quantum,11,0.7777777777777778,0.8,"{""clf__C"": 10.0, ""clf__gamma_mult"": 0.25}",21.131615899999815
73,quantum/QRE-RBF-ref-SVM,quantum,12,0.6666666666666666,0.8500000000000001,"{""clf__C"": 10.0, ""clf__gamma_mult"": 0.25}",21.131615899999815
73,quantum/QRE-RBF-ref-SVM,quantum,13,1.0,1.0,"{""clf__C"": 10.0, ""clf__gamma_mult"": 1.0}",21.131615899999815
73,quantum/QRE-RBF-ref-SVM,quantum,14,0.7777777777777778,0.7000000000000001,"{""clf__C"": 10.0, ""clf__gamma_mult"": 0.25}",21.131615899999815
73,quantum/IQP-kernel-SVM,quantum,0,0.3333333333333333,0.24999999999999997,"{""clf__C"": 1.0, ""clf__scale"": 1.0}",25.52503500000057
73,quantum/IQP-kernel-SVM,quantum,1,0.3333333333333333,0.15,"{""clf__C"": 10.0, ""clf__scale"": 1.0}",25.52503500000057
73,quantum/IQP-kernel-SVM,quantum,2,0.4444444444444444,0.6,"{""clf__C"": 10.0, ""clf__scale"": 0.5}",25.52503500000057
73,quantum/IQP-kernel-SVM,quantum,3,0.3333333333333333,0.15,"{""clf__C"": 10.0, ""clf__scale"": 0.5}",25.52503500000057
73,quantum/IQP-kernel-SVM,quantum,4,0.2222222222222222,0.05,"{""clf__C"": 10.0, ""clf__scale"": 0.5}",25.52503500000057
73,quantum/IQP-kernel-SVM,quantum,5,0.4444444444444444,0.39999999999999997,"{""clf__C"": 1.0, ""clf__scale"": 0.5}",25.52503500000057
73,quantum/IQP-kernel-SVM,quantum,6,0.5555555555555556,0.4,"{""clf__C"": 10.0, ""clf__scale"": 0.5}",25.52503500000057
73,quantum/IQP-kernel-SVM,quantum,7,0.6666666666666666,0.75,"{""clf__C"": 10.0, ""clf__scale"": 1.0}",25.52503500000057
73,quantum/IQP-kernel-SVM,quantum,8,0.4444444444444444,0.55,"{""clf__C"": 1.0, ""clf__scale"": 1.0}",25.52503500000057
73,quantum/IQP-kernel-SVM,quantum,9,0.4444444444444444,0.4,"{""clf__C"": 10.0, ""clf__scale"": 2.0}",25.52503500000057
73,quantum/IQP-kernel-SVM,quantum,10,0.4444444444444444,0.4,"{""clf__C"": 10.0, ""clf__scale"": 2.0}",25.52503500000057
73,quantum/IQP-kernel-SVM,quantum,11,0.6666666666666666,0.4,"{""clf__C"": 10.0, ""clf__scale"": 0.5}",25.52503500000057
73,quantum/IQP-kernel-SVM,quantum,12,0.5555555555555556,0.4,"{""clf__C"": 1.0, ""clf__scale"": 2.0}",25.52503500000057
73,quantum/IQP-kernel-SVM,quantum,13,0.3333333333333333,0.3,"{""clf__C"": 10.0, ""clf__scale"": 2.0}",25.52503500000057
73,quantum/IQP-kernel-SVM,quantum,14,0.4444444444444444,0.5,"{""clf__C"": 1.0, ""clf__scale"": 2.0}",25.52503500000057
73,quantum/CNOT-kernel-SVM,quantum,0,0.6666666666666666,0.5499999999999999,"{""clf__C"": 10.0, ""clf__scale"": 1.0}",23.633703600000445
73,quantum/CNOT-kernel-SVM,quantum,1,0.6666666666666666,0.5,"{""clf__C"": 10.0, ""clf__scale"": 0.5}",23.633703600000445
73,quantum/CNOT-kernel-SVM,quantum,2,0.3333333333333333,0.39999999999999997,"{""clf__C"": 1.0, ""clf__scale"": 2.0}",23.633703600000445
73,quantum/CNOT-kernel-SVM,quantum,3,0.1111111111111111,0.05,"{""clf__C"": 1.0, ""clf__scale"": 2.0}",23.633703600000445
73,quantum/CNOT-kernel-SVM,quantum,4,0.1111111111111111,0.05,"{""clf__C"": 10.0, ""clf__scale"": 2.0}",23.633703600000445
73,quantum/CNOT-kernel-SVM,quantum,5,0.3333333333333333,0.19999999999999998,"{""clf__C"": 10.0, ""clf__scale"": 2.0}",23.633703600000445
73,quantum/CNOT-kernel-SVM,quantum,6,0.5555555555555556,0.55,"{""clf__C"": 10.0, ""clf__scale"": 1.0}",23.633703600000445
73,quantum/CNOT-kernel-SVM,quantum,7,0.4444444444444444,0.49999999999999994,"{""clf__C"": 1.0, ""clf__scale"": 1.0}",23.633703600000445
73,quantum/CNOT-kernel-SVM,quantum,8,0.5555555555555556,0.75,"{""clf__C"": 1.0, ""clf__scale"": 1.0}",23.633703600000445
73,quantum/CNOT-kernel-SVM,quantum,9,0.4444444444444444,0.75,"{""clf__C"": 10.0, ""clf__scale"": 1.0}",23.633703600000445
73,quantum/CNOT-kernel-SVM,quantum,10,0.5555555555555556,0.45000000000000007,"{""clf__C"": 1.0, ""clf__scale"": 1.0}",23.633703600000445
73,quantum/CNOT-kernel-SVM,quantum,11,0.3333333333333333,0.4,"{""clf__C"": 10.0, ""clf__scale"": 1.0}",23.633703600000445
73,quantum/CNOT-kernel-SVM,quantum,12,0.3333333333333333,0.1,"{""clf__C"": 1.0, ""clf__scale"": 2.0}",23.633703600000445
73,quantum/CNOT-kernel-SVM,quantum,13,0.5555555555555556,0.7,"{""clf__C"": 10.0, ""clf__scale"": 2.0}",23.633703600000445
73,quantum/CNOT-kernel-SVM,quantum,14,0.5555555555555556,0.44999999999999996,"{""clf__C"": 10.0, ""clf__scale"": 1.0}",23.633703600000445
73,control/IQP-no-entangle,control,0,0.6666666666666666,0.6,"{""clf__C"": 10.0, ""clf__scale"": 0.5}",21.98447269999997
73,control/IQP-no-entangle,control,1,0.2222222222222222,0.3,"{""clf__C"": 1.0, ""clf__scale"": 0.5}",21.98447269999997
73,control/IQP-no-entangle,control,2,0.3333333333333333,0.15,"{""clf__C"": 1.0, ""clf__scale"": 2.0}",21.98447269999997
73,control/IQP-no-entangle,control,3,0.2222222222222222,0.05,"{""clf__C"": 1.0, ""clf__scale"": 2.0}",21.98447269999997
73,control/IQP-no-entangle,control,4,0.4444444444444444,0.55,"{""clf__C"": 0.1, ""clf__scale"": 0.5}",21.98447269999997
73,control/IQP-no-entangle,control,5,0.4444444444444444,0.30000000000000004,"{""clf__C"": 1.0, ""clf__scale"": 1.0}",21.98447269999997
73,control/IQP-no-entangle,control,6,0.5555555555555556,0.55,"{""clf__C"": 10.0, ""clf__scale"": 1.0}",21.98447269999997
73,control/IQP-no-entangle,control,7,0.5555555555555556,0.7,"{""clf__C"": 1.0, ""clf__scale"": 2.0}",21.98447269999997
73,control/IQP-no-entangle,control,8,0.5555555555555556,0.65,"{""clf__C"": 1.0, ""clf__scale"": 1.0}",21.98447269999997
73,control/IQP-no-entangle,control,9,0.4444444444444444,0.35000000000000003,"{""clf__C"": 0.1, ""clf__scale"": 0.5}",21.98447269999997
73,control/IQP-no-entangle,control,10,0.2222222222222222,0.3,"{""clf__C"": 1.0, ""clf__scale"": 2.0}",21.98447269999997
73,control/IQP-no-entangle,control,11,0.6666666666666666,0.4,"{""clf__C"": 10.0, ""clf__scale"": 1.0}",21.98447269999997
73,control/IQP-no-entangle,control,12,0.4444444444444444,0.75,"{""clf__C"": 10.0, ""clf__scale"": 2.0}",21.98447269999997
73,control/IQP-no-entangle,control,13,0.5555555555555556,0.75,"{""clf__C"": 1.0, ""clf__scale"": 1.0}",21.98447269999997
73,control/IQP-no-entangle,control,14,0.4444444444444444,0.55,"{""clf__C"": 10.0, ""clf__scale"": 0.5}",21.98447269999997
73,control/PCA-matched-RBF,control,0,0.4444444444444444,0.49999999999999994,"{""clf__C"": 10.0, ""clf__gamma"": ""scale""}",18.78727450000042
73,control/PCA-matched-RBF,control,1,0.4444444444444444,0.4,"{""clf__C"": 1.0, ""clf__gamma"": ""scale""}",18.78727450000042
73,control/PCA-matched-RBF,control,2,0.3333333333333333,0.45,"{""clf__C"": 10.0, ""clf__gamma"": ""scale""}",18.78727450000042
73,control/PCA-matched-RBF,control,3,0.3333333333333333,0.2,"{""clf__C"": 10.0, ""clf__gamma"": ""scale""}",18.78727450000042
73,control/PCA-matched-RBF,control,4,0.4444444444444444,0.35000000000000003,"{""clf__C"": 0.1, ""clf__gamma"": ""scale""}",18.78727450000042
73,control/PCA-matched-RBF,control,5,0.4444444444444444,0.35000000000000003,"{""clf__C"": 1.0, ""clf__gamma"": ""scale""}",18.78727450000042
73,control/PCA-matched-RBF,control,6,0.3333333333333333,0.4,"{""clf__C"": 10.0, ""clf__gamma"": 0.1}",18.78727450000042
73,control/PCA-matched-RBF,control,7,0.4444444444444444,0.45,"{""clf__C"": 1.0, ""clf__gamma"": ""scale""}",18.78727450000042
73,control/PCA-matched-RBF,control,8,0.5555555555555556,0.75,"{""clf__C"": 10.0, ""clf__gamma"": 0.01}",18.78727450000042
73,control/PCA-matched-RBF,control,9,0.4444444444444444,0.55,"{""clf__C"": 0.1, ""clf__gamma"": ""scale""}",18.78727450000042
73,control/PCA-matched-RBF,control,10,0.5555555555555556,0.2,"{""clf__C"": 10.0, ""clf__gamma"": ""scale""}",18.78727450000042
73,control/PCA-matched-RBF,control,11,0.4444444444444444,0.25,"{""clf__C"": 1.0, ""clf__gamma"": ""scale""}",18.78727450000042
73,control/PCA-matched-RBF,control,12,0.3333333333333333,0.24999999999999997,"{""clf__C"": 10.0, ""clf__gamma"": ""scale""}",18.78727450000042
73,control/PCA-matched-RBF,control,13,0.5555555555555556,0.75,"{""clf__C"": 1.0, ""clf__gamma"": ""scale""}",18.78727450000042
73,control/PCA-matched-RBF,control,14,0.4444444444444444,0.5,"{""clf__C"": 0.1, ""clf__gamma"": ""scale""}",18.78727450000042
73,control/PCA-matched-linear,control,0,0.4444444444444444,0.35,"{""clf__C"": 10.0}",6.629641999999876
73,control/PCA-matched-linear,control,1,0.1111111111111111,0.2,"{""clf__C"": 0.1}",6.629641999999876
73,control/PCA-matched-linear,control,2,0.3333333333333333,0.19999999999999996,"{""clf__C"": 10.0}",6.629641999999876
73,control/PCA-matched-linear,control,3,0.2222222222222222,0.15,"{""clf__C"": 10.0}",6.629641999999876
73,control/PCA-matched-linear,control,4,0.4444444444444444,0.7,"{""clf__C"": 0.1}",6.629641999999876
73,control/PCA-matched-linear,control,5,0.3333333333333333,0.45,"{""clf__C"": 1.0}",6.629641999999876
73,control/PCA-matched-linear,control,6,0.5555555555555556,0.24999999999999997,"{""clf__C"": 0.1}",6.629641999999876
73,control/PCA-matched-linear,control,7,0.4444444444444444,0.45,"{""clf__C"": 10.0}",6.629641999999876
73,control/PCA-matched-linear,control,8,0.4444444444444444,0.75,"{""clf__C"": 0.1}",6.629641999999876
73,control/PCA-matched-linear,control,9,0.4444444444444444,0.30000000000000004,"{""clf__C"": 0.1}",6.629641999999876
73,control/PCA-matched-linear,control,10,0.3333333333333333,0.25,"{""clf__C"": 0.1}",6.629641999999876
73,control/PCA-matched-linear,control,11,0.4444444444444444,0.19999999999999998,"{""clf__C"": 10.0}",6.629641999999876
73,control/PCA-matched-linear,control,12,0.1111111111111111,0.09999999999999998,"{""clf__C"": 0.1}",6.629641999999876
73,control/PCA-matched-linear,control,13,0.3333333333333333,0.35000000000000003,"{""clf__C"": 1.0}",6.629641999999876
73,control/PCA-matched-linear,control,14,0.4444444444444444,0.45000000000000007,"{""clf__C"": 0.1}",6.629641999999876
73,control/logeuclid-TS+LR,control,0,0.5555555555555556,0.65,"{""clf__C"": 10.0}",5.133719399999791
73,control/logeuclid-TS+LR,control,1,0.4444444444444444,0.5499999999999999,"{""clf__C"": 10.0}",5.133719399999791
73,control/logeuclid-TS+LR,control,2,0.5555555555555556,0.65,"{""clf__C"": 1.0}",5.133719399999791
73,control/logeuclid-TS+LR,control,3,0.3333333333333333,0.30000000000000004,"{""clf__C"": 0.1}",5.133719399999791
73,control/logeuclid-TS+LR,control,4,0.5555555555555556,0.7,"{""clf__C"": 10.0}",5.133719399999791
73,control/logeuclid-TS+LR,control,5,0.5555555555555556,0.7,"{""clf__C"": 0.1}",5.133719399999791
73,control/logeuclid-TS+LR,control,6,0.6666666666666666,0.55,"{""clf__C"": 10.0}",5.133719399999791
73,control/logeuclid-TS+LR,control,7,0.4444444444444444,0.5,"{""clf__C"": 10.0}",5.133719399999791
73,control/logeuclid-TS+LR,control,8,0.7777777777777778,0.9,"{""clf__C"": 0.1}",5.133719399999791
73,control/logeuclid-TS+LR,control,9,0.6666666666666666,0.8,"{""clf__C"": 1.0}",5.133719399999791
73,control/logeuclid-TS+LR,control,10,0.5555555555555556,0.3,"{""clf__C"": 0.1}",5.133719399999791
73,control/logeuclid-TS+LR,control,11,0.5555555555555556,0.55,"{""clf__C"": 10.0}",5.133719399999791
73,control/logeuclid-TS+LR,control,12,0.7777777777777778,0.8,"{""clf__C"": 10.0}",5.133719399999791
73,control/logeuclid-TS+LR,control,13,0.5555555555555556,0.6500000000000001,"{""clf__C"": 1.0}",5.133719399999791
73,control/logeuclid-TS+LR,control,14,0.6666666666666666,0.7,"{""clf__C"": 1.0}",5.133719399999791
73,control/riemann-kernel-SVM,control,0,0.7777777777777778,0.9,"{""clf__C"": 1.0}",6.613794099999723
73,control/riemann-kernel-SVM,control,1,0.7777777777777778,0.9,"{""clf__C"": 10.0}",6.613794099999723
73,control/riemann-kernel-SVM,control,2,0.5555555555555556,0.6,"{""clf__C"": 1.0}",6.613794099999723
73,control/riemann-kernel-SVM,control,3,0.5555555555555556,0.65,"{""clf__C"": 10.0}",6.613794099999723
73,control/riemann-kernel-SVM,control,4,0.6666666666666666,0.75,"{""clf__C"": 1.0}",6.613794099999723
73,control/riemann-kernel-SVM,control,5,0.8888888888888888,1.0,"{""clf__C"": 10.0}",6.613794099999723
73,control/riemann-kernel-SVM,control,6,0.7777777777777778,0.75,"{""clf__C"": 1.0}",6.613794099999723
73,control/riemann-kernel-SVM,control,7,0.5555555555555556,0.8,"{""clf__C"": 1.0}",6.613794099999723
73,control/riemann-kernel-SVM,control,8,0.6666666666666666,0.8,"{""clf__C"": 1.0}",6.613794099999723
73,control/riemann-kernel-SVM,control,9,0.7777777777777778,0.7,"{""clf__C"": 1.0}",6.613794099999723
73,control/riemann-kernel-SVM,control,10,0.5555555555555556,0.6,"{""clf__C"": 1.0}",6.613794099999723
73,control/riemann-kernel-SVM,control,11,0.6666666666666666,0.8,"{""clf__C"": 1.0}",6.613794099999723
73,control/riemann-kernel-SVM,control,12,0.6666666666666666,0.65,"{""clf__C"": 1.0}",6.613794099999723
73,control/riemann-kernel-SVM,control,13,0.6666666666666666,0.7000000000000001,"{""clf__C"": 10.0}",6.613794099999723
73,control/riemann-kernel-SVM,control,14,0.6666666666666666,0.7500000000000001,"{""clf__C"": 10.0}",6.613794099999723
73,control/logeuclid-kernel-SVM,control,0,0.7777777777777778,0.9,"{""clf__C"": 10.0}",6.498494400000709
73,control/logeuclid-kernel-SVM,control,1,0.5555555555555556,0.65,"{""clf__C"": 10.0}",6.498494400000709
73,control/logeuclid-kernel-SVM,control,2,0.4444444444444444,0.5,"{""clf__C"": 10.0}",6.498494400000709
73,control/logeuclid-kernel-SVM,control,3,0.5555555555555556,0.6,"{""clf__C"": 10.0}",6.498494400000709
73,control/logeuclid-kernel-SVM,control,4,0.7777777777777778,0.8,"{""clf__C"": 10.0}",6.498494400000709
73,control/logeuclid-kernel-SVM,control,5,0.7777777777777778,0.9500000000000001,"{""clf__C"": 10.0}",6.498494400000709
73,control/logeuclid-kernel-SVM,control,6,0.7777777777777778,0.7,"{""clf__C"": 1.0}",6.498494400000709
73,control/logeuclid-kernel-SVM,control,7,0.6666666666666666,0.6,"{""clf__C"": 10.0}",6.498494400000709
73,control/logeuclid-kernel-SVM,control,8,0.5555555555555556,0.7,"{""clf__C"": 10.0}",6.498494400000709
73,control/logeuclid-kernel-SVM,control,9,0.6666666666666666,0.6,"{""clf__C"": 10.0}",6.498494400000709
73,control/logeuclid-kernel-SVM,control,10,0.5555555555555556,0.5,"{""clf__C"": 10.0}",6.498494400000709
73,control/logeuclid-kernel-SVM,control,11,0.6666666666666666,0.6,"{""clf__C"": 1.0}",6.498494400000709
73,control/logeuclid-kernel-SVM,control,12,0.6666666666666666,0.44999999999999996,"{""clf__C"": 10.0}",6.498494400000709
73,control/logeuclid-kernel-SVM,control,13,0.4444444444444444,0.5,"{""clf__C"": 0.1}",6.498494400000709
73,control/logeuclid-kernel-SVM,control,14,0.5555555555555556,0.7,"{""clf__C"": 1.0}",6.498494400000709
74,classical/logvar+LDA,classical,0,0.4444444444444444,0.30000000000000004,{},0.10325689999990573
74,classical/logvar+LDA,classical,1,0.6666666666666666,0.8,{},0.10325689999990573
74,classical/logvar+LDA,classical,2,0.3333333333333333,0.2,{},0.10325689999990573
74,classical/logvar+LDA,classical,3,0.5555555555555556,0.5,{},0.10325689999990573
74,classical/logvar+LDA,classical,4,0.4444444444444444,0.5,{},0.10325689999990573
74,classical/logvar+LDA,classical,5,0.4444444444444444,0.45,{},0.10325689999990573
74,classical/logvar+LDA,classical,6,0.4444444444444444,0.35,{},0.10325689999990573
74,classical/logvar+LDA,classical,7,0.3333333333333333,0.1,{},0.10325689999990573
74,classical/logvar+LDA,classical,8,0.4444444444444444,0.09999999999999998,{},0.10325689999990573
74,classical/logvar+LDA,classical,9,0.6666666666666666,0.6499999999999999,{},0.10325689999990573
74,classical/logvar+LDA,classical,10,0.3333333333333333,0.4,{},0.10325689999990573
74,classical/logvar+LDA,classical,11,0.3333333333333333,0.29999999999999993,{},0.10325689999990573
74,classical/logvar+LDA,classical,12,0.5555555555555556,0.55,{},0.10325689999990573
74,classical/logvar+LDA,classical,13,0.4444444444444444,0.5499999999999999,{},0.10325689999990573
74,classical/logvar+LDA,classical,14,0.5555555555555556,0.6,{},0.10325689999990573
74,classical/CSP+LDA,classical,0,0.4444444444444444,0.25,"{""csp__nfilter"": 4}",4.228347599999324
74,classical/CSP+LDA,classical,1,0.7777777777777778,0.9,"{""csp__nfilter"": 2}",4.228347599999324
74,classical/CSP+LDA,classical,2,0.3333333333333333,0.39999999999999997,"{""csp__nfilter"": 6}",4.228347599999324
74,classical/CSP+LDA,classical,3,0.3333333333333333,0.4,"{""csp__nfilter"": 2}",4.228347599999324
74,classical/CSP+LDA,classical,4,0.6666666666666666,0.5,"{""csp__nfilter"": 6}",4.228347599999324
74,classical/CSP+LDA,classical,5,0.4444444444444444,0.15,"{""csp__nfilter"": 4}",4.228347599999324
74,classical/CSP+LDA,classical,6,0.2222222222222222,0.24999999999999997,"{""csp__nfilter"": 2}",4.228347599999324
74,classical/CSP+LDA,classical,7,0.5555555555555556,0.7,"{""csp__nfilter"": 2}",4.228347599999324
74,classical/CSP+LDA,classical,8,0.4444444444444444,0.25,"{""csp__nfilter"": 6}",4.228347599999324
74,classical/CSP+LDA,classical,9,0.4444444444444444,0.5,"{""csp__nfilter"": 6}",4.228347599999324
74,classical/CSP+LDA,classical,10,0.6666666666666666,0.85,"{""csp__nfilter"": 2}",4.228347599999324
74,classical/CSP+LDA,classical,11,0.5555555555555556,0.5,"{""csp__nfilter"": 6}",4.228347599999324
74,classical/CSP+LDA,classical,12,0.3333333333333333,0.19999999999999998,"{""csp__nfilter"": 2}",4.228347599999324
74,classical/CSP+LDA,classical,13,0.5555555555555556,0.7,"{""csp__nfilter"": 2}",4.228347599999324
74,classical/CSP+LDA,classical,14,0.4444444444444444,0.44999999999999996,"{""csp__nfilter"": 2}",4.228347599999324
74,classical/MDM,classical,0,0.4444444444444444,0.25,{},0.6778961999998501
74,classical/MDM,classical,1,0.4444444444444444,0.45000000000000007,{},0.6778961999998501
74,classical/MDM,classical,2,0.3333333333333333,0.3,{},0.6778961999998501
74,classical/MDM,classical,3,0.3333333333333333,0.3,{},0.6778961999998501
74,classical/MDM,classical,4,0.3333333333333333,0.35,{},0.6778961999998501
74,classical/MDM,classical,5,0.3333333333333333,0.2,{},0.6778961999998501
74,classical/MDM,classical,6,0.2222222222222222,0.19999999999999996,{},0.6778961999998501
74,classical/MDM,classical,7,0.4444444444444444,0.35000000000000003,{},0.6778961999998501
74,classical/MDM,classical,8,0.4444444444444444,0.19999999999999998,{},0.6778961999998501
74,classical/MDM,classical,9,0.3333333333333333,0.39999999999999997,{},0.6778961999998501
74,classical/MDM,classical,10,0.4444444444444444,0.4,{},0.6778961999998501
74,classical/MDM,classical,11,0.3333333333333333,0.2,{},0.6778961999998501
74,classical/MDM,classical,12,0.2222222222222222,0.09999999999999998,{},0.6778961999998501
74,classical/MDM,classical,13,0.2222222222222222,0.25,{},0.6778961999998501
74,classical/MDM,classical,14,0.4444444444444444,0.29999999999999993,{},0.6778961999998501
74,classical/TS+LR,classical,0,0.1111111111111111,0.05,"{""clf__C"": 1.0}",6.524729699999625
74,classical/TS+LR,classical,1,0.2222222222222222,0.5,"{""clf__C"": 1.0}",6.524729699999625
74,classical/TS+LR,classical,2,0.3333333333333333,0.09999999999999998,"{""clf__C"": 10.0}",6.524729699999625
74,classical/TS+LR,classical,3,0.4444444444444444,0.5,"{""clf__C"": 0.1}",6.524729699999625
74,classical/TS+LR,classical,4,0.6666666666666666,0.44999999999999996,"{""clf__C"": 10.0}",6.524729699999625
74,classical/TS+LR,classical,5,0.4444444444444444,0.5,"{""clf__C"": 0.1}",6.524729699999625
74,classical/TS+LR,classical,6,0.4444444444444444,0.35,"{""clf__C"": 10.0}",6.524729699999625
74,classical/TS+LR,classical,7,0.4444444444444444,0.39999999999999997,"{""clf__C"": 0.1}",6.524729699999625
74,classical/TS+LR,classical,8,0.3333333333333333,0.30000000000000004,"{""clf__C"": 0.1}",6.524729699999625
74,classical/TS+LR,classical,9,0.3333333333333333,0.55,"{""clf__C"": 0.1}",6.524729699999625
74,classical/TS+LR,classical,10,0.5555555555555556,0.55,"{""clf__C"": 0.1}",6.524729699999625
74,classical/TS+LR,classical,11,0.3333333333333333,0.1,"{""clf__C"": 1.0}",6.524729699999625
74,classical/TS+LR,classical,12,0.2222222222222222,0.15,"{""clf__C"": 0.1}",6.524729699999625
74,classical/TS+LR,classical,13,0.3333333333333333,0.0,"{""clf__C"": 0.1}",6.524729699999625
74,classical/TS+LR,classical,14,0.3333333333333333,0.3,"{""clf__C"": 10.0}",6.524729699999625
74,classical/TS+RBF-SVM,classical,0,0.4444444444444444,0.1,"{""clf__C"": 0.1, ""clf__gamma"": ""scale""}",17.917214000000058
74,classical/TS+RBF-SVM,classical,1,0.5555555555555556,0.45,"{""clf__C"": 0.1, ""clf__gamma"": ""scale""}",17.917214000000058
74,classical/TS+RBF-SVM,classical,2,0.5555555555555556,0.25,"{""clf__C"": 0.1, ""clf__gamma"": ""scale""}",17.917214000000058
74,classical/TS+RBF-SVM,classical,3,0.5555555555555556,0.6,"{""clf__C"": 0.1, ""clf__gamma"": ""scale""}",17.917214000000058
74,classical/TS+RBF-SVM,classical,4,0.5555555555555556,0.9,"{""clf__C"": 0.1, ""clf__gamma"": ""scale""}",17.917214000000058
74,classical/TS+RBF-SVM,classical,5,0.4444444444444444,0.35,"{""clf__C"": 0.1, ""clf__gamma"": ""scale""}",17.917214000000058
74,classical/TS+RBF-SVM,classical,6,0.5555555555555556,0.24999999999999997,"{""clf__C"": 0.1, ""clf__gamma"": ""scale""}",17.917214000000058
74,classical/TS+RBF-SVM,classical,7,0.5555555555555556,0.19999999999999998,"{""clf__C"": 0.1, ""clf__gamma"": ""scale""}",17.917214000000058
74,classical/TS+RBF-SVM,classical,8,0.5555555555555556,0.45,"{""clf__C"": 0.1, ""clf__gamma"": ""scale""}",17.917214000000058
74,classical/TS+RBF-SVM,classical,9,0.5555555555555556,0.4,"{""clf__C"": 0.1, ""clf__gamma"": ""scale""}",17.917214000000058
74,classical/TS+RBF-SVM,classical,10,0.4444444444444444,0.6000000000000001,"{""clf__C"": 0.1, ""clf__gamma"": ""scale""}",17.917214000000058
74,classical/TS+RBF-SVM,classical,11,0.5555555555555556,0.5,"{""clf__C"": 0.1, ""clf__gamma"": ""scale""}",17.917214000000058
74,classical/TS+RBF-SVM,classical,12,0.5555555555555556,0.24999999999999997,"{""clf__C"": 0.1, ""clf__gamma"": ""scale""}",17.917214000000058
74,classical/TS+RBF-SVM,classical,13,0.3333333333333333,0.0,"{""clf__C"": 1.0, ""clf__gamma"": ""scale""}",17.917214000000058
74,classical/TS+RBF-SVM,classical,14,0.4444444444444444,0.39999999999999997,"{""clf__C"": 10.0, ""clf__gamma"": ""scale""}",17.917214000000058
74,quantum/HS-overlap-SVM,quantum,0,0.4444444444444444,0.4,"{""clf__C"": 10.0}",4.395899799999825
74,quantum/HS-overlap-SVM,quantum,1,0.5555555555555556,0.5,"{""clf__C"": 0.1}",4.395899799999825
74,quantum/HS-overlap-SVM,quantum,2,0.5555555555555556,0.45,"{""clf__C"": 10.0}",4.395899799999825
74,quantum/HS-overlap-SVM,quantum,3,0.5555555555555556,0.5,"{""clf__C"": 0.1}",4.395899799999825
74,quantum/HS-overlap-SVM,quantum,4,0.5555555555555556,0.55,"{""clf__C"": 0.1}",4.395899799999825
74,quantum/HS-overlap-SVM,quantum,5,0.4444444444444444,0.65,"{""clf__C"": 0.1}",4.395899799999825
74,quantum/HS-overlap-SVM,quantum,6,0.5555555555555556,0.85,"{""clf__C"": 10.0}",4.395899799999825
74,quantum/HS-overlap-SVM,quantum,7,0.5555555555555556,0.25,"{""clf__C"": 0.1}",4.395899799999825
74,quantum/HS-overlap-SVM,quantum,8,0.5555555555555556,0.3,"{""clf__C"": 10.0}",4.395899799999825
74,quantum/HS-overlap-SVM,quantum,9,0.5555555555555556,0.7000000000000001,"{""clf__C"": 10.0}",4.395899799999825
74,quantum/HS-overlap-SVM,quantum,10,0.5555555555555556,0.30000000000000004,"{""clf__C"": 10.0}",4.395899799999825
74,quantum/HS-overlap-SVM,quantum,11,0.5555555555555556,0.35,"{""clf__C"": 10.0}",4.395899799999825
74,quantum/HS-overlap-SVM,quantum,12,0.5555555555555556,0.55,"{""clf__C"": 0.1}",4.395899799999825
74,quantum/HS-overlap-SVM,quantum,13,0.4444444444444444,0.4,"{""clf__C"": 10.0}",4.395899799999825
74,quantum/HS-overlap-SVM,quantum,14,0.5555555555555556,0.4,"{""clf__C"": 0.1}",4.395899799999825
74,quantum/Fidelity-SVM,quantum,0,0.4444444444444444,0.30000000000000004,"{""clf__C"": 0.1}",7.861574700000347
74,quantum/Fidelity-SVM,quantum,1,0.5555555555555556,0.85,"{""clf__C"": 0.1}",7.861574700000347
74,quantum/Fidelity-SVM,quantum,2,0.5555555555555556,0.3,"{""clf__C"": 0.1}",7.861574700000347
74,quantum/Fidelity-SVM,quantum,3,0.5555555555555556,0.35,"{""clf__C"": 0.1}",7.861574700000347
74,quantum/Fidelity-SVM,quantum,4,0.5555555555555556,0.55,"{""clf__C"": 10.0}",7.861574700000347
74,quantum/Fidelity-SVM,quantum,5,0.4444444444444444,0.7000000000000001,"{""clf__C"": 0.1}",7.861574700000347
74,quantum/Fidelity-SVM,quantum,6,0.5555555555555556,0.7,"{""clf__C"": 0.1}",7.861574700000347
74,quantum/Fidelity-SVM,quantum,7,0.5555555555555556,0.25,"{""clf__C"": 0.1}",7.861574700000347
74,quantum/Fidelity-SVM,quantum,8,0.5555555555555556,0.15,"{""clf__C"": 0.1}",7.861574700000347
74,quantum/Fidelity-SVM,quantum,9,0.5555555555555556,0.7000000000000001,"{""clf__C"": 0.1}",7.861574700000347
74,quantum/Fidelity-SVM,quantum,10,0.4444444444444444,0.35000000000000003,"{""clf__C"": 0.1}",7.861574700000347
74,quantum/Fidelity-SVM,quantum,11,0.5555555555555556,0.35,"{""clf__C"": 0.1}",7.861574700000347
74,quantum/Fidelity-SVM,quantum,12,0.5555555555555556,0.19999999999999998,"{""clf__C"": 0.1}",7.861574700000347
74,quantum/Fidelity-SVM,quantum,13,0.5555555555555556,0.39999999999999997,"{""clf__C"": 10.0}",7.861574700000347
74,quantum/Fidelity-SVM,quantum,14,0.5555555555555556,0.35,"{""clf__C"": 0.1}",7.861574700000347
74,quantum/HS-RBF-SVM,quantum,0,0.5555555555555556,0.65,"{""clf__C"": 10.0, ""clf__gamma_mult"": 0.25}",12.293747499999881
74,quantum/HS-RBF-SVM,quantum,1,0.5555555555555556,0.5,"{""clf__C"": 1.0, ""clf__gamma_mult"": 0.25}",12.293747499999881
74,quantum/HS-RBF-SVM,quantum,2,0.5555555555555556,0.45,"{""clf__C"": 1.0, ""clf__gamma_mult"": 0.25}",12.293747499999881
74,quantum/HS-RBF-SVM,quantum,3,0.3333333333333333,0.6,"{""clf__C"": 1.0, ""clf__gamma_mult"": 1.0}",12.293747499999881
74,quantum/HS-RBF-SVM,quantum,4,0.5555555555555556,0.7,"{""clf__C"": 1.0, ""clf__gamma_mult"": 1.0}",12.293747499999881
74,quantum/HS-RBF-SVM,quantum,5,0.5555555555555556,0.30000000000000004,"{""clf__C"": 10.0, ""clf__gamma_mult"": 0.25}",12.293747499999881
74,quantum/HS-RBF-SVM,quantum,6,0.5555555555555556,0.75,"{""clf__C"": 10.0, ""clf__gamma_mult"": 0.25}",12.293747499999881
74,quantum/HS-RBF-SVM,quantum,7,0.4444444444444444,0.3,"{""clf__C"": 1.0, ""clf__gamma_mult"": 0.25}",12.293747499999881
74,quantum/HS-RBF-SVM,quantum,8,0.5555555555555556,0.55,"{""clf__C"": 0.1, ""clf__gamma_mult"": 0.25}",12.293747499999881
74,quantum/HS-RBF-SVM,quantum,9,0.5555555555555556,0.6,"{""clf__C"": 10.0, ""clf__gamma_mult"": 1.0}",12.293747499999881
74,quantum/HS-RBF-SVM,quantum,10,0.6666666666666666,0.49999999999999994,"{""clf__C"": 10.0, ""clf__gamma_mult"": 0.25}",12.293747499999881
74,quantum/HS-RBF-SVM,quantum,11,0.4444444444444444,0.5499999999999999,"{""clf__C"": 1.0, ""clf__gamma_mult"": 1.0}",12.293747499999881
74,quantum/HS-RBF-SVM,quantum,12,0.5555555555555556,0.4,"{""clf__C"": 1.0, ""clf__gamma_mult"": 4.0}",12.293747499999881
74,quantum/HS-RBF-SVM,quantum,13,0.6666666666666666,0.7,"{""clf__C"": 1.0, ""clf__gamma_mult"": 1.0}",12.293747499999881
74,quantum/HS-RBF-SVM,quantum,14,0.6666666666666666,0.8,"{""clf__C"": 1.0, ""clf__gamma_mult"": 1.0}",12.293747499999881
74,quantum/Bures-RBF-SVM,quantum,0,0.5555555555555556,0.7,"{""clf__C"": 1.0, ""clf__gamma_mult"": 1.0}",20.591246100000717
74,quantum/Bures-RBF-SVM,quantum,1,0.5555555555555556,0.5,"{""clf__C"": 1.0, ""clf__gamma_mult"": 0.25}",20.591246100000717
74,quantum/Bures-RBF-SVM,quantum,2,0.5555555555555556,0.45,"{""clf__C"": 1.0, ""clf__gamma_mult"": 0.25}",20.591246100000717
74,quantum/Bures-RBF-SVM,quantum,3,0.3333333333333333,0.6,"{""clf__C"": 1.0, ""clf__gamma_mult"": 1.0}",20.591246100000717
74,quantum/Bures-RBF-SVM,quantum,4,0.4444444444444444,0.5,"{""clf__C"": 1.0, ""clf__gamma_mult"": 4.0}",20.591246100000717
74,quantum/Bures-RBF-SVM,quantum,5,0.4444444444444444,0.55,"{""clf__C"": 0.1, ""clf__gamma_mult"": 0.25}",20.591246100000717
74,quantum/Bures-RBF-SVM,quantum,6,0.5555555555555556,0.65,"{""clf__C"": 10.0, ""clf__gamma_mult"": 0.25}",20.591246100000717
74,quantum/Bures-RBF-SVM,quantum,7,0.4444444444444444,0.3,"{""clf__C"": 1.0, ""clf__gamma_mult"": 0.25}",20.591246100000717
74,quantum/Bures-RBF-SVM,quantum,8,0.5555555555555556,0.6,"{""clf__C"": 1.0, ""clf__gamma_mult"": 0.25}",20.591246100000717
74,quantum/Bures-RBF-SVM,quantum,9,0.4444444444444444,0.5499999999999999,"{""clf__C"": 10.0, ""clf__gamma_mult"": 1.0}",20.591246100000717
74,quantum/Bures-RBF-SVM,quantum,10,0.5555555555555556,0.5,"{""clf__C"": 1.0, ""clf__gamma_mult"": 1.0}",20.591246100000717
74,quantum/Bures-RBF-SVM,quantum,11,0.4444444444444444,0.5499999999999999,"{""clf__C"": 1.0, ""clf__gamma_mult"": 1.0}",20.591246100000717
74,quantum/Bures-RBF-SVM,quantum,12,0.3333333333333333,0.3,"{""clf__C"": 1.0, ""clf__gamma_mult"": 4.0}",20.591246100000717
74,quantum/Bures-RBF-SVM,quantum,13,0.6666666666666666,0.6,"{""clf__C"": 1.0, ""clf__gamma_mult"": 1.0}",20.591246100000717
74,quantum/Bures-RBF-SVM,quantum,14,0.5555555555555556,0.75,"{""clf__C"": 0.1, ""clf__gamma_mult"": 0.25}",20.591246100000717
74,quantum/QRE-RBF-SVM,quantum,0,0.4444444444444444,0.65,"{""clf__C"": 1.0, ""clf__gamma_mult"": 0.25}",15.913570699999582
74,quantum/QRE-RBF-SVM,quantum,1,0.5555555555555556,0.6,"{""clf__C"": 1.0, ""clf__gamma_mult"": 0.25}",15.913570699999582
74,quantum/QRE-RBF-SVM,quantum,2,0.5555555555555556,0.45,"{""clf__C"": 1.0, ""clf__gamma_mult"": 0.25}",15.913570699999582
74,quantum/QRE-RBF-SVM,quantum,3,0.3333333333333333,0.55,"{""clf__C"": 10.0, ""clf__gamma_mult"": 4.0}",15.913570699999582
74,quantum/QRE-RBF-SVM,quantum,4,0.4444444444444444,0.5,"{""clf__C"": 1.0, ""clf__gamma_mult"": 4.0}",15.913570699999582
74,quantum/QRE-RBF-SVM,quantum,5,0.4444444444444444,0.6000000000000001,"{""clf__C"": 0.1, ""clf__gamma_mult"": 0.25}",15.913570699999582
74,quantum/QRE-RBF-SVM,quantum,6,0.4444444444444444,0.39999999999999997,"{""clf__C"": 10.0, ""clf__gamma_mult"": 4.0}",15.913570699999582
74,quantum/QRE-RBF-SVM,quantum,7,0.5555555555555556,0.39999999999999997,"{""clf__C"": 1.0, ""clf__gamma_mult"": 4.0}",15.913570699999582
74,quantum/QRE-RBF-SVM,quantum,8,0.5555555555555556,0.5,"{""clf__C"": 1.0, ""clf__gamma_mult"": 0.25}",15.913570699999582
74,quantum/QRE-RBF-SVM,quantum,9,0.4444444444444444,0.5499999999999999,"{""clf__C"": 10.0, ""clf__gamma_mult"": 1.0}",15.913570699999582
74,quantum/QRE-RBF-SVM,quantum,10,0.5555555555555556,0.45,"{""clf__C"": 1.0, ""clf__gamma_mult"": 0.25}",15.913570699999582
74,quantum/QRE-RBF-SVM,quantum,11,0.4444444444444444,0.6,"{""clf__C"": 1.0, ""clf__gamma_mult"": 1.0}",15.913570699999582
74,quantum/QRE-RBF-SVM,quantum,12,0.3333333333333333,0.35,"{""clf__C"": 1.0, ""clf__gamma_mult"": 4.0}",15.913570699999582
74,quantum/QRE-RBF-SVM,quantum,13,0.6666666666666666,0.65,"{""clf__C"": 1.0, ""clf__gamma_mult"": 1.0}",15.913570699999582
74,quantum/QRE-RBF-SVM,quantum,14,0.5555555555555556,0.75,"{""clf__C"": 0.1, ""clf__gamma_mult"": 0.25}",15.913570699999582
74,quantum/HS-overlap-ref-SVM,quantum,0,0.4444444444444444,0.25,"{""clf__C"": 10.0}",6.534502400000747
74,quantum/HS-overlap-ref-SVM,quantum,1,0.2222222222222222,0.4,"{""clf__C"": 10.0}",6.534502400000747
74,quantum/HS-overlap-ref-SVM,quantum,2,0.5555555555555556,0.45,"{""clf__C"": 0.1}",6.534502400000747
74,quantum/HS-overlap-ref-SVM,quantum,3,0.5555555555555556,0.24999999999999997,"{""clf__C"": 0.1}",6.534502400000747
74,quantum/HS-overlap-ref-SVM,quantum,4,0.5555555555555556,0.4,"{""clf__C"": 0.1}",6.534502400000747
74,quantum/HS-overlap-ref-SVM,quantum,5,0.4444444444444444,0.2,"{""clf__C"": 0.1}",6.534502400000747
74,quantum/HS-overlap-ref-SVM,quantum,6,0.3333333333333333,0.5,"{""clf__C"": 10.0}",6.534502400000747
74,quantum/HS-overlap-ref-SVM,quantum,7,0.5555555555555556,0.45,"{""clf__C"": 0.1}",6.534502400000747
74,quantum/HS-overlap-ref-SVM,quantum,8,0.5555555555555556,0.5,"{""clf__C"": 0.1}",6.534502400000747
74,quantum/HS-overlap-ref-SVM,quantum,9,0.6666666666666666,0.55,"{""clf__C"": 10.0}",6.534502400000747
74,quantum/HS-overlap-ref-SVM,quantum,10,0.4444444444444444,0.35000000000000003,"{""clf__C"": 0.1}",6.534502400000747
74,quantum/HS-overlap-ref-SVM,quantum,11,0.5555555555555556,0.4,"{""clf__C"": 10.0}",6.534502400000747
74,quantum/HS-overlap-ref-SVM,quantum,12,0.3333333333333333,0.25,"{""clf__C"": 10.0}",6.534502400000747
74,quantum/HS-overlap-ref-SVM,quantum,13,0.5555555555555556,0.25,"{""clf__C"": 0.1}",6.534502400000747
74,quantum/HS-overlap-ref-SVM,quantum,14,0.5555555555555556,0.5,"{""clf__C"": 0.1}",6.534502400000747
74,quantum/Fidelity-ref-SVM,quantum,0,0.4444444444444444,0.25,"{""clf__C"": 10.0}",10.619556800000282
74,quantum/Fidelity-ref-SVM,quantum,1,0.3333333333333333,0.44999999999999996,"{""clf__C"": 10.0}",10.619556800000282
74,quantum/Fidelity-ref-SVM,quantum,2,0.4444444444444444,0.25,"{""clf__C"": 10.0}",10.619556800000282
74,quantum/Fidelity-ref-SVM,quantum,3,0.5555555555555556,0.24999999999999997,"{""clf__C"": 0.1}",10.619556800000282
74,quantum/Fidelity-ref-SVM,quantum,4,0.6666666666666666,0.45,"{""clf__C"": 10.0}",10.619556800000282
74,quantum/Fidelity-ref-SVM,quantum,5,0.4444444444444444,0.25,"{""clf__C"": 10.0}",10.619556800000282
74,quantum/Fidelity-ref-SVM,quantum,6,0.5555555555555556,0.5,"{""clf__C"": 0.1}",10.619556800000282
74,quantum/Fidelity-ref-SVM,quantum,7,0.5555555555555556,0.45,"{""clf__C"": 0.1}",10.619556800000282
74,quantum/Fidelity-ref-SVM,quantum,8,0.5555555555555556,0.55,"{""clf__C"": 0.1}",10.619556800000282
74,quantum/Fidelity-ref-SVM,quantum,9,0.6666666666666666,0.5,"{""clf__C"": 10.0}",10.619556800000282
74,quantum/Fidelity-ref-SVM,quantum,10,0.4444444444444444,0.35000000000000003,"{""clf__C"": 0.1}",10.619556800000282
74,quantum/Fidelity-ref-SVM,quantum,11,0.5555555555555556,0.35,"{""clf__C"": 10.0}",10.619556800000282
74,quantum/Fidelity-ref-SVM,quantum,12,0.5555555555555556,0.30000000000000004,"{""clf__C"": 0.1}",10.619556800000282
74,quantum/Fidelity-ref-SVM,quantum,13,0.5555555555555556,0.25,"{""clf__C"": 0.1}",10.619556800000282
74,quantum/Fidelity-ref-SVM,quantum,14,0.5555555555555556,0.45000000000000007,"{""clf__C"": 0.1}",10.619556800000282
74,quantum/HS-RBF-ref-SVM,quantum,0,0.4444444444444444,0.30000000000000004,"{""clf__C"": 10.0, ""clf__gamma_mult"": 0.25}",18.23089280000022
74,quantum/HS-RBF-ref-SVM,quantum,1,0.3333333333333333,0.3,"{""clf__C"": 10.0, ""clf__gamma_mult"": 1.0}",18.23089280000022
74,quantum/HS-RBF-ref-SVM,quantum,2,0.5555555555555556,0.4,"{""clf__C"": 10.0, ""clf__gamma_mult"": 1.0}",18.23089280000022
74,quantum/HS-RBF-ref-SVM,quantum,3,0.5555555555555556,0.8,"{""clf__C"": 1.0, ""clf__gamma_mult"": 1.0}",18.23089280000022
74,quantum/HS-RBF-ref-SVM,quantum,4,0.6666666666666666,0.5,"{""clf__C"": 1.0, ""clf__gamma_mult"": 1.0}",18.23089280000022
74,quantum/HS-RBF-ref-SVM,quantum,5,0.4444444444444444,0.30000000000000004,"{""clf__C"": 0.1, ""clf__gamma_mult"": 0.25}",18.23089280000022
74,quantum/HS-RBF-ref-SVM,quantum,6,0.4444444444444444,0.5,"{""clf__C"": 10.0, ""clf__gamma_mult"": 0.25}",18.23089280000022
74,quantum/HS-RBF-ref-SVM,quantum,7,0.5555555555555556,0.4,"{""clf__C"": 0.1, ""clf__gamma_mult"": 0.25}",18.23089280000022
74,quantum/HS-RBF-ref-SVM,quantum,8,0.5555555555555556,0.75,"{""clf__C"": 0.1, ""clf__gamma_mult"": 0.25}",18.23089280000022
74,quantum/HS-RBF-ref-SVM,quantum,9,0.5555555555555556,0.7,"{""clf__C"": 10.0, ""clf__gamma_mult"": 1.0}",18.23089280000022
74,quantum/HS-RBF-ref-SVM,quantum,10,0.4444444444444444,0.4,"{""clf__C"": 0.1, ""clf__gamma_mult"": 0.25}",18.23089280000022
74,quantum/HS-RBF-ref-SVM,quantum,11,0.5555555555555556,0.7,"{""clf__C"": 10.0, ""clf__gamma_mult"": 1.0}",18.23089280000022
74,quantum/HS-RBF-ref-SVM,quantum,12,0.5555555555555556,0.4,"{""clf__C"": 0.1, ""clf__gamma_mult"": 0.25}",18.23089280000022
74,quantum/HS-RBF-ref-SVM,quantum,13,0.5555555555555556,0.0,"{""clf__C"": 1.0, ""clf__gamma_mult"": 4.0}",18.23089280000022
74,quantum/HS-RBF-ref-SVM,quantum,14,0.5555555555555556,0.7,"{""clf__C"": 1.0, ""clf__gamma_mult"": 1.0}",18.23089280000022
74,quantum/Bures-RBF-ref-SVM,quantum,0,0.5555555555555556,0.25,"{""clf__C"": 10.0, ""clf__gamma_mult"": 1.0}",28.22255640000003
74,quantum/Bures-RBF-ref-SVM,quantum,1,0.2222222222222222,0.4,"{""clf__C"": 10.0, ""clf__gamma_mult"": 1.0}",28.22255640000003
74,quantum/Bures-RBF-ref-SVM,quantum,2,0.3333333333333333,0.25,"{""clf__C"": 10.0, ""clf__gamma_mult"": 0.25}",28.22255640000003
74,quantum/Bures-RBF-ref-SVM,quantum,3,0.5555555555555556,0.29999999999999993,"{""clf__C"": 0.1, ""clf__gamma_mult"": 0.25}",28.22255640000003
74,quantum/Bures-RBF-ref-SVM,quantum,4,0.6666666666666666,0.45,"{""clf__C"": 1.0, ""clf__gamma_mult"": 1.0}",28.22255640000003
74,quantum/Bures-RBF-ref-SVM,quantum,5,0.4444444444444444,0.3,"{""clf__C"": 0.1, ""clf__gamma_mult"": 0.25}",28.22255640000003
74,quantum/Bures-RBF-ref-SVM,quantum,6,0.4444444444444444,0.6,"{""clf__C"": 10.0, ""clf__gamma_mult"": 1.0}",28.22255640000003
74,quantum/Bures-RBF-ref-SVM,quantum,7,0.5555555555555556,0.5,"{""clf__C"": 0.1, ""clf__gamma_mult"": 0.25}",28.22255640000003
74,quantum/Bures-RBF-ref-SVM,quantum,8,0.5555555555555556,0.6,"{""clf__C"": 0.1, ""clf__gamma_mult"": 0.25}",28.22255640000003
74,quantum/Bures-RBF-ref-SVM,quantum,9,0.6666666666666666,0.7,"{""clf__C"": 10.0, ""clf__gamma_mult"": 4.0}",28.22255640000003
74,quantum/Bures-RBF-ref-SVM,quantum,10,0.4444444444444444,0.4,"{""clf__C"": 0.1, ""clf__gamma_mult"": 0.25}",28.22255640000003
74,quantum/Bures-RBF-ref-SVM,quantum,11,0.5555555555555556,0.39999999999999997,"{""clf__C"": 10.0, ""clf__gamma_mult"": 0.25}",28.22255640000003
74,quantum/Bures-RBF-ref-SVM,quantum,12,0.4444444444444444,0.3,"{""clf__C"": 10.0, ""clf__gamma_mult"": 0.25}",28.22255640000003
74,quantum/Bures-RBF-ref-SVM,quantum,13,0.3333333333333333,0.3,"{""clf__C"": 10.0, ""clf__gamma_mult"": 1.0}",28.22255640000003
74,quantum/Bures-RBF-ref-SVM,quantum,14,0.5555555555555556,0.6,"{""clf__C"": 0.1, ""clf__gamma_mult"": 0.25}",28.22255640000003
74,quantum/QRE-RBF-ref-SVM,quantum,0,0.5555555555555556,0.25,"{""clf__C"": 10.0, ""clf__gamma_mult"": 0.25}",21.455225300000166
74,quantum/QRE-RBF-ref-SVM,quantum,1,0.2222222222222222,0.4,"{""clf__C"": 10.0, ""clf__gamma_mult"": 1.0}",21.455225300000166
74,quantum/QRE-RBF-ref-SVM,quantum,2,0.3333333333333333,0.19999999999999998,"{""clf__C"": 10.0, ""clf__gamma_mult"": 0.25}",21.455225300000166
74,quantum/QRE-RBF-ref-SVM,quantum,3,0.5555555555555556,0.29999999999999993,"{""clf__C"": 0.1, ""clf__gamma_mult"": 0.25}",21.455225300000166
74,quantum/QRE-RBF-ref-SVM,quantum,4,0.6666666666666666,0.45,"{""clf__C"": 1.0, ""clf__gamma_mult"": 1.0}",21.455225300000166
74,quantum/QRE-RBF-ref-SVM,quantum,5,0.4444444444444444,0.25,"{""clf__C"": 0.1, ""clf__gamma_mult"": 0.25}",21.455225300000166
74,quantum/QRE-RBF-ref-SVM,quantum,6,0.4444444444444444,0.6,"{""clf__C"": 10.0, ""clf__gamma_mult"": 1.0}",21.455225300000166
74,quantum/QRE-RBF-ref-SVM,quantum,7,0.5555555555555556,0.5,"{""clf__C"": 0.1, ""clf__gamma_mult"": 0.25}",21.455225300000166
74,quantum/QRE-RBF-ref-SVM,quantum,8,0.5555555555555556,0.6,"{""clf__C"": 0.1, ""clf__gamma_mult"": 0.25}",21.455225300000166
74,quantum/QRE-RBF-ref-SVM,quantum,9,0.5555555555555556,0.7,"{""clf__C"": 10.0, ""clf__gamma_mult"": 0.25}",21.455225300000166
74,quantum/QRE-RBF-ref-SVM,quantum,10,0.4444444444444444,0.4,"{""clf__C"": 0.1, ""clf__gamma_mult"": 0.25}",21.455225300000166
74,quantum/QRE-RBF-ref-SVM,quantum,11,0.4444444444444444,0.49999999999999994,"{""clf__C"": 10.0, ""clf__gamma_mult"": 0.25}",21.455225300000166
74,quantum/QRE-RBF-ref-SVM,quantum,12,0.4444444444444444,0.3,"{""clf__C"": 10.0, ""clf__gamma_mult"": 0.25}",21.455225300000166
74,quantum/QRE-RBF-ref-SVM,quantum,13,0.2222222222222222,0.3,"{""clf__C"": 10.0, ""clf__gamma_mult"": 1.0}",21.455225300000166
74,quantum/QRE-RBF-ref-SVM,quantum,14,0.5555555555555556,0.6,"{""clf__C"": 0.1, ""clf__gamma_mult"": 0.25}",21.455225300000166
74,quantum/IQP-kernel-SVM,quantum,0,0.4444444444444444,0.3,"{""clf__C"": 0.1, ""clf__scale"": 0.5}",25.83452539999962
74,quantum/IQP-kernel-SVM,quantum,1,0.4444444444444444,0.5,"{""clf__C"": 10.0, ""clf__scale"": 1.0}",25.83452539999962
74,quantum/IQP-kernel-SVM,quantum,2,0.5555555555555556,0.2,"{""clf__C"": 0.1, ""clf__scale"": 0.5}",25.83452539999962
74,quantum/IQP-kernel-SVM,quantum,3,0.5555555555555556,0.2,"{""clf__C"": 0.1, ""clf__scale"": 0.5}",25.83452539999962
74,quantum/IQP-kernel-SVM,quantum,4,0.5555555555555556,0.25,"{""clf__C"": 0.1, ""clf__scale"": 0.5}",25.83452539999962
74,quantum/IQP-kernel-SVM,quantum,5,0.4444444444444444,0.65,"{""clf__C"": 0.1, ""clf__scale"": 0.5}",25.83452539999962
74,quantum/IQP-kernel-SVM,quantum,6,0.2222222222222222,0.24999999999999997,"{""clf__C"": 10.0, ""clf__scale"": 1.0}",25.83452539999962
74,quantum/IQP-kernel-SVM,quantum,7,0.4444444444444444,0.4,"{""clf__C"": 1.0, ""clf__scale"": 2.0}",25.83452539999962
74,quantum/IQP-kernel-SVM,quantum,8,0.4444444444444444,0.35000000000000003,"{""clf__C"": 10.0, ""clf__scale"": 0.5}",25.83452539999962
74,quantum/IQP-kernel-SVM,quantum,9,0.4444444444444444,0.35,"{""clf__C"": 1.0, ""clf__scale"": 2.0}",25.83452539999962
74,quantum/IQP-kernel-SVM,quantum,10,0.4444444444444444,0.45,"{""clf__C"": 0.1, ""clf__scale"": 0.5}",25.83452539999962
74,quantum/IQP-kernel-SVM,quantum,11,0.4444444444444444,0.35,"{""clf__C"": 1.0, ""clf__scale"": 1.0}",25.83452539999962
74,quantum/IQP-kernel-SVM,quantum,12,0.3333333333333333,0.39999999999999997,"{""clf__C"": 10.0, ""clf__scale"": 1.0}",25.83452539999962
74,quantum/IQP-kernel-SVM,quantum,13,0.3333333333333333,0.3,"{""clf__C"": 10.0, ""clf__scale"": 1.0}",25.83452539999962
74,quantum/IQP-kernel-SVM,quantum,14,0.6666666666666666,0.7,"{""clf__C"": 10.0, ""clf__scale"": 2.0}",25.83452539999962
74,quantum/CNOT-kernel-SVM,quantum,0,0.4444444444444444,0.3,"{""clf__C"": 0.1, ""clf__scale"": 0.5}",23.808780499999557
74,quantum/CNOT-kernel-SVM,quantum,1,0.5555555555555556,0.3,"{""clf__C"": 10.0, ""clf__scale"": 2.0}",23.808780499999557
74,quantum/CNOT-kernel-SVM,quantum,2,0.5555555555555556,0.3,"{""clf__C"": 0.1, ""clf__scale"": 0.5}",23.808780499999557
74,quantum/CNOT-kernel-SVM,quantum,3,0.5555555555555556,0.19999999999999998,"{""clf__C"": 0.1, ""clf__scale"": 0.5}",23.808780499999557
74,quantum/CNOT-kernel-SVM,quantum,4,0.5555555555555556,0.35,"{""clf__C"": 0.1, ""clf__scale"": 0.5}",23.808780499999557
74,quantum/CNOT-kernel-SVM,quantum,5,0.4444444444444444,0.35,"{""clf__C"": 0.1, ""clf__scale"": 0.5}",23.808780499999557
74,quantum/CNOT-kernel-SVM,quantum,6,0.5555555555555556,0.24999999999999997,"{""clf__C"": 0.1, ""clf__scale"": 0.5}",23.808780499999557
74,quantum/CNOT-kernel-SVM,quantum,7,0.5555555555555556,0.39999999999999997,"{""clf__C"": 0.1, ""clf__scale"": 0.5}",23.808780499999557
74,quantum/CNOT-kernel-SVM,quantum,8,0.5555555555555556,0.65,"{""clf__C"": 10.0, ""clf__scale"": 1.0}",23.808780499999557
74,quantum/CNOT-kernel-SVM,quantum,9,0.5555555555555556,0.39999999999999997,"{""clf__C"": 0.1, ""clf__scale"": 0.5}",23.808780499999557
74,quantum/CNOT-kernel-SVM,quantum,10,0.4444444444444444,0.45,"{""clf__C"": 0.1, ""clf__scale"": 0.5}",23.808780499999557
74,quantum/CNOT-kernel-SVM,quantum,11,0.7777777777777778,0.65,"{""clf__C"": 10.0, ""clf__scale"": 1.0}",23.808780499999557
74,quantum/CNOT-kernel-SVM,quantum,12,0.5555555555555556,0.2,"{""clf__C"": 0.1, ""clf__scale"": 0.5}",23.808780499999557
74,quantum/CNOT-kernel-SVM,quantum,13,0.3333333333333333,0.09999999999999998,"{""clf__C"": 1.0, ""clf__scale"": 1.0}",23.808780499999557
74,quantum/CNOT-kernel-SVM,quantum,14,0.3333333333333333,0.45,"{""clf__C"": 10.0, ""clf__scale"": 2.0}",23.808780499999557
74,control/IQP-no-entangle,control,0,0.4444444444444444,0.45,"{""clf__C"": 1.0, ""clf__scale"": 2.0}",22.355964000000313
74,control/IQP-no-entangle,control,1,0.5555555555555556,0.5,"{""clf__C"": 10.0, ""clf__scale"": 2.0}",22.355964000000313
74,control/IQP-no-entangle,control,2,0.5555555555555556,0.4,"{""clf__C"": 0.1, ""clf__scale"": 0.5}",22.355964000000313
74,control/IQP-no-entangle,control,3,0.5555555555555556,0.04999999999999999,"{""clf__C"": 0.1, ""clf__scale"": 0.5}",22.355964000000313
74,control/IQP-no-entangle,control,4,0.3333333333333333,0.5,"{""clf__C"": 10.0, ""clf__scale"": 2.0}",22.355964000000313
74,control/IQP-no-entangle,control,5,0.4444444444444444,0.45,"{""clf__C"": 0.1, ""clf__scale"": 0.5}",22.355964000000313
74,control/IQP-no-entangle,control,6,0.5555555555555556,0.19999999999999996,"{""clf__C"": 0.1, ""clf__scale"": 0.5}",22.355964000000313
74,control/IQP-no-entangle,control,7,0.5555555555555556,0.39999999999999997,"{""clf__C"": 0.1, ""clf__scale"": 0.5}",22.355964000000313
74,control/IQP-no-entangle,control,8,0.6666666666666666,0.75,"{""clf__C"": 10.0, ""clf__scale"": 1.0}",22.355964000000313
74,control/IQP-no-entangle,control,9,0.3333333333333333,0.04999999999999999,"{""clf__C"": 10.0, ""clf__scale"": 2.0}",22.355964000000313
74,control/IQP-no-entangle,control,10,0.4444444444444444,0.3,"{""clf__C"": 1.0, ""clf__scale"": 2.0}",22.355964000000313
74,control/IQP-no-entangle,control,11,0.4444444444444444,0.65,"{""clf__C"": 1.0, ""clf__scale"": 2.0}",22.355964000000313
74,control/IQP-no-entangle,control,12,0.5555555555555556,0.15,"{""clf__C"": 0.1, ""clf__scale"": 0.5}",22.355964000000313
74,control/IQP-no-entangle,control,13,0.4444444444444444,0.5,"{""clf__C"": 1.0, ""clf__scale"": 2.0}",22.355964000000313
74,control/IQP-no-entangle,control,14,0.5555555555555556,0.45,"{""clf__C"": 0.1, ""clf__scale"": 0.5}",22.355964000000313
74,control/PCA-matched-RBF,control,0,0.4444444444444444,0.45,"{""clf__C"": 0.1, ""clf__gamma"": ""scale""}",18.89311109999926
74,control/PCA-matched-RBF,control,1,0.5555555555555556,0.25,"{""clf__C"": 0.1, ""clf__gamma"": ""scale""}",18.89311109999926
74,control/PCA-matched-RBF,control,2,0.5555555555555556,0.35,"{""clf__C"": 0.1, ""clf__gamma"": ""scale""}",18.89311109999926
74,control/PCA-matched-RBF,control,3,0.5555555555555556,0.15,"{""clf__C"": 0.1, ""clf__gamma"": ""scale""}",18.89311109999926
74,control/PCA-matched-RBF,control,4,0.5555555555555556,0.35,"{""clf__C"": 0.1, ""clf__gamma"": ""scale""}",18.89311109999926
74,control/PCA-matched-RBF,control,5,0.4444444444444444,0.4,"{""clf__C"": 0.1, ""clf__gamma"": ""scale""}",18.89311109999926
74,control/PCA-matched-RBF,control,6,0.5555555555555556,0.3,"{""clf__C"": 0.1, ""clf__gamma"": ""scale""}",18.89311109999926
74,control/PCA-matched-RBF,control,7,0.5555555555555556,0.5,"{""clf__C"": 0.1, ""clf__gamma"": ""scale""}",18.89311109999926
74,control/PCA-matched-RBF,control,8,0.5555555555555556,0.65,"{""clf__C"": 10.0, ""clf__gamma"": ""scale""}",18.89311109999926
74,control/PCA-matched-RBF,control,9,0.5555555555555556,0.3,"{""clf__C"": 0.1, ""clf__gamma"": ""scale""}",18.89311109999926
74,control/PCA-matched-RBF,control,10,0.4444444444444444,0.5,"{""clf__C"": 0.1, ""clf__gamma"": ""scale""}",18.89311109999926
74,control/PCA-matched-RBF,control,11,0.5555555555555556,0.35,"{""clf__C"": 0.1, ""clf__gamma"": ""scale""}",18.89311109999926
74,control/PCA-matched-RBF,control,12,0.5555555555555556,0.15,"{""clf__C"": 0.1, ""clf__gamma"": ""scale""}",18.89311109999926
74,control/PCA-matched-RBF,control,13,0.5555555555555556,0.09999999999999998,"{""clf__C"": 0.1, ""clf__gamma"": ""scale""}",18.89311109999926
74,control/PCA-matched-RBF,control,14,0.5555555555555556,0.4,"{""clf__C"": 0.1, ""clf__gamma"": ""scale""}",18.89311109999926
74,control/PCA-matched-linear,control,0,0.4444444444444444,0.4,"{""clf__C"": 0.1}",6.812607500000013
74,control/PCA-matched-linear,control,1,0.5555555555555556,0.75,"{""clf__C"": 0.1}",6.812607500000013
74,control/PCA-matched-linear,control,2,0.5555555555555556,0.5,"{""clf__C"": 0.1}",6.812607500000013
74,control/PCA-matched-linear,control,3,0.5555555555555556,0.15,"{""clf__C"": 0.1}",6.812607500000013
74,control/PCA-matched-linear,control,4,0.5555555555555556,0.39999999999999997,"{""clf__C"": 0.1}",6.812607500000013
74,control/PCA-matched-linear,control,5,0.4444444444444444,0.4,"{""clf__C"": 0.1}",6.812607500000013
74,control/PCA-matched-linear,control,6,0.5555555555555556,0.19999999999999996,"{""clf__C"": 0.1}",6.812607500000013
74,control/PCA-matched-linear,control,7,0.3333333333333333,0.35,"{""clf__C"": 10.0}",6.812607500000013
74,control/PCA-matched-linear,control,8,0.5555555555555556,0.65,"{""clf__C"": 0.1}",6.812607500000013
74,control/PCA-matched-linear,control,9,0.5555555555555556,0.35,"{""clf__C"": 0.1}",6.812607500000013
74,control/PCA-matched-linear,control,10,0.4444444444444444,0.55,"{""clf__C"": 0.1}",6.812607500000013
74,control/PCA-matched-linear,control,11,0.4444444444444444,0.39999999999999997,"{""clf__C"": 10.0}",6.812607500000013
74,control/PCA-matched-linear,control,12,0.5555555555555556,0.15,"{""clf__C"": 0.1}",6.812607500000013
74,control/PCA-matched-linear,control,13,0.5555555555555556,0.19999999999999998,"{""clf__C"": 0.1}",6.812607500000013
74,control/PCA-matched-linear,control,14,0.5555555555555556,0.3,"{""clf__C"": 10.0}",6.812607500000013
74,control/logeuclid-TS+LR,control,0,0.4444444444444444,0.2,"{""clf__C"": 0.1}",5.170461200000318
74,control/logeuclid-TS+LR,control,1,0.3333333333333333,0.24999999999999997,"{""clf__C"": 10.0}",5.170461200000318
74,control/logeuclid-TS+LR,control,2,0.3333333333333333,0.1,"{""clf__C"": 0.1}",5.170461200000318
74,control/logeuclid-TS+LR,control,3,0.3333333333333333,0.39999999999999997,"{""clf__C"": 10.0}",5.170461200000318
74,control/logeuclid-TS+LR,control,4,0.4444444444444444,0.45,"{""clf__C"": 0.1}",5.170461200000318
74,control/logeuclid-TS+LR,control,5,0.4444444444444444,0.45,"{""clf__C"": 0.1}",5.170461200000318
74,control/logeuclid-TS+LR,control,6,0.2222222222222222,0.14999999999999997,"{""clf__C"": 0.1}",5.170461200000318
74,control/logeuclid-TS+LR,control,7,0.3333333333333333,0.09999999999999998,"{""clf__C"": 0.1}",5.170461200000318
74,control/logeuclid-TS+LR,control,8,0.3333333333333333,0.15,"{""clf__C"": 0.1}",5.170461200000318
74,control/logeuclid-TS+LR,control,9,0.5555555555555556,0.6,"{""clf__C"": 0.1}",5.170461200000318
74,control/logeuclid-TS+LR,control,10,0.3333333333333333,0.30000000000000004,"{""clf__C"": 0.1}",5.170461200000318
74,control/logeuclid-TS+LR,control,11,0.3333333333333333,0.24999999999999997,"{""clf__C"": 0.1}",5.170461200000318
74,control/logeuclid-TS+LR,control,12,0.3333333333333333,0.25,"{""clf__C"": 0.1}",5.170461200000318
74,control/logeuclid-TS+LR,control,13,0.4444444444444444,0.30000000000000004,"{""clf__C"": 0.1}",5.170461200000318
74,control/logeuclid-TS+LR,control,14,0.1111111111111111,0.19999999999999996,"{""clf__C"": 10.0}",5.170461200000318
74,control/riemann-kernel-SVM,control,0,0.4444444444444444,0.25,"{""clf__C"": 1.0}",6.613657300000341
74,control/riemann-kernel-SVM,control,1,0.5555555555555556,0.5,"{""clf__C"": 0.1}",6.613657300000341
74,control/riemann-kernel-SVM,control,2,0.2222222222222222,0.1,"{""clf__C"": 10.0}",6.613657300000341
74,control/riemann-kernel-SVM,control,3,0.5555555555555556,0.24999999999999997,"{""clf__C"": 0.1}",6.613657300000341
74,control/riemann-kernel-SVM,control,4,0.6666666666666666,0.45,"{""clf__C"": 10.0}",6.613657300000341
74,control/riemann-kernel-SVM,control,5,0.4444444444444444,0.1,"{""clf__C"": 0.1}",6.613657300000341
74,control/riemann-kernel-SVM,control,6,0.5555555555555556,0.19999999999999996,"{""clf__C"": 0.1}",6.613657300000341
74,control/riemann-kernel-SVM,control,7,0.5555555555555556,0.35,"{""clf__C"": 0.1}",6.613657300000341
74,control/riemann-kernel-SVM,control,8,0.5555555555555556,0.24999999999999997,"{""clf__C"": 0.1}",6.613657300000341
74,control/riemann-kernel-SVM,control,9,0.4444444444444444,0.65,"{""clf__C"": 10.0}",6.613657300000341
74,control/riemann-kernel-SVM,control,10,0.4444444444444444,0.4,"{""clf__C"": 0.1}",6.613657300000341
74,control/riemann-kernel-SVM,control,11,0.4444444444444444,0.15,"{""clf__C"": 1.0}",6.613657300000341
74,control/riemann-kernel-SVM,control,12,0.2222222222222222,0.09999999999999998,"{""clf__C"": 0.1}",6.613657300000341
74,control/riemann-kernel-SVM,control,13,0.3333333333333333,0.25,"{""clf__C"": 1.0}",6.613657300000341
74,control/riemann-kernel-SVM,control,14,0.3333333333333333,0.35,"{""clf__C"": 10.0}",6.613657300000341
74,control/logeuclid-kernel-SVM,control,0,0.4444444444444444,0.25,"{""clf__C"": 0.1}",6.650290800000221
74,control/logeuclid-kernel-SVM,control,1,0.5555555555555556,0.5499999999999999,"{""clf__C"": 0.1}",6.650290800000221
74,control/logeuclid-kernel-SVM,control,2,0.2222222222222222,0.2,"{""clf__C"": 10.0}",6.650290800000221
74,control/logeuclid-kernel-SVM,control,3,0.5555555555555556,0.24999999999999997,"{""clf__C"": 0.1}",6.650290800000221
74,control/logeuclid-kernel-SVM,control,4,0.5555555555555556,0.5,"{""clf__C"": 0.1}",6.650290800000221
74,control/logeuclid-kernel-SVM,control,5,0.4444444444444444,0.15000000000000002,"{""clf__C"": 0.1}",6.650290800000221
74,control/logeuclid-kernel-SVM,control,6,0.5555555555555556,0.19999999999999996,"{""clf__C"": 0.1}",6.650290800000221
74,control/logeuclid-kernel-SVM,control,7,0.6666666666666666,0.55,"{""clf__C"": 10.0}",6.650290800000221
74,control/logeuclid-kernel-SVM,control,8,0.4444444444444444,0.14999999999999997,"{""clf__C"": 1.0}",6.650290800000221
74,control/logeuclid-kernel-SVM,control,9,0.5555555555555556,0.44999999999999996,"{""clf__C"": 0.1}",6.650290800000221
74,control/logeuclid-kernel-SVM,control,10,0.4444444444444444,0.35000000000000003,"{""clf__C"": 0.1}",6.650290800000221
74,control/logeuclid-kernel-SVM,control,11,0.4444444444444444,0.25,"{""clf__C"": 1.0}",6.650290800000221
74,control/logeuclid-kernel-SVM,control,12,0.3333333333333333,0.25,"{""clf__C"": 10.0}",6.650290800000221
74,control/logeuclid-kernel-SVM,control,13,0.3333333333333333,0.2,"{""clf__C"": 1.0}",6.650290800000221
74,control/logeuclid-kernel-SVM,control,14,0.5555555555555556,0.45,"{""clf__C"": 10.0}",6.650290800000221
75,classical/logvar+LDA,classical,0,0.7777777777777778,0.85,{},0.11008069999934378
75,classical/logvar+LDA,classical,1,0.5555555555555556,0.8500000000000001,{},0.11008069999934378
75,classical/logvar+LDA,classical,2,0.6666666666666666,0.7,{},0.11008069999934378
75,classical/logvar+LDA,classical,3,0.6666666666666666,0.5,{},0.11008069999934378
75,classical/logvar+LDA,classical,4,0.6666666666666666,0.7,{},0.11008069999934378
75,classical/logvar+LDA,classical,5,0.4444444444444444,0.6,{},0.11008069999934378
75,classical/logvar+LDA,classical,6,0.6666666666666666,0.6,{},0.11008069999934378
75,classical/logvar+LDA,classical,7,0.7777777777777778,0.95,{},0.11008069999934378
75,classical/logvar+LDA,classical,8,0.7777777777777778,0.6,{},0.11008069999934378
75,classical/logvar+LDA,classical,9,0.5555555555555556,0.8,{},0.11008069999934378
75,classical/logvar+LDA,classical,10,0.5555555555555556,0.75,{},0.11008069999934378
75,classical/logvar+LDA,classical,11,0.6666666666666666,0.5,{},0.11008069999934378
75,classical/logvar+LDA,classical,12,0.4444444444444444,0.49999999999999994,{},0.11008069999934378
75,classical/logvar+LDA,classical,13,0.5555555555555556,0.65,{},0.11008069999934378
75,classical/logvar+LDA,classical,14,0.7777777777777778,0.9,{},0.11008069999934378
75,classical/CSP+LDA,classical,0,1.0,1.0,"{""csp__nfilter"": 4}",4.284711199999947
75,classical/CSP+LDA,classical,1,0.6666666666666666,0.8500000000000001,"{""csp__nfilter"": 6}",4.284711199999947
75,classical/CSP+LDA,classical,2,0.5555555555555556,0.75,"{""csp__nfilter"": 2}",4.284711199999947
75,classical/CSP+LDA,classical,3,0.6666666666666666,0.55,"{""csp__nfilter"": 6}",4.284711199999947
75,classical/CSP+LDA,classical,4,0.7777777777777778,1.0,"{""csp__nfilter"": 4}",4.284711199999947
75,classical/CSP+LDA,classical,5,1.0,1.0,"{""csp__nfilter"": 4}",4.284711199999947
75,classical/CSP+LDA,classical,6,0.5555555555555556,0.75,"{""csp__nfilter"": 4}",4.284711199999947
75,classical/CSP+LDA,classical,7,0.8888888888888888,1.0,"{""csp__nfilter"": 4}",4.284711199999947
75,classical/CSP+LDA,classical,8,0.8888888888888888,0.8,"{""csp__nfilter"": 4}",4.284711199999947
75,classical/CSP+LDA,classical,9,1.0,1.0,"{""csp__nfilter"": 6}",4.284711199999947
75,classical/CSP+LDA,classical,10,0.8888888888888888,0.9500000000000001,"{""csp__nfilter"": 4}",4.284711199999947
75,classical/CSP+LDA,classical,11,0.7777777777777778,0.7,"{""csp__nfilter"": 4}",4.284711199999947
75,classical/CSP+LDA,classical,12,0.6666666666666666,0.9,"{""csp__nfilter"": 6}",4.284711199999947
75,classical/CSP+LDA,classical,13,0.6666666666666666,1.0,"{""csp__nfilter"": 4}",4.284711199999947
75,classical/CSP+LDA,classical,14,0.7777777777777778,0.9,"{""csp__nfilter"": 4}",4.284711199999947
75,classical/MDM,classical,0,0.8888888888888888,1.0,{},0.6228879000000234
75,classical/MDM,classical,1,0.4444444444444444,0.25,{},0.6228879000000234
75,classical/MDM,classical,2,0.6666666666666666,0.8,{},0.6228879000000234
75,classical/MDM,classical,3,0.6666666666666666,0.55,{},0.6228879000000234
75,classical/MDM,classical,4,0.6666666666666666,0.9,{},0.6228879000000234
75,classical/MDM,classical,5,1.0,1.0,{},0.6228879000000234
75,classical/MDM,classical,6,0.6666666666666666,0.6,{},0.6228879000000234
75,classical/MDM,classical,7,0.6666666666666666,0.75,{},0.6228879000000234
75,classical/MDM,classical,8,0.6666666666666666,0.8,{},0.6228879000000234
75,classical/MDM,classical,9,0.8888888888888888,1.0,{},0.6228879000000234
75,classical/MDM,classical,10,0.6666666666666666,0.65,{},0.6228879000000234
75,classical/MDM,classical,11,0.6666666666666666,0.65,{},0.6228879000000234
75,classical/MDM,classical,12,0.3333333333333333,0.35000000000000003,{},0.6228879000000234
75,classical/MDM,classical,13,0.3333333333333333,0.55,{},0.6228879000000234
75,classical/MDM,classical,14,0.7777777777777778,0.75,{},0.6228879000000234
75,classical/TS+LR,classical,0,1.0,1.0,"{""clf__C"": 1.0}",6.6989596000003075
75,classical/TS+LR,classical,1,0.6666666666666666,0.8,"{""clf__C"": 1.0}",6.6989596000003075
75,classical/TS+LR,classical,2,0.6666666666666666,0.9,"{""clf__C"": 0.1}",6.6989596000003075
75,classical/TS+LR,classical,3,0.7777777777777778,0.85,"{""clf__C"": 10.0}",6.6989596000003075
75,classical/TS+LR,classical,4,0.8888888888888888,0.9,"{""clf__C"": 10.0}",6.6989596000003075
75,classical/TS+LR,classical,5,0.8888888888888888,1.0,"{""clf__C"": 0.1}",6.6989596000003075
75,classical/TS+LR,classical,6,0.5555555555555556,0.75,"{""clf__C"": 10.0}",6.6989596000003075
75,classical/TS+LR,classical,7,0.8888888888888888,1.0,"{""clf__C"": 1.0}",6.6989596000003075
75,classical/TS+LR,classical,8,0.7777777777777778,0.85,"{""clf__C"": 1.0}",6.6989596000003075
75,classical/TS+LR,classical,9,0.8888888888888888,1.0,"{""clf__C"": 1.0}",6.6989596000003075
75,classical/TS+LR,classical,10,0.5555555555555556,0.75,"{""clf__C"": 10.0}",6.6989596000003075
75,classical/TS+LR,classical,11,0.7777777777777778,0.9500000000000001,"{""clf__C"": 0.1}",6.6989596000003075
75,classical/TS+LR,classical,12,0.8888888888888888,0.95,"{""clf__C"": 10.0}",6.6989596000003075
75,classical/TS+LR,classical,13,0.6666666666666666,0.85,"{""clf__C"": 0.1}",6.6989596000003075
75,classical/TS+LR,classical,14,0.8888888888888888,1.0,"{""clf__C"": 0.1}",6.6989596000003075
75,classical/TS+RBF-SVM,classical,0,1.0,1.0,"{""clf__C"": 10.0, ""clf__gamma"": ""scale""}",17.908275900000262
75,classical/TS+RBF-SVM,classical,1,0.6666666666666666,0.8,"{""clf__C"": 1.0, ""clf__gamma"": ""scale""}",17.908275900000262
75,classical/TS+RBF-SVM,classical,2,0.5555555555555556,0.65,"{""clf__C"": 10.0, ""clf__gamma"": 0.01}",17.908275900000262
75,classical/TS+RBF-SVM,classical,3,0.7777777777777778,0.8,"{""clf__C"": 10.0, ""clf__gamma"": ""scale""}",17.908275900000262
75,classical/TS+RBF-SVM,classical,4,0.7777777777777778,0.95,"{""clf__C"": 1.0, ""clf__gamma"": ""scale""}",17.908275900000262
75,classical/TS+RBF-SVM,classical,5,0.8888888888888888,1.0,"{""clf__C"": 1.0, ""clf__gamma"": ""scale""}",17.908275900000262
75,classical/TS+RBF-SVM,classical,6,0.7777777777777778,0.8,"{""clf__C"": 1.0, ""clf__gamma"": 0.01}",17.908275900000262
75,classical/TS+RBF-SVM,classical,7,0.8888888888888888,1.0,"{""clf__C"": 10.0, ""clf__gamma"": ""scale""}",17.908275900000262
75,classical/TS+RBF-SVM,classical,8,0.7777777777777778,0.7,"{""clf__C"": 10.0, ""clf__gamma"": ""scale""}",17.908275900000262
75,classical/TS+RBF-SVM,classical,9,0.7777777777777778,0.95,"{""clf__C"": 1.0, ""clf__gamma"": ""scale""}",17.908275900000262
75,classical/TS+RBF-SVM,classical,10,0.6666666666666666,0.75,"{""clf__C"": 10.0, ""clf__gamma"": ""scale""}",17.908275900000262
75,classical/TS+RBF-SVM,classical,11,0.6666666666666666,0.85,"{""clf__C"": 10.0, ""clf__gamma"": ""scale""}",17.908275900000262
75,classical/TS+RBF-SVM,classical,12,0.7777777777777778,0.9,"{""clf__C"": 10.0, ""clf__gamma"": ""scale""}",17.908275900000262
75,classical/TS+RBF-SVM,classical,13,0.7777777777777778,0.85,"{""clf__C"": 10.0, ""clf__gamma"": ""scale""}",17.908275900000262
75,classical/TS+RBF-SVM,classical,14,0.7777777777777778,1.0,"{""clf__C"": 10.0, ""clf__gamma"": ""scale""}",17.908275900000262
75,quantum/HS-overlap-SVM,quantum,0,0.7777777777777778,0.9,"{""clf__C"": 10.0}",4.4004979999999705
75,quantum/HS-overlap-SVM,quantum,1,0.5555555555555556,0.7,"{""clf__C"": 10.0}",4.4004979999999705
75,quantum/HS-overlap-SVM,quantum,2,0.7777777777777778,0.9,"{""clf__C"": 10.0}",4.4004979999999705
75,quantum/HS-overlap-SVM,quantum,3,0.7777777777777778,0.55,"{""clf__C"": 10.0}",4.4004979999999705
75,quantum/HS-overlap-SVM,quantum,4,0.8888888888888888,0.8,"{""clf__C"": 10.0}",4.4004979999999705
75,quantum/HS-overlap-SVM,quantum,5,0.6666666666666666,0.8,"{""clf__C"": 10.0}",4.4004979999999705
75,quantum/HS-overlap-SVM,quantum,6,0.4444444444444444,0.49999999999999994,"{""clf__C"": 10.0}",4.4004979999999705
75,quantum/HS-overlap-SVM,quantum,7,0.6666666666666666,1.0,"{""clf__C"": 10.0}",4.4004979999999705
75,quantum/HS-overlap-SVM,quantum,8,0.6666666666666666,0.65,"{""clf__C"": 10.0}",4.4004979999999705
75,quantum/HS-overlap-SVM,quantum,9,0.8888888888888888,0.95,"{""clf__C"": 0.1}",4.4004979999999705
75,quantum/HS-overlap-SVM,quantum,10,0.7777777777777778,0.8,"{""clf__C"": 10.0}",4.4004979999999705
75,quantum/HS-overlap-SVM,quantum,11,0.6666666666666666,0.4,"{""clf__C"": 10.0}",4.4004979999999705
75,quantum/HS-overlap-SVM,quantum,12,0.7777777777777778,0.9,"{""clf__C"": 10.0}",4.4004979999999705
75,quantum/HS-overlap-SVM,quantum,13,0.7777777777777778,0.75,"{""clf__C"": 10.0}",4.4004979999999705
75,quantum/HS-overlap-SVM,quantum,14,0.7777777777777778,1.0,"{""clf__C"": 10.0}",4.4004979999999705
75,quantum/Fidelity-SVM,quantum,0,0.7777777777777778,0.9500000000000001,"{""clf__C"": 10.0}",7.952045699999871
75,quantum/Fidelity-SVM,quantum,1,0.6666666666666666,0.49999999999999994,"{""clf__C"": 10.0}",7.952045699999871
75,quantum/Fidelity-SVM,quantum,2,0.7777777777777778,0.9,"{""clf__C"": 10.0}",7.952045699999871
75,quantum/Fidelity-SVM,quantum,3,0.7777777777777778,0.7,"{""clf__C"": 10.0}",7.952045699999871
75,quantum/Fidelity-SVM,quantum,4,0.8888888888888888,0.85,"{""clf__C"": 10.0}",7.952045699999871
75,quantum/Fidelity-SVM,quantum,5,0.7777777777777778,0.9,"{""clf__C"": 10.0}",7.952045699999871
75,quantum/Fidelity-SVM,quantum,6,0.5555555555555556,0.75,"{""clf__C"": 10.0}",7.952045699999871
75,quantum/Fidelity-SVM,quantum,7,0.8888888888888888,1.0,"{""clf__C"": 10.0}",7.952045699999871
75,quantum/Fidelity-SVM,quantum,8,0.6666666666666666,0.7,"{""clf__C"": 10.0}",7.952045699999871
75,quantum/Fidelity-SVM,quantum,9,1.0,1.0,"{""clf__C"": 10.0}",7.952045699999871
75,quantum/Fidelity-SVM,quantum,10,0.7777777777777778,0.85,"{""clf__C"": 10.0}",7.952045699999871
75,quantum/Fidelity-SVM,quantum,11,0.5555555555555556,0.6,"{""clf__C"": 10.0}",7.952045699999871
75,quantum/Fidelity-SVM,quantum,12,0.8888888888888888,1.0,"{""clf__C"": 10.0}",7.952045699999871
75,quantum/Fidelity-SVM,quantum,13,0.6666666666666666,0.85,"{""clf__C"": 10.0}",7.952045699999871
75,quantum/Fidelity-SVM,quantum,14,0.7777777777777778,0.95,"{""clf__C"": 10.0}",7.952045699999871
75,quantum/HS-RBF-SVM,quantum,0,0.7777777777777778,0.9,"{""clf__C"": 10.0, ""clf__gamma_mult"": 0.25}",12.366056599999865
75,quantum/HS-RBF-SVM,quantum,1,0.6666666666666666,0.6,"{""clf__C"": 1.0, ""clf__gamma_mult"": 1.0}",12.366056599999865
75,quantum/HS-RBF-SVM,quantum,2,0.4444444444444444,0.35000000000000003,"{""clf__C"": 10.0, ""clf__gamma_mult"": 1.0}",12.366056599999865
75,quantum/HS-RBF-SVM,quantum,3,0.6666666666666666,0.8,"{""clf__C"": 10.0, ""clf__gamma_mult"": 1.0}",12.366056599999865
75,quantum/HS-RBF-SVM,quantum,4,0.6666666666666666,0.7500000000000001,"{""clf__C"": 10.0, ""clf__gamma_mult"": 4.0}",12.366056599999865
75,quantum/HS-RBF-SVM,quantum,5,0.6666666666666666,0.7,"{""clf__C"": 10.0, ""clf__gamma_mult"": 4.0}",12.366056599999865
75,quantum/HS-RBF-SVM,quantum,6,0.5555555555555556,0.5,"{""clf__C"": 10.0, ""clf__gamma_mult"": 0.25}",12.366056599999865
75,quantum/HS-RBF-SVM,quantum,7,0.5555555555555556,0.65,"{""clf__C"": 10.0, ""clf__gamma_mult"": 1.0}",12.366056599999865
75,quantum/HS-RBF-SVM,quantum,8,0.7777777777777778,0.7000000000000001,"{""clf__C"": 10.0, ""clf__gamma_mult"": 1.0}",12.366056599999865
75,quantum/HS-RBF-SVM,quantum,9,0.8888888888888888,1.0,"{""clf__C"": 10.0, ""clf__gamma_mult"": 1.0}",12.366056599999865
75,quantum/HS-RBF-SVM,quantum,10,0.6666666666666666,0.8,"{""clf__C"": 1.0, ""clf__gamma_mult"": 1.0}",12.366056599999865
75,quantum/HS-RBF-SVM,quantum,11,0.4444444444444444,0.5,"{""clf__C"": 10.0, ""clf__gamma_mult"": 1.0}",12.366056599999865
75,quantum/HS-RBF-SVM,quantum,12,0.7777777777777778,1.0,"{""clf__C"": 10.0, ""clf__gamma_mult"": 0.25}",12.366056599999865
75,quantum/HS-RBF-SVM,quantum,13,0.5555555555555556,0.8,"{""clf__C"": 10.0, ""clf__gamma_mult"": 0.25}",12.366056599999865
75,quantum/HS-RBF-SVM,quantum,14,0.7777777777777778,0.75,"{""clf__C"": 10.0, ""clf__gamma_mult"": 1.0}",12.366056599999865
75,quantum/Bures-RBF-SVM,quantum,0,0.7777777777777778,0.9,"{""clf__C"": 10.0, ""clf__gamma_mult"": 4.0}",20.615825899999436
75,quantum/Bures-RBF-SVM,quantum,1,0.6666666666666666,0.65,"{""clf__C"": 10.0, ""clf__gamma_mult"": 0.25}",20.615825899999436
75,quantum/Bures-RBF-SVM,quantum,2,0.2222222222222222,0.30000000000000004,"{""clf__C"": 10.0, ""clf__gamma_mult"": 0.25}",20.615825899999436
75,quantum/Bures-RBF-SVM,quantum,3,0.7777777777777778,0.7,"{""clf__C"": 10.0, ""clf__gamma_mult"": 0.25}",20.615825899999436
75,quantum/Bures-RBF-SVM,quantum,4,0.6666666666666666,0.8,"{""clf__C"": 10.0, ""clf__gamma_mult"": 4.0}",20.615825899999436
75,quantum/Bures-RBF-SVM,quantum,5,0.7777777777777778,0.9,"{""clf__C"": 10.0, ""clf__gamma_mult"": 4.0}",20.615825899999436
75,quantum/Bures-RBF-SVM,quantum,6,0.3333333333333333,0.44999999999999996,"{""clf__C"": 10.0, ""clf__gamma_mult"": 0.25}",20.615825899999436
75,quantum/Bures-RBF-SVM,quantum,7,0.8888888888888888,1.0,"{""clf__C"": 10.0, ""clf__gamma_mult"": 1.0}",20.615825899999436
75,quantum/Bures-RBF-SVM,quantum,8,0.7777777777777778,0.8,"{""clf__C"": 10.0, ""clf__gamma_mult"": 1.0}",20.615825899999436
75,quantum/Bures-RBF-SVM,quantum,9,0.8888888888888888,1.0,"{""clf__C"": 1.0, ""clf__gamma_mult"": 1.0}",20.615825899999436
75,quantum/Bures-RBF-SVM,quantum,10,0.6666666666666666,0.75,"{""clf__C"": 10.0, ""clf__gamma_mult"": 0.25}",20.615825899999436
75,quantum/Bures-RBF-SVM,quantum,11,0.5555555555555556,0.6,"{""clf__C"": 1.0, ""clf__gamma_mult"": 0.25}",20.615825899999436
75,quantum/Bures-RBF-SVM,quantum,12,0.8888888888888888,1.0,"{""clf__C"": 1.0, ""clf__gamma_mult"": 1.0}",20.615825899999436
75,quantum/Bures-RBF-SVM,quantum,13,0.7777777777777778,0.85,"{""clf__C"": 10.0, ""clf__gamma_mult"": 0.25}",20.615825899999436
75,quantum/Bures-RBF-SVM,quantum,14,0.7777777777777778,0.9,"{""clf__C"": 10.0, ""clf__gamma_mult"": 1.0}",20.615825899999436
75,quantum/QRE-RBF-SVM,quantum,0,0.7777777777777778,0.9,"{""clf__C"": 10.0, ""clf__gamma_mult"": 4.0}",14.864136600000165
75,quantum/QRE-RBF-SVM,quantum,1,0.6666666666666666,0.7,"{""clf__C"": 10.0, ""clf__gamma_mult"": 0.25}",14.864136600000165
75,quantum/QRE-RBF-SVM,quantum,2,0.3333333333333333,0.25,"{""clf__C"": 10.0, ""clf__gamma_mult"": 0.25}",14.864136600000165
75,quantum/QRE-RBF-SVM,quantum,3,0.7777777777777778,0.7,"{""clf__C"": 10.0, ""clf__gamma_mult"": 1.0}",14.864136600000165
75,quantum/QRE-RBF-SVM,quantum,4,0.6666666666666666,0.8,"{""clf__C"": 1.0, ""clf__gamma_mult"": 4.0}",14.864136600000165
75,quantum/QRE-RBF-SVM,quantum,5,0.7777777777777778,0.9,"{""clf__C"": 10.0, ""clf__gamma_mult"": 4.0}",14.864136600000165
75,quantum/QRE-RBF-SVM,quantum,6,0.3333333333333333,0.5,"{""clf__C"": 10.0, ""clf__gamma_mult"": 0.25}",14.864136600000165
75,quantum/QRE-RBF-SVM,quantum,7,0.7777777777777778,0.95,"{""clf__C"": 10.0, ""clf__gamma_mult"": 0.25}",14.864136600000165
75,quantum/QRE-RBF-SVM,quantum,8,0.6666666666666666,0.75,"{""clf__C"": 1.0, ""clf__gamma_mult"": 1.0}",14.864136600000165
75,quantum/QRE-RBF-SVM,quantum,9,0.8888888888888888,1.0,"{""clf__C"": 1.0, ""clf__gamma_mult"": 1.0}",14.864136600000165
75,quantum/QRE-RBF-SVM,quantum,10,0.6666666666666666,0.75,"{""clf__C"": 10.0, ""clf__gamma_mult"": 0.25}",14.864136600000165
75,quantum/QRE-RBF-SVM,quantum,11,0.5555555555555556,0.65,"{""clf__C"": 1.0, ""clf__gamma_mult"": 1.0}",14.864136600000165
75,quantum/QRE-RBF-SVM,quantum,12,0.8888888888888888,1.0,"{""clf__C"": 1.0, ""clf__gamma_mult"": 1.0}",14.864136600000165
75,quantum/QRE-RBF-SVM,quantum,13,0.7777777777777778,0.8,"{""clf__C"": 10.0, ""clf__gamma_mult"": 0.25}",14.864136600000165
75,quantum/QRE-RBF-SVM,quantum,14,0.7777777777777778,0.9,"{""clf__C"": 10.0, ""clf__gamma_mult"": 1.0}",14.864136600000165
75,quantum/HS-overlap-ref-SVM,quantum,0,1.0,1.0,"{""clf__C"": 10.0}",6.6481314000002385
75,quantum/HS-overlap-ref-SVM,quantum,1,0.6666666666666666,0.75,"{""clf__C"": 10.0}",6.6481314000002385
75,quantum/HS-overlap-ref-SVM,quantum,2,0.5555555555555556,0.4,"{""clf__C"": 10.0}",6.6481314000002385
75,quantum/HS-overlap-ref-SVM,quantum,3,0.6666666666666666,0.9,"{""clf__C"": 10.0}",6.6481314000002385
75,quantum/HS-overlap-ref-SVM,quantum,4,0.7777777777777778,0.85,"{""clf__C"": 10.0}",6.6481314000002385
75,quantum/HS-overlap-ref-SVM,quantum,5,0.7777777777777778,0.9,"{""clf__C"": 10.0}",6.6481314000002385
75,quantum/HS-overlap-ref-SVM,quantum,6,0.5555555555555556,0.65,"{""clf__C"": 10.0}",6.6481314000002385
75,quantum/HS-overlap-ref-SVM,quantum,7,0.7777777777777778,1.0,"{""clf__C"": 10.0}",6.6481314000002385
75,quantum/HS-overlap-ref-SVM,quantum,8,0.5555555555555556,0.85,"{""clf__C"": 10.0}",6.6481314000002385
75,quantum/HS-overlap-ref-SVM,quantum,9,0.6666666666666666,0.9,"{""clf__C"": 10.0}",6.6481314000002385
75,quantum/HS-overlap-ref-SVM,quantum,10,0.7777777777777778,0.8500000000000001,"{""clf__C"": 10.0}",6.6481314000002385
75,quantum/HS-overlap-ref-SVM,quantum,11,0.6666666666666666,0.65,"{""clf__C"": 10.0}",6.6481314000002385
75,quantum/HS-overlap-ref-SVM,quantum,12,0.6666666666666666,0.9,"{""clf__C"": 10.0}",6.6481314000002385
75,quantum/HS-overlap-ref-SVM,quantum,13,0.7777777777777778,0.95,"{""clf__C"": 10.0}",6.6481314000002385
75,quantum/HS-overlap-ref-SVM,quantum,14,0.6666666666666666,0.85,"{""clf__C"": 10.0}",6.6481314000002385
75,quantum/Fidelity-ref-SVM,quantum,0,1.0,1.0,"{""clf__C"": 10.0}",10.584417099999882
75,quantum/Fidelity-ref-SVM,quantum,1,0.7777777777777778,0.8500000000000001,"{""clf__C"": 10.0}",10.584417099999882
75,quantum/Fidelity-ref-SVM,quantum,2,0.6666666666666666,0.75,"{""clf__C"": 10.0}",10.584417099999882
75,quantum/Fidelity-ref-SVM,quantum,3,0.6666666666666666,0.8,"{""clf__C"": 10.0}",10.584417099999882
75,quantum/Fidelity-ref-SVM,quantum,4,0.7777777777777778,0.85,"{""clf__C"": 10.0}",10.584417099999882
75,quantum/Fidelity-ref-SVM,quantum,5,0.8888888888888888,0.9500000000000001,"{""clf__C"": 10.0}",10.584417099999882
75,quantum/Fidelity-ref-SVM,quantum,6,0.6666666666666666,0.65,"{""clf__C"": 10.0}",10.584417099999882
75,quantum/Fidelity-ref-SVM,quantum,7,0.7777777777777778,1.0,"{""clf__C"": 10.0}",10.584417099999882
75,quantum/Fidelity-ref-SVM,quantum,8,0.6666666666666666,0.9,"{""clf__C"": 10.0}",10.584417099999882
75,quantum/Fidelity-ref-SVM,quantum,9,0.8888888888888888,0.95,"{""clf__C"": 10.0}",10.584417099999882
75,quantum/Fidelity-ref-SVM,quantum,10,0.7777777777777778,0.8,"{""clf__C"": 10.0}",10.584417099999882
75,quantum/Fidelity-ref-SVM,quantum,11,0.6666666666666666,0.8,"{""clf__C"": 10.0}",10.584417099999882
75,quantum/Fidelity-ref-SVM,quantum,12,0.7777777777777778,0.95,"{""clf__C"": 10.0}",10.584417099999882
75,quantum/Fidelity-ref-SVM,quantum,13,0.6666666666666666,0.85,"{""clf__C"": 10.0}",10.584417099999882
75,quantum/Fidelity-ref-SVM,quantum,14,0.6666666666666666,0.9,"{""clf__C"": 10.0}",10.584417099999882
75,quantum/HS-RBF-ref-SVM,quantum,0,0.8888888888888888,1.0,"{""clf__C"": 10.0, ""clf__gamma_mult"": 0.25}",18.305918699999893
75,quantum/HS-RBF-ref-SVM,quantum,1,0.6666666666666666,0.8500000000000001,"{""clf__C"": 1.0, ""clf__gamma_mult"": 1.0}",18.305918699999893
75,quantum/HS-RBF-ref-SVM,quantum,2,0.5555555555555556,0.5,"{""clf__C"": 10.0, ""clf__gamma_mult"": 1.0}",18.305918699999893
75,quantum/HS-RBF-ref-SVM,quantum,3,0.6666666666666666,0.85,"{""clf__C"": 10.0, ""clf__gamma_mult"": 0.25}",18.305918699999893
75,quantum/HS-RBF-ref-SVM,quantum,4,0.7777777777777778,0.85,"{""clf__C"": 10.0, ""clf__gamma_mult"": 1.0}",18.305918699999893
75,quantum/HS-RBF-ref-SVM,quantum,5,0.7777777777777778,0.9,"{""clf__C"": 10.0, ""clf__gamma_mult"": 1.0}",18.305918699999893
75,quantum/HS-RBF-ref-SVM,quantum,6,0.5555555555555556,0.65,"{""clf__C"": 10.0, ""clf__gamma_mult"": 0.25}",18.305918699999893
75,quantum/HS-RBF-ref-SVM,quantum,7,1.0,1.0,"{""clf__C"": 10.0, ""clf__gamma_mult"": 1.0}",18.305918699999893
75,quantum/HS-RBF-ref-SVM,quantum,8,0.6666666666666666,0.85,"{""clf__C"": 10.0, ""clf__gamma_mult"": 4.0}",18.305918699999893
75,quantum/HS-RBF-ref-SVM,quantum,9,0.7777777777777778,0.85,"{""clf__C"": 10.0, ""clf__gamma_mult"": 1.0}",18.305918699999893
75,quantum/HS-RBF-ref-SVM,quantum,10,0.7777777777777778,0.8500000000000001,"{""clf__C"": 10.0, ""clf__gamma_mult"": 0.25}",18.305918699999893
75,quantum/HS-RBF-ref-SVM,quantum,11,0.6666666666666666,0.75,"{""clf__C"": 1.0, ""clf__gamma_mult"": 1.0}",18.305918699999893
75,quantum/HS-RBF-ref-SVM,quantum,12,0.6666666666666666,0.9,"{""clf__C"": 10.0, ""clf__gamma_mult"": 1.0}",18.305918699999893
75,quantum/HS-RBF-ref-SVM,quantum,13,0.6666666666666666,0.9,"{""clf__C"": 1.0, ""clf__gamma_mult"": 1.0}",18.305918699999893
75,quantum/HS-RBF-ref-SVM,quantum,14,0.6666666666666666,0.9,"{""clf__C"": 1.0, ""clf__gamma_mult"": 1.0}",18.305918699999893
75,quantum/Bures-RBF-ref-SVM,quantum,0,1.0,1.0,"{""clf__C"": 10.0, ""clf__gamma_mult"": 0.25}",28.09474760000012
75,quantum/Bures-RBF-ref-SVM,quantum,1,0.6666666666666666,0.9,"{""clf__C"": 1.0, ""clf__gamma_mult"": 1.0}",28.09474760000012
75,quantum/Bures-RBF-ref-SVM,quantum,2,0.4444444444444444,0.55,"{""clf__C"": 10.0, ""clf__gamma_mult"": 1.0}",28.09474760000012
75,quantum/Bures-RBF-ref-SVM,quantum,3,0.6666666666666666,0.8,"{""clf__C"": 10.0, ""clf__gamma_mult"": 0.25}",28.09474760000012
75,quantum/Bures-RBF-ref-SVM,quantum,4,0.7777777777777778,0.8,"{""clf__C"": 10.0, ""clf__gamma_mult"": 1.0}",28.09474760000012
75,quantum/Bures-RBF-ref-SVM,quantum,5,0.6666666666666666,1.0,"{""clf__C"": 1.0, ""clf__gamma_mult"": 4.0}",28.09474760000012
75,quantum/Bures-RBF-ref-SVM,quantum,6,0.6666666666666666,0.7000000000000001,"{""clf__C"": 10.0, ""clf__gamma_mult"": 0.25}",28.09474760000012
75,quantum/Bures-RBF-ref-SVM,quantum,7,0.8888888888888888,1.0,"{""clf__C"": 10.0, ""clf__gamma_mult"": 0.25}",28.09474760000012
75,quantum/Bures-RBF-ref-SVM,quantum,8,0.6666666666666666,0.9,"{""clf__C"": 1.0, ""clf__gamma_mult"": 1.0}",28.09474760000012
75,quantum/Bures-RBF-ref-SVM,quantum,9,0.7777777777777778,0.85,"{""clf__C"": 10.0, ""clf__gamma_mult"": 1.0}",28.09474760000012
75,quantum/Bures-RBF-ref-SVM,quantum,10,0.7777777777777778,0.8500000000000001,"{""clf__C"": 10.0, ""clf__gamma_mult"": 0.25}",28.09474760000012
75,quantum/Bures-RBF-ref-SVM,quantum,11,0.6666666666666666,0.85,"{""clf__C"": 1.0, ""clf__gamma_mult"": 1.0}",28.09474760000012
75,quantum/Bures-RBF-ref-SVM,quantum,12,0.7777777777777778,0.95,"{""clf__C"": 10.0, ""clf__gamma_mult"": 0.25}",28.09474760000012
75,quantum/Bures-RBF-ref-SVM,quantum,13,0.6666666666666666,0.85,"{""clf__C"": 1.0, ""clf__gamma_mult"": 1.0}",28.09474760000012
75,quantum/Bures-RBF-ref-SVM,quantum,14,0.6666666666666666,0.75,"{""clf__C"": 1.0, ""clf__gamma_mult"": 4.0}",28.09474760000012
75,quantum/QRE-RBF-ref-SVM,quantum,0,1.0,1.0,"{""clf__C"": 10.0, ""clf__gamma_mult"": 0.25}",21.52261770000041
75,quantum/QRE-RBF-ref-SVM,quantum,1,0.7777777777777778,0.9,"{""clf__C"": 1.0, ""clf__gamma_mult"": 1.0}",21.52261770000041
75,quantum/QRE-RBF-ref-SVM,quantum,2,0.4444444444444444,0.55,"{""clf__C"": 10.0, ""clf__gamma_mult"": 1.0}",21.52261770000041
75,quantum/QRE-RBF-ref-SVM,quantum,3,0.6666666666666666,0.8,"{""clf__C"": 10.0, ""clf__gamma_mult"": 0.25}",21.52261770000041
75,quantum/QRE-RBF-ref-SVM,quantum,4,0.7777777777777778,0.8,"{""clf__C"": 10.0, ""clf__gamma_mult"": 1.0}",21.52261770000041
75,quantum/QRE-RBF-ref-SVM,quantum,5,0.6666666666666666,1.0,"{""clf__C"": 1.0, ""clf__gamma_mult"": 4.0}",21.52261770000041
75,quantum/QRE-RBF-ref-SVM,quantum,6,0.6666666666666666,0.7000000000000001,"{""clf__C"": 10.0, ""clf__gamma_mult"": 0.25}",21.52261770000041
75,quantum/QRE-RBF-ref-SVM,quantum,7,0.8888888888888888,1.0,"{""clf__C"": 10.0, ""clf__gamma_mult"": 0.25}",21.52261770000041
75,quantum/QRE-RBF-ref-SVM,quantum,8,0.6666666666666666,0.85,"{""clf__C"": 1.0, ""clf__gamma_mult"": 1.0}",21.52261770000041
75,quantum/QRE-RBF-ref-SVM,quantum,9,0.7777777777777778,0.85,"{""clf__C"": 10.0, ""clf__gamma_mult"": 1.0}",21.52261770000041
75,quantum/QRE-RBF-ref-SVM,quantum,10,0.7777777777777778,0.8500000000000001,"{""clf__C"": 10.0, ""clf__gamma_mult"": 0.25}",21.52261770000041
75,quantum/QRE-RBF-ref-SVM,quantum,11,0.6666666666666666,0.85,"{""clf__C"": 1.0, ""clf__gamma_mult"": 1.0}",21.52261770000041
75,quantum/QRE-RBF-ref-SVM,quantum,12,0.7777777777777778,0.9,"{""clf__C"": 10.0, ""clf__gamma_mult"": 0.25}",21.52261770000041
75,quantum/QRE-RBF-ref-SVM,quantum,13,0.6666666666666666,0.85,"{""clf__C"": 1.0, ""clf__gamma_mult"": 1.0}",21.52261770000041
75,quantum/QRE-RBF-ref-SVM,quantum,14,0.6666666666666666,0.75,"{""clf__C"": 1.0, ""clf__gamma_mult"": 4.0}",21.52261770000041
75,quantum/IQP-kernel-SVM,quantum,0,0.7777777777777778,0.8500000000000001,"{""clf__C"": 1.0, ""clf__scale"": 0.5}",25.937644999999975
75,quantum/IQP-kernel-SVM,quantum,1,0.8888888888888888,0.9,"{""clf__C"": 1.0, ""clf__scale"": 0.5}",25.937644999999975
75,quantum/IQP-kernel-SVM,quantum,2,0.5555555555555556,0.7,"{""clf__C"": 1.0, ""clf__scale"": 0.5}",25.937644999999975
75,quantum/IQP-kernel-SVM,quantum,3,0.5555555555555556,0.75,"{""clf__C"": 1.0, ""clf__scale"": 0.5}",25.937644999999975
75,quantum/IQP-kernel-SVM,quantum,4,0.7777777777777778,0.9,"{""clf__C"": 1.0, ""clf__scale"": 0.5}",25.937644999999975
75,quantum/IQP-kernel-SVM,quantum,5,0.7777777777777778,1.0,"{""clf__C"": 1.0, ""clf__scale"": 0.5}",25.937644999999975
75,quantum/IQP-kernel-SVM,quantum,6,0.7777777777777778,0.85,"{""clf__C"": 10.0, ""clf__scale"": 0.5}",25.937644999999975
75,quantum/IQP-kernel-SVM,quantum,7,0.6666666666666666,0.7,"{""clf__C"": 1.0, ""clf__scale"": 0.5}",25.937644999999975
75,quantum/IQP-kernel-SVM,quantum,8,0.7777777777777778,0.9,"{""clf__C"": 1.0, ""clf__scale"": 0.5}",25.937644999999975
75,quantum/IQP-kernel-SVM,quantum,9,0.8888888888888888,1.0,"{""clf__C"": 1.0, ""clf__scale"": 0.5}",25.937644999999975
75,quantum/IQP-kernel-SVM,quantum,10,0.7777777777777778,0.9,"{""clf__C"": 1.0, ""clf__scale"": 0.5}",25.937644999999975
75,quantum/IQP-kernel-SVM,quantum,11,0.6666666666666666,0.75,"{""clf__C"": 10.0, ""clf__scale"": 0.5}",25.937644999999975
75,quantum/IQP-kernel-SVM,quantum,12,0.7777777777777778,0.9,"{""clf__C"": 1.0, ""clf__scale"": 0.5}",25.937644999999975
75,quantum/IQP-kernel-SVM,quantum,13,0.7777777777777778,0.95,"{""clf__C"": 1.0, ""clf__scale"": 0.5}",25.937644999999975
75,quantum/IQP-kernel-SVM,quantum,14,0.6666666666666666,0.55,"{""clf__C"": 1.0, ""clf__scale"": 1.0}",25.937644999999975
75,quantum/CNOT-kernel-SVM,quantum,0,0.8888888888888888,1.0,"{""clf__C"": 1.0, ""clf__scale"": 0.5}",23.842412299999523
75,quantum/CNOT-kernel-SVM,quantum,1,0.8888888888888888,0.85,"{""clf__C"": 1.0, ""clf__scale"": 1.0}",23.842412299999523
75,quantum/CNOT-kernel-SVM,quantum,2,0.6666666666666666,0.95,"{""clf__C"": 1.0, ""clf__scale"": 0.5}",23.842412299999523
75,quantum/CNOT-kernel-SVM,quantum,3,0.7777777777777778,0.8,"{""clf__C"": 1.0, ""clf__scale"": 0.5}",23.842412299999523
75,quantum/CNOT-kernel-SVM,quantum,4,0.8888888888888888,0.9,"{""clf__C"": 1.0, ""clf__scale"": 0.5}",23.842412299999523
75,quantum/CNOT-kernel-SVM,quantum,5,1.0,1.0,"{""clf__C"": 1.0, ""clf__scale"": 1.0}",23.842412299999523
75,quantum/CNOT-kernel-SVM,quantum,6,1.0,1.0,"{""clf__C"": 1.0, ""clf__scale"": 1.0}",23.842412299999523
75,quantum/CNOT-kernel-SVM,quantum,7,0.7777777777777778,0.95,"{""clf__C"": 1.0, ""clf__scale"": 0.5}",23.842412299999523
75,quantum/CNOT-kernel-SVM,quantum,8,0.7777777777777778,0.8,"{""clf__C"": 1.0, ""clf__scale"": 1.0}",23.842412299999523
75,quantum/CNOT-kernel-SVM,quantum,9,0.8888888888888888,1.0,"{""clf__C"": 1.0, ""clf__scale"": 0.5}",23.842412299999523
75,quantum/CNOT-kernel-SVM,quantum,10,0.7777777777777778,0.8,"{""clf__C"": 1.0, ""clf__scale"": 1.0}",23.842412299999523
75,quantum/CNOT-kernel-SVM,quantum,11,0.7777777777777778,0.8500000000000001,"{""clf__C"": 1.0, ""clf__scale"": 0.5}",23.842412299999523
75,quantum/CNOT-kernel-SVM,quantum,12,0.7777777777777778,0.9,"{""clf__C"": 1.0, ""clf__scale"": 0.5}",23.842412299999523
75,quantum/CNOT-kernel-SVM,quantum,13,0.8888888888888888,1.0,"{""clf__C"": 1.0, ""clf__scale"": 1.0}",23.842412299999523
75,quantum/CNOT-kernel-SVM,quantum,14,0.8888888888888888,1.0,"{""clf__C"": 1.0, ""clf__scale"": 1.0}",23.842412299999523
75,control/IQP-no-entangle,control,0,0.8888888888888888,1.0,"{""clf__C"": 1.0, ""clf__scale"": 0.5}",22.21896199999992
75,control/IQP-no-entangle,control,1,0.8888888888888888,0.85,"{""clf__C"": 1.0, ""clf__scale"": 1.0}",22.21896199999992
75,control/IQP-no-entangle,control,2,0.6666666666666666,0.9,"{""clf__C"": 1.0, ""clf__scale"": 0.5}",22.21896199999992
75,control/IQP-no-entangle,control,3,0.7777777777777778,0.8,"{""clf__C"": 1.0, ""clf__scale"": 0.5}",22.21896199999992
75,control/IQP-no-entangle,control,4,0.7777777777777778,0.9,"{""clf__C"": 1.0, ""clf__scale"": 0.5}",22.21896199999992
75,control/IQP-no-entangle,control,5,1.0,1.0,"{""clf__C"": 1.0, ""clf__scale"": 1.0}",22.21896199999992
75,control/IQP-no-entangle,control,6,0.7777777777777778,0.9500000000000001,"{""clf__C"": 1.0, ""clf__scale"": 0.5}",22.21896199999992
75,control/IQP-no-entangle,control,7,0.7777777777777778,0.95,"{""clf__C"": 1.0, ""clf__scale"": 0.5}",22.21896199999992
75,control/IQP-no-entangle,control,8,0.7777777777777778,0.85,"{""clf__C"": 1.0, ""clf__scale"": 0.5}",22.21896199999992
75,control/IQP-no-entangle,control,9,0.8888888888888888,0.95,"{""clf__C"": 1.0, ""clf__scale"": 0.5}",22.21896199999992
75,control/IQP-no-entangle,control,10,0.7777777777777778,0.8,"{""clf__C"": 1.0, ""clf__scale"": 1.0}",22.21896199999992
75,control/IQP-no-entangle,control,11,0.7777777777777778,0.8500000000000001,"{""clf__C"": 1.0, ""clf__scale"": 0.5}",22.21896199999992
75,control/IQP-no-entangle,control,12,1.0,1.0,"{""clf__C"": 1.0, ""clf__scale"": 0.5}",22.21896199999992
75,control/IQP-no-entangle,control,13,0.6666666666666666,0.85,"{""clf__C"": 1.0, ""clf__scale"": 0.5}",22.21896199999992
75,control/IQP-no-entangle,control,14,0.8888888888888888,1.0,"{""clf__C"": 1.0, ""clf__scale"": 1.0}",22.21896199999992
75,control/PCA-matched-RBF,control,0,0.8888888888888888,1.0,"{""clf__C"": 1.0, ""clf__gamma"": 0.1}",18.852880999999797
75,control/PCA-matched-RBF,control,1,0.8888888888888888,0.85,"{""clf__C"": 1.0, ""clf__gamma"": ""scale""}",18.852880999999797
75,control/PCA-matched-RBF,control,2,0.6666666666666666,0.9,"{""clf__C"": 1.0, ""clf__gamma"": 0.1}",18.852880999999797
75,control/PCA-matched-RBF,control,3,0.8888888888888888,0.8,"{""clf__C"": 1.0, ""clf__gamma"": ""scale""}",18.852880999999797
75,control/PCA-matched-RBF,control,4,0.7777777777777778,0.9,"{""clf__C"": 1.0, ""clf__gamma"": 0.1}",18.852880999999797
75,control/PCA-matched-RBF,control,5,1.0,1.0,"{""clf__C"": 10.0, ""clf__gamma"": 0.01}",18.852880999999797
75,control/PCA-matched-RBF,control,6,0.7777777777777778,0.9500000000000001,"{""clf__C"": 10.0, ""clf__gamma"": 0.01}",18.852880999999797
75,control/PCA-matched-RBF,control,7,0.7777777777777778,0.95,"{""clf__C"": 10.0, ""clf__gamma"": 0.01}",18.852880999999797
75,control/PCA-matched-RBF,control,8,0.7777777777777778,0.85,"{""clf__C"": 1.0, ""clf__gamma"": 0.1}",18.852880999999797
75,control/PCA-matched-RBF,control,9,0.8888888888888888,0.95,"{""clf__C"": 10.0, ""clf__gamma"": ""scale""}",18.852880999999797
75,control/PCA-matched-RBF,control,10,0.7777777777777778,0.8,"{""clf__C"": 1.0, ""clf__gamma"": ""scale""}",18.852880999999797
75,control/PCA-matched-RBF,control,11,0.7777777777777778,0.9500000000000001,"{""clf__C"": 1.0, ""clf__gamma"": ""scale""}",18.852880999999797
75,control/PCA-matched-RBF,control,12,1.0,1.0,"{""clf__C"": 10.0, ""clf__gamma"": 0.01}",18.852880999999797
75,control/PCA-matched-RBF,control,13,0.7777777777777778,0.85,"{""clf__C"": 1.0, ""clf__gamma"": 0.1}",18.852880999999797
75,control/PCA-matched-RBF,control,14,0.8888888888888888,0.95,"{""clf__C"": 1.0, ""clf__gamma"": ""scale""}",18.852880999999797
75,control/PCA-matched-linear,control,0,0.8888888888888888,1.0,"{""clf__C"": 10.0}",6.7382374000007985
75,control/PCA-matched-linear,control,1,0.7777777777777778,0.9,"{""clf__C"": 10.0}",6.7382374000007985
75,control/PCA-matched-linear,control,2,0.7777777777777778,1.0,"{""clf__C"": 0.1}",6.7382374000007985
75,control/PCA-matched-linear,control,3,0.8888888888888888,0.85,"{""clf__C"": 1.0}",6.7382374000007985
75,control/PCA-matched-linear,control,4,0.7777777777777778,0.9,"{""clf__C"": 0.1}",6.7382374000007985
75,control/PCA-matched-linear,control,5,0.8888888888888888,1.0,"{""clf__C"": 0.1}",6.7382374000007985
75,control/PCA-matched-linear,control,6,0.7777777777777778,0.9,"{""clf__C"": 1.0}",6.7382374000007985
75,control/PCA-matched-linear,control,7,0.8888888888888888,1.0,"{""clf__C"": 10.0}",6.7382374000007985
75,control/PCA-matched-linear,control,8,0.7777777777777778,0.9,"{""clf__C"": 10.0}",6.7382374000007985
75,control/PCA-matched-linear,control,9,0.8888888888888888,1.0,"{""clf__C"": 1.0}",6.7382374000007985
75,control/PCA-matched-linear,control,10,0.5555555555555556,0.8,"{""clf__C"": 1.0}",6.7382374000007985
75,control/PCA-matched-linear,control,11,0.8888888888888888,0.9500000000000001,"{""clf__C"": 1.0}",6.7382374000007985
75,control/PCA-matched-linear,control,12,1.0,1.0,"{""clf__C"": 0.1}",6.7382374000007985
75,control/PCA-matched-linear,control,13,0.7777777777777778,0.85,"{""clf__C"": 0.1}",6.7382374000007985
75,control/PCA-matched-linear,control,14,0.8888888888888888,1.0,"{""clf__C"": 0.1}",6.7382374000007985
75,control/logeuclid-TS+LR,control,0,0.7777777777777778,0.9500000000000001,"{""clf__C"": 10.0}",5.122923699999774
75,control/logeuclid-TS+LR,control,1,0.5555555555555556,0.6499999999999999,"{""clf__C"": 1.0}",5.122923699999774
75,control/logeuclid-TS+LR,control,2,0.4444444444444444,0.35,"{""clf__C"": 1.0}",5.122923699999774
75,control/logeuclid-TS+LR,control,3,0.7777777777777778,0.7,"{""clf__C"": 1.0}",5.122923699999774
75,control/logeuclid-TS+LR,control,4,0.7777777777777778,0.9,"{""clf__C"": 1.0}",5.122923699999774
75,control/logeuclid-TS+LR,control,5,0.6666666666666666,0.9,"{""clf__C"": 1.0}",5.122923699999774
75,control/logeuclid-TS+LR,control,6,0.4444444444444444,0.5,"{""clf__C"": 10.0}",5.122923699999774
75,control/logeuclid-TS+LR,control,7,1.0,1.0,"{""clf__C"": 1.0}",5.122923699999774
75,control/logeuclid-TS+LR,control,8,0.6666666666666666,0.6000000000000001,"{""clf__C"": 1.0}",5.122923699999774
75,control/logeuclid-TS+LR,control,9,0.7777777777777778,0.8,"{""clf__C"": 1.0}",5.122923699999774
75,control/logeuclid-TS+LR,control,10,0.6666666666666666,0.7000000000000001,"{""clf__C"": 1.0}",5.122923699999774
75,control/logeuclid-TS+LR,control,11,0.5555555555555556,0.6,"{""clf__C"": 10.0}",5.122923699999774
75,control/logeuclid-TS+LR,control,12,0.8888888888888888,1.0,"{""clf__C"": 10.0}",5.122923699999774
75,control/logeuclid-TS+LR,control,13,0.4444444444444444,0.8,"{""clf__C"": 1.0}",5.122923699999774
75,control/logeuclid-TS+LR,control,14,0.5555555555555556,0.65,"{""clf__C"": 1.0}",5.122923699999774
75,control/riemann-kernel-SVM,control,0,0.8888888888888888,1.0,"{""clf__C"": 1.0}",6.755952000000434
75,control/riemann-kernel-SVM,control,1,0.5555555555555556,0.75,"{""clf__C"": 1.0}",6.755952000000434
75,control/riemann-kernel-SVM,control,2,0.3333333333333333,0.55,"{""clf__C"": 1.0}",6.755952000000434
75,control/riemann-kernel-SVM,control,3,0.7777777777777778,0.75,"{""clf__C"": 1.0}",6.755952000000434
75,control/riemann-kernel-SVM,control,4,0.7777777777777778,0.85,"{""clf__C"": 1.0}",6.755952000000434
75,control/riemann-kernel-SVM,control,5,0.7777777777777778,0.9500000000000001,"{""clf__C"": 1.0}",6.755952000000434
75,control/riemann-kernel-SVM,control,6,0.6666666666666666,0.7000000000000001,"{""clf__C"": 1.0}",6.755952000000434
75,control/riemann-kernel-SVM,control,7,0.8888888888888888,1.0,"{""clf__C"": 1.0}",6.755952000000434
75,control/riemann-kernel-SVM,control,8,0.7777777777777778,0.8,"{""clf__C"": 1.0}",6.755952000000434
75,control/riemann-kernel-SVM,control,9,0.7777777777777778,0.8500000000000001,"{""clf__C"": 1.0}",6.755952000000434
75,control/riemann-kernel-SVM,control,10,0.6666666666666666,0.8500000000000001,"{""clf__C"": 1.0}",6.755952000000434
75,control/riemann-kernel-SVM,control,11,0.6666666666666666,0.85,"{""clf__C"": 1.0}",6.755952000000434
75,control/riemann-kernel-SVM,control,12,0.6666666666666666,0.9,"{""clf__C"": 1.0}",6.755952000000434
75,control/riemann-kernel-SVM,control,13,0.7777777777777778,0.9,"{""clf__C"": 1.0}",6.755952000000434
75,control/riemann-kernel-SVM,control,14,0.7777777777777778,0.9,"{""clf__C"": 0.1}",6.755952000000434
75,control/logeuclid-kernel-SVM,control,0,0.8888888888888888,1.0,"{""clf__C"": 1.0}",6.536692300000141
75,control/logeuclid-kernel-SVM,control,1,0.6666666666666666,0.75,"{""clf__C"": 1.0}",6.536692300000141
75,control/logeuclid-kernel-SVM,control,2,0.5555555555555556,0.7,"{""clf__C"": 1.0}",6.536692300000141
75,control/logeuclid-kernel-SVM,control,3,0.7777777777777778,0.75,"{""clf__C"": 1.0}",6.536692300000141
75,control/logeuclid-kernel-SVM,control,4,0.7777777777777778,0.9,"{""clf__C"": 1.0}",6.536692300000141
75,control/logeuclid-kernel-SVM,control,5,0.7777777777777778,0.9,"{""clf__C"": 1.0}",6.536692300000141
75,control/logeuclid-kernel-SVM,control,6,0.4444444444444444,0.65,"{""clf__C"": 1.0}",6.536692300000141
75,control/logeuclid-kernel-SVM,control,7,0.8888888888888888,1.0,"{""clf__C"": 1.0}",6.536692300000141
75,control/logeuclid-kernel-SVM,control,8,0.8888888888888888,0.8,"{""clf__C"": 1.0}",6.536692300000141
75,control/logeuclid-kernel-SVM,control,9,0.7777777777777778,0.8,"{""clf__C"": 1.0}",6.536692300000141
75,control/logeuclid-kernel-SVM,control,10,0.6666666666666666,0.8,"{""clf__C"": 1.0}",6.536692300000141
75,control/logeuclid-kernel-SVM,control,11,0.6666666666666666,0.8,"{""clf__C"": 10.0}",6.536692300000141
75,control/logeuclid-kernel-SVM,control,12,0.6666666666666666,0.85,"{""clf__C"": 1.0}",6.536692300000141
75,control/logeuclid-kernel-SVM,control,13,0.7777777777777778,0.9,"{""clf__C"": 1.0}",6.536692300000141
75,control/logeuclid-kernel-SVM,control,14,0.6666666666666666,0.8,"{""clf__C"": 1.0}",6.536692300000141
76,classical/logvar+LDA,classical,0,0.5555555555555556,0.55,{},0.10689879999972618
76,classical/logvar+LDA,classical,1,0.5555555555555556,0.65,{},0.10689879999972618
76,classical/logvar+LDA,classical,2,0.7777777777777778,0.75,{},0.10689879999972618
76,classical/logvar+LDA,classical,3,0.6666666666666666,0.65,{},0.10689879999972618
76,classical/logvar+LDA,classical,4,0.6666666666666666,0.9500000000000001,{},0.10689879999972618
76,classical/logvar+LDA,classical,5,0.4444444444444444,0.4,{},0.10689879999972618
76,classical/logvar+LDA,classical,6,0.6666666666666666,0.55,{},0.10689879999972618
76,classical/logvar+LDA,classical,7,0.8888888888888888,0.9,{},0.10689879999972618
76,classical/logvar+LDA,classical,8,0.2222222222222222,0.4,{},0.10689879999972618
76,classical/logvar+LDA,classical,9,0.8888888888888888,1.0,{},0.10689879999972618
76,classical/logvar+LDA,classical,10,0.8888888888888888,1.0,{},0.10689879999972618
76,classical/logvar+LDA,classical,11,0.3333333333333333,0.35,{},0.10689879999972618
76,classical/logvar+LDA,classical,12,0.4444444444444444,0.5,{},0.10689879999972618
76,classical/logvar+LDA,classical,13,0.5555555555555556,0.5,{},0.10689879999972618
76,classical/logvar+LDA,classical,14,0.3333333333333333,0.44999999999999996,{},0.10689879999972618
76,classical/CSP+LDA,classical,0,0.4444444444444444,0.75,"{""csp__nfilter"": 4}",4.1269533999993655
76,classical/CSP+LDA,classical,1,0.5555555555555556,0.5,"{""csp__nfilter"": 6}",4.1269533999993655
76,classical/CSP+LDA,classical,2,0.6666666666666666,0.75,"{""csp__nfilter"": 2}",4.1269533999993655
76,classical/CSP+LDA,classical,3,0.7777777777777778,1.0,"{""csp__nfilter"": 2}",4.1269533999993655
76,classical/CSP+LDA,classical,4,0.4444444444444444,0.45,"{""csp__nfilter"": 4}",4.1269533999993655
76,classical/CSP+LDA,classical,5,0.5555555555555556,0.30000000000000004,"{""csp__nfilter"": 4}",4.1269533999993655
76,classical/CSP+LDA,classical,6,0.4444444444444444,0.6,"{""csp__nfilter"": 2}",4.1269533999993655
76,classical/CSP+LDA,classical,7,0.6666666666666666,0.65,"{""csp__nfilter"": 6}",4.1269533999993655
76,classical/CSP+LDA,classical,8,0.4444444444444444,0.35000000000000003,"{""csp__nfilter"": 4}",4.1269533999993655
76,classical/CSP+LDA,classical,9,0.7777777777777778,0.8,"{""csp__nfilter"": 6}",4.1269533999993655
76,classical/CSP+LDA,classical,10,0.4444444444444444,0.7,"{""csp__nfilter"": 6}",4.1269533999993655
76,classical/CSP+LDA,classical,11,0.6666666666666666,0.65,"{""csp__nfilter"": 6}",4.1269533999993655
76,classical/CSP+LDA,classical,12,0.5555555555555556,0.45,"{""csp__nfilter"": 4}",4.1269533999993655
76,classical/CSP+LDA,classical,13,0.3333333333333333,0.25,"{""csp__nfilter"": 6}",4.1269533999993655
76,classical/CSP+LDA,classical,14,0.5555555555555556,0.4,"{""csp__nfilter"": 6}",4.1269533999993655
76,classical/MDM,classical,0,0.5555555555555556,0.45,{},0.6708495000002586
76,classical/MDM,classical,1,0.5555555555555556,0.45,{},0.6708495000002586
76,classical/MDM,classical,2,0.6666666666666666,0.65,{},0.6708495000002586
76,classical/MDM,classical,3,0.7777777777777778,0.7000000000000001,{},0.6708495000002586
76,classical/MDM,classical,4,0.3333333333333333,0.6,{},0.6708495000002586
76,classical/MDM,classical,5,0.1111111111111111,0.05,{},0.6708495000002586
76,classical/MDM,classical,6,0.3333333333333333,0.1,{},0.6708495000002586
76,classical/MDM,classical,7,0.6666666666666666,0.65,{},0.6708495000002586
76,classical/MDM,classical,8,0.1111111111111111,0.14999999999999997,{},0.6708495000002586
76,classical/MDM,classical,9,0.5555555555555556,0.7000000000000001,{},0.6708495000002586
76,classical/MDM,classical,10,0.3333333333333333,0.45,{},0.6708495000002586
76,classical/MDM,classical,11,0.5555555555555556,0.39999999999999997,{},0.6708495000002586
76,classical/MDM,classical,12,0.2222222222222222,0.35,{},0.6708495000002586
76,classical/MDM,classical,13,0.4444444444444444,0.3,{},0.6708495000002586
76,classical/MDM,classical,14,0.6666666666666666,0.55,{},0.6708495000002586
76,classical/TS+LR,classical,0,0.6666666666666666,0.85,"{""clf__C"": 10.0}",6.677894999999808
76,classical/TS+LR,classical,1,0.7777777777777778,0.8,"{""clf__C"": 10.0}",6.677894999999808
76,classical/TS+LR,classical,2,0.7777777777777778,0.9500000000000001,"{""clf__C"": 0.1}",6.677894999999808
76,classical/TS+LR,classical,3,0.6666666666666666,0.75,"{""clf__C"": 1.0}",6.677894999999808
76,classical/TS+LR,classical,4,0.4444444444444444,0.4,"{""clf__C"": 10.0}",6.677894999999808
76,classical/TS+LR,classical,5,0.3333333333333333,0.30000000000000004,"{""clf__C"": 0.1}",6.677894999999808
76,classical/TS+LR,classical,6,0.5555555555555556,0.65,"{""clf__C"": 0.1}",6.677894999999808
76,classical/TS+LR,classical,7,1.0,1.0,"{""clf__C"": 10.0}",6.677894999999808
76,classical/TS+LR,classical,8,0.2222222222222222,0.25,"{""clf__C"": 0.1}",6.677894999999808
76,classical/TS+LR,classical,9,0.5555555555555556,0.85,"{""clf__C"": 10.0}",6.677894999999808
76,classical/TS+LR,classical,10,0.6666666666666666,0.9,"{""clf__C"": 1.0}",6.677894999999808
76,classical/TS+LR,classical,11,0.1111111111111111,0.2,"{""clf__C"": 0.1}",6.677894999999808
76,classical/TS+LR,classical,12,0.7777777777777778,0.8,"{""clf__C"": 1.0}",6.677894999999808
76,classical/TS+LR,classical,13,0.6666666666666666,0.8,"{""clf__C"": 0.1}",6.677894999999808
76,classical/TS+LR,classical,14,0.3333333333333333,0.4,"{""clf__C"": 0.1}",6.677894999999808
76,classical/TS+RBF-SVM,classical,0,0.4444444444444444,0.4,"{""clf__C"": 0.1, ""clf__gamma"": ""scale""}",17.868832900000598
76,classical/TS+RBF-SVM,classical,1,0.4444444444444444,0.55,"{""clf__C"": 1.0, ""clf__gamma"": ""scale""}",17.868832900000598
76,classical/TS+RBF-SVM,classical,2,0.8888888888888888,1.0,"{""clf__C"": 0.1, ""clf__gamma"": ""scale""}",17.868832900000598
76,classical/TS+RBF-SVM,classical,3,0.6666666666666666,0.6,"{""clf__C"": 10.0, ""clf__gamma"": ""scale""}",17.868832900000598
76,classical/TS+RBF-SVM,classical,4,0.4444444444444444,0.35,"{""clf__C"": 1.0, ""clf__gamma"": ""scale""}",17.868832900000598
76,classical/TS+RBF-SVM,classical,5,0.4444444444444444,0.6,"{""clf__C"": 10.0, ""clf__gamma"": ""scale""}",17.868832900000598
76,classical/TS+RBF-SVM,classical,6,0.4444444444444444,0.6,"{""clf__C"": 0.1, ""clf__gamma"": ""scale""}",17.868832900000598
76,classical/TS+RBF-SVM,classical,7,0.7777777777777778,0.75,"{""clf__C"": 0.1, ""clf__gamma"": ""scale""}",17.868832900000598
76,classical/TS+RBF-SVM,classical,8,0.2222222222222222,0.4,"{""clf__C"": 1.0, ""clf__gamma"": ""scale""}",17.868832900000598
76,classical/TS+RBF-SVM,classical,9,0.6666666666666666,0.7,"{""clf__C"": 0.1, ""clf__gamma"": ""scale""}",17.868832900000598
76,classical/TS+RBF-SVM,classical,10,0.4444444444444444,0.9,"{""clf__C"": 0.1, ""clf__gamma"": ""scale""}",17.868832900000598
76,classical/TS+RBF-SVM,classical,11,0.3333333333333333,0.55,"{""clf__C"": 10.0, ""clf__gamma"": 0.01}",17.868832900000598
76,classical/TS+RBF-SVM,classical,12,0.5555555555555556,0.65,"{""clf__C"": 0.1, ""clf__gamma"": ""scale""}",17.868832900000598
76,classical/TS+RBF-SVM,classical,13,0.6666666666666666,0.75,"{""clf__C"": 10.0, ""clf__gamma"": 0.01}",17.868832900000598
76,classical/TS+RBF-SVM,classical,14,0.4444444444444444,0.35000000000000003,"{""clf__C"": 1.0, ""clf__gamma"": 0.01}",17.868832900000598
76,quantum/HS-overlap-SVM,quantum,0,0.4444444444444444,0.30000000000000004,"{""clf__C"": 0.1}",4.409239099999468
76,quantum/HS-overlap-SVM,quantum,1,0.4444444444444444,0.30000000000000004,"{""clf__C"": 0.1}",4.409239099999468
76,quantum/HS-overlap-SVM,quantum,2,0.5555555555555556,0.75,"{""clf__C"": 0.1}",4.409239099999468
76,quantum/HS-overlap-SVM,quantum,3,0.5555555555555556,0.55,"{""clf__C"": 0.1}",4.409239099999468
76,quantum/HS-overlap-SVM,quantum,4,0.4444444444444444,0.5499999999999999,"{""clf__C"": 0.1}",4.409239099999468
76,quantum/HS-overlap-SVM,quantum,5,0.2222222222222222,0.1,"{""clf__C"": 10.0}",4.409239099999468
76,quantum/HS-overlap-SVM,quantum,6,0.4444444444444444,0.7,"{""clf__C"": 0.1}",4.409239099999468
76,quantum/HS-overlap-SVM,quantum,7,0.7777777777777778,0.8,"{""clf__C"": 0.1}",4.409239099999468
76,quantum/HS-overlap-SVM,quantum,8,0.2222222222222222,0.25,"{""clf__C"": 0.1}",4.409239099999468
76,quantum/HS-overlap-SVM,quantum,9,0.4444444444444444,0.75,"{""clf__C"": 0.1}",4.409239099999468
76,quantum/HS-overlap-SVM,quantum,10,0.4444444444444444,0.75,"{""clf__C"": 0.1}",4.409239099999468
76,quantum/HS-overlap-SVM,quantum,11,0.4444444444444444,0.25,"{""clf__C"": 0.1}",4.409239099999468
76,quantum/HS-overlap-SVM,quantum,12,0.3333333333333333,0.15,"{""clf__C"": 0.1}",4.409239099999468
76,quantum/HS-overlap-SVM,quantum,13,0.2222222222222222,0.19999999999999998,"{""clf__C"": 10.0}",4.409239099999468
76,quantum/HS-overlap-SVM,quantum,14,0.3333333333333333,0.35,"{""clf__C"": 0.1}",4.409239099999468
76,quantum/Fidelity-SVM,quantum,0,0.4444444444444444,0.65,"{""clf__C"": 0.1}",7.881047800000488
76,quantum/Fidelity-SVM,quantum,1,0.4444444444444444,0.2,"{""clf__C"": 0.1}",7.881047800000488
76,quantum/Fidelity-SVM,quantum,2,0.6666666666666666,0.7,"{""clf__C"": 0.1}",7.881047800000488
76,quantum/Fidelity-SVM,quantum,3,0.5555555555555556,0.55,"{""clf__C"": 0.1}",7.881047800000488
76,quantum/Fidelity-SVM,quantum,4,0.4444444444444444,0.5499999999999999,"{""clf__C"": 0.1}",7.881047800000488
76,quantum/Fidelity-SVM,quantum,5,0.4444444444444444,0.1,"{""clf__C"": 10.0}",7.881047800000488
76,quantum/Fidelity-SVM,quantum,6,0.4444444444444444,0.7,"{""clf__C"": 0.1}",7.881047800000488
76,quantum/Fidelity-SVM,quantum,7,0.5555555555555556,0.75,"{""clf__C"": 0.1}",7.881047800000488
76,quantum/Fidelity-SVM,quantum,8,0.3333333333333333,0.15,"{""clf__C"": 0.1}",7.881047800000488
76,quantum/Fidelity-SVM,quantum,9,0.5555555555555556,0.7,"{""clf__C"": 0.1}",7.881047800000488
76,quantum/Fidelity-SVM,quantum,10,0.4444444444444444,0.4,"{""clf__C"": 0.1}",7.881047800000488
76,quantum/Fidelity-SVM,quantum,11,0.4444444444444444,0.30000000000000004,"{""clf__C"": 0.1}",7.881047800000488
76,quantum/Fidelity-SVM,quantum,12,0.3333333333333333,0.15,"{""clf__C"": 0.1}",7.881047800000488
76,quantum/Fidelity-SVM,quantum,13,0.2222222222222222,0.14999999999999997,"{""clf__C"": 10.0}",7.881047800000488
76,quantum/Fidelity-SVM,quantum,14,0.3333333333333333,0.35,"{""clf__C"": 0.1}",7.881047800000488
76,quantum/HS-RBF-SVM,quantum,0,0.4444444444444444,0.45,"{""clf__C"": 0.1, ""clf__gamma_mult"": 0.25}",12.303857099999732
76,quantum/HS-RBF-SVM,quantum,1,0.6666666666666666,0.75,"{""clf__C"": 10.0, ""clf__gamma_mult"": 4.0}",12.303857099999732
76,quantum/HS-RBF-SVM,quantum,2,0.4444444444444444,0.3,"{""clf__C"": 0.1, ""clf__gamma_mult"": 0.25}",12.303857099999732
76,quantum/HS-RBF-SVM,quantum,3,0.5555555555555556,0.6000000000000001,"{""clf__C"": 10.0, ""clf__gamma_mult"": 4.0}",12.303857099999732
76,quantum/HS-RBF-SVM,quantum,4,0.4444444444444444,0.5499999999999999,"{""clf__C"": 0.1, ""clf__gamma_mult"": 0.25}",12.303857099999732
76,quantum/HS-RBF-SVM,quantum,5,0.2222222222222222,0.25,"{""clf__C"": 10.0, ""clf__gamma_mult"": 0.25}",12.303857099999732
76,quantum/HS-RBF-SVM,quantum,6,0.4444444444444444,0.6,"{""clf__C"": 1.0, ""clf__gamma_mult"": 1.0}",12.303857099999732
76,quantum/HS-RBF-SVM,quantum,7,0.4444444444444444,0.35,"{""clf__C"": 0.1, ""clf__gamma_mult"": 0.25}",12.303857099999732
76,quantum/HS-RBF-SVM,quantum,8,0.5555555555555556,0.65,"{""clf__C"": 10.0, ""clf__gamma_mult"": 4.0}",12.303857099999732
76,quantum/HS-RBF-SVM,quantum,9,0.5555555555555556,0.85,"{""clf__C"": 0.1, ""clf__gamma_mult"": 0.25}",12.303857099999732
76,quantum/HS-RBF-SVM,quantum,10,0.4444444444444444,0.4,"{""clf__C"": 0.1, ""clf__gamma_mult"": 0.25}",12.303857099999732
76,quantum/HS-RBF-SVM,quantum,11,0.7777777777777778,0.8,"{""clf__C"": 10.0, ""clf__gamma_mult"": 4.0}",12.303857099999732
76,quantum/HS-RBF-SVM,quantum,12,0.3333333333333333,0.29999999999999993,"{""clf__C"": 0.1, ""clf__gamma_mult"": 0.25}",12.303857099999732
76,quantum/HS-RBF-SVM,quantum,13,0.2222222222222222,0.14999999999999997,"{""clf__C"": 1.0, ""clf__gamma_mult"": 0.25}",12.303857099999732
76,quantum/HS-RBF-SVM,quantum,14,0.2222222222222222,0.35,"{""clf__C"": 0.1, ""clf__gamma_mult"": 0.25}",12.303857099999732
76,quantum/Bures-RBF-SVM,quantum,0,0.4444444444444444,0.45,"{""clf__C"": 0.1, ""clf__gamma_mult"": 0.25}",20.52110840000023
76,quantum/Bures-RBF-SVM,quantum,1,0.5555555555555556,0.8,"{""clf__C"": 10.0, ""clf__gamma_mult"": 4.0}",20.52110840000023
76,quantum/Bures-RBF-SVM,quantum,2,0.4444444444444444,0.3,"{""clf__C"": 0.1, ""clf__gamma_mult"": 0.25}",20.52110840000023
76,quantum/Bures-RBF-SVM,quantum,3,0.5555555555555556,0.5,"{""clf__C"": 10.0, ""clf__gamma_mult"": 4.0}",20.52110840000023
76,quantum/Bures-RBF-SVM,quantum,4,0.6666666666666666,0.6,"{""clf__C"": 0.1, ""clf__gamma_mult"": 0.25}",20.52110840000023
76,quantum/Bures-RBF-SVM,quantum,5,0.3333333333333333,0.2,"{""clf__C"": 10.0, ""clf__gamma_mult"": 0.25}",20.52110840000023
76,quantum/Bures-RBF-SVM,quantum,6,0.4444444444444444,0.6,"{""clf__C"": 0.1, ""clf__gamma_mult"": 0.25}",20.52110840000023
76,quantum/Bures-RBF-SVM,quantum,7,0.4444444444444444,0.39999999999999997,"{""clf__C"": 0.1, ""clf__gamma_mult"": 0.25}",20.52110840000023
76,quantum/Bures-RBF-SVM,quantum,8,0.1111111111111111,0.2,"{""clf__C"": 10.0, ""clf__gamma_mult"": 1.0}",20.52110840000023
76,quantum/Bures-RBF-SVM,quantum,9,0.5555555555555556,0.85,"{""clf__C"": 0.1, ""clf__gamma_mult"": 0.25}",20.52110840000023
76,quantum/Bures-RBF-SVM,quantum,10,0.4444444444444444,0.35,"{""clf__C"": 0.1, ""clf__gamma_mult"": 0.25}",20.52110840000023
76,quantum/Bures-RBF-SVM,quantum,11,0.7777777777777778,0.8,"{""clf__C"": 10.0, ""clf__gamma_mult"": 4.0}",20.52110840000023
76,quantum/Bures-RBF-SVM,quantum,12,0.3333333333333333,0.29999999999999993,"{""clf__C"": 0.1, ""clf__gamma_mult"": 0.25}",20.52110840000023
76,quantum/Bures-RBF-SVM,quantum,13,0.2222222222222222,0.14999999999999997,"{""clf__C"": 1.0, ""clf__gamma_mult"": 0.25}",20.52110840000023
76,quantum/Bures-RBF-SVM,quantum,14,0.2222222222222222,0.35,"{""clf__C"": 0.1, ""clf__gamma_mult"": 0.25}",20.52110840000023
76,quantum/QRE-RBF-SVM,quantum,0,0.4444444444444444,0.39999999999999997,"{""clf__C"": 0.1, ""clf__gamma_mult"": 0.25}",15.596757600000274
76,quantum/QRE-RBF-SVM,quantum,1,0.7777777777777778,0.8,"{""clf__C"": 10.0, ""clf__gamma_mult"": 4.0}",15.596757600000274
76,quantum/QRE-RBF-SVM,quantum,2,0.4444444444444444,0.49999999999999994,"{""clf__C"": 0.1, ""clf__gamma_mult"": 0.25}",15.596757600000274
76,quantum/QRE-RBF-SVM,quantum,3,0.5555555555555556,0.6000000000000001,"{""clf__C"": 10.0, ""clf__gamma_mult"": 4.0}",15.596757600000274
76,quantum/QRE-RBF-SVM,quantum,4,0.7777777777777778,0.8,"{""clf__C"": 10.0, ""clf__gamma_mult"": 4.0}",15.596757600000274
76,quantum/QRE-RBF-SVM,quantum,5,0.3333333333333333,0.2,"{""clf__C"": 10.0, ""clf__gamma_mult"": 0.25}",15.596757600000274
76,quantum/QRE-RBF-SVM,quantum,6,0.4444444444444444,0.6,"{""clf__C"": 0.1, ""clf__gamma_mult"": 0.25}",15.596757600000274
76,quantum/QRE-RBF-SVM,quantum,7,0.4444444444444444,0.39999999999999997,"{""clf__C"": 0.1, ""clf__gamma_mult"": 0.25}",15.596757600000274
76,quantum/QRE-RBF-SVM,quantum,8,0.1111111111111111,0.2,"{""clf__C"": 10.0, ""clf__gamma_mult"": 1.0}",15.596757600000274
76,quantum/QRE-RBF-SVM,quantum,9,0.5555555555555556,0.8,"{""clf__C"": 0.1, ""clf__gamma_mult"": 0.25}",15.596757600000274
76,quantum/QRE-RBF-SVM,quantum,10,0.4444444444444444,0.4,"{""clf__C"": 0.1, ""clf__gamma_mult"": 0.25}",15.596757600000274
76,quantum/QRE-RBF-SVM,quantum,11,0.7777777777777778,0.8,"{""clf__C"": 10.0, ""clf__gamma_mult"": 4.0}",15.596757600000274
76,quantum/QRE-RBF-SVM,quantum,12,0.3333333333333333,0.29999999999999993,"{""clf__C"": 0.1, ""clf__gamma_mult"": 0.25}",15.596757600000274
76,quantum/QRE-RBF-SVM,quantum,13,0.2222222222222222,0.14999999999999997,"{""clf__C"": 1.0, ""clf__gamma_mult"": 0.25}",15.596757600000274
76,quantum/QRE-RBF-SVM,quantum,14,0.2222222222222222,0.39999999999999997,"{""clf__C"": 0.1, ""clf__gamma_mult"": 0.25}",15.596757600000274
76,quantum/HS-overlap-ref-SVM,quantum,0,0.4444444444444444,0.75,"{""clf__C"": 0.1}",6.365014799999699
76,quantum/HS-overlap-ref-SVM,quantum,1,0.5555555555555556,0.45,"{""clf__C"": 10.0}",6.365014799999699
76,quantum/HS-overlap-ref-SVM,quantum,2,0.4444444444444444,0.44999999999999996,"{""clf__C"": 0.1}",6.365014799999699
76,quantum/HS-overlap-ref-SVM,quantum,3,0.5555555555555556,0.85,"{""clf__C"": 10.0}",6.365014799999699
76,quantum/HS-overlap-ref-SVM,quantum,4,0.4444444444444444,0.19999999999999996,"{""clf__C"": 10.0}",6.365014799999699
76,quantum/HS-overlap-ref-SVM,quantum,5,0.4444444444444444,0.5,"{""clf__C"": 10.0}",6.365014799999699
76,quantum/HS-overlap-ref-SVM,quantum,6,0.4444444444444444,0.6000000000000001,"{""clf__C"": 10.0}",6.365014799999699
76,quantum/HS-overlap-ref-SVM,quantum,7,0.6666666666666666,0.9,"{""clf__C"": 10.0}",6.365014799999699
76,quantum/HS-overlap-ref-SVM,quantum,8,0.4444444444444444,0.45,"{""clf__C"": 10.0}",6.365014799999699
76,quantum/HS-overlap-ref-SVM,quantum,9,0.6666666666666666,0.7,"{""clf__C"": 10.0}",6.365014799999699
76,quantum/HS-overlap-ref-SVM,quantum,10,0.4444444444444444,0.25,"{""clf__C"": 0.1}",6.365014799999699
76,quantum/HS-overlap-ref-SVM,quantum,11,0.3333333333333333,0.35,"{""clf__C"": 10.0}",6.365014799999699
76,quantum/HS-overlap-ref-SVM,quantum,12,0.6666666666666666,0.65,"{""clf__C"": 0.1}",6.365014799999699
76,quantum/HS-overlap-ref-SVM,quantum,13,0.6666666666666666,0.85,"{""clf__C"": 10.0}",6.365014799999699
76,quantum/HS-overlap-ref-SVM,quantum,14,0.3333333333333333,0.39999999999999997,"{""clf__C"": 10.0}",6.365014799999699
76,quantum/Fidelity-ref-SVM,quantum,0,0.4444444444444444,0.9,"{""clf__C"": 0.1}",10.463988000000427
76,quantum/Fidelity-ref-SVM,quantum,1,0.5555555555555556,0.45,"{""clf__C"": 10.0}",10.463988000000427
76,quantum/Fidelity-ref-SVM,quantum,2,0.4444444444444444,0.5499999999999999,"{""clf__C"": 0.1}",10.463988000000427
76,quantum/Fidelity-ref-SVM,quantum,3,0.7777777777777778,0.6000000000000001,"{""clf__C"": 0.1}",10.463988000000427
76,quantum/Fidelity-ref-SVM,quantum,4,0.2222222222222222,0.35,"{""clf__C"": 10.0}",10.463988000000427
76,quantum/Fidelity-ref-SVM,quantum,5,0.4444444444444444,0.39999999999999997,"{""clf__C"": 10.0}",10.463988000000427
76,quantum/Fidelity-ref-SVM,quantum,6,0.3333333333333333,0.4,"{""clf__C"": 10.0}",10.463988000000427
76,quantum/Fidelity-ref-SVM,quantum,7,0.6666666666666666,0.8,"{""clf__C"": 10.0}",10.463988000000427
76,quantum/Fidelity-ref-SVM,quantum,8,0.4444444444444444,0.4,"{""clf__C"": 10.0}",10.463988000000427
76,quantum/Fidelity-ref-SVM,quantum,9,0.7777777777777778,0.85,"{""clf__C"": 10.0}",10.463988000000427
76,quantum/Fidelity-ref-SVM,quantum,10,0.4444444444444444,0.25,"{""clf__C"": 0.1}",10.463988000000427
76,quantum/Fidelity-ref-SVM,quantum,11,0.5555555555555556,0.35,"{""clf__C"": 10.0}",10.463988000000427
76,quantum/Fidelity-ref-SVM,quantum,12,0.6666666666666666,0.9,"{""clf__C"": 10.0}",10.463988000000427
76,quantum/Fidelity-ref-SVM,quantum,13,0.6666666666666666,0.9,"{""clf__C"": 10.0}",10.463988000000427
76,quantum/Fidelity-ref-SVM,quantum,14,0.5555555555555556,0.44999999999999996,"{""clf__C"": 10.0}",10.463988000000427
76,quantum/HS-RBF-ref-SVM,quantum,0,0.4444444444444444,0.4,"{""clf__C"": 10.0, ""clf__gamma_mult"": 0.25}",18.00949849999961
76,quantum/HS-RBF-ref-SVM,quantum,1,0.4444444444444444,0.55,"{""clf__C"": 1.0, ""clf__gamma_mult"": 4.0}",18.00949849999961
76,quantum/HS-RBF-ref-SVM,quantum,2,0.7777777777777778,0.9500000000000001,"{""clf__C"": 10.0, ""clf__gamma_mult"": 4.0}",18.00949849999961
76,quantum/HS-RBF-ref-SVM,quantum,3,0.7777777777777778,0.85,"{""clf__C"": 10.0, ""clf__gamma_mult"": 0.25}",18.00949849999961
76,quantum/HS-RBF-ref-SVM,quantum,4,0.4444444444444444,0.35000000000000003,"{""clf__C"": 10.0, ""clf__gamma_mult"": 0.25}",18.00949849999961
76,quantum/HS-RBF-ref-SVM,quantum,5,0.5555555555555556,0.6,"{""clf__C"": 10.0, ""clf__gamma_mult"": 0.25}",18.00949849999961
76,quantum/HS-RBF-ref-SVM,quantum,6,0.5555555555555556,0.65,"{""clf__C"": 10.0, ""clf__gamma_mult"": 0.25}",18.00949849999961
76,quantum/HS-RBF-ref-SVM,quantum,7,0.7777777777777778,0.9500000000000001,"{""clf__C"": 10.0, ""clf__gamma_mult"": 0.25}",18.00949849999961
76,quantum/HS-RBF-ref-SVM,quantum,8,0.4444444444444444,0.30000000000000004,"{""clf__C"": 1.0, ""clf__gamma_mult"": 1.0}",18.00949849999961
76,quantum/HS-RBF-ref-SVM,quantum,9,0.5555555555555556,0.5,"{""clf__C"": 1.0, ""clf__gamma_mult"": 4.0}",18.00949849999961
76,quantum/HS-RBF-ref-SVM,quantum,10,0.4444444444444444,0.2,"{""clf__C"": 1.0, ""clf__gamma_mult"": 0.25}",18.00949849999961
76,quantum/HS-RBF-ref-SVM,quantum,11,0.3333333333333333,0.45000000000000007,"{""clf__C"": 1.0, ""clf__gamma_mult"": 4.0}",18.00949849999961
76,quantum/HS-RBF-ref-SVM,quantum,12,0.6666666666666666,0.8,"{""clf__C"": 0.1, ""clf__gamma_mult"": 0.25}",18.00949849999961
76,quantum/HS-RBF-ref-SVM,quantum,13,0.6666666666666666,0.75,"{""clf__C"": 1.0, ""clf__gamma_mult"": 4.0}",18.00949849999961
76,quantum/HS-RBF-ref-SVM,quantum,14,0.4444444444444444,0.5,"{""clf__C"": 10.0, ""clf__gamma_mult"": 1.0}",18.00949849999961
76,quantum/Bures-RBF-ref-SVM,quantum,0,0.4444444444444444,0.44999999999999996,"{""clf__C"": 10.0, ""clf__gamma_mult"": 0.25}",27.62360119999994
76,quantum/Bures-RBF-ref-SVM,quantum,1,0.3333333333333333,0.4,"{""clf__C"": 1.0, ""clf__gamma_mult"": 1.0}",27.62360119999994
76,quantum/Bures-RBF-ref-SVM,quantum,2,0.7777777777777778,0.9,"{""clf__C"": 10.0, ""clf__gamma_mult"": 4.0}",27.62360119999994
76,quantum/Bures-RBF-ref-SVM,quantum,3,0.6666666666666666,0.85,"{""clf__C"": 10.0, ""clf__gamma_mult"": 0.25}",27.62360119999994
76,quantum/Bures-RBF-ref-SVM,quantum,4,0.4444444444444444,0.35,"{""clf__C"": 10.0, ""clf__gamma_mult"": 0.25}",27.62360119999994
76,quantum/Bures-RBF-ref-SVM,quantum,5,0.5555555555555556,0.65,"{""clf__C"": 10.0, ""clf__gamma_mult"": 0.25}",27.62360119999994
76,quantum/Bures-RBF-ref-SVM,quantum,6,0.3333333333333333,0.5,"{""clf__C"": 10.0, ""clf__gamma_mult"": 4.0}",27.62360119999994
76,quantum/Bures-RBF-ref-SVM,quantum,7,0.8888888888888888,0.9500000000000001,"{""clf__C"": 10.0, ""clf__gamma_mult"": 1.0}",27.62360119999994
76,quantum/Bures-RBF-ref-SVM,quantum,8,0.5555555555555556,0.30000000000000004,"{""clf__C"": 1.0, ""clf__gamma_mult"": 1.0}",27.62360119999994
76,quantum/Bures-RBF-ref-SVM,quantum,9,0.5555555555555556,0.55,"{""clf__C"": 1.0, ""clf__gamma_mult"": 4.0}",27.62360119999994
76,quantum/Bures-RBF-ref-SVM,quantum,10,0.4444444444444444,0.2,"{""clf__C"": 1.0, ""clf__gamma_mult"": 0.25}",27.62360119999994
76,quantum/Bures-RBF-ref-SVM,quantum,11,0.3333333333333333,0.5,"{""clf__C"": 1.0, ""clf__gamma_mult"": 4.0}",27.62360119999994
76,quantum/Bures-RBF-ref-SVM,quantum,12,0.7777777777777778,0.9,"{""clf__C"": 10.0, ""clf__gamma_mult"": 1.0}",27.62360119999994
76,quantum/Bures-RBF-ref-SVM,quantum,13,0.6666666666666666,1.0,"{""clf__C"": 10.0, ""clf__gamma_mult"": 0.25}",27.62360119999994
76,quantum/Bures-RBF-ref-SVM,quantum,14,0.4444444444444444,0.35,"{""clf__C"": 10.0, ""clf__gamma_mult"": 0.25}",27.62360119999994
76,quantum/QRE-RBF-ref-SVM,quantum,0,0.4444444444444444,0.5,"{""clf__C"": 10.0, ""clf__gamma_mult"": 0.25}",21.253366100000676
76,quantum/QRE-RBF-ref-SVM,quantum,1,0.3333333333333333,0.4,"{""clf__C"": 1.0, ""clf__gamma_mult"": 1.0}",21.253366100000676
76,quantum/QRE-RBF-ref-SVM,quantum,2,0.7777777777777778,0.9,"{""clf__C"": 10.0, ""clf__gamma_mult"": 4.0}",21.253366100000676
76,quantum/QRE-RBF-ref-SVM,quantum,3,0.6666666666666666,0.85,"{""clf__C"": 10.0, ""clf__gamma_mult"": 0.25}",21.253366100000676
76,quantum/QRE-RBF-ref-SVM,quantum,4,0.4444444444444444,0.35,"{""clf__C"": 10.0, ""clf__gamma_mult"": 0.25}",21.253366100000676
76,quantum/QRE-RBF-ref-SVM,quantum,5,0.5555555555555556,0.65,"{""clf__C"": 10.0, ""clf__gamma_mult"": 0.25}",21.253366100000676
76,quantum/QRE-RBF-ref-SVM,quantum,6,0.3333333333333333,0.5,"{""clf__C"": 10.0, ""clf__gamma_mult"": 4.0}",21.253366100000676
76,quantum/QRE-RBF-ref-SVM,quantum,7,0.8888888888888888,0.9500000000000001,"{""clf__C"": 10.0, ""clf__gamma_mult"": 1.0}",21.253366100000676
76,quantum/QRE-RBF-ref-SVM,quantum,8,0.5555555555555556,0.30000000000000004,"{""clf__C"": 1.0, ""clf__gamma_mult"": 1.0}",21.253366100000676
76,quantum/QRE-RBF-ref-SVM,quantum,9,0.5555555555555556,0.55,"{""clf__C"": 1.0, ""clf__gamma_mult"": 4.0}",21.253366100000676
76,quantum/QRE-RBF-ref-SVM,quantum,10,0.4444444444444444,0.25,"{""clf__C"": 1.0, ""clf__gamma_mult"": 0.25}",21.253366100000676
76,quantum/QRE-RBF-ref-SVM,quantum,11,0.3333333333333333,0.5,"{""clf__C"": 1.0, ""clf__gamma_mult"": 4.0}",21.253366100000676
76,quantum/QRE-RBF-ref-SVM,quantum,12,0.7777777777777778,0.9500000000000001,"{""clf__C"": 10.0, ""clf__gamma_mult"": 0.25}",21.253366100000676
76,quantum/QRE-RBF-ref-SVM,quantum,13,0.6666666666666666,1.0,"{""clf__C"": 10.0, ""clf__gamma_mult"": 0.25}",21.253366100000676
76,quantum/QRE-RBF-ref-SVM,quantum,14,0.4444444444444444,0.35,"{""clf__C"": 10.0, ""clf__gamma_mult"": 0.25}",21.253366100000676
76,quantum/IQP-kernel-SVM,quantum,0,0.5555555555555556,0.65,"{""clf__C"": 1.0, ""clf__scale"": 2.0}",25.814666600000237
76,quantum/IQP-kernel-SVM,quantum,1,0.5555555555555556,0.7,"{""clf__C"": 1.0, ""clf__scale"": 2.0}",25.814666600000237
76,quantum/IQP-kernel-SVM,quantum,2,0.4444444444444444,1.0,"{""clf__C"": 1.0, ""clf__scale"": 1.0}",25.814666600000237
76,quantum/IQP-kernel-SVM,quantum,3,0.6666666666666666,0.7,"{""clf__C"": 1.0, ""clf__scale"": 0.5}",25.814666600000237
76,quantum/IQP-kernel-SVM,quantum,4,0.7777777777777778,0.75,"{""clf__C"": 1.0, ""clf__scale"": 2.0}",25.814666600000237
76,quantum/IQP-kernel-SVM,quantum,5,0.2222222222222222,0.5,"{""clf__C"": 10.0, ""clf__scale"": 1.0}",25.814666600000237
76,quantum/IQP-kernel-SVM,quantum,6,0.5555555555555556,0.75,"{""clf__C"": 10.0, ""clf__scale"": 2.0}",25.814666600000237
76,quantum/IQP-kernel-SVM,quantum,7,0.6666666666666666,0.44999999999999996,"{""clf__C"": 10.0, ""clf__scale"": 1.0}",25.814666600000237
76,quantum/IQP-kernel-SVM,quantum,8,0.2222222222222222,0.3,"{""clf__C"": 1.0, ""clf__scale"": 1.0}",25.814666600000237
76,quantum/IQP-kernel-SVM,quantum,9,0.5555555555555556,0.55,"{""clf__C"": 10.0, ""clf__scale"": 2.0}",25.814666600000237
76,quantum/IQP-kernel-SVM,quantum,10,0.4444444444444444,0.4,"{""clf__C"": 0.1, ""clf__scale"": 0.5}",25.814666600000237
76,quantum/IQP-kernel-SVM,quantum,11,0.3333333333333333,0.5,"{""clf__C"": 10.0, ""clf__scale"": 2.0}",25.814666600000237
76,quantum/IQP-kernel-SVM,quantum,12,0.6666666666666666,0.75,"{""clf__C"": 10.0, ""clf__scale"": 1.0}",25.814666600000237
76,quantum/IQP-kernel-SVM,quantum,13,0.6666666666666666,0.45,"{""clf__C"": 10.0, ""clf__scale"": 2.0}",25.814666600000237
76,quantum/IQP-kernel-SVM,quantum,14,0.3333333333333333,0.4,"{""clf__C"": 1.0, ""clf__scale"": 1.0}",25.814666600000237
76,quantum/CNOT-kernel-SVM,quantum,0,0.4444444444444444,0.5,"{""clf__C"": 0.1, ""clf__scale"": 0.5}",23.421920800000407
76,quantum/CNOT-kernel-SVM,quantum,1,0.3333333333333333,0.4,"{""clf__C"": 1.0, ""clf__scale"": 0.5}",23.421920800000407
76,quantum/CNOT-kernel-SVM,quantum,2,0.7777777777777778,0.85,"{""clf__C"": 0.1, ""clf__scale"": 0.5}",23.421920800000407
76,quantum/CNOT-kernel-SVM,quantum,3,0.7777777777777778,0.5,"{""clf__C"": 10.0, ""clf__scale"": 2.0}",23.421920800000407
76,quantum/CNOT-kernel-SVM,quantum,4,0.6666666666666666,0.8,"{""clf__C"": 1.0, ""clf__scale"": 2.0}",23.421920800000407
76,quantum/CNOT-kernel-SVM,quantum,5,0.2222222222222222,0.3,"{""clf__C"": 10.0, ""clf__scale"": 1.0}",23.421920800000407
76,quantum/CNOT-kernel-SVM,quantum,6,0.6666666666666666,0.7500000000000001,"{""clf__C"": 1.0, ""clf__scale"": 2.0}",23.421920800000407
76,quantum/CNOT-kernel-SVM,quantum,7,0.5555555555555556,0.4,"{""clf__C"": 1.0, ""clf__scale"": 2.0}",23.421920800000407
76,quantum/CNOT-kernel-SVM,quantum,8,0.5555555555555556,0.6,"{""clf__C"": 1.0, ""clf__scale"": 2.0}",23.421920800000407
76,quantum/CNOT-kernel-SVM,quantum,9,0.6666666666666666,0.8,"{""clf__C"": 1.0, ""clf__scale"": 2.0}",23.421920800000407
76,quantum/CNOT-kernel-SVM,quantum,10,0.3333333333333333,0.6000000000000001,"{""clf__C"": 10.0, ""clf__scale"": 1.0}",23.421920800000407
76,quantum/CNOT-kernel-SVM,quantum,11,0.5555555555555556,0.35,"{""clf__C"": 1.0, ""clf__scale"": 2.0}",23.421920800000407
76,quantum/CNOT-kernel-SVM,quantum,12,0.3333333333333333,0.5,"{""clf__C"": 0.1, ""clf__scale"": 0.5}",23.421920800000407
76,quantum/CNOT-kernel-SVM,quantum,13,0.4444444444444444,0.5499999999999999,"{""clf__C"": 1.0, ""clf__scale"": 2.0}",23.421920800000407
76,quantum/CNOT-kernel-SVM,quantum,14,0.5555555555555556,0.39999999999999997,"{""clf__C"": 1.0, ""clf__scale"": 2.0}",23.421920800000407
76,control/IQP-no-entangle,control,0,0.4444444444444444,0.55,"{""clf__C"": 0.1, ""clf__scale"": 0.5}",21.99273330000051
76,control/IQP-no-entangle,control,1,0.2222222222222222,0.30000000000000004,"{""clf__C"": 1.0, ""clf__scale"": 0.5}",21.99273330000051
76,control/IQP-no-entangle,control,2,0.7777777777777778,0.8,"{""clf__C"": 0.1, ""clf__scale"": 0.5}",21.99273330000051
76,control/IQP-no-entangle,control,3,0.5555555555555556,0.75,"{""clf__C"": 10.0, ""clf__scale"": 0.5}",21.99273330000051
76,control/IQP-no-entangle,control,4,0.4444444444444444,0.6000000000000001,"{""clf__C"": 1.0, ""clf__scale"": 2.0}",21.99273330000051
76,control/IQP-no-entangle,control,5,0.5555555555555556,0.9,"{""clf__C"": 1.0, ""clf__scale"": 2.0}",21.99273330000051
76,control/IQP-no-entangle,control,6,0.5555555555555556,0.75,"{""clf__C"": 1.0, ""clf__scale"": 2.0}",21.99273330000051
76,control/IQP-no-entangle,control,7,0.5555555555555556,0.6,"{""clf__C"": 10.0, ""clf__scale"": 2.0}",21.99273330000051
76,control/IQP-no-entangle,control,8,0.0,0.0,"{""clf__C"": 1.0, ""clf__scale"": 0.5}",21.99273330000051
76,control/IQP-no-entangle,control,9,0.6666666666666666,0.6499999999999999,"{""clf__C"": 10.0, ""clf__scale"": 2.0}",21.99273330000051
76,control/IQP-no-entangle,control,10,0.5555555555555556,0.65,"{""clf__C"": 10.0, ""clf__scale"": 2.0}",21.99273330000051
76,control/IQP-no-entangle,control,11,0.5555555555555556,0.55,"{""clf__C"": 10.0, ""clf__scale"": 0.5}",21.99273330000051
76,control/IQP-no-entangle,control,12,0.3333333333333333,0.45,"{""clf__C"": 0.1, ""clf__scale"": 0.5}",21.99273330000051
76,control/IQP-no-entangle,control,13,0.4444444444444444,0.5,"{""clf__C"": 1.0, ""clf__scale"": 2.0}",21.99273330000051
76,control/IQP-no-entangle,control,14,0.6666666666666666,0.5,"{""clf__C"": 1.0, ""clf__scale"": 2.0}",21.99273330000051
76,control/PCA-matched-RBF,control,0,0.4444444444444444,0.45,"{""clf__C"": 0.1, ""clf__gamma"": ""scale""}",18.524732899999435
76,control/PCA-matched-RBF,control,1,0.2222222222222222,0.30000000000000004,"{""clf__C"": 10.0, ""clf__gamma"": 0.01}",18.524732899999435
76,control/PCA-matched-RBF,control,2,0.8888888888888888,0.9500000000000001,"{""clf__C"": 0.1, ""clf__gamma"": ""scale""}",18.524732899999435
76,control/PCA-matched-RBF,control,3,0.4444444444444444,0.65,"{""clf__C"": 10.0, ""clf__gamma"": ""scale""}",18.524732899999435
76,control/PCA-matched-RBF,control,4,0.4444444444444444,0.6500000000000001,"{""clf__C"": 10.0, ""clf__gamma"": ""scale""}",18.524732899999435
76,control/PCA-matched-RBF,control,5,0.2222222222222222,0.5,"{""clf__C"": 10.0, ""clf__gamma"": ""scale""}",18.524732899999435
76,control/PCA-matched-RBF,control,6,0.4444444444444444,0.4,"{""clf__C"": 10.0, ""clf__gamma"": ""scale""}",18.524732899999435
76,control/PCA-matched-RBF,control,7,0.6666666666666666,0.75,"{""clf__C"": 0.1, ""clf__gamma"": ""scale""}",18.524732899999435
76,control/PCA-matched-RBF,control,8,0.0,0.0,"{""clf__C"": 1.0, ""clf__gamma"": 0.1}",18.524732899999435
76,control/PCA-matched-RBF,control,9,0.5555555555555556,0.9,"{""clf__C"": 0.1, ""clf__gamma"": ""scale""}",18.524732899999435
76,control/PCA-matched-RBF,control,10,0.4444444444444444,0.5,"{""clf__C"": 0.1, ""clf__gamma"": ""scale""}",18.524732899999435
76,control/PCA-matched-RBF,control,11,0.5555555555555556,0.5,"{""clf__C"": 10.0, ""clf__gamma"": 0.1}",18.524732899999435
76,control/PCA-matched-RBF,control,12,0.3333333333333333,0.5,"{""clf__C"": 0.1, ""clf__gamma"": ""scale""}",18.524732899999435
76,control/PCA-matched-RBF,control,13,0.5555555555555556,0.49999999999999994,"{""clf__C"": 0.1, ""clf__gamma"": ""scale""}",18.524732899999435
76,control/PCA-matched-RBF,control,14,0.2222222222222222,0.35,"{""clf__C"": 10.0, ""clf__gamma"": ""scale""}",18.524732899999435
76,control/PCA-matched-linear,control,0,0.6666666666666666,0.55,"{""clf__C"": 10.0}",6.666719899999407
76,control/PCA-matched-linear,control,1,0.3333333333333333,0.25,"{""clf__C"": 1.0}",6.666719899999407
76,control/PCA-matched-linear,control,2,0.6666666666666666,0.75,"{""clf__C"": 0.1}",6.666719899999407
76,control/PCA-matched-linear,control,3,0.5555555555555556,0.75,"{""clf__C"": 10.0}",6.666719899999407
76,control/PCA-matched-linear,control,4,0.6666666666666666,0.65,"{""clf__C"": 10.0}",6.666719899999407
76,control/PCA-matched-linear,control,5,0.3333333333333333,0.30000000000000004,"{""clf__C"": 0.1}",6.666719899999407
76,control/PCA-matched-linear,control,6,0.4444444444444444,0.49999999999999994,"{""clf__C"": 1.0}",6.666719899999407
76,control/PCA-matched-linear,control,7,0.6666666666666666,0.75,"{""clf__C"": 10.0}",6.666719899999407
76,control/PCA-matched-linear,control,8,0.3333333333333333,0.09999999999999998,"{""clf__C"": 10.0}",6.666719899999407
76,control/PCA-matched-linear,control,9,0.6666666666666666,0.9,"{""clf__C"": 10.0}",6.666719899999407
76,control/PCA-matched-linear,control,10,0.3333333333333333,0.15,"{""clf__C"": 0.1}",6.666719899999407
76,control/PCA-matched-linear,control,11,0.2222222222222222,0.35,"{""clf__C"": 0.1}",6.666719899999407
76,control/PCA-matched-linear,control,12,0.3333333333333333,0.3,"{""clf__C"": 1.0}",6.666719899999407
76,control/PCA-matched-linear,control,13,0.5555555555555556,0.5499999999999999,"{""clf__C"": 1.0}",6.666719899999407
76,control/PCA-matched-linear,control,14,0.4444444444444444,0.45000000000000007,"{""clf__C"": 1.0}",6.666719899999407
76,control/logeuclid-TS+LR,control,0,0.4444444444444444,0.65,"{""clf__C"": 10.0}",5.104584600000635
76,control/logeuclid-TS+LR,control,1,0.5555555555555556,0.7,"{""clf__C"": 10.0}",5.104584600000635
76,control/logeuclid-TS+LR,control,2,0.6666666666666666,0.8,"{""clf__C"": 1.0}",5.104584600000635
76,control/logeuclid-TS+LR,control,3,0.6666666666666666,0.65,"{""clf__C"": 0.1}",5.104584600000635
76,control/logeuclid-TS+LR,control,4,0.6666666666666666,0.55,"{""clf__C"": 10.0}",5.104584600000635
76,control/logeuclid-TS+LR,control,5,0.3333333333333333,0.30000000000000004,"{""clf__C"": 10.0}",5.104584600000635
76,control/logeuclid-TS+LR,control,6,0.5555555555555556,0.55,"{""clf__C"": 1.0}",5.104584600000635
76,control/logeuclid-TS+LR,control,7,0.7777777777777778,0.8,"{""clf__C"": 10.0}",5.104584600000635
76,control/logeuclid-TS+LR,control,8,0.2222222222222222,0.3,"{""clf__C"": 1.0}",5.104584600000635
76,control/logeuclid-TS+LR,control,9,0.8888888888888888,1.0,"{""clf__C"": 0.1}",5.104584600000635
76,control/logeuclid-TS+LR,control,10,0.8888888888888888,0.8,"{""clf__C"": 1.0}",5.104584600000635
76,control/logeuclid-TS+LR,control,11,0.2222222222222222,0.30000000000000004,"{""clf__C"": 1.0}",5.104584600000635
76,control/logeuclid-TS+LR,control,12,0.6666666666666666,0.8500000000000001,"{""clf__C"": 1.0}",5.104584600000635
76,control/logeuclid-TS+LR,control,13,0.4444444444444444,0.5,"{""clf__C"": 0.1}",5.104584600000635
76,control/logeuclid-TS+LR,control,14,0.3333333333333333,0.45000000000000007,"{""clf__C"": 10.0}",5.104584600000635
76,control/riemann-kernel-SVM,control,0,0.7777777777777778,0.75,"{""clf__C"": 10.0}",6.655759299999772
76,control/riemann-kernel-SVM,control,1,0.7777777777777778,0.7000000000000001,"{""clf__C"": 1.0}",6.655759299999772
76,control/riemann-kernel-SVM,control,2,0.7777777777777778,0.9,"{""clf__C"": 10.0}",6.655759299999772
76,control/riemann-kernel-SVM,control,3,0.6666666666666666,0.8,"{""clf__C"": 10.0}",6.655759299999772
76,control/riemann-kernel-SVM,control,4,0.4444444444444444,0.45,"{""clf__C"": 1.0}",6.655759299999772
76,control/riemann-kernel-SVM,control,5,0.4444444444444444,0.55,"{""clf__C"": 1.0}",6.655759299999772
76,control/riemann-kernel-SVM,control,6,0.4444444444444444,0.39999999999999997,"{""clf__C"": 1.0}",6.655759299999772
76,control/riemann-kernel-SVM,control,7,1.0,1.0,"{""clf__C"": 10.0}",6.655759299999772
76,control/riemann-kernel-SVM,control,8,0.3333333333333333,0.3,"{""clf__C"": 1.0}",6.655759299999772
76,control/riemann-kernel-SVM,control,9,0.7777777777777778,0.85,"{""clf__C"": 1.0}",6.655759299999772
76,control/riemann-kernel-SVM,control,10,0.7777777777777778,0.8,"{""clf__C"": 10.0}",6.655759299999772
76,control/riemann-kernel-SVM,control,11,0.3333333333333333,0.5,"{""clf__C"": 1.0}",6.655759299999772
76,control/riemann-kernel-SVM,control,12,0.4444444444444444,0.5,"{""clf__C"": 1.0}",6.655759299999772
76,control/riemann-kernel-SVM,control,13,0.7777777777777778,0.9500000000000001,"{""clf__C"": 1.0}",6.655759299999772
76,control/riemann-kernel-SVM,control,14,0.3333333333333333,0.4,"{""clf__C"": 10.0}",6.655759299999772
76,control/logeuclid-kernel-SVM,control,0,0.7777777777777778,0.7,"{""clf__C"": 10.0}",6.504932299999382
76,control/logeuclid-kernel-SVM,control,1,0.6666666666666666,0.6000000000000001,"{""clf__C"": 1.0}",6.504932299999382
76,control/logeuclid-kernel-SVM,control,2,0.6666666666666666,0.9,"{""clf__C"": 10.0}",6.504932299999382
76,control/logeuclid-kernel-SVM,control,3,0.8888888888888888,0.9,"{""clf__C"": 1.0}",6.504932299999382
76,control/logeuclid-kernel-SVM,control,4,0.3333333333333333,0.55,"{""clf__C"": 1.0}",6.504932299999382
76,control/logeuclid-kernel-SVM,control,5,0.4444444444444444,0.45,"{""clf__C"": 10.0}",6.504932299999382
76,control/logeuclid-kernel-SVM,control,6,0.3333333333333333,0.35,"{""clf__C"": 10.0}",6.504932299999382
76,control/logeuclid-kernel-SVM,control,7,1.0,1.0,"{""clf__C"": 10.0}",6.504932299999382
76,control/logeuclid-kernel-SVM,control,8,0.4444444444444444,0.25,"{""clf__C"": 1.0}",6.504932299999382
76,control/logeuclid-kernel-SVM,control,9,0.8888888888888888,0.9500000000000001,"{""clf__C"": 1.0}",6.504932299999382
76,control/logeuclid-kernel-SVM,control,10,0.7777777777777778,0.85,"{""clf__C"": 10.0}",6.504932299999382
76,control/logeuclid-kernel-SVM,control,11,0.5555555555555556,0.5,"{""clf__C"": 1.0}",6.504932299999382
76,control/logeuclid-kernel-SVM,control,12,0.4444444444444444,0.35,"{""clf__C"": 1.0}",6.504932299999382
76,control/logeuclid-kernel-SVM,control,13,0.5555555555555556,0.9500000000000001,"{""clf__C"": 1.0}",6.504932299999382
76,control/logeuclid-kernel-SVM,control,14,0.3333333333333333,0.5,"{""clf__C"": 10.0}",6.504932299999382
77,classical/logvar+LDA,classical,0,0.4444444444444444,0.4,{},0.10786300000017945
77,classical/logvar+LDA,classical,1,0.5555555555555556,0.5,{},0.10786300000017945
77,classical/logvar+LDA,classical,2,0.4444444444444444,0.25,{},0.10786300000017945
77,classical/logvar+LDA,classical,3,0.2222222222222222,0.05,{},0.10786300000017945
77,classical/logvar+LDA,classical,4,0.5555555555555556,0.30000000000000004,{},0.10786300000017945
77,classical/logvar+LDA,classical,5,0.4444444444444444,0.45,{},0.10786300000017945
77,classical/logvar+LDA,classical,6,0.3333333333333333,0.25,{},0.10786300000017945
77,classical/logvar+LDA,classical,7,0.6666666666666666,0.55,{},0.10786300000017945
77,classical/logvar+LDA,classical,8,0.4444444444444444,0.2,{},0.10786300000017945
77,classical/logvar+LDA,classical,9,0.6666666666666666,0.8,{},0.10786300000017945
77,classical/logvar+LDA,classical,10,0.5555555555555556,0.4,{},0.10786300000017945
77,classical/logvar+LDA,classical,11,0.7777777777777778,0.6,{},0.10786300000017945
77,classical/logvar+LDA,classical,12,0.5555555555555556,0.7500000000000001,{},0.10786300000017945
77,classical/logvar+LDA,classical,13,0.3333333333333333,0.25,{},0.10786300000017945
77,classical/logvar+LDA,classical,14,0.3333333333333333,0.39999999999999997,{},0.10786300000017945
77,classical/CSP+LDA,classical,0,0.3333333333333333,0.30000000000000004,"{""csp__nfilter"": 2}",4.212296300000162
77,classical/CSP+LDA,classical,1,0.2222222222222222,0.2,"{""csp__nfilter"": 2}",4.212296300000162
77,classical/CSP+LDA,classical,2,0.2222222222222222,0.3,"{""csp__nfilter"": 4}",4.212296300000162
77,classical/CSP+LDA,classical,3,0.3333333333333333,0.39999999999999997,"{""csp__nfilter"": 6}",4.212296300000162
77,classical/CSP+LDA,classical,4,0.3333333333333333,0.35,"{""csp__nfilter"": 6}",4.212296300000162
77,classical/CSP+LDA,classical,5,0.5555555555555556,0.4,"{""csp__nfilter"": 6}",4.212296300000162
77,classical/CSP+LDA,classical,6,0.6666666666666666,0.45,"{""csp__nfilter"": 6}",4.212296300000162
77,classical/CSP+LDA,classical,7,0.6666666666666666,0.65,"{""csp__nfilter"": 2}",4.212296300000162
77,classical/CSP+LDA,classical,8,0.4444444444444444,0.30000000000000004,"{""csp__nfilter"": 6}",4.212296300000162
77,classical/CSP+LDA,classical,9,0.5555555555555556,0.75,"{""csp__nfilter"": 6}",4.212296300000162
77,classical/CSP+LDA,classical,10,0.5555555555555556,0.4,"{""csp__nfilter"": 6}",4.212296300000162
77,classical/CSP+LDA,classical,11,0.5555555555555556,0.45,"{""csp__nfilter"": 6}",4.212296300000162
77,classical/CSP+LDA,classical,12,0.3333333333333333,0.35,"{""csp__nfilter"": 4}",4.212296300000162
77,classical/CSP+LDA,classical,13,0.3333333333333333,0.30000000000000004,"{""csp__nfilter"": 6}",4.212296300000162
77,classical/CSP+LDA,classical,14,0.4444444444444444,0.39999999999999997,"{""csp__nfilter"": 6}",4.212296300000162
77,classical/MDM,classical,0,0.4444444444444444,0.35,{},0.6448406999998042
77,classical/MDM,classical,1,0.2222222222222222,0.15,{},0.6448406999998042
77,classical/MDM,classical,2,0.2222222222222222,0.25,{},0.6448406999998042
77,classical/MDM,classical,3,0.2222222222222222,0.2,{},0.6448406999998042
77,classical/MDM,classical,4,0.4444444444444444,0.25,{},0.6448406999998042
77,classical/MDM,classical,5,0.4444444444444444,0.25,{},0.6448406999998042
77,classical/MDM,classical,6,0.4444444444444444,0.44999999999999996,{},0.6448406999998042
77,classical/MDM,classical,7,0.6666666666666666,0.6,{},0.6448406999998042
77,classical/MDM,classical,8,0.4444444444444444,0.35,{},0.6448406999998042
77,classical/MDM,classical,9,0.7777777777777778,0.7,{},0.6448406999998042
77,classical/MDM,classical,10,0.5555555555555556,0.4,{},0.6448406999998042
77,classical/MDM,classical,11,0.3333333333333333,0.30000000000000004,{},0.6448406999998042
77,classical/MDM,classical,12,0.4444444444444444,0.45,{},0.6448406999998042
77,classical/MDM,classical,13,0.2222222222222222,0.25,{},0.6448406999998042
77,classical/MDM,classical,14,0.4444444444444444,0.45,{},0.6448406999998042
77,classical/TS+LR,classical,0,0.2222222222222222,0.2,"{""clf__C"": 0.1}",6.366952399999718
77,classical/TS+LR,classical,1,0.6666666666666666,0.4,"{""clf__C"": 1.0}",6.366952399999718
77,classical/TS+LR,classical,2,0.5555555555555556,0.7,"{""clf__C"": 0.1}",6.366952399999718
77,classical/TS+LR,classical,3,0.4444444444444444,0.4,"{""clf__C"": 0.1}",6.366952399999718
77,classical/TS+LR,classical,4,0.3333333333333333,0.45,"{""clf__C"": 0.1}",6.366952399999718
77,classical/TS+LR,classical,5,0.4444444444444444,0.25,"{""clf__C"": 0.1}",6.366952399999718
77,classical/TS+LR,classical,6,0.5555555555555556,0.6000000000000001,"{""clf__C"": 0.1}",6.366952399999718
77,classical/TS+LR,classical,7,0.5555555555555556,0.7,"{""clf__C"": 1.0}",6.366952399999718
77,classical/TS+LR,classical,8,0.5555555555555556,0.4,"{""clf__C"": 0.1}",6.366952399999718
77,classical/TS+LR,classical,9,0.7777777777777778,0.85,"{""clf__C"": 0.1}",6.366952399999718
77,classical/TS+LR,classical,10,0.3333333333333333,0.4,"{""clf__C"": 0.1}",6.366952399999718
77,classical/TS+LR,classical,11,0.3333333333333333,0.35,"{""clf__C"": 0.1}",6.366952399999718
77,classical/TS+LR,classical,12,0.6666666666666666,0.65,"{""clf__C"": 10.0}",6.366952399999718
77,classical/TS+LR,classical,13,0.3333333333333333,0.1,"{""clf__C"": 0.1}",6.366952399999718
77,classical/TS+LR,classical,14,0.4444444444444444,0.5,"{""clf__C"": 0.1}",6.366952399999718
77,classical/TS+RBF-SVM,classical,0,0.2222222222222222,0.2,"{""clf__C"": 10.0, ""clf__gamma"": ""scale""}",17.408748200000446
77,classical/TS+RBF-SVM,classical,1,0.5555555555555556,0.45,"{""clf__C"": 0.1, ""clf__gamma"": ""scale""}",17.408748200000446
77,classical/TS+RBF-SVM,classical,2,0.5555555555555556,0.35000000000000003,"{""clf__C"": 0.1, ""clf__gamma"": ""scale""}",17.408748200000446
77,classical/TS+RBF-SVM,classical,3,0.5555555555555556,0.6,"{""clf__C"": 0.1, ""clf__gamma"": ""scale""}",17.408748200000446
77,classical/TS+RBF-SVM,classical,4,0.4444444444444444,0.3,"{""clf__C"": 0.1, ""clf__gamma"": ""scale""}",17.408748200000446
77,classical/TS+RBF-SVM,classical,5,0.3333333333333333,0.44999999999999996,"{""clf__C"": 10.0, ""clf__gamma"": ""scale""}",17.408748200000446
77,classical/TS+RBF-SVM,classical,6,0.4444444444444444,0.6,"{""clf__C"": 1.0, ""clf__gamma"": 0.01}",17.408748200000446
77,classical/TS+RBF-SVM,classical,7,0.5555555555555556,0.6000000000000001,"{""clf__C"": 0.1, ""clf__gamma"": ""scale""}",17.408748200000446
77,classical/TS+RBF-SVM,classical,8,0.4444444444444444,0.45,"{""clf__C"": 10.0, ""clf__gamma"": ""scale""}",17.408748200000446
77,classical/TS+RBF-SVM,classical,9,0.4444444444444444,0.75,"{""clf__C"": 0.1, ""clf__gamma"": ""scale""}",17.408748200000446
77,classical/TS+RBF-SVM,classical,10,0.5555555555555556,0.4,"{""clf__C"": 10.0, ""clf__gamma"": ""scale""}",17.408748200000446
77,classical/TS+RBF-SVM,classical,11,0.2222222222222222,0.2,"{""clf__C"": 10.0, ""clf__gamma"": 0.01}",17.408748200000446
77,classical/TS+RBF-SVM,classical,12,0.5555555555555556,0.65,"{""clf__C"": 0.1, ""clf__gamma"": ""scale""}",17.408748200000446
77,classical/TS+RBF-SVM,classical,13,0.5555555555555556,0.05,"{""clf__C"": 0.1, ""clf__gamma"": ""scale""}",17.408748200000446
77,classical/TS+RBF-SVM,classical,14,0.4444444444444444,0.6000000000000001,"{""clf__C"": 0.1, ""clf__gamma"": ""scale""}",17.408748200000446
77,quantum/HS-overlap-SVM,quantum,0,0.5555555555555556,0.45,"{""clf__C"": 0.1}",4.368290599999455
77,quantum/HS-overlap-SVM,quantum,1,0.5555555555555556,0.6500000000000001,"{""clf__C"": 0.1}",4.368290599999455
77,quantum/HS-overlap-SVM,quantum,2,0.5555555555555556,0.5,"{""clf__C"": 0.1}",4.368290599999455
77,quantum/HS-overlap-SVM,quantum,3,0.5555555555555556,0.25,"{""clf__C"": 0.1}",4.368290599999455
77,quantum/HS-overlap-SVM,quantum,4,0.4444444444444444,0.39999999999999997,"{""clf__C"": 0.1}",4.368290599999455
77,quantum/HS-overlap-SVM,quantum,5,0.5555555555555556,0.5499999999999999,"{""clf__C"": 0.1}",4.368290599999455
77,quantum/HS-overlap-SVM,quantum,6,0.5555555555555556,0.4,"{""clf__C"": 0.1}",4.368290599999455
77,quantum/HS-overlap-SVM,quantum,7,0.5555555555555556,0.75,"{""clf__C"": 0.1}",4.368290599999455
77,quantum/HS-overlap-SVM,quantum,8,0.5555555555555556,0.5,"{""clf__C"": 0.1}",4.368290599999455
77,quantum/HS-overlap-SVM,quantum,9,0.4444444444444444,0.8,"{""clf__C"": 0.1}",4.368290599999455
77,quantum/HS-overlap-SVM,quantum,10,0.5555555555555556,0.5,"{""clf__C"": 0.1}",4.368290599999455
77,quantum/HS-overlap-SVM,quantum,11,0.5555555555555556,0.8,"{""clf__C"": 0.1}",4.368290599999455
77,quantum/HS-overlap-SVM,quantum,12,0.5555555555555556,0.6500000000000001,"{""clf__C"": 0.1}",4.368290599999455
77,quantum/HS-overlap-SVM,quantum,13,0.5555555555555556,0.5,"{""clf__C"": 0.1}",4.368290599999455
77,quantum/HS-overlap-SVM,quantum,14,0.4444444444444444,0.39999999999999997,"{""clf__C"": 0.1}",4.368290599999455
77,quantum/Fidelity-SVM,quantum,0,0.5555555555555556,0.5,"{""clf__C"": 0.1}",7.463351999999759
77,quantum/Fidelity-SVM,quantum,1,0.5555555555555556,0.5,"{""clf__C"": 0.1}",7.463351999999759
77,quantum/Fidelity-SVM,quantum,2,0.5555555555555556,0.5,"{""clf__C"": 0.1}",7.463351999999759
77,quantum/Fidelity-SVM,quantum,3,0.5555555555555556,0.1,"{""clf__C"": 0.1}",7.463351999999759
77,quantum/Fidelity-SVM,quantum,4,0.4444444444444444,0.4,"{""clf__C"": 0.1}",7.463351999999759
77,quantum/Fidelity-SVM,quantum,5,0.5555555555555556,0.6,"{""clf__C"": 0.1}",7.463351999999759
77,quantum/Fidelity-SVM,quantum,6,0.5555555555555556,0.5,"{""clf__C"": 0.1}",7.463351999999759
77,quantum/Fidelity-SVM,quantum,7,0.5555555555555556,0.6,"{""clf__C"": 0.1}",7.463351999999759
77,quantum/Fidelity-SVM,quantum,8,0.5555555555555556,0.3,"{""clf__C"": 0.1}",7.463351999999759
77,quantum/Fidelity-SVM,quantum,9,0.4444444444444444,0.7000000000000001,"{""clf__C"": 0.1}",7.463351999999759
77,quantum/Fidelity-SVM,quantum,10,0.5555555555555556,0.45,"{""clf__C"": 0.1}",7.463351999999759
77,quantum/Fidelity-SVM,quantum,11,0.5555555555555556,0.4,"{""clf__C"": 0.1}",7.463351999999759
77,quantum/Fidelity-SVM,quantum,12,0.5555555555555556,0.55,"{""clf__C"": 0.1}",7.463351999999759
77,quantum/Fidelity-SVM,quantum,13,0.5555555555555556,0.45,"{""clf__C"": 0.1}",7.463351999999759
77,quantum/Fidelity-SVM,quantum,14,0.4444444444444444,0.39999999999999997,"{""clf__C"": 0.1}",7.463351999999759
77,quantum/HS-RBF-SVM,quantum,0,0.4444444444444444,0.45,"{""clf__C"": 1.0, ""clf__gamma_mult"": 1.0}",12.352023499999632
77,quantum/HS-RBF-SVM,quantum,1,0.6666666666666666,0.7,"{""clf__C"": 10.0, ""clf__gamma_mult"": 0.25}",12.352023499999632
77,quantum/HS-RBF-SVM,quantum,2,0.4444444444444444,0.45,"{""clf__C"": 10.0, ""clf__gamma_mult"": 0.25}",12.352023499999632
77,quantum/HS-RBF-SVM,quantum,3,0.6666666666666666,0.45,"{""clf__C"": 1.0, ""clf__gamma_mult"": 4.0}",12.352023499999632
77,quantum/HS-RBF-SVM,quantum,4,0.3333333333333333,0.4,"{""clf__C"": 1.0, ""clf__gamma_mult"": 1.0}",12.352023499999632
77,quantum/HS-RBF-SVM,quantum,5,0.3333333333333333,0.45,"{""clf__C"": 1.0, ""clf__gamma_mult"": 1.0}",12.352023499999632
77,quantum/HS-RBF-SVM,quantum,6,0.4444444444444444,0.4,"{""clf__C"": 1.0, ""clf__gamma_mult"": 1.0}",12.352023499999632
77,quantum/HS-RBF-SVM,quantum,7,0.6666666666666666,0.6000000000000001,"{""clf__C"": 1.0, ""clf__gamma_mult"": 4.0}",12.352023499999632
77,quantum/HS-RBF-SVM,quantum,8,0.5555555555555556,0.25,"{""clf__C"": 10.0, ""clf__gamma_mult"": 0.25}",12.352023499999632
77,quantum/HS-RBF-SVM,quantum,9,0.4444444444444444,0.8,"{""clf__C"": 0.1, ""clf__gamma_mult"": 0.25}",12.352023499999632
77,quantum/HS-RBF-SVM,quantum,10,0.4444444444444444,0.45,"{""clf__C"": 1.0, ""clf__gamma_mult"": 1.0}",12.352023499999632
77,quantum/HS-RBF-SVM,quantum,11,0.5555555555555556,0.65,"{""clf__C"": 10.0, ""clf__gamma_mult"": 4.0}",12.352023499999632
77,quantum/HS-RBF-SVM,quantum,12,0.6666666666666666,0.65,"{""clf__C"": 1.0, ""clf__gamma_mult"": 1.0}",12.352023499999632
77,quantum/HS-RBF-SVM,quantum,13,0.3333333333333333,0.25,"{""clf__C"": 10.0, ""clf__gamma_mult"": 0.25}",12.352023499999632
77,quantum/HS-RBF-SVM,quantum,14,0.3333333333333333,0.45000000000000007,"{""clf__C"": 1.0, ""clf__gamma_mult"": 4.0}",12.352023499999632
77,quantum/Bures-RBF-SVM,quantum,0,0.2222222222222222,0.35,"{""clf__C"": 10.0, ""clf__gamma_mult"": 0.25}",19.916976800000157
77,quantum/Bures-RBF-SVM,quantum,1,0.3333333333333333,0.4,"{""clf__C"": 10.0, ""clf__gamma_mult"": 4.0}",19.916976800000157
77,quantum/Bures-RBF-SVM,quantum,2,0.5555555555555556,0.45,"{""clf__C"": 10.0, ""clf__gamma_mult"": 0.25}",19.916976800000157
77,quantum/Bures-RBF-SVM,quantum,3,0.3333333333333333,0.25,"{""clf__C"": 10.0, ""clf__gamma_mult"": 4.0}",19.916976800000157
77,quantum/Bures-RBF-SVM,quantum,4,0.4444444444444444,0.4,"{""clf__C"": 1.0, ""clf__gamma_mult"": 1.0}",19.916976800000157
77,quantum/Bures-RBF-SVM,quantum,5,0.3333333333333333,0.30000000000000004,"{""clf__C"": 10.0, ""clf__gamma_mult"": 4.0}",19.916976800000157
77,quantum/Bures-RBF-SVM,quantum,6,0.5555555555555556,0.55,"{""clf__C"": 1.0, ""clf__gamma_mult"": 1.0}",19.916976800000157
77,quantum/Bures-RBF-SVM,quantum,7,0.5555555555555556,0.6,"{""clf__C"": 0.1, ""clf__gamma_mult"": 0.25}",19.916976800000157
77,quantum/Bures-RBF-SVM,quantum,8,0.5555555555555556,0.2,"{""clf__C"": 10.0, ""clf__gamma_mult"": 0.25}",19.916976800000157
77,quantum/Bures-RBF-SVM,quantum,9,0.4444444444444444,0.7000000000000001,"{""clf__C"": 0.1, ""clf__gamma_mult"": 0.25}",19.916976800000157
77,quantum/Bures-RBF-SVM,quantum,10,0.4444444444444444,0.45,"{""clf__C"": 1.0, ""clf__gamma_mult"": 4.0}",19.916976800000157
77,quantum/Bures-RBF-SVM,quantum,11,0.2222222222222222,0.30000000000000004,"{""clf__C"": 10.0, ""clf__gamma_mult"": 1.0}",19.916976800000157
77,quantum/Bures-RBF-SVM,quantum,12,0.5555555555555556,0.5,"{""clf__C"": 1.0, ""clf__gamma_mult"": 1.0}",19.916976800000157
77,quantum/Bures-RBF-SVM,quantum,13,0.6666666666666666,0.5,"{""clf__C"": 10.0, ""clf__gamma_mult"": 4.0}",19.916976800000157
77,quantum/Bures-RBF-SVM,quantum,14,0.4444444444444444,0.45,"{""clf__C"": 1.0, ""clf__gamma_mult"": 4.0}",19.916976800000157
77,quantum/QRE-RBF-SVM,quantum,0,0.2222222222222222,0.3,"{""clf__C"": 10.0, ""clf__gamma_mult"": 0.25}",14.755864599999768
77,quantum/QRE-RBF-SVM,quantum,1,0.4444444444444444,0.4,"{""clf__C"": 10.0, ""clf__gamma_mult"": 0.25}",14.755864599999768
77,quantum/QRE-RBF-SVM,quantum,2,0.5555555555555556,0.5,"{""clf__C"": 10.0, ""clf__gamma_mult"": 0.25}",14.755864599999768
77,quantum/QRE-RBF-SVM,quantum,3,0.2222222222222222,0.15000000000000002,"{""clf__C"": 10.0, ""clf__gamma_mult"": 0.25}",14.755864599999768
77,quantum/QRE-RBF-SVM,quantum,4,0.3333333333333333,0.44999999999999996,"{""clf__C"": 1.0, ""clf__gamma_mult"": 1.0}",14.755864599999768
77,quantum/QRE-RBF-SVM,quantum,5,0.4444444444444444,0.35,"{""clf__C"": 10.0, ""clf__gamma_mult"": 0.25}",14.755864599999768
77,quantum/QRE-RBF-SVM,quantum,6,0.5555555555555556,0.5,"{""clf__C"": 1.0, ""clf__gamma_mult"": 1.0}",14.755864599999768
77,quantum/QRE-RBF-SVM,quantum,7,0.5555555555555556,0.6000000000000001,"{""clf__C"": 1.0, ""clf__gamma_mult"": 4.0}",14.755864599999768
77,quantum/QRE-RBF-SVM,quantum,8,0.4444444444444444,0.45,"{""clf__C"": 10.0, ""clf__gamma_mult"": 1.0}",14.755864599999768
77,quantum/QRE-RBF-SVM,quantum,9,0.4444444444444444,0.75,"{""clf__C"": 0.1, ""clf__gamma_mult"": 0.25}",14.755864599999768
77,quantum/QRE-RBF-SVM,quantum,10,0.4444444444444444,0.45,"{""clf__C"": 1.0, ""clf__gamma_mult"": 4.0}",14.755864599999768
77,quantum/QRE-RBF-SVM,quantum,11,0.3333333333333333,0.35,"{""clf__C"": 10.0, ""clf__gamma_mult"": 1.0}",14.755864599999768
77,quantum/QRE-RBF-SVM,quantum,12,0.5555555555555556,0.6000000000000001,"{""clf__C"": 1.0, ""clf__gamma_mult"": 1.0}",14.755864599999768
77,quantum/QRE-RBF-SVM,quantum,13,0.4444444444444444,0.4,"{""clf__C"": 10.0, ""clf__gamma_mult"": 0.25}",14.755864599999768
77,quantum/QRE-RBF-SVM,quantum,14,0.4444444444444444,0.6,"{""clf__C"": 1.0, ""clf__gamma_mult"": 4.0}",14.755864599999768
77,quantum/HS-overlap-ref-SVM,quantum,0,0.5555555555555556,0.30000000000000004,"{""clf__C"": 0.1}",6.273443399999451
77,quantum/HS-overlap-ref-SVM,quantum,1,0.5555555555555556,0.35000000000000003,"{""clf__C"": 10.0}",6.273443399999451
77,quantum/HS-overlap-ref-SVM,quantum,2,0.4444444444444444,0.30000000000000004,"{""clf__C"": 10.0}",6.273443399999451
77,quantum/HS-overlap-ref-SVM,quantum,3,0.5555555555555556,0.25,"{""clf__C"": 0.1}",6.273443399999451
77,quantum/HS-overlap-ref-SVM,quantum,4,0.3333333333333333,0.55,"{""clf__C"": 10.0}",6.273443399999451
77,quantum/HS-overlap-ref-SVM,quantum,5,0.4444444444444444,0.44999999999999996,"{""clf__C"": 10.0}",6.273443399999451
77,quantum/HS-overlap-ref-SVM,quantum,6,0.5555555555555556,0.45,"{""clf__C"": 0.1}",6.273443399999451
77,quantum/HS-overlap-ref-SVM,quantum,7,0.5555555555555556,0.8,"{""clf__C"": 0.1}",6.273443399999451
77,quantum/HS-overlap-ref-SVM,quantum,8,0.4444444444444444,0.45,"{""clf__C"": 10.0}",6.273443399999451
77,quantum/HS-overlap-ref-SVM,quantum,9,0.4444444444444444,0.7000000000000001,"{""clf__C"": 0.1}",6.273443399999451
77,quantum/HS-overlap-ref-SVM,quantum,10,0.4444444444444444,0.35,"{""clf__C"": 10.0}",6.273443399999451
77,quantum/HS-overlap-ref-SVM,quantum,11,0.4444444444444444,0.35,"{""clf__C"": 10.0}",6.273443399999451
77,quantum/HS-overlap-ref-SVM,quantum,12,0.5555555555555556,0.55,"{""clf__C"": 0.1}",6.273443399999451
77,quantum/HS-overlap-ref-SVM,quantum,13,0.2222222222222222,0.2,"{""clf__C"": 10.0}",6.273443399999451
77,quantum/HS-overlap-ref-SVM,quantum,14,0.4444444444444444,0.49999999999999994,"{""clf__C"": 0.1}",6.273443399999451
77,quantum/Fidelity-ref-SVM,quantum,0,0.5555555555555556,0.30000000000000004,"{""clf__C"": 0.1}",10.436750900000334
77,quantum/Fidelity-ref-SVM,quantum,1,0.5555555555555556,0.4,"{""clf__C"": 0.1}",10.436750900000334
77,quantum/Fidelity-ref-SVM,quantum,2,0.2222222222222222,0.2,"{""clf__C"": 10.0}",10.436750900000334
77,quantum/Fidelity-ref-SVM,quantum,3,0.5555555555555556,0.25,"{""clf__C"": 0.1}",10.436750900000334
77,quantum/Fidelity-ref-SVM,quantum,4,0.4444444444444444,0.35,"{""clf__C"": 10.0}",10.436750900000334
77,quantum/Fidelity-ref-SVM,quantum,5,0.4444444444444444,0.35000000000000003,"{""clf__C"": 10.0}",10.436750900000334
77,quantum/Fidelity-ref-SVM,quantum,6,0.5555555555555556,0.35000000000000003,"{""clf__C"": 0.1}",10.436750900000334
77,quantum/Fidelity-ref-SVM,quantum,7,0.5555555555555556,0.7,"{""clf__C"": 0.1}",10.436750900000334
77,quantum/Fidelity-ref-SVM,quantum,8,0.5555555555555556,0.39999999999999997,"{""clf__C"": 0.1}",10.436750900000334
77,quantum/Fidelity-ref-SVM,quantum,9,0.4444444444444444,0.7,"{""clf__C"": 0.1}",10.436750900000334
77,quantum/Fidelity-ref-SVM,quantum,10,0.5555555555555556,0.30000000000000004,"{""clf__C"": 0.1}",10.436750900000334
77,quantum/Fidelity-ref-SVM,quantum,11,0.4444444444444444,0.25,"{""clf__C"": 10.0}",10.436750900000334
77,quantum/Fidelity-ref-SVM,quantum,12,0.5555555555555556,0.6,"{""clf__C"": 0.1}",10.436750900000334
77,quantum/Fidelity-ref-SVM,quantum,13,0.5555555555555556,0.2,"{""clf__C"": 0.1}",10.436750900000334
77,quantum/Fidelity-ref-SVM,quantum,14,0.4444444444444444,0.49999999999999994,"{""clf__C"": 0.1}",10.436750900000334
77,quantum/HS-RBF-ref-SVM,quantum,0,0.5555555555555556,0.1,"{""clf__C"": 10.0, ""clf__gamma_mult"": 4.0}",17.77566780000052
77,quantum/HS-RBF-ref-SVM,quantum,1,0.4444444444444444,0.25,"{""clf__C"": 10.0, ""clf__gamma_mult"": 0.25}",17.77566780000052
77,quantum/HS-RBF-ref-SVM,quantum,2,0.3333333333333333,0.5,"{""clf__C"": 10.0, ""clf__gamma_mult"": 0.25}",17.77566780000052
77,quantum/HS-RBF-ref-SVM,quantum,3,0.5555555555555556,0.65,"{""clf__C"": 10.0, ""clf__gamma_mult"": 4.0}",17.77566780000052
77,quantum/HS-RBF-ref-SVM,quantum,4,0.4444444444444444,0.35,"{""clf__C"": 0.1, ""clf__gamma_mult"": 0.25}",17.77566780000052
77,quantum/HS-RBF-ref-SVM,quantum,5,0.4444444444444444,0.5,"{""clf__C"": 10.0, ""clf__gamma_mult"": 0.25}",17.77566780000052
77,quantum/HS-RBF-ref-SVM,quantum,6,0.4444444444444444,0.55,"{""clf__C"": 10.0, ""clf__gamma_mult"": 0.25}",17.77566780000052
77,quantum/HS-RBF-ref-SVM,quantum,7,0.6666666666666666,0.55,"{""clf__C"": 10.0, ""clf__gamma_mult"": 4.0}",17.77566780000052
77,quantum/HS-RBF-ref-SVM,quantum,8,0.5555555555555556,0.45,"{""clf__C"": 10.0, ""clf__gamma_mult"": 0.25}",17.77566780000052
77,quantum/HS-RBF-ref-SVM,quantum,9,0.4444444444444444,0.55,"{""clf__C"": 10.0, ""clf__gamma_mult"": 4.0}",17.77566780000052
77,quantum/HS-RBF-ref-SVM,quantum,10,0.4444444444444444,0.25,"{""clf__C"": 10.0, ""clf__gamma_mult"": 0.25}",17.77566780000052
77,quantum/HS-RBF-ref-SVM,quantum,11,0.2222222222222222,0.3,"{""clf__C"": 10.0, ""clf__gamma_mult"": 1.0}",17.77566780000052
77,quantum/HS-RBF-ref-SVM,quantum,12,0.5555555555555556,0.55,"{""clf__C"": 0.1, ""clf__gamma_mult"": 0.25}",17.77566780000052
77,quantum/HS-RBF-ref-SVM,quantum,13,0.5555555555555556,0.2,"{""clf__C"": 0.1, ""clf__gamma_mult"": 0.25}",17.77566780000052
77,quantum/HS-RBF-ref-SVM,quantum,14,0.4444444444444444,0.6,"{""clf__C"": 10.0, ""clf__gamma_mult"": 0.25}",17.77566780000052
77,quantum/Bures-RBF-ref-SVM,quantum,0,0.4444444444444444,0.1,"{""clf__C"": 10.0, ""clf__gamma_mult"": 4.0}",27.34504840000045
77,quantum/Bures-RBF-ref-SVM,quantum,1,0.5555555555555556,0.45,"{""clf__C"": 10.0, ""clf__gamma_mult"": 0.25}",27.34504840000045
77,quantum/Bures-RBF-ref-SVM,quantum,2,0.3333333333333333,0.45,"{""clf__C"": 10.0, ""clf__gamma_mult"": 0.25}",27.34504840000045
77,quantum/Bures-RBF-ref-SVM,quantum,3,0.6666666666666666,0.55,"{""clf__C"": 10.0, ""clf__gamma_mult"": 4.0}",27.34504840000045
77,quantum/Bures-RBF-ref-SVM,quantum,4,0.2222222222222222,0.45,"{""clf__C"": 10.0, ""clf__gamma_mult"": 1.0}",27.34504840000045
77,quantum/Bures-RBF-ref-SVM,quantum,5,0.4444444444444444,0.45,"{""clf__C"": 10.0, ""clf__gamma_mult"": 1.0}",27.34504840000045
77,quantum/Bures-RBF-ref-SVM,quantum,6,0.5555555555555556,0.55,"{""clf__C"": 10.0, ""clf__gamma_mult"": 0.25}",27.34504840000045
77,quantum/Bures-RBF-ref-SVM,quantum,7,0.6666666666666666,0.5,"{""clf__C"": 10.0, ""clf__gamma_mult"": 4.0}",27.34504840000045
77,quantum/Bures-RBF-ref-SVM,quantum,8,0.6666666666666666,0.4,"{""clf__C"": 10.0, ""clf__gamma_mult"": 4.0}",27.34504840000045
77,quantum/Bures-RBF-ref-SVM,quantum,9,0.4444444444444444,0.7,"{""clf__C"": 0.1, ""clf__gamma_mult"": 0.25}",27.34504840000045
77,quantum/Bures-RBF-ref-SVM,quantum,10,0.4444444444444444,0.3,"{""clf__C"": 10.0, ""clf__gamma_mult"": 0.25}",27.34504840000045
77,quantum/Bures-RBF-ref-SVM,quantum,11,0.3333333333333333,0.4,"{""clf__C"": 10.0, ""clf__gamma_mult"": 0.25}",27.34504840000045
77,quantum/Bures-RBF-ref-SVM,quantum,12,0.5555555555555556,0.55,"{""clf__C"": 0.1, ""clf__gamma_mult"": 0.25}",27.34504840000045
77,quantum/Bures-RBF-ref-SVM,quantum,13,0.5555555555555556,0.15000000000000002,"{""clf__C"": 0.1, ""clf__gamma_mult"": 0.25}",27.34504840000045
77,quantum/Bures-RBF-ref-SVM,quantum,14,0.4444444444444444,0.55,"{""clf__C"": 0.1, ""clf__gamma_mult"": 0.25}",27.34504840000045
77,quantum/QRE-RBF-ref-SVM,quantum,0,0.5555555555555556,0.1,"{""clf__C"": 10.0, ""clf__gamma_mult"": 4.0}",20.797590899999705
77,quantum/QRE-RBF-ref-SVM,quantum,1,0.5555555555555556,0.45,"{""clf__C"": 10.0, ""clf__gamma_mult"": 0.25}",20.797590899999705
77,quantum/QRE-RBF-ref-SVM,quantum,2,0.4444444444444444,0.45,"{""clf__C"": 10.0, ""clf__gamma_mult"": 0.25}",20.797590899999705
77,quantum/QRE-RBF-ref-SVM,quantum,3,0.5555555555555556,0.55,"{""clf__C"": 10.0, ""clf__gamma_mult"": 4.0}",20.797590899999705
77,quantum/QRE-RBF-ref-SVM,quantum,4,0.2222222222222222,0.45,"{""clf__C"": 10.0, ""clf__gamma_mult"": 1.0}",20.797590899999705
77,quantum/QRE-RBF-ref-SVM,quantum,5,0.4444444444444444,0.4,"{""clf__C"": 10.0, ""clf__gamma_mult"": 1.0}",20.797590899999705
77,quantum/QRE-RBF-ref-SVM,quantum,6,0.4444444444444444,0.55,"{""clf__C"": 10.0, ""clf__gamma_mult"": 0.25}",20.797590899999705
77,quantum/QRE-RBF-ref-SVM,quantum,7,0.6666666666666666,0.6,"{""clf__C"": 10.0, ""clf__gamma_mult"": 4.0}",20.797590899999705
77,quantum/QRE-RBF-ref-SVM,quantum,8,0.6666666666666666,0.4,"{""clf__C"": 10.0, ""clf__gamma_mult"": 4.0}",20.797590899999705
77,quantum/QRE-RBF-ref-SVM,quantum,9,0.4444444444444444,0.7,"{""clf__C"": 0.1, ""clf__gamma_mult"": 0.25}",20.797590899999705
77,quantum/QRE-RBF-ref-SVM,quantum,10,0.4444444444444444,0.3,"{""clf__C"": 10.0, ""clf__gamma_mult"": 0.25}",20.797590899999705
77,quantum/QRE-RBF-ref-SVM,quantum,11,0.3333333333333333,0.4,"{""clf__C"": 10.0, ""clf__gamma_mult"": 0.25}",20.797590899999705
77,quantum/QRE-RBF-ref-SVM,quantum,12,0.5555555555555556,0.55,"{""clf__C"": 0.1, ""clf__gamma_mult"": 0.25}",20.797590899999705
77,quantum/QRE-RBF-ref-SVM,quantum,13,0.5555555555555556,0.15000000000000002,"{""clf__C"": 0.1, ""clf__gamma_mult"": 0.25}",20.797590899999705
77,quantum/QRE-RBF-ref-SVM,quantum,14,0.4444444444444444,0.5,"{""clf__C"": 0.1, ""clf__gamma_mult"": 0.25}",20.797590899999705
77,quantum/IQP-kernel-SVM,quantum,0,0.5555555555555556,0.4,"{""clf__C"": 10.0, ""clf__scale"": 0.5}",25.48141470000064
77,quantum/IQP-kernel-SVM,quantum,1,0.4444444444444444,0.4,"{""clf__C"": 10.0, ""clf__scale"": 2.0}",25.48141470000064
77,quantum/IQP-kernel-SVM,quantum,2,0.4444444444444444,0.4,"{""clf__C"": 1.0, ""clf__scale"": 0.5}",25.48141470000064
77,quantum/IQP-kernel-SVM,quantum,3,0.2222222222222222,0.05,"{""clf__C"": 10.0, ""clf__scale"": 1.0}",25.48141470000064
77,quantum/IQP-kernel-SVM,quantum,4,0.4444444444444444,0.65,"{""clf__C"": 0.1, ""clf__scale"": 0.5}",25.48141470000064
77,quantum/IQP-kernel-SVM,quantum,5,0.6666666666666666,0.7,"{""clf__C"": 10.0, ""clf__scale"": 1.0}",25.48141470000064
77,quantum/IQP-kernel-SVM,quantum,6,0.4444444444444444,0.30000000000000004,"{""clf__C"": 10.0, ""clf__scale"": 1.0}",25.48141470000064
77,quantum/IQP-kernel-SVM,quantum,7,0.4444444444444444,0.55,"{""clf__C"": 10.0, ""clf__scale"": 1.0}",25.48141470000064
77,quantum/IQP-kernel-SVM,quantum,8,0.5555555555555556,0.4,"{""clf__C"": 0.1, ""clf__scale"": 0.5}",25.48141470000064
77,quantum/IQP-kernel-SVM,quantum,9,0.4444444444444444,0.35,"{""clf__C"": 10.0, ""clf__scale"": 1.0}",25.48141470000064
77,quantum/IQP-kernel-SVM,quantum,10,0.3333333333333333,0.35,"{""clf__C"": 1.0, ""clf__scale"": 2.0}",25.48141470000064
77,quantum/IQP-kernel-SVM,quantum,11,0.5555555555555556,0.5,"{""clf__C"": 10.0, ""clf__scale"": 1.0}",25.48141470000064
77,quantum/IQP-kernel-SVM,quantum,12,0.4444444444444444,0.55,"{""clf__C"": 1.0, ""clf__scale"": 0.5}",25.48141470000064
77,quantum/IQP-kernel-SVM,quantum,13,0.3333333333333333,0.2,"{""clf__C"": 10.0, ""clf__scale"": 1.0}",25.48141470000064
77,quantum/IQP-kernel-SVM,quantum,14,0.4444444444444444,0.55,"{""clf__C"": 1.0, ""clf__scale"": 1.0}",25.48141470000064
77,quantum/CNOT-kernel-SVM,quantum,0,0.5555555555555556,0.5,"{""clf__C"": 10.0, ""clf__scale"": 1.0}",23.510597299999972
77,quantum/CNOT-kernel-SVM,quantum,1,0.3333333333333333,0.25,"{""clf__C"": 1.0, ""clf__scale"": 2.0}",23.510597299999972
77,quantum/CNOT-kernel-SVM,quantum,2,0.6666666666666666,0.8,"{""clf__C"": 10.0, ""clf__scale"": 2.0}",23.510597299999972
77,quantum/CNOT-kernel-SVM,quantum,3,0.4444444444444444,0.39999999999999997,"{""clf__C"": 10.0, ""clf__scale"": 2.0}",23.510597299999972
77,quantum/CNOT-kernel-SVM,quantum,4,0.4444444444444444,0.6,"{""clf__C"": 0.1, ""clf__scale"": 0.5}",23.510597299999972
77,quantum/CNOT-kernel-SVM,quantum,5,0.4444444444444444,0.45,"{""clf__C"": 10.0, ""clf__scale"": 2.0}",23.510597299999972
77,quantum/CNOT-kernel-SVM,quantum,6,0.6666666666666666,0.5,"{""clf__C"": 1.0, ""clf__scale"": 2.0}",23.510597299999972
77,quantum/CNOT-kernel-SVM,quantum,7,0.3333333333333333,0.39999999999999997,"{""clf__C"": 1.0, ""clf__scale"": 2.0}",23.510597299999972
77,quantum/CNOT-kernel-SVM,quantum,8,0.5555555555555556,0.2,"{""clf__C"": 0.1, ""clf__scale"": 0.5}",23.510597299999972
77,quantum/CNOT-kernel-SVM,quantum,9,0.4444444444444444,0.45,"{""clf__C"": 1.0, ""clf__scale"": 1.0}",23.510597299999972
77,quantum/CNOT-kernel-SVM,quantum,10,0.4444444444444444,0.4,"{""clf__C"": 10.0, ""clf__scale"": 2.0}",23.510597299999972
77,quantum/CNOT-kernel-SVM,quantum,11,0.5555555555555556,0.45,"{""clf__C"": 10.0, ""clf__scale"": 1.0}",23.510597299999972
77,quantum/CNOT-kernel-SVM,quantum,12,0.6666666666666666,0.5,"{""clf__C"": 10.0, ""clf__scale"": 1.0}",23.510597299999972
77,quantum/CNOT-kernel-SVM,quantum,13,0.1111111111111111,0.15000000000000002,"{""clf__C"": 1.0, ""clf__scale"": 2.0}",23.510597299999972
77,quantum/CNOT-kernel-SVM,quantum,14,0.4444444444444444,0.6,"{""clf__C"": 0.1, ""clf__scale"": 0.5}",23.510597299999972
77,control/IQP-no-entangle,control,0,0.4444444444444444,0.45000000000000007,"{""clf__C"": 1.0, ""clf__scale"": 1.0}",22.079456100000243
77,control/IQP-no-entangle,control,1,0.3333333333333333,0.1,"{""clf__C"": 1.0, ""clf__scale"": 1.0}",22.079456100000243
77,control/IQP-no-entangle,control,2,0.3333333333333333,0.35000000000000003,"{""clf__C"": 1.0, ""clf__scale"": 0.5}",22.079456100000243
77,control/IQP-no-entangle,control,3,0.4444444444444444,0.1,"{""clf__C"": 10.0, ""clf__scale"": 1.0}",22.079456100000243
77,control/IQP-no-entangle,control,4,0.6666666666666666,0.5499999999999999,"{""clf__C"": 1.0, ""clf__scale"": 2.0}",22.079456100000243
77,control/IQP-no-entangle,control,5,0.4444444444444444,0.5,"{""clf__C"": 10.0, ""clf__scale"": 2.0}",22.079456100000243
77,control/IQP-no-entangle,control,6,0.6666666666666666,0.65,"{""clf__C"": 1.0, ""clf__scale"": 2.0}",22.079456100000243
77,control/IQP-no-entangle,control,7,0.5555555555555556,0.2,"{""clf__C"": 1.0, ""clf__scale"": 2.0}",22.079456100000243
77,control/IQP-no-entangle,control,8,0.5555555555555556,0.15,"{""clf__C"": 0.1, ""clf__scale"": 0.5}",22.079456100000243
77,control/IQP-no-entangle,control,9,0.3333333333333333,0.35,"{""clf__C"": 10.0, ""clf__scale"": 2.0}",22.079456100000243
77,control/IQP-no-entangle,control,10,0.5555555555555556,0.5,"{""clf__C"": 10.0, ""clf__scale"": 2.0}",22.079456100000243
77,control/IQP-no-entangle,control,11,0.4444444444444444,0.4,"{""clf__C"": 10.0, ""clf__scale"": 1.0}",22.079456100000243
77,control/IQP-no-entangle,control,12,0.5555555555555556,0.44999999999999996,"{""clf__C"": 1.0, ""clf__scale"": 2.0}",22.079456100000243
77,control/IQP-no-entangle,control,13,0.3333333333333333,0.35,"{""clf__C"": 10.0, ""clf__scale"": 1.0}",22.079456100000243
77,control/IQP-no-entangle,control,14,0.4444444444444444,0.6,"{""clf__C"": 0.1, ""clf__scale"": 0.5}",22.079456100000243
77,control/PCA-matched-RBF,control,0,0.5555555555555556,0.6,"{""clf__C"": 10.0, ""clf__gamma"": ""scale""}",18.410280000000057
77,control/PCA-matched-RBF,control,1,0.4444444444444444,0.2,"{""clf__C"": 10.0, ""clf__gamma"": ""scale""}",18.410280000000057
77,control/PCA-matched-RBF,control,2,0.5555555555555556,0.45,"{""clf__C"": 0.1, ""clf__gamma"": ""scale""}",18.410280000000057
77,control/PCA-matched-RBF,control,3,0.5555555555555556,0.3,"{""clf__C"": 0.1, ""clf__gamma"": ""scale""}",18.410280000000057
77,control/PCA-matched-RBF,control,4,0.5555555555555556,0.55,"{""clf__C"": 1.0, ""clf__gamma"": ""scale""}",18.410280000000057
77,control/PCA-matched-RBF,control,5,0.5555555555555556,0.6000000000000001,"{""clf__C"": 0.1, ""clf__gamma"": ""scale""}",18.410280000000057
77,control/PCA-matched-RBF,control,6,0.5555555555555556,0.45,"{""clf__C"": 0.1, ""clf__gamma"": ""scale""}",18.410280000000057
77,control/PCA-matched-RBF,control,7,0.5555555555555556,0.4,"{""clf__C"": 0.1, ""clf__gamma"": ""scale""}",18.410280000000057
77,control/PCA-matched-RBF,control,8,0.5555555555555556,0.2,"{""clf__C"": 10.0, ""clf__gamma"": 0.01}",18.410280000000057
77,control/PCA-matched-RBF,control,9,0.5555555555555556,0.49999999999999994,"{""clf__C"": 10.0, ""clf__gamma"": ""scale""}",18.410280000000057
77,control/PCA-matched-RBF,control,10,0.2222222222222222,0.2,"{""clf__C"": 1.0, ""clf__gamma"": ""scale""}",18.410280000000057
77,control/PCA-matched-RBF,control,11,0.3333333333333333,0.5,"{""clf__C"": 10.0, ""clf__gamma"": ""scale""}",18.410280000000057
77,control/PCA-matched-RBF,control,12,0.5555555555555556,0.45,"{""clf__C"": 1.0, ""clf__gamma"": ""scale""}",18.410280000000057
77,control/PCA-matched-RBF,control,13,0.3333333333333333,0.15000000000000002,"{""clf__C"": 10.0, ""clf__gamma"": 0.01}",18.410280000000057
77,control/PCA-matched-RBF,control,14,0.4444444444444444,0.6,"{""clf__C"": 0.1, ""clf__gamma"": ""scale""}",18.410280000000057
77,control/PCA-matched-linear,control,0,0.3333333333333333,0.35,"{""clf__C"": 10.0}",6.657310499999767
77,control/PCA-matched-linear,control,1,0.5555555555555556,0.1,"{""clf__C"": 0.1}",6.657310499999767
77,control/PCA-matched-linear,control,2,0.3333333333333333,0.35,"{""clf__C"": 0.1}",6.657310499999767
77,control/PCA-matched-linear,control,3,0.5555555555555556,0.3,"{""clf__C"": 1.0}",6.657310499999767
77,control/PCA-matched-linear,control,4,0.4444444444444444,0.39999999999999997,"{""clf__C"": 0.1}",6.657310499999767
77,control/PCA-matched-linear,control,5,0.6666666666666666,0.65,"{""clf__C"": 1.0}",6.657310499999767
77,control/PCA-matched-linear,control,6,0.5555555555555556,0.2,"{""clf__C"": 0.1}",6.657310499999767
77,control/PCA-matched-linear,control,7,0.5555555555555556,0.55,"{""clf__C"": 0.1}",6.657310499999767
77,control/PCA-matched-linear,control,8,0.5555555555555556,0.2,"{""clf__C"": 10.0}",6.657310499999767
77,control/PCA-matched-linear,control,9,0.4444444444444444,0.5,"{""clf__C"": 0.1}",6.657310499999767
77,control/PCA-matched-linear,control,10,0.5555555555555556,0.35,"{""clf__C"": 0.1}",6.657310499999767
77,control/PCA-matched-linear,control,11,0.5555555555555556,0.25,"{""clf__C"": 0.1}",6.657310499999767
77,control/PCA-matched-linear,control,12,0.5555555555555556,0.4,"{""clf__C"": 0.1}",6.657310499999767
77,control/PCA-matched-linear,control,13,0.2222222222222222,0.1,"{""clf__C"": 1.0}",6.657310499999767
77,control/PCA-matched-linear,control,14,0.4444444444444444,0.5,"{""clf__C"": 0.1}",6.657310499999767
77,control/logeuclid-TS+LR,control,0,0.4444444444444444,0.35,"{""clf__C"": 1.0}",5.081091899999592
77,control/logeuclid-TS+LR,control,1,0.5555555555555556,0.55,"{""clf__C"": 10.0}",5.081091899999592
77,control/logeuclid-TS+LR,control,2,0.4444444444444444,0.49999999999999994,"{""clf__C"": 1.0}",5.081091899999592
77,control/logeuclid-TS+LR,control,3,0.4444444444444444,0.3,"{""clf__C"": 0.1}",5.081091899999592
77,control/logeuclid-TS+LR,control,4,0.3333333333333333,0.4,"{""clf__C"": 10.0}",5.081091899999592
77,control/logeuclid-TS+LR,control,5,0.4444444444444444,0.45,"{""clf__C"": 10.0}",5.081091899999592
77,control/logeuclid-TS+LR,control,6,0.3333333333333333,0.2,"{""clf__C"": 10.0}",5.081091899999592
77,control/logeuclid-TS+LR,control,7,0.7777777777777778,0.75,"{""clf__C"": 1.0}",5.081091899999592
77,control/logeuclid-TS+LR,control,8,0.5555555555555556,0.2,"{""clf__C"": 0.1}",5.081091899999592
77,control/logeuclid-TS+LR,control,9,0.5555555555555556,0.8,"{""clf__C"": 1.0}",5.081091899999592
77,control/logeuclid-TS+LR,control,10,0.4444444444444444,0.45,"{""clf__C"": 1.0}",5.081091899999592
77,control/logeuclid-TS+LR,control,11,0.6666666666666666,0.6000000000000001,"{""clf__C"": 0.1}",5.081091899999592
77,control/logeuclid-TS+LR,control,12,0.6666666666666666,0.5,"{""clf__C"": 0.1}",5.081091899999592
77,control/logeuclid-TS+LR,control,13,0.3333333333333333,0.35,"{""clf__C"": 0.1}",5.081091899999592
77,control/logeuclid-TS+LR,control,14,0.5555555555555556,0.35,"{""clf__C"": 0.1}",5.081091899999592
77,control/riemann-kernel-SVM,control,0,0.3333333333333333,0.30000000000000004,"{""clf__C"": 1.0}",6.597745199999736
77,control/riemann-kernel-SVM,control,1,0.5555555555555556,0.25,"{""clf__C"": 0.1}",6.597745199999736
77,control/riemann-kernel-SVM,control,2,0.5555555555555556,0.65,"{""clf__C"": 1.0}",6.597745199999736
77,control/riemann-kernel-SVM,control,3,0.2222222222222222,0.0,"{""clf__C"": 1.0}",6.597745199999736
77,control/riemann-kernel-SVM,control,4,0.4444444444444444,0.4,"{""clf__C"": 0.1}",6.597745199999736
77,control/riemann-kernel-SVM,control,5,0.5555555555555556,0.4,"{""clf__C"": 1.0}",6.597745199999736
77,control/riemann-kernel-SVM,control,6,0.4444444444444444,0.55,"{""clf__C"": 10.0}",6.597745199999736
77,control/riemann-kernel-SVM,control,7,0.5555555555555556,0.8,"{""clf__C"": 1.0}",6.597745199999736
77,control/riemann-kernel-SVM,control,8,0.4444444444444444,0.4,"{""clf__C"": 1.0}",6.597745199999736
77,control/riemann-kernel-SVM,control,9,0.4444444444444444,0.75,"{""clf__C"": 0.1}",6.597745199999736
77,control/riemann-kernel-SVM,control,10,0.4444444444444444,0.45,"{""clf__C"": 1.0}",6.597745199999736
77,control/riemann-kernel-SVM,control,11,0.3333333333333333,0.55,"{""clf__C"": 1.0}",6.597745199999736
77,control/riemann-kernel-SVM,control,12,0.5555555555555556,0.45,"{""clf__C"": 0.1}",6.597745199999736
77,control/riemann-kernel-SVM,control,13,0.3333333333333333,0.2,"{""clf__C"": 1.0}",6.597745199999736
77,control/riemann-kernel-SVM,control,14,0.4444444444444444,0.5,"{""clf__C"": 0.1}",6.597745199999736
77,control/logeuclid-kernel-SVM,control,0,0.3333333333333333,0.30000000000000004,"{""clf__C"": 1.0}",6.425853700000516
77,control/logeuclid-kernel-SVM,control,1,0.5555555555555556,0.5,"{""clf__C"": 10.0}",6.425853700000516
77,control/logeuclid-kernel-SVM,control,2,0.6666666666666666,0.6,"{""clf__C"": 10.0}",6.425853700000516
77,control/logeuclid-kernel-SVM,control,3,0.5555555555555556,0.4,"{""clf__C"": 10.0}",6.425853700000516
77,control/logeuclid-kernel-SVM,control,4,0.4444444444444444,0.6000000000000001,"{""clf__C"": 0.1}",6.425853700000516
77,control/logeuclid-kernel-SVM,control,5,0.6666666666666666,0.65,"{""clf__C"": 10.0}",6.425853700000516
77,control/logeuclid-kernel-SVM,control,6,0.4444444444444444,0.6000000000000001,"{""clf__C"": 1.0}",6.425853700000516
77,control/logeuclid-kernel-SVM,control,7,0.6666666666666666,0.6,"{""clf__C"": 10.0}",6.425853700000516
77,control/logeuclid-kernel-SVM,control,8,0.5555555555555556,0.5,"{""clf__C"": 1.0}",6.425853700000516
77,control/logeuclid-kernel-SVM,control,9,0.4444444444444444,0.65,"{""clf__C"": 0.1}",6.425853700000516
77,control/logeuclid-kernel-SVM,control,10,0.6666666666666666,0.6,"{""clf__C"": 1.0}",6.425853700000516
77,control/logeuclid-kernel-SVM,control,11,0.4444444444444444,0.45,"{""clf__C"": 1.0}",6.425853700000516
77,control/logeuclid-kernel-SVM,control,12,0.6666666666666666,0.7,"{""clf__C"": 1.0}",6.425853700000516
77,control/logeuclid-kernel-SVM,control,13,0.3333333333333333,0.25,"{""clf__C"": 1.0}",6.425853700000516
77,control/logeuclid-kernel-SVM,control,14,0.4444444444444444,0.5,"{""clf__C"": 0.1}",6.425853700000516
