subject,pipeline,group,fold,accuracy,auc,best_params,fit_seconds_total
67,classical/logvar+LDA,classical,0,0.5555555555555556,0.5,{},0.09460050000052433
67,classical/logvar+LDA,classical,1,0.1111111111111111,0.14999999999999997,{},0.09460050000052433
67,classical/logvar+LDA,classical,2,0.4444444444444444,0.3,{},0.09460050000052433
67,classical/logvar+LDA,classical,3,0.2222222222222222,0.2,{},0.09460050000052433
67,classical/logvar+LDA,classical,4,0.5555555555555556,0.6,{},0.09460050000052433
67,classical/logvar+LDA,classical,5,0.5555555555555556,0.24999999999999997,{},0.09460050000052433
67,classical/logvar+LDA,classical,6,0.3333333333333333,0.24999999999999997,{},0.09460050000052433
67,classical/logvar+LDA,classical,7,0.4444444444444444,0.35,{},0.09460050000052433
67,classical/logvar+LDA,classical,8,0.2222222222222222,0.2,{},0.09460050000052433
67,classical/logvar+LDA,classical,9,0.3333333333333333,0.1,{},0.09460050000052433
67,classical/logvar+LDA,classical,10,0.2222222222222222,0.3,{},0.09460050000052433
67,classical/logvar+LDA,classical,11,0.3333333333333333,0.19999999999999998,{},0.09460050000052433
67,classical/logvar+LDA,classical,12,0.5555555555555556,0.55,{},0.09460050000052433
67,classical/logvar+LDA,classical,13,0.5555555555555556,0.25,{},0.09460050000052433
67,classical/logvar+LDA,classical,14,0.2222222222222222,0.2,{},0.09460050000052433
67,classical/CSP+LDA,classical,0,0.4444444444444444,0.65,"{""csp__nfilter"": 2}",3.8496226999995997
67,classical/CSP+LDA,classical,1,0.4444444444444444,0.14999999999999997,"{""csp__nfilter"": 2}",3.8496226999995997
67,classical/CSP+LDA,classical,2,0.4444444444444444,0.4,"{""csp__nfilter"": 6}",3.8496226999995997
67,classical/CSP+LDA,classical,3,0.5555555555555556,0.65,"{""csp__nfilter"": 6}",3.8496226999995997
67,classical/CSP+LDA,classical,4,0.5555555555555556,0.7,"{""csp__nfilter"": 2}",3.8496226999995997
67,classical/CSP+LDA,classical,5,0.6666666666666666,0.55,"{""csp__nfilter"": 2}",3.8496226999995997
67,classical/CSP+LDA,classical,6,0.5555555555555556,0.49999999999999994,"{""csp__nfilter"": 4}",3.8496226999995997
67,classical/CSP+LDA,classical,7,0.4444444444444444,0.5,"{""csp__nfilter"": 2}",3.8496226999995997
67,classical/CSP+LDA,classical,8,0.2222222222222222,0.3,"{""csp__nfilter"": 2}",3.8496226999995997
67,classical/CSP+LDA,classical,9,0.6666666666666666,0.7,"{""csp__nfilter"": 2}",3.8496226999995997
67,classical/CSP+LDA,classical,10,0.2222222222222222,0.15,"{""csp__nfilter"": 2}",3.8496226999995997
67,classical/CSP+LDA,classical,11,0.4444444444444444,0.45,"{""csp__nfilter"": 2}",3.8496226999995997
67,classical/CSP+LDA,classical,12,0.5555555555555556,0.75,"{""csp__nfilter"": 4}",3.8496226999995997
67,classical/CSP+LDA,classical,13,0.6666666666666666,0.65,"{""csp__nfilter"": 2}",3.8496226999995997
67,classical/CSP+LDA,classical,14,0.4444444444444444,0.5,"{""csp__nfilter"": 6}",3.8496226999995997
67,classical/MDM,classical,0,0.4444444444444444,0.55,{},0.4837539000000106
67,classical/MDM,classical,1,0.4444444444444444,0.25,{},0.4837539000000106
67,classical/MDM,classical,2,0.4444444444444444,0.45,{},0.4837539000000106
67,classical/MDM,classical,3,0.2222222222222222,0.15000000000000002,{},0.4837539000000106
67,classical/MDM,classical,4,0.5555555555555556,0.65,{},0.4837539000000106
67,classical/MDM,classical,5,0.6666666666666666,0.45,{},0.4837539000000106
67,classical/MDM,classical,6,0.5555555555555556,0.55,{},0.4837539000000106
67,classical/MDM,classical,7,0.4444444444444444,0.44999999999999996,{},0.4837539000000106
67,classical/MDM,classical,8,0.3333333333333333,0.3,{},0.4837539000000106
67,classical/MDM,classical,9,0.6666666666666666,0.65,{},0.4837539000000106
67,classical/MDM,classical,10,0.2222222222222222,0.3,{},0.4837539000000106
67,classical/MDM,classical,11,0.4444444444444444,0.39999999999999997,{},0.4837539000000106
67,classical/MDM,classical,12,0.5555555555555556,0.75,{},0.4837539000000106
67,classical/MDM,classical,13,0.6666666666666666,0.55,{},0.4837539000000106
67,classical/MDM,classical,14,0.2222222222222222,0.2,{},0.4837539000000106
67,classical/TS+LR,classical,0,0.5555555555555556,0.5499999999999999,"{""clf__C"": 10.0}",4.868568199999572
67,classical/TS+LR,classical,1,0.3333333333333333,0.19999999999999996,"{""clf__C"": 0.1}",4.868568199999572
67,classical/TS+LR,classical,2,0.3333333333333333,0.25,"{""clf__C"": 0.1}",4.868568199999572
67,classical/TS+LR,classical,3,0.4444444444444444,0.6000000000000001,"{""clf__C"": 0.1}",4.868568199999572
67,classical/TS+LR,classical,4,0.5555555555555556,0.65,"{""clf__C"": 0.1}",4.868568199999572
67,classical/TS+LR,classical,5,0.4444444444444444,0.35,"{""clf__C"": 0.1}",4.868568199999572
67,classical/TS+LR,classical,6,0.2222222222222222,0.4,"{""clf__C"": 10.0}",4.868568199999572
67,classical/TS+LR,classical,7,0.4444444444444444,0.35,"{""clf__C"": 0.1}",4.868568199999572
67,classical/TS+LR,classical,8,0.4444444444444444,0.4,"{""clf__C"": 10.0}",4.868568199999572
67,classical/TS+LR,classical,9,0.3333333333333333,0.2,"{""clf__C"": 10.0}",4.868568199999572
67,classical/TS+LR,classical,10,0.5555555555555556,0.19999999999999996,"{""clf__C"": 0.1}",4.868568199999572
67,classical/TS+LR,classical,11,0.5555555555555556,0.6,"{""clf__C"": 0.1}",4.868568199999572
67,classical/TS+LR,classical,12,0.4444444444444444,0.5,"{""clf__C"": 10.0}",4.868568199999572
67,classical/TS+LR,classical,13,0.3333333333333333,0.45,"{""clf__C"": 0.1}",4.868568199999572
67,classical/TS+LR,classical,14,0.4444444444444444,0.55,"{""clf__C"": 0.1}",4.868568199999572
67,classical/TS+RBF-SVM,classical,0,0.4444444444444444,0.45000000000000007,"{""clf__C"": 0.1, ""clf__gamma"": ""scale""}",12.666484299999865
67,classical/TS+RBF-SVM,classical,1,0.3333333333333333,0.04999999999999999,"{""clf__C"": 1.0, ""clf__gamma"": ""scale""}",12.666484299999865
67,classical/TS+RBF-SVM,classical,2,0.3333333333333333,0.35000000000000003,"{""clf__C"": 1.0, ""clf__gamma"": 0.01}",12.666484299999865
67,classical/TS+RBF-SVM,classical,3,0.3333333333333333,0.35000000000000003,"{""clf__C"": 10.0, ""clf__gamma"": 0.01}",12.666484299999865
67,classical/TS+RBF-SVM,classical,4,0.3333333333333333,0.30000000000000004,"{""clf__C"": 0.1, ""clf__gamma"": ""scale""}",12.666484299999865
67,classical/TS+RBF-SVM,classical,5,0.4444444444444444,0.25,"{""clf__C"": 0.1, ""clf__gamma"": ""scale""}",12.666484299999865
67,classical/TS+RBF-SVM,classical,6,0.4444444444444444,0.4,"{""clf__C"": 0.1, ""clf__gamma"": ""scale""}",12.666484299999865
67,classical/TS+RBF-SVM,classical,7,0.5555555555555556,0.35,"{""clf__C"": 0.1, ""clf__gamma"": ""scale""}",12.666484299999865
67,classical/TS+RBF-SVM,classical,8,0.1111111111111111,0.1,"{""clf__C"": 1.0, ""clf__gamma"": 0.01}",12.666484299999865
67,classical/TS+RBF-SVM,classical,9,0.1111111111111111,0.05,"{""clf__C"": 10.0, ""clf__gamma"": ""scale""}",12.666484299999865
67,classical/TS+RBF-SVM,classical,10,0.2222222222222222,0.25,"{""clf__C"": 1.0, ""clf__gamma"": 0.01}",12.666484299999865
67,classical/TS+RBF-SVM,classical,11,0.4444444444444444,0.6,"{""clf__C"": 0.1, ""clf__gamma"": ""scale""}",12.666484299999865
67,classical/TS+RBF-SVM,classical,12,0.5555555555555556,0.5,"{""clf__C"": 0.1, ""clf__gamma"": ""scale""}",12.666484299999865
67,classical/TS+RBF-SVM,classical,13,0.5555555555555556,0.4,"{""clf__C"": 0.1, ""clf__gamma"": ""scale""}",12.666484299999865
67,classical/TS+RBF-SVM,classical,14,0.5555555555555556,0.35000000000000003,"{""clf__C"": 1.0, ""clf__gamma"": ""scale""}",12.666484299999865
67,quantum/HS-overlap-SVM,quantum,0,0.4444444444444444,0.6000000000000001,"{""clf__C"": 0.1}",3.7519929999998567
67,quantum/HS-overlap-SVM,quantum,1,0.4444444444444444,0.2,"{""clf__C"": 0.1}",3.7519929999998567
67,quantum/HS-overlap-SVM,quantum,2,0.4444444444444444,0.3,"{""clf__C"": 0.1}",3.7519929999998567
67,quantum/HS-overlap-SVM,quantum,3,0.3333333333333333,0.325,"{""clf__C"": 10.0}",3.7519929999998567
67,quantum/HS-overlap-SVM,quantum,4,0.5555555555555556,0.7,"{""clf__C"": 0.1}",3.7519929999998567
67,quantum/HS-overlap-SVM,quantum,5,0.4444444444444444,0.3,"{""clf__C"": 0.1}",3.7519929999998567
67,quantum/HS-overlap-SVM,quantum,6,0.4444444444444444,0.49999999999999994,"{""clf__C"": 0.1}",3.7519929999998567
67,quantum/HS-overlap-SVM,quantum,7,0.4444444444444444,0.5,"{""clf__C"": 0.1}",3.7519929999998567
67,quantum/HS-overlap-SVM,quantum,8,0.3333333333333333,0.35,"{""clf__C"": 0.1}",3.7519929999998567
67,quantum/HS-overlap-SVM,quantum,9,0.5555555555555556,0.6000000000000001,"{""clf__C"": 0.1}",3.7519929999998567
67,quantum/HS-overlap-SVM,quantum,10,0.3333333333333333,0.25,"{""clf__C"": 10.0}",3.7519929999998567
67,quantum/HS-overlap-SVM,quantum,11,0.4444444444444444,0.3,"{""clf__C"": 0.1}",3.7519929999998567
67,quantum/HS-overlap-SVM,quantum,12,0.5555555555555556,0.7,"{""clf__C"": 0.1}",3.7519929999998567
67,quantum/HS-overlap-SVM,quantum,13,0.5555555555555556,0.4,"{""clf__C"": 0.1}",3.7519929999998567
67,quantum/HS-overlap-SVM,quantum,14,0.2222222222222222,0.30000000000000004,"{""clf__C"": 0.1}",3.7519929999998567
67,quantum/Fidelity-SVM,quantum,0,0.4444444444444444,0.6,"{""clf__C"": 0.1}",5.3191563000000315
67,quantum/Fidelity-SVM,quantum,1,0.4444444444444444,0.2,"{""clf__C"": 10.0}",5.3191563000000315
67,quantum/Fidelity-SVM,quantum,2,0.4444444444444444,0.3,"{""clf__C"": 0.1}",5.3191563000000315
67,quantum/Fidelity-SVM,quantum,3,0.3333333333333333,0.35,"{""clf__C"": 0.1}",5.3191563000000315
67,quantum/Fidelity-SVM,quantum,4,0.5555555555555556,0.7,"{""clf__C"": 0.1}",5.3191563000000315
67,quantum/Fidelity-SVM,quantum,5,0.4444444444444444,0.4,"{""clf__C"": 0.1}",5.3191563000000315
67,quantum/Fidelity-SVM,quantum,6,0.4444444444444444,0.4,"{""clf__C"": 0.1}",5.3191563000000315
67,quantum/Fidelity-SVM,quantum,7,0.4444444444444444,0.5,"{""clf__C"": 0.1}",5.3191563000000315
67,quantum/Fidelity-SVM,quantum,8,0.3333333333333333,0.35,"{""clf__C"": 0.1}",5.3191563000000315
67,quantum/Fidelity-SVM,quantum,9,0.5555555555555556,0.6000000000000001,"{""clf__C"": 0.1}",5.3191563000000315
67,quantum/Fidelity-SVM,quantum,10,0.3333333333333333,0.25,"{""clf__C"": 10.0}",5.3191563000000315
67,quantum/Fidelity-SVM,quantum,11,0.4444444444444444,0.3,"{""clf__C"": 0.1}",5.3191563000000315
67,quantum/Fidelity-SVM,quantum,12,0.5555555555555556,0.65,"{""clf__C"": 0.1}",5.3191563000000315
67,quantum/Fidelity-SVM,quantum,13,0.5555555555555556,0.4,"{""clf__C"": 0.1}",5.3191563000000315
67,quantum/Fidelity-SVM,quantum,14,0.2222222222222222,0.30000000000000004,"{""clf__C"": 0.1}",5.3191563000000315
67,quantum/HS-RBF-SVM,quantum,0,0.4444444444444444,0.35,"{""clf__C"": 0.1, ""clf__gamma_mult"": 0.25}",10.581317999999555
67,quantum/HS-RBF-SVM,quantum,1,0.2222222222222222,0.25,"{""clf__C"": 1.0, ""clf__gamma_mult"": 1.0}",10.581317999999555
67,quantum/HS-RBF-SVM,quantum,2,0.4444444444444444,0.5,"{""clf__C"": 1.0, ""clf__gamma_mult"": 4.0}",10.581317999999555
67,quantum/HS-RBF-SVM,quantum,3,0.4444444444444444,0.3,"{""clf__C"": 0.1, ""clf__gamma_mult"": 0.25}",10.581317999999555
67,quantum/HS-RBF-SVM,quantum,4,0.2222222222222222,0.15000000000000002,"{""clf__C"": 10.0, ""clf__gamma_mult"": 4.0}",10.581317999999555
67,quantum/HS-RBF-SVM,quantum,5,0.4444444444444444,0.7,"{""clf__C"": 0.1, ""clf__gamma_mult"": 0.25}",10.581317999999555
67,quantum/HS-RBF-SVM,quantum,6,0.4444444444444444,0.4,"{""clf__C"": 0.1, ""clf__gamma_mult"": 0.25}",10.581317999999555
67,quantum/HS-RBF-SVM,quantum,7,0.3333333333333333,0.25,"{""clf__C"": 10.0, ""clf__gamma_mult"": 1.0}",10.581317999999555
67,quantum/HS-RBF-SVM,quantum,8,0.1111111111111111,0.0,"{""clf__C"": 10.0, ""clf__gamma_mult"": 0.25}",10.581317999999555
67,quantum/HS-RBF-SVM,quantum,9,0.2222222222222222,0.15000000000000002,"{""clf__C"": 10.0, ""clf__gamma_mult"": 4.0}",10.581317999999555
67,quantum/HS-RBF-SVM,quantum,10,0.2222222222222222,0.2,"{""clf__C"": 1.0, ""clf__gamma_mult"": 1.0}",10.581317999999555
67,quantum/HS-RBF-SVM,quantum,11,0.3333333333333333,0.45,"{""clf__C"": 10.0, ""clf__gamma_mult"": 1.0}",10.581317999999555
67,quantum/HS-RBF-SVM,quantum,12,0.2222222222222222,0.1,"{""clf__C"": 10.0, ""clf__gamma_mult"": 4.0}",10.581317999999555
67,quantum/HS-RBF-SVM,quantum,13,0.5555555555555556,0.55,"{""clf__C"": 0.1, ""clf__gamma_mult"": 0.25}",10.581317999999555
67,quantum/HS-RBF-SVM,quantum,14,0.2222222222222222,0.15000000000000002,"{""clf__C"": 10.0, ""clf__gamma_mult"": 4.0}",10.581317999999555
67,quantum/Bures-RBF-SVM,quantum,0,0.4444444444444444,0.35,"{""clf__C"": 0.1, ""clf__gamma_mult"": 0.25}",14.081817900000715
67,quantum/Bures-RBF-SVM,quantum,1,0.2222222222222222,0.25,"{""clf__C"": 1.0, ""clf__gamma_mult"": 1.0}",14.081817900000715
67,quantum/Bures-RBF-SVM,quantum,2,0.4444444444444444,0.45,"{""clf__C"": 1.0, ""clf__gamma_mult"": 4.0}",14.081817900000715
67,quantum/Bures-RBF-SVM,quantum,3,0.4444444444444444,0.30000000000000004,"{""clf__C"": 0.1, ""clf__gamma_mult"": 0.25}",14.081817900000715
67,quantum/Bures-RBF-SVM,quantum,4,0.2222222222222222,0.2,"{""clf__C"": 10.0, ""clf__gamma_mult"": 4.0}",14.081817900000715
67,quantum/Bures-RBF-SVM,quantum,5,0.4444444444444444,0.6,"{""clf__C"": 0.1, ""clf__gamma_mult"": 0.25}",14.081817900000715
67,quantum/Bures-RBF-SVM,quantum,6,0.4444444444444444,0.35,"{""clf__C"": 0.1, ""clf__gamma_mult"": 0.25}",14.081817900000715
67,quantum/Bures-RBF-SVM,quantum,7,0.3333333333333333,0.25,"{""clf__C"": 10.0, ""clf__gamma_mult"": 1.0}",14.081817900000715
67,quantum/Bures-RBF-SVM,quantum,8,0.1111111111111111,0.0,"{""clf__C"": 10.0, ""clf__gamma_mult"": 0.25}",14.081817900000715
67,quantum/Bures-RBF-SVM,quantum,9,0.2222222222222222,0.1,"{""clf__C"": 10.0, ""clf__gamma_mult"": 4.0}",14.081817900000715
67,quantum/Bures-RBF-SVM,quantum,10,0.2222222222222222,0.15,"{""clf__C"": 1.0, ""clf__gamma_mult"": 4.0}",14.081817900000715
67,quantum/Bures-RBF-SVM,quantum,11,0.3333333333333333,0.45,"{""clf__C"": 1.0, ""clf__gamma_mult"": 4.0}",14.081817900000715
67,quantum/Bures-RBF-SVM,quantum,12,0.2222222222222222,0.1,"{""clf__C"": 10.0, ""clf__gamma_mult"": 4.0}",14.081817900000715
67,quantum/Bures-RBF-SVM,quantum,13,0.5555555555555556,0.55,"{""clf__C"": 0.1, ""clf__gamma_mult"": 0.25}",14.081817900000715
67,quantum/Bures-RBF-SVM,quantum,14,0.2222222222222222,0.15000000000000002,"{""clf__C"": 10.0, ""clf__gamma_mult"": 4.0}",14.081817900000715
67,quantum/QRE-RBF-SVM,quantum,0,0.4444444444444444,0.35,"{""clf__C"": 0.1, ""clf__gamma_mult"": 0.25}",12.535887799999728
67,quantum/QRE-RBF-SVM,quantum,1,0.2222222222222222,0.25,"{""clf__C"": 1.0, ""clf__gamma_mult"": 1.0}",12.535887799999728
67,quantum/QRE-RBF-SVM,quantum,2,0.4444444444444444,0.45,"{""clf__C"": 1.0, ""clf__gamma_mult"": 4.0}",12.535887799999728
67,quantum/QRE-RBF-SVM,quantum,3,0.4444444444444444,0.35,"{""clf__C"": 0.1, ""clf__gamma_mult"": 0.25}",12.535887799999728
67,quantum/QRE-RBF-SVM,quantum,4,0.2222222222222222,0.2,"{""clf__C"": 10.0, ""clf__gamma_mult"": 4.0}",12.535887799999728
67,quantum/QRE-RBF-SVM,quantum,5,0.4444444444444444,0.7,"{""clf__C"": 0.1, ""clf__gamma_mult"": 0.25}",12.535887799999728
67,quantum/QRE-RBF-SVM,quantum,6,0.4444444444444444,0.4,"{""clf__C"": 0.1, ""clf__gamma_mult"": 0.25}",12.535887799999728
67,quantum/QRE-RBF-SVM,quantum,7,0.3333333333333333,0.25,"{""clf__C"": 10.0, ""clf__gamma_mult"": 1.0}",12.535887799999728
67,quantum/QRE-RBF-SVM,quantum,8,0.1111111111111111,0.0,"{""clf__C"": 10.0, ""clf__gamma_mult"": 0.25}",12.535887799999728
67,quantum/QRE-RBF-SVM,quantum,9,0.2222222222222222,0.1,"{""clf__C"": 10.0, ""clf__gamma_mult"": 4.0}",12.535887799999728
67,quantum/QRE-RBF-SVM,quantum,10,0.2222222222222222,0.15,"{""clf__C"": 1.0, ""clf__gamma_mult"": 4.0}",12.535887799999728
67,quantum/QRE-RBF-SVM,quantum,11,0.3333333333333333,0.45,"{""clf__C"": 1.0, ""clf__gamma_mult"": 4.0}",12.535887799999728
67,quantum/QRE-RBF-SVM,quantum,12,0.2222222222222222,0.1,"{""clf__C"": 10.0, ""clf__gamma_mult"": 4.0}",12.535887799999728
67,quantum/QRE-RBF-SVM,quantum,13,0.5555555555555556,0.55,"{""clf__C"": 0.1, ""clf__gamma_mult"": 0.25}",12.535887799999728
67,quantum/QRE-RBF-SVM,quantum,14,0.2222222222222222,0.15000000000000002,"{""clf__C"": 10.0, ""clf__gamma_mult"": 4.0}",12.535887799999728
67,quantum/HS-overlap-ref-SVM,quantum,0,0.4444444444444444,0.65,"{""clf__C"": 0.1}",4.660172599999896
67,quantum/HS-overlap-ref-SVM,quantum,1,0.3333333333333333,0.09999999999999998,"{""clf__C"": 10.0}",4.660172599999896
67,quantum/HS-overlap-ref-SVM,quantum,2,0.5555555555555556,0.35,"{""clf__C"": 10.0}",4.660172599999896
67,quantum/HS-overlap-ref-SVM,quantum,3,0.3333333333333333,0.45,"{""clf__C"": 0.1}",4.660172599999896
67,quantum/HS-overlap-ref-SVM,quantum,4,0.7777777777777778,0.65,"{""clf__C"": 0.1}",4.660172599999896
67,quantum/HS-overlap-ref-SVM,quantum,5,0.4444444444444444,0.35,"{""clf__C"": 0.1}",4.660172599999896
67,quantum/HS-overlap-ref-SVM,quantum,6,0.4444444444444444,0.24999999999999997,"{""clf__C"": 0.1}",4.660172599999896
67,quantum/HS-overlap-ref-SVM,quantum,7,0.4444444444444444,0.4,"{""clf__C"": 0.1}",4.660172599999896
67,quantum/HS-overlap-ref-SVM,quantum,8,0.1111111111111111,0.25,"{""clf__C"": 10.0}",4.660172599999896
67,quantum/HS-overlap-ref-SVM,quantum,9,0.3333333333333333,0.1,"{""clf__C"": 0.1}",4.660172599999896
67,quantum/HS-overlap-ref-SVM,quantum,10,0.2222222222222222,0.25,"{""clf__C"": 10.0}",4.660172599999896
67,quantum/HS-overlap-ref-SVM,quantum,11,0.4444444444444444,0.49999999999999994,"{""clf__C"": 0.1}",4.660172599999896
67,quantum/HS-overlap-ref-SVM,quantum,12,0.5555555555555556,0.6,"{""clf__C"": 0.1}",4.660172599999896
67,quantum/HS-overlap-ref-SVM,quantum,13,0.5555555555555556,0.4,"{""clf__C"": 0.1}",4.660172599999896
67,quantum/HS-overlap-ref-SVM,quantum,14,0.3333333333333333,0.30000000000000004,"{""clf__C"": 0.1}",4.660172599999896
67,quantum/Fidelity-ref-SVM,quantum,0,0.4444444444444444,0.65,"{""clf__C"": 0.1}",6.375793199999862
67,quantum/Fidelity-ref-SVM,quantum,1,0.4444444444444444,0.04999999999999999,"{""clf__C"": 10.0}",6.375793199999862
67,quantum/Fidelity-ref-SVM,quantum,2,0.4444444444444444,0.30000000000000004,"{""clf__C"": 10.0}",6.375793199999862
67,quantum/Fidelity-ref-SVM,quantum,3,0.4444444444444444,0.4,"{""clf__C"": 0.1}",6.375793199999862
67,quantum/Fidelity-ref-SVM,quantum,4,0.5555555555555556,0.65,"{""clf__C"": 0.1}",6.375793199999862
67,quantum/Fidelity-ref-SVM,quantum,5,0.4444444444444444,0.35,"{""clf__C"": 0.1}",6.375793199999862
67,quantum/Fidelity-ref-SVM,quantum,6,0.4444444444444444,0.4,"{""clf__C"": 0.1}",6.375793199999862
67,quantum/Fidelity-ref-SVM,quantum,7,0.5555555555555556,0.45,"{""clf__C"": 0.1}",6.375793199999862
67,quantum/Fidelity-ref-SVM,quantum,8,0.2222222222222222,0.25,"{""clf__C"": 10.0}",6.375793199999862
67,quantum/Fidelity-ref-SVM,quantum,9,0.1111111111111111,0.1,"{""clf__C"": 0.1}",6.375793199999862
67,quantum/Fidelity-ref-SVM,quantum,10,0.2222222222222222,0.3,"{""clf__C"": 10.0}",6.375793199999862
67,quantum/Fidelity-ref-SVM,quantum,11,0.4444444444444444,0.6,"{""clf__C"": 10.0}",6.375793199999862
67,quantum/Fidelity-ref-SVM,quantum,12,0.5555555555555556,0.6,"{""clf__C"": 0.1}",6.375793199999862
67,quantum/Fidelity-ref-SVM,quantum,13,0.5555555555555556,0.4,"{""clf__C"": 0.1}",6.375793199999862
67,quantum/Fidelity-ref-SVM,quantum,14,0.3333333333333333,0.35000000000000003,"{""clf__C"": 0.1}",6.375793199999862
67,quantum/HS-RBF-ref-SVM,quantum,0,0.4444444444444444,0.5499999999999999,"{""clf__C"": 0.1, ""clf__gamma_mult"": 0.25}",12.990998000000218
67,quantum/HS-RBF-ref-SVM,quantum,1,0.4444444444444444,0.19999999999999998,"{""clf__C"": 0.1, ""clf__gamma_mult"": 0.25}",12.990998000000218
67,quantum/HS-RBF-ref-SVM,quantum,2,0.5555555555555556,0.35,"{""clf__C"": 10.0, ""clf__gamma_mult"": 0.25}",12.990998000000218
67,quantum/HS-RBF-ref-SVM,quantum,3,0.4444444444444444,0.25,"{""clf__C"": 10.0, ""clf__gamma_mult"": 1.0}",12.990998000000218
67,quantum/HS-RBF-ref-SVM,quantum,4,0.7777777777777778,0.6,"{""clf__C"": 0.1, ""clf__gamma_mult"": 0.25}",12.990998000000218
67,quantum/HS-RBF-ref-SVM,quantum,5,0.4444444444444444,0.35,"{""clf__C"": 0.1, ""clf__gamma_mult"": 0.25}",12.990998000000218
67,quantum/HS-RBF-ref-SVM,quantum,6,0.4444444444444444,0.24999999999999997,"{""clf__C"": 0.1, ""clf__gamma_mult"": 0.25}",12.990998000000218
67,quantum/HS-RBF-ref-SVM,quantum,7,0.4444444444444444,0.3,"{""clf__C"": 0.1, ""clf__gamma_mult"": 0.25}",12.990998000000218
67,quantum/HS-RBF-ref-SVM,quantum,8,0.2222222222222222,0.1,"{""clf__C"": 10.0, ""clf__gamma_mult"": 0.25}",12.990998000000218
67,quantum/HS-RBF-ref-SVM,quantum,9,0.1111111111111111,0.0,"{""clf__C"": 10.0, ""clf__gamma_mult"": 0.25}",12.990998000000218
67,quantum/HS-RBF-ref-SVM,quantum,10,0.2222222222222222,0.15,"{""clf__C"": 1.0, ""clf__gamma_mult"": 1.0}",12.990998000000218
67,quantum/HS-RBF-ref-SVM,quantum,11,0.3333333333333333,0.15,"{""clf__C"": 1.0, ""clf__gamma_mult"": 4.0}",12.990998000000218
67,quantum/HS-RBF-ref-SVM,quantum,12,0.5555555555555556,0.5,"{""clf__C"": 10.0, ""clf__gamma_mult"": 0.25}",12.990998000000218
67,quantum/HS-RBF-ref-SVM,quantum,13,0.5555555555555556,0.4,"{""clf__C"": 0.1, ""clf__gamma_mult"": 0.25}",12.990998000000218
67,quantum/HS-RBF-ref-SVM,quantum,14,0.3333333333333333,0.2,"{""clf__C"": 0.1, ""clf__gamma_mult"": 0.25}",12.990998000000218
67,quantum/Bures-RBF-ref-SVM,quantum,0,0.4444444444444444,0.5499999999999999,"{""clf__C"": 0.1, ""clf__gamma_mult"": 0.25}",17.104577600000084
67,quantum/Bures-RBF-ref-SVM,quantum,1,0.4444444444444444,0.14999999999999997,"{""clf__C"": 0.1, ""clf__gamma_mult"": 0.25}",17.104577600000084
67,quantum/Bures-RBF-ref-SVM,quantum,2,0.5555555555555556,0.35,"{""clf__C"": 10.0, ""clf__gamma_mult"": 0.25}",17.104577600000084
67,quantum/Bures-RBF-ref-SVM,quantum,3,0.3333333333333333,0.35,"{""clf__C"": 0.1, ""clf__gamma_mult"": 0.25}",17.104577600000084
67,quantum/Bures-RBF-ref-SVM,quantum,4,0.6666666666666666,0.6,"{""clf__C"": 0.1, ""clf__gamma_mult"": 0.25}",17.104577600000084
67,quantum/Bures-RBF-ref-SVM,quantum,5,0.4444444444444444,0.30000000000000004,"{""clf__C"": 0.1, ""clf__gamma_mult"": 0.25}",17.104577600000084
67,quantum/Bures-RBF-ref-SVM,quantum,6,0.4444444444444444,0.4,"{""clf__C"": 0.1, ""clf__gamma_mult"": 0.25}",17.104577600000084
67,quantum/Bures-RBF-ref-SVM,quantum,7,0.3333333333333333,0.15,"{""clf__C"": 10.0, ""clf__gamma_mult"": 0.25}",17.104577600000084
67,quantum/Bures-RBF-ref-SVM,quantum,8,0.3333333333333333,0.15000000000000002,"{""clf__C"": 10.0, ""clf__gamma_mult"": 1.0}",17.104577600000084
67,quantum/Bures-RBF-ref-SVM,quantum,9,0.2222222222222222,0.1,"{""clf__C"": 0.1, ""clf__gamma_mult"": 0.25}",17.104577600000084
67,quantum/Bures-RBF-ref-SVM,quantum,10,0.2222222222222222,0.19999999999999998,"{""clf__C"": 1.0, ""clf__gamma_mult"": 1.0}",17.104577600000084
67,quantum/Bures-RBF-ref-SVM,quantum,11,0.4444444444444444,0.44999999999999996,"{""clf__C"": 0.1, ""clf__gamma_mult"": 0.25}",17.104577600000084
67,quantum/Bures-RBF-ref-SVM,quantum,12,0.3333333333333333,0.35,"{""clf__C"": 10.0, ""clf__gamma_mult"": 0.25}",17.104577600000084
67,quantum/Bures-RBF-ref-SVM,quantum,13,0.2222222222222222,0.25,"{""clf__C"": 10.0, ""clf__gamma_mult"": 1.0}",17.104577600000084
67,quantum/Bures-RBF-ref-SVM,quantum,14,0.3333333333333333,0.2,"{""clf__C"": 1.0, ""clf__gamma_mult"": 1.0}",17.104577600000084
67,quantum/QRE-RBF-ref-SVM,quantum,0,0.4444444444444444,0.5499999999999999,"{""clf__C"": 0.1, ""clf__gamma_mult"": 0.25}",14.864736900000025
67,quantum/QRE-RBF-ref-SVM,quantum,1,0.4444444444444444,0.14999999999999997,"{""clf__C"": 0.1, ""clf__gamma_mult"": 0.25}",14.864736900000025
67,quantum/QRE-RBF-ref-SVM,quantum,2,0.5555555555555556,0.4,"{""clf__C"": 10.0, ""clf__gamma_mult"": 0.25}",14.864736900000025
67,quantum/QRE-RBF-ref-SVM,quantum,3,0.3333333333333333,0.4,"{""clf__C"": 0.1, ""clf__gamma_mult"": 0.25}",14.864736900000025
67,quantum/QRE-RBF-ref-SVM,quantum,4,0.5555555555555556,0.6,"{""clf__C"": 0.1, ""clf__gamma_mult"": 0.25}",14.864736900000025
67,quantum/QRE-RBF-ref-SVM,quantum,5,0.4444444444444444,0.30000000000000004,"{""clf__C"": 0.1, ""clf__gamma_mult"": 0.25}",14.864736900000025
67,quantum/QRE-RBF-ref-SVM,quantum,6,0.4444444444444444,0.4,"{""clf__C"": 0.1, ""clf__gamma_mult"": 0.25}",14.864736900000025
67,quantum/QRE-RBF-ref-SVM,quantum,7,0.5555555555555556,0.3,"{""clf__C"": 0.1, ""clf__gamma_mult"": 0.25}",14.864736900000025
67,quantum/QRE-RBF-ref-SVM,quantum,8,0.2222222222222222,0.2,"{""clf__C"": 10.0, ""clf__gamma_mult"": 1.0}",14.864736900000025
67,quantum/QRE-RBF-ref-SVM,quantum,9,0.2222222222222222,0.1,"{""clf__C"": 0.1, ""clf__gamma_mult"": 0.25}",14.864736900000025
67,quantum/QRE-RBF-ref-SVM,quantum,10,0.2222222222222222,0.19999999999999998,"{""clf__C"": 1.0, ""clf__gamma_mult"": 1.0}",14.864736900000025
67,quantum/QRE-RBF-ref-SVM,quantum,11,0.4444444444444444,0.44999999999999996,"{""clf__C"": 0.1, ""clf__gamma_mult"": 0.25}",14.864736900000025
67,quantum/QRE-RBF-ref-SVM,quantum,12,0.3333333333333333,0.35,"{""clf__C"": 10.0, ""clf__gamma_mult"": 0.25}",14.864736900000025
67,quantum/QRE-RBF-ref-SVM,quantum,13,0.2222222222222222,0.25,"{""clf__C"": 10.0, ""clf__gamma_mult"": 1.0}",14.864736900000025
67,quantum/QRE-RBF-ref-SVM,quantum,14,0.3333333333333333,0.2,"{""clf__C"": 1.0, ""clf__gamma_mult"": 1.0}",14.864736900000025
67,quantum/IQP-kernel-SVM,quantum,0,0.7777777777777778,0.75,"{""clf__C"": 1.0, ""clf__scale"": 1.0}",22.17953149999994
67,quantum/IQP-kernel-SVM,quantum,1,0.1111111111111111,0.04999999999999999,"{""clf__C"": 1.0, ""clf__scale"": 0.5}",22.17953149999994
67,quantum/IQP-kernel-SVM,quantum,2,0.4444444444444444,0.30000000000000004,"{""clf__C"": 1.0, ""clf__scale"": 2.0}",22.17953149999994
67,quantum/IQP-kernel-SVM,quantum,3,0.5555555555555556,0.55,"{""clf__C"": 1.0, ""clf__scale"": 1.0}",22.17953149999994
67,quantum/IQP-kernel-SVM,quantum,4,0.3333333333333333,0.30000000000000004,"{""clf__C"": 1.0, ""clf__scale"": 2.0}",22.17953149999994
67,quantum/IQP-kernel-SVM,quantum,5,0.4444444444444444,0.5,"{""clf__C"": 1.0, ""clf__scale"": 1.0}",22.17953149999994
67,quantum/IQP-kernel-SVM,quantum,6,0.3333333333333333,0.5,"{""clf__C"": 1.0, ""clf__scale"": 2.0}",22.17953149999994
67,quantum/IQP-kernel-SVM,quantum,7,0.3333333333333333,0.35,"{""clf__C"": 10.0, ""clf__scale"": 2.0}",22.17953149999994
67,quantum/IQP-kernel-SVM,quantum,8,0.4444444444444444,0.3,"{""clf__C"": 10.0, ""clf__scale"": 0.5}",22.17953149999994
67,quantum/IQP-kernel-SVM,quantum,9,0.4444444444444444,0.15,"{""clf__C"": 10.0, ""clf__scale"": 2.0}",22.17953149999994
67,quantum/IQP-kernel-SVM,quantum,10,0.6666666666666666,0.5,"{""clf__C"": 10.0, ""clf__scale"": 0.5}",22.17953149999994
67,quantum/IQP-kernel-SVM,quantum,11,0.7777777777777778,0.8500000000000001,"{""clf__C"": 1.0, ""clf__scale"": 2.0}",22.17953149999994
67,quantum/IQP-kernel-SVM,quantum,12,0.5555555555555556,0.55,"{""clf__C"": 1.0, ""clf__scale"": 2.0}",22.17953149999994
67,quantum/IQP-kernel-SVM,quantum,13,0.3333333333333333,0.3,"{""clf__C"": 10.0, ""clf__scale"": 0.5}",22.17953149999994
67,quantum/IQP-kernel-SVM,quantum,14,0.3333333333333333,0.35000000000000003,"{""clf__C"": 10.0, ""clf__scale"": 2.0}",22.17953149999994
67,quantum/CNOT-kernel-SVM,quantum,0,0.7777777777777778,0.9,"{""clf__C"": 1.0, ""clf__scale"": 2.0}",18.772336099999848
67,quantum/CNOT-kernel-SVM,quantum,1,0.2222222222222222,0.2,"{""clf__C"": 10.0, ""clf__scale"": 1.0}",18.772336099999848
67,quantum/CNOT-kernel-SVM,quantum,2,0.3333333333333333,0.45000000000000007,"{""clf__C"": 1.0, ""clf__scale"": 2.0}",18.772336099999848
67,quantum/CNOT-kernel-SVM,quantum,3,0.5555555555555556,0.55,"{""clf__C"": 1.0, ""clf__scale"": 2.0}",18.772336099999848
67,quantum/CNOT-kernel-SVM,quantum,4,0.6666666666666666,0.55,"{""clf__C"": 1.0, ""clf__scale"": 0.5}",18.772336099999848
67,quantum/CNOT-kernel-SVM,quantum,5,0.3333333333333333,0.4,"{""clf__C"": 10.0, ""clf__scale"": 2.0}",18.772336099999848
67,quantum/CNOT-kernel-SVM,quantum,6,0.4444444444444444,0.55,"{""clf__C"": 1.0, ""clf__scale"": 0.5}",18.772336099999848
67,quantum/CNOT-kernel-SVM,quantum,7,0.4444444444444444,0.35,"{""clf__C"": 10.0, ""clf__scale"": 0.5}",18.772336099999848
67,quantum/CNOT-kernel-SVM,quantum,8,0.5555555555555556,0.3,"{""clf__C"": 1.0, ""clf__scale"": 2.0}",18.772336099999848
67,quantum/CNOT-kernel-SVM,quantum,9,0.5555555555555556,0.4,"{""clf__C"": 10.0, ""clf__scale"": 1.0}",18.772336099999848
67,quantum/CNOT-kernel-SVM,quantum,10,0.4444444444444444,0.25,"{""clf__C"": 10.0, ""clf__scale"": 1.0}",18.772336099999848
67,quantum/CNOT-kernel-SVM,quantum,11,0.3333333333333333,0.39999999999999997,"{""clf__C"": 10.0, ""clf__scale"": 2.0}",18.772336099999848
67,quantum/CNOT-kernel-SVM,quantum,12,0.6666666666666666,0.6,"{""clf__C"": 10.0, ""clf__scale"": 2.0}",18.772336099999848
67,quantum/CNOT-kernel-SVM,quantum,13,0.4444444444444444,0.65,"{""clf__C"": 1.0, ""clf__scale"": 2.0}",18.772336099999848
67,quantum/CNOT-kernel-SVM,quantum,14,0.2222222222222222,0.2,"{""clf__C"": 1.0, ""clf__scale"": 2.0}",18.772336099999848
67,control/IQP-no-entangle,control,0,0.5555555555555556,0.7,"{""clf__C"": 10.0, ""clf__scale"": 2.0}",17.263380100000177
67,control/IQP-no-entangle,control,1,0.4444444444444444,0.2,"{""clf__C"": 10.0, ""clf__scale"": 2.0}",17.263380100000177
67,control/IQP-no-entangle,control,2,0.4444444444444444,0.3,"{""clf__C"": 1.0, ""clf__scale"": 2.0}",17.263380100000177
67,control/IQP-no-entangle,control,3,0.5555555555555556,0.5,"{""clf__C"": 1.0, ""clf__scale"": 2.0}",17.263380100000177
67,control/IQP-no-entangle,control,4,0.6666666666666666,0.6,"{""clf__C"": 10.0, ""clf__scale"": 0.5}",17.263380100000177
67,control/IQP-no-entangle,control,5,0.4444444444444444,0.44999999999999996,"{""clf__C"": 0.1, ""clf__scale"": 0.5}",17.263380100000177
67,control/IQP-no-entangle,control,6,0.4444444444444444,0.44999999999999996,"{""clf__C"": 1.0, ""clf__scale"": 0.5}",17.263380100000177
67,control/IQP-no-entangle,control,7,0.4444444444444444,0.4,"{""clf__C"": 10.0, ""clf__scale"": 0.5}",17.263380100000177
67,control/IQP-no-entangle,control,8,0.4444444444444444,0.25,"{""clf__C"": 10.0, ""clf__scale"": 0.5}",17.263380100000177
67,control/IQP-no-entangle,control,9,0.4444444444444444,0.4,"{""clf__C"": 10.0, ""clf__scale"": 1.0}",17.263380100000177
67,control/IQP-no-entangle,control,10,0.2222222222222222,0.5,"{""clf__C"": 10.0, ""clf__scale"": 0.5}",17.263380100000177
67,control/IQP-no-entangle,control,11,0.4444444444444444,0.55,"{""clf__C"": 10.0, ""clf__scale"": 2.0}",17.263380100000177
67,control/IQP-no-entangle,control,12,0.6666666666666666,0.55,"{""clf__C"": 10.0, ""clf__scale"": 2.0}",17.263380100000177
67,control/IQP-no-entangle,control,13,0.4444444444444444,0.55,"{""clf__C"": 1.0, ""clf__scale"": 2.0}",17.263380100000177
67,control/IQP-no-entangle,control,14,0.4444444444444444,0.35,"{""clf__C"": 1.0, ""clf__scale"": 2.0}",17.263380100000177
67,control/PCA-matched-RBF,control,0,0.4444444444444444,0.9,"{""clf__C"": 0.1, ""clf__gamma"": ""scale""}",13.703715399999965
67,control/PCA-matched-RBF,control,1,0.4444444444444444,0.0,"{""clf__C"": 10.0, ""clf__gamma"": 0.01}",13.703715399999965
67,control/PCA-matched-RBF,control,2,0.4444444444444444,0.30000000000000004,"{""clf__C"": 10.0, ""clf__gamma"": 0.01}",13.703715399999965
67,control/PCA-matched-RBF,control,3,0.5555555555555556,0.5499999999999999,"{""clf__C"": 1.0, ""clf__gamma"": ""scale""}",13.703715399999965
67,control/PCA-matched-RBF,control,4,0.5555555555555556,0.6,"{""clf__C"": 10.0, ""clf__gamma"": 0.1}",13.703715399999965
67,control/PCA-matched-RBF,control,5,0.5555555555555556,0.5499999999999999,"{""clf__C"": 10.0, ""clf__gamma"": 0.1}",13.703715399999965
67,control/PCA-matched-RBF,control,6,0.4444444444444444,0.4,"{""clf__C"": 1.0, ""clf__gamma"": ""scale""}",13.703715399999965
67,control/PCA-matched-RBF,control,7,0.3333333333333333,0.5,"{""clf__C"": 10.0, ""clf__gamma"": 0.01}",13.703715399999965
67,control/PCA-matched-RBF,control,8,0.1111111111111111,0.1,"{""clf__C"": 1.0, ""clf__gamma"": 0.1}",13.703715399999965
67,control/PCA-matched-RBF,control,9,0.4444444444444444,0.5,"{""clf__C"": 10.0, ""clf__gamma"": ""scale""}",13.703715399999965
67,control/PCA-matched-RBF,control,10,0.3333333333333333,0.5,"{""clf__C"": 1.0, ""clf__gamma"": 0.1}",13.703715399999965
67,control/PCA-matched-RBF,control,11,0.4444444444444444,0.44999999999999996,"{""clf__C"": 0.1, ""clf__gamma"": ""scale""}",13.703715399999965
67,control/PCA-matched-RBF,control,12,0.5555555555555556,0.5499999999999999,"{""clf__C"": 10.0, ""clf__gamma"": ""scale""}",13.703715399999965
67,control/PCA-matched-RBF,control,13,0.3333333333333333,0.45,"{""clf__C"": 10.0, ""clf__gamma"": 0.1}",13.703715399999965
67,control/PCA-matched-RBF,control,14,0.4444444444444444,0.35,"{""clf__C"": 10.0, ""clf__gamma"": ""scale""}",13.703715399999965
67,control/PCA-matched-linear,control,0,0.4444444444444444,0.85,"{""clf__C"": 0.1}",4.935429600000134
67,control/PCA-matched-linear,control,1,0.1111111111111111,0.0,"{""clf__C"": 1.0}",4.935429600000134
67,control/PCA-matched-linear,control,2,0.4444444444444444,0.25,"{""clf__C"": 0.1}",4.935429600000134
67,control/PCA-matched-linear,control,3,0.5555555555555556,0.6,"{""clf__C"": 10.0}",4.935429600000134
67,control/PCA-matched-linear,control,4,0.6666666666666666,0.6,"{""clf__C"": 10.0}",4.935429600000134
67,control/PCA-matched-linear,control,5,0.4444444444444444,0.5,"{""clf__C"": 0.1}",4.935429600000134
67,control/PCA-matched-linear,control,6,0.4444444444444444,0.65,"{""clf__C"": 0.1}",4.935429600000134
67,control/PCA-matched-linear,control,7,0.4444444444444444,0.35,"{""clf__C"": 1.0}",4.935429600000134
67,control/PCA-matched-linear,control,8,0.2222222222222222,0.25,"{""clf__C"": 0.1}",4.935429600000134
67,control/PCA-matched-linear,control,9,0.4444444444444444,0.45000000000000007,"{""clf__C"": 1.0}",4.935429600000134
67,control/PCA-matched-linear,control,10,0.2222222222222222,0.3,"{""clf__C"": 1.0}",4.935429600000134
67,control/PCA-matched-linear,control,11,0.4444444444444444,0.9,"{""clf__C"": 0.1}",4.935429600000134
67,control/PCA-matched-linear,control,12,0.6666666666666666,1.0,"{""clf__C"": 0.1}",4.935429600000134
67,control/PCA-matched-linear,control,13,0.3333333333333333,0.45,"{""clf__C"": 10.0}",4.935429600000134
67,control/PCA-matched-linear,control,14,0.3333333333333333,0.25,"{""clf__C"": 0.1}",4.935429600000134
67,control/logeuclid-TS+LR,control,0,0.4444444444444444,0.55,"{""clf__C"": 1.0}",4.289201699999467
67,control/logeuclid-TS+LR,control,1,0.2222222222222222,0.14999999999999997,"{""clf__C"": 0.1}",4.289201699999467
67,control/logeuclid-TS+LR,control,2,0.3333333333333333,0.35000000000000003,"{""clf__C"": 10.0}",4.289201699999467
67,control/logeuclid-TS+LR,control,3,0.5555555555555556,0.55,"{""clf__C"": 10.0}",4.289201699999467
67,control/logeuclid-TS+LR,control,4,0.4444444444444444,0.5,"{""clf__C"": 10.0}",4.289201699999467
67,control/logeuclid-TS+LR,control,5,0.3333333333333333,0.24999999999999997,"{""clf__C"": 10.0}",4.289201699999467
67,control/logeuclid-TS+LR,control,6,0.1111111111111111,0.0,"{""clf__C"": 0.1}",4.289201699999467
67,control/logeuclid-TS+LR,control,7,0.4444444444444444,0.25,"{""clf__C"": 1.0}",4.289201699999467
67,control/logeuclid-TS+LR,control,8,0.1111111111111111,0.2,"{""clf__C"": 0.1}",4.289201699999467
67,control/logeuclid-TS+LR,control,9,0.3333333333333333,0.15000000000000002,"{""clf__C"": 1.0}",4.289201699999467
67,control/logeuclid-TS+LR,control,10,0.2222222222222222,0.3,"{""clf__C"": 0.1}",4.289201699999467
67,control/logeuclid-TS+LR,control,11,0.5555555555555556,0.7000000000000001,"{""clf__C"": 10.0}",4.289201699999467
67,control/logeuclid-TS+LR,control,12,0.6666666666666666,0.6,"{""clf__C"": 10.0}",4.289201699999467
67,control/logeuclid-TS+LR,control,13,0.4444444444444444,0.65,"{""clf__C"": 10.0}",4.289201699999467
67,control/logeuclid-TS+LR,control,14,0.2222222222222222,0.15000000000000002,"{""clf__C"": 0.1}",4.289201699999467
67,control/riemann-kernel-SVM,control,0,0.4444444444444444,0.6,"{""clf__C"": 0.1}",4.513017700000091
67,control/riemann-kernel-SVM,control,1,0.4444444444444444,0.24999999999999997,"{""clf__C"": 10.0}",4.513017700000091
67,control/riemann-kernel-SVM,control,2,0.4444444444444444,0.4,"{""clf__C"": 1.0}",4.513017700000091
67,control/riemann-kernel-SVM,control,3,0.4444444444444444,0.6,"{""clf__C"": 10.0}",4.513017700000091
67,control/riemann-kernel-SVM,control,4,0.5555555555555556,0.55,"{""clf__C"": 0.1}",4.513017700000091
67,control/riemann-kernel-SVM,control,5,0.4444444444444444,0.55,"{""clf__C"": 0.1}",4.513017700000091
67,control/riemann-kernel-SVM,control,6,0.4444444444444444,0.45,"{""clf__C"": 0.1}",4.513017700000091
67,control/riemann-kernel-SVM,control,7,0.4444444444444444,0.4,"{""clf__C"": 0.1}",4.513017700000091
67,control/riemann-kernel-SVM,control,8,0.2222222222222222,0.25,"{""clf__C"": 1.0}",4.513017700000091
67,control/riemann-kernel-SVM,control,9,0.5555555555555556,0.4,"{""clf__C"": 0.1}",4.513017700000091
67,control/riemann-kernel-SVM,control,10,0.2222222222222222,0.3,"{""clf__C"": 0.1}",4.513017700000091
67,control/riemann-kernel-SVM,control,11,0.5555555555555556,0.55,"{""clf__C"": 1.0}",4.513017700000091
67,control/riemann-kernel-SVM,control,12,0.5555555555555556,0.4,"{""clf__C"": 10.0}",4.513017700000091
67,control/riemann-kernel-SVM,control,13,0.3333333333333333,0.4,"{""clf__C"": 10.0}",4.513017700000091
67,control/riemann-kernel-SVM,control,14,0.2222222222222222,0.2,"{""clf__C"": 0.1}",4.513017700000091
67,control/logeuclid-kernel-SVM,control,0,0.4444444444444444,0.6,"{""clf__C"": 0.1}",4.536241800000425
67,control/logeuclid-kernel-SVM,control,1,0.4444444444444444,0.14999999999999997,"{""clf__C"": 0.1}",4.536241800000425
67,control/logeuclid-kernel-SVM,control,2,0.5555555555555556,0.39999999999999997,"{""clf__C"": 1.0}",4.536241800000425
67,control/logeuclid-kernel-SVM,control,3,0.2222222222222222,0.2,"{""clf__C"": 0.1}",4.536241800000425
67,control/logeuclid-kernel-SVM,control,4,0.5555555555555556,0.55,"{""clf__C"": 0.1}",4.536241800000425
67,control/logeuclid-kernel-SVM,control,5,0.4444444444444444,0.55,"{""clf__C"": 0.1}",4.536241800000425
67,control/logeuclid-kernel-SVM,control,6,0.4444444444444444,0.55,"{""clf__C"": 0.1}",4.536241800000425
67,control/logeuclid-kernel-SVM,control,7,0.3333333333333333,0.3,"{""clf__C"": 1.0}",4.536241800000425
67,control/logeuclid-kernel-SVM,control,8,0.2222222222222222,0.25,"{""clf__C"": 1.0}",4.536241800000425
67,control/logeuclid-kernel-SVM,control,9,0.5555555555555556,0.65,"{""clf__C"": 0.1}",4.536241800000425
67,control/logeuclid-kernel-SVM,control,10,0.2222222222222222,0.3,"{""clf__C"": 0.1}",4.536241800000425
67,control/logeuclid-kernel-SVM,control,11,0.5555555555555556,0.49999999999999994,"{""clf__C"": 1.0}",4.536241800000425
67,control/logeuclid-kernel-SVM,control,12,0.5555555555555556,0.75,"{""clf__C"": 0.1}",4.536241800000425
67,control/logeuclid-kernel-SVM,control,13,0.3333333333333333,0.45,"{""clf__C"": 10.0}",4.536241800000425
67,control/logeuclid-kernel-SVM,control,14,0.2222222222222222,0.2,"{""clf__C"": 0.1}",4.536241800000425
68,classical/logvar+LDA,classical,0,0.7777777777777778,0.75,{},0.08423820000007254
68,classical/logvar+LDA,classical,1,0.4444444444444444,0.35000000000000003,{},0.08423820000007254
68,classical/logvar+LDA,classical,2,0.3333333333333333,0.4,{},0.08423820000007254
68,classical/logvar+LDA,classical,3,0.3333333333333333,0.39999999999999997,{},0.08423820000007254
68,classical/logvar+LDA,classical,4,0.3333333333333333,0.35,{},0.08423820000007254
68,classical/logvar+LDA,classical,5,0.4444444444444444,0.55,{},0.08423820000007254
68,classical/logvar+LDA,classical,6,0.4444444444444444,0.4,{},0.08423820000007254
68,classical/logvar+LDA,classical,7,0.2222222222222222,0.30000000000000004,{},0.08423820000007254
68,classical/logvar+LDA,classical,8,0.4444444444444444,0.6000000000000001,{},0.08423820000007254
68,classical/logvar+LDA,classical,9,0.5555555555555556,0.7,{},0.08423820000007254
68,classical/logvar+LDA,classical,10,0.3333333333333333,0.4,{},0.08423820000007254
68,classical/logvar+LDA,classical,11,0.3333333333333333,0.4,{},0.08423820000007254
68,classical/logvar+LDA,classical,12,0.4444444444444444,0.35,{},0.08423820000007254
68,classical/logvar+LDA,classical,13,0.4444444444444444,0.6,{},0.08423820000007254
68,classical/logvar+LDA,classical,14,0.4444444444444444,0.3,{},0.08423820000007254
68,classical/CSP+LDA,classical,0,0.6666666666666666,0.8,"{""csp__nfilter"": 2}",3.7885113000002093
68,classical/CSP+LDA,classical,1,0.5555555555555556,0.55,"{""csp__nfilter"": 4}",3.7885113000002093
68,classical/CSP+LDA,classical,2,0.3333333333333333,0.5,"{""csp__nfilter"": 6}",3.7885113000002093
68,classical/CSP+LDA,classical,3,0.4444444444444444,0.5,"{""csp__nfilter"": 2}",3.7885113000002093
68,classical/CSP+LDA,classical,4,0.2222222222222222,0.24999999999999997,"{""csp__nfilter"": 2}",3.7885113000002093
68,classical/CSP+LDA,classical,5,0.4444444444444444,0.5,"{""csp__nfilter"": 2}",3.7885113000002093
68,classical/CSP+LDA,classical,6,0.5555555555555556,0.45,"{""csp__nfilter"": 6}",3.7885113000002093
68,classical/CSP+LDA,classical,7,0.2222222222222222,0.25,"{""csp__nfilter"": 6}",3.7885113000002093
68,classical/CSP+LDA,classical,8,0.4444444444444444,0.6,"{""csp__nfilter"": 2}",3.7885113000002093
68,classical/CSP+LDA,classical,9,0.6666666666666666,0.8500000000000001,"{""csp__nfilter"": 6}",3.7885113000002093
68,classical/CSP+LDA,classical,10,0.3333333333333333,0.45,"{""csp__nfilter"": 6}",3.7885113000002093
68,classical/CSP+LDA,classical,11,0.3333333333333333,0.35000000000000003,"{""csp__nfilter"": 6}",3.7885113000002093
68,classical/CSP+LDA,classical,12,0.5555555555555556,0.5,"{""csp__nfilter"": 6}",3.7885113000002093
68,classical/CSP+LDA,classical,13,0.4444444444444444,0.5,"{""csp__nfilter"": 2}",3.7885113000002093
68,classical/CSP+LDA,classical,14,0.4444444444444444,0.3,"{""csp__nfilter"": 2}",3.7885113000002093
68,classical/MDM,classical,0,0.5555555555555556,0.8,{},0.4805913000000146
68,classical/MDM,classical,1,0.4444444444444444,0.6,{},0.4805913000000146
68,classical/MDM,classical,2,0.4444444444444444,0.7,{},0.4805913000000146
68,classical/MDM,classical,3,0.4444444444444444,0.5499999999999999,{},0.4805913000000146
68,classical/MDM,classical,4,0.4444444444444444,0.35,{},0.4805913000000146
68,classical/MDM,classical,5,0.5555555555555556,0.6000000000000001,{},0.4805913000000146
68,classical/MDM,classical,6,0.4444444444444444,0.6,{},0.4805913000000146
68,classical/MDM,classical,7,0.4444444444444444,0.5,{},0.4805913000000146
68,classical/MDM,classical,8,0.4444444444444444,0.44999999999999996,{},0.4805913000000146
68,classical/MDM,classical,9,0.7777777777777778,0.75,{},0.4805913000000146
68,classical/MDM,classical,10,0.6666666666666666,0.8500000000000001,{},0.4805913000000146
68,classical/MDM,classical,11,0.4444444444444444,0.35,{},0.4805913000000146
68,classical/MDM,classical,12,0.4444444444444444,0.7,{},0.4805913000000146
68,classical/MDM,classical,13,0.3333333333333333,0.6,{},0.4805913000000146
68,classical/MDM,classical,14,0.4444444444444444,0.35,{},0.4805913000000146
68,classical/TS+LR,classical,0,0.5555555555555556,0.49999999999999994,"{""clf__C"": 10.0}",4.78761730000042
68,classical/TS+LR,classical,1,0.4444444444444444,0.7,"{""clf__C"": 10.0}",4.78761730000042
68,classical/TS+LR,classical,2,0.5555555555555556,0.45,"{""clf__C"": 0.1}",4.78761730000042
68,classical/TS+LR,classical,3,0.4444444444444444,0.44999999999999996,"{""clf__C"": 0.1}",4.78761730000042
68,classical/TS+LR,classical,4,0.7777777777777778,0.6000000000000001,"{""clf__C"": 0.1}",4.78761730000042
68,classical/TS+LR,classical,5,0.4444444444444444,0.35,"{""clf__C"": 0.1}",4.78761730000042
68,classical/TS+LR,classical,6,0.4444444444444444,0.6,"{""clf__C"": 1.0}",4.78761730000042
68,classical/TS+LR,classical,7,0.3333333333333333,0.2,"{""clf__C"": 0.1}",4.78761730000042
68,classical/TS+LR,classical,8,0.4444444444444444,0.5499999999999999,"{""clf__C"": 10.0}",4.78761730000042
68,classical/TS+LR,classical,9,0.4444444444444444,0.7,"{""clf__C"": 0.1}",4.78761730000042
68,classical/TS+LR,classical,10,0.6666666666666666,0.55,"{""clf__C"": 1.0}",4.78761730000042
68,classical/TS+LR,classical,11,0.2222222222222222,0.15000000000000002,"{""clf__C"": 10.0}",4.78761730000042
68,classical/TS+LR,classical,12,0.4444444444444444,0.65,"{""clf__C"": 1.0}",4.78761730000042
68,classical/TS+LR,classical,13,0.5555555555555556,0.6,"{""clf__C"": 0.1}",4.78761730000042
68,classical/TS+LR,classical,14,0.5555555555555556,0.44999999999999996,"{""clf__C"": 1.0}",4.78761730000042
68,classical/TS+RBF-SVM,classical,0,0.6666666666666666,0.7,"{""clf__C"": 0.1, ""clf__gamma"": ""scale""}",12.652530400000614
68,classical/TS+RBF-SVM,classical,1,0.4444444444444444,0.5,"{""clf__C"": 10.0, ""clf__gamma"": ""scale""}",12.652530400000614
68,classical/TS+RBF-SVM,classical,2,0.3333333333333333,0.45,"{""clf__C"": 10.0, ""clf__gamma"": 0.01}",12.652530400000614
68,classical/TS+RBF-SVM,classical,3,0.4444444444444444,0.35,"{""clf__C"": 0.1, ""clf__gamma"": ""scale""}",12.652530400000614
68,classical/TS+RBF-SVM,classical,4,0.6666666666666666,0.6000000000000001,"{""clf__C"": 10.0, ""clf__gamma"": 0.01}",12.652530400000614
68,classical/TS+RBF-SVM,classical,5,0.5555555555555556,0.35,"{""clf__C"": 10.0, ""clf__gamma"": 0.01}",12.652530400000614
68,classical/TS+RBF-SVM,classical,6,0.4444444444444444,0.49999999999999994,"{""clf__C"": 10.0, ""clf__gamma"": 0.01}",12.652530400000614
68,classical/TS+RBF-SVM,classical,7,0.3333333333333333,0.35,"{""clf__C"": 10.0, ""clf__gamma"": 0.01}",12.652530400000614
68,classical/TS+RBF-SVM,classical,8,0.4444444444444444,0.5499999999999999,"{""clf__C"": 0.1, ""clf__gamma"": ""scale""}",12.652530400000614
68,classical/TS+RBF-SVM,classical,9,0.4444444444444444,0.55,"{""clf__C"": 0.1, ""clf__gamma"": ""scale""}",12.652530400000614
68,classical/TS+RBF-SVM,classical,10,0.4444444444444444,0.5,"{""clf__C"": 10.0, ""clf__gamma"": ""scale""}",12.652530400000614
68,classical/TS+RBF-SVM,classical,11,0.1111111111111111,0.15000000000000002,"{""clf__C"": 10.0, ""clf__gamma"": ""scale""}",12.652530400000614
68,classical/TS+RBF-SVM,classical,12,0.6666666666666666,0.65,"{""clf__C"": 1.0, ""clf__gamma"": ""scale""}",12.652530400000614
68,classical/TS+RBF-SVM,classical,13,0.4444444444444444,0.55,"{""clf__C"": 0.1, ""clf__gamma"": ""scale""}",12.652530400000614
68,classical/TS+RBF-SVM,classical,14,0.3333333333333333,0.25,"{""clf__C"": 10.0, ""clf__gamma"": 0.01}",12.652530400000614
68,quantum/HS-overlap-SVM,quantum,0,0.7777777777777778,0.75,"{""clf__C"": 0.1}",3.8392383000000336
68,quantum/HS-overlap-SVM,quantum,1,0.3333333333333333,0.4,"{""clf__C"": 0.1}",3.8392383000000336
68,quantum/HS-overlap-SVM,quantum,2,0.2222222222222222,0.4,"{""clf__C"": 0.1}",3.8392383000000336
68,quantum/HS-overlap-SVM,quantum,3,0.4444444444444444,0.49999999999999994,"{""clf__C"": 0.1}",3.8392383000000336
68,quantum/HS-overlap-SVM,quantum,4,0.4444444444444444,0.35,"{""clf__C"": 0.1}",3.8392383000000336
68,quantum/HS-overlap-SVM,quantum,5,0.5555555555555556,0.55,"{""clf__C"": 0.1}",3.8392383000000336
68,quantum/HS-overlap-SVM,quantum,6,0.4444444444444444,0.5499999999999999,"{""clf__C"": 0.1}",3.8392383000000336
68,quantum/HS-overlap-SVM,quantum,7,0.5555555555555556,0.5,"{""clf__C"": 0.1}",3.8392383000000336
68,quantum/HS-overlap-SVM,quantum,8,0.4444444444444444,0.6,"{""clf__C"": 0.1}",3.8392383000000336
68,quantum/HS-overlap-SVM,quantum,9,0.4444444444444444,0.7,"{""clf__C"": 0.1}",3.8392383000000336
68,quantum/HS-overlap-SVM,quantum,10,0.4444444444444444,0.5,"{""clf__C"": 0.1}",3.8392383000000336
68,quantum/HS-overlap-SVM,quantum,11,0.2222222222222222,0.4,"{""clf__C"": 0.1}",3.8392383000000336
68,quantum/HS-overlap-SVM,quantum,12,0.3333333333333333,0.35,"{""clf__C"": 0.1}",3.8392383000000336
68,quantum/HS-overlap-SVM,quantum,13,0.4444444444444444,0.55,"{""clf__C"": 0.1}",3.8392383000000336
68,quantum/HS-overlap-SVM,quantum,14,0.4444444444444444,0.14999999999999997,"{""clf__C"": 0.1}",3.8392383000000336
68,quantum/Fidelity-SVM,quantum,0,0.6666666666666666,0.6,"{""clf__C"": 0.1}",5.282100400000672
68,quantum/Fidelity-SVM,quantum,1,0.3333333333333333,0.6,"{""clf__C"": 0.1}",5.282100400000672
68,quantum/Fidelity-SVM,quantum,2,0.2222222222222222,0.25,"{""clf__C"": 0.1}",5.282100400000672
68,quantum/Fidelity-SVM,quantum,3,0.4444444444444444,0.3,"{""clf__C"": 0.1}",5.282100400000672
68,quantum/Fidelity-SVM,quantum,4,0.4444444444444444,0.35000000000000003,"{""clf__C"": 0.1}",5.282100400000672
68,quantum/Fidelity-SVM,quantum,5,0.4444444444444444,0.4,"{""clf__C"": 0.1}",5.282100400000672
68,quantum/Fidelity-SVM,quantum,6,0.5555555555555556,0.5,"{""clf__C"": 0.1}",5.282100400000672
68,quantum/Fidelity-SVM,quantum,7,0.3333333333333333,0.25,"{""clf__C"": 0.1}",5.282100400000672
68,quantum/Fidelity-SVM,quantum,8,0.4444444444444444,0.4,"{""clf__C"": 0.1}",5.282100400000672
68,quantum/Fidelity-SVM,quantum,9,0.4444444444444444,0.5499999999999999,"{""clf__C"": 0.1}",5.282100400000672
68,quantum/Fidelity-SVM,quantum,10,0.2222222222222222,0.2,"{""clf__C"": 0.1}",5.282100400000672
68,quantum/Fidelity-SVM,quantum,11,0.3333333333333333,0.4,"{""clf__C"": 0.1}",5.282100400000672
68,quantum/Fidelity-SVM,quantum,12,0.4444444444444444,0.55,"{""clf__C"": 0.1}",5.282100400000672
68,quantum/Fidelity-SVM,quantum,13,0.4444444444444444,0.65,"{""clf__C"": 0.1}",5.282100400000672
68,quantum/Fidelity-SVM,quantum,14,0.4444444444444444,0.3,"{""clf__C"": 10.0}",5.282100400000672
68,quantum/HS-RBF-SVM,quantum,0,0.5555555555555556,0.7,"{""clf__C"": 1.0, ""clf__gamma_mult"": 4.0}",10.811930500000017
68,quantum/HS-RBF-SVM,quantum,1,0.5555555555555556,0.65,"{""clf__C"": 1.0, ""clf__gamma_mult"": 4.0}",10.811930500000017
68,quantum/HS-RBF-SVM,quantum,2,0.3333333333333333,0.2,"{""clf__C"": 10.0, ""clf__gamma_mult"": 1.0}",10.811930500000017
68,quantum/HS-RBF-SVM,quantum,3,0.4444444444444444,0.6499999999999999,"{""clf__C"": 10.0, ""clf__gamma_mult"": 4.0}",10.811930500000017
68,quantum/HS-RBF-SVM,quantum,4,0.6666666666666666,0.6,"{""clf__C"": 10.0, ""clf__gamma_mult"": 0.25}",10.811930500000017
68,quantum/HS-RBF-SVM,quantum,5,0.6666666666666666,0.7000000000000001,"{""clf__C"": 1.0, ""clf__gamma_mult"": 4.0}",10.811930500000017
68,quantum/HS-RBF-SVM,quantum,6,0.4444444444444444,0.45000000000000007,"{""clf__C"": 1.0, ""clf__gamma_mult"": 4.0}",10.811930500000017
68,quantum/HS-RBF-SVM,quantum,7,0.4444444444444444,0.25,"{""clf__C"": 1.0, ""clf__gamma_mult"": 4.0}",10.811930500000017
68,quantum/HS-RBF-SVM,quantum,8,0.2222222222222222,0.35,"{""clf__C"": 10.0, ""clf__gamma_mult"": 4.0}",10.811930500000017
68,quantum/HS-RBF-SVM,quantum,9,0.5555555555555556,0.55,"{""clf__C"": 10.0, ""clf__gamma_mult"": 0.25}",10.811930500000017
68,quantum/HS-RBF-SVM,quantum,10,0.4444444444444444,0.5,"{""clf__C"": 1.0, ""clf__gamma_mult"": 1.0}",10.811930500000017
68,quantum/HS-RBF-SVM,quantum,11,0.5555555555555556,0.7,"{""clf__C"": 10.0, ""clf__gamma_mult"": 1.0}",10.811930500000017
68,quantum/HS-RBF-SVM,quantum,12,0.4444444444444444,0.45,"{""clf__C"": 10.0, ""clf__gamma_mult"": 1.0}",10.811930500000017
68,quantum/HS-RBF-SVM,quantum,13,0.5555555555555556,0.75,"{""clf__C"": 1.0, ""clf__gamma_mult"": 4.0}",10.811930500000017
68,quantum/HS-RBF-SVM,quantum,14,0.4444444444444444,0.3,"{""clf__C"": 10.0, ""clf__gamma_mult"": 0.25}",10.811930500000017
68,quantum/Bures-RBF-SVM,quantum,0,0.5555555555555556,0.75,"{""clf__C"": 0.1, ""clf__gamma_mult"": 0.25}",14.183565299999827
68,quantum/Bures-RBF-SVM,quantum,1,0.4444444444444444,0.4,"{""clf__C"": 10.0, ""clf__gamma_mult"": 4.0}",14.183565299999827
68,quantum/Bures-RBF-SVM,quantum,2,0.3333333333333333,0.2,"{""clf__C"": 10.0, ""clf__gamma_mult"": 1.0}",14.183565299999827
68,quantum/Bures-RBF-SVM,quantum,3,0.4444444444444444,0.55,"{""clf__C"": 1.0, ""clf__gamma_mult"": 4.0}",14.183565299999827
68,quantum/Bures-RBF-SVM,quantum,4,0.3333333333333333,0.35,"{""clf__C"": 1.0, ""clf__gamma_mult"": 4.0}",14.183565299999827
68,quantum/Bures-RBF-SVM,quantum,5,0.4444444444444444,0.6499999999999999,"{""clf__C"": 1.0, ""clf__gamma_mult"": 1.0}",14.183565299999827
68,quantum/Bures-RBF-SVM,quantum,6,0.4444444444444444,0.4,"{""clf__C"": 10.0, ""clf__gamma_mult"": 1.0}",14.183565299999827
68,quantum/Bures-RBF-SVM,quantum,7,0.3333333333333333,0.2,"{""clf__C"": 1.0, ""clf__gamma_mult"": 4.0}",14.183565299999827
68,quantum/Bures-RBF-SVM,quantum,8,0.4444444444444444,0.44999999999999996,"{""clf__C"": 10.0, ""clf__gamma_mult"": 0.25}",14.183565299999827
68,quantum/Bures-RBF-SVM,quantum,9,0.5555555555555556,0.55,"{""clf__C"": 10.0, ""clf__gamma_mult"": 0.25}",14.183565299999827
68,quantum/Bures-RBF-SVM,quantum,10,0.4444444444444444,0.45,"{""clf__C"": 10.0, ""clf__gamma_mult"": 0.25}",14.183565299999827
68,quantum/Bures-RBF-SVM,quantum,11,0.6666666666666666,0.7,"{""clf__C"": 10.0, ""clf__gamma_mult"": 1.0}",14.183565299999827
68,quantum/Bures-RBF-SVM,quantum,12,0.3333333333333333,0.4,"{""clf__C"": 1.0, ""clf__gamma_mult"": 4.0}",14.183565299999827
68,quantum/Bures-RBF-SVM,quantum,13,0.5555555555555556,0.65,"{""clf__C"": 1.0, ""clf__gamma_mult"": 1.0}",14.183565299999827
68,quantum/Bures-RBF-SVM,quantum,14,0.3333333333333333,0.25,"{""clf__C"": 10.0, ""clf__gamma_mult"": 0.25}",14.183565299999827
68,quantum/QRE-RBF-SVM,quantum,0,0.6666666666666666,0.75,"{""clf__C"": 0.1, ""clf__gamma_mult"": 0.25}",12.95534039999984
68,quantum/QRE-RBF-SVM,quantum,1,0.5555555555555556,0.44999999999999996,"{""clf__C"": 10.0, ""clf__gamma_mult"": 4.0}",12.95534039999984
68,quantum/QRE-RBF-SVM,quantum,2,0.3333333333333333,0.1,"{""clf__C"": 10.0, ""clf__gamma_mult"": 0.25}",12.95534039999984
68,quantum/QRE-RBF-SVM,quantum,3,0.4444444444444444,0.8,"{""clf__C"": 10.0, ""clf__gamma_mult"": 4.0}",12.95534039999984
68,quantum/QRE-RBF-SVM,quantum,4,0.4444444444444444,0.30000000000000004,"{""clf__C"": 1.0, ""clf__gamma_mult"": 4.0}",12.95534039999984
68,quantum/QRE-RBF-SVM,quantum,5,0.6666666666666666,0.6500000000000001,"{""clf__C"": 10.0, ""clf__gamma_mult"": 1.0}",12.95534039999984
68,quantum/QRE-RBF-SVM,quantum,6,0.4444444444444444,0.4,"{""clf__C"": 10.0, ""clf__gamma_mult"": 1.0}",12.95534039999984
68,quantum/QRE-RBF-SVM,quantum,7,0.2222222222222222,0.2,"{""clf__C"": 1.0, ""clf__gamma_mult"": 4.0}",12.95534039999984
68,quantum/QRE-RBF-SVM,quantum,8,0.4444444444444444,0.44999999999999996,"{""clf__C"": 10.0, ""clf__gamma_mult"": 0.25}",12.95534039999984
68,quantum/QRE-RBF-SVM,quantum,9,0.5555555555555556,0.5,"{""clf__C"": 10.0, ""clf__gamma_mult"": 0.25}",12.95534039999984
68,quantum/QRE-RBF-SVM,quantum,10,0.5555555555555556,0.7,"{""clf__C"": 10.0, ""clf__gamma_mult"": 1.0}",12.95534039999984
68,quantum/QRE-RBF-SVM,quantum,11,0.4444444444444444,0.5499999999999999,"{""clf__C"": 10.0, ""clf__gamma_mult"": 0.25}",12.95534039999984
68,quantum/QRE-RBF-SVM,quantum,12,0.4444444444444444,0.35000000000000003,"{""clf__C"": 10.0, ""clf__gamma_mult"": 0.25}",12.95534039999984
68,quantum/QRE-RBF-SVM,quantum,13,0.5555555555555556,0.65,"{""clf__C"": 1.0, ""clf__gamma_mult"": 1.0}",12.95534039999984
68,quantum/QRE-RBF-SVM,quantum,14,0.3333333333333333,0.19999999999999998,"{""clf__C"": 10.0, ""clf__gamma_mult"": 0.25}",12.95534039999984
68,quantum/HS-overlap-ref-SVM,quantum,0,0.6666666666666666,0.7,"{""clf__C"": 10.0}",4.674021800000446
68,quantum/HS-overlap-ref-SVM,quantum,1,0.5555555555555556,0.5499999999999999,"{""clf__C"": 10.0}",4.674021800000446
68,quantum/HS-overlap-ref-SVM,quantum,2,0.3333333333333333,0.25,"{""clf__C"": 10.0}",4.674021800000446
68,quantum/HS-overlap-ref-SVM,quantum,3,0.3333333333333333,0.39999999999999997,"{""clf__C"": 10.0}",4.674021800000446
68,quantum/HS-overlap-ref-SVM,quantum,4,0.4444444444444444,0.5,"{""clf__C"": 0.1}",4.674021800000446
68,quantum/HS-overlap-ref-SVM,quantum,5,0.4444444444444444,0.35,"{""clf__C"": 10.0}",4.674021800000446
68,quantum/HS-overlap-ref-SVM,quantum,6,0.3333333333333333,0.45000000000000007,"{""clf__C"": 10.0}",4.674021800000446
68,quantum/HS-overlap-ref-SVM,quantum,7,0.3333333333333333,0.15000000000000002,"{""clf__C"": 10.0}",4.674021800000446
68,quantum/HS-overlap-ref-SVM,quantum,8,0.3333333333333333,0.39999999999999997,"{""clf__C"": 10.0}",4.674021800000446
68,quantum/HS-overlap-ref-SVM,quantum,9,0.4444444444444444,0.7,"{""clf__C"": 0.1}",4.674021800000446
68,quantum/HS-overlap-ref-SVM,quantum,10,0.5555555555555556,0.8500000000000001,"{""clf__C"": 0.1}",4.674021800000446
68,quantum/HS-overlap-ref-SVM,quantum,11,0.3333333333333333,0.25,"{""clf__C"": 10.0}",4.674021800000446
68,quantum/HS-overlap-ref-SVM,quantum,12,0.5555555555555556,0.75,"{""clf__C"": 0.1}",4.674021800000446
68,quantum/HS-overlap-ref-SVM,quantum,13,0.4444444444444444,0.6,"{""clf__C"": 10.0}",4.674021800000446
68,quantum/HS-overlap-ref-SVM,quantum,14,0.4444444444444444,0.35,"{""clf__C"": 1.0}",4.674021800000446
68,quantum/Fidelity-ref-SVM,quantum,0,0.5555555555555556,0.8,"{""clf__C"": 10.0}",6.698250899999948
68,quantum/Fidelity-ref-SVM,quantum,1,0.4444444444444444,0.5499999999999999,"{""clf__C"": 10.0}",6.698250899999948
68,quantum/Fidelity-ref-SVM,quantum,2,0.3333333333333333,0.4,"{""clf__C"": 10.0}",6.698250899999948
68,quantum/Fidelity-ref-SVM,quantum,3,0.4444444444444444,0.5499999999999999,"{""clf__C"": 10.0}",6.698250899999948
68,quantum/Fidelity-ref-SVM,quantum,4,0.4444444444444444,0.6,"{""clf__C"": 0.1}",6.698250899999948
68,quantum/Fidelity-ref-SVM,quantum,5,0.5555555555555556,0.5,"{""clf__C"": 10.0}",6.698250899999948
68,quantum/Fidelity-ref-SVM,quantum,6,0.4444444444444444,0.45000000000000007,"{""clf__C"": 10.0}",6.698250899999948
68,quantum/Fidelity-ref-SVM,quantum,7,0.4444444444444444,0.30000000000000004,"{""clf__C"": 10.0}",6.698250899999948
68,quantum/Fidelity-ref-SVM,quantum,8,0.4444444444444444,0.3,"{""clf__C"": 10.0}",6.698250899999948
68,quantum/Fidelity-ref-SVM,quantum,9,0.4444444444444444,0.7,"{""clf__C"": 0.1}",6.698250899999948
68,quantum/Fidelity-ref-SVM,quantum,10,0.5555555555555556,0.8500000000000001,"{""clf__C"": 0.1}",6.698250899999948
68,quantum/Fidelity-ref-SVM,quantum,11,0.4444444444444444,0.25,"{""clf__C"": 10.0}",6.698250899999948
68,quantum/Fidelity-ref-SVM,quantum,12,0.5555555555555556,0.9,"{""clf__C"": 0.1}",6.698250899999948
68,quantum/Fidelity-ref-SVM,quantum,13,0.4444444444444444,0.6,"{""clf__C"": 10.0}",6.698250899999948
68,quantum/Fidelity-ref-SVM,quantum,14,0.4444444444444444,0.35,"{""clf__C"": 0.1}",6.698250899999948
68,quantum/HS-RBF-ref-SVM,quantum,0,0.4444444444444444,0.45,"{""clf__C"": 10.0, ""clf__gamma_mult"": 1.0}",13.109455300000263
68,quantum/HS-RBF-ref-SVM,quantum,1,0.4444444444444444,0.6,"{""clf__C"": 1.0, ""clf__gamma_mult"": 0.25}",13.109455300000263
68,quantum/HS-RBF-ref-SVM,quantum,2,0.2222222222222222,0.15000000000000002,"{""clf__C"": 10.0, ""clf__gamma_mult"": 1.0}",13.109455300000263
68,quantum/HS-RBF-ref-SVM,quantum,3,0.4444444444444444,0.5,"{""clf__C"": 10.0, ""clf__gamma_mult"": 0.25}",13.109455300000263
68,quantum/HS-RBF-ref-SVM,quantum,4,0.3333333333333333,0.4,"{""clf__C"": 10.0, ""clf__gamma_mult"": 1.0}",13.109455300000263
68,quantum/HS-RBF-ref-SVM,quantum,5,0.4444444444444444,0.4,"{""clf__C"": 10.0, ""clf__gamma_mult"": 0.25}",13.109455300000263
68,quantum/HS-RBF-ref-SVM,quantum,6,0.4444444444444444,0.45000000000000007,"{""clf__C"": 10.0, ""clf__gamma_mult"": 0.25}",13.109455300000263
68,quantum/HS-RBF-ref-SVM,quantum,7,0.5555555555555556,0.3,"{""clf__C"": 10.0, ""clf__gamma_mult"": 1.0}",13.109455300000263
68,quantum/HS-RBF-ref-SVM,quantum,8,0.4444444444444444,0.3,"{""clf__C"": 1.0, ""clf__gamma_mult"": 1.0}",13.109455300000263
68,quantum/HS-RBF-ref-SVM,quantum,9,0.5555555555555556,0.45,"{""clf__C"": 10.0, ""clf__gamma_mult"": 1.0}",13.109455300000263
68,quantum/HS-RBF-ref-SVM,quantum,10,0.5555555555555556,0.8500000000000001,"{""clf__C"": 1.0, ""clf__gamma_mult"": 0.25}",13.109455300000263
68,quantum/HS-RBF-ref-SVM,quantum,11,0.4444444444444444,0.35,"{""clf__C"": 10.0, ""clf__gamma_mult"": 0.25}",13.109455300000263
68,quantum/HS-RBF-ref-SVM,quantum,12,0.4444444444444444,0.4,"{""clf__C"": 10.0, ""clf__gamma_mult"": 0.25}",13.109455300000263
68,quantum/HS-RBF-ref-SVM,quantum,13,0.5555555555555556,0.65,"{""clf__C"": 10.0, ""clf__gamma_mult"": 0.25}",13.109455300000263
68,quantum/HS-RBF-ref-SVM,quantum,14,0.3333333333333333,0.24999999999999997,"{""clf__C"": 10.0, ""clf__gamma_mult"": 1.0}",13.109455300000263
68,quantum/Bures-RBF-ref-SVM,quantum,0,0.5555555555555556,0.5,"{""clf__C"": 10.0, ""clf__gamma_mult"": 0.25}",16.971304599999712
68,quantum/Bures-RBF-ref-SVM,quantum,1,0.4444444444444444,0.5,"{""clf__C"": 1.0, ""clf__gamma_mult"": 1.0}",16.971304599999712
68,quantum/Bures-RBF-ref-SVM,quantum,2,0.2222222222222222,0.15000000000000002,"{""clf__C"": 10.0, ""clf__gamma_mult"": 1.0}",16.971304599999712
68,quantum/Bures-RBF-ref-SVM,quantum,3,0.5555555555555556,0.5,"{""clf__C"": 10.0, ""clf__gamma_mult"": 0.25}",16.971304599999712
68,quantum/Bures-RBF-ref-SVM,quantum,4,0.4444444444444444,0.4,"{""clf__C"": 10.0, ""clf__gamma_mult"": 1.0}",16.971304599999712
68,quantum/Bures-RBF-ref-SVM,quantum,5,0.4444444444444444,0.25,"{""clf__C"": 10.0, ""clf__gamma_mult"": 1.0}",16.971304599999712
68,quantum/Bures-RBF-ref-SVM,quantum,6,0.3333333333333333,0.45000000000000007,"{""clf__C"": 10.0, ""clf__gamma_mult"": 0.25}",16.971304599999712
68,quantum/Bures-RBF-ref-SVM,quantum,7,0.3333333333333333,0.35,"{""clf__C"": 10.0, ""clf__gamma_mult"": 1.0}",16.971304599999712
68,quantum/Bures-RBF-ref-SVM,quantum,8,0.4444444444444444,0.6,"{""clf__C"": 10.0, ""clf__gamma_mult"": 0.25}",16.971304599999712
68,quantum/Bures-RBF-ref-SVM,quantum,9,0.4444444444444444,0.5,"{""clf__C"": 10.0, ""clf__gamma_mult"": 1.0}",16.971304599999712
68,quantum/Bures-RBF-ref-SVM,quantum,10,0.6666666666666666,0.8500000000000001,"{""clf__C"": 0.1, ""clf__gamma_mult"": 0.25}",16.971304599999712
68,quantum/Bures-RBF-ref-SVM,quantum,11,0.2222222222222222,0.1,"{""clf__C"": 10.0, ""clf__gamma_mult"": 1.0}",16.971304599999712
68,quantum/Bures-RBF-ref-SVM,quantum,12,0.2222222222222222,0.4,"{""clf__C"": 10.0, ""clf__gamma_mult"": 4.0}",16.971304599999712
68,quantum/Bures-RBF-ref-SVM,quantum,13,0.5555555555555556,0.6,"{""clf__C"": 10.0, ""clf__gamma_mult"": 0.25}",16.971304599999712
68,quantum/Bures-RBF-ref-SVM,quantum,14,0.3333333333333333,0.19999999999999998,"{""clf__C"": 10.0, ""clf__gamma_mult"": 1.0}",16.971304599999712
68,quantum/QRE-RBF-ref-SVM,quantum,0,0.5555555555555556,0.5,"{""clf__C"": 10.0, ""clf__gamma_mult"": 0.25}",14.84880819999944
68,quantum/QRE-RBF-ref-SVM,quantum,1,0.4444444444444444,0.45000000000000007,"{""clf__C"": 1.0, ""clf__gamma_mult"": 1.0}",14.84880819999944
68,quantum/QRE-RBF-ref-SVM,quantum,2,0.2222222222222222,0.25,"{""clf__C"": 10.0, ""clf__gamma_mult"": 0.25}",14.84880819999944
68,quantum/QRE-RBF-ref-SVM,quantum,3,0.5555555555555556,0.5,"{""clf__C"": 10.0, ""clf__gamma_mult"": 0.25}",14.84880819999944
68,quantum/QRE-RBF-ref-SVM,quantum,4,0.4444444444444444,0.4,"{""clf__C"": 10.0, ""clf__gamma_mult"": 1.0}",14.84880819999944
68,quantum/QRE-RBF-ref-SVM,quantum,5,0.4444444444444444,0.35,"{""clf__C"": 10.0, ""clf__gamma_mult"": 0.25}",14.84880819999944
68,quantum/QRE-RBF-ref-SVM,quantum,6,0.3333333333333333,0.45000000000000007,"{""clf__C"": 10.0, ""clf__gamma_mult"": 0.25}",14.84880819999944
68,quantum/QRE-RBF-ref-SVM,quantum,7,0.3333333333333333,0.35,"{""clf__C"": 10.0, ""clf__gamma_mult"": 1.0}",14.84880819999944
68,quantum/QRE-RBF-ref-SVM,quantum,8,0.4444444444444444,0.55,"{""clf__C"": 10.0, ""clf__gamma_mult"": 1.0}",14.84880819999944
68,quantum/QRE-RBF-ref-SVM,quantum,9,0.4444444444444444,0.5,"{""clf__C"": 10.0, ""clf__gamma_mult"": 1.0}",14.84880819999944
68,quantum/QRE-RBF-ref-SVM,quantum,10,0.5555555555555556,0.8500000000000001,"{""clf__C"": 0.1, ""clf__gamma_mult"": 0.25}",14.84880819999944
68,quantum/QRE-RBF-ref-SVM,quantum,11,0.4444444444444444,0.25,"{""clf__C"": 10.0, ""clf__gamma_mult"": 0.25}",14.84880819999944
68,quantum/QRE-RBF-ref-SVM,quantum,12,0.2222222222222222,0.4,"{""clf__C"": 10.0, ""clf__gamma_mult"": 4.0}",14.84880819999944
68,quantum/QRE-RBF-ref-SVM,quantum,13,0.5555555555555556,0.6,"{""clf__C"": 10.0, ""clf__gamma_mult"": 0.25}",14.84880819999944
68,quantum/QRE-RBF-ref-SVM,quantum,14,0.3333333333333333,0.24999999999999997,"{""clf__C"": 10.0, ""clf__gamma_mult"": 1.0}",14.84880819999944
68,quantum/IQP-kernel-SVM,quantum,0,0.5555555555555556,0.7,"{""clf__C"": 1.0, ""clf__scale"": 1.0}",20.65007120000064
68,quantum/IQP-kernel-SVM,quantum,1,0.4444444444444444,0.45,"{""clf__C"": 10.0, ""clf__scale"": 0.5}",20.65007120000064
68,quantum/IQP-kernel-SVM,quantum,2,0.7777777777777778,0.65,"{""clf__C"": 1.0, ""clf__scale"": 1.0}",20.65007120000064
68,quantum/IQP-kernel-SVM,quantum,3,0.5555555555555556,0.65,"{""clf__C"": 1.0, ""clf__scale"": 0.5}",20.65007120000064
68,quantum/IQP-kernel-SVM,quantum,4,0.2222222222222222,0.09999999999999998,"{""clf__C"": 1.0, ""clf__scale"": 1.0}",20.65007120000064
68,quantum/IQP-kernel-SVM,quantum,5,0.6666666666666666,0.8,"{""clf__C"": 1.0, ""clf__scale"": 0.5}",20.65007120000064
68,quantum/IQP-kernel-SVM,quantum,6,0.8888888888888888,0.95,"{""clf__C"": 1.0, ""clf__scale"": 1.0}",20.65007120000064
68,quantum/IQP-kernel-SVM,quantum,7,0.1111111111111111,0.0,"{""clf__C"": 10.0, ""clf__scale"": 2.0}",20.65007120000064
68,quantum/IQP-kernel-SVM,quantum,8,0.6666666666666666,0.65,"{""clf__C"": 1.0, ""clf__scale"": 0.5}",20.65007120000064
68,quantum/IQP-kernel-SVM,quantum,9,0.5555555555555556,0.7000000000000001,"{""clf__C"": 1.0, ""clf__scale"": 2.0}",20.65007120000064
68,quantum/IQP-kernel-SVM,quantum,10,0.3333333333333333,0.25,"{""clf__C"": 10.0, ""clf__scale"": 2.0}",20.65007120000064
68,quantum/IQP-kernel-SVM,quantum,11,0.4444444444444444,0.4,"{""clf__C"": 1.0, ""clf__scale"": 1.0}",20.65007120000064
68,quantum/IQP-kernel-SVM,quantum,12,0.5555555555555556,0.30000000000000004,"{""clf__C"": 10.0, ""clf__scale"": 2.0}",20.65007120000064
68,quantum/IQP-kernel-SVM,quantum,13,0.7777777777777778,0.7000000000000001,"{""clf__C"": 10.0, ""clf__scale"": 0.5}",20.65007120000064
68,quantum/IQP-kernel-SVM,quantum,14,0.2222222222222222,0.39999999999999997,"{""clf__C"": 1.0, ""clf__scale"": 2.0}",20.65007120000064
68,quantum/CNOT-kernel-SVM,quantum,0,0.4444444444444444,0.45,"{""clf__C"": 10.0, ""clf__scale"": 2.0}",18.613726300000053
68,quantum/CNOT-kernel-SVM,quantum,1,0.7777777777777778,0.85,"{""clf__C"": 1.0, ""clf__scale"": 2.0}",18.613726300000053
68,quantum/CNOT-kernel-SVM,quantum,2,0.5555555555555556,0.4,"{""clf__C"": 1.0, ""clf__scale"": 2.0}",18.613726300000053
68,quantum/CNOT-kernel-SVM,quantum,3,0.5555555555555556,0.65,"{""clf__C"": 1.0, ""clf__scale"": 2.0}",18.613726300000053
68,quantum/CNOT-kernel-SVM,quantum,4,0.4444444444444444,0.6,"{""clf__C"": 10.0, ""clf__scale"": 2.0}",18.613726300000053
68,quantum/CNOT-kernel-SVM,quantum,5,0.6666666666666666,0.6000000000000001,"{""clf__C"": 1.0, ""clf__scale"": 0.5}",18.613726300000053
68,quantum/CNOT-kernel-SVM,quantum,6,0.4444444444444444,0.7,"{""clf__C"": 10.0, ""clf__scale"": 0.5}",18.613726300000053
68,quantum/CNOT-kernel-SVM,quantum,7,0.3333333333333333,0.5,"{""clf__C"": 1.0, ""clf__scale"": 1.0}",18.613726300000053
68,quantum/CNOT-kernel-SVM,quantum,8,0.5555555555555556,0.6,"{""clf__C"": 10.0, ""clf__scale"": 1.0}",18.613726300000053
68,quantum/CNOT-kernel-SVM,quantum,9,0.5555555555555556,0.7000000000000001,"{""clf__C"": 10.0, ""clf__scale"": 0.5}",18.613726300000053
68,quantum/CNOT-kernel-SVM,quantum,10,0.6666666666666666,0.75,"{""clf__C"": 10.0, ""clf__scale"": 0.5}",18.613726300000053
68,quantum/CNOT-kernel-SVM,quantum,11,0.3333333333333333,0.35,"{""clf__C"": 10.0, ""clf__scale"": 1.0}",18.613726300000053
68,quantum/CNOT-kernel-SVM,quantum,12,0.6666666666666666,0.7000000000000001,"{""clf__C"": 10.0, ""clf__scale"": 0.5}",18.613726300000053
68,quantum/CNOT-kernel-SVM,quantum,13,0.6666666666666666,0.6500000000000001,"{""clf__C"": 10.0, ""clf__scale"": 1.0}",18.613726300000053
68,quantum/CNOT-kernel-SVM,quantum,14,0.4444444444444444,0.30000000000000004,"{""clf__C"": 1.0, ""clf__scale"": 0.5}",18.613726300000053
68,control/IQP-no-entangle,control,0,0.7777777777777778,0.9,"{""clf__C"": 10.0, ""clf__scale"": 2.0}",17.080337300000792
68,control/IQP-no-entangle,control,1,0.4444444444444444,0.6,"{""clf__C"": 1.0, ""clf__scale"": 1.0}",17.080337300000792
68,control/IQP-no-entangle,control,2,0.6666666666666666,0.7,"{""clf__C"": 1.0, ""clf__scale"": 1.0}",17.080337300000792
68,control/IQP-no-entangle,control,3,0.5555555555555556,0.49999999999999994,"{""clf__C"": 10.0, ""clf__scale"": 2.0}",17.080337300000792
68,control/IQP-no-entangle,control,4,0.2222222222222222,0.19999999999999998,"{""clf__C"": 10.0, ""clf__scale"": 1.0}",17.080337300000792
68,control/IQP-no-entangle,control,5,0.8888888888888888,0.8500000000000001,"{""clf__C"": 10.0, ""clf__scale"": 1.0}",17.080337300000792
68,control/IQP-no-entangle,control,6,0.5555555555555556,0.65,"{""clf__C"": 10.0, ""clf__scale"": 0.5}",17.080337300000792
68,control/IQP-no-entangle,control,7,0.3333333333333333,0.4,"{""clf__C"": 10.0, ""clf__scale"": 1.0}",17.080337300000792
68,control/IQP-no-entangle,control,8,0.5555555555555556,0.6,"{""clf__C"": 10.0, ""clf__scale"": 1.0}",17.080337300000792
68,control/IQP-no-entangle,control,9,0.7777777777777778,0.8,"{""clf__C"": 10.0, ""clf__scale"": 0.5}",17.080337300000792
68,control/IQP-no-entangle,control,10,0.5555555555555556,0.39999999999999997,"{""clf__C"": 10.0, ""clf__scale"": 2.0}",17.080337300000792
68,control/IQP-no-entangle,control,11,0.3333333333333333,0.44999999999999996,"{""clf__C"": 1.0, ""clf__scale"": 1.0}",17.080337300000792
68,control/IQP-no-entangle,control,12,0.2222222222222222,0.2,"{""clf__C"": 10.0, ""clf__scale"": 1.0}",17.080337300000792
68,control/IQP-no-entangle,control,13,0.7777777777777778,0.7,"{""clf__C"": 10.0, ""clf__scale"": 1.0}",17.080337300000792
68,control/IQP-no-entangle,control,14,0.4444444444444444,0.35,"{""clf__C"": 10.0, ""clf__scale"": 2.0}",17.080337300000792
68,control/PCA-matched-RBF,control,0,0.4444444444444444,0.55,"{""clf__C"": 10.0, ""clf__gamma"": 0.1}",13.561493600000176
68,control/PCA-matched-RBF,control,1,0.7777777777777778,0.7,"{""clf__C"": 10.0, ""clf__gamma"": 0.1}",13.561493600000176
68,control/PCA-matched-RBF,control,2,0.5555555555555556,0.8500000000000001,"{""clf__C"": 10.0, ""clf__gamma"": 0.01}",13.561493600000176
68,control/PCA-matched-RBF,control,3,0.4444444444444444,0.6,"{""clf__C"": 0.1, ""clf__gamma"": ""scale""}",13.561493600000176
68,control/PCA-matched-RBF,control,4,0.3333333333333333,0.24999999999999997,"{""clf__C"": 10.0, ""clf__gamma"": ""scale""}",13.561493600000176
68,control/PCA-matched-RBF,control,5,0.6666666666666666,0.65,"{""clf__C"": 0.1, ""clf__gamma"": ""scale""}",13.561493600000176
68,control/PCA-matched-RBF,control,6,0.4444444444444444,0.45,"{""clf__C"": 10.0, ""clf__gamma"": ""scale""}",13.561493600000176
68,control/PCA-matched-RBF,control,7,0.3333333333333333,0.45,"{""clf__C"": 0.1, ""clf__gamma"": ""scale""}",13.561493600000176
68,control/PCA-matched-RBF,control,8,0.4444444444444444,0.6500000000000001,"{""clf__C"": 0.1, ""clf__gamma"": ""scale""}",13.561493600000176
68,control/PCA-matched-RBF,control,9,0.4444444444444444,0.75,"{""clf__C"": 0.1, ""clf__gamma"": ""scale""}",13.561493600000176
68,control/PCA-matched-RBF,control,10,0.6666666666666666,0.8,"{""clf__C"": 10.0, ""clf__gamma"": 0.1}",13.561493600000176
68,control/PCA-matched-RBF,control,11,0.2222222222222222,0.30000000000000004,"{""clf__C"": 1.0, ""clf__gamma"": ""scale""}",13.561493600000176
68,control/PCA-matched-RBF,control,12,0.6666666666666666,0.85,"{""clf__C"": 10.0, ""clf__gamma"": 0.01}",13.561493600000176
68,control/PCA-matched-RBF,control,13,0.4444444444444444,0.6,"{""clf__C"": 0.1, ""clf__gamma"": ""scale""}",13.561493600000176
68,control/PCA-matched-RBF,control,14,0.4444444444444444,0.35000000000000003,"{""clf__C"": 1.0, ""clf__gamma"": 0.1}",13.561493600000176
68,control/PCA-matched-linear,control,0,0.6666666666666666,0.85,"{""clf__C"": 1.0}",4.803560999999718
68,control/PCA-matched-linear,control,1,0.6666666666666666,0.6,"{""clf__C"": 1.0}",4.803560999999718
68,control/PCA-matched-linear,control,2,0.6666666666666666,0.8500000000000001,"{""clf__C"": 0.1}",4.803560999999718
68,control/PCA-matched-linear,control,3,0.4444444444444444,0.5499999999999999,"{""clf__C"": 1.0}",4.803560999999718
68,control/PCA-matched-linear,control,4,0.5555555555555556,0.55,"{""clf__C"": 1.0}",4.803560999999718
68,control/PCA-matched-linear,control,5,0.5555555555555556,0.6000000000000001,"{""clf__C"": 1.0}",4.803560999999718
68,control/PCA-matched-linear,control,6,0.4444444444444444,0.55,"{""clf__C"": 1.0}",4.803560999999718
68,control/PCA-matched-linear,control,7,0.4444444444444444,0.5,"{""clf__C"": 10.0}",4.803560999999718
68,control/PCA-matched-linear,control,8,0.4444444444444444,0.5,"{""clf__C"": 1.0}",4.803560999999718
68,control/PCA-matched-linear,control,9,0.7777777777777778,0.85,"{""clf__C"": 1.0}",4.803560999999718
68,control/PCA-matched-linear,control,10,0.8888888888888888,0.8500000000000001,"{""clf__C"": 10.0}",4.803560999999718
68,control/PCA-matched-linear,control,11,0.4444444444444444,0.45000000000000007,"{""clf__C"": 10.0}",4.803560999999718
68,control/PCA-matched-linear,control,12,0.7777777777777778,0.95,"{""clf__C"": 1.0}",4.803560999999718
68,control/PCA-matched-linear,control,13,0.4444444444444444,0.6,"{""clf__C"": 10.0}",4.803560999999718
68,control/PCA-matched-linear,control,14,0.5555555555555556,0.4,"{""clf__C"": 1.0}",4.803560999999718
68,control/logeuclid-TS+LR,control,0,0.5555555555555556,0.65,"{""clf__C"": 1.0}",4.3949861000000965
68,control/logeuclid-TS+LR,control,1,0.4444444444444444,0.45,"{""clf__C"": 1.0}",4.3949861000000965
68,control/logeuclid-TS+LR,control,2,0.3333333333333333,0.35,"{""clf__C"": 1.0}",4.3949861000000965
68,control/logeuclid-TS+LR,control,3,0.4444444444444444,0.5,"{""clf__C"": 0.1}",4.3949861000000965
68,control/logeuclid-TS+LR,control,4,0.5555555555555556,0.3,"{""clf__C"": 10.0}",4.3949861000000965
68,control/logeuclid-TS+LR,control,5,0.6666666666666666,0.55,"{""clf__C"": 1.0}",4.3949861000000965
68,control/logeuclid-TS+LR,control,6,0.3333333333333333,0.45000000000000007,"{""clf__C"": 1.0}",4.3949861000000965
68,control/logeuclid-TS+LR,control,7,0.5555555555555556,0.35,"{""clf__C"": 1.0}",4.3949861000000965
68,control/logeuclid-TS+LR,control,8,0.4444444444444444,0.5499999999999999,"{""clf__C"": 10.0}",4.3949861000000965
68,control/logeuclid-TS+LR,control,9,0.7777777777777778,0.75,"{""clf__C"": 0.1}",4.3949861000000965
68,control/logeuclid-TS+LR,control,10,0.3333333333333333,0.55,"{""clf__C"": 0.1}",4.3949861000000965
68,control/logeuclid-TS+LR,control,11,0.3333333333333333,0.4,"{""clf__C"": 0.1}",4.3949861000000965
68,control/logeuclid-TS+LR,control,12,0.4444444444444444,0.45,"{""clf__C"": 1.0}",4.3949861000000965
68,control/logeuclid-TS+LR,control,13,0.4444444444444444,0.5499999999999999,"{""clf__C"": 10.0}",4.3949861000000965
68,control/logeuclid-TS+LR,control,14,0.3333333333333333,0.19999999999999998,"{""clf__C"": 1.0}",4.3949861000000965
68,control/riemann-kernel-SVM,control,0,0.5555555555555556,0.55,"{""clf__C"": 1.0}",4.555220199999894
68,control/riemann-kernel-SVM,control,1,0.5555555555555556,0.45,"{""clf__C"": 1.0}",4.555220199999894
68,control/riemann-kernel-SVM,control,2,0.4444444444444444,0.4,"{""clf__C"": 1.0}",4.555220199999894
68,control/riemann-kernel-SVM,control,3,0.5555555555555556,0.55,"{""clf__C"": 10.0}",4.555220199999894
68,control/riemann-kernel-SVM,control,4,0.6666666666666666,0.7000000000000001,"{""clf__C"": 10.0}",4.555220199999894
68,control/riemann-kernel-SVM,control,5,0.4444444444444444,0.4,"{""clf__C"": 10.0}",4.555220199999894
68,control/riemann-kernel-SVM,control,6,0.3333333333333333,0.5,"{""clf__C"": 1.0}",4.555220199999894
68,control/riemann-kernel-SVM,control,7,0.4444444444444444,0.25,"{""clf__C"": 1.0}",4.555220199999894
68,control/riemann-kernel-SVM,control,8,0.4444444444444444,0.5,"{""clf__C"": 10.0}",4.555220199999894
68,control/riemann-kernel-SVM,control,9,0.4444444444444444,0.7,"{""clf__C"": 0.1}",4.555220199999894
68,control/riemann-kernel-SVM,control,10,0.4444444444444444,0.55,"{""clf__C"": 10.0}",4.555220199999894
68,control/riemann-kernel-SVM,control,11,0.2222222222222222,0.2,"{""clf__C"": 10.0}",4.555220199999894
68,control/riemann-kernel-SVM,control,12,0.4444444444444444,0.55,"{""clf__C"": 10.0}",4.555220199999894
68,control/riemann-kernel-SVM,control,13,0.5555555555555556,0.5499999999999999,"{""clf__C"": 1.0}",4.555220199999894
68,control/riemann-kernel-SVM,control,14,0.5555555555555556,0.44999999999999996,"{""clf__C"": 10.0}",4.555220199999894
68,control/logeuclid-kernel-SVM,control,0,0.4444444444444444,0.4,"{""clf__C"": 10.0}",4.355609600000207
68,control/logeuclid-kernel-SVM,control,1,0.4444444444444444,0.5,"{""clf__C"": 1.0}",4.355609600000207
68,control/logeuclid-kernel-SVM,control,2,0.4444444444444444,0.45,"{""clf__C"": 1.0}",4.355609600000207
68,control/logeuclid-kernel-SVM,control,3,0.5555555555555556,0.5,"{""clf__C"": 1.0}",4.355609600000207
68,control/logeuclid-kernel-SVM,control,4,0.4444444444444444,0.8,"{""clf__C"": 10.0}",4.355609600000207
68,control/logeuclid-kernel-SVM,control,5,0.3333333333333333,0.35000000000000003,"{""clf__C"": 1.0}",4.355609600000207
68,control/logeuclid-kernel-SVM,control,6,0.4444444444444444,0.6,"{""clf__C"": 1.0}",4.355609600000207
68,control/logeuclid-kernel-SVM,control,7,0.4444444444444444,0.35,"{""clf__C"": 1.0}",4.355609600000207
68,control/logeuclid-kernel-SVM,control,8,0.3333333333333333,0.35,"{""clf__C"": 1.0}",4.355609600000207
68,control/logeuclid-kernel-SVM,control,9,0.4444444444444444,0.7,"{""clf__C"": 0.1}",4.355609600000207
68,control/logeuclid-kernel-SVM,control,10,0.5555555555555556,0.6000000000000001,"{""clf__C"": 10.0}",4.355609600000207
68,control/logeuclid-kernel-SVM,control,11,0.4444444444444444,0.2,"{""clf__C"": 10.0}",4.355609600000207
68,control/logeuclid-kernel-SVM,control,12,0.4444444444444444,0.55,"{""clf__C"": 10.0}",4.355609600000207
68,control/logeuclid-kernel-SVM,control,13,0.3333333333333333,0.5,"{""clf__C"": 1.0}",4.355609600000207
68,control/logeuclid-kernel-SVM,control,14,0.5555555555555556,0.5,"{""clf__C"": 10.0}",4.355609600000207
69,classical/logvar+LDA,classical,0,0.6666666666666666,0.6,{},0.09275290000005043
69,classical/logvar+LDA,classical,1,0.6666666666666666,0.6,{},0.09275290000005043
69,classical/logvar+LDA,classical,2,0.4444444444444444,0.44999999999999996,{},0.09275290000005043
69,classical/logvar+LDA,classical,3,0.5555555555555556,0.65,{},0.09275290000005043
69,classical/logvar+LDA,classical,4,0.6666666666666666,0.65,{},0.09275290000005043
69,classical/logvar+LDA,classical,5,0.3333333333333333,0.39999999999999997,{},0.09275290000005043
69,classical/logvar+LDA,classical,6,0.4444444444444444,0.39999999999999997,{},0.09275290000005043
69,classical/logvar+LDA,classical,7,0.6666666666666666,0.75,{},0.09275290000005043
69,classical/logvar+LDA,classical,8,0.7777777777777778,0.9500000000000001,{},0.09275290000005043
69,classical/logvar+LDA,classical,9,0.4444444444444444,0.5,{},0.09275290000005043
69,classical/logvar+LDA,classical,10,0.4444444444444444,0.5,{},0.09275290000005043
69,classical/logvar+LDA,classical,11,0.6666666666666666,0.6,{},0.09275290000005043
69,classical/logvar+LDA,classical,12,0.4444444444444444,0.55,{},0.09275290000005043
69,classical/logvar+LDA,classical,13,0.6666666666666666,0.6,{},0.09275290000005043
69,classical/logvar+LDA,classical,14,0.6666666666666666,0.65,{},0.09275290000005043
69,classical/CSP+LDA,classical,0,0.6666666666666666,0.8,"{""csp__nfilter"": 2}",3.908346999999594
69,classical/CSP+LDA,classical,1,0.5555555555555556,0.6,"{""csp__nfilter"": 4}",3.908346999999594
69,classical/CSP+LDA,classical,2,0.5555555555555556,0.6,"{""csp__nfilter"": 2}",3.908346999999594
69,classical/CSP+LDA,classical,3,0.4444444444444444,0.5,"{""csp__nfilter"": 2}",3.908346999999594
69,classical/CSP+LDA,classical,4,0.7777777777777778,0.75,"{""csp__nfilter"": 2}",3.908346999999594
69,classical/CSP+LDA,classical,5,0.5555555555555556,0.6,"{""csp__nfilter"": 4}",3.908346999999594
69,classical/CSP+LDA,classical,6,0.5555555555555556,0.44999999999999996,"{""csp__nfilter"": 2}",3.908346999999594
69,classical/CSP+LDA,classical,7,0.4444444444444444,0.6,"{""csp__nfilter"": 2}",3.908346999999594
69,classical/CSP+LDA,classical,8,0.7777777777777778,0.8,"{""csp__nfilter"": 2}",3.908346999999594
69,classical/CSP+LDA,classical,9,0.6666666666666666,0.5,"{""csp__nfilter"": 4}",3.908346999999594
69,classical/CSP+LDA,classical,10,0.4444444444444444,0.39999999999999997,"{""csp__nfilter"": 4}",3.908346999999594
69,classical/CSP+LDA,classical,11,0.5555555555555556,0.7,"{""csp__nfilter"": 2}",3.908346999999594
69,classical/CSP+LDA,classical,12,0.5555555555555556,0.8,"{""csp__nfilter"": 4}",3.908346999999594
69,classical/CSP+LDA,classical,13,0.5555555555555556,0.5,"{""csp__nfilter"": 2}",3.908346999999594
69,classical/CSP+LDA,classical,14,0.7777777777777778,0.85,"{""csp__nfilter"": 4}",3.908346999999594
69,classical/MDM,classical,0,0.5555555555555556,0.8,{},0.44981300000017654
69,classical/MDM,classical,1,0.5555555555555556,0.6,{},0.44981300000017654
69,classical/MDM,classical,2,0.5555555555555556,0.7000000000000001,{},0.44981300000017654
69,classical/MDM,classical,3,0.6666666666666666,0.6,{},0.44981300000017654
69,classical/MDM,classical,4,0.6666666666666666,0.75,{},0.44981300000017654
69,classical/MDM,classical,5,0.4444444444444444,0.6,{},0.44981300000017654
69,classical/MDM,classical,6,0.5555555555555556,0.39999999999999997,{},0.44981300000017654
69,classical/MDM,classical,7,0.5555555555555556,0.75,{},0.44981300000017654
69,classical/MDM,classical,8,0.7777777777777778,0.9500000000000001,{},0.44981300000017654
69,classical/MDM,classical,9,0.5555555555555556,0.55,{},0.44981300000017654
69,classical/MDM,classical,10,0.4444444444444444,0.44999999999999996,{},0.44981300000017654
69,classical/MDM,classical,11,0.7777777777777778,0.75,{},0.44981300000017654
69,classical/MDM,classical,12,0.7777777777777778,0.8,{},0.44981300000017654
69,classical/MDM,classical,13,0.6666666666666666,0.65,{},0.44981300000017654
69,classical/MDM,classical,14,0.6666666666666666,0.9,{},0.44981300000017654
69,classical/TS+LR,classical,0,0.1111111111111111,0.15,"{""clf__C"": 1.0}",4.845745099999476
69,classical/TS+LR,classical,1,0.5555555555555556,0.6,"{""clf__C"": 0.1}",4.845745099999476
69,classical/TS+LR,classical,2,0.4444444444444444,0.65,"{""clf__C"": 0.1}",4.845745099999476
69,classical/TS+LR,classical,3,0.5555555555555556,0.6,"{""clf__C"": 0.1}",4.845745099999476
69,classical/TS+LR,classical,4,0.5555555555555556,0.65,"{""clf__C"": 0.1}",4.845745099999476
69,classical/TS+LR,classical,5,0.4444444444444444,0.45,"{""clf__C"": 0.1}",4.845745099999476
69,classical/TS+LR,classical,6,0.3333333333333333,0.24999999999999997,"{""clf__C"": 0.1}",4.845745099999476
69,classical/TS+LR,classical,7,0.4444444444444444,0.35,"{""clf__C"": 0.1}",4.845745099999476
69,classical/TS+LR,classical,8,0.5555555555555556,0.8,"{""clf__C"": 1.0}",4.845745099999476
69,classical/TS+LR,classical,9,0.2222222222222222,0.25,"{""clf__C"": 0.1}",4.845745099999476
69,classical/TS+LR,classical,10,0.3333333333333333,0.3,"{""clf__C"": 0.1}",4.845745099999476
69,classical/TS+LR,classical,11,0.1111111111111111,0.2,"{""clf__C"": 0.1}",4.845745099999476
69,classical/TS+LR,classical,12,0.5555555555555556,0.7,"{""clf__C"": 0.1}",4.845745099999476
69,classical/TS+LR,classical,13,0.4444444444444444,0.45,"{""clf__C"": 0.1}",4.845745099999476
69,classical/TS+LR,classical,14,0.7777777777777778,0.8,"{""clf__C"": 10.0}",4.845745099999476
69,classical/TS+RBF-SVM,classical,0,0.3333333333333333,0.3,"{""clf__C"": 10.0, ""clf__gamma"": ""scale""}",12.524195199999667
69,classical/TS+RBF-SVM,classical,1,0.5555555555555556,0.6,"{""clf__C"": 1.0, ""clf__gamma"": ""scale""}",12.524195199999667
69,classical/TS+RBF-SVM,classical,2,0.4444444444444444,0.5,"{""clf__C"": 1.0, ""clf__gamma"": 0.01}",12.524195199999667
69,classical/TS+RBF-SVM,classical,3,0.5555555555555556,0.75,"{""clf__C"": 10.0, ""clf__gamma"": 0.1}",12.524195199999667
69,classical/TS+RBF-SVM,classical,4,0.6666666666666666,0.7,"{""clf__C"": 1.0, ""clf__gamma"": ""scale""}",12.524195199999667
69,classical/TS+RBF-SVM,classical,5,0.4444444444444444,0.55,"{""clf__C"": 10.0, ""clf__gamma"": 0.1}",12.524195199999667
69,classical/TS+RBF-SVM,classical,6,0.4444444444444444,0.3,"{""clf__C"": 1.0, ""clf__gamma"": 0.01}",12.524195199999667
69,classical/TS+RBF-SVM,classical,7,0.4444444444444444,0.24999999999999997,"{""clf__C"": 10.0, ""clf__gamma"": ""scale""}",12.524195199999667
69,classical/TS+RBF-SVM,classical,8,0.7777777777777778,0.7,"{""clf__C"": 1.0, ""clf__gamma"": 0.01}",12.524195199999667
69,classical/TS+RBF-SVM,classical,9,0.4444444444444444,0.3,"{""clf__C"": 10.0, ""clf__gamma"": 0.01}",12.524195199999667
69,classical/TS+RBF-SVM,classical,10,0.4444444444444444,0.2,"{""clf__C"": 1.0, ""clf__gamma"": 0.01}",12.524195199999667
69,classical/TS+RBF-SVM,classical,11,0.2222222222222222,0.25,"{""clf__C"": 1.0, ""clf__gamma"": ""scale""}",12.524195199999667
69,classical/TS+RBF-SVM,classical,12,0.6666666666666666,0.75,"{""clf__C"": 1.0, ""clf__gamma"": ""scale""}",12.524195199999667
69,classical/TS+RBF-SVM,classical,13,0.6666666666666666,0.6500000000000001,"{""clf__C"": 10.0, ""clf__gamma"": 0.1}",12.524195199999667
69,classical/TS+RBF-SVM,classical,14,0.4444444444444444,0.8500000000000001,"{""clf__C"": 0.1, ""clf__gamma"": ""scale""}",12.524195199999667
69,quantum/HS-overlap-SVM,quantum,0,0.4444444444444444,0.6,"{""clf__C"": 10.0}",3.911037399999259
69,quantum/HS-overlap-SVM,quantum,1,0.5555555555555556,0.5,"{""clf__C"": 0.1}",3.911037399999259
69,quantum/HS-overlap-SVM,quantum,2,0.6666666666666666,0.55,"{""clf__C"": 10.0}",3.911037399999259
69,quantum/HS-overlap-SVM,quantum,3,0.7777777777777778,0.75,"{""clf__C"": 10.0}",3.911037399999259
69,quantum/HS-overlap-SVM,quantum,4,0.4444444444444444,0.7,"{""clf__C"": 0.1}",3.911037399999259
69,quantum/HS-overlap-SVM,quantum,5,0.3333333333333333,0.4,"{""clf__C"": 10.0}",3.911037399999259
69,quantum/HS-overlap-SVM,quantum,6,0.4444444444444444,0.39999999999999997,"{""clf__C"": 10.0}",3.911037399999259
69,quantum/HS-overlap-SVM,quantum,7,0.7777777777777778,0.75,"{""clf__C"": 10.0}",3.911037399999259
69,quantum/HS-overlap-SVM,quantum,8,0.5555555555555556,1.0,"{""clf__C"": 0.1}",3.911037399999259
69,quantum/HS-overlap-SVM,quantum,9,0.4444444444444444,0.7,"{""clf__C"": 0.1}",3.911037399999259
69,quantum/HS-overlap-SVM,quantum,10,0.4444444444444444,0.35,"{""clf__C"": 10.0}",3.911037399999259
69,quantum/HS-overlap-SVM,quantum,11,0.7777777777777778,0.75,"{""clf__C"": 10.0}",3.911037399999259
69,quantum/HS-overlap-SVM,quantum,12,0.6666666666666666,0.8,"{""clf__C"": 10.0}",3.911037399999259
69,quantum/HS-overlap-SVM,quantum,13,0.6666666666666666,0.6,"{""clf__C"": 10.0}",3.911037399999259
69,quantum/HS-overlap-SVM,quantum,14,0.4444444444444444,0.75,"{""clf__C"": 0.1}",3.911037399999259
69,quantum/Fidelity-SVM,quantum,0,0.5555555555555556,0.6,"{""clf__C"": 10.0}",5.360211000000163
69,quantum/Fidelity-SVM,quantum,1,0.5555555555555556,0.55,"{""clf__C"": 10.0}",5.360211000000163
69,quantum/Fidelity-SVM,quantum,2,0.6666666666666666,0.65,"{""clf__C"": 10.0}",5.360211000000163
69,quantum/Fidelity-SVM,quantum,3,0.6666666666666666,0.75,"{""clf__C"": 10.0}",5.360211000000163
69,quantum/Fidelity-SVM,quantum,4,0.4444444444444444,0.65,"{""clf__C"": 0.1}",5.360211000000163
69,quantum/Fidelity-SVM,quantum,5,0.4444444444444444,0.45,"{""clf__C"": 10.0}",5.360211000000163
69,quantum/Fidelity-SVM,quantum,6,0.4444444444444444,0.39999999999999997,"{""clf__C"": 10.0}",5.360211000000163
69,quantum/Fidelity-SVM,quantum,7,0.6666666666666666,0.75,"{""clf__C"": 10.0}",5.360211000000163
69,quantum/Fidelity-SVM,quantum,8,0.5555555555555556,1.0,"{""clf__C"": 0.1}",5.360211000000163
69,quantum/Fidelity-SVM,quantum,9,0.4444444444444444,0.65,"{""clf__C"": 0.1}",5.360211000000163
69,quantum/Fidelity-SVM,quantum,10,0.4444444444444444,0.35,"{""clf__C"": 10.0}",5.360211000000163
69,quantum/Fidelity-SVM,quantum,11,0.7777777777777778,0.8,"{""clf__C"": 10.0}",5.360211000000163
69,quantum/Fidelity-SVM,quantum,12,0.6666666666666666,0.8,"{""clf__C"": 10.0}",5.360211000000163
69,quantum/Fidelity-SVM,quantum,13,0.5555555555555556,0.6,"{""clf__C"": 10.0}",5.360211000000163
69,quantum/Fidelity-SVM,quantum,14,0.4444444444444444,0.8,"{""clf__C"": 0.1}",5.360211000000163
69,quantum/HS-RBF-SVM,quantum,0,0.4444444444444444,0.5,"{""clf__C"": 1.0, ""clf__gamma_mult"": 4.0}",10.771692299999813
69,quantum/HS-RBF-SVM,quantum,1,0.6666666666666666,0.8,"{""clf__C"": 10.0, ""clf__gamma_mult"": 0.25}",10.771692299999813
69,quantum/HS-RBF-SVM,quantum,2,0.5555555555555556,0.6,"{""clf__C"": 10.0, ""clf__gamma_mult"": 0.25}",10.771692299999813
69,quantum/HS-RBF-SVM,quantum,3,0.7777777777777778,0.9500000000000001,"{""clf__C"": 1.0, ""clf__gamma_mult"": 1.0}",10.771692299999813
69,quantum/HS-RBF-SVM,quantum,4,0.5555555555555556,0.65,"{""clf__C"": 10.0, ""clf__gamma_mult"": 4.0}",10.771692299999813
69,quantum/HS-RBF-SVM,quantum,5,0.5555555555555556,0.4,"{""clf__C"": 1.0, ""clf__gamma_mult"": 0.25}",10.771692299999813
69,quantum/HS-RBF-SVM,quantum,6,0.4444444444444444,0.5,"{""clf__C"": 1.0, ""clf__gamma_mult"": 0.25}",10.771692299999813
69,quantum/HS-RBF-SVM,quantum,7,0.4444444444444444,0.75,"{""clf__C"": 10.0, ""clf__gamma_mult"": 1.0}",10.771692299999813
69,quantum/HS-RBF-SVM,quantum,8,0.6666666666666666,0.9,"{""clf__C"": 1.0, ""clf__gamma_mult"": 4.0}",10.771692299999813
69,quantum/HS-RBF-SVM,quantum,9,0.8888888888888888,0.9,"{""clf__C"": 10.0, ""clf__gamma_mult"": 0.25}",10.771692299999813
69,quantum/HS-RBF-SVM,quantum,10,0.3333333333333333,0.55,"{""clf__C"": 1.0, ""clf__gamma_mult"": 0.25}",10.771692299999813
69,quantum/HS-RBF-SVM,quantum,11,0.6666666666666666,0.65,"{""clf__C"": 10.0, ""clf__gamma_mult"": 1.0}",10.771692299999813
69,quantum/HS-RBF-SVM,quantum,12,0.7777777777777778,0.65,"{""clf__C"": 1.0, ""clf__gamma_mult"": 4.0}",10.771692299999813
69,quantum/HS-RBF-SVM,quantum,13,0.7777777777777778,0.85,"{""clf__C"": 1.0, ""clf__gamma_mult"": 1.0}",10.771692299999813
69,quantum/HS-RBF-SVM,quantum,14,0.5555555555555556,0.5,"{""clf__C"": 10.0, ""clf__gamma_mult"": 1.0}",10.771692299999813
69,quantum/Bures-RBF-SVM,quantum,0,0.4444444444444444,0.5,"{""clf__C"": 1.0, ""clf__gamma_mult"": 4.0}",14.102804000000106
69,quantum/Bures-RBF-SVM,quantum,1,0.6666666666666666,0.9,"{""clf__C"": 1.0, ""clf__gamma_mult"": 4.0}",14.102804000000106
69,quantum/Bures-RBF-SVM,quantum,2,0.5555555555555556,0.45,"{""clf__C"": 10.0, ""clf__gamma_mult"": 0.25}",14.102804000000106
69,quantum/Bures-RBF-SVM,quantum,3,0.7777777777777778,0.75,"{""clf__C"": 10.0, ""clf__gamma_mult"": 1.0}",14.102804000000106
69,quantum/Bures-RBF-SVM,quantum,4,0.6666666666666666,0.75,"{""clf__C"": 10.0, ""clf__gamma_mult"": 1.0}",14.102804000000106
69,quantum/Bures-RBF-SVM,quantum,5,0.4444444444444444,0.4,"{""clf__C"": 1.0, ""clf__gamma_mult"": 0.25}",14.102804000000106
69,quantum/Bures-RBF-SVM,quantum,6,0.4444444444444444,0.44999999999999996,"{""clf__C"": 1.0, ""clf__gamma_mult"": 0.25}",14.102804000000106
69,quantum/Bures-RBF-SVM,quantum,7,0.3333333333333333,0.6499999999999999,"{""clf__C"": 10.0, ""clf__gamma_mult"": 1.0}",14.102804000000106
69,quantum/Bures-RBF-SVM,quantum,8,0.6666666666666666,0.85,"{""clf__C"": 1.0, ""clf__gamma_mult"": 1.0}",14.102804000000106
69,quantum/Bures-RBF-SVM,quantum,9,0.7777777777777778,0.7,"{""clf__C"": 1.0, ""clf__gamma_mult"": 0.25}",14.102804000000106
69,quantum/Bures-RBF-SVM,quantum,10,0.4444444444444444,0.6,"{""clf__C"": 10.0, ""clf__gamma_mult"": 1.0}",14.102804000000106
69,quantum/Bures-RBF-SVM,quantum,11,0.6666666666666666,0.7,"{""clf__C"": 1.0, ""clf__gamma_mult"": 4.0}",14.102804000000106
69,quantum/Bures-RBF-SVM,quantum,12,0.7777777777777778,0.7,"{""clf__C"": 1.0, ""clf__gamma_mult"": 4.0}",14.102804000000106
69,quantum/Bures-RBF-SVM,quantum,13,0.8888888888888888,0.8500000000000001,"{""clf__C"": 10.0, ""clf__gamma_mult"": 1.0}",14.102804000000106
69,quantum/Bures-RBF-SVM,quantum,14,0.6666666666666666,0.75,"{""clf__C"": 1.0, ""clf__gamma_mult"": 1.0}",14.102804000000106
69,quantum/QRE-RBF-SVM,quantum,0,0.4444444444444444,0.6,"{""clf__C"": 1.0, ""clf__gamma_mult"": 0.25}",12.790319499999896
69,quantum/QRE-RBF-SVM,quantum,1,0.7777777777777778,0.9,"{""clf__C"": 1.0, ""clf__gamma_mult"": 4.0}",12.790319499999896
69,quantum/QRE-RBF-SVM,quantum,2,0.5555555555555556,0.7,"{""clf__C"": 1.0, ""clf__gamma_mult"": 4.0}",12.790319499999896
69,quantum/QRE-RBF-SVM,quantum,3,0.7777777777777778,0.75,"{""clf__C"": 10.0, ""clf__gamma_mult"": 1.0}",12.790319499999896
69,quantum/QRE-RBF-SVM,quantum,4,0.6666666666666666,0.75,"{""clf__C"": 10.0, ""clf__gamma_mult"": 1.0}",12.790319499999896
69,quantum/QRE-RBF-SVM,quantum,5,0.4444444444444444,0.4,"{""clf__C"": 1.0, ""clf__gamma_mult"": 0.25}",12.790319499999896
69,quantum/QRE-RBF-SVM,quantum,6,0.4444444444444444,0.44999999999999996,"{""clf__C"": 1.0, ""clf__gamma_mult"": 0.25}",12.790319499999896
69,quantum/QRE-RBF-SVM,quantum,7,0.6666666666666666,0.7,"{""clf__C"": 1.0, ""clf__gamma_mult"": 4.0}",12.790319499999896
69,quantum/QRE-RBF-SVM,quantum,8,0.7777777777777778,0.8,"{""clf__C"": 1.0, ""clf__gamma_mult"": 1.0}",12.790319499999896
69,quantum/QRE-RBF-SVM,quantum,9,0.7777777777777778,0.7,"{""clf__C"": 1.0, ""clf__gamma_mult"": 0.25}",12.790319499999896
69,quantum/QRE-RBF-SVM,quantum,10,0.4444444444444444,0.55,"{""clf__C"": 10.0, ""clf__gamma_mult"": 1.0}",12.790319499999896
69,quantum/QRE-RBF-SVM,quantum,11,0.6666666666666666,0.7,"{""clf__C"": 1.0, ""clf__gamma_mult"": 4.0}",12.790319499999896
69,quantum/QRE-RBF-SVM,quantum,12,0.7777777777777778,0.7,"{""clf__C"": 1.0, ""clf__gamma_mult"": 4.0}",12.790319499999896
69,quantum/QRE-RBF-SVM,quantum,13,0.8888888888888888,0.8,"{""clf__C"": 10.0, ""clf__gamma_mult"": 1.0}",12.790319499999896
69,quantum/QRE-RBF-SVM,quantum,14,0.6666666666666666,0.7,"{""clf__C"": 1.0, ""clf__gamma_mult"": 1.0}",12.790319499999896
69,quantum/HS-overlap-ref-SVM,quantum,0,0.5555555555555556,0.24999999999999997,"{""clf__C"": 0.1}",4.713883899999928
69,quantum/HS-overlap-ref-SVM,quantum,1,0.5555555555555556,0.35,"{""clf__C"": 0.1}",4.713883899999928
69,quantum/HS-overlap-ref-SVM,quantum,2,0.5555555555555556,0.5,"{""clf__C"": 10.0}",4.713883899999928
69,quantum/HS-overlap-ref-SVM,quantum,3,0.4444444444444444,0.7,"{""clf__C"": 10.0}",4.713883899999928
69,quantum/HS-overlap-ref-SVM,quantum,4,0.4444444444444444,0.4,"{""clf__C"": 0.1}",4.713883899999928
69,quantum/HS-overlap-ref-SVM,quantum,5,0.5555555555555556,0.39999999999999997,"{""clf__C"": 0.1}",4.713883899999928
69,quantum/HS-overlap-ref-SVM,quantum,6,0.4444444444444444,0.45,"{""clf__C"": 10.0}",4.713883899999928
69,quantum/HS-overlap-ref-SVM,quantum,7,0.4444444444444444,0.35,"{""clf__C"": 10.0}",4.713883899999928
69,quantum/HS-overlap-ref-SVM,quantum,8,0.4444444444444444,0.6,"{""clf__C"": 10.0}",4.713883899999928
69,quantum/HS-overlap-ref-SVM,quantum,9,0.4444444444444444,0.2,"{""clf__C"": 0.1}",4.713883899999928
69,quantum/HS-overlap-ref-SVM,quantum,10,0.1111111111111111,0.15,"{""clf__C"": 10.0}",4.713883899999928
69,quantum/HS-overlap-ref-SVM,quantum,11,0.1111111111111111,0.15,"{""clf__C"": 10.0}",4.713883899999928
69,quantum/HS-overlap-ref-SVM,quantum,12,0.5555555555555556,0.45,"{""clf__C"": 0.1}",4.713883899999928
69,quantum/HS-overlap-ref-SVM,quantum,13,0.5555555555555556,0.55,"{""clf__C"": 0.1}",4.713883899999928
69,quantum/HS-overlap-ref-SVM,quantum,14,0.4444444444444444,0.85,"{""clf__C"": 0.1}",4.713883899999928
69,quantum/Fidelity-ref-SVM,quantum,0,0.5555555555555556,0.24999999999999997,"{""clf__C"": 0.1}",6.413509400000294
69,quantum/Fidelity-ref-SVM,quantum,1,0.4444444444444444,0.35,"{""clf__C"": 10.0}",6.413509400000294
69,quantum/Fidelity-ref-SVM,quantum,2,0.5555555555555556,0.39999999999999997,"{""clf__C"": 0.1}",6.413509400000294
69,quantum/Fidelity-ref-SVM,quantum,3,0.5555555555555556,0.7,"{""clf__C"": 0.1}",6.413509400000294
69,quantum/Fidelity-ref-SVM,quantum,4,0.4444444444444444,0.5,"{""clf__C"": 0.1}",6.413509400000294
69,quantum/Fidelity-ref-SVM,quantum,5,0.5555555555555556,0.45,"{""clf__C"": 0.1}",6.413509400000294
69,quantum/Fidelity-ref-SVM,quantum,6,0.5555555555555556,0.39999999999999997,"{""clf__C"": 10.0}",6.413509400000294
69,quantum/Fidelity-ref-SVM,quantum,7,0.5555555555555556,0.35,"{""clf__C"": 0.1}",6.413509400000294
69,quantum/Fidelity-ref-SVM,quantum,8,0.5555555555555556,0.55,"{""clf__C"": 0.1}",6.413509400000294
69,quantum/Fidelity-ref-SVM,quantum,9,0.4444444444444444,0.2,"{""clf__C"": 0.1}",6.413509400000294
69,quantum/Fidelity-ref-SVM,quantum,10,0.2222222222222222,0.15,"{""clf__C"": 10.0}",6.413509400000294
69,quantum/Fidelity-ref-SVM,quantum,11,0.5555555555555556,0.1,"{""clf__C"": 0.1}",6.413509400000294
69,quantum/Fidelity-ref-SVM,quantum,12,0.6666666666666666,0.45,"{""clf__C"": 10.0}",6.413509400000294
69,quantum/Fidelity-ref-SVM,quantum,13,0.5555555555555556,0.55,"{""clf__C"": 0.1}",6.413509400000294
69,quantum/Fidelity-ref-SVM,quantum,14,0.4444444444444444,0.85,"{""clf__C"": 0.1}",6.413509400000294
69,quantum/HS-RBF-ref-SVM,quantum,0,0.5555555555555556,0.19999999999999998,"{""clf__C"": 0.1, ""clf__gamma_mult"": 0.25}",12.904423599999973
69,quantum/HS-RBF-ref-SVM,quantum,1,0.3333333333333333,0.44999999999999996,"{""clf__C"": 1.0, ""clf__gamma_mult"": 1.0}",12.904423599999973
69,quantum/HS-RBF-ref-SVM,quantum,2,0.4444444444444444,0.3,"{""clf__C"": 1.0, ""clf__gamma_mult"": 4.0}",12.904423599999973
69,quantum/HS-RBF-ref-SVM,quantum,3,0.5555555555555556,0.7,"{""clf__C"": 0.1, ""clf__gamma_mult"": 0.25}",12.904423599999973
69,quantum/HS-RBF-ref-SVM,quantum,4,0.4444444444444444,0.4,"{""clf__C"": 0.1, ""clf__gamma_mult"": 0.25}",12.904423599999973
69,quantum/HS-RBF-ref-SVM,quantum,5,0.5555555555555556,0.39999999999999997,"{""clf__C"": 0.1, ""clf__gamma_mult"": 0.25}",12.904423599999973
69,quantum/HS-RBF-ref-SVM,quantum,6,0.4444444444444444,0.55,"{""clf__C"": 1.0, ""clf__gamma_mult"": 1.0}",12.904423599999973
69,quantum/HS-RBF-ref-SVM,quantum,7,0.5555555555555556,0.44999999999999996,"{""clf__C"": 10.0, ""clf__gamma_mult"": 1.0}",12.904423599999973
69,quantum/HS-RBF-ref-SVM,quantum,8,0.5555555555555556,0.5,"{""clf__C"": 1.0, ""clf__gamma_mult"": 1.0}",12.904423599999973
69,quantum/HS-RBF-ref-SVM,quantum,9,0.4444444444444444,0.2,"{""clf__C"": 0.1, ""clf__gamma_mult"": 0.25}",12.904423599999973
69,quantum/HS-RBF-ref-SVM,quantum,10,0.2222222222222222,0.15,"{""clf__C"": 1.0, ""clf__gamma_mult"": 1.0}",12.904423599999973
69,quantum/HS-RBF-ref-SVM,quantum,11,0.2222222222222222,0.15,"{""clf__C"": 10.0, ""clf__gamma_mult"": 1.0}",12.904423599999973
69,quantum/HS-RBF-ref-SVM,quantum,12,0.6666666666666666,0.6000000000000001,"{""clf__C"": 10.0, ""clf__gamma_mult"": 4.0}",12.904423599999973
69,quantum/HS-RBF-ref-SVM,quantum,13,0.5555555555555556,0.5,"{""clf__C"": 0.1, ""clf__gamma_mult"": 0.25}",12.904423599999973
69,quantum/HS-RBF-ref-SVM,quantum,14,0.4444444444444444,0.85,"{""clf__C"": 0.1, ""clf__gamma_mult"": 0.25}",12.904423599999973
69,quantum/Bures-RBF-ref-SVM,quantum,0,0.5555555555555556,0.24999999999999997,"{""clf__C"": 0.1, ""clf__gamma_mult"": 0.25}",17.041436299999987
69,quantum/Bures-RBF-ref-SVM,quantum,1,0.3333333333333333,0.44999999999999996,"{""clf__C"": 1.0, ""clf__gamma_mult"": 1.0}",17.041436299999987
69,quantum/Bures-RBF-ref-SVM,quantum,2,0.5555555555555556,0.39999999999999997,"{""clf__C"": 0.1, ""clf__gamma_mult"": 0.25}",17.041436299999987
69,quantum/Bures-RBF-ref-SVM,quantum,3,0.5555555555555556,0.7,"{""clf__C"": 0.1, ""clf__gamma_mult"": 0.25}",17.041436299999987
69,quantum/Bures-RBF-ref-SVM,quantum,4,0.4444444444444444,0.45,"{""clf__C"": 0.1, ""clf__gamma_mult"": 0.25}",17.041436299999987
69,quantum/Bures-RBF-ref-SVM,quantum,5,0.5555555555555556,0.4,"{""clf__C"": 1.0, ""clf__gamma_mult"": 4.0}",17.041436299999987
69,quantum/Bures-RBF-ref-SVM,quantum,6,0.5555555555555556,0.5,"{""clf__C"": 1.0, ""clf__gamma_mult"": 1.0}",17.041436299999987
69,quantum/Bures-RBF-ref-SVM,quantum,7,0.5555555555555556,0.39999999999999997,"{""clf__C"": 10.0, ""clf__gamma_mult"": 1.0}",17.041436299999987
69,quantum/Bures-RBF-ref-SVM,quantum,8,0.5555555555555556,0.55,"{""clf__C"": 1.0, ""clf__gamma_mult"": 1.0}",17.041436299999987
69,quantum/Bures-RBF-ref-SVM,quantum,9,0.4444444444444444,0.25,"{""clf__C"": 0.1, ""clf__gamma_mult"": 0.25}",17.041436299999987
69,quantum/Bures-RBF-ref-SVM,quantum,10,0.1111111111111111,0.15,"{""clf__C"": 1.0, ""clf__gamma_mult"": 1.0}",17.041436299999987
69,quantum/Bures-RBF-ref-SVM,quantum,11,0.2222222222222222,0.19999999999999998,"{""clf__C"": 10.0, ""clf__gamma_mult"": 1.0}",17.041436299999987
69,quantum/Bures-RBF-ref-SVM,quantum,12,0.6666666666666666,0.55,"{""clf__C"": 1.0, ""clf__gamma_mult"": 1.0}",17.041436299999987
69,quantum/Bures-RBF-ref-SVM,quantum,13,0.5555555555555556,0.6,"{""clf__C"": 0.1, ""clf__gamma_mult"": 0.25}",17.041436299999987
69,quantum/Bures-RBF-ref-SVM,quantum,14,0.4444444444444444,0.85,"{""clf__C"": 0.1, ""clf__gamma_mult"": 0.25}",17.041436299999987
69,quantum/QRE-RBF-ref-SVM,quantum,0,0.5555555555555556,0.24999999999999997,"{""clf__C"": 0.1, ""clf__gamma_mult"": 0.25}",14.914417800000592
69,quantum/QRE-RBF-ref-SVM,quantum,1,0.3333333333333333,0.44999999999999996,"{""clf__C"": 1.0, ""clf__gamma_mult"": 1.0}",14.914417800000592
69,quantum/QRE-RBF-ref-SVM,quantum,2,0.5555555555555556,0.39999999999999997,"{""clf__C"": 0.1, ""clf__gamma_mult"": 0.25}",14.914417800000592
69,quantum/QRE-RBF-ref-SVM,quantum,3,0.5555555555555556,0.7,"{""clf__C"": 0.1, ""clf__gamma_mult"": 0.25}",14.914417800000592
69,quantum/QRE-RBF-ref-SVM,quantum,4,0.4444444444444444,0.45,"{""clf__C"": 0.1, ""clf__gamma_mult"": 0.25}",14.914417800000592
69,quantum/QRE-RBF-ref-SVM,quantum,5,0.5555555555555556,0.4,"{""clf__C"": 1.0, ""clf__gamma_mult"": 4.0}",14.914417800000592
69,quantum/QRE-RBF-ref-SVM,quantum,6,0.5555555555555556,0.5,"{""clf__C"": 1.0, ""clf__gamma_mult"": 1.0}",14.914417800000592
69,quantum/QRE-RBF-ref-SVM,quantum,7,0.5555555555555556,0.39999999999999997,"{""clf__C"": 10.0, ""clf__gamma_mult"": 1.0}",14.914417800000592
69,quantum/QRE-RBF-ref-SVM,quantum,8,0.5555555555555556,0.55,"{""clf__C"": 1.0, ""clf__gamma_mult"": 1.0}",14.914417800000592
69,quantum/QRE-RBF-ref-SVM,quantum,9,0.4444444444444444,0.45000000000000007,"{""clf__C"": 1.0, ""clf__gamma_mult"": 4.0}",14.914417800000592
69,quantum/QRE-RBF-ref-SVM,quantum,10,0.1111111111111111,0.15,"{""clf__C"": 1.0, ""clf__gamma_mult"": 1.0}",14.914417800000592
69,quantum/QRE-RBF-ref-SVM,quantum,11,0.3333333333333333,0.29999999999999993,"{""clf__C"": 10.0, ""clf__gamma_mult"": 4.0}",14.914417800000592
69,quantum/QRE-RBF-ref-SVM,quantum,12,0.6666666666666666,0.55,"{""clf__C"": 1.0, ""clf__gamma_mult"": 1.0}",14.914417800000592
69,quantum/QRE-RBF-ref-SVM,quantum,13,0.5555555555555556,0.6,"{""clf__C"": 0.1, ""clf__gamma_mult"": 0.25}",14.914417800000592
69,quantum/QRE-RBF-ref-SVM,quantum,14,0.4444444444444444,0.85,"{""clf__C"": 0.1, ""clf__gamma_mult"": 0.25}",14.914417800000592
69,quantum/IQP-kernel-SVM,quantum,0,0.4444444444444444,0.25,"{""clf__C"": 1.0, ""clf__scale"": 1.0}",20.879625300000043
69,quantum/IQP-kernel-SVM,quantum,1,0.6666666666666666,0.8,"{""clf__C"": 1.0, ""clf__scale"": 0.5}",20.879625300000043
69,quantum/IQP-kernel-SVM,quantum,2,0.4444444444444444,0.55,"{""clf__C"": 1.0, ""clf__scale"": 0.5}",20.879625300000043
69,quantum/IQP-kernel-SVM,quantum,3,0.5555555555555556,0.8,"{""clf__C"": 1.0, ""clf__scale"": 2.0}",20.879625300000043
69,quantum/IQP-kernel-SVM,quantum,4,0.5555555555555556,0.7500000000000001,"{""clf__C"": 1.0, ""clf__scale"": 2.0}",20.879625300000043
69,quantum/IQP-kernel-SVM,quantum,5,0.3333333333333333,0.55,"{""clf__C"": 1.0, ""clf__scale"": 0.5}",20.879625300000043
69,quantum/IQP-kernel-SVM,quantum,6,0.3333333333333333,0.5,"{""clf__C"": 1.0, ""clf__scale"": 0.5}",20.879625300000043
69,quantum/IQP-kernel-SVM,quantum,7,0.5555555555555556,0.75,"{""clf__C"": 1.0, ""clf__scale"": 0.5}",20.879625300000043
69,quantum/IQP-kernel-SVM,quantum,8,0.7777777777777778,0.9,"{""clf__C"": 1.0, ""clf__scale"": 0.5}",20.879625300000043
69,quantum/IQP-kernel-SVM,quantum,9,0.6666666666666666,0.8,"{""clf__C"": 1.0, ""clf__scale"": 0.5}",20.879625300000043
69,quantum/IQP-kernel-SVM,quantum,10,0.4444444444444444,0.6,"{""clf__C"": 1.0, ""clf__scale"": 0.5}",20.879625300000043
69,quantum/IQP-kernel-SVM,quantum,11,0.4444444444444444,0.49999999999999994,"{""clf__C"": 10.0, ""clf__scale"": 2.0}",20.879625300000043
69,quantum/IQP-kernel-SVM,quantum,12,1.0,1.0,"{""clf__C"": 1.0, ""clf__scale"": 0.5}",20.879625300000043
69,quantum/IQP-kernel-SVM,quantum,13,0.7777777777777778,0.75,"{""clf__C"": 1.0, ""clf__scale"": 0.5}",20.879625300000043
69,quantum/IQP-kernel-SVM,quantum,14,0.5555555555555556,0.9,"{""clf__C"": 1.0, ""clf__scale"": 1.0}",20.879625300000043
69,quantum/CNOT-kernel-SVM,quantum,0,0.5555555555555556,0.8,"{""clf__C"": 10.0, ""clf__scale"": 0.5}",18.56074389999958
69,quantum/CNOT-kernel-SVM,quantum,1,0.6666666666666666,0.75,"{""clf__C"": 1.0, ""clf__scale"": 1.0}",18.56074389999958
69,quantum/CNOT-kernel-SVM,quantum,2,0.5555555555555556,0.45,"{""clf__C"": 1.0, ""clf__scale"": 2.0}",18.56074389999958
69,quantum/CNOT-kernel-SVM,quantum,3,0.4444444444444444,0.5,"{""clf__C"": 10.0, ""clf__scale"": 2.0}",18.56074389999958
69,quantum/CNOT-kernel-SVM,quantum,4,0.6666666666666666,0.7,"{""clf__C"": 10.0, ""clf__scale"": 0.5}",18.56074389999958
69,quantum/CNOT-kernel-SVM,quantum,5,0.4444444444444444,0.5,"{""clf__C"": 1.0, ""clf__scale"": 0.5}",18.56074389999958
69,quantum/CNOT-kernel-SVM,quantum,6,0.4444444444444444,0.39999999999999997,"{""clf__C"": 10.0, ""clf__scale"": 0.5}",18.56074389999958
69,quantum/CNOT-kernel-SVM,quantum,7,0.5555555555555556,0.6000000000000001,"{""clf__C"": 10.0, ""clf__scale"": 1.0}",18.56074389999958
69,quantum/CNOT-kernel-SVM,quantum,8,0.7777777777777778,1.0,"{""clf__C"": 1.0, ""clf__scale"": 1.0}",18.56074389999958
69,quantum/CNOT-kernel-SVM,quantum,9,0.5555555555555556,0.65,"{""clf__C"": 1.0, ""clf__scale"": 1.0}",18.56074389999958
69,quantum/CNOT-kernel-SVM,quantum,10,0.3333333333333333,0.6,"{""clf__C"": 1.0, ""clf__scale"": 1.0}",18.56074389999958
69,quantum/CNOT-kernel-SVM,quantum,11,0.4444444444444444,0.14999999999999997,"{""clf__C"": 10.0, ""clf__scale"": 0.5}",18.56074389999958
69,quantum/CNOT-kernel-SVM,quantum,12,0.7777777777777778,0.8,"{""clf__C"": 1.0, ""clf__scale"": 1.0}",18.56074389999958
69,quantum/CNOT-kernel-SVM,quantum,13,0.6666666666666666,0.8,"{""clf__C"": 10.0, ""clf__scale"": 0.5}",18.56074389999958
69,quantum/CNOT-kernel-SVM,quantum,14,0.6666666666666666,0.75,"{""clf__C"": 1.0, ""clf__scale"": 2.0}",18.56074389999958
69,control/IQP-no-entangle,control,0,0.5555555555555556,0.5499999999999999,"{""clf__C"": 10.0, ""clf__scale"": 1.0}",17.27509310000005
69,control/IQP-no-entangle,control,1,0.6666666666666666,0.7,"{""clf__C"": 1.0, ""clf__scale"": 1.0}",17.27509310000005
69,control/IQP-no-entangle,control,2,0.3333333333333333,0.35,"{""clf__C"": 1.0, ""clf__scale"": 2.0}",17.27509310000005
69,control/IQP-no-entangle,control,3,0.7777777777777778,0.8,"{""clf__C"": 1.0, ""clf__scale"": 2.0}",17.27509310000005
69,control/IQP-no-entangle,control,4,0.4444444444444444,0.75,"{""clf__C"": 0.1, ""clf__scale"": 0.5}",17.27509310000005
69,control/IQP-no-entangle,control,5,0.4444444444444444,0.6,"{""clf__C"": 1.0, ""clf__scale"": 1.0}",17.27509310000005
69,control/IQP-no-entangle,control,6,0.4444444444444444,0.44999999999999996,"{""clf__C"": 10.0, ""clf__scale"": 0.5}",17.27509310000005
69,control/IQP-no-entangle,control,7,0.6666666666666666,0.7000000000000001,"{""clf__C"": 1.0, ""clf__scale"": 2.0}",17.27509310000005
69,control/IQP-no-entangle,control,8,0.7777777777777778,0.85,"{""clf__C"": 10.0, ""clf__scale"": 0.5}",17.27509310000005
69,control/IQP-no-entangle,control,9,0.6666666666666666,0.55,"{""clf__C"": 10.0, ""clf__scale"": 2.0}",17.27509310000005
69,control/IQP-no-entangle,control,10,0.4444444444444444,0.45,"{""clf__C"": 10.0, ""clf__scale"": 0.5}",17.27509310000005
69,control/IQP-no-entangle,control,11,0.4444444444444444,0.19999999999999996,"{""clf__C"": 1.0, ""clf__scale"": 1.0}",17.27509310000005
69,control/IQP-no-entangle,control,12,0.7777777777777778,0.8,"{""clf__C"": 1.0, ""clf__scale"": 1.0}",17.27509310000005
69,control/IQP-no-entangle,control,13,0.6666666666666666,0.75,"{""clf__C"": 10.0, ""clf__scale"": 1.0}",17.27509310000005
69,control/IQP-no-entangle,control,14,0.4444444444444444,0.8,"{""clf__C"": 0.1, ""clf__scale"": 0.5}",17.27509310000005
69,control/PCA-matched-RBF,control,0,0.6666666666666666,0.6499999999999999,"{""clf__C"": 10.0, ""clf__gamma"": ""scale""}",13.386016299999937
69,control/PCA-matched-RBF,control,1,0.6666666666666666,0.75,"{""clf__C"": 1.0, ""clf__gamma"": ""scale""}",13.386016299999937
69,control/PCA-matched-RBF,control,2,0.6666666666666666,0.55,"{""clf__C"": 10.0, ""clf__gamma"": ""scale""}",13.386016299999937
69,control/PCA-matched-RBF,control,3,0.7777777777777778,0.9,"{""clf__C"": 10.0, ""clf__gamma"": 0.1}",13.386016299999937
69,control/PCA-matched-RBF,control,4,0.6666666666666666,0.6,"{""clf__C"": 10.0, ""clf__gamma"": 0.01}",13.386016299999937
69,control/PCA-matched-RBF,control,5,0.4444444444444444,0.5,"{""clf__C"": 1.0, ""clf__gamma"": 0.1}",13.386016299999937
69,control/PCA-matched-RBF,control,6,0.4444444444444444,0.44999999999999996,"{""clf__C"": 1.0, ""clf__gamma"": ""scale""}",13.386016299999937
69,control/PCA-matched-RBF,control,7,0.5555555555555556,0.6,"{""clf__C"": 10.0, ""clf__gamma"": 0.01}",13.386016299999937
69,control/PCA-matched-RBF,control,8,0.7777777777777778,1.0,"{""clf__C"": 1.0, ""clf__gamma"": ""scale""}",13.386016299999937
69,control/PCA-matched-RBF,control,9,0.4444444444444444,0.55,"{""clf__C"": 10.0, ""clf__gamma"": 0.1}",13.386016299999937
69,control/PCA-matched-RBF,control,10,0.4444444444444444,0.6,"{""clf__C"": 1.0, ""clf__gamma"": ""scale""}",13.386016299999937
69,control/PCA-matched-RBF,control,11,0.4444444444444444,0.6,"{""clf__C"": 10.0, ""clf__gamma"": ""scale""}",13.386016299999937
69,control/PCA-matched-RBF,control,12,0.7777777777777778,0.8,"{""clf__C"": 10.0, ""clf__gamma"": 0.1}",13.386016299999937
69,control/PCA-matched-RBF,control,13,0.6666666666666666,0.6,"{""clf__C"": 10.0, ""clf__gamma"": 0.01}",13.386016299999937
69,control/PCA-matched-RBF,control,14,0.7777777777777778,0.8,"{""clf__C"": 10.0, ""clf__gamma"": 0.1}",13.386016299999937
69,control/PCA-matched-linear,control,0,0.5555555555555556,0.55,"{""clf__C"": 1.0}",4.824387600000591
69,control/PCA-matched-linear,control,1,0.5555555555555556,0.6,"{""clf__C"": 10.0}",4.824387600000591
69,control/PCA-matched-linear,control,2,0.5555555555555556,0.55,"{""clf__C"": 1.0}",4.824387600000591
69,control/PCA-matched-linear,control,3,0.6666666666666666,0.8,"{""clf__C"": 1.0}",4.824387600000591
69,control/PCA-matched-linear,control,4,0.5555555555555556,0.6,"{""clf__C"": 10.0}",4.824387600000591
69,control/PCA-matched-linear,control,5,0.5555555555555556,0.45,"{""clf__C"": 1.0}",4.824387600000591
69,control/PCA-matched-linear,control,6,0.5555555555555556,0.39999999999999997,"{""clf__C"": 1.0}",4.824387600000591
69,control/PCA-matched-linear,control,7,0.6666666666666666,0.6,"{""clf__C"": 10.0}",4.824387600000591
69,control/PCA-matched-linear,control,8,0.7777777777777778,1.0,"{""clf__C"": 10.0}",4.824387600000591
69,control/PCA-matched-linear,control,9,0.5555555555555556,0.5,"{""clf__C"": 10.0}",4.824387600000591
69,control/PCA-matched-linear,control,10,0.4444444444444444,0.44999999999999996,"{""clf__C"": 1.0}",4.824387600000591
69,control/PCA-matched-linear,control,11,0.3333333333333333,0.14999999999999997,"{""clf__C"": 10.0}",4.824387600000591
69,control/PCA-matched-linear,control,12,0.7777777777777778,1.0,"{""clf__C"": 10.0}",4.824387600000591
69,control/PCA-matched-linear,control,13,0.6666666666666666,0.55,"{""clf__C"": 1.0}",4.824387600000591
69,control/PCA-matched-linear,control,14,0.6666666666666666,0.8,"{""clf__C"": 1.0}",4.824387600000591
69,control/logeuclid-TS+LR,control,0,0.5555555555555556,0.5499999999999999,"{""clf__C"": 0.1}",4.234496400000353
69,control/logeuclid-TS+LR,control,1,0.6666666666666666,0.7,"{""clf__C"": 1.0}",4.234496400000353
69,control/logeuclid-TS+LR,control,2,0.6666666666666666,0.6,"{""clf__C"": 0.1}",4.234496400000353
69,control/logeuclid-TS+LR,control,3,0.6666666666666666,0.75,"{""clf__C"": 0.1}",4.234496400000353
69,control/logeuclid-TS+LR,control,4,0.6666666666666666,0.65,"{""clf__C"": 0.1}",4.234496400000353
69,control/logeuclid-TS+LR,control,5,0.4444444444444444,0.39999999999999997,"{""clf__C"": 0.1}",4.234496400000353
69,control/logeuclid-TS+LR,control,6,0.5555555555555556,0.39999999999999997,"{""clf__C"": 0.1}",4.234496400000353
69,control/logeuclid-TS+LR,control,7,0.6666666666666666,0.7000000000000001,"{""clf__C"": 0.1}",4.234496400000353
69,control/logeuclid-TS+LR,control,8,0.6666666666666666,0.7,"{""clf__C"": 1.0}",4.234496400000353
69,control/logeuclid-TS+LR,control,9,0.6666666666666666,0.6,"{""clf__C"": 0.1}",4.234496400000353
69,control/logeuclid-TS+LR,control,10,0.4444444444444444,0.39999999999999997,"{""clf__C"": 0.1}",4.234496400000353
69,control/logeuclid-TS+LR,control,11,0.6666666666666666,0.65,"{""clf__C"": 1.0}",4.234496400000353
69,control/logeuclid-TS+LR,control,12,0.6666666666666666,0.8,"{""clf__C"": 0.1}",4.234496400000353
69,control/logeuclid-TS+LR,control,13,0.5555555555555556,0.6,"{""clf__C"": 0.1}",4.234496400000353
69,control/logeuclid-TS+LR,control,14,0.6666666666666666,0.75,"{""clf__C"": 0.1}",4.234496400000353
69,control/riemann-kernel-SVM,control,0,0.5555555555555556,0.7,"{""clf__C"": 0.1}",4.500376899999537
69,control/riemann-kernel-SVM,control,1,0.5555555555555556,0.6,"{""clf__C"": 1.0}",4.500376899999537
69,control/riemann-kernel-SVM,control,2,0.6666666666666666,0.7000000000000001,"{""clf__C"": 0.1}",4.500376899999537
69,control/riemann-kernel-SVM,control,3,0.5555555555555556,0.6,"{""clf__C"": 0.1}",4.500376899999537
69,control/riemann-kernel-SVM,control,4,0.6666666666666666,0.7,"{""clf__C"": 1.0}",4.500376899999537
69,control/riemann-kernel-SVM,control,5,0.5555555555555556,0.55,"{""clf__C"": 1.0}",4.500376899999537
69,control/riemann-kernel-SVM,control,6,0.3333333333333333,0.25,"{""clf__C"": 1.0}",4.500376899999537
69,control/riemann-kernel-SVM,control,7,0.4444444444444444,0.6,"{""clf__C"": 1.0}",4.500376899999537
69,control/riemann-kernel-SVM,control,8,0.5555555555555556,0.7000000000000001,"{""clf__C"": 1.0}",4.500376899999537
69,control/riemann-kernel-SVM,control,9,0.4444444444444444,0.5,"{""clf__C"": 0.1}",4.500376899999537
69,control/riemann-kernel-SVM,control,10,0.4444444444444444,0.3,"{""clf__C"": 1.0}",4.500376899999537
69,control/riemann-kernel-SVM,control,11,0.4444444444444444,0.24999999999999997,"{""clf__C"": 1.0}",4.500376899999537
69,control/riemann-kernel-SVM,control,12,0.6666666666666666,0.75,"{""clf__C"": 1.0}",4.500376899999537
69,control/riemann-kernel-SVM,control,13,0.5555555555555556,0.55,"{""clf__C"": 1.0}",4.500376899999537
69,control/riemann-kernel-SVM,control,14,0.4444444444444444,0.8,"{""clf__C"": 0.1}",4.500376899999537
69,control/logeuclid-kernel-SVM,control,0,0.5555555555555556,0.8,"{""clf__C"": 0.1}",4.384253700000045
69,control/logeuclid-kernel-SVM,control,1,0.5555555555555556,0.6,"{""clf__C"": 1.0}",4.384253700000045
69,control/logeuclid-kernel-SVM,control,2,0.6666666666666666,0.7000000000000001,"{""clf__C"": 0.1}",4.384253700000045
69,control/logeuclid-kernel-SVM,control,3,0.4444444444444444,0.55,"{""clf__C"": 1.0}",4.384253700000045
69,control/logeuclid-kernel-SVM,control,4,0.5555555555555556,0.65,"{""clf__C"": 1.0}",4.384253700000045
69,control/logeuclid-kernel-SVM,control,5,0.4444444444444444,0.55,"{""clf__C"": 1.0}",4.384253700000045
69,control/logeuclid-kernel-SVM,control,6,0.5555555555555556,0.35,"{""clf__C"": 1.0}",4.384253700000045
69,control/logeuclid-kernel-SVM,control,7,0.3333333333333333,0.6,"{""clf__C"": 1.0}",4.384253700000045
69,control/logeuclid-kernel-SVM,control,8,0.5555555555555556,0.7000000000000001,"{""clf__C"": 1.0}",4.384253700000045
69,control/logeuclid-kernel-SVM,control,9,0.4444444444444444,0.6,"{""clf__C"": 0.1}",4.384253700000045
69,control/logeuclid-kernel-SVM,control,10,0.4444444444444444,0.3,"{""clf__C"": 1.0}",4.384253700000045
69,control/logeuclid-kernel-SVM,control,11,0.4444444444444444,0.3,"{""clf__C"": 10.0}",4.384253700000045
69,control/logeuclid-kernel-SVM,control,12,0.6666666666666666,0.8,"{""clf__C"": 1.0}",4.384253700000045
69,control/logeuclid-kernel-SVM,control,13,0.5555555555555556,0.55,"{""clf__C"": 1.0}",4.384253700000045
69,control/logeuclid-kernel-SVM,control,14,0.4444444444444444,0.9,"{""clf__C"": 0.1}",4.384253700000045
70,classical/logvar+LDA,classical,0,0.7777777777777778,0.85,{},0.07198750000043219
70,classical/logvar+LDA,classical,1,0.5555555555555556,0.4,{},0.07198750000043219
70,classical/logvar+LDA,classical,2,0.7777777777777778,0.7,{},0.07198750000043219
70,classical/logvar+LDA,classical,3,0.5555555555555556,0.5,{},0.07198750000043219
70,classical/logvar+LDA,classical,4,0.6666666666666666,0.7000000000000001,{},0.07198750000043219
70,classical/logvar+LDA,classical,5,0.5555555555555556,0.55,{},0.07198750000043219
70,classical/logvar+LDA,classical,6,0.5555555555555556,0.65,{},0.07198750000043219
70,classical/logvar+LDA,classical,7,0.4444444444444444,0.44999999999999996,{},0.07198750000043219
70,classical/logvar+LDA,classical,8,0.7777777777777778,0.75,{},0.07198750000043219
70,classical/logvar+LDA,classical,9,0.4444444444444444,0.5,{},0.07198750000043219
70,classical/logvar+LDA,classical,10,0.5555555555555556,0.55,{},0.07198750000043219
70,classical/logvar+LDA,classical,11,0.3333333333333333,0.35,{},0.07198750000043219
70,classical/logvar+LDA,classical,12,0.3333333333333333,0.35,{},0.07198750000043219
70,classical/logvar+LDA,classical,13,0.4444444444444444,0.5,{},0.07198750000043219
70,classical/logvar+LDA,classical,14,0.4444444444444444,0.44999999999999996,{},0.07198750000043219
70,classical/CSP+LDA,classical,0,0.8888888888888888,0.95,"{""csp__nfilter"": 2}",3.847489400000086
70,classical/CSP+LDA,classical,1,0.8888888888888888,0.95,"{""csp__nfilter"": 6}",3.847489400000086
70,classical/CSP+LDA,classical,2,0.6666666666666666,0.95,"{""csp__nfilter"": 2}",3.847489400000086
70,classical/CSP+LDA,classical,3,0.8888888888888888,1.0,"{""csp__nfilter"": 4}",3.847489400000086
70,classical/CSP+LDA,classical,4,0.7777777777777778,0.9500000000000001,"{""csp__nfilter"": 2}",3.847489400000086
70,classical/CSP+LDA,classical,5,0.8888888888888888,1.0,"{""csp__nfilter"": 2}",3.847489400000086
70,classical/CSP+LDA,classical,6,0.8888888888888888,0.95,"{""csp__nfilter"": 2}",3.847489400000086
70,classical/CSP+LDA,classical,7,1.0,1.0,"{""csp__nfilter"": 2}",3.847489400000086
70,classical/CSP+LDA,classical,8,0.7777777777777778,0.85,"{""csp__nfilter"": 4}",3.847489400000086
70,classical/CSP+LDA,classical,9,0.7777777777777778,0.85,"{""csp__nfilter"": 2}",3.847489400000086
70,classical/CSP+LDA,classical,10,0.8888888888888888,0.9,"{""csp__nfilter"": 4}",3.847489400000086
70,classical/CSP+LDA,classical,11,0.7777777777777778,0.85,"{""csp__nfilter"": 4}",3.847489400000086
70,classical/CSP+LDA,classical,12,0.7777777777777778,0.95,"{""csp__nfilter"": 2}",3.847489400000086
70,classical/CSP+LDA,classical,13,0.7777777777777778,0.8,"{""csp__nfilter"": 2}",3.847489400000086
70,classical/CSP+LDA,classical,14,0.7777777777777778,0.9500000000000001,"{""csp__nfilter"": 2}",3.847489400000086
70,classical/MDM,classical,0,0.8888888888888888,1.0,{},0.5179250999999567
70,classical/MDM,classical,1,0.8888888888888888,0.95,{},0.5179250999999567
70,classical/MDM,classical,2,0.6666666666666666,1.0,{},0.5179250999999567
70,classical/MDM,classical,3,1.0,1.0,{},0.5179250999999567
70,classical/MDM,classical,4,0.8888888888888888,1.0,{},0.5179250999999567
70,classical/MDM,classical,5,0.8888888888888888,1.0,{},0.5179250999999567
70,classical/MDM,classical,6,0.8888888888888888,0.95,{},0.5179250999999567
70,classical/MDM,classical,7,0.8888888888888888,1.0,{},0.5179250999999567
70,classical/MDM,classical,8,0.5555555555555556,0.85,{},0.5179250999999567
70,classical/MDM,classical,9,0.7777777777777778,0.8,{},0.5179250999999567
70,classical/MDM,classical,10,0.7777777777777778,1.0,{},0.5179250999999567
70,classical/MDM,classical,11,0.6666666666666666,0.85,{},0.5179250999999567
70,classical/MDM,classical,12,0.8888888888888888,1.0,{},0.5179250999999567
70,classical/MDM,classical,13,0.7777777777777778,0.75,{},0.5179250999999567
70,classical/MDM,classical,14,0.7777777777777778,1.0,{},0.5179250999999567
70,classical/TS+LR,classical,0,0.8888888888888888,1.0,"{""clf__C"": 0.1}",4.7377529999994294
70,classical/TS+LR,classical,1,0.8888888888888888,0.9,"{""clf__C"": 0.1}",4.7377529999994294
70,classical/TS+LR,classical,2,0.7777777777777778,1.0,"{""clf__C"": 0.1}",4.7377529999994294
70,classical/TS+LR,classical,3,0.8888888888888888,0.9500000000000001,"{""clf__C"": 1.0}",4.7377529999994294
70,classical/TS+LR,classical,4,0.7777777777777778,1.0,"{""clf__C"": 0.1}",4.7377529999994294
70,classical/TS+LR,classical,5,0.7777777777777778,1.0,"{""clf__C"": 0.1}",4.7377529999994294
70,classical/TS+LR,classical,6,0.8888888888888888,1.0,"{""clf__C"": 0.1}",4.7377529999994294
70,classical/TS+LR,classical,7,0.8888888888888888,1.0,"{""clf__C"": 1.0}",4.7377529999994294
70,classical/TS+LR,classical,8,0.6666666666666666,0.8,"{""clf__C"": 0.1}",4.7377529999994294
70,classical/TS+LR,classical,9,0.7777777777777778,0.85,"{""clf__C"": 1.0}",4.7377529999994294
70,classical/TS+LR,classical,10,0.7777777777777778,1.0,"{""clf__C"": 1.0}",4.7377529999994294
70,classical/TS+LR,classical,11,0.7777777777777778,0.95,"{""clf__C"": 0.1}",4.7377529999994294
70,classical/TS+LR,classical,12,0.7777777777777778,0.9,"{""clf__C"": 1.0}",4.7377529999994294
70,classical/TS+LR,classical,13,0.5555555555555556,0.6499999999999999,"{""clf__C"": 0.1}",4.7377529999994294
70,classical/TS+LR,classical,14,0.8888888888888888,0.9500000000000001,"{""clf__C"": 1.0}",4.7377529999994294
70,classical/TS+RBF-SVM,classical,0,1.0,1.0,"{""clf__C"": 1.0, ""clf__gamma"": ""scale""}",12.635774200000014
70,classical/TS+RBF-SVM,classical,1,0.8888888888888888,0.9,"{""clf__C"": 1.0, ""clf__gamma"": 0.01}",12.635774200000014
70,classical/TS+RBF-SVM,classical,2,0.7777777777777778,0.95,"{""clf__C"": 1.0, ""clf__gamma"": ""scale""}",12.635774200000014
70,classical/TS+RBF-SVM,classical,3,0.7777777777777778,1.0,"{""clf__C"": 1.0, ""clf__gamma"": 0.01}",12.635774200000014
70,classical/TS+RBF-SVM,classical,4,0.6666666666666666,0.85,"{""clf__C"": 10.0, ""clf__gamma"": ""scale""}",12.635774200000014
70,classical/TS+RBF-SVM,classical,5,0.6666666666666666,0.9,"{""clf__C"": 10.0, ""clf__gamma"": 0.01}",12.635774200000014
70,classical/TS+RBF-SVM,classical,6,0.7777777777777778,0.95,"{""clf__C"": 10.0, ""clf__gamma"": ""scale""}",12.635774200000014
70,classical/TS+RBF-SVM,classical,7,0.8888888888888888,1.0,"{""clf__C"": 1.0, ""clf__gamma"": 0.01}",12.635774200000014
70,classical/TS+RBF-SVM,classical,8,0.5555555555555556,0.8,"{""clf__C"": 1.0, ""clf__gamma"": 0.01}",12.635774200000014
70,classical/TS+RBF-SVM,classical,9,0.7777777777777778,0.85,"{""clf__C"": 1.0, ""clf__gamma"": ""scale""}",12.635774200000014
70,classical/TS+RBF-SVM,classical,10,0.8888888888888888,1.0,"{""clf__C"": 1.0, ""clf__gamma"": 0.01}",12.635774200000014
70,classical/TS+RBF-SVM,classical,11,0.8888888888888888,0.95,"{""clf__C"": 1.0, ""clf__gamma"": 0.01}",12.635774200000014
70,classical/TS+RBF-SVM,classical,12,0.8888888888888888,0.8500000000000001,"{""clf__C"": 1.0, ""clf__gamma"": ""scale""}",12.635774200000014
70,classical/TS+RBF-SVM,classical,13,0.5555555555555556,0.7,"{""clf__C"": 1.0, ""clf__gamma"": ""scale""}",12.635774200000014
70,classical/TS+RBF-SVM,classical,14,0.8888888888888888,0.9500000000000001,"{""clf__C"": 10.0, ""clf__gamma"": 0.01}",12.635774200000014
70,quantum/HS-overlap-SVM,quantum,0,0.7777777777777778,1.0,"{""clf__C"": 0.1}",3.8228250000001935
70,quantum/HS-overlap-SVM,quantum,1,0.5555555555555556,0.5,"{""clf__C"": 0.1}",3.8228250000001935
70,quantum/HS-overlap-SVM,quantum,2,0.7777777777777778,0.85,"{""clf__C"": 0.1}",3.8228250000001935
70,quantum/HS-overlap-SVM,quantum,3,0.4444444444444444,0.5499999999999999,"{""clf__C"": 0.1}",3.8228250000001935
70,quantum/HS-overlap-SVM,quantum,4,0.4444444444444444,0.75,"{""clf__C"": 0.1}",3.8228250000001935
70,quantum/HS-overlap-SVM,quantum,5,0.6666666666666666,0.65,"{""clf__C"": 0.1}",3.8228250000001935
70,quantum/HS-overlap-SVM,quantum,6,0.6666666666666666,0.9,"{""clf__C"": 0.1}",3.8228250000001935
70,quantum/HS-overlap-SVM,quantum,7,0.4444444444444444,0.5,"{""clf__C"": 0.1}",3.8228250000001935
70,quantum/HS-overlap-SVM,quantum,8,0.4444444444444444,0.9,"{""clf__C"": 0.1}",3.8228250000001935
70,quantum/HS-overlap-SVM,quantum,9,0.4444444444444444,0.44999999999999996,"{""clf__C"": 0.1}",3.8228250000001935
70,quantum/HS-overlap-SVM,quantum,10,0.7777777777777778,0.65,"{""clf__C"": 0.1}",3.8228250000001935
70,quantum/HS-overlap-SVM,quantum,11,0.7777777777777778,0.7,"{""clf__C"": 0.1}",3.8228250000001935
70,quantum/HS-overlap-SVM,quantum,12,0.5555555555555556,0.5,"{""clf__C"": 0.1}",3.8228250000001935
70,quantum/HS-overlap-SVM,quantum,13,0.4444444444444444,0.65,"{""clf__C"": 0.1}",3.8228250000001935
70,quantum/HS-overlap-SVM,quantum,14,0.4444444444444444,0.55,"{""clf__C"": 0.1}",3.8228250000001935
70,quantum/Fidelity-SVM,quantum,0,0.8888888888888888,0.9,"{""clf__C"": 10.0}",5.188019900000654
70,quantum/Fidelity-SVM,quantum,1,0.6666666666666666,0.7,"{""clf__C"": 10.0}",5.188019900000654
70,quantum/Fidelity-SVM,quantum,2,0.6666666666666666,0.7000000000000001,"{""clf__C"": 10.0}",5.188019900000654
70,quantum/Fidelity-SVM,quantum,3,0.4444444444444444,0.7,"{""clf__C"": 0.1}",5.188019900000654
70,quantum/Fidelity-SVM,quantum,4,0.5555555555555556,0.7,"{""clf__C"": 10.0}",5.188019900000654
70,quantum/Fidelity-SVM,quantum,5,0.5555555555555556,0.55,"{""clf__C"": 0.1}",5.188019900000654
70,quantum/Fidelity-SVM,quantum,6,0.6666666666666666,0.8,"{""clf__C"": 10.0}",5.188019900000654
70,quantum/Fidelity-SVM,quantum,7,0.7777777777777778,0.8500000000000001,"{""clf__C"": 0.1}",5.188019900000654
70,quantum/Fidelity-SVM,quantum,8,0.4444444444444444,0.7,"{""clf__C"": 0.1}",5.188019900000654
70,quantum/Fidelity-SVM,quantum,9,0.3333333333333333,0.6500000000000001,"{""clf__C"": 10.0}",5.188019900000654
70,quantum/Fidelity-SVM,quantum,10,0.5555555555555556,0.9,"{""clf__C"": 0.1}",5.188019900000654
70,quantum/Fidelity-SVM,quantum,11,0.4444444444444444,0.45,"{""clf__C"": 10.0}",5.188019900000654
70,quantum/Fidelity-SVM,quantum,12,0.5555555555555556,0.55,"{""clf__C"": 10.0}",5.188019900000654
70,quantum/Fidelity-SVM,quantum,13,0.4444444444444444,0.6000000000000001,"{""clf__C"": 0.1}",5.188019900000654
70,quantum/Fidelity-SVM,quantum,14,0.4444444444444444,1.0,"{""clf__C"": 10.0}",5.188019900000654
70,quantum/HS-RBF-SVM,quantum,0,0.6666666666666666,0.6,"{""clf__C"": 10.0, ""clf__gamma_mult"": 0.25}",10.471950000000106
70,quantum/HS-RBF-SVM,quantum,1,0.5555555555555556,0.65,"{""clf__C"": 1.0, ""clf__gamma_mult"": 0.25}",10.471950000000106
70,quantum/HS-RBF-SVM,quantum,2,0.6666666666666666,0.8,"{""clf__C"": 1.0, ""clf__gamma_mult"": 1.0}",10.471950000000106
70,quantum/HS-RBF-SVM,quantum,3,0.5555555555555556,0.7,"{""clf__C"": 1.0, ""clf__gamma_mult"": 1.0}",10.471950000000106
70,quantum/HS-RBF-SVM,quantum,4,0.5555555555555556,0.55,"{""clf__C"": 10.0, ""clf__gamma_mult"": 1.0}",10.471950000000106
70,quantum/HS-RBF-SVM,quantum,5,0.4444444444444444,0.30000000000000004,"{""clf__C"": 10.0, ""clf__gamma_mult"": 1.0}",10.471950000000106
70,quantum/HS-RBF-SVM,quantum,6,0.7777777777777778,0.75,"{""clf__C"": 1.0, ""clf__gamma_mult"": 0.25}",10.471950000000106
70,quantum/HS-RBF-SVM,quantum,7,0.6666666666666666,0.7,"{""clf__C"": 1.0, ""clf__gamma_mult"": 1.0}",10.471950000000106
70,quantum/HS-RBF-SVM,quantum,8,0.6666666666666666,0.55,"{""clf__C"": 10.0, ""clf__gamma_mult"": 1.0}",10.471950000000106
70,quantum/HS-RBF-SVM,quantum,9,0.7777777777777778,0.6500000000000001,"{""clf__C"": 1.0, ""clf__gamma_mult"": 1.0}",10.471950000000106
70,quantum/HS-RBF-SVM,quantum,10,0.6666666666666666,0.75,"{""clf__C"": 10.0, ""clf__gamma_mult"": 0.25}",10.471950000000106
70,quantum/HS-RBF-SVM,quantum,11,0.5555555555555556,0.65,"{""clf__C"": 1.0, ""clf__gamma_mult"": 1.0}",10.471950000000106
70,quantum/HS-RBF-SVM,quantum,12,0.6666666666666666,0.5,"{""clf__C"": 1.0, ""clf__gamma_mult"": 0.25}",10.471950000000106
70,quantum/HS-RBF-SVM,quantum,13,0.6666666666666666,0.6499999999999999,"{""clf__C"": 1.0, ""clf__gamma_mult"": 1.0}",10.471950000000106
70,quantum/HS-RBF-SVM,quantum,14,0.6666666666666666,0.9500000000000001,"{""clf__C"": 1.0, ""clf__gamma_mult"": 0.25}",10.471950000000106
70,quantum/Bures-RBF-SVM,quantum,0,0.7777777777777778,0.7,"{""clf__C"": 10.0, ""clf__gamma_mult"": 0.25}",14.128436700000748
70,quantum/Bures-RBF-SVM,quantum,1,0.7777777777777778,0.8,"{""clf__C"": 10.0, ""clf__gamma_mult"": 0.25}",14.128436700000748
70,quantum/Bures-RBF-SVM,quantum,2,0.6666666666666666,0.7500000000000001,"{""clf__C"": 1.0, ""clf__gamma_mult"": 0.25}",14.128436700000748
70,quantum/Bures-RBF-SVM,quantum,3,0.5555555555555556,0.75,"{""clf__C"": 1.0, ""clf__gamma_mult"": 1.0}",14.128436700000748
70,quantum/Bures-RBF-SVM,quantum,4,0.5555555555555556,0.5,"{""clf__C"": 1.0, ""clf__gamma_mult"": 4.0}",14.128436700000748
70,quantum/Bures-RBF-SVM,quantum,5,0.5555555555555556,0.65,"{""clf__C"": 1.0, ""clf__gamma_mult"": 0.25}",14.128436700000748
70,quantum/Bures-RBF-SVM,quantum,6,0.7777777777777778,0.95,"{""clf__C"": 1.0, ""clf__gamma_mult"": 1.0}",14.128436700000748
70,quantum/Bures-RBF-SVM,quantum,7,0.7777777777777778,0.8,"{""clf__C"": 10.0, ""clf__gamma_mult"": 1.0}",14.128436700000748
70,quantum/Bures-RBF-SVM,quantum,8,0.5555555555555556,0.55,"{""clf__C"": 10.0, ""clf__gamma_mult"": 0.25}",14.128436700000748
70,quantum/Bures-RBF-SVM,quantum,9,0.7777777777777778,0.6000000000000001,"{""clf__C"": 1.0, ""clf__gamma_mult"": 1.0}",14.128436700000748
70,quantum/Bures-RBF-SVM,quantum,10,0.5555555555555556,0.4,"{""clf__C"": 10.0, ""clf__gamma_mult"": 0.25}",14.128436700000748
70,quantum/Bures-RBF-SVM,quantum,11,0.5555555555555556,0.55,"{""clf__C"": 1.0, ""clf__gamma_mult"": 1.0}",14.128436700000748
70,quantum/Bures-RBF-SVM,quantum,12,0.6666666666666666,0.6000000000000001,"{""clf__C"": 10.0, ""clf__gamma_mult"": 0.25}",14.128436700000748
70,quantum/Bures-RBF-SVM,quantum,13,0.5555555555555556,0.7000000000000001,"{""clf__C"": 1.0, ""clf__gamma_mult"": 0.25}",14.128436700000748
70,quantum/Bures-RBF-SVM,quantum,14,0.7777777777777778,0.9,"{""clf__C"": 1.0, ""clf__gamma_mult"": 1.0}",14.128436700000748
70,quantum/QRE-RBF-SVM,quantum,0,0.7777777777777778,0.8,"{""clf__C"": 10.0, ""clf__gamma_mult"": 0.25}",12.439598799999658
70,quantum/QRE-RBF-SVM,quantum,1,0.7777777777777778,0.7500000000000001,"{""clf__C"": 1.0, ""clf__gamma_mult"": 0.25}",12.439598799999658
70,quantum/QRE-RBF-SVM,quantum,2,0.5555555555555556,0.7500000000000001,"{""clf__C"": 1.0, ""clf__gamma_mult"": 0.25}",12.439598799999658
70,quantum/QRE-RBF-SVM,quantum,3,0.5555555555555556,0.7,"{""clf__C"": 1.0, ""clf__gamma_mult"": 1.0}",12.439598799999658
70,quantum/QRE-RBF-SVM,quantum,4,0.5555555555555556,0.5,"{""clf__C"": 1.0, ""clf__gamma_mult"": 4.0}",12.439598799999658
70,quantum/QRE-RBF-SVM,quantum,5,0.6666666666666666,0.65,"{""clf__C"": 1.0, ""clf__gamma_mult"": 0.25}",12.439598799999658
70,quantum/QRE-RBF-SVM,quantum,6,0.7777777777777778,0.95,"{""clf__C"": 1.0, ""clf__gamma_mult"": 1.0}",12.439598799999658
70,quantum/QRE-RBF-SVM,quantum,7,0.7777777777777778,0.7500000000000001,"{""clf__C"": 10.0, ""clf__gamma_mult"": 0.25}",12.439598799999658
70,quantum/QRE-RBF-SVM,quantum,8,0.5555555555555556,0.6,"{""clf__C"": 10.0, ""clf__gamma_mult"": 0.25}",12.439598799999658
70,quantum/QRE-RBF-SVM,quantum,9,0.7777777777777778,0.6000000000000001,"{""clf__C"": 1.0, ""clf__gamma_mult"": 1.0}",12.439598799999658
70,quantum/QRE-RBF-SVM,quantum,10,0.6666666666666666,0.75,"{""clf__C"": 1.0, ""clf__gamma_mult"": 0.25}",12.439598799999658
70,quantum/QRE-RBF-SVM,quantum,11,0.5555555555555556,0.6,"{""clf__C"": 1.0, ""clf__gamma_mult"": 1.0}",12.439598799999658
70,quantum/QRE-RBF-SVM,quantum,12,0.6666666666666666,0.7000000000000001,"{""clf__C"": 10.0, ""clf__gamma_mult"": 0.25}",12.439598799999658
70,quantum/QRE-RBF-SVM,quantum,13,0.6666666666666666,0.6499999999999999,"{""clf__C"": 1.0, ""clf__gamma_mult"": 1.0}",12.439598799999658
70,quantum/QRE-RBF-SVM,quantum,14,0.7777777777777778,1.0,"{""clf__C"": 1.0, ""clf__gamma_mult"": 0.25}",12.439598799999658
70,quantum/HS-overlap-ref-SVM,quantum,0,0.8888888888888888,1.0,"{""clf__C"": 10.0}",4.594643799999176
70,quantum/HS-overlap-ref-SVM,quantum,1,0.8888888888888888,0.95,"{""clf__C"": 10.0}",4.594643799999176
70,quantum/HS-overlap-ref-SVM,quantum,2,0.7777777777777778,1.0,"{""clf__C"": 10.0}",4.594643799999176
70,quantum/HS-overlap-ref-SVM,quantum,3,1.0,1.0,"{""clf__C"": 10.0}",4.594643799999176
70,quantum/HS-overlap-ref-SVM,quantum,4,0.8888888888888888,1.0,"{""clf__C"": 10.0}",4.594643799999176
70,quantum/HS-overlap-ref-SVM,quantum,5,0.8888888888888888,1.0,"{""clf__C"": 10.0}",4.594643799999176
70,quantum/HS-overlap-ref-SVM,quantum,6,0.8888888888888888,0.95,"{""clf__C"": 10.0}",4.594643799999176
70,quantum/HS-overlap-ref-SVM,quantum,7,0.8888888888888888,1.0,"{""clf__C"": 10.0}",4.594643799999176
70,quantum/HS-overlap-ref-SVM,quantum,8,0.6666666666666666,0.85,"{""clf__C"": 10.0}",4.594643799999176
70,quantum/HS-overlap-ref-SVM,quantum,9,0.7777777777777778,0.8,"{""clf__C"": 10.0}",4.594643799999176
70,quantum/HS-overlap-ref-SVM,quantum,10,0.8888888888888888,1.0,"{""clf__C"": 10.0}",4.594643799999176
70,quantum/HS-overlap-ref-SVM,quantum,11,0.7777777777777778,0.9,"{""clf__C"": 10.0}",4.594643799999176
70,quantum/HS-overlap-ref-SVM,quantum,12,0.8888888888888888,0.95,"{""clf__C"": 10.0}",4.594643799999176
70,quantum/HS-overlap-ref-SVM,quantum,13,0.5555555555555556,0.75,"{""clf__C"": 10.0}",4.594643799999176
70,quantum/HS-overlap-ref-SVM,quantum,14,0.8888888888888888,0.9500000000000001,"{""clf__C"": 10.0}",4.594643799999176
70,quantum/Fidelity-ref-SVM,quantum,0,0.8888888888888888,1.0,"{""clf__C"": 10.0}",6.288152699999955
70,quantum/Fidelity-ref-SVM,quantum,1,0.8888888888888888,0.95,"{""clf__C"": 10.0}",6.288152699999955
70,quantum/Fidelity-ref-SVM,quantum,2,0.7777777777777778,1.0,"{""clf__C"": 10.0}",6.288152699999955
70,quantum/Fidelity-ref-SVM,quantum,3,1.0,1.0,"{""clf__C"": 10.0}",6.288152699999955
70,quantum/Fidelity-ref-SVM,quantum,4,0.8888888888888888,1.0,"{""clf__C"": 10.0}",6.288152699999955
70,quantum/Fidelity-ref-SVM,quantum,5,0.8888888888888888,1.0,"{""clf__C"": 10.0}",6.288152699999955
70,quantum/Fidelity-ref-SVM,quantum,6,0.8888888888888888,0.95,"{""clf__C"": 10.0}",6.288152699999955
70,quantum/Fidelity-ref-SVM,quantum,7,0.7777777777777778,1.0,"{""clf__C"": 10.0}",6.288152699999955
70,quantum/Fidelity-ref-SVM,quantum,8,0.5555555555555556,0.85,"{""clf__C"": 10.0}",6.288152699999955
70,quantum/Fidelity-ref-SVM,quantum,9,0.7777777777777778,0.8,"{""clf__C"": 10.0}",6.288152699999955
70,quantum/Fidelity-ref-SVM,quantum,10,0.8888888888888888,1.0,"{""clf__C"": 10.0}",6.288152699999955
70,quantum/Fidelity-ref-SVM,quantum,11,0.8888888888888888,0.95,"{""clf__C"": 10.0}",6.288152699999955
70,quantum/Fidelity-ref-SVM,quantum,12,0.8888888888888888,0.95,"{""clf__C"": 10.0}",6.288152699999955
70,quantum/Fidelity-ref-SVM,quantum,13,0.5555555555555556,0.75,"{""clf__C"": 10.0}",6.288152699999955
70,quantum/Fidelity-ref-SVM,quantum,14,0.8888888888888888,1.0,"{""clf__C"": 10.0}",6.288152699999955
70,quantum/HS-RBF-ref-SVM,quantum,0,0.8888888888888888,1.0,"{""clf__C"": 1.0, ""clf__gamma_mult"": 0.25}",12.764103200000136
70,quantum/HS-RBF-ref-SVM,quantum,1,0.8888888888888888,0.95,"{""clf__C"": 1.0, ""clf__gamma_mult"": 1.0}",12.764103200000136
70,quantum/HS-RBF-ref-SVM,quantum,2,0.7777777777777778,1.0,"{""clf__C"": 1.0, ""clf__gamma_mult"": 1.0}",12.764103200000136
70,quantum/HS-RBF-ref-SVM,quantum,3,1.0,1.0,"{""clf__C"": 1.0, ""clf__gamma_mult"": 1.0}",12.764103200000136
70,quantum/HS-RBF-ref-SVM,quantum,4,0.7777777777777778,0.9500000000000001,"{""clf__C"": 10.0, ""clf__gamma_mult"": 1.0}",12.764103200000136
70,quantum/HS-RBF-ref-SVM,quantum,5,0.8888888888888888,1.0,"{""clf__C"": 1.0, ""clf__gamma_mult"": 1.0}",12.764103200000136
70,quantum/HS-RBF-ref-SVM,quantum,6,0.7777777777777778,0.95,"{""clf__C"": 1.0, ""clf__gamma_mult"": 0.25}",12.764103200000136
70,quantum/HS-RBF-ref-SVM,quantum,7,0.7777777777777778,1.0,"{""clf__C"": 1.0, ""clf__gamma_mult"": 1.0}",12.764103200000136
70,quantum/HS-RBF-ref-SVM,quantum,8,0.8888888888888888,0.9500000000000001,"{""clf__C"": 1.0, ""clf__gamma_mult"": 1.0}",12.764103200000136
70,quantum/HS-RBF-ref-SVM,quantum,9,0.7777777777777778,0.9500000000000001,"{""clf__C"": 1.0, ""clf__gamma_mult"": 1.0}",12.764103200000136
70,quantum/HS-RBF-ref-SVM,quantum,10,0.8888888888888888,1.0,"{""clf__C"": 10.0, ""clf__gamma_mult"": 0.25}",12.764103200000136
70,quantum/HS-RBF-ref-SVM,quantum,11,0.8888888888888888,0.95,"{""clf__C"": 1.0, ""clf__gamma_mult"": 1.0}",12.764103200000136
70,quantum/HS-RBF-ref-SVM,quantum,12,0.8888888888888888,0.95,"{""clf__C"": 10.0, ""clf__gamma_mult"": 1.0}",12.764103200000136
70,quantum/HS-RBF-ref-SVM,quantum,13,0.5555555555555556,0.75,"{""clf__C"": 1.0, ""clf__gamma_mult"": 1.0}",12.764103200000136
70,quantum/HS-RBF-ref-SVM,quantum,14,0.8888888888888888,1.0,"{""clf__C"": 1.0, ""clf__gamma_mult"": 0.25}",12.764103200000136
70,quantum/Bures-RBF-ref-SVM,quantum,0,0.8888888888888888,1.0,"{""clf__C"": 1.0, ""clf__gamma_mult"": 0.25}",16.65414779999992
70,quantum/Bures-RBF-ref-SVM,quantum,1,0.8888888888888888,0.95,"{""clf__C"": 10.0, ""clf__gamma_mult"": 0.25}",16.65414779999992
70,quantum/Bures-RBF-ref-SVM,quantum,2,0.7777777777777778,1.0,"{""clf__C"": 1.0, ""clf__gamma_mult"": 1.0}",16.65414779999992
70,quantum/Bures-RBF-ref-SVM,quantum,3,1.0,1.0,"{""clf__C"": 1.0, ""clf__gamma_mult"": 1.0}",16.65414779999992
70,quantum/Bures-RBF-ref-SVM,quantum,4,0.7777777777777778,0.9500000000000001,"{""clf__C"": 10.0, ""clf__gamma_mult"": 0.25}",16.65414779999992
70,quantum/Bures-RBF-ref-SVM,quantum,5,0.8888888888888888,1.0,"{""clf__C"": 1.0, ""clf__gamma_mult"": 1.0}",16.65414779999992
70,quantum/Bures-RBF-ref-SVM,quantum,6,0.8888888888888888,0.95,"{""clf__C"": 1.0, ""clf__gamma_mult"": 1.0}",16.65414779999992
70,quantum/Bures-RBF-ref-SVM,quantum,7,0.8888888888888888,1.0,"{""clf__C"": 10.0, ""clf__gamma_mult"": 0.25}",16.65414779999992
70,quantum/Bures-RBF-ref-SVM,quantum,8,0.7777777777777778,0.85,"{""clf__C"": 10.0, ""clf__gamma_mult"": 0.25}",16.65414779999992
70,quantum/Bures-RBF-ref-SVM,quantum,9,0.7777777777777778,0.85,"{""clf__C"": 1.0, ""clf__gamma_mult"": 0.25}",16.65414779999992
70,quantum/Bures-RBF-ref-SVM,quantum,10,1.0,1.0,"{""clf__C"": 10.0, ""clf__gamma_mult"": 0.25}",16.65414779999992
70,quantum/Bures-RBF-ref-SVM,quantum,11,0.8888888888888888,0.9,"{""clf__C"": 10.0, ""clf__gamma_mult"": 1.0}",16.65414779999992
70,quantum/Bures-RBF-ref-SVM,quantum,12,0.8888888888888888,0.95,"{""clf__C"": 10.0, ""clf__gamma_mult"": 0.25}",16.65414779999992
70,quantum/Bures-RBF-ref-SVM,quantum,13,0.6666666666666666,0.75,"{""clf__C"": 1.0, ""clf__gamma_mult"": 1.0}",16.65414779999992
70,quantum/Bures-RBF-ref-SVM,quantum,14,0.8888888888888888,1.0,"{""clf__C"": 1.0, ""clf__gamma_mult"": 0.25}",16.65414779999992
70,quantum/QRE-RBF-ref-SVM,quantum,0,1.0,1.0,"{""clf__C"": 10.0, ""clf__gamma_mult"": 4.0}",14.662153600000238
70,quantum/QRE-RBF-ref-SVM,quantum,1,0.8888888888888888,0.95,"{""clf__C"": 10.0, ""clf__gamma_mult"": 0.25}",14.662153600000238
70,quantum/QRE-RBF-ref-SVM,quantum,2,0.7777777777777778,1.0,"{""clf__C"": 1.0, ""clf__gamma_mult"": 1.0}",14.662153600000238
70,quantum/QRE-RBF-ref-SVM,quantum,3,1.0,1.0,"{""clf__C"": 1.0, ""clf__gamma_mult"": 1.0}",14.662153600000238
70,quantum/QRE-RBF-ref-SVM,quantum,4,0.7777777777777778,0.9500000000000001,"{""clf__C"": 10.0, ""clf__gamma_mult"": 0.25}",14.662153600000238
70,quantum/QRE-RBF-ref-SVM,quantum,5,0.8888888888888888,1.0,"{""clf__C"": 1.0, ""clf__gamma_mult"": 1.0}",14.662153600000238
70,quantum/QRE-RBF-ref-SVM,quantum,6,0.8888888888888888,0.95,"{""clf__C"": 1.0, ""clf__gamma_mult"": 1.0}",14.662153600000238
70,quantum/QRE-RBF-ref-SVM,quantum,7,0.8888888888888888,1.0,"{""clf__C"": 10.0, ""clf__gamma_mult"": 0.25}",14.662153600000238
70,quantum/QRE-RBF-ref-SVM,quantum,8,0.7777777777777778,0.85,"{""clf__C"": 10.0, ""clf__gamma_mult"": 0.25}",14.662153600000238
70,quantum/QRE-RBF-ref-SVM,quantum,9,0.7777777777777778,0.9,"{""clf__C"": 1.0, ""clf__gamma_mult"": 1.0}",14.662153600000238
70,quantum/QRE-RBF-ref-SVM,quantum,10,1.0,1.0,"{""clf__C"": 10.0, ""clf__gamma_mult"": 0.25}",14.662153600000238
70,quantum/QRE-RBF-ref-SVM,quantum,11,0.8888888888888888,0.95,"{""clf__C"": 1.0, ""clf__gamma_mult"": 1.0}",14.662153600000238
70,quantum/QRE-RBF-ref-SVM,quantum,12,0.8888888888888888,0.95,"{""clf__C"": 10.0, ""clf__gamma_mult"": 0.25}",14.662153600000238
70,quantum/QRE-RBF-ref-SVM,quantum,13,0.6666666666666666,0.75,"{""clf__C"": 1.0, ""clf__gamma_mult"": 1.0}",14.662153600000238
70,quantum/QRE-RBF-ref-SVM,quantum,14,0.8888888888888888,1.0,"{""clf__C"": 1.0, ""clf__gamma_mult"": 0.25}",14.662153600000238
70,quantum/IQP-kernel-SVM,quantum,0,0.6666666666666666,0.85,"{""clf__C"": 1.0, ""clf__scale"": 0.5}",20.435058500000196
70,quantum/IQP-kernel-SVM,quantum,1,0.6666666666666666,0.8,"{""clf__C"": 10.0, ""clf__scale"": 0.5}",20.435058500000196
70,quantum/IQP-kernel-SVM,quantum,2,0.7777777777777778,1.0,"{""clf__C"": 1.0, ""clf__scale"": 0.5}",20.435058500000196
70,quantum/IQP-kernel-SVM,quantum,3,0.7777777777777778,1.0,"{""clf__C"": 10.0, ""clf__scale"": 0.5}",20.435058500000196
70,quantum/IQP-kernel-SVM,quantum,4,0.5555555555555556,0.7,"{""clf__C"": 10.0, ""clf__scale"": 0.5}",20.435058500000196
70,quantum/IQP-kernel-SVM,quantum,5,0.8888888888888888,0.95,"{""clf__C"": 1.0, ""clf__scale"": 0.5}",20.435058500000196
70,quantum/IQP-kernel-SVM,quantum,6,0.6666666666666666,0.8,"{""clf__C"": 1.0, ""clf__scale"": 1.0}",20.435058500000196
70,quantum/IQP-kernel-SVM,quantum,7,0.4444444444444444,0.5,"{""clf__C"": 10.0, ""clf__scale"": 2.0}",20.435058500000196
70,quantum/IQP-kernel-SVM,quantum,8,0.4444444444444444,0.8,"{""clf__C"": 1.0, ""clf__scale"": 0.5}",20.435058500000196
70,quantum/IQP-kernel-SVM,quantum,9,0.6666666666666666,0.75,"{""clf__C"": 1.0, ""clf__scale"": 0.5}",20.435058500000196
70,quantum/IQP-kernel-SVM,quantum,10,0.8888888888888888,0.75,"{""clf__C"": 10.0, ""clf__scale"": 0.5}",20.435058500000196
70,quantum/IQP-kernel-SVM,quantum,11,0.7777777777777778,0.7,"{""clf__C"": 1.0, ""clf__scale"": 0.5}",20.435058500000196
70,quantum/IQP-kernel-SVM,quantum,12,0.8888888888888888,0.8,"{""clf__C"": 10.0, ""clf__scale"": 0.5}",20.435058500000196
70,quantum/IQP-kernel-SVM,quantum,13,0.6666666666666666,0.55,"{""clf__C"": 10.0, ""clf__scale"": 0.5}",20.435058500000196
70,quantum/IQP-kernel-SVM,quantum,14,0.5555555555555556,0.8,"{""clf__C"": 1.0, ""clf__scale"": 1.0}",20.435058500000196
70,quantum/CNOT-kernel-SVM,quantum,0,0.8888888888888888,0.95,"{""clf__C"": 10.0, ""clf__scale"": 1.0}",18.51695960000052
70,quantum/CNOT-kernel-SVM,quantum,1,0.5555555555555556,0.65,"{""clf__C"": 10.0, ""clf__scale"": 1.0}",18.51695960000052
70,quantum/CNOT-kernel-SVM,quantum,2,0.7777777777777778,1.0,"{""clf__C"": 1.0, ""clf__scale"": 0.5}",18.51695960000052
70,quantum/CNOT-kernel-SVM,quantum,3,0.8888888888888888,1.0,"{""clf__C"": 1.0, ""clf__scale"": 0.5}",18.51695960000052
70,quantum/CNOT-kernel-SVM,quantum,4,0.4444444444444444,0.7,"{""clf__C"": 10.0, ""clf__scale"": 1.0}",18.51695960000052
70,quantum/CNOT-kernel-SVM,quantum,5,0.7777777777777778,0.9,"{""clf__C"": 1.0, ""clf__scale"": 0.5}",18.51695960000052
70,quantum/CNOT-kernel-SVM,quantum,6,0.7777777777777778,1.0,"{""clf__C"": 10.0, ""clf__scale"": 0.5}",18.51695960000052
70,quantum/CNOT-kernel-SVM,quantum,7,0.6666666666666666,0.7,"{""clf__C"": 10.0, ""clf__scale"": 1.0}",18.51695960000052
70,quantum/CNOT-kernel-SVM,quantum,8,0.6666666666666666,0.85,"{""clf__C"": 1.0, ""clf__scale"": 1.0}",18.51695960000052
70,quantum/CNOT-kernel-SVM,quantum,9,0.8888888888888888,0.85,"{""clf__C"": 10.0, ""clf__scale"": 0.5}",18.51695960000052
70,quantum/CNOT-kernel-SVM,quantum,10,0.8888888888888888,0.95,"{""clf__C"": 10.0, ""clf__scale"": 0.5}",18.51695960000052
70,quantum/CNOT-kernel-SVM,quantum,11,0.6666666666666666,0.9,"{""clf__C"": 1.0, ""clf__scale"": 0.5}",18.51695960000052
70,quantum/CNOT-kernel-SVM,quantum,12,0.7777777777777778,0.9,"{""clf__C"": 1.0, ""clf__scale"": 0.5}",18.51695960000052
70,quantum/CNOT-kernel-SVM,quantum,13,0.5555555555555556,0.6499999999999999,"{""clf__C"": 1.0, ""clf__scale"": 1.0}",18.51695960000052
70,quantum/CNOT-kernel-SVM,quantum,14,0.7777777777777778,0.9500000000000001,"{""clf__C"": 1.0, ""clf__scale"": 1.0}",18.51695960000052
70,control/IQP-no-entangle,control,0,0.8888888888888888,0.95,"{""clf__C"": 10.0, ""clf__scale"": 1.0}",16.949154300000373
70,control/IQP-no-entangle,control,1,0.8888888888888888,0.95,"{""clf__C"": 1.0, ""clf__scale"": 0.5}",16.949154300000373
70,control/IQP-no-entangle,control,2,0.7777777777777778,1.0,"{""clf__C"": 1.0, ""clf__scale"": 0.5}",16.949154300000373
70,control/IQP-no-entangle,control,3,1.0,1.0,"{""clf__C"": 1.0, ""clf__scale"": 0.5}",16.949154300000373
70,control/IQP-no-entangle,control,4,0.4444444444444444,0.7,"{""clf__C"": 10.0, ""clf__scale"": 1.0}",16.949154300000373
70,control/IQP-no-entangle,control,5,0.8888888888888888,0.9,"{""clf__C"": 10.0, ""clf__scale"": 1.0}",16.949154300000373
70,control/IQP-no-entangle,control,6,0.7777777777777778,1.0,"{""clf__C"": 10.0, ""clf__scale"": 0.5}",16.949154300000373
70,control/IQP-no-entangle,control,7,0.7777777777777778,0.8,"{""clf__C"": 10.0, ""clf__scale"": 0.5}",16.949154300000373
70,control/IQP-no-entangle,control,8,0.6666666666666666,0.85,"{""clf__C"": 1.0, ""clf__scale"": 0.5}",16.949154300000373
70,control/IQP-no-entangle,control,9,0.8888888888888888,0.85,"{""clf__C"": 10.0, ""clf__scale"": 0.5}",16.949154300000373
70,control/IQP-no-entangle,control,10,0.8888888888888888,0.95,"{""clf__C"": 10.0, ""clf__scale"": 0.5}",16.949154300000373
70,control/IQP-no-entangle,control,11,0.7777777777777778,0.9,"{""clf__C"": 1.0, ""clf__scale"": 0.5}",16.949154300000373
70,control/IQP-no-entangle,control,12,0.6666666666666666,0.85,"{""clf__C"": 10.0, ""clf__scale"": 1.0}",16.949154300000373
70,control/IQP-no-entangle,control,13,0.5555555555555556,0.7,"{""clf__C"": 1.0, ""clf__scale"": 1.0}",16.949154300000373
70,control/IQP-no-entangle,control,14,0.7777777777777778,0.9,"{""clf__C"": 10.0, ""clf__scale"": 0.5}",16.949154300000373
70,control/PCA-matched-RBF,control,0,0.7777777777777778,0.95,"{""clf__C"": 10.0, ""clf__gamma"": ""scale""}",13.277209799999582
70,control/PCA-matched-RBF,control,1,0.8888888888888888,0.95,"{""clf__C"": 10.0, ""clf__gamma"": 0.01}",13.277209799999582
70,control/PCA-matched-RBF,control,2,0.7777777777777778,1.0,"{""clf__C"": 1.0, ""clf__gamma"": ""scale""}",13.277209799999582
70,control/PCA-matched-RBF,control,3,1.0,1.0,"{""clf__C"": 1.0, ""clf__gamma"": 0.1}",13.277209799999582
70,control/PCA-matched-RBF,control,4,0.4444444444444444,0.7,"{""clf__C"": 10.0, ""clf__gamma"": ""scale""}",13.277209799999582
70,control/PCA-matched-RBF,control,5,0.8888888888888888,0.95,"{""clf__C"": 10.0, ""clf__gamma"": 0.01}",13.277209799999582
70,control/PCA-matched-RBF,control,6,0.8888888888888888,1.0,"{""clf__C"": 1.0, ""clf__gamma"": 0.1}",13.277209799999582
70,control/PCA-matched-RBF,control,7,0.7777777777777778,0.8,"{""clf__C"": 1.0, ""clf__gamma"": ""scale""}",13.277209799999582
70,control/PCA-matched-RBF,control,8,0.6666666666666666,0.85,"{""clf__C"": 10.0, ""clf__gamma"": 0.1}",13.277209799999582
70,control/PCA-matched-RBF,control,9,0.7777777777777778,0.85,"{""clf__C"": 1.0, ""clf__gamma"": 0.1}",13.277209799999582
70,control/PCA-matched-RBF,control,10,0.8888888888888888,0.95,"{""clf__C"": 1.0, ""clf__gamma"": ""scale""}",13.277209799999582
70,control/PCA-matched-RBF,control,11,0.6666666666666666,0.7,"{""clf__C"": 10.0, ""clf__gamma"": ""scale""}",13.277209799999582
70,control/PCA-matched-RBF,control,12,0.7777777777777778,0.9,"{""clf__C"": 10.0, ""clf__gamma"": 0.1}",13.277209799999582
70,control/PCA-matched-RBF,control,13,0.6666666666666666,0.6000000000000001,"{""clf__C"": 10.0, ""clf__gamma"": ""scale""}",13.277209799999582
70,control/PCA-matched-RBF,control,14,0.7777777777777778,0.9,"{""clf__C"": 10.0, ""clf__gamma"": 0.1}",13.277209799999582
70,control/PCA-matched-linear,control,0,0.8888888888888888,1.0,"{""clf__C"": 0.1}",4.717025399999329
70,control/PCA-matched-linear,control,1,0.8888888888888888,0.9,"{""clf__C"": 10.0}",4.717025399999329
70,control/PCA-matched-linear,control,2,0.7777777777777778,1.0,"{""clf__C"": 0.1}",4.717025399999329
70,control/PCA-matched-linear,control,3,0.8888888888888888,0.9500000000000001,"{""clf__C"": 1.0}",4.717025399999329
70,control/PCA-matched-linear,control,4,0.6666666666666666,0.9,"{""clf__C"": 1.0}",4.717025399999329
70,control/PCA-matched-linear,control,5,0.8888888888888888,0.95,"{""clf__C"": 0.1}",4.717025399999329
70,control/PCA-matched-linear,control,6,0.7777777777777778,1.0,"{""clf__C"": 1.0}",4.717025399999329
70,control/PCA-matched-linear,control,7,0.7777777777777778,1.0,"{""clf__C"": 1.0}",4.717025399999329
70,control/PCA-matched-linear,control,8,0.5555555555555556,0.8,"{""clf__C"": 1.0}",4.717025399999329
70,control/PCA-matched-linear,control,9,0.7777777777777778,0.8,"{""clf__C"": 0.1}",4.717025399999329
70,control/PCA-matched-linear,control,10,0.7777777777777778,0.85,"{""clf__C"": 0.1}",4.717025399999329
70,control/PCA-matched-linear,control,11,0.6666666666666666,0.9,"{""clf__C"": 0.1}",4.717025399999329
70,control/PCA-matched-linear,control,12,0.6666666666666666,0.9,"{""clf__C"": 10.0}",4.717025399999329
70,control/PCA-matched-linear,control,13,0.6666666666666666,0.75,"{""clf__C"": 0.1}",4.717025399999329
70,control/PCA-matched-linear,control,14,0.8888888888888888,0.85,"{""clf__C"": 1.0}",4.717025399999329
70,control/logeuclid-TS+LR,control,0,0.7777777777777778,0.7,"{""clf__C"": 10.0}",4.264043499999389
70,control/logeuclid-TS+LR,control,1,0.6666666666666666,0.55,"{""clf__C"": 1.0}",4.264043499999389
70,control/logeuclid-TS+LR,control,2,0.5555555555555556,0.7,"{""clf__C"": 0.1}",4.264043499999389
70,control/logeuclid-TS+LR,control,3,0.5555555555555556,0.65,"{""clf__C"": 1.0}",4.264043499999389
70,control/logeuclid-TS+LR,control,4,0.7777777777777778,0.8,"{""clf__C"": 1.0}",4.264043499999389
70,control/logeuclid-TS+LR,control,5,0.6666666666666666,0.7,"{""clf__C"": 1.0}",4.264043499999389
70,control/logeuclid-TS+LR,control,6,0.7777777777777778,0.9,"{""clf__C"": 1.0}",4.264043499999389
70,control/logeuclid-TS+LR,control,7,0.5555555555555556,0.8,"{""clf__C"": 10.0}",4.264043499999389
70,control/logeuclid-TS+LR,control,8,0.6666666666666666,0.85,"{""clf__C"": 1.0}",4.264043499999389
70,control/logeuclid-TS+LR,control,9,0.6666666666666666,0.6000000000000001,"{""clf__C"": 1.0}",4.264043499999389
70,control/logeuclid-TS+LR,control,10,0.6666666666666666,0.75,"{""clf__C"": 10.0}",4.264043499999389
70,control/logeuclid-TS+LR,control,11,0.4444444444444444,0.4,"{""clf__C"": 10.0}",4.264043499999389
70,control/logeuclid-TS+LR,control,12,0.4444444444444444,0.39999999999999997,"{""clf__C"": 0.1}",4.264043499999389
70,control/logeuclid-TS+LR,control,13,0.5555555555555556,0.55,"{""clf__C"": 1.0}",4.264043499999389
70,control/logeuclid-TS+LR,control,14,0.6666666666666666,0.75,"{""clf__C"": 1.0}",4.264043499999389
70,control/riemann-kernel-SVM,control,0,1.0,1.0,"{""clf__C"": 1.0}",4.3778283000001466
70,control/riemann-kernel-SVM,control,1,0.8888888888888888,0.95,"{""clf__C"": 1.0}",4.3778283000001466
70,control/riemann-kernel-SVM,control,2,0.7777777777777778,1.0,"{""clf__C"": 1.0}",4.3778283000001466
70,control/riemann-kernel-SVM,control,3,1.0,1.0,"{""clf__C"": 1.0}",4.3778283000001466
70,control/riemann-kernel-SVM,control,4,0.8888888888888888,1.0,"{""clf__C"": 1.0}",4.3778283000001466
70,control/riemann-kernel-SVM,control,5,0.8888888888888888,1.0,"{""clf__C"": 1.0}",4.3778283000001466
70,control/riemann-kernel-SVM,control,6,0.8888888888888888,0.9,"{""clf__C"": 10.0}",4.3778283000001466
70,control/riemann-kernel-SVM,control,7,1.0,1.0,"{""clf__C"": 10.0}",4.3778283000001466
70,control/riemann-kernel-SVM,control,8,0.5555555555555556,0.8,"{""clf__C"": 1.0}",4.3778283000001466
70,control/riemann-kernel-SVM,control,9,0.7777777777777778,0.75,"{""clf__C"": 1.0}",4.3778283000001466
70,control/riemann-kernel-SVM,control,10,0.6666666666666666,0.8500000000000001,"{""clf__C"": 10.0}",4.3778283000001466
70,control/riemann-kernel-SVM,control,11,0.8888888888888888,0.85,"{""clf__C"": 10.0}",4.3778283000001466
70,control/riemann-kernel-SVM,control,12,0.7777777777777778,0.95,"{""clf__C"": 10.0}",4.3778283000001466
70,control/riemann-kernel-SVM,control,13,0.6666666666666666,0.8,"{""clf__C"": 1.0}",4.3778283000001466
70,control/riemann-kernel-SVM,control,14,0.8888888888888888,1.0,"{""clf__C"": 1.0}",4.3778283000001466
70,control/logeuclid-kernel-SVM,control,0,1.0,1.0,"{""clf__C"": 1.0}",4.40646149999975
70,control/logeuclid-kernel-SVM,control,1,0.8888888888888888,0.95,"{""clf__C"": 1.0}",4.40646149999975
70,control/logeuclid-kernel-SVM,control,2,0.6666666666666666,1.0,"{""clf__C"": 1.0}",4.40646149999975
70,control/logeuclid-kernel-SVM,control,3,1.0,1.0,"{""clf__C"": 1.0}",4.40646149999975
70,control/logeuclid-kernel-SVM,control,4,0.8888888888888888,1.0,"{""clf__C"": 1.0}",4.40646149999975
70,control/logeuclid-kernel-SVM,control,5,0.8888888888888888,1.0,"{""clf__C"": 1.0}",4.40646149999975
70,control/logeuclid-kernel-SVM,control,6,0.7777777777777778,0.95,"{""clf__C"": 1.0}",4.40646149999975
70,control/logeuclid-kernel-SVM,control,7,1.0,1.0,"{""clf__C"": 10.0}",4.40646149999975
70,control/logeuclid-kernel-SVM,control,8,0.5555555555555556,0.8,"{""clf__C"": 1.0}",4.40646149999975
70,control/logeuclid-kernel-SVM,control,9,0.6666666666666666,0.8,"{""clf__C"": 10.0}",4.40646149999975
70,control/logeuclid-kernel-SVM,control,10,0.7777777777777778,0.85,"{""clf__C"": 10.0}",4.40646149999975
70,control/logeuclid-kernel-SVM,control,11,0.8888888888888888,0.9,"{""clf__C"": 1.0}",4.40646149999975
70,control/logeuclid-kernel-SVM,control,12,0.8888888888888888,0.95,"{""clf__C"": 1.0}",4.40646149999975
70,control/logeuclid-kernel-SVM,control,13,0.6666666666666666,0.75,"{""clf__C"": 10.0}",4.40646149999975
70,control/logeuclid-kernel-SVM,control,14,0.7777777777777778,1.0,"{""clf__C"": 1.0}",4.40646149999975
71,classical/logvar+LDA,classical,0,0.6666666666666666,0.85,{},0.08999599999970087
71,classical/logvar+LDA,classical,1,0.7777777777777778,0.7,{},0.08999599999970087
71,classical/logvar+LDA,classical,2,0.2222222222222222,0.5,{},0.08999599999970087
71,classical/logvar+LDA,classical,3,0.4444444444444444,0.5,{},0.08999599999970087
71,classical/logvar+LDA,classical,4,0.6666666666666666,0.75,{},0.08999599999970087
71,classical/logvar+LDA,classical,5,0.6666666666666666,0.8,{},0.08999599999970087
71,classical/logvar+LDA,classical,6,0.7777777777777778,0.85,{},0.08999599999970087
71,classical/logvar+LDA,classical,7,0.5555555555555556,0.65,{},0.08999599999970087
71,classical/logvar+LDA,classical,8,0.5555555555555556,0.6,{},0.08999599999970087
71,classical/logvar+LDA,classical,9,0.7777777777777778,0.8,{},0.08999599999970087
71,classical/logvar+LDA,classical,10,0.5555555555555556,0.45,{},0.08999599999970087
71,classical/logvar+LDA,classical,11,0.7777777777777778,0.8,{},0.08999599999970087
71,classical/logvar+LDA,classical,12,0.5555555555555556,0.65,{},0.08999599999970087
71,classical/logvar+LDA,classical,13,0.6666666666666666,0.75,{},0.08999599999970087
71,classical/logvar+LDA,classical,14,0.5555555555555556,0.4,{},0.08999599999970087
71,classical/CSP+LDA,classical,0,1.0,1.0,"{""csp__nfilter"": 2}",3.8032983000002787
71,classical/CSP+LDA,classical,1,1.0,1.0,"{""csp__nfilter"": 2}",3.8032983000002787
71,classical/CSP+LDA,classical,2,0.6666666666666666,0.65,"{""csp__nfilter"": 4}",3.8032983000002787
71,classical/CSP+LDA,classical,3,0.8888888888888888,1.0,"{""csp__nfilter"": 2}",3.8032983000002787
71,classical/CSP+LDA,classical,4,0.7777777777777778,0.8500000000000001,"{""csp__nfilter"": 2}",3.8032983000002787
71,classical/CSP+LDA,classical,5,0.6666666666666666,0.7,"{""csp__nfilter"": 4}",3.8032983000002787
71,classical/CSP+LDA,classical,6,0.7777777777777778,0.9500000000000001,"{""csp__nfilter"": 2}",3.8032983000002787
71,classical/CSP+LDA,classical,7,1.0,1.0,"{""csp__nfilter"": 2}",3.8032983000002787
71,classical/CSP+LDA,classical,8,1.0,1.0,"{""csp__nfilter"": 2}",3.8032983000002787
71,classical/CSP+LDA,classical,9,0.8888888888888888,0.95,"{""csp__nfilter"": 2}",3.8032983000002787
71,classical/CSP+LDA,classical,10,1.0,1.0,"{""csp__nfilter"": 2}",3.8032983000002787
71,classical/CSP+LDA,classical,11,0.8888888888888888,1.0,"{""csp__nfilter"": 2}",3.8032983000002787
71,classical/CSP+LDA,classical,12,1.0,1.0,"{""csp__nfilter"": 4}",3.8032983000002787
71,classical/CSP+LDA,classical,13,0.6666666666666666,0.9,"{""csp__nfilter"": 6}",3.8032983000002787
71,classical/CSP+LDA,classical,14,0.8888888888888888,0.95,"{""csp__nfilter"": 2}",3.8032983000002787
71,classical/MDM,classical,0,1.0,1.0,{},0.4410819000004267
71,classical/MDM,classical,1,1.0,1.0,{},0.4410819000004267
71,classical/MDM,classical,2,0.4444444444444444,0.55,{},0.4410819000004267
71,classical/MDM,classical,3,0.5555555555555556,0.65,{},0.4410819000004267
71,classical/MDM,classical,4,0.8888888888888888,0.9,{},0.4410819000004267
71,classical/MDM,classical,5,0.6666666666666666,0.75,{},0.4410819000004267
71,classical/MDM,classical,6,0.7777777777777778,0.9,{},0.4410819000004267
71,classical/MDM,classical,7,0.8888888888888888,1.0,{},0.4410819000004267
71,classical/MDM,classical,8,0.8888888888888888,0.95,{},0.4410819000004267
71,classical/MDM,classical,9,0.8888888888888888,0.95,{},0.4410819000004267
71,classical/MDM,classical,10,0.7777777777777778,0.75,{},0.4410819000004267
71,classical/MDM,classical,11,0.7777777777777778,0.9500000000000001,{},0.4410819000004267
71,classical/MDM,classical,12,0.7777777777777778,0.95,{},0.4410819000004267
71,classical/MDM,classical,13,0.7777777777777778,0.9,{},0.4410819000004267
71,classical/MDM,classical,14,0.8888888888888888,1.0,{},0.4410819000004267
71,classical/TS+LR,classical,0,1.0,1.0,"{""clf__C"": 0.1}",4.776372700000138
71,classical/TS+LR,classical,1,0.8888888888888888,1.0,"{""clf__C"": 0.1}",4.776372700000138
71,classical/TS+LR,classical,2,0.5555555555555556,0.65,"{""clf__C"": 0.1}",4.776372700000138
71,classical/TS+LR,classical,3,0.7777777777777778,1.0,"{""clf__C"": 0.1}",4.776372700000138
71,classical/TS+LR,classical,4,0.6666666666666666,0.8500000000000001,"{""clf__C"": 0.1}",4.776372700000138
71,classical/TS+LR,classical,5,0.6666666666666666,0.8,"{""clf__C"": 0.1}",4.776372700000138
71,classical/TS+LR,classical,6,0.7777777777777778,0.9,"{""clf__C"": 1.0}",4.776372700000138
71,classical/TS+LR,classical,7,0.8888888888888888,0.95,"{""clf__C"": 1.0}",4.776372700000138
71,classical/TS+LR,classical,8,0.8888888888888888,1.0,"{""clf__C"": 10.0}",4.776372700000138
71,classical/TS+LR,classical,9,0.7777777777777778,0.85,"{""clf__C"": 10.0}",4.776372700000138
71,classical/TS+LR,classical,10,0.8888888888888888,1.0,"{""clf__C"": 0.1}",4.776372700000138
71,classical/TS+LR,classical,11,0.8888888888888888,0.9500000000000001,"{""clf__C"": 0.1}",4.776372700000138
71,classical/TS+LR,classical,12,1.0,1.0,"{""clf__C"": 0.1}",4.776372700000138
71,classical/TS+LR,classical,13,0.7777777777777778,0.9,"{""clf__C"": 0.1}",4.776372700000138
71,classical/TS+LR,classical,14,0.8888888888888888,0.95,"{""clf__C"": 0.1}",4.776372700000138
71,classical/TS+RBF-SVM,classical,0,1.0,1.0,"{""clf__C"": 1.0, ""clf__gamma"": ""scale""}",12.518774099999973
71,classical/TS+RBF-SVM,classical,1,0.8888888888888888,1.0,"{""clf__C"": 1.0, ""clf__gamma"": ""scale""}",12.518774099999973
71,classical/TS+RBF-SVM,classical,2,0.5555555555555556,0.7,"{""clf__C"": 1.0, ""clf__gamma"": ""scale""}",12.518774099999973
71,classical/TS+RBF-SVM,classical,3,0.6666666666666666,1.0,"{""clf__C"": 1.0, ""clf__gamma"": 0.01}",12.518774099999973
71,classical/TS+RBF-SVM,classical,4,0.7777777777777778,0.9,"{""clf__C"": 1.0, ""clf__gamma"": 0.01}",12.518774099999973
71,classical/TS+RBF-SVM,classical,5,0.6666666666666666,0.8,"{""clf__C"": 1.0, ""clf__gamma"": ""scale""}",12.518774099999973
71,classical/TS+RBF-SVM,classical,6,0.7777777777777778,0.9500000000000001,"{""clf__C"": 1.0, ""clf__gamma"": 0.01}",12.518774099999973
71,classical/TS+RBF-SVM,classical,7,0.8888888888888888,1.0,"{""clf__C"": 1.0, ""clf__gamma"": ""scale""}",12.518774099999973
71,classical/TS+RBF-SVM,classical,8,0.8888888888888888,0.8500000000000001,"{""clf__C"": 10.0, ""clf__gamma"": 0.1}",12.518774099999973
71,classical/TS+RBF-SVM,classical,9,0.8888888888888888,0.95,"{""clf__C"": 1.0, ""clf__gamma"": 0.01}",12.518774099999973
71,classical/TS+RBF-SVM,classical,10,0.8888888888888888,0.9500000000000001,"{""clf__C"": 1.0, ""clf__gamma"": ""scale""}",12.518774099999973
71,classical/TS+RBF-SVM,classical,11,0.7777777777777778,0.85,"{""clf__C"": 1.0, ""clf__gamma"": ""scale""}",12.518774099999973
71,classical/TS+RBF-SVM,classical,12,1.0,1.0,"{""clf__C"": 1.0, ""clf__gamma"": ""scale""}",12.518774099999973
71,classical/TS+RBF-SVM,classical,13,0.7777777777777778,0.9,"{""clf__C"": 1.0, ""clf__gamma"": 0.01}",12.518774099999973
71,classical/TS+RBF-SVM,classical,14,0.7777777777777778,0.95,"{""clf__C"": 1.0, ""clf__gamma"": 0.01}",12.518774099999973
71,quantum/HS-overlap-SVM,quantum,0,0.4444444444444444,0.9,"{""clf__C"": 0.1}",3.7269913000000088
71,quantum/HS-overlap-SVM,quantum,1,0.4444444444444444,0.55,"{""clf__C"": 0.1}",3.7269913000000088
71,quantum/HS-overlap-SVM,quantum,2,0.5555555555555556,0.65,"{""clf__C"": 0.1}",3.7269913000000088
71,quantum/HS-overlap-SVM,quantum,3,0.5555555555555556,0.4,"{""clf__C"": 0.1}",3.7269913000000088
71,quantum/HS-overlap-SVM,quantum,4,0.7777777777777778,0.6,"{""clf__C"": 0.1}",3.7269913000000088
71,quantum/HS-overlap-SVM,quantum,5,0.4444444444444444,0.04999999999999999,"{""clf__C"": 0.1}",3.7269913000000088
71,quantum/HS-overlap-SVM,quantum,6,0.4444444444444444,0.8,"{""clf__C"": 0.1}",3.7269913000000088
71,quantum/HS-overlap-SVM,quantum,7,0.5555555555555556,0.6,"{""clf__C"": 0.1}",3.7269913000000088
71,quantum/HS-overlap-SVM,quantum,8,0.4444444444444444,0.4,"{""clf__C"": 0.1}",3.7269913000000088
71,quantum/HS-overlap-SVM,quantum,9,0.7777777777777778,0.75,"{""clf__C"": 0.1}",3.7269913000000088
71,quantum/HS-overlap-SVM,quantum,10,0.4444444444444444,0.3,"{""clf__C"": 0.1}",3.7269913000000088
71,quantum/HS-overlap-SVM,quantum,11,0.4444444444444444,0.65,"{""clf__C"": 0.1}",3.7269913000000088
71,quantum/HS-overlap-SVM,quantum,12,0.4444444444444444,0.8,"{""clf__C"": 0.1}",3.7269913000000088
71,quantum/HS-overlap-SVM,quantum,13,0.6666666666666666,0.8,"{""clf__C"": 0.1}",3.7269913000000088
71,quantum/HS-overlap-SVM,quantum,14,0.5555555555555556,0.5,"{""clf__C"": 0.1}",3.7269913000000088
71,quantum/Fidelity-SVM,quantum,0,0.4444444444444444,0.9,"{""clf__C"": 0.1}",5.283323499999824
71,quantum/Fidelity-SVM,quantum,1,0.4444444444444444,0.9,"{""clf__C"": 0.1}",5.283323499999824
71,quantum/Fidelity-SVM,quantum,2,0.4444444444444444,0.5,"{""clf__C"": 0.1}",5.283323499999824
71,quantum/Fidelity-SVM,quantum,3,0.4444444444444444,0.25,"{""clf__C"": 0.1}",5.283323499999824
71,quantum/Fidelity-SVM,quantum,4,0.7777777777777778,0.6,"{""clf__C"": 0.1}",5.283323499999824
71,quantum/Fidelity-SVM,quantum,5,0.4444444444444444,0.39999999999999997,"{""clf__C"": 0.1}",5.283323499999824
71,quantum/Fidelity-SVM,quantum,6,0.4444444444444444,0.9,"{""clf__C"": 0.1}",5.283323499999824
71,quantum/Fidelity-SVM,quantum,7,0.7777777777777778,0.8,"{""clf__C"": 0.1}",5.283323499999824
71,quantum/Fidelity-SVM,quantum,8,0.5555555555555556,0.8500000000000001,"{""clf__C"": 0.1}",5.283323499999824
71,quantum/Fidelity-SVM,quantum,9,0.7777777777777778,0.75,"{""clf__C"": 0.1}",5.283323499999824
71,quantum/Fidelity-SVM,quantum,10,0.4444444444444444,0.35,"{""clf__C"": 10.0}",5.283323499999824
71,quantum/Fidelity-SVM,quantum,11,0.4444444444444444,0.8,"{""clf__C"": 0.1}",5.283323499999824
71,quantum/Fidelity-SVM,quantum,12,0.6666666666666666,0.75,"{""clf__C"": 0.1}",5.283323499999824
71,quantum/Fidelity-SVM,quantum,13,0.7777777777777778,0.9,"{""clf__C"": 0.1}",5.283323499999824
71,quantum/Fidelity-SVM,quantum,14,0.4444444444444444,0.45,"{""clf__C"": 0.1}",5.283323499999824
71,quantum/HS-RBF-SVM,quantum,0,0.6666666666666666,0.8,"{""clf__C"": 10.0, ""clf__gamma_mult"": 1.0}",10.681309200000214
71,quantum/HS-RBF-SVM,quantum,1,0.5555555555555556,0.7,"{""clf__C"": 10.0, ""clf__gamma_mult"": 0.25}",10.681309200000214
71,quantum/HS-RBF-SVM,quantum,2,0.5555555555555556,0.8,"{""clf__C"": 10.0, ""clf__gamma_mult"": 0.25}",10.681309200000214
71,quantum/HS-RBF-SVM,quantum,3,0.3333333333333333,0.5,"{""clf__C"": 10.0, ""clf__gamma_mult"": 0.25}",10.681309200000214
71,quantum/HS-RBF-SVM,quantum,4,0.6666666666666666,0.55,"{""clf__C"": 10.0, ""clf__gamma_mult"": 0.25}",10.681309200000214
71,quantum/HS-RBF-SVM,quantum,5,0.5555555555555556,0.55,"{""clf__C"": 10.0, ""clf__gamma_mult"": 0.25}",10.681309200000214
71,quantum/HS-RBF-SVM,quantum,6,0.5555555555555556,0.75,"{""clf__C"": 10.0, ""clf__gamma_mult"": 1.0}",10.681309200000214
71,quantum/HS-RBF-SVM,quantum,7,0.6666666666666666,0.75,"{""clf__C"": 10.0, ""clf__gamma_mult"": 0.25}",10.681309200000214
71,quantum/HS-RBF-SVM,quantum,8,0.4444444444444444,0.35,"{""clf__C"": 10.0, ""clf__gamma_mult"": 1.0}",10.681309200000214
71,quantum/HS-RBF-SVM,quantum,9,0.8888888888888888,0.75,"{""clf__C"": 10.0, ""clf__gamma_mult"": 0.25}",10.681309200000214
71,quantum/HS-RBF-SVM,quantum,10,0.4444444444444444,0.5,"{""clf__C"": 10.0, ""clf__gamma_mult"": 0.25}",10.681309200000214
71,quantum/HS-RBF-SVM,quantum,11,0.5555555555555556,0.6,"{""clf__C"": 10.0, ""clf__gamma_mult"": 1.0}",10.681309200000214
71,quantum/HS-RBF-SVM,quantum,12,0.5555555555555556,0.9,"{""clf__C"": 10.0, ""clf__gamma_mult"": 0.25}",10.681309200000214
71,quantum/HS-RBF-SVM,quantum,13,0.5555555555555556,0.75,"{""clf__C"": 10.0, ""clf__gamma_mult"": 1.0}",10.681309200000214
71,quantum/HS-RBF-SVM,quantum,14,0.6666666666666666,0.55,"{""clf__C"": 10.0, ""clf__gamma_mult"": 1.0}",10.681309200000214
71,quantum/Bures-RBF-SVM,quantum,0,0.8888888888888888,0.8500000000000001,"{""clf__C"": 10.0, ""clf__gamma_mult"": 1.0}",13.96199819999947
71,quantum/Bures-RBF-SVM,quantum,1,0.5555555555555556,0.9,"{""clf__C"": 1.0, ""clf__gamma_mult"": 1.0}",13.96199819999947
71,quantum/Bures-RBF-SVM,quantum,2,0.3333333333333333,0.45,"{""clf__C"": 10.0, ""clf__gamma_mult"": 1.0}",13.96199819999947
71,quantum/Bures-RBF-SVM,quantum,3,0.3333333333333333,0.5,"{""clf__C"": 10.0, ""clf__gamma_mult"": 0.25}",13.96199819999947
71,quantum/Bures-RBF-SVM,quantum,4,0.6666666666666666,0.5,"{""clf__C"": 10.0, ""clf__gamma_mult"": 0.25}",13.96199819999947
71,quantum/Bures-RBF-SVM,quantum,5,0.6666666666666666,0.6,"{""clf__C"": 10.0, ""clf__gamma_mult"": 0.25}",13.96199819999947
71,quantum/Bures-RBF-SVM,quantum,6,0.5555555555555556,0.6,"{""clf__C"": 1.0, ""clf__gamma_mult"": 1.0}",13.96199819999947
71,quantum/Bures-RBF-SVM,quantum,7,0.7777777777777778,0.75,"{""clf__C"": 10.0, ""clf__gamma_mult"": 0.25}",13.96199819999947
71,quantum/Bures-RBF-SVM,quantum,8,0.5555555555555556,0.6,"{""clf__C"": 10.0, ""clf__gamma_mult"": 0.25}",13.96199819999947
71,quantum/Bures-RBF-SVM,quantum,9,0.7777777777777778,0.8,"{""clf__C"": 10.0, ""clf__gamma_mult"": 0.25}",13.96199819999947
71,quantum/Bures-RBF-SVM,quantum,10,0.5555555555555556,0.65,"{""clf__C"": 10.0, ""clf__gamma_mult"": 0.25}",13.96199819999947
71,quantum/Bures-RBF-SVM,quantum,11,0.5555555555555556,0.7000000000000001,"{""clf__C"": 10.0, ""clf__gamma_mult"": 0.25}",13.96199819999947
71,quantum/Bures-RBF-SVM,quantum,12,0.6666666666666666,0.65,"{""clf__C"": 10.0, ""clf__gamma_mult"": 1.0}",13.96199819999947
71,quantum/Bures-RBF-SVM,quantum,13,0.5555555555555556,0.75,"{""clf__C"": 1.0, ""clf__gamma_mult"": 1.0}",13.96199819999947
71,quantum/Bures-RBF-SVM,quantum,14,0.5555555555555556,0.55,"{""clf__C"": 10.0, ""clf__gamma_mult"": 1.0}",13.96199819999947
71,quantum/QRE-RBF-SVM,quantum,0,0.8888888888888888,0.9,"{""clf__C"": 10.0, ""clf__gamma_mult"": 0.25}",12.5761751
71,quantum/QRE-RBF-SVM,quantum,1,0.5555555555555556,0.75,"{""clf__C"": 1.0, ""clf__gamma_mult"": 1.0}",12.5761751
71,quantum/QRE-RBF-SVM,quantum,2,0.4444444444444444,0.45,"{""clf__C"": 10.0, ""clf__gamma_mult"": 1.0}",12.5761751
71,quantum/QRE-RBF-SVM,quantum,3,0.3333333333333333,0.5,"{""clf__C"": 10.0, ""clf__gamma_mult"": 1.0}",12.5761751
71,quantum/QRE-RBF-SVM,quantum,4,0.6666666666666666,0.45,"{""clf__C"": 10.0, ""clf__gamma_mult"": 0.25}",12.5761751
71,quantum/QRE-RBF-SVM,quantum,5,0.6666666666666666,0.6,"{""clf__C"": 10.0, ""clf__gamma_mult"": 0.25}",12.5761751
71,quantum/QRE-RBF-SVM,quantum,6,0.4444444444444444,0.85,"{""clf__C"": 1.0, ""clf__gamma_mult"": 0.25}",12.5761751
71,quantum/QRE-RBF-SVM,quantum,7,0.7777777777777778,0.75,"{""clf__C"": 10.0, ""clf__gamma_mult"": 0.25}",12.5761751
71,quantum/QRE-RBF-SVM,quantum,8,0.3333333333333333,0.39999999999999997,"{""clf__C"": 10.0, ""clf__gamma_mult"": 4.0}",12.5761751
71,quantum/QRE-RBF-SVM,quantum,9,0.7777777777777778,0.85,"{""clf__C"": 10.0, ""clf__gamma_mult"": 0.25}",12.5761751
71,quantum/QRE-RBF-SVM,quantum,10,0.3333333333333333,0.35,"{""clf__C"": 1.0, ""clf__gamma_mult"": 1.0}",12.5761751
71,quantum/QRE-RBF-SVM,quantum,11,0.5555555555555556,0.39999999999999997,"{""clf__C"": 10.0, ""clf__gamma_mult"": 4.0}",12.5761751
71,quantum/QRE-RBF-SVM,quantum,12,0.4444444444444444,0.30000000000000004,"{""clf__C"": 10.0, ""clf__gamma_mult"": 4.0}",12.5761751
71,quantum/QRE-RBF-SVM,quantum,13,0.6666666666666666,0.7,"{""clf__C"": 1.0, ""clf__gamma_mult"": 1.0}",12.5761751
71,quantum/QRE-RBF-SVM,quantum,14,0.5555555555555556,0.55,"{""clf__C"": 1.0, ""clf__gamma_mult"": 4.0}",12.5761751
71,quantum/HS-overlap-ref-SVM,quantum,0,1.0,1.0,"{""clf__C"": 10.0}",4.4386962999997195
71,quantum/HS-overlap-ref-SVM,quantum,1,0.8888888888888888,1.0,"{""clf__C"": 10.0}",4.4386962999997195
71,quantum/HS-overlap-ref-SVM,quantum,2,0.6666666666666666,0.8,"{""clf__C"": 10.0}",4.4386962999997195
71,quantum/HS-overlap-ref-SVM,quantum,3,0.7777777777777778,1.0,"{""clf__C"": 10.0}",4.4386962999997195
71,quantum/HS-overlap-ref-SVM,quantum,4,0.8888888888888888,1.0,"{""clf__C"": 10.0}",4.4386962999997195
71,quantum/HS-overlap-ref-SVM,quantum,5,0.7777777777777778,0.8,"{""clf__C"": 10.0}",4.4386962999997195
71,quantum/HS-overlap-ref-SVM,quantum,6,0.7777777777777778,0.9500000000000001,"{""clf__C"": 10.0}",4.4386962999997195
71,quantum/HS-overlap-ref-SVM,quantum,7,0.8888888888888888,1.0,"{""clf__C"": 10.0}",4.4386962999997195
71,quantum/HS-overlap-ref-SVM,quantum,8,0.8888888888888888,1.0,"{""clf__C"": 10.0}",4.4386962999997195
71,quantum/HS-overlap-ref-SVM,quantum,9,0.7777777777777778,0.9,"{""clf__C"": 10.0}",4.4386962999997195
71,quantum/HS-overlap-ref-SVM,quantum,10,0.8888888888888888,0.9500000000000001,"{""clf__C"": 10.0}",4.4386962999997195
71,quantum/HS-overlap-ref-SVM,quantum,11,0.8888888888888888,1.0,"{""clf__C"": 10.0}",4.4386962999997195
71,quantum/HS-overlap-ref-SVM,quantum,12,1.0,1.0,"{""clf__C"": 10.0}",4.4386962999997195
71,quantum/HS-overlap-ref-SVM,quantum,13,0.7777777777777778,0.85,"{""clf__C"": 10.0}",4.4386962999997195
71,quantum/HS-overlap-ref-SVM,quantum,14,0.7777777777777778,0.95,"{""clf__C"": 10.0}",4.4386962999997195
71,quantum/Fidelity-ref-SVM,quantum,0,1.0,1.0,"{""clf__C"": 10.0}",6.2768144000001485
71,quantum/Fidelity-ref-SVM,quantum,1,0.8888888888888888,1.0,"{""clf__C"": 10.0}",6.2768144000001485
71,quantum/Fidelity-ref-SVM,quantum,2,0.6666666666666666,0.65,"{""clf__C"": 10.0}",6.2768144000001485
71,quantum/Fidelity-ref-SVM,quantum,3,0.7777777777777778,1.0,"{""clf__C"": 10.0}",6.2768144000001485
71,quantum/Fidelity-ref-SVM,quantum,4,0.7777777777777778,0.9,"{""clf__C"": 10.0}",6.2768144000001485
71,quantum/Fidelity-ref-SVM,quantum,5,0.7777777777777778,0.8,"{""clf__C"": 10.0}",6.2768144000001485
71,quantum/Fidelity-ref-SVM,quantum,6,0.7777777777777778,0.9500000000000001,"{""clf__C"": 10.0}",6.2768144000001485
71,quantum/Fidelity-ref-SVM,quantum,7,0.8888888888888888,1.0,"{""clf__C"": 10.0}",6.2768144000001485
71,quantum/Fidelity-ref-SVM,quantum,8,1.0,1.0,"{""clf__C"": 10.0}",6.2768144000001485
71,quantum/Fidelity-ref-SVM,quantum,9,0.7777777777777778,0.95,"{""clf__C"": 10.0}",6.2768144000001485
71,quantum/Fidelity-ref-SVM,quantum,10,0.8888888888888888,0.9500000000000001,"{""clf__C"": 10.0}",6.2768144000001485
71,quantum/Fidelity-ref-SVM,quantum,11,0.7777777777777778,0.9500000000000001,"{""clf__C"": 10.0}",6.2768144000001485
71,quantum/Fidelity-ref-SVM,quantum,12,1.0,1.0,"{""clf__C"": 10.0}",6.2768144000001485
71,quantum/Fidelity-ref-SVM,quantum,13,0.7777777777777778,0.9,"{""clf__C"": 10.0}",6.2768144000001485
71,quantum/Fidelity-ref-SVM,quantum,14,0.7777777777777778,0.95,"{""clf__C"": 10.0}",6.2768144000001485
71,quantum/HS-RBF-ref-SVM,quantum,0,0.8888888888888888,1.0,"{""clf__C"": 10.0, ""clf__gamma_mult"": 0.25}",12.804424299999482
71,quantum/HS-RBF-ref-SVM,quantum,1,0.7777777777777778,1.0,"{""clf__C"": 1.0, ""clf__gamma_mult"": 1.0}",12.804424299999482
71,quantum/HS-RBF-ref-SVM,quantum,2,0.5555555555555556,0.7,"{""clf__C"": 1.0, ""clf__gamma_mult"": 0.25}",12.804424299999482
71,quantum/HS-RBF-ref-SVM,quantum,3,0.7777777777777778,1.0,"{""clf__C"": 10.0, ""clf__gamma_mult"": 0.25}",12.804424299999482
71,quantum/HS-RBF-ref-SVM,quantum,4,0.7777777777777778,0.9,"{""clf__C"": 1.0, ""clf__gamma_mult"": 1.0}",12.804424299999482
71,quantum/HS-RBF-ref-SVM,quantum,5,0.6666666666666666,0.9,"{""clf__C"": 1.0, ""clf__gamma_mult"": 1.0}",12.804424299999482
71,quantum/HS-RBF-ref-SVM,quantum,6,0.7777777777777778,0.9500000000000001,"{""clf__C"": 1.0, ""clf__gamma_mult"": 1.0}",12.804424299999482
71,quantum/HS-RBF-ref-SVM,quantum,7,0.8888888888888888,0.85,"{""clf__C"": 10.0, ""clf__gamma_mult"": 1.0}",12.804424299999482
71,quantum/HS-RBF-ref-SVM,quantum,8,1.0,1.0,"{""clf__C"": 10.0, ""clf__gamma_mult"": 0.25}",12.804424299999482
71,quantum/HS-RBF-ref-SVM,quantum,9,0.8888888888888888,0.95,"{""clf__C"": 1.0, ""clf__gamma_mult"": 1.0}",12.804424299999482
71,quantum/HS-RBF-ref-SVM,quantum,10,0.7777777777777778,0.9500000000000001,"{""clf__C"": 1.0, ""clf__gamma_mult"": 1.0}",12.804424299999482
71,quantum/HS-RBF-ref-SVM,quantum,11,0.8888888888888888,1.0,"{""clf__C"": 10.0, ""clf__gamma_mult"": 0.25}",12.804424299999482
71,quantum/HS-RBF-ref-SVM,quantum,12,1.0,1.0,"{""clf__C"": 10.0, ""clf__gamma_mult"": 0.25}",12.804424299999482
71,quantum/HS-RBF-ref-SVM,quantum,13,0.7777777777777778,0.9,"{""clf__C"": 10.0, ""clf__gamma_mult"": 0.25}",12.804424299999482
71,quantum/HS-RBF-ref-SVM,quantum,14,0.7777777777777778,0.9,"{""clf__C"": 10.0, ""clf__gamma_mult"": 1.0}",12.804424299999482
71,quantum/Bures-RBF-ref-SVM,quantum,0,1.0,1.0,"{""clf__C"": 1.0, ""clf__gamma_mult"": 1.0}",16.830891700000393
71,quantum/Bures-RBF-ref-SVM,quantum,1,0.8888888888888888,0.9500000000000001,"{""clf__C"": 10.0, ""clf__gamma_mult"": 1.0}",16.830891700000393
71,quantum/Bures-RBF-ref-SVM,quantum,2,0.5555555555555556,0.7,"{""clf__C"": 1.0, ""clf__gamma_mult"": 0.25}",16.830891700000393
71,quantum/Bures-RBF-ref-SVM,quantum,3,0.7777777777777778,1.0,"{""clf__C"": 10.0, ""clf__gamma_mult"": 0.25}",16.830891700000393
71,quantum/Bures-RBF-ref-SVM,quantum,4,0.7777777777777778,0.9,"{""clf__C"": 1.0, ""clf__gamma_mult"": 1.0}",16.830891700000393
71,quantum/Bures-RBF-ref-SVM,quantum,5,0.6666666666666666,0.85,"{""clf__C"": 1.0, ""clf__gamma_mult"": 1.0}",16.830891700000393
71,quantum/Bures-RBF-ref-SVM,quantum,6,0.7777777777777778,0.9500000000000001,"{""clf__C"": 1.0, ""clf__gamma_mult"": 1.0}",16.830891700000393
71,quantum/Bures-RBF-ref-SVM,quantum,7,0.8888888888888888,0.85,"{""clf__C"": 10.0, ""clf__gamma_mult"": 0.25}",16.830891700000393
71,quantum/Bures-RBF-ref-SVM,quantum,8,1.0,1.0,"{""clf__C"": 10.0, ""clf__gamma_mult"": 0.25}",16.830891700000393
71,quantum/Bures-RBF-ref-SVM,quantum,9,0.7777777777777778,0.95,"{""clf__C"": 1.0, ""clf__gamma_mult"": 1.0}",16.830891700000393
71,quantum/Bures-RBF-ref-SVM,quantum,10,0.8888888888888888,0.9500000000000001,"{""clf__C"": 1.0, ""clf__gamma_mult"": 1.0}",16.830891700000393
71,quantum/Bures-RBF-ref-SVM,quantum,11,0.7777777777777778,0.9500000000000001,"{""clf__C"": 1.0, ""clf__gamma_mult"": 1.0}",16.830891700000393
71,quantum/Bures-RBF-ref-SVM,quantum,12,0.8888888888888888,1.0,"{""clf__C"": 10.0, ""clf__gamma_mult"": 0.25}",16.830891700000393
71,quantum/Bures-RBF-ref-SVM,quantum,13,0.6666666666666666,0.9,"{""clf__C"": 1.0, ""clf__gamma_mult"": 1.0}",16.830891700000393
71,quantum/Bures-RBF-ref-SVM,quantum,14,0.7777777777777778,0.95,"{""clf__C"": 10.0, ""clf__gamma_mult"": 0.25}",16.830891700000393
71,quantum/QRE-RBF-ref-SVM,quantum,0,1.0,1.0,"{""clf__C"": 1.0, ""clf__gamma_mult"": 1.0}",14.626256100000319
71,quantum/QRE-RBF-ref-SVM,quantum,1,0.8888888888888888,0.9500000000000001,"{""clf__C"": 10.0, ""clf__gamma_mult"": 1.0}",14.626256100000319
71,quantum/QRE-RBF-ref-SVM,quantum,2,0.5555555555555556,0.7,"{""clf__C"": 1.0, ""clf__gamma_mult"": 0.25}",14.626256100000319
71,quantum/QRE-RBF-ref-SVM,quantum,3,0.7777777777777778,1.0,"{""clf__C"": 10.0, ""clf__gamma_mult"": 0.25}",14.626256100000319
71,quantum/QRE-RBF-ref-SVM,quantum,4,0.7777777777777778,0.9,"{""clf__C"": 1.0, ""clf__gamma_mult"": 1.0}",14.626256100000319
71,quantum/QRE-RBF-ref-SVM,quantum,5,0.6666666666666666,0.85,"{""clf__C"": 1.0, ""clf__gamma_mult"": 1.0}",14.626256100000319
71,quantum/QRE-RBF-ref-SVM,quantum,6,0.7777777777777778,0.9500000000000001,"{""clf__C"": 1.0, ""clf__gamma_mult"": 1.0}",14.626256100000319
71,quantum/QRE-RBF-ref-SVM,quantum,7,0.8888888888888888,0.85,"{""clf__C"": 10.0, ""clf__gamma_mult"": 0.25}",14.626256100000319
71,quantum/QRE-RBF-ref-SVM,quantum,8,1.0,1.0,"{""clf__C"": 10.0, ""clf__gamma_mult"": 0.25}",14.626256100000319
71,quantum/QRE-RBF-ref-SVM,quantum,9,0.7777777777777778,0.95,"{""clf__C"": 1.0, ""clf__gamma_mult"": 1.0}",14.626256100000319
71,quantum/QRE-RBF-ref-SVM,quantum,10,0.8888888888888888,0.9500000000000001,"{""clf__C"": 1.0, ""clf__gamma_mult"": 1.0}",14.626256100000319
71,quantum/QRE-RBF-ref-SVM,quantum,11,0.7777777777777778,0.9500000000000001,"{""clf__C"": 1.0, ""clf__gamma_mult"": 1.0}",14.626256100000319
71,quantum/QRE-RBF-ref-SVM,quantum,12,0.8888888888888888,1.0,"{""clf__C"": 10.0, ""clf__gamma_mult"": 0.25}",14.626256100000319
71,quantum/QRE-RBF-ref-SVM,quantum,13,0.6666666666666666,0.9,"{""clf__C"": 1.0, ""clf__gamma_mult"": 1.0}",14.626256100000319
71,quantum/QRE-RBF-ref-SVM,quantum,14,0.7777777777777778,0.95,"{""clf__C"": 10.0, ""clf__gamma_mult"": 0.25}",14.626256100000319
71,quantum/IQP-kernel-SVM,quantum,0,1.0,1.0,"{""clf__C"": 1.0, ""clf__scale"": 0.5}",20.533746399999472
71,quantum/IQP-kernel-SVM,quantum,1,0.8888888888888888,1.0,"{""clf__C"": 1.0, ""clf__scale"": 0.5}",20.533746399999472
71,quantum/IQP-kernel-SVM,quantum,2,0.8888888888888888,0.8500000000000001,"{""clf__C"": 1.0, ""clf__scale"": 0.5}",20.533746399999472
71,quantum/IQP-kernel-SVM,quantum,3,0.8888888888888888,1.0,"{""clf__C"": 1.0, ""clf__scale"": 0.5}",20.533746399999472
71,quantum/IQP-kernel-SVM,quantum,4,0.7777777777777778,0.75,"{""clf__C"": 1.0, ""clf__scale"": 0.5}",20.533746399999472
71,quantum/IQP-kernel-SVM,quantum,5,0.7777777777777778,0.9,"{""clf__C"": 10.0, ""clf__scale"": 0.5}",20.533746399999472
71,quantum/IQP-kernel-SVM,quantum,6,0.8888888888888888,0.9500000000000001,"{""clf__C"": 1.0, ""clf__scale"": 0.5}",20.533746399999472
71,quantum/IQP-kernel-SVM,quantum,7,0.8888888888888888,1.0,"{""clf__C"": 1.0, ""clf__scale"": 0.5}",20.533746399999472
71,quantum/IQP-kernel-SVM,quantum,8,1.0,1.0,"{""clf__C"": 1.0, ""clf__scale"": 0.5}",20.533746399999472
71,quantum/IQP-kernel-SVM,quantum,9,0.8888888888888888,0.8500000000000001,"{""clf__C"": 1.0, ""clf__scale"": 0.5}",20.533746399999472
71,quantum/IQP-kernel-SVM,quantum,10,0.7777777777777778,0.9500000000000001,"{""clf__C"": 1.0, ""clf__scale"": 0.5}",20.533746399999472
71,quantum/IQP-kernel-SVM,quantum,11,0.7777777777777778,0.7000000000000001,"{""clf__C"": 10.0, ""clf__scale"": 0.5}",20.533746399999472
71,quantum/IQP-kernel-SVM,quantum,12,0.6666666666666666,0.8500000000000001,"{""clf__C"": 10.0, ""clf__scale"": 0.5}",20.533746399999472
71,quantum/IQP-kernel-SVM,quantum,13,0.7777777777777778,0.9,"{""clf__C"": 1.0, ""clf__scale"": 0.5}",20.533746399999472
71,quantum/IQP-kernel-SVM,quantum,14,0.8888888888888888,1.0,"{""clf__C"": 1.0, ""clf__scale"": 0.5}",20.533746399999472
71,quantum/CNOT-kernel-SVM,quantum,0,1.0,1.0,"{""clf__C"": 1.0, ""clf__scale"": 0.5}",18.56675239999913
71,quantum/CNOT-kernel-SVM,quantum,1,1.0,1.0,"{""clf__C"": 1.0, ""clf__scale"": 0.5}",18.56675239999913
71,quantum/CNOT-kernel-SVM,quantum,2,0.6666666666666666,0.7,"{""clf__C"": 10.0, ""clf__scale"": 0.5}",18.56675239999913
71,quantum/CNOT-kernel-SVM,quantum,3,0.6666666666666666,1.0,"{""clf__C"": 1.0, ""clf__scale"": 0.5}",18.56675239999913
71,quantum/CNOT-kernel-SVM,quantum,4,0.7777777777777778,0.8,"{""clf__C"": 1.0, ""clf__scale"": 0.5}",18.56675239999913
71,quantum/CNOT-kernel-SVM,quantum,5,0.6666666666666666,0.9,"{""clf__C"": 10.0, ""clf__scale"": 0.5}",18.56675239999913
71,quantum/CNOT-kernel-SVM,quantum,6,0.7777777777777778,0.9500000000000001,"{""clf__C"": 1.0, ""clf__scale"": 0.5}",18.56675239999913
71,quantum/CNOT-kernel-SVM,quantum,7,1.0,1.0,"{""clf__C"": 1.0, ""clf__scale"": 0.5}",18.56675239999913
71,quantum/CNOT-kernel-SVM,quantum,8,1.0,1.0,"{""clf__C"": 1.0, ""clf__scale"": 0.5}",18.56675239999913
71,quantum/CNOT-kernel-SVM,quantum,9,0.8888888888888888,1.0,"{""clf__C"": 1.0, ""clf__scale"": 0.5}",18.56675239999913
71,quantum/CNOT-kernel-SVM,quantum,10,1.0,1.0,"{""clf__C"": 1.0, ""clf__scale"": 0.5}",18.56675239999913
71,quantum/CNOT-kernel-SVM,quantum,11,0.7777777777777778,0.9,"{""clf__C"": 1.0, ""clf__scale"": 0.5}",18.56675239999913
71,quantum/CNOT-kernel-SVM,quantum,12,1.0,1.0,"{""clf__C"": 10.0, ""clf__scale"": 1.0}",18.56675239999913
71,quantum/CNOT-kernel-SVM,quantum,13,0.6666666666666666,0.9,"{""clf__C"": 1.0, ""clf__scale"": 0.5}",18.56675239999913
71,quantum/CNOT-kernel-SVM,quantum,14,0.8888888888888888,0.95,"{""clf__C"": 1.0, ""clf__scale"": 0.5}",18.56675239999913
71,control/IQP-no-entangle,control,0,1.0,1.0,"{""clf__C"": 1.0, ""clf__scale"": 0.5}",16.88428759999988
71,control/IQP-no-entangle,control,1,1.0,1.0,"{""clf__C"": 1.0, ""clf__scale"": 0.5}",16.88428759999988
71,control/IQP-no-entangle,control,2,0.7777777777777778,0.75,"{""clf__C"": 1.0, ""clf__scale"": 0.5}",16.88428759999988
71,control/IQP-no-entangle,control,3,0.7777777777777778,1.0,"{""clf__C"": 10.0, ""clf__scale"": 0.5}",16.88428759999988
71,control/IQP-no-entangle,control,4,0.7777777777777778,0.8500000000000001,"{""clf__C"": 1.0, ""clf__scale"": 0.5}",16.88428759999988
71,control/IQP-no-entangle,control,5,0.6666666666666666,0.9,"{""clf__C"": 1.0, ""clf__scale"": 0.5}",16.88428759999988
71,control/IQP-no-entangle,control,6,0.7777777777777778,0.9500000000000001,"{""clf__C"": 1.0, ""clf__scale"": 0.5}",16.88428759999988
71,control/IQP-no-entangle,control,7,1.0,1.0,"{""clf__C"": 1.0, ""clf__scale"": 0.5}",16.88428759999988
71,control/IQP-no-entangle,control,8,1.0,1.0,"{""clf__C"": 1.0, ""clf__scale"": 0.5}",16.88428759999988
71,control/IQP-no-entangle,control,9,0.8888888888888888,0.95,"{""clf__C"": 1.0, ""clf__scale"": 0.5}",16.88428759999988
71,control/IQP-no-entangle,control,10,0.7777777777777778,1.0,"{""clf__C"": 1.0, ""clf__scale"": 0.5}",16.88428759999988
71,control/IQP-no-entangle,control,11,0.8888888888888888,0.9500000000000001,"{""clf__C"": 1.0, ""clf__scale"": 0.5}",16.88428759999988
71,control/IQP-no-entangle,control,12,1.0,1.0,"{""clf__C"": 10.0, ""clf__scale"": 0.5}",16.88428759999988
71,control/IQP-no-entangle,control,13,0.6666666666666666,0.9,"{""clf__C"": 1.0, ""clf__scale"": 1.0}",16.88428759999988
71,control/IQP-no-entangle,control,14,0.8888888888888888,0.95,"{""clf__C"": 1.0, ""clf__scale"": 0.5}",16.88428759999988
71,control/PCA-matched-RBF,control,0,1.0,1.0,"{""clf__C"": 1.0, ""clf__gamma"": ""scale""}",13.44745520000015
71,control/PCA-matched-RBF,control,1,1.0,1.0,"{""clf__C"": 1.0, ""clf__gamma"": ""scale""}",13.44745520000015
71,control/PCA-matched-RBF,control,2,0.7777777777777778,0.75,"{""clf__C"": 1.0, ""clf__gamma"": 0.1}",13.44745520000015
71,control/PCA-matched-RBF,control,3,0.8888888888888888,1.0,"{""clf__C"": 10.0, ""clf__gamma"": 0.01}",13.44745520000015
71,control/PCA-matched-RBF,control,4,0.6666666666666666,0.8500000000000001,"{""clf__C"": 10.0, ""clf__gamma"": 0.1}",13.44745520000015
71,control/PCA-matched-RBF,control,5,0.6666666666666666,0.9,"{""clf__C"": 10.0, ""clf__gamma"": 0.01}",13.44745520000015
71,control/PCA-matched-RBF,control,6,0.7777777777777778,0.9500000000000001,"{""clf__C"": 1.0, ""clf__gamma"": 0.1}",13.44745520000015
71,control/PCA-matched-RBF,control,7,1.0,1.0,"{""clf__C"": 1.0, ""clf__gamma"": ""scale""}",13.44745520000015
71,control/PCA-matched-RBF,control,8,1.0,1.0,"{""clf__C"": 1.0, ""clf__gamma"": 0.1}",13.44745520000015
71,control/PCA-matched-RBF,control,9,0.8888888888888888,0.95,"{""clf__C"": 10.0, ""clf__gamma"": 0.01}",13.44745520000015
71,control/PCA-matched-RBF,control,10,1.0,1.0,"{""clf__C"": 10.0, ""clf__gamma"": 0.01}",13.44745520000015
71,control/PCA-matched-RBF,control,11,0.6666666666666666,0.75,"{""clf__C"": 1.0, ""clf__gamma"": ""scale""}",13.44745520000015
71,control/PCA-matched-RBF,control,12,1.0,1.0,"{""clf__C"": 10.0, ""clf__gamma"": 0.01}",13.44745520000015
71,control/PCA-matched-RBF,control,13,0.7777777777777778,0.9,"{""clf__C"": 10.0, ""clf__gamma"": 0.01}",13.44745520000015
71,control/PCA-matched-RBF,control,14,0.8888888888888888,0.95,"{""clf__C"": 1.0, ""clf__gamma"": 0.1}",13.44745520000015
71,control/PCA-matched-linear,control,0,1.0,1.0,"{""clf__C"": 0.1}",4.8898895000002085
71,control/PCA-matched-linear,control,1,1.0,1.0,"{""clf__C"": 0.1}",4.8898895000002085
71,control/PCA-matched-linear,control,2,0.7777777777777778,0.75,"{""clf__C"": 0.1}",4.8898895000002085
71,control/PCA-matched-linear,control,3,0.7777777777777778,1.0,"{""clf__C"": 0.1}",4.8898895000002085
71,control/PCA-matched-linear,control,4,0.7777777777777778,0.8500000000000001,"{""clf__C"": 0.1}",4.8898895000002085
71,control/PCA-matched-linear,control,5,0.6666666666666666,0.9,"{""clf__C"": 0.1}",4.8898895000002085
71,control/PCA-matched-linear,control,6,0.7777777777777778,0.8,"{""clf__C"": 10.0}",4.8898895000002085
71,control/PCA-matched-linear,control,7,1.0,1.0,"{""clf__C"": 0.1}",4.8898895000002085
71,control/PCA-matched-linear,control,8,1.0,1.0,"{""clf__C"": 0.1}",4.8898895000002085
71,control/PCA-matched-linear,control,9,0.8888888888888888,0.95,"{""clf__C"": 0.1}",4.8898895000002085
71,control/PCA-matched-linear,control,10,1.0,1.0,"{""clf__C"": 0.1}",4.8898895000002085
71,control/PCA-matched-linear,control,11,0.8888888888888888,0.9500000000000001,"{""clf__C"": 0.1}",4.8898895000002085
71,control/PCA-matched-linear,control,12,1.0,1.0,"{""clf__C"": 1.0}",4.8898895000002085
71,control/PCA-matched-linear,control,13,0.6666666666666666,0.9,"{""clf__C"": 1.0}",4.8898895000002085
71,control/PCA-matched-linear,control,14,0.8888888888888888,0.95,"{""clf__C"": 0.1}",4.8898895000002085
71,control/logeuclid-TS+LR,control,0,1.0,1.0,"{""clf__C"": 10.0}",4.155970200000411
71,control/logeuclid-TS+LR,control,1,0.7777777777777778,0.8,"{""clf__C"": 1.0}",4.155970200000411
71,control/logeuclid-TS+LR,control,2,0.3333333333333333,0.55,"{""clf__C"": 10.0}",4.155970200000411
71,control/logeuclid-TS+LR,control,3,0.7777777777777778,0.8,"{""clf__C"": 1.0}",4.155970200000411
71,control/logeuclid-TS+LR,control,4,0.6666666666666666,0.85,"{""clf__C"": 10.0}",4.155970200000411
71,control/logeuclid-TS+LR,control,5,0.6666666666666666,0.8,"{""clf__C"": 1.0}",4.155970200000411
71,control/logeuclid-TS+LR,control,6,0.8888888888888888,0.9500000000000001,"{""clf__C"": 10.0}",4.155970200000411
71,control/logeuclid-TS+LR,control,7,0.7777777777777778,0.9,"{""clf__C"": 10.0}",4.155970200000411
71,control/logeuclid-TS+LR,control,8,0.7777777777777778,0.95,"{""clf__C"": 10.0}",4.155970200000411
71,control/logeuclid-TS+LR,control,9,0.7777777777777778,0.85,"{""clf__C"": 10.0}",4.155970200000411
71,control/logeuclid-TS+LR,control,10,0.6666666666666666,0.8,"{""clf__C"": 10.0}",4.155970200000411
71,control/logeuclid-TS+LR,control,11,1.0,1.0,"{""clf__C"": 10.0}",4.155970200000411
71,control/logeuclid-TS+LR,control,12,0.8888888888888888,0.9,"{""clf__C"": 10.0}",4.155970200000411
71,control/logeuclid-TS+LR,control,13,0.7777777777777778,0.95,"{""clf__C"": 10.0}",4.155970200000411
71,control/logeuclid-TS+LR,control,14,0.5555555555555556,0.7,"{""clf__C"": 1.0}",4.155970200000411
71,control/riemann-kernel-SVM,control,0,1.0,1.0,"{""clf__C"": 1.0}",4.44046040000012
71,control/riemann-kernel-SVM,control,1,0.8888888888888888,1.0,"{""clf__C"": 1.0}",4.44046040000012
71,control/riemann-kernel-SVM,control,2,0.5555555555555556,0.6,"{""clf__C"": 1.0}",4.44046040000012
71,control/riemann-kernel-SVM,control,3,0.7777777777777778,1.0,"{""clf__C"": 1.0}",4.44046040000012
71,control/riemann-kernel-SVM,control,4,0.6666666666666666,0.9,"{""clf__C"": 1.0}",4.44046040000012
71,control/riemann-kernel-SVM,control,5,0.6666666666666666,0.8,"{""clf__C"": 1.0}",4.44046040000012
71,control/riemann-kernel-SVM,control,6,0.7777777777777778,0.9,"{""clf__C"": 10.0}",4.44046040000012
71,control/riemann-kernel-SVM,control,7,0.8888888888888888,0.95,"{""clf__C"": 10.0}",4.44046040000012
71,control/riemann-kernel-SVM,control,8,0.8888888888888888,1.0,"{""clf__C"": 10.0}",4.44046040000012
71,control/riemann-kernel-SVM,control,9,0.7777777777777778,0.8,"{""clf__C"": 10.0}",4.44046040000012
71,control/riemann-kernel-SVM,control,10,0.8888888888888888,0.9500000000000001,"{""clf__C"": 10.0}",4.44046040000012
71,control/riemann-kernel-SVM,control,11,0.8888888888888888,0.9500000000000001,"{""clf__C"": 1.0}",4.44046040000012
71,control/riemann-kernel-SVM,control,12,1.0,1.0,"{""clf__C"": 10.0}",4.44046040000012
71,control/riemann-kernel-SVM,control,13,0.6666666666666666,0.9,"{""clf__C"": 1.0}",4.44046040000012
71,control/riemann-kernel-SVM,control,14,0.6666666666666666,0.9,"{""clf__C"": 10.0}",4.44046040000012
71,control/logeuclid-kernel-SVM,control,0,1.0,1.0,"{""clf__C"": 1.0}",4.422246400000404
71,control/logeuclid-kernel-SVM,control,1,0.8888888888888888,1.0,"{""clf__C"": 1.0}",4.422246400000404
71,control/logeuclid-kernel-SVM,control,2,0.5555555555555556,0.65,"{""clf__C"": 1.0}",4.422246400000404
71,control/logeuclid-kernel-SVM,control,3,0.7777777777777778,1.0,"{""clf__C"": 1.0}",4.422246400000404
71,control/logeuclid-kernel-SVM,control,4,0.6666666666666666,0.9,"{""clf__C"": 1.0}",4.422246400000404
71,control/logeuclid-kernel-SVM,control,5,0.6666666666666666,0.85,"{""clf__C"": 1.0}",4.422246400000404
71,control/logeuclid-kernel-SVM,control,6,0.7777777777777778,0.9500000000000001,"{""clf__C"": 1.0}",4.422246400000404
71,control/logeuclid-kernel-SVM,control,7,0.8888888888888888,1.0,"{""clf__C"": 10.0}",4.422246400000404
71,control/logeuclid-kernel-SVM,control,8,1.0,1.0,"{""clf__C"": 10.0}",4.422246400000404
71,control/logeuclid-kernel-SVM,control,9,0.7777777777777778,0.95,"{""clf__C"": 1.0}",4.422246400000404
71,control/logeuclid-kernel-SVM,control,10,0.8888888888888888,1.0,"{""clf__C"": 1.0}",4.422246400000404
71,control/logeuclid-kernel-SVM,control,11,0.8888888888888888,0.9500000000000001,"{""clf__C"": 1.0}",4.422246400000404
71,control/logeuclid-kernel-SVM,control,12,1.0,1.0,"{""clf__C"": 10.0}",4.422246400000404
71,control/logeuclid-kernel-SVM,control,13,0.6666666666666666,0.9,"{""clf__C"": 1.0}",4.422246400000404
71,control/logeuclid-kernel-SVM,control,14,0.7777777777777778,0.9,"{""clf__C"": 1.0}",4.422246400000404
72,classical/logvar+LDA,classical,0,0.8888888888888888,1.0,{},0.08101050000004761
72,classical/logvar+LDA,classical,1,0.6666666666666666,0.95,{},0.08101050000004761
72,classical/logvar+LDA,classical,2,0.7777777777777778,1.0,{},0.08101050000004761
72,classical/logvar+LDA,classical,3,1.0,1.0,{},0.08101050000004761
72,classical/logvar+LDA,classical,4,1.0,1.0,{},0.08101050000004761
72,classical/logvar+LDA,classical,5,0.7777777777777778,1.0,{},0.08101050000004761
72,classical/logvar+LDA,classical,6,0.7777777777777778,1.0,{},0.08101050000004761
72,classical/logvar+LDA,classical,7,1.0,1.0,{},0.08101050000004761
72,classical/logvar+LDA,classical,8,0.7777777777777778,0.85,{},0.08101050000004761
72,classical/logvar+LDA,classical,9,0.8888888888888888,1.0,{},0.08101050000004761
72,classical/logvar+LDA,classical,10,0.7777777777777778,0.8,{},0.08101050000004761
72,classical/logvar+LDA,classical,11,1.0,1.0,{},0.08101050000004761
72,classical/logvar+LDA,classical,12,0.6666666666666666,1.0,{},0.08101050000004761
72,classical/logvar+LDA,classical,13,1.0,1.0,{},0.08101050000004761
72,classical/logvar+LDA,classical,14,0.8888888888888888,1.0,{},0.08101050000004761
72,classical/CSP+LDA,classical,0,0.8888888888888888,1.0,"{""csp__nfilter"": 4}",3.923911400000179
72,classical/CSP+LDA,classical,1,0.8888888888888888,1.0,"{""csp__nfilter"": 4}",3.923911400000179
72,classical/CSP+LDA,classical,2,0.7777777777777778,1.0,"{""csp__nfilter"": 6}",3.923911400000179
72,classical/CSP+LDA,classical,3,1.0,1.0,"{""csp__nfilter"": 4}",3.923911400000179
72,classical/CSP+LDA,classical,4,1.0,1.0,"{""csp__nfilter"": 6}",3.923911400000179
72,classical/CSP+LDA,classical,5,0.7777777777777778,1.0,"{""csp__nfilter"": 4}",3.923911400000179
72,classical/CSP+LDA,classical,6,0.5555555555555556,0.8,"{""csp__nfilter"": 2}",3.923911400000179
72,classical/CSP+LDA,classical,7,1.0,1.0,"{""csp__nfilter"": 4}",3.923911400000179
72,classical/CSP+LDA,classical,8,0.7777777777777778,1.0,"{""csp__nfilter"": 4}",3.923911400000179
72,classical/CSP+LDA,classical,9,1.0,1.0,"{""csp__nfilter"": 2}",3.923911400000179
72,classical/CSP+LDA,classical,10,1.0,1.0,"{""csp__nfilter"": 4}",3.923911400000179
72,classical/CSP+LDA,classical,11,1.0,1.0,"{""csp__nfilter"": 4}",3.923911400000179
72,classical/CSP+LDA,classical,12,0.6666666666666666,1.0,"{""csp__nfilter"": 4}",3.923911400000179
72,classical/CSP+LDA,classical,13,1.0,1.0,"{""csp__nfilter"": 4}",3.923911400000179
72,classical/CSP+LDA,classical,14,0.8888888888888888,1.0,"{""csp__nfilter"": 4}",3.923911400000179
72,classical/MDM,classical,0,0.8888888888888888,0.95,{},0.4660175999997591
72,classical/MDM,classical,1,0.7777777777777778,1.0,{},0.4660175999997591
72,classical/MDM,classical,2,0.8888888888888888,1.0,{},0.4660175999997591
72,classical/MDM,classical,3,1.0,1.0,{},0.4660175999997591
72,classical/MDM,classical,4,0.8888888888888888,1.0,{},0.4660175999997591
72,classical/MDM,classical,5,0.8888888888888888,1.0,{},0.4660175999997591
72,classical/MDM,classical,6,0.7777777777777778,0.85,{},0.4660175999997591
72,classical/MDM,classical,7,1.0,1.0,{},0.4660175999997591
72,classical/MDM,classical,8,0.7777777777777778,1.0,{},0.4660175999997591
72,classical/MDM,classical,9,1.0,1.0,{},0.4660175999997591
72,classical/MDM,classical,10,0.8888888888888888,1.0,{},0.4660175999997591
72,classical/MDM,classical,11,1.0,1.0,{},0.4660175999997591
72,classical/MDM,classical,12,0.6666666666666666,1.0,{},0.4660175999997591
72,classical/MDM,classical,13,1.0,1.0,{},0.4660175999997591
72,classical/MDM,classical,14,0.8888888888888888,0.9500000000000001,{},0.4660175999997591
72,classical/TS+LR,classical,0,1.0,1.0,"{""clf__C"": 0.1}",4.798507399999835
72,classical/TS+LR,classical,1,0.6666666666666666,1.0,"{""clf__C"": 1.0}",4.798507399999835
72,classical/TS+LR,classical,2,0.8888888888888888,1.0,"{""clf__C"": 0.1}",4.798507399999835
72,classical/TS+LR,classical,3,1.0,1.0,"{""clf__C"": 0.1}",4.798507399999835
72,classical/TS+LR,classical,4,1.0,1.0,"{""clf__C"": 0.1}",4.798507399999835
72,classical/TS+LR,classical,5,0.8888888888888888,1.0,"{""clf__C"": 0.1}",4.798507399999835
72,classical/TS+LR,classical,6,0.8888888888888888,1.0,"{""clf__C"": 0.1}",4.798507399999835
72,classical/TS+LR,classical,7,1.0,1.0,"{""clf__C"": 0.1}",4.798507399999835
72,classical/TS+LR,classical,8,1.0,1.0,"{""clf__C"": 0.1}",4.798507399999835
72,classical/TS+LR,classical,9,1.0,1.0,"{""clf__C"": 0.1}",4.798507399999835
72,classical/TS+LR,classical,10,0.7777777777777778,1.0,"{""clf__C"": 0.1}",4.798507399999835
72,classical/TS+LR,classical,11,1.0,1.0,"{""clf__C"": 0.1}",4.798507399999835
72,classical/TS+LR,classical,12,0.6666666666666666,1.0,"{""clf__C"": 1.0}",4.798507399999835
72,classical/TS+LR,classical,13,1.0,1.0,"{""clf__C"": 0.1}",4.798507399999835
72,classical/TS+LR,classical,14,1.0,1.0,"{""clf__C"": 0.1}",4.798507399999835
72,classical/TS+RBF-SVM,classical,0,0.8888888888888888,1.0,"{""clf__C"": 1.0, ""clf__gamma"": ""scale""}",12.830542400000013
72,classical/TS+RBF-SVM,classical,1,0.6666666666666666,1.0,"{""clf__C"": 10.0, ""clf__gamma"": ""scale""}",12.830542400000013
72,classical/TS+RBF-SVM,classical,2,0.8888888888888888,1.0,"{""clf__C"": 10.0, ""clf__gamma"": 0.01}",12.830542400000013
72,classical/TS+RBF-SVM,classical,3,1.0,1.0,"{""clf__C"": 1.0, ""clf__gamma"": ""scale""}",12.830542400000013
72,classical/TS+RBF-SVM,classical,4,1.0,1.0,"{""clf__C"": 1.0, ""clf__gamma"": ""scale""}",12.830542400000013
72,classical/TS+RBF-SVM,classical,5,0.8888888888888888,1.0,"{""clf__C"": 10.0, ""clf__gamma"": ""scale""}",12.830542400000013
72,classical/TS+RBF-SVM,classical,6,0.8888888888888888,1.0,"{""clf__C"": 10.0, ""clf__gamma"": ""scale""}",12.830542400000013
72,classical/TS+RBF-SVM,classical,7,0.8888888888888888,1.0,"{""clf__C"": 1.0, ""clf__gamma"": ""scale""}",12.830542400000013
72,classical/TS+RBF-SVM,classical,8,1.0,1.0,"{""clf__C"": 1.0, ""clf__gamma"": ""scale""}",12.830542400000013
72,classical/TS+RBF-SVM,classical,9,1.0,1.0,"{""clf__C"": 1.0, ""clf__gamma"": ""scale""}",12.830542400000013
72,classical/TS+RBF-SVM,classical,10,0.7777777777777778,0.9,"{""clf__C"": 1.0, ""clf__gamma"": ""scale""}",12.830542400000013
72,classical/TS+RBF-SVM,classical,11,1.0,1.0,"{""clf__C"": 10.0, ""clf__gamma"": ""scale""}",12.830542400000013
72,classical/TS+RBF-SVM,classical,12,0.6666666666666666,0.95,"{""clf__C"": 10.0, ""clf__gamma"": 0.01}",12.830542400000013
72,classical/TS+RBF-SVM,classical,13,1.0,1.0,"{""clf__C"": 10.0, ""clf__gamma"": ""scale""}",12.830542400000013
72,classical/TS+RBF-SVM,classical,14,1.0,1.0,"{""clf__C"": 1.0, ""clf__gamma"": ""scale""}",12.830542400000013
72,quantum/HS-overlap-SVM,quantum,0,0.4444444444444444,0.7000000000000001,"{""clf__C"": 0.1}",3.85243569999966
72,quantum/HS-overlap-SVM,quantum,1,0.5555555555555556,0.65,"{""clf__C"": 0.1}",3.85243569999966
72,quantum/HS-overlap-SVM,quantum,2,0.4444444444444444,0.6,"{""clf__C"": 0.1}",3.85243569999966
72,quantum/HS-overlap-SVM,quantum,3,0.4444444444444444,0.6749999999999999,"{""clf__C"": 0.1}",3.85243569999966
72,quantum/HS-overlap-SVM,quantum,4,0.4444444444444444,0.55,"{""clf__C"": 0.1}",3.85243569999966
72,quantum/HS-overlap-SVM,quantum,5,0.5555555555555556,0.7000000000000001,"{""clf__C"": 0.1}",3.85243569999966
72,quantum/HS-overlap-SVM,quantum,6,0.5555555555555556,0.5,"{""clf__C"": 0.1}",3.85243569999966
72,quantum/HS-overlap-SVM,quantum,7,0.4444444444444444,0.42500000000000004,"{""clf__C"": 0.1}",3.85243569999966
72,quantum/HS-overlap-SVM,quantum,8,0.4444444444444444,0.775,"{""clf__C"": 0.1}",3.85243569999966
72,quantum/HS-overlap-SVM,quantum,9,0.4444444444444444,0.375,"{""clf__C"": 0.1}",3.85243569999966
72,quantum/HS-overlap-SVM,quantum,10,0.4444444444444444,0.75,"{""clf__C"": 0.1}",3.85243569999966
72,quantum/HS-overlap-SVM,quantum,11,0.6666666666666666,0.7749999999999999,"{""clf__C"": 0.1}",3.85243569999966
72,quantum/HS-overlap-SVM,quantum,12,0.4444444444444444,0.5,"{""clf__C"": 0.1}",3.85243569999966
72,quantum/HS-overlap-SVM,quantum,13,0.4444444444444444,0.45,"{""clf__C"": 0.1}",3.85243569999966
72,quantum/HS-overlap-SVM,quantum,14,0.4444444444444444,0.675,"{""clf__C"": 0.1}",3.85243569999966
72,quantum/Fidelity-SVM,quantum,0,0.4444444444444444,0.2,"{""clf__C"": 0.1}",5.312328299999535
72,quantum/Fidelity-SVM,quantum,1,0.5555555555555556,0.6,"{""clf__C"": 0.1}",5.312328299999535
72,quantum/Fidelity-SVM,quantum,2,0.4444444444444444,0.125,"{""clf__C"": 0.1}",5.312328299999535
72,quantum/Fidelity-SVM,quantum,3,0.4444444444444444,0.875,"{""clf__C"": 0.1}",5.312328299999535
72,quantum/Fidelity-SVM,quantum,4,0.4444444444444444,0.7250000000000001,"{""clf__C"": 0.1}",5.312328299999535
72,quantum/Fidelity-SVM,quantum,5,0.5555555555555556,0.625,"{""clf__C"": 0.1}",5.312328299999535
72,quantum/Fidelity-SVM,quantum,6,0.5555555555555556,0.6,"{""clf__C"": 0.1}",5.312328299999535
72,quantum/Fidelity-SVM,quantum,7,0.4444444444444444,0.35,"{""clf__C"": 0.1}",5.312328299999535
72,quantum/Fidelity-SVM,quantum,8,0.4444444444444444,0.9,"{""clf__C"": 0.1}",5.312328299999535
72,quantum/Fidelity-SVM,quantum,9,0.4444444444444444,0.6,"{""clf__C"": 0.1}",5.312328299999535
72,quantum/Fidelity-SVM,quantum,10,0.4444444444444444,0.45,"{""clf__C"": 0.1}",5.312328299999535
72,quantum/Fidelity-SVM,quantum,11,0.6666666666666666,0.75,"{""clf__C"": 0.1}",5.312328299999535
72,quantum/Fidelity-SVM,quantum,12,0.4444444444444444,0.55,"{""clf__C"": 0.1}",5.312328299999535
72,quantum/Fidelity-SVM,quantum,13,0.4444444444444444,0.45000000000000007,"{""clf__C"": 0.1}",5.312328299999535
72,quantum/Fidelity-SVM,quantum,14,0.4444444444444444,0.825,"{""clf__C"": 0.1}",5.312328299999535
72,quantum/HS-RBF-SVM,quantum,0,0.4444444444444444,0.5,"{""clf__C"": 0.1, ""clf__gamma_mult"": 0.25}",10.684436600000481
72,quantum/HS-RBF-SVM,quantum,1,0.5555555555555556,0.6249999999999999,"{""clf__C"": 0.1, ""clf__gamma_mult"": 0.25}",10.684436600000481
72,quantum/HS-RBF-SVM,quantum,2,0.4444444444444444,0.5,"{""clf__C"": 0.1, ""clf__gamma_mult"": 0.25}",10.684436600000481
72,quantum/HS-RBF-SVM,quantum,3,0.4444444444444444,0.75,"{""clf__C"": 0.1, ""clf__gamma_mult"": 0.25}",10.684436600000481
72,quantum/HS-RBF-SVM,quantum,4,0.4444444444444444,0.625,"{""clf__C"": 0.1, ""clf__gamma_mult"": 0.25}",10.684436600000481
72,quantum/HS-RBF-SVM,quantum,5,0.5555555555555556,0.7,"{""clf__C"": 0.1, ""clf__gamma_mult"": 0.25}",10.684436600000481
72,quantum/HS-RBF-SVM,quantum,6,0.5555555555555556,0.49999999999999994,"{""clf__C"": 0.1, ""clf__gamma_mult"": 0.25}",10.684436600000481
72,quantum/HS-RBF-SVM,quantum,7,0.4444444444444444,0.5,"{""clf__C"": 0.1, ""clf__gamma_mult"": 0.25}",10.684436600000481
72,quantum/HS-RBF-SVM,quantum,8,0.4444444444444444,0.625,"{""clf__C"": 0.1, ""clf__gamma_mult"": 0.25}",10.684436600000481
72,quantum/HS-RBF-SVM,quantum,9,0.4444444444444444,0.625,"{""clf__C"": 0.1, ""clf__gamma_mult"": 0.25}",10.684436600000481
72,quantum/HS-RBF-SVM,quantum,10,0.4444444444444444,0.6,"{""clf__C"": 0.1, ""clf__gamma_mult"": 0.25}",10.684436600000481
72,quantum/HS-RBF-SVM,quantum,11,0.6666666666666666,0.7,"{""clf__C"": 0.1, ""clf__gamma_mult"": 0.25}",10.684436600000481
72,quantum/HS-RBF-SVM,quantum,12,0.4444444444444444,0.5,"{""clf__C"": 0.1, ""clf__gamma_mult"": 0.25}",10.684436600000481
72,quantum/HS-RBF-SVM,quantum,13,0.4444444444444444,0.55,"{""clf__C"": 0.1, ""clf__gamma_mult"": 0.25}",10.684436600000481
72,quantum/HS-RBF-SVM,quantum,14,0.4444444444444444,0.625,"{""clf__C"": 0.1, ""clf__gamma_mult"": 0.25}",10.684436600000481
72,quantum/Bures-RBF-SVM,quantum,0,0.4444444444444444,0.575,"{""clf__C"": 0.1, ""clf__gamma_mult"": 0.25}",14.145541599999888
72,quantum/Bures-RBF-SVM,quantum,1,0.5555555555555556,0.4,"{""clf__C"": 0.1, ""clf__gamma_mult"": 0.25}",14.145541599999888
72,quantum/Bures-RBF-SVM,quantum,2,0.4444444444444444,0.375,"{""clf__C"": 0.1, ""clf__gamma_mult"": 0.25}",14.145541599999888
72,quantum/Bures-RBF-SVM,quantum,3,0.4444444444444444,0.85,"{""clf__C"": 0.1, ""clf__gamma_mult"": 0.25}",14.145541599999888
72,quantum/Bures-RBF-SVM,quantum,4,0.4444444444444444,0.575,"{""clf__C"": 0.1, ""clf__gamma_mult"": 0.25}",14.145541599999888
72,quantum/Bures-RBF-SVM,quantum,5,0.5555555555555556,0.8,"{""clf__C"": 0.1, ""clf__gamma_mult"": 0.25}",14.145541599999888
72,quantum/Bures-RBF-SVM,quantum,6,0.5555555555555556,0.425,"{""clf__C"": 0.1, ""clf__gamma_mult"": 0.25}",14.145541599999888
72,quantum/Bures-RBF-SVM,quantum,7,0.4444444444444444,0.44999999999999996,"{""clf__C"": 0.1, ""clf__gamma_mult"": 0.25}",14.145541599999888
72,quantum/Bures-RBF-SVM,quantum,8,0.4444444444444444,0.525,"{""clf__C"": 0.1, ""clf__gamma_mult"": 0.25}",14.145541599999888
72,quantum/Bures-RBF-SVM,quantum,9,0.4444444444444444,0.775,"{""clf__C"": 0.1, ""clf__gamma_mult"": 0.25}",14.145541599999888
72,quantum/Bures-RBF-SVM,quantum,10,0.4444444444444444,0.825,"{""clf__C"": 0.1, ""clf__gamma_mult"": 0.25}",14.145541599999888
72,quantum/Bures-RBF-SVM,quantum,11,0.6666666666666666,0.75,"{""clf__C"": 0.1, ""clf__gamma_mult"": 0.25}",14.145541599999888
72,quantum/Bures-RBF-SVM,quantum,12,0.4444444444444444,0.4,"{""clf__C"": 0.1, ""clf__gamma_mult"": 0.25}",14.145541599999888
72,quantum/Bures-RBF-SVM,quantum,13,0.4444444444444444,0.675,"{""clf__C"": 0.1, ""clf__gamma_mult"": 0.25}",14.145541599999888
72,quantum/Bures-RBF-SVM,quantum,14,0.4444444444444444,0.575,"{""clf__C"": 0.1, ""clf__gamma_mult"": 0.25}",14.145541599999888
72,quantum/QRE-RBF-SVM,quantum,0,0.4444444444444444,0.225,"{""clf__C"": 0.1, ""clf__gamma_mult"": 0.25}",12.514973800000007
72,quantum/QRE-RBF-SVM,quantum,1,0.5555555555555556,0.7000000000000001,"{""clf__C"": 0.1, ""clf__gamma_mult"": 0.25}",12.514973800000007
72,quantum/QRE-RBF-SVM,quantum,2,0.4444444444444444,0.3,"{""clf__C"": 0.1, ""clf__gamma_mult"": 0.25}",12.514973800000007
72,quantum/QRE-RBF-SVM,quantum,3,0.4444444444444444,0.75,"{""clf__C"": 0.1, ""clf__gamma_mult"": 0.25}",12.514973800000007
72,quantum/QRE-RBF-SVM,quantum,4,0.4444444444444444,0.625,"{""clf__C"": 0.1, ""clf__gamma_mult"": 0.25}",12.514973800000007
72,quantum/QRE-RBF-SVM,quantum,5,0.5555555555555556,0.6000000000000001,"{""clf__C"": 0.1, ""clf__gamma_mult"": 0.25}",12.514973800000007
72,quantum/QRE-RBF-SVM,quantum,6,0.5555555555555556,0.4,"{""clf__C"": 0.1, ""clf__gamma_mult"": 0.25}",12.514973800000007
72,quantum/QRE-RBF-SVM,quantum,7,0.4444444444444444,0.525,"{""clf__C"": 0.1, ""clf__gamma_mult"": 0.25}",12.514973800000007
72,quantum/QRE-RBF-SVM,quantum,8,0.4444444444444444,0.45,"{""clf__C"": 0.1, ""clf__gamma_mult"": 0.25}",12.514973800000007
72,quantum/QRE-RBF-SVM,quantum,9,0.4444444444444444,0.675,"{""clf__C"": 0.1, ""clf__gamma_mult"": 0.25}",12.514973800000007
72,quantum/QRE-RBF-SVM,quantum,10,0.4444444444444444,0.45,"{""clf__C"": 0.1, ""clf__gamma_mult"": 0.25}",12.514973800000007
72,quantum/QRE-RBF-SVM,quantum,11,0.6666666666666666,0.5,"{""clf__C"": 0.1, ""clf__gamma_mult"": 0.25}",12.514973800000007
72,quantum/QRE-RBF-SVM,quantum,12,0.4444444444444444,0.4,"{""clf__C"": 0.1, ""clf__gamma_mult"": 0.25}",12.514973800000007
72,quantum/QRE-RBF-SVM,quantum,13,0.4444444444444444,0.55,"{""clf__C"": 0.1, ""clf__gamma_mult"": 0.25}",12.514973800000007
72,quantum/QRE-RBF-SVM,quantum,14,0.4444444444444444,0.625,"{""clf__C"": 0.1, ""clf__gamma_mult"": 0.25}",12.514973800000007
72,quantum/HS-overlap-ref-SVM,quantum,0,0.8888888888888888,1.0,"{""clf__C"": 10.0}",4.623807500000112
72,quantum/HS-overlap-ref-SVM,quantum,1,0.6666666666666666,1.0,"{""clf__C"": 1.0}",4.623807500000112
72,quantum/HS-overlap-ref-SVM,quantum,2,0.8888888888888888,1.0,"{""clf__C"": 1.0}",4.623807500000112
72,quantum/HS-overlap-ref-SVM,quantum,3,1.0,1.0,"{""clf__C"": 10.0}",4.623807500000112
72,quantum/HS-overlap-ref-SVM,quantum,4,0.8888888888888888,1.0,"{""clf__C"": 1.0}",4.623807500000112
72,quantum/HS-overlap-ref-SVM,quantum,5,0.7777777777777778,1.0,"{""clf__C"": 1.0}",4.623807500000112
72,quantum/HS-overlap-ref-SVM,quantum,6,0.8888888888888888,1.0,"{""clf__C"": 10.0}",4.623807500000112
72,quantum/HS-overlap-ref-SVM,quantum,7,0.8888888888888888,1.0,"{""clf__C"": 10.0}",4.623807500000112
72,quantum/HS-overlap-ref-SVM,quantum,8,0.7777777777777778,1.0,"{""clf__C"": 1.0}",4.623807500000112
72,quantum/HS-overlap-ref-SVM,quantum,9,1.0,1.0,"{""clf__C"": 10.0}",4.623807500000112
72,quantum/HS-overlap-ref-SVM,quantum,10,0.7777777777777778,0.95,"{""clf__C"": 10.0}",4.623807500000112
72,quantum/HS-overlap-ref-SVM,quantum,11,1.0,1.0,"{""clf__C"": 10.0}",4.623807500000112
72,quantum/HS-overlap-ref-SVM,quantum,12,0.6666666666666666,1.0,"{""clf__C"": 1.0}",4.623807500000112
72,quantum/HS-overlap-ref-SVM,quantum,13,1.0,1.0,"{""clf__C"": 10.0}",4.623807500000112
72,quantum/HS-overlap-ref-SVM,quantum,14,0.8888888888888888,1.0,"{""clf__C"": 10.0}",4.623807500000112
72,quantum/Fidelity-ref-SVM,quantum,0,0.8888888888888888,1.0,"{""clf__C"": 10.0}",6.341497700000218
72,quantum/Fidelity-ref-SVM,quantum,1,0.6666666666666666,1.0,"{""clf__C"": 1.0}",6.341497700000218
72,quantum/Fidelity-ref-SVM,quantum,2,0.8888888888888888,1.0,"{""clf__C"": 1.0}",6.341497700000218
72,quantum/Fidelity-ref-SVM,quantum,3,1.0,1.0,"{""clf__C"": 10.0}",6.341497700000218
72,quantum/Fidelity-ref-SVM,quantum,4,0.8888888888888888,1.0,"{""clf__C"": 1.0}",6.341497700000218
72,quantum/Fidelity-ref-SVM,quantum,5,0.7777777777777778,1.0,"{""clf__C"": 1.0}",6.341497700000218
72,quantum/Fidelity-ref-SVM,quantum,6,0.7777777777777778,1.0,"{""clf__C"": 1.0}",6.341497700000218
72,quantum/Fidelity-ref-SVM,quantum,7,1.0,1.0,"{""clf__C"": 10.0}",6.341497700000218
72,quantum/Fidelity-ref-SVM,quantum,8,0.7777777777777778,1.0,"{""clf__C"": 1.0}",6.341497700000218
72,quantum/Fidelity-ref-SVM,quantum,9,1.0,1.0,"{""clf__C"": 10.0}",6.341497700000218
72,quantum/Fidelity-ref-SVM,quantum,10,0.7777777777777778,1.0,"{""clf__C"": 1.0}",6.341497700000218
72,quantum/Fidelity-ref-SVM,quantum,11,1.0,1.0,"{""clf__C"": 10.0}",6.341497700000218
72,quantum/Fidelity-ref-SVM,quantum,12,0.6666666666666666,1.0,"{""clf__C"": 1.0}",6.341497700000218
72,quantum/Fidelity-ref-SVM,quantum,13,1.0,1.0,"{""clf__C"": 10.0}",6.341497700000218
72,quantum/Fidelity-ref-SVM,quantum,14,0.8888888888888888,1.0,"{""clf__C"": 10.0}",6.341497700000218
72,quantum/HS-RBF-ref-SVM,quantum,0,0.8888888888888888,1.0,"{""clf__C"": 10.0, ""clf__gamma_mult"": 0.25}",13.092891500000405
72,quantum/HS-RBF-ref-SVM,quantum,1,0.8888888888888888,1.0,"{""clf__C"": 10.0, ""clf__gamma_mult"": 1.0}",13.092891500000405
72,quantum/HS-RBF-ref-SVM,quantum,2,0.8888888888888888,1.0,"{""clf__C"": 1.0, ""clf__gamma_mult"": 1.0}",13.092891500000405
72,quantum/HS-RBF-ref-SVM,quantum,3,1.0,1.0,"{""clf__C"": 1.0, ""clf__gamma_mult"": 4.0}",13.092891500000405
72,quantum/HS-RBF-ref-SVM,quantum,4,1.0,1.0,"{""clf__C"": 10.0, ""clf__gamma_mult"": 1.0}",13.092891500000405
72,quantum/HS-RBF-ref-SVM,quantum,5,0.7777777777777778,1.0,"{""clf__C"": 1.0, ""clf__gamma_mult"": 0.25}",13.092891500000405
72,quantum/HS-RBF-ref-SVM,quantum,6,0.8888888888888888,1.0,"{""clf__C"": 10.0, ""clf__gamma_mult"": 1.0}",13.092891500000405
72,quantum/HS-RBF-ref-SVM,quantum,7,0.8888888888888888,1.0,"{""clf__C"": 10.0, ""clf__gamma_mult"": 1.0}",13.092891500000405
72,quantum/HS-RBF-ref-SVM,quantum,8,0.8888888888888888,0.9,"{""clf__C"": 10.0, ""clf__gamma_mult"": 1.0}",13.092891500000405
72,quantum/HS-RBF-ref-SVM,quantum,9,1.0,1.0,"{""clf__C"": 10.0, ""clf__gamma_mult"": 1.0}",13.092891500000405
72,quantum/HS-RBF-ref-SVM,quantum,10,0.8888888888888888,0.95,"{""clf__C"": 10.0, ""clf__gamma_mult"": 4.0}",13.092891500000405
72,quantum/HS-RBF-ref-SVM,quantum,11,1.0,1.0,"{""clf__C"": 10.0, ""clf__gamma_mult"": 4.0}",13.092891500000405
72,quantum/HS-RBF-ref-SVM,quantum,12,0.7777777777777778,0.95,"{""clf__C"": 10.0, ""clf__gamma_mult"": 1.0}",13.092891500000405
72,quantum/HS-RBF-ref-SVM,quantum,13,1.0,1.0,"{""clf__C"": 10.0, ""clf__gamma_mult"": 1.0}",13.092891500000405
72,quantum/HS-RBF-ref-SVM,quantum,14,0.8888888888888888,1.0,"{""clf__C"": 1.0, ""clf__gamma_mult"": 4.0}",13.092891500000405
72,quantum/Bures-RBF-ref-SVM,quantum,0,0.8888888888888888,0.95,"{""clf__C"": 1.0, ""clf__gamma_mult"": 4.0}",17.09649459999946
72,quantum/Bures-RBF-ref-SVM,quantum,1,0.8888888888888888,1.0,"{""clf__C"": 10.0, ""clf__gamma_mult"": 1.0}",17.09649459999946
72,quantum/Bures-RBF-ref-SVM,quantum,2,1.0,1.0,"{""clf__C"": 10.0, ""clf__gamma_mult"": 1.0}",17.09649459999946
72,quantum/Bures-RBF-ref-SVM,quantum,3,1.0,1.0,"{""clf__C"": 1.0, ""clf__gamma_mult"": 4.0}",17.09649459999946
72,quantum/Bures-RBF-ref-SVM,quantum,4,1.0,1.0,"{""clf__C"": 10.0, ""clf__gamma_mult"": 1.0}",17.09649459999946
72,quantum/Bures-RBF-ref-SVM,quantum,5,0.7777777777777778,1.0,"{""clf__C"": 1.0, ""clf__gamma_mult"": 0.25}",17.09649459999946
72,quantum/Bures-RBF-ref-SVM,quantum,6,1.0,1.0,"{""clf__C"": 10.0, ""clf__gamma_mult"": 1.0}",17.09649459999946
72,quantum/Bures-RBF-ref-SVM,quantum,7,1.0,1.0,"{""clf__C"": 1.0, ""clf__gamma_mult"": 4.0}",17.09649459999946
72,quantum/Bures-RBF-ref-SVM,quantum,8,0.8888888888888888,0.9500000000000001,"{""clf__C"": 10.0, ""clf__gamma_mult"": 1.0}",17.09649459999946
72,quantum/Bures-RBF-ref-SVM,quantum,9,1.0,1.0,"{""clf__C"": 1.0, ""clf__gamma_mult"": 4.0}",17.09649459999946
72,quantum/Bures-RBF-ref-SVM,quantum,10,0.8888888888888888,0.95,"{""clf__C"": 10.0, ""clf__gamma_mult"": 0.25}",17.09649459999946
72,quantum/Bures-RBF-ref-SVM,quantum,11,1.0,1.0,"{""clf__C"": 10.0, ""clf__gamma_mult"": 0.25}",17.09649459999946
72,quantum/Bures-RBF-ref-SVM,quantum,12,0.8888888888888888,0.95,"{""clf__C"": 10.0, ""clf__gamma_mult"": 0.25}",17.09649459999946
72,quantum/Bures-RBF-ref-SVM,quantum,13,1.0,1.0,"{""clf__C"": 1.0, ""clf__gamma_mult"": 4.0}",17.09649459999946
72,quantum/Bures-RBF-ref-SVM,quantum,14,1.0,1.0,"{""clf__C"": 10.0, ""clf__gamma_mult"": 0.25}",17.09649459999946
72,quantum/QRE-RBF-ref-SVM,quantum,0,0.8888888888888888,0.95,"{""clf__C"": 1.0, ""clf__gamma_mult"": 4.0}",14.8426872
72,quantum/QRE-RBF-ref-SVM,quantum,1,0.8888888888888888,1.0,"{""clf__C"": 10.0, ""clf__gamma_mult"": 1.0}",14.8426872
72,quantum/QRE-RBF-ref-SVM,quantum,2,1.0,1.0,"{""clf__C"": 10.0, ""clf__gamma_mult"": 1.0}",14.8426872
72,quantum/QRE-RBF-ref-SVM,quantum,3,1.0,1.0,"{""clf__C"": 1.0, ""clf__gamma_mult"": 4.0}",14.8426872
72,quantum/QRE-RBF-ref-SVM,quantum,4,1.0,1.0,"{""clf__C"": 10.0, ""clf__gamma_mult"": 1.0}",14.8426872
72,quantum/QRE-RBF-ref-SVM,quantum,5,0.7777777777777778,1.0,"{""clf__C"": 1.0, ""clf__gamma_mult"": 0.25}",14.8426872
72,quantum/QRE-RBF-ref-SVM,quantum,6,1.0,1.0,"{""clf__C"": 10.0, ""clf__gamma_mult"": 1.0}",14.8426872
72,quantum/QRE-RBF-ref-SVM,quantum,7,0.8888888888888888,1.0,"{""clf__C"": 10.0, ""clf__gamma_mult"": 1.0}",14.8426872
72,quantum/QRE-RBF-ref-SVM,quantum,8,0.8888888888888888,0.9500000000000001,"{""clf__C"": 10.0, ""clf__gamma_mult"": 1.0}",14.8426872
72,quantum/QRE-RBF-ref-SVM,quantum,9,1.0,1.0,"{""clf__C"": 1.0, ""clf__gamma_mult"": 4.0}",14.8426872
72,quantum/QRE-RBF-ref-SVM,quantum,10,0.8888888888888888,0.95,"{""clf__C"": 10.0, ""clf__gamma_mult"": 0.25}",14.8426872
72,quantum/QRE-RBF-ref-SVM,quantum,11,1.0,1.0,"{""clf__C"": 10.0, ""clf__gamma_mult"": 0.25}",14.8426872
72,quantum/QRE-RBF-ref-SVM,quantum,12,0.7777777777777778,0.95,"{""clf__C"": 10.0, ""clf__gamma_mult"": 1.0}",14.8426872
72,quantum/QRE-RBF-ref-SVM,quantum,13,1.0,1.0,"{""clf__C"": 1.0, ""clf__gamma_mult"": 4.0}",14.8426872
72,quantum/QRE-RBF-ref-SVM,quantum,14,1.0,1.0,"{""clf__C"": 10.0, ""clf__gamma_mult"": 1.0}",14.8426872
72,quantum/IQP-kernel-SVM,quantum,0,0.8888888888888888,0.95,"{""clf__C"": 10.0, ""clf__scale"": 0.5}",21.07405960000051
72,quantum/IQP-kernel-SVM,quantum,1,0.6666666666666666,1.0,"{""clf__C"": 1.0, ""clf__scale"": 0.5}",21.07405960000051
72,quantum/IQP-kernel-SVM,quantum,2,1.0,1.0,"{""clf__C"": 10.0, ""clf__scale"": 0.5}",21.07405960000051
72,quantum/IQP-kernel-SVM,quantum,3,1.0,1.0,"{""clf__C"": 10.0, ""clf__scale"": 0.5}",21.07405960000051
72,quantum/IQP-kernel-SVM,quantum,4,0.8888888888888888,0.9,"{""clf__C"": 1.0, ""clf__scale"": 0.5}",21.07405960000051
72,quantum/IQP-kernel-SVM,quantum,5,1.0,1.0,"{""clf__C"": 10.0, ""clf__scale"": 0.5}",21.07405960000051
72,quantum/IQP-kernel-SVM,quantum,6,1.0,1.0,"{""clf__C"": 10.0, ""clf__scale"": 0.5}",21.07405960000051
72,quantum/IQP-kernel-SVM,quantum,7,0.8888888888888888,1.0,"{""clf__C"": 10.0, ""clf__scale"": 0.5}",21.07405960000051
72,quantum/IQP-kernel-SVM,quantum,8,0.6666666666666666,0.8,"{""clf__C"": 1.0, ""clf__scale"": 0.5}",21.07405960000051
72,quantum/IQP-kernel-SVM,quantum,9,0.6666666666666666,0.7,"{""clf__C"": 10.0, ""clf__scale"": 0.5}",21.07405960000051
72,quantum/IQP-kernel-SVM,quantum,10,0.6666666666666666,0.75,"{""clf__C"": 10.0, ""clf__scale"": 0.5}",21.07405960000051
72,quantum/IQP-kernel-SVM,quantum,11,1.0,1.0,"{""clf__C"": 10.0, ""clf__scale"": 0.5}",21.07405960000051
72,quantum/IQP-kernel-SVM,quantum,12,0.7777777777777778,1.0,"{""clf__C"": 10.0, ""clf__scale"": 0.5}",21.07405960000051
72,quantum/IQP-kernel-SVM,quantum,13,1.0,1.0,"{""clf__C"": 1.0, ""clf__scale"": 0.5}",21.07405960000051
72,quantum/IQP-kernel-SVM,quantum,14,0.8888888888888888,0.9,"{""clf__C"": 10.0, ""clf__scale"": 0.5}",21.07405960000051
72,quantum/CNOT-kernel-SVM,quantum,0,1.0,1.0,"{""clf__C"": 10.0, ""clf__scale"": 0.5}",18.78245000000061
72,quantum/CNOT-kernel-SVM,quantum,1,0.7777777777777778,0.95,"{""clf__C"": 10.0, ""clf__scale"": 1.0}",18.78245000000061
72,quantum/CNOT-kernel-SVM,quantum,2,1.0,1.0,"{""clf__C"": 10.0, ""clf__scale"": 0.5}",18.78245000000061
72,quantum/CNOT-kernel-SVM,quantum,3,1.0,1.0,"{""clf__C"": 10.0, ""clf__scale"": 0.5}",18.78245000000061
72,quantum/CNOT-kernel-SVM,quantum,4,1.0,1.0,"{""clf__C"": 1.0, ""clf__scale"": 1.0}",18.78245000000061
72,quantum/CNOT-kernel-SVM,quantum,5,0.8888888888888888,1.0,"{""clf__C"": 10.0, ""clf__scale"": 1.0}",18.78245000000061
72,quantum/CNOT-kernel-SVM,quantum,6,1.0,1.0,"{""clf__C"": 10.0, ""clf__scale"": 0.5}",18.78245000000061
72,quantum/CNOT-kernel-SVM,quantum,7,1.0,1.0,"{""clf__C"": 10.0, ""clf__scale"": 0.5}",18.78245000000061
72,quantum/CNOT-kernel-SVM,quantum,8,1.0,1.0,"{""clf__C"": 10.0, ""clf__scale"": 0.5}",18.78245000000061
72,quantum/CNOT-kernel-SVM,quantum,9,1.0,1.0,"{""clf__C"": 10.0, ""clf__scale"": 0.5}",18.78245000000061
72,quantum/CNOT-kernel-SVM,quantum,10,0.8888888888888888,0.85,"{""clf__C"": 10.0, ""clf__scale"": 1.0}",18.78245000000061
72,quantum/CNOT-kernel-SVM,quantum,11,1.0,1.0,"{""clf__C"": 10.0, ""clf__scale"": 1.0}",18.78245000000061
72,quantum/CNOT-kernel-SVM,quantum,12,0.8888888888888888,1.0,"{""clf__C"": 10.0, ""clf__scale"": 0.5}",18.78245000000061
72,quantum/CNOT-kernel-SVM,quantum,13,1.0,1.0,"{""clf__C"": 10.0, ""clf__scale"": 0.5}",18.78245000000061
72,quantum/CNOT-kernel-SVM,quantum,14,1.0,1.0,"{""clf__C"": 10.0, ""clf__scale"": 0.5}",18.78245000000061
72,control/IQP-no-entangle,control,0,1.0,1.0,"{""clf__C"": 10.0, ""clf__scale"": 0.5}",17.178687000000537
72,control/IQP-no-entangle,control,1,0.7777777777777778,0.95,"{""clf__C"": 10.0, ""clf__scale"": 1.0}",17.178687000000537
72,control/IQP-no-entangle,control,2,1.0,1.0,"{""clf__C"": 10.0, ""clf__scale"": 1.0}",17.178687000000537
72,control/IQP-no-entangle,control,3,1.0,1.0,"{""clf__C"": 10.0, ""clf__scale"": 0.5}",17.178687000000537
72,control/IQP-no-entangle,control,4,1.0,1.0,"{""clf__C"": 10.0, ""clf__scale"": 0.5}",17.178687000000537
72,control/IQP-no-entangle,control,5,0.8888888888888888,1.0,"{""clf__C"": 10.0, ""clf__scale"": 0.5}",17.178687000000537
72,control/IQP-no-entangle,control,6,1.0,1.0,"{""clf__C"": 10.0, ""clf__scale"": 0.5}",17.178687000000537
72,control/IQP-no-entangle,control,7,1.0,1.0,"{""clf__C"": 10.0, ""clf__scale"": 0.5}",17.178687000000537
72,control/IQP-no-entangle,control,8,0.8888888888888888,0.9,"{""clf__C"": 1.0, ""clf__scale"": 1.0}",17.178687000000537
72,control/IQP-no-entangle,control,9,1.0,1.0,"{""clf__C"": 10.0, ""clf__scale"": 0.5}",17.178687000000537
72,control/IQP-no-entangle,control,10,0.7777777777777778,0.85,"{""clf__C"": 10.0, ""clf__scale"": 1.0}",17.178687000000537
72,control/IQP-no-entangle,control,11,1.0,1.0,"{""clf__C"": 10.0, ""clf__scale"": 0.5}",17.178687000000537
72,control/IQP-no-entangle,control,12,0.8888888888888888,1.0,"{""clf__C"": 10.0, ""clf__scale"": 0.5}",17.178687000000537
72,control/IQP-no-entangle,control,13,1.0,1.0,"{""clf__C"": 10.0, ""clf__scale"": 0.5}",17.178687000000537
72,control/IQP-no-entangle,control,14,1.0,1.0,"{""clf__C"": 1.0, ""clf__scale"": 0.5}",17.178687000000537
72,control/PCA-matched-RBF,control,0,1.0,1.0,"{""clf__C"": 10.0, ""clf__gamma"": 0.1}",13.717744699999457
72,control/PCA-matched-RBF,control,1,0.7777777777777778,1.0,"{""clf__C"": 10.0, ""clf__gamma"": ""scale""}",13.717744699999457
72,control/PCA-matched-RBF,control,2,1.0,1.0,"{""clf__C"": 10.0, ""clf__gamma"": 0.1}",13.717744699999457
72,control/PCA-matched-RBF,control,3,1.0,1.0,"{""clf__C"": 10.0, ""clf__gamma"": 0.1}",13.717744699999457
72,control/PCA-matched-RBF,control,4,1.0,1.0,"{""clf__C"": 10.0, ""clf__gamma"": ""scale""}",13.717744699999457
72,control/PCA-matched-RBF,control,5,1.0,1.0,"{""clf__C"": 10.0, ""clf__gamma"": 0.1}",13.717744699999457
72,control/PCA-matched-RBF,control,6,1.0,1.0,"{""clf__C"": 10.0, ""clf__gamma"": ""scale""}",13.717744699999457
72,control/PCA-matched-RBF,control,7,1.0,1.0,"{""clf__C"": 10.0, ""clf__gamma"": 0.1}",13.717744699999457
72,control/PCA-matched-RBF,control,8,0.8888888888888888,1.0,"{""clf__C"": 10.0, ""clf__gamma"": 0.1}",13.717744699999457
72,control/PCA-matched-RBF,control,9,1.0,1.0,"{""clf__C"": 10.0, ""clf__gamma"": 0.1}",13.717744699999457
72,control/PCA-matched-RBF,control,10,0.8888888888888888,0.85,"{""clf__C"": 10.0, ""clf__gamma"": ""scale""}",13.717744699999457
72,control/PCA-matched-RBF,control,11,1.0,1.0,"{""clf__C"": 10.0, ""clf__gamma"": ""scale""}",13.717744699999457
72,control/PCA-matched-RBF,control,12,1.0,1.0,"{""clf__C"": 10.0, ""clf__gamma"": ""scale""}",13.717744699999457
72,control/PCA-matched-RBF,control,13,1.0,1.0,"{""clf__C"": 10.0, ""clf__gamma"": 0.1}",13.717744699999457
72,control/PCA-matched-RBF,control,14,1.0,1.0,"{""clf__C"": 10.0, ""clf__gamma"": 0.1}",13.717744699999457
72,control/PCA-matched-linear,control,0,1.0,1.0,"{""clf__C"": 1.0}",4.990144600000349
72,control/PCA-matched-linear,control,1,1.0,1.0,"{""clf__C"": 10.0}",4.990144600000349
72,control/PCA-matched-linear,control,2,1.0,1.0,"{""clf__C"": 10.0}",4.990144600000349
72,control/PCA-matched-linear,control,3,1.0,1.0,"{""clf__C"": 1.0}",4.990144600000349
72,control/PCA-matched-linear,control,4,1.0,1.0,"{""clf__C"": 10.0}",4.990144600000349
72,control/PCA-matched-linear,control,5,1.0,1.0,"{""clf__C"": 10.0}",4.990144600000349
72,control/PCA-matched-linear,control,6,1.0,1.0,"{""clf__C"": 10.0}",4.990144600000349
72,control/PCA-matched-linear,control,7,1.0,1.0,"{""clf__C"": 10.0}",4.990144600000349
72,control/PCA-matched-linear,control,8,1.0,1.0,"{""clf__C"": 1.0}",4.990144600000349
72,control/PCA-matched-linear,control,9,1.0,1.0,"{""clf__C"": 10.0}",4.990144600000349
72,control/PCA-matched-linear,control,10,1.0,1.0,"{""clf__C"": 10.0}",4.990144600000349
72,control/PCA-matched-linear,control,11,1.0,1.0,"{""clf__C"": 1.0}",4.990144600000349
72,control/PCA-matched-linear,control,12,1.0,1.0,"{""clf__C"": 10.0}",4.990144600000349
72,control/PCA-matched-linear,control,13,1.0,1.0,"{""clf__C"": 10.0}",4.990144600000349
72,control/PCA-matched-linear,control,14,1.0,1.0,"{""clf__C"": 1.0}",4.990144600000349
72,control/logeuclid-TS+LR,control,0,1.0,1.0,"{""clf__C"": 10.0}",4.17053549999946
72,control/logeuclid-TS+LR,control,1,0.7777777777777778,0.95,"{""clf__C"": 10.0}",4.17053549999946
72,control/logeuclid-TS+LR,control,2,1.0,1.0,"{""clf__C"": 10.0}",4.17053549999946
72,control/logeuclid-TS+LR,control,3,1.0,1.0,"{""clf__C"": 1.0}",4.17053549999946
72,control/logeuclid-TS+LR,control,4,0.8888888888888888,1.0,"{""clf__C"": 1.0}",4.17053549999946
72,control/logeuclid-TS+LR,control,5,0.8888888888888888,1.0,"{""clf__C"": 1.0}",4.17053549999946
72,control/logeuclid-TS+LR,control,6,0.8888888888888888,1.0,"{""clf__C"": 10.0}",4.17053549999946
72,control/logeuclid-TS+LR,control,7,1.0,1.0,"{""clf__C"": 10.0}",4.17053549999946
72,control/logeuclid-TS+LR,control,8,0.7777777777777778,0.85,"{""clf__C"": 0.1}",4.17053549999946
72,control/logeuclid-TS+LR,control,9,0.8888888888888888,1.0,"{""clf__C"": 1.0}",4.17053549999946
72,control/logeuclid-TS+LR,control,10,0.6666666666666666,0.8,"{""clf__C"": 1.0}",4.17053549999946
72,control/logeuclid-TS+LR,control,11,1.0,1.0,"{""clf__C"": 1.0}",4.17053549999946
72,control/logeuclid-TS+LR,control,12,0.8888888888888888,1.0,"{""clf__C"": 1.0}",4.17053549999946
72,control/logeuclid-TS+LR,control,13,1.0,1.0,"{""clf__C"": 1.0}",4.17053549999946
72,control/logeuclid-TS+LR,control,14,1.0,1.0,"{""clf__C"": 1.0}",4.17053549999946
72,control/riemann-kernel-SVM,control,0,1.0,1.0,"{""clf__C"": 1.0}",4.557841099998768
72,control/riemann-kernel-SVM,control,1,1.0,1.0,"{""clf__C"": 1.0}",4.557841099998768
72,control/riemann-kernel-SVM,control,2,1.0,1.0,"{""clf__C"": 1.0}",4.557841099998768
72,control/riemann-kernel-SVM,control,3,1.0,1.0,"{""clf__C"": 1.0}",4.557841099998768
72,control/riemann-kernel-SVM,control,4,1.0,1.0,"{""clf__C"": 10.0}",4.557841099998768
72,control/riemann-kernel-SVM,control,5,1.0,1.0,"{""clf__C"": 1.0}",4.557841099998768
72,control/riemann-kernel-SVM,control,6,1.0,1.0,"{""clf__C"": 1.0}",4.557841099998768
72,control/riemann-kernel-SVM,control,7,1.0,1.0,"{""clf__C"": 10.0}",4.557841099998768
72,control/riemann-kernel-SVM,control,8,0.8888888888888888,1.0,"{""clf__C"": 10.0}",4.557841099998768
72,control/riemann-kernel-SVM,control,9,1.0,1.0,"{""clf__C"": 1.0}",4.557841099998768
72,control/riemann-kernel-SVM,control,10,1.0,1.0,"{""clf__C"": 1.0}",4.557841099998768
72,control/riemann-kernel-SVM,control,11,1.0,1.0,"{""clf__C"": 10.0}",4.557841099998768
72,control/riemann-kernel-SVM,control,12,0.8888888888888888,1.0,"{""clf__C"": 1.0}",4.557841099998768
72,control/riemann-kernel-SVM,control,13,1.0,1.0,"{""clf__C"": 10.0}",4.557841099998768
72,control/riemann-kernel-SVM,control,14,1.0,1.0,"{""clf__C"": 1.0}",4.557841099998768
72,control/logeuclid-kernel-SVM,control,0,0.8888888888888888,1.0,"{""clf__C"": 1.0}",4.457684900000459
72,control/logeuclid-kernel-SVM,control,1,0.8888888888888888,1.0,"{""clf__C"": 1.0}",4.457684900000459
72,control/logeuclid-kernel-SVM,control,2,1.0,1.0,"{""clf__C"": 1.0}",4.457684900000459
72,control/logeuclid-kernel-SVM,control,3,1.0,1.0,"{""clf__C"": 10.0}",4.457684900000459
72,control/logeuclid-kernel-SVM,control,4,1.0,1.0,"{""clf__C"": 10.0}",4.457684900000459
72,control/logeuclid-kernel-SVM,control,5,1.0,1.0,"{""clf__C"": 10.0}",4.457684900000459
72,control/logeuclid-kernel-SVM,control,6,1.0,1.0,"{""clf__C"": 1.0}",4.457684900000459
72,control/logeuclid-kernel-SVM,control,7,1.0,1.0,"{""clf__C"": 10.0}",4.457684900000459
72,control/logeuclid-kernel-SVM,control,8,0.8888888888888888,1.0,"{""clf__C"": 10.0}",4.457684900000459
72,control/logeuclid-kernel-SVM,control,9,1.0,1.0,"{""clf__C"": 10.0}",4.457684900000459
72,control/logeuclid-kernel-SVM,control,10,1.0,1.0,"{""clf__C"": 10.0}",4.457684900000459
72,control/logeuclid-kernel-SVM,control,11,1.0,1.0,"{""clf__C"": 10.0}",4.457684900000459
72,control/logeuclid-kernel-SVM,control,12,0.8888888888888888,1.0,"{""clf__C"": 1.0}",4.457684900000459
72,control/logeuclid-kernel-SVM,control,13,1.0,1.0,"{""clf__C"": 1.0}",4.457684900000459
72,control/logeuclid-kernel-SVM,control,14,0.8888888888888888,1.0,"{""clf__C"": 1.0}",4.457684900000459
73,classical/logvar+LDA,classical,0,0.4444444444444444,0.6000000000000001,{},0.0848494000001665
73,classical/logvar+LDA,classical,1,0.4444444444444444,0.65,{},0.0848494000001665
73,classical/logvar+LDA,classical,2,0.7777777777777778,0.9500000000000001,{},0.0848494000001665
73,classical/logvar+LDA,classical,3,0.5555555555555556,0.75,{},0.0848494000001665
73,classical/logvar+LDA,classical,4,0.6666666666666666,0.49999999999999994,{},0.0848494000001665
73,classical/logvar+LDA,classical,5,0.6666666666666666,0.65,{},0.0848494000001665
73,classical/logvar+LDA,classical,6,0.5555555555555556,0.8,{},0.0848494000001665
73,classical/logvar+LDA,classical,7,0.4444444444444444,0.65,{},0.0848494000001665
73,classical/logvar+LDA,classical,8,0.4444444444444444,0.7,{},0.0848494000001665
73,classical/logvar+LDA,classical,9,0.5555555555555556,0.7,{},0.0848494000001665
73,classical/logvar+LDA,classical,10,0.6666666666666666,0.85,{},0.0848494000001665
73,classical/logvar+LDA,classical,11,0.5555555555555556,0.75,{},0.0848494000001665
73,classical/logvar+LDA,classical,12,1.0,1.0,{},0.0848494000001665
73,classical/logvar+LDA,classical,13,0.4444444444444444,0.5,{},0.0848494000001665
73,classical/logvar+LDA,classical,14,0.3333333333333333,0.45,{},0.0848494000001665
73,classical/CSP+LDA,classical,0,0.5555555555555556,0.65,"{""csp__nfilter"": 6}",3.9043894999995246
73,classical/CSP+LDA,classical,1,0.5555555555555556,0.6,"{""csp__nfilter"": 4}",3.9043894999995246
73,classical/CSP+LDA,classical,2,0.5555555555555556,0.8500000000000001,"{""csp__nfilter"": 4}",3.9043894999995246
73,classical/CSP+LDA,classical,3,0.5555555555555556,0.35000000000000003,"{""csp__nfilter"": 6}",3.9043894999995246
73,classical/CSP+LDA,classical,4,0.3333333333333333,0.3,"{""csp__nfilter"": 2}",3.9043894999995246
73,classical/CSP+LDA,classical,5,0.6666666666666666,0.75,"{""csp__nfilter"": 4}",3.9043894999995246
73,classical/CSP+LDA,classical,6,0.3333333333333333,0.6,"{""csp__nfilter"": 6}",3.9043894999995246
73,classical/CSP+LDA,classical,7,0.3333333333333333,0.44999999999999996,"{""csp__nfilter"": 6}",3.9043894999995246
73,classical/CSP+LDA,classical,8,0.4444444444444444,0.55,"{""csp__nfilter"": 2}",3.9043894999995246
73,classical/CSP+LDA,classical,9,0.8888888888888888,0.85,"{""csp__nfilter"": 4}",3.9043894999995246
73,classical/CSP+LDA,classical,10,0.3333333333333333,0.39999999999999997,"{""csp__nfilter"": 2}",3.9043894999995246
73,classical/CSP+LDA,classical,11,0.5555555555555556,0.75,"{""csp__nfilter"": 6}",3.9043894999995246
73,classical/CSP+LDA,classical,12,0.8888888888888888,0.9500000000000001,"{""csp__nfilter"": 6}",3.9043894999995246
73,classical/CSP+LDA,classical,13,0.4444444444444444,0.55,"{""csp__nfilter"": 4}",3.9043894999995246
73,classical/CSP+LDA,classical,14,0.3333333333333333,0.45,"{""csp__nfilter"": 6}",3.9043894999995246
73,classical/MDM,classical,0,0.5555555555555556,0.5,{},0.4823980000001029
73,classical/MDM,classical,1,0.2222222222222222,0.39999999999999997,{},0.4823980000001029
73,classical/MDM,classical,2,0.6666666666666666,0.7,{},0.4823980000001029
73,classical/MDM,classical,3,0.5555555555555556,0.30000000000000004,{},0.4823980000001029
73,classical/MDM,classical,4,0.4444444444444444,0.2,{},0.4823980000001029
73,classical/MDM,classical,5,0.7777777777777778,0.75,{},0.4823980000001029
73,classical/MDM,classical,6,0.6666666666666666,0.8,{},0.4823980000001029
73,classical/MDM,classical,7,0.3333333333333333,0.35,{},0.4823980000001029
73,classical/MDM,classical,8,0.3333333333333333,0.25,{},0.4823980000001029
73,classical/MDM,classical,9,0.5555555555555556,0.65,{},0.4823980000001029
73,classical/MDM,classical,10,0.3333333333333333,0.44999999999999996,{},0.4823980000001029
73,classical/MDM,classical,11,0.5555555555555556,0.65,{},0.4823980000001029
73,classical/MDM,classical,12,0.6666666666666666,0.75,{},0.4823980000001029
73,classical/MDM,classical,13,0.4444444444444444,0.65,{},0.4823980000001029
73,classical/MDM,classical,14,0.5555555555555556,0.6499999999999999,{},0.4823980000001029
73,classical/TS+LR,classical,0,0.3333333333333333,0.5,"{""clf__C"": 1.0}",4.756970799999181
73,classical/TS+LR,classical,1,0.3333333333333333,0.44999999999999996,"{""clf__C"": 1.0}",4.756970799999181
73,classical/TS+LR,classical,2,0.5555555555555556,0.55,"{""clf__C"": 0.1}",4.756970799999181
73,classical/TS+LR,classical,3,0.5555555555555556,0.4,"{""clf__C"": 0.1}",4.756970799999181
73,classical/TS+LR,classical,4,0.5555555555555556,0.45,"{""clf__C"": 0.1}",4.756970799999181
73,classical/TS+LR,classical,5,0.4444444444444444,0.45,"{""clf__C"": 0.1}",4.756970799999181
73,classical/TS+LR,classical,6,0.6666666666666666,0.65,"{""clf__C"": 1.0}",4.756970799999181
73,classical/TS+LR,classical,7,0.4444444444444444,0.3,"{""clf__C"": 0.1}",4.756970799999181
73,classical/TS+LR,classical,8,0.3333333333333333,0.0,"{""clf__C"": 1.0}",4.756970799999181
73,classical/TS+LR,classical,9,0.8888888888888888,0.9,"{""clf__C"": 0.1}",4.756970799999181
73,classical/TS+LR,classical,10,0.5555555555555556,0.5,"{""clf__C"": 0.1}",4.756970799999181
73,classical/TS+LR,classical,11,0.6666666666666666,0.49999999999999994,"{""clf__C"": 10.0}",4.756970799999181
73,classical/TS+LR,classical,12,0.7777777777777778,0.9,"{""clf__C"": 0.1}",4.756970799999181
73,classical/TS+LR,classical,13,0.4444444444444444,0.55,"{""clf__C"": 0.1}",4.756970799999181
73,classical/TS+LR,classical,14,0.4444444444444444,0.45,"{""clf__C"": 0.1}",4.756970799999181
73,classical/TS+RBF-SVM,classical,0,0.5555555555555556,0.65,"{""clf__C"": 10.0, ""clf__gamma"": ""scale""}",12.620871200000693
73,classical/TS+RBF-SVM,classical,1,0.6666666666666666,0.65,"{""clf__C"": 10.0, ""clf__gamma"": 0.1}",12.620871200000693
73,classical/TS+RBF-SVM,classical,2,0.6666666666666666,0.6,"{""clf__C"": 1.0, ""clf__gamma"": ""scale""}",12.620871200000693
73,classical/TS+RBF-SVM,classical,3,0.5555555555555556,0.4,"{""clf__C"": 1.0, ""clf__gamma"": 0.01}",12.620871200000693
73,classical/TS+RBF-SVM,classical,4,0.2222222222222222,0.35,"{""clf__C"": 1.0, ""clf__gamma"": ""scale""}",12.620871200000693
73,classical/TS+RBF-SVM,classical,5,0.7777777777777778,0.75,"{""clf__C"": 10.0, ""clf__gamma"": 0.1}",12.620871200000693
73,classical/TS+RBF-SVM,classical,6,0.5555555555555556,0.7000000000000001,"{""clf__C"": 1.0, ""clf__gamma"": 0.1}",12.620871200000693
73,classical/TS+RBF-SVM,classical,7,0.3333333333333333,0.3,"{""clf__C"": 1.0, ""clf__gamma"": ""scale""}",12.620871200000693
73,classical/TS+RBF-SVM,classical,8,0.4444444444444444,0.55,"{""clf__C"": 1.0, ""clf__gamma"": 0.1}",12.620871200000693
73,classical/TS+RBF-SVM,classical,9,0.4444444444444444,0.75,"{""clf__C"": 1.0, ""clf__gamma"": 0.1}",12.620871200000693
73,classical/TS+RBF-SVM,classical,10,0.4444444444444444,0.45,"{""clf__C"": 1.0, ""clf__gamma"": 0.01}",12.620871200000693
73,classical/TS+RBF-SVM,classical,11,0.4444444444444444,0.5,"{""clf__C"": 1.0, ""clf__gamma"": 0.01}",12.620871200000693
73,classical/TS+RBF-SVM,classical,12,0.8888888888888888,0.8500000000000001,"{""clf__C"": 10.0, ""clf__gamma"": 0.01}",12.620871200000693
73,classical/TS+RBF-SVM,classical,13,0.3333333333333333,0.6,"{""clf__C"": 10.0, ""clf__gamma"": ""scale""}",12.620871200000693
73,classical/TS+RBF-SVM,classical,14,0.4444444444444444,0.5,"{""clf__C"": 1.0, ""clf__gamma"": 0.1}",12.620871200000693
73,quantum/HS-overlap-SVM,quantum,0,0.3333333333333333,0.3,"{""clf__C"": 0.1}",3.819808099999136
73,quantum/HS-overlap-SVM,quantum,1,0.6666666666666666,0.55,"{""clf__C"": 0.1}",3.819808099999136
73,quantum/HS-overlap-SVM,quantum,2,0.4444444444444444,0.65,"{""clf__C"": 0.1}",3.819808099999136
73,quantum/HS-overlap-SVM,quantum,3,0.4444444444444444,0.35,"{""clf__C"": 0.1}",3.819808099999136
73,quantum/HS-overlap-SVM,quantum,4,0.4444444444444444,0.2,"{""clf__C"": 10.0}",3.819808099999136
73,quantum/HS-overlap-SVM,quantum,5,0.2222222222222222,0.19999999999999998,"{""clf__C"": 0.1}",3.819808099999136
73,quantum/HS-overlap-SVM,quantum,6,0.5555555555555556,0.65,"{""clf__C"": 0.1}",3.819808099999136
73,quantum/HS-overlap-SVM,quantum,7,0.4444444444444444,0.09999999999999998,"{""clf__C"": 0.1}",3.819808099999136
73,quantum/HS-overlap-SVM,quantum,8,0.4444444444444444,0.39999999999999997,"{""clf__C"": 0.1}",3.819808099999136
73,quantum/HS-overlap-SVM,quantum,9,0.4444444444444444,0.55,"{""clf__C"": 0.1}",3.819808099999136
73,quantum/HS-overlap-SVM,quantum,10,0.6666666666666666,0.7000000000000001,"{""clf__C"": 0.1}",3.819808099999136
73,quantum/HS-overlap-SVM,quantum,11,0.4444444444444444,0.44999999999999996,"{""clf__C"": 0.1}",3.819808099999136
73,quantum/HS-overlap-SVM,quantum,12,0.5555555555555556,0.85,"{""clf__C"": 0.1}",3.819808099999136
73,quantum/HS-overlap-SVM,quantum,13,0.4444444444444444,0.6000000000000001,"{""clf__C"": 0.1}",3.819808099999136
73,quantum/HS-overlap-SVM,quantum,14,0.4444444444444444,0.5,"{""clf__C"": 0.1}",3.819808099999136
73,quantum/Fidelity-SVM,quantum,0,0.3333333333333333,0.3,"{""clf__C"": 10.0}",5.249674099999538
73,quantum/Fidelity-SVM,quantum,1,0.5555555555555556,0.55,"{""clf__C"": 0.1}",5.249674099999538
73,quantum/Fidelity-SVM,quantum,2,0.6666666666666666,0.75,"{""clf__C"": 0.1}",5.249674099999538
73,quantum/Fidelity-SVM,quantum,3,0.4444444444444444,0.35,"{""clf__C"": 0.1}",5.249674099999538
73,quantum/Fidelity-SVM,quantum,4,0.4444444444444444,0.2,"{""clf__C"": 0.1}",5.249674099999538
73,quantum/Fidelity-SVM,quantum,5,0.2222222222222222,0.19999999999999998,"{""clf__C"": 0.1}",5.249674099999538
73,quantum/Fidelity-SVM,quantum,6,0.5555555555555556,0.6,"{""clf__C"": 0.1}",5.249674099999538
73,quantum/Fidelity-SVM,quantum,7,0.4444444444444444,0.09999999999999998,"{""clf__C"": 0.1}",5.249674099999538
73,quantum/Fidelity-SVM,quantum,8,0.4444444444444444,0.5,"{""clf__C"": 0.1}",5.249674099999538
73,quantum/Fidelity-SVM,quantum,9,0.4444444444444444,0.6000000000000001,"{""clf__C"": 0.1}",5.249674099999538
73,quantum/Fidelity-SVM,quantum,10,0.5555555555555556,0.7000000000000001,"{""clf__C"": 0.1}",5.249674099999538
73,quantum/Fidelity-SVM,quantum,11,0.4444444444444444,0.44999999999999996,"{""clf__C"": 0.1}",5.249674099999538
73,quantum/Fidelity-SVM,quantum,12,0.5555555555555556,0.75,"{""clf__C"": 0.1}",5.249674099999538
73,quantum/Fidelity-SVM,quantum,13,0.4444444444444444,0.6000000000000001,"{""clf__C"": 0.1}",5.249674099999538
73,quantum/Fidelity-SVM,quantum,14,0.4444444444444444,0.5,"{""clf__C"": 0.1}",5.249674099999538
73,quantum/HS-RBF-SVM,quantum,0,0.4444444444444444,0.55,"{""clf__C"": 10.0, ""clf__gamma_mult"": 1.0}",10.706708600000638
73,quantum/HS-RBF-SVM,quantum,1,0.3333333333333333,0.2,"{""clf__C"": 10.0, ""clf__gamma_mult"": 1.0}",10.706708600000638
73,quantum/HS-RBF-SVM,quantum,2,0.4444444444444444,0.6,"{""clf__C"": 0.1, ""clf__gamma_mult"": 0.25}",10.706708600000638
73,quantum/HS-RBF-SVM,quantum,3,0.5555555555555556,0.45000000000000007,"{""clf__C"": 10.0, ""clf__gamma_mult"": 1.0}",10.706708600000638
73,quantum/HS-RBF-SVM,quantum,4,0.2222222222222222,0.05,"{""clf__C"": 1.0, ""clf__gamma_mult"": 4.0}",10.706708600000638
73,quantum/HS-RBF-SVM,quantum,5,0.2222222222222222,0.35,"{""clf__C"": 10.0, ""clf__gamma_mult"": 0.25}",10.706708600000638
73,quantum/HS-RBF-SVM,quantum,6,0.4444444444444444,0.5,"{""clf__C"": 1.0, ""clf__gamma_mult"": 4.0}",10.706708600000638
73,quantum/HS-RBF-SVM,quantum,7,0.3333333333333333,0.35,"{""clf__C"": 10.0, ""clf__gamma_mult"": 1.0}",10.706708600000638
73,quantum/HS-RBF-SVM,quantum,8,0.4444444444444444,0.8,"{""clf__C"": 0.1, ""clf__gamma_mult"": 0.25}",10.706708600000638
73,quantum/HS-RBF-SVM,quantum,9,0.4444444444444444,0.65,"{""clf__C"": 0.1, ""clf__gamma_mult"": 0.25}",10.706708600000638
73,quantum/HS-RBF-SVM,quantum,10,0.3333333333333333,0.45,"{""clf__C"": 10.0, ""clf__gamma_mult"": 1.0}",10.706708600000638
73,quantum/HS-RBF-SVM,quantum,11,0.6666666666666666,0.7,"{""clf__C"": 10.0, ""clf__gamma_mult"": 0.25}",10.706708600000638
73,quantum/HS-RBF-SVM,quantum,12,0.6666666666666666,0.7000000000000001,"{""clf__C"": 10.0, ""clf__gamma_mult"": 1.0}",10.706708600000638
73,quantum/HS-RBF-SVM,quantum,13,0.4444444444444444,0.3,"{""clf__C"": 1.0, ""clf__gamma_mult"": 4.0}",10.706708600000638
73,quantum/HS-RBF-SVM,quantum,14,0.4444444444444444,0.35,"{""clf__C"": 1.0, ""clf__gamma_mult"": 4.0}",10.706708600000638
73,quantum/Bures-RBF-SVM,quantum,0,0.4444444444444444,0.65,"{""clf__C"": 10.0, ""clf__gamma_mult"": 0.25}",14.164331299998594
73,quantum/Bures-RBF-SVM,quantum,1,0.3333333333333333,0.15,"{""clf__C"": 10.0, ""clf__gamma_mult"": 1.0}",14.164331299998594
73,quantum/Bures-RBF-SVM,quantum,2,0.4444444444444444,0.6,"{""clf__C"": 0.1, ""clf__gamma_mult"": 0.25}",14.164331299998594
73,quantum/Bures-RBF-SVM,quantum,3,0.5555555555555556,0.5,"{""clf__C"": 10.0, ""clf__gamma_mult"": 1.0}",14.164331299998594
73,quantum/Bures-RBF-SVM,quantum,4,0.2222222222222222,0.05,"{""clf__C"": 1.0, ""clf__gamma_mult"": 4.0}",14.164331299998594
73,quantum/Bures-RBF-SVM,quantum,5,0.2222222222222222,0.35,"{""clf__C"": 10.0, ""clf__gamma_mult"": 0.25}",14.164331299998594
73,quantum/Bures-RBF-SVM,quantum,6,0.5555555555555556,0.5,"{""clf__C"": 1.0, ""clf__gamma_mult"": 1.0}",14.164331299998594
73,quantum/Bures-RBF-SVM,quantum,7,0.3333333333333333,0.35,"{""clf__C"": 10.0, ""clf__gamma_mult"": 1.0}",14.164331299998594
73,quantum/Bures-RBF-SVM,quantum,8,0.4444444444444444,0.8,"{""clf__C"": 0.1, ""clf__gamma_mult"": 0.25}",14.164331299998594
73,quantum/Bures-RBF-SVM,quantum,9,0.4444444444444444,0.65,"{""clf__C"": 0.1, ""clf__gamma_mult"": 0.25}",14.164331299998594
73,quantum/Bures-RBF-SVM,quantum,10,0.4444444444444444,0.45,"{""clf__C"": 10.0, ""clf__gamma_mult"": 1.0}",14.164331299998594
73,quantum/Bures-RBF-SVM,quantum,11,0.5555555555555556,0.55,"{""clf__C"": 1.0, ""clf__gamma_mult"": 0.25}",14.164331299998594
73,quantum/Bures-RBF-SVM,quantum,12,0.1111111111111111,0.14999999999999997,"{""clf__C"": 10.0, ""clf__gamma_mult"": 4.0}",14.164331299998594
73,quantum/Bures-RBF-SVM,quantum,13,0.3333333333333333,0.6,"{""clf__C"": 1.0, ""clf__gamma_mult"": 1.0}",14.164331299998594
73,quantum/Bures-RBF-SVM,quantum,14,0.4444444444444444,0.35,"{""clf__C"": 1.0, ""clf__gamma_mult"": 4.0}",14.164331299998594
73,quantum/QRE-RBF-SVM,quantum,0,0.4444444444444444,0.6,"{""clf__C"": 10.0, ""clf__gamma_mult"": 1.0}",12.645760199999131
73,quantum/QRE-RBF-SVM,quantum,1,0.1111111111111111,0.0,"{""clf__C"": 10.0, ""clf__gamma_mult"": 4.0}",12.645760199999131
73,quantum/QRE-RBF-SVM,quantum,2,0.4444444444444444,0.6,"{""clf__C"": 0.1, ""clf__gamma_mult"": 0.25}",12.645760199999131
73,quantum/QRE-RBF-SVM,quantum,3,0.5555555555555556,0.55,"{""clf__C"": 10.0, ""clf__gamma_mult"": 1.0}",12.645760199999131
73,quantum/QRE-RBF-SVM,quantum,4,0.2222222222222222,0.05,"{""clf__C"": 1.0, ""clf__gamma_mult"": 4.0}",12.645760199999131
73,quantum/QRE-RBF-SVM,quantum,5,0.2222222222222222,0.35,"{""clf__C"": 10.0, ""clf__gamma_mult"": 0.25}",12.645760199999131
73,quantum/QRE-RBF-SVM,quantum,6,0.5555555555555556,0.55,"{""clf__C"": 1.0, ""clf__gamma_mult"": 1.0}",12.645760199999131
73,quantum/QRE-RBF-SVM,quantum,7,0.5555555555555556,0.4,"{""clf__C"": 10.0, ""clf__gamma_mult"": 0.25}",12.645760199999131
73,quantum/QRE-RBF-SVM,quantum,8,0.6666666666666666,0.75,"{""clf__C"": 10.0, ""clf__gamma_mult"": 0.25}",12.645760199999131
73,quantum/QRE-RBF-SVM,quantum,9,0.4444444444444444,0.65,"{""clf__C"": 0.1, ""clf__gamma_mult"": 0.25}",12.645760199999131
73,quantum/QRE-RBF-SVM,quantum,10,0.4444444444444444,0.45,"{""clf__C"": 10.0, ""clf__gamma_mult"": 1.0}",12.645760199999131
73,quantum/QRE-RBF-SVM,quantum,11,0.5555555555555556,0.55,"{""clf__C"": 1.0, ""clf__gamma_mult"": 0.25}",12.645760199999131
73,quantum/QRE-RBF-SVM,quantum,12,0.1111111111111111,0.14999999999999997,"{""clf__C"": 10.0, ""clf__gamma_mult"": 4.0}",12.645760199999131
73,quantum/QRE-RBF-SVM,quantum,13,0.3333333333333333,0.6,"{""clf__C"": 1.0, ""clf__gamma_mult"": 1.0}",12.645760199999131
73,quantum/QRE-RBF-SVM,quantum,14,0.4444444444444444,0.35,"{""clf__C"": 1.0, ""clf__gamma_mult"": 4.0}",12.645760199999131
73,quantum/HS-overlap-ref-SVM,quantum,0,0.5555555555555556,0.8,"{""clf__C"": 10.0}",4.530979400000433
73,quantum/HS-overlap-ref-SVM,quantum,1,0.6666666666666666,0.6,"{""clf__C"": 10.0}",4.530979400000433
73,quantum/HS-overlap-ref-SVM,quantum,2,0.6666666666666666,0.9500000000000001,"{""clf__C"": 10.0}",4.530979400000433
73,quantum/HS-overlap-ref-SVM,quantum,3,0.6666666666666666,0.65,"{""clf__C"": 10.0}",4.530979400000433
73,quantum/HS-overlap-ref-SVM,quantum,4,0.5555555555555556,0.7,"{""clf__C"": 10.0}",4.530979400000433
73,quantum/HS-overlap-ref-SVM,quantum,5,0.4444444444444444,0.7,"{""clf__C"": 10.0}",4.530979400000433
73,quantum/HS-overlap-ref-SVM,quantum,6,0.5555555555555556,0.6,"{""clf__C"": 10.0}",4.530979400000433
73,quantum/HS-overlap-ref-SVM,quantum,7,0.5555555555555556,0.35,"{""clf__C"": 10.0}",4.530979400000433
73,quantum/HS-overlap-ref-SVM,quantum,8,0.4444444444444444,0.25,"{""clf__C"": 10.0}",4.530979400000433
73,quantum/HS-overlap-ref-SVM,quantum,9,0.4444444444444444,0.85,"{""clf__C"": 0.1}",4.530979400000433
73,quantum/HS-overlap-ref-SVM,quantum,10,0.5555555555555556,0.55,"{""clf__C"": 10.0}",4.530979400000433
73,quantum/HS-overlap-ref-SVM,quantum,11,0.8888888888888888,0.9,"{""clf__C"": 10.0}",4.530979400000433
73,quantum/HS-overlap-ref-SVM,quantum,12,0.7777777777777778,0.8500000000000001,"{""clf__C"": 10.0}",4.530979400000433
73,quantum/HS-overlap-ref-SVM,quantum,13,0.5555555555555556,0.55,"{""clf__C"": 10.0}",4.530979400000433
73,quantum/HS-overlap-ref-SVM,quantum,14,0.5555555555555556,0.5,"{""clf__C"": 10.0}",4.530979400000433
73,quantum/Fidelity-ref-SVM,quantum,0,0.5555555555555556,0.85,"{""clf__C"": 10.0}",6.408632399999988
73,quantum/Fidelity-ref-SVM,quantum,1,0.4444444444444444,0.55,"{""clf__C"": 10.0}",6.408632399999988
73,quantum/Fidelity-ref-SVM,quantum,2,0.7777777777777778,0.9,"{""clf__C"": 10.0}",6.408632399999988
73,quantum/Fidelity-ref-SVM,quantum,3,0.4444444444444444,0.75,"{""clf__C"": 0.1}",6.408632399999988
73,quantum/Fidelity-ref-SVM,quantum,4,0.6666666666666666,0.8,"{""clf__C"": 10.0}",6.408632399999988
73,quantum/Fidelity-ref-SVM,quantum,5,0.5555555555555556,0.7,"{""clf__C"": 10.0}",6.408632399999988
73,quantum/Fidelity-ref-SVM,quantum,6,0.5555555555555556,0.55,"{""clf__C"": 10.0}",6.408632399999988
73,quantum/Fidelity-ref-SVM,quantum,7,0.5555555555555556,0.44999999999999996,"{""clf__C"": 10.0}",6.408632399999988
73,quantum/Fidelity-ref-SVM,quantum,8,0.3333333333333333,0.3,"{""clf__C"": 10.0}",6.408632399999988
73,quantum/Fidelity-ref-SVM,quantum,9,0.4444444444444444,0.85,"{""clf__C"": 0.1}",6.408632399999988
73,quantum/Fidelity-ref-SVM,quantum,10,0.5555555555555556,0.49999999999999994,"{""clf__C"": 10.0}",6.408632399999988
73,quantum/Fidelity-ref-SVM,quantum,11,0.7777777777777778,0.8500000000000001,"{""clf__C"": 10.0}",6.408632399999988
73,quantum/Fidelity-ref-SVM,quantum,12,0.5555555555555556,0.9500000000000001,"{""clf__C"": 0.1}",6.408632399999988
73,quantum/Fidelity-ref-SVM,quantum,13,0.4444444444444444,0.6,"{""clf__C"": 10.0}",6.408632399999988
73,quantum/Fidelity-ref-SVM,quantum,14,0.4444444444444444,0.6,"{""clf__C"": 10.0}",6.408632399999988
73,quantum/HS-RBF-ref-SVM,quantum,0,0.5555555555555556,0.75,"{""clf__C"": 1.0, ""clf__gamma_mult"": 1.0}",12.789681399999608
73,quantum/HS-RBF-ref-SVM,quantum,1,0.5555555555555556,0.5,"{""clf__C"": 10.0, ""clf__gamma_mult"": 1.0}",12.789681399999608
73,quantum/HS-RBF-ref-SVM,quantum,2,0.7777777777777778,0.8,"{""clf__C"": 1.0, ""clf__gamma_mult"": 0.25}",12.789681399999608
73,quantum/HS-RBF-ref-SVM,quantum,3,0.5555555555555556,0.6000000000000001,"{""clf__C"": 10.0, ""clf__gamma_mult"": 0.25}",12.789681399999608
73,quantum/HS-RBF-ref-SVM,quantum,4,0.5555555555555556,0.7,"{""clf__C"": 1.0, ""clf__gamma_mult"": 1.0}",12.789681399999608
73,quantum/HS-RBF-ref-SVM,quantum,5,0.6666666666666666,0.75,"{""clf__C"": 1.0, ""clf__gamma_mult"": 0.25}",12.789681399999608
73,quantum/HS-RBF-ref-SVM,quantum,6,0.5555555555555556,0.6,"{""clf__C"": 10.0, ""clf__gamma_mult"": 0.25}",12.789681399999608
73,quantum/HS-RBF-ref-SVM,quantum,7,0.4444444444444444,0.3,"{""clf__C"": 1.0, ""clf__gamma_mult"": 4.0}",12.789681399999608
73,quantum/HS-RBF-ref-SVM,quantum,8,0.4444444444444444,0.4,"{""clf__C"": 10.0, ""clf__gamma_mult"": 1.0}",12.789681399999608
73,quantum/HS-RBF-ref-SVM,quantum,9,0.4444444444444444,0.85,"{""clf__C"": 0.1, ""clf__gamma_mult"": 0.25}",12.789681399999608
73,quantum/HS-RBF-ref-SVM,quantum,10,0.5555555555555556,0.55,"{""clf__C"": 1.0, ""clf__gamma_mult"": 1.0}",12.789681399999608
73,quantum/HS-RBF-ref-SVM,quantum,11,0.6666666666666666,0.8,"{""clf__C"": 1.0, ""clf__gamma_mult"": 0.25}",12.789681399999608
73,quantum/HS-RBF-ref-SVM,quantum,12,0.7777777777777778,0.8500000000000001,"{""clf__C"": 10.0, ""clf__gamma_mult"": 1.0}",12.789681399999608
73,quantum/HS-RBF-ref-SVM,quantum,13,0.5555555555555556,0.5,"{""clf__C"": 10.0, ""clf__gamma_mult"": 0.25}",12.789681399999608
73,quantum/HS-RBF-ref-SVM,quantum,14,0.5555555555555556,0.49999999999999994,"{""clf__C"": 1.0, ""clf__gamma_mult"": 1.0}",12.789681399999608
73,quantum/Bures-RBF-ref-SVM,quantum,0,0.6666666666666666,0.8,"{""clf__C"": 1.0, ""clf__gamma_mult"": 1.0}",17.050964100000783
73,quantum/Bures-RBF-ref-SVM,quantum,1,0.5555555555555556,0.5,"{""clf__C"": 10.0, ""clf__gamma_mult"": 1.0}",17.050964100000783
73,quantum/Bures-RBF-ref-SVM,quantum,2,0.7777777777777778,0.7,"{""clf__C"": 1.0, ""clf__gamma_mult"": 0.25}",17.050964100000783
73,quantum/Bures-RBF-ref-SVM,quantum,3,0.5555555555555556,0.6000000000000001,"{""clf__C"": 10.0, ""clf__gamma_mult"": 0.25}",17.050964100000783
73,quantum/Bures-RBF-ref-SVM,quantum,4,0.5555555555555556,0.75,"{""clf__C"": 1.0, ""clf__gamma_mult"": 1.0}",17.050964100000783
73,quantum/Bures-RBF-ref-SVM,quantum,5,0.5555555555555556,0.75,"{""clf__C"": 1.0, ""clf__gamma_mult"": 0.25}",17.050964100000783
73,quantum/Bures-RBF-ref-SVM,quantum,6,0.5555555555555556,0.55,"{""clf__C"": 10.0, ""clf__gamma_mult"": 0.25}",17.050964100000783
73,quantum/Bures-RBF-ref-SVM,quantum,7,0.4444444444444444,0.35,"{""clf__C"": 10.0, ""clf__gamma_mult"": 0.25}",17.050964100000783
73,quantum/Bures-RBF-ref-SVM,quantum,8,0.2222222222222222,0.35,"{""clf__C"": 1.0, ""clf__gamma_mult"": 1.0}",17.050964100000783
73,quantum/Bures-RBF-ref-SVM,quantum,9,0.4444444444444444,0.85,"{""clf__C"": 0.1, ""clf__gamma_mult"": 0.25}",17.050964100000783
73,quantum/Bures-RBF-ref-SVM,quantum,10,0.3333333333333333,0.44999999999999996,"{""clf__C"": 1.0, ""clf__gamma_mult"": 0.25}",17.050964100000783
73,quantum/Bures-RBF-ref-SVM,quantum,11,0.6666666666666666,0.7,"{""clf__C"": 1.0, ""clf__gamma_mult"": 0.25}",17.050964100000783
73,quantum/Bures-RBF-ref-SVM,quantum,12,0.6666666666666666,0.8500000000000001,"{""clf__C"": 10.0, ""clf__gamma_mult"": 1.0}",17.050964100000783
73,quantum/Bures-RBF-ref-SVM,quantum,13,0.5555555555555556,0.5,"{""clf__C"": 10.0, ""clf__gamma_mult"": 0.25}",17.050964100000783
73,quantum/Bures-RBF-ref-SVM,quantum,14,0.5555555555555556,0.49999999999999994,"{""clf__C"": 1.0, ""clf__gamma_mult"": 1.0}",17.050964100000783
73,quantum/QRE-RBF-ref-SVM,quantum,0,0.6666666666666666,0.8,"{""clf__C"": 1.0, ""clf__gamma_mult"": 1.0}",14.834054599999945
73,quantum/QRE-RBF-ref-SVM,quantum,1,0.6666666666666666,0.55,"{""clf__C"": 10.0, ""clf__gamma_mult"": 0.25}",14.834054599999945
73,quantum/QRE-RBF-ref-SVM,quantum,2,0.7777777777777778,0.7,"{""clf__C"": 1.0, ""clf__gamma_mult"": 0.25}",14.834054599999945
73,quantum/QRE-RBF-ref-SVM,quantum,3,0.5555555555555556,0.6000000000000001,"{""clf__C"": 10.0, ""clf__gamma_mult"": 0.25}",14.834054599999945
73,quantum/QRE-RBF-ref-SVM,quantum,4,0.5555555555555556,0.7,"{""clf__C"": 1.0, ""clf__gamma_mult"": 1.0}",14.834054599999945
73,quantum/QRE-RBF-ref-SVM,quantum,5,0.5555555555555556,0.7,"{""clf__C"": 1.0, ""clf__gamma_mult"": 1.0}",14.834054599999945
73,quantum/QRE-RBF-ref-SVM,quantum,6,0.5555555555555556,0.55,"{""clf__C"": 10.0, ""clf__gamma_mult"": 0.25}",14.834054599999945
73,quantum/QRE-RBF-ref-SVM,quantum,7,0.4444444444444444,0.4,"{""clf__C"": 1.0, ""clf__gamma_mult"": 4.0}",14.834054599999945
73,quantum/QRE-RBF-ref-SVM,quantum,8,0.2222222222222222,0.35,"{""clf__C"": 1.0, ""clf__gamma_mult"": 1.0}",14.834054599999945
73,quantum/QRE-RBF-ref-SVM,quantum,9,0.4444444444444444,0.85,"{""clf__C"": 0.1, ""clf__gamma_mult"": 0.25}",14.834054599999945
73,quantum/QRE-RBF-ref-SVM,quantum,10,0.3333333333333333,0.44999999999999996,"{""clf__C"": 1.0, ""clf__gamma_mult"": 0.25}",14.834054599999945
73,quantum/QRE-RBF-ref-SVM,quantum,11,0.6666666666666666,0.8,"{""clf__C"": 1.0, ""clf__gamma_mult"": 0.25}",14.834054599999945
73,quantum/QRE-RBF-ref-SVM,quantum,12,0.6666666666666666,0.8500000000000001,"{""clf__C"": 10.0, ""clf__gamma_mult"": 1.0}",14.834054599999945
73,quantum/QRE-RBF-ref-SVM,quantum,13,0.5555555555555556,0.5,"{""clf__C"": 10.0, ""clf__gamma_mult"": 0.25}",14.834054599999945
73,quantum/QRE-RBF-ref-SVM,quantum,14,0.5555555555555556,0.49999999999999994,"{""clf__C"": 1.0, ""clf__gamma_mult"": 1.0}",14.834054599999945
73,quantum/IQP-kernel-SVM,quantum,0,0.5555555555555556,0.55,"{""clf__C"": 10.0, ""clf__scale"": 0.5}",20.840363600000273
73,quantum/IQP-kernel-SVM,quantum,1,0.5555555555555556,0.6500000000000001,"{""clf__C"": 10.0, ""clf__scale"": 2.0}",20.840363600000273
73,quantum/IQP-kernel-SVM,quantum,2,0.6666666666666666,0.65,"{""clf__C"": 10.0, ""clf__scale"": 1.0}",20.840363600000273
73,quantum/IQP-kernel-SVM,quantum,3,0.3333333333333333,0.2,"{""clf__C"": 1.0, ""clf__scale"": 1.0}",20.840363600000273
73,quantum/IQP-kernel-SVM,quantum,4,0.7777777777777778,0.85,"{""clf__C"": 10.0, ""clf__scale"": 2.0}",20.840363600000273
73,quantum/IQP-kernel-SVM,quantum,5,0.4444444444444444,0.65,"{""clf__C"": 1.0, ""clf__scale"": 0.5}",20.840363600000273
73,quantum/IQP-kernel-SVM,quantum,6,0.7777777777777778,0.8,"{""clf__C"": 10.0, ""clf__scale"": 2.0}",20.840363600000273
73,quantum/IQP-kernel-SVM,quantum,7,0.4444444444444444,0.35,"{""clf__C"": 10.0, ""clf__scale"": 0.5}",20.840363600000273
73,quantum/IQP-kernel-SVM,quantum,8,0.6666666666666666,0.8,"{""clf__C"": 1.0, ""clf__scale"": 1.0}",20.840363600000273
73,quantum/IQP-kernel-SVM,quantum,9,0.5555555555555556,0.7,"{""clf__C"": 10.0, ""clf__scale"": 1.0}",20.840363600000273
73,quantum/IQP-kernel-SVM,quantum,10,0.3333333333333333,0.3,"{""clf__C"": 1.0, ""clf__scale"": 0.5}",20.840363600000273
73,quantum/IQP-kernel-SVM,quantum,11,0.5555555555555556,0.55,"{""clf__C"": 1.0, ""clf__scale"": 1.0}",20.840363600000273
73,quantum/IQP-kernel-SVM,quantum,12,0.6666666666666666,0.6499999999999999,"{""clf__C"": 10.0, ""clf__scale"": 1.0}",20.840363600000273
73,quantum/IQP-kernel-SVM,quantum,13,0.5555555555555556,0.7,"{""clf__C"": 10.0, ""clf__scale"": 1.0}",20.840363600000273
73,quantum/IQP-kernel-SVM,quantum,14,0.3333333333333333,0.15000000000000002,"{""clf__C"": 10.0, ""clf__scale"": 0.5}",20.840363600000273
73,quantum/CNOT-kernel-SVM,quantum,0,0.4444444444444444,0.65,"{""clf__C"": 10.0, ""clf__scale"": 2.0}",18.612649800001236
73,quantum/CNOT-kernel-SVM,quantum,1,0.8888888888888888,0.9500000000000001,"{""clf__C"": 10.0, ""clf__scale"": 2.0}",18.612649800001236
73,quantum/CNOT-kernel-SVM,quantum,2,0.5555555555555556,0.5,"{""clf__C"": 10.0, ""clf__scale"": 2.0}",18.612649800001236
73,quantum/CNOT-kernel-SVM,quantum,3,0.6666666666666666,0.6000000000000001,"{""clf__C"": 10.0, ""clf__scale"": 0.5}",18.612649800001236
73,quantum/CNOT-kernel-SVM,quantum,4,0.4444444444444444,0.5,"{""clf__C"": 1.0, ""clf__scale"": 2.0}",18.612649800001236
73,quantum/CNOT-kernel-SVM,quantum,5,0.5555555555555556,0.6,"{""clf__C"": 1.0, ""clf__scale"": 1.0}",18.612649800001236
73,quantum/CNOT-kernel-SVM,quantum,6,0.5555555555555556,0.75,"{""clf__C"": 1.0, ""clf__scale"": 0.5}",18.612649800001236
73,quantum/CNOT-kernel-SVM,quantum,7,0.2222222222222222,0.2,"{""clf__C"": 1.0, ""clf__scale"": 1.0}",18.612649800001236
73,quantum/CNOT-kernel-SVM,quantum,8,0.5555555555555556,0.5,"{""clf__C"": 10.0, ""clf__scale"": 0.5}",18.612649800001236
73,quantum/CNOT-kernel-SVM,quantum,9,0.5555555555555556,0.6499999999999999,"{""clf__C"": 10.0, ""clf__scale"": 2.0}",18.612649800001236
73,quantum/CNOT-kernel-SVM,quantum,10,0.3333333333333333,0.35,"{""clf__C"": 10.0, ""clf__scale"": 1.0}",18.612649800001236
73,quantum/CNOT-kernel-SVM,quantum,11,0.5555555555555556,0.6,"{""clf__C"": 1.0, ""clf__scale"": 1.0}",18.612649800001236
73,quantum/CNOT-kernel-SVM,quantum,12,0.6666666666666666,0.6000000000000001,"{""clf__C"": 10.0, ""clf__scale"": 2.0}",18.612649800001236
73,quantum/CNOT-kernel-SVM,quantum,13,0.7777777777777778,0.6499999999999999,"{""clf__C"": 10.0, ""clf__scale"": 0.5}",18.612649800001236
73,quantum/CNOT-kernel-SVM,quantum,14,0.5555555555555556,0.35,"{""clf__C"": 1.0, ""clf__scale"": 2.0}",18.612649800001236
73,control/IQP-no-entangle,control,0,0.6666666666666666,0.45,"{""clf__C"": 10.0, ""clf__scale"": 2.0}",17.026196799999525
73,control/IQP-no-entangle,control,1,0.6666666666666666,0.7000000000000001,"{""clf__C"": 1.0, ""clf__scale"": 2.0}",17.026196799999525
73,control/IQP-no-entangle,control,2,0.5555555555555556,0.49999999999999994,"{""clf__C"": 10.0, ""clf__scale"": 2.0}",17.026196799999525
73,control/IQP-no-entangle,control,3,0.6666666666666666,0.6000000000000001,"{""clf__C"": 10.0, ""clf__scale"": 0.5}",17.026196799999525
73,control/IQP-no-entangle,control,4,0.4444444444444444,0.45,"{""clf__C"": 10.0, ""clf__scale"": 2.0}",17.026196799999525
73,control/IQP-no-entangle,control,5,0.4444444444444444,0.55,"{""clf__C"": 1.0, ""clf__scale"": 1.0}",17.026196799999525
73,control/IQP-no-entangle,control,6,0.5555555555555556,0.75,"{""clf__C"": 1.0, ""clf__scale"": 2.0}",17.026196799999525
73,control/IQP-no-entangle,control,7,0.2222222222222222,0.25,"{""clf__C"": 1.0, ""clf__scale"": 1.0}",17.026196799999525
73,control/IQP-no-entangle,control,8,0.4444444444444444,0.30000000000000004,"{""clf__C"": 10.0, ""clf__scale"": 2.0}",17.026196799999525
73,control/IQP-no-entangle,control,9,0.5555555555555556,0.75,"{""clf__C"": 1.0, ""clf__scale"": 2.0}",17.026196799999525
73,control/IQP-no-entangle,control,10,0.2222222222222222,0.3,"{""clf__C"": 1.0, ""clf__scale"": 1.0}",17.026196799999525
73,control/IQP-no-entangle,control,11,0.3333333333333333,0.44999999999999996,"{""clf__C"": 10.0, ""clf__scale"": 0.5}",17.026196799999525
73,control/IQP-no-entangle,control,12,0.8888888888888888,0.75,"{""clf__C"": 10.0, ""clf__scale"": 2.0}",17.026196799999525
73,control/IQP-no-entangle,control,13,0.4444444444444444,0.65,"{""clf__C"": 1.0, ""clf__scale"": 1.0}",17.026196799999525
73,control/IQP-no-entangle,control,14,0.5555555555555556,0.55,"{""clf__C"": 10.0, ""clf__scale"": 0.5}",17.026196799999525
73,control/PCA-matched-RBF,control,0,0.7777777777777778,0.9,"{""clf__C"": 10.0, ""clf__gamma"": 0.1}",13.519683599999553
73,control/PCA-matched-RBF,control,1,0.4444444444444444,0.39999999999999997,"{""clf__C"": 1.0, ""clf__gamma"": 0.1}",13.519683599999553
73,control/PCA-matched-RBF,control,2,0.4444444444444444,0.4,"{""clf__C"": 10.0, ""clf__gamma"": ""scale""}",13.519683599999553
73,control/PCA-matched-RBF,control,3,0.6666666666666666,0.5,"{""clf__C"": 10.0, ""clf__gamma"": 0.01}",13.519683599999553
73,control/PCA-matched-RBF,control,4,0.5555555555555556,0.30000000000000004,"{""clf__C"": 10.0, ""clf__gamma"": ""scale""}",13.519683599999553
73,control/PCA-matched-RBF,control,5,0.4444444444444444,0.6,"{""clf__C"": 10.0, ""clf__gamma"": ""scale""}",13.519683599999553
73,control/PCA-matched-RBF,control,6,0.6666666666666666,0.8,"{""clf__C"": 1.0, ""clf__gamma"": ""scale""}",13.519683599999553
73,control/PCA-matched-RBF,control,7,0.3333333333333333,0.3,"{""clf__C"": 10.0, ""clf__gamma"": ""scale""}",13.519683599999553
73,control/PCA-matched-RBF,control,8,0.2222222222222222,0.05,"{""clf__C"": 1.0, ""clf__gamma"": 0.1}",13.519683599999553
73,control/PCA-matched-RBF,control,9,0.4444444444444444,0.65,"{""clf__C"": 1.0, ""clf__gamma"": 0.1}",13.519683599999553
73,control/PCA-matched-RBF,control,10,0.3333333333333333,0.35,"{""clf__C"": 1.0, ""clf__gamma"": ""scale""}",13.519683599999553
73,control/PCA-matched-RBF,control,11,0.3333333333333333,0.45,"{""clf__C"": 10.0, ""clf__gamma"": 0.01}",13.519683599999553
73,control/PCA-matched-RBF,control,12,0.6666666666666666,0.7,"{""clf__C"": 10.0, ""clf__gamma"": ""scale""}",13.519683599999553
73,control/PCA-matched-RBF,control,13,0.4444444444444444,0.55,"{""clf__C"": 10.0, ""clf__gamma"": 0.01}",13.519683599999553
73,control/PCA-matched-RBF,control,14,0.4444444444444444,0.6000000000000001,"{""clf__C"": 0.1, ""clf__gamma"": ""scale""}",13.519683599999553
73,control/PCA-matched-linear,control,0,0.5555555555555556,0.6000000000000001,"{""clf__C"": 0.1}",4.852622200000042
73,control/PCA-matched-linear,control,1,0.6666666666666666,0.65,"{""clf__C"": 10.0}",4.852622200000042
73,control/PCA-matched-linear,control,2,0.3333333333333333,0.2,"{""clf__C"": 1.0}",4.852622200000042
73,control/PCA-matched-linear,control,3,0.6666666666666666,0.4,"{""clf__C"": 1.0}",4.852622200000042
73,control/PCA-matched-linear,control,4,0.3333333333333333,0.2,"{""clf__C"": 0.1}",4.852622200000042
73,control/PCA-matched-linear,control,5,0.5555555555555556,0.45,"{""clf__C"": 0.1}",4.852622200000042
73,control/PCA-matched-linear,control,6,0.6666666666666666,0.65,"{""clf__C"": 1.0}",4.852622200000042
73,control/PCA-matched-linear,control,7,0.4444444444444444,0.35,"{""clf__C"": 10.0}",4.852622200000042
73,control/PCA-matched-linear,control,8,0.0,0.0,"{""clf__C"": 0.1}",4.852622200000042
73,control/PCA-matched-linear,control,9,0.5555555555555556,0.55,"{""clf__C"": 0.1}",4.852622200000042
73,control/PCA-matched-linear,control,10,0.2222222222222222,0.4,"{""clf__C"": 1.0}",4.852622200000042
73,control/PCA-matched-linear,control,11,0.4444444444444444,0.6500000000000001,"{""clf__C"": 1.0}",4.852622200000042
73,control/PCA-matched-linear,control,12,0.6666666666666666,0.6,"{""clf__C"": 10.0}",4.852622200000042
73,control/PCA-matched-linear,control,13,0.3333333333333333,0.55,"{""clf__C"": 10.0}",4.852622200000042
73,control/PCA-matched-linear,control,14,0.4444444444444444,0.55,"{""clf__C"": 0.1}",4.852622200000042
73,control/logeuclid-TS+LR,control,0,0.4444444444444444,0.7000000000000001,"{""clf__C"": 1.0}",4.229956400000447
73,control/logeuclid-TS+LR,control,1,0.5555555555555556,0.7000000000000001,"{""clf__C"": 1.0}",4.229956400000447
73,control/logeuclid-TS+LR,control,2,0.7777777777777778,0.9500000000000001,"{""clf__C"": 1.0}",4.229956400000447
73,control/logeuclid-TS+LR,control,3,0.5555555555555556,0.6500000000000001,"{""clf__C"": 0.1}",4.229956400000447
73,control/logeuclid-TS+LR,control,4,0.5555555555555556,0.44999999999999996,"{""clf__C"": 1.0}",4.229956400000447
73,control/logeuclid-TS+LR,control,5,0.7777777777777778,0.7000000000000001,"{""clf__C"": 10.0}",4.229956400000447
73,control/logeuclid-TS+LR,control,6,0.5555555555555556,0.7,"{""clf__C"": 10.0}",4.229956400000447
73,control/logeuclid-TS+LR,control,7,0.5555555555555556,0.55,"{""clf__C"": 10.0}",4.229956400000447
73,control/logeuclid-TS+LR,control,8,0.4444444444444444,0.5,"{""clf__C"": 10.0}",4.229956400000447
73,control/logeuclid-TS+LR,control,9,0.4444444444444444,0.7,"{""clf__C"": 1.0}",4.229956400000447
73,control/logeuclid-TS+LR,control,10,0.4444444444444444,0.55,"{""clf__C"": 10.0}",4.229956400000447
73,control/logeuclid-TS+LR,control,11,0.4444444444444444,0.75,"{""clf__C"": 10.0}",4.229956400000447
73,control/logeuclid-TS+LR,control,12,0.8888888888888888,1.0,"{""clf__C"": 10.0}",4.229956400000447
73,control/logeuclid-TS+LR,control,13,0.4444444444444444,0.5,"{""clf__C"": 1.0}",4.229956400000447
73,control/logeuclid-TS+LR,control,14,0.3333333333333333,0.45,"{""clf__C"": 0.1}",4.229956400000447
73,control/riemann-kernel-SVM,control,0,0.5555555555555556,0.75,"{""clf__C"": 1.0}",4.433735100001286
73,control/riemann-kernel-SVM,control,1,0.5555555555555556,0.5,"{""clf__C"": 1.0}",4.433735100001286
73,control/riemann-kernel-SVM,control,2,0.5555555555555556,0.8,"{""clf__C"": 1.0}",4.433735100001286
73,control/riemann-kernel-SVM,control,3,0.4444444444444444,0.45,"{""clf__C"": 10.0}",4.433735100001286
73,control/riemann-kernel-SVM,control,4,0.4444444444444444,0.45,"{""clf__C"": 1.0}",4.433735100001286
73,control/riemann-kernel-SVM,control,5,0.4444444444444444,0.6,"{""clf__C"": 1.0}",4.433735100001286
73,control/riemann-kernel-SVM,control,6,0.5555555555555556,0.6,"{""clf__C"": 1.0}",4.433735100001286
73,control/riemann-kernel-SVM,control,7,0.3333333333333333,0.44999999999999996,"{""clf__C"": 1.0}",4.433735100001286
73,control/riemann-kernel-SVM,control,8,0.2222222222222222,0.05,"{""clf__C"": 10.0}",4.433735100001286
73,control/riemann-kernel-SVM,control,9,0.4444444444444444,0.7,"{""clf__C"": 0.1}",4.433735100001286
73,control/riemann-kernel-SVM,control,10,0.6666666666666666,0.6,"{""clf__C"": 1.0}",4.433735100001286
73,control/riemann-kernel-SVM,control,11,0.5555555555555556,0.6,"{""clf__C"": 10.0}",4.433735100001286
73,control/riemann-kernel-SVM,control,12,0.7777777777777778,0.85,"{""clf__C"": 1.0}",4.433735100001286
73,control/riemann-kernel-SVM,control,13,0.4444444444444444,0.55,"{""clf__C"": 1.0}",4.433735100001286
73,control/riemann-kernel-SVM,control,14,0.5555555555555556,0.45,"{""clf__C"": 1.0}",4.433735100001286
73,control/logeuclid-kernel-SVM,control,0,0.6666666666666666,0.7,"{""clf__C"": 1.0}",4.369388900000558
73,control/logeuclid-kernel-SVM,control,1,0.5555555555555556,0.5,"{""clf__C"": 1.0}",4.369388900000558
73,control/logeuclid-kernel-SVM,control,2,0.5555555555555556,0.8500000000000001,"{""clf__C"": 1.0}",4.369388900000558
73,control/logeuclid-kernel-SVM,control,3,0.4444444444444444,0.45,"{""clf__C"": 10.0}",4.369388900000558
73,control/logeuclid-kernel-SVM,control,4,0.5555555555555556,0.2,"{""clf__C"": 1.0}",4.369388900000558
73,control/logeuclid-kernel-SVM,control,5,0.4444444444444444,0.35,"{""clf__C"": 10.0}",4.369388900000558
73,control/logeuclid-kernel-SVM,control,6,0.4444444444444444,0.5,"{""clf__C"": 1.0}",4.369388900000558
73,control/logeuclid-kernel-SVM,control,7,0.4444444444444444,0.44999999999999996,"{""clf__C"": 1.0}",4.369388900000558
73,control/logeuclid-kernel-SVM,control,8,0.2222222222222222,0.15000000000000002,"{""clf__C"": 10.0}",4.369388900000558
73,control/logeuclid-kernel-SVM,control,9,0.4444444444444444,0.7,"{""clf__C"": 0.1}",4.369388900000558
73,control/logeuclid-kernel-SVM,control,10,0.4444444444444444,0.6,"{""clf__C"": 1.0}",4.369388900000558
73,control/logeuclid-kernel-SVM,control,11,0.6666666666666666,0.65,"{""clf__C"": 1.0}",4.369388900000558
73,control/logeuclid-kernel-SVM,control,12,0.8888888888888888,0.8500000000000001,"{""clf__C"": 10.0}",4.369388900000558
73,control/logeuclid-kernel-SVM,control,13,0.4444444444444444,0.45,"{""clf__C"": 10.0}",4.369388900000558
73,control/logeuclid-kernel-SVM,control,14,0.4444444444444444,0.44999999999999996,"{""clf__C"": 1.0}",4.369388900000558
74,classical/logvar+LDA,classical,0,0.2222222222222222,0.15,{},0.07963629999903787
74,classical/logvar+LDA,classical,1,0.4444444444444444,0.35,{},0.07963629999903787
74,classical/logvar+LDA,classical,2,0.5555555555555556,0.6000000000000001,{},0.07963629999903787
74,classical/logvar+LDA,classical,3,0.6666666666666666,0.7000000000000001,{},0.07963629999903787
74,classical/logvar+LDA,classical,4,0.5555555555555556,0.4,{},0.07963629999903787
74,classical/logvar+LDA,classical,5,0.4444444444444444,0.4,{},0.07963629999903787
74,classical/logvar+LDA,classical,6,0.3333333333333333,0.39999999999999997,{},0.07963629999903787
74,classical/logvar+LDA,classical,7,0.6666666666666666,0.55,{},0.07963629999903787
74,classical/logvar+LDA,classical,8,0.3333333333333333,0.39999999999999997,{},0.07963629999903787
74,classical/logvar+LDA,classical,9,0.4444444444444444,0.25,{},0.07963629999903787
74,classical/logvar+LDA,classical,10,0.5555555555555556,0.5,{},0.07963629999903787
74,classical/logvar+LDA,classical,11,0.3333333333333333,0.39999999999999997,{},0.07963629999903787
74,classical/logvar+LDA,classical,12,0.4444444444444444,0.39999999999999997,{},0.07963629999903787
74,classical/logvar+LDA,classical,13,0.4444444444444444,0.25,{},0.07963629999903787
74,classical/logvar+LDA,classical,14,0.4444444444444444,0.39999999999999997,{},0.07963629999903787
74,classical/CSP+LDA,classical,0,0.4444444444444444,0.2,"{""csp__nfilter"": 2}",3.8095422000005783
74,classical/CSP+LDA,classical,1,0.2222222222222222,0.09999999999999998,"{""csp__nfilter"": 6}",3.8095422000005783
74,classical/CSP+LDA,classical,2,0.3333333333333333,0.24999999999999997,"{""csp__nfilter"": 4}",3.8095422000005783
74,classical/CSP+LDA,classical,3,0.2222222222222222,0.14999999999999997,"{""csp__nfilter"": 2}",3.8095422000005783
74,classical/CSP+LDA,classical,4,0.3333333333333333,0.45,"{""csp__nfilter"": 4}",3.8095422000005783
74,classical/CSP+LDA,classical,5,0.2222222222222222,0.15,"{""csp__nfilter"": 2}",3.8095422000005783
74,classical/CSP+LDA,classical,6,0.2222222222222222,0.3,"{""csp__nfilter"": 6}",3.8095422000005783
74,classical/CSP+LDA,classical,7,0.2222222222222222,0.19999999999999996,"{""csp__nfilter"": 4}",3.8095422000005783
74,classical/CSP+LDA,classical,8,0.2222222222222222,0.3,"{""csp__nfilter"": 2}",3.8095422000005783
74,classical/CSP+LDA,classical,9,0.4444444444444444,0.3,"{""csp__nfilter"": 4}",3.8095422000005783
74,classical/CSP+LDA,classical,10,0.1111111111111111,0.15,"{""csp__nfilter"": 2}",3.8095422000005783
74,classical/CSP+LDA,classical,11,0.6666666666666666,0.4,"{""csp__nfilter"": 2}",3.8095422000005783
74,classical/CSP+LDA,classical,12,0.4444444444444444,0.24999999999999997,"{""csp__nfilter"": 2}",3.8095422000005783
74,classical/CSP+LDA,classical,13,0.3333333333333333,0.0,"{""csp__nfilter"": 4}",3.8095422000005783
74,classical/CSP+LDA,classical,14,0.3333333333333333,0.25,"{""csp__nfilter"": 2}",3.8095422000005783
74,classical/MDM,classical,0,0.3333333333333333,0.25,{},0.48817419999977574
74,classical/MDM,classical,1,0.2222222222222222,0.19999999999999998,{},0.48817419999977574
74,classical/MDM,classical,2,0.3333333333333333,0.25,{},0.48817419999977574
74,classical/MDM,classical,3,0.3333333333333333,0.1,{},0.48817419999977574
74,classical/MDM,classical,4,0.3333333333333333,0.3,{},0.48817419999977574
74,classical/MDM,classical,5,0.3333333333333333,0.25,{},0.48817419999977574
74,classical/MDM,classical,6,0.4444444444444444,0.14999999999999997,{},0.48817419999977574
74,classical/MDM,classical,7,0.2222222222222222,0.19999999999999996,{},0.48817419999977574
74,classical/MDM,classical,8,0.2222222222222222,0.15,{},0.48817419999977574
74,classical/MDM,classical,9,0.3333333333333333,0.3,{},0.48817419999977574
74,classical/MDM,classical,10,0.3333333333333333,0.2,{},0.48817419999977574
74,classical/MDM,classical,11,0.3333333333333333,0.4,{},0.48817419999977574
74,classical/MDM,classical,12,0.4444444444444444,0.3,{},0.48817419999977574
74,classical/MDM,classical,13,0.2222222222222222,0.1,{},0.48817419999977574
74,classical/MDM,classical,14,0.3333333333333333,0.25,{},0.48817419999977574
74,classical/TS+LR,classical,0,0.2222222222222222,0.1,"{""clf__C"": 0.1}",4.942028899999059
74,classical/TS+LR,classical,1,0.2222222222222222,0.04999999999999999,"{""clf__C"": 0.1}",4.942028899999059
74,classical/TS+LR,classical,2,0.3333333333333333,0.15,"{""clf__C"": 0.1}",4.942028899999059
74,classical/TS+LR,classical,3,0.2222222222222222,0.04999999999999999,"{""clf__C"": 0.1}",4.942028899999059
74,classical/TS+LR,classical,4,0.3333333333333333,0.2,"{""clf__C"": 1.0}",4.942028899999059
74,classical/TS+LR,classical,5,0.1111111111111111,0.1,"{""clf__C"": 10.0}",4.942028899999059
74,classical/TS+LR,classical,6,0.3333333333333333,0.19999999999999998,"{""clf__C"": 10.0}",4.942028899999059
74,classical/TS+LR,classical,7,0.1111111111111111,0.09999999999999998,"{""clf__C"": 1.0}",4.942028899999059
74,classical/TS+LR,classical,8,0.3333333333333333,0.25,"{""clf__C"": 10.0}",4.942028899999059
74,classical/TS+LR,classical,9,0.1111111111111111,0.2,"{""clf__C"": 1.0}",4.942028899999059
74,classical/TS+LR,classical,10,0.1111111111111111,0.1,"{""clf__C"": 0.1}",4.942028899999059
74,classical/TS+LR,classical,11,0.4444444444444444,0.2,"{""clf__C"": 1.0}",4.942028899999059
74,classical/TS+LR,classical,12,0.2222222222222222,0.25,"{""clf__C"": 1.0}",4.942028899999059
74,classical/TS+LR,classical,13,0.3333333333333333,0.25,"{""clf__C"": 10.0}",4.942028899999059
74,classical/TS+LR,classical,14,0.3333333333333333,0.14999999999999997,"{""clf__C"": 1.0}",4.942028899999059
74,classical/TS+RBF-SVM,classical,0,0.4444444444444444,0.25,"{""clf__C"": 0.1, ""clf__gamma"": ""scale""}",12.66578059999847
74,classical/TS+RBF-SVM,classical,1,0.5555555555555556,0.04999999999999999,"{""clf__C"": 0.1, ""clf__gamma"": ""scale""}",12.66578059999847
74,classical/TS+RBF-SVM,classical,2,0.5555555555555556,0.15,"{""clf__C"": 0.1, ""clf__gamma"": ""scale""}",12.66578059999847
74,classical/TS+RBF-SVM,classical,3,0.5555555555555556,0.2,"{""clf__C"": 0.1, ""clf__gamma"": ""scale""}",12.66578059999847
74,classical/TS+RBF-SVM,classical,4,0.5555555555555556,0.29999999999999993,"{""clf__C"": 0.1, ""clf__gamma"": ""scale""}",12.66578059999847
74,classical/TS+RBF-SVM,classical,5,0.4444444444444444,0.4,"{""clf__C"": 0.1, ""clf__gamma"": ""scale""}",12.66578059999847
74,classical/TS+RBF-SVM,classical,6,0.5555555555555556,0.3,"{""clf__C"": 0.1, ""clf__gamma"": ""scale""}",12.66578059999847
74,classical/TS+RBF-SVM,classical,7,0.5555555555555556,0.24999999999999997,"{""clf__C"": 0.1, ""clf__gamma"": ""scale""}",12.66578059999847
74,classical/TS+RBF-SVM,classical,8,0.5555555555555556,0.19999999999999996,"{""clf__C"": 0.1, ""clf__gamma"": ""scale""}",12.66578059999847
74,classical/TS+RBF-SVM,classical,9,0.5555555555555556,0.25,"{""clf__C"": 0.1, ""clf__gamma"": ""scale""}",12.66578059999847
74,classical/TS+RBF-SVM,classical,10,0.4444444444444444,0.2,"{""clf__C"": 0.1, ""clf__gamma"": ""scale""}",12.66578059999847
74,classical/TS+RBF-SVM,classical,11,0.5555555555555556,0.35,"{""clf__C"": 0.1, ""clf__gamma"": ""scale""}",12.66578059999847
74,classical/TS+RBF-SVM,classical,12,0.5555555555555556,0.25,"{""clf__C"": 0.1, ""clf__gamma"": ""scale""}",12.66578059999847
74,classical/TS+RBF-SVM,classical,13,0.3333333333333333,0.35,"{""clf__C"": 10.0, ""clf__gamma"": 0.1}",12.66578059999847
74,classical/TS+RBF-SVM,classical,14,0.5555555555555556,0.24999999999999997,"{""clf__C"": 0.1, ""clf__gamma"": ""scale""}",12.66578059999847
74,quantum/HS-overlap-SVM,quantum,0,0.4444444444444444,0.25,"{""clf__C"": 0.1}",3.8011759999990318
74,quantum/HS-overlap-SVM,quantum,1,0.5555555555555556,0.45,"{""clf__C"": 0.1}",3.8011759999990318
74,quantum/HS-overlap-SVM,quantum,2,0.5555555555555556,0.5,"{""clf__C"": 10.0}",3.8011759999990318
74,quantum/HS-overlap-SVM,quantum,3,0.5555555555555556,0.6000000000000001,"{""clf__C"": 0.1}",3.8011759999990318
74,quantum/HS-overlap-SVM,quantum,4,0.5555555555555556,0.5,"{""clf__C"": 0.1}",3.8011759999990318
74,quantum/HS-overlap-SVM,quantum,5,0.4444444444444444,0.5,"{""clf__C"": 0.1}",3.8011759999990318
74,quantum/HS-overlap-SVM,quantum,6,0.5555555555555556,0.45,"{""clf__C"": 10.0}",3.8011759999990318
74,quantum/HS-overlap-SVM,quantum,7,0.5555555555555556,0.6499999999999999,"{""clf__C"": 0.1}",3.8011759999990318
74,quantum/HS-overlap-SVM,quantum,8,0.5555555555555556,0.45,"{""clf__C"": 0.1}",3.8011759999990318
74,quantum/HS-overlap-SVM,quantum,9,0.5555555555555556,0.25,"{""clf__C"": 0.1}",3.8011759999990318
74,quantum/HS-overlap-SVM,quantum,10,0.4444444444444444,0.25,"{""clf__C"": 0.1}",3.8011759999990318
74,quantum/HS-overlap-SVM,quantum,11,0.5555555555555556,0.5,"{""clf__C"": 0.1}",3.8011759999990318
74,quantum/HS-overlap-SVM,quantum,12,0.5555555555555556,0.39999999999999997,"{""clf__C"": 0.1}",3.8011759999990318
74,quantum/HS-overlap-SVM,quantum,13,0.5555555555555556,0.6000000000000001,"{""clf__C"": 0.1}",3.8011759999990318
74,quantum/HS-overlap-SVM,quantum,14,0.5555555555555556,0.44999999999999996,"{""clf__C"": 0.1}",3.8011759999990318
74,quantum/Fidelity-SVM,quantum,0,0.4444444444444444,0.25,"{""clf__C"": 0.1}",5.337002100000973
74,quantum/Fidelity-SVM,quantum,1,0.5555555555555556,0.45,"{""clf__C"": 0.1}",5.337002100000973
74,quantum/Fidelity-SVM,quantum,2,0.5555555555555556,0.6000000000000001,"{""clf__C"": 0.1}",5.337002100000973
74,quantum/Fidelity-SVM,quantum,3,0.5555555555555556,0.6499999999999999,"{""clf__C"": 0.1}",5.337002100000973
74,quantum/Fidelity-SVM,quantum,4,0.5555555555555556,0.3,"{""clf__C"": 0.1}",5.337002100000973
74,quantum/Fidelity-SVM,quantum,5,0.4444444444444444,0.5,"{""clf__C"": 0.1}",5.337002100000973
74,quantum/Fidelity-SVM,quantum,6,0.5555555555555556,0.3,"{""clf__C"": 0.1}",5.337002100000973
74,quantum/Fidelity-SVM,quantum,7,0.5555555555555556,0.5,"{""clf__C"": 0.1}",5.337002100000973
74,quantum/Fidelity-SVM,quantum,8,0.5555555555555556,0.5499999999999999,"{""clf__C"": 0.1}",5.337002100000973
74,quantum/Fidelity-SVM,quantum,9,0.5555555555555556,0.25,"{""clf__C"": 0.1}",5.337002100000973
74,quantum/Fidelity-SVM,quantum,10,0.4444444444444444,0.35000000000000003,"{""clf__C"": 0.1}",5.337002100000973
74,quantum/Fidelity-SVM,quantum,11,0.5555555555555556,0.3,"{""clf__C"": 0.1}",5.337002100000973
74,quantum/Fidelity-SVM,quantum,12,0.5555555555555556,0.3,"{""clf__C"": 0.1}",5.337002100000973
74,quantum/Fidelity-SVM,quantum,13,0.5555555555555556,0.7,"{""clf__C"": 0.1}",5.337002100000973
74,quantum/Fidelity-SVM,quantum,14,0.5555555555555556,0.4,"{""clf__C"": 0.1}",5.337002100000973
74,quantum/HS-RBF-SVM,quantum,0,0.4444444444444444,0.45000000000000007,"{""clf__C"": 10.0, ""clf__gamma_mult"": 1.0}",10.666940299999624
74,quantum/HS-RBF-SVM,quantum,1,0.5555555555555556,0.65,"{""clf__C"": 1.0, ""clf__gamma_mult"": 1.0}",10.666940299999624
74,quantum/HS-RBF-SVM,quantum,2,0.3333333333333333,0.3,"{""clf__C"": 1.0, ""clf__gamma_mult"": 4.0}",10.666940299999624
74,quantum/HS-RBF-SVM,quantum,3,0.6666666666666666,0.7000000000000001,"{""clf__C"": 10.0, ""clf__gamma_mult"": 0.25}",10.666940299999624
74,quantum/HS-RBF-SVM,quantum,4,0.6666666666666666,0.6000000000000001,"{""clf__C"": 10.0, ""clf__gamma_mult"": 0.25}",10.666940299999624
74,quantum/HS-RBF-SVM,quantum,5,0.5555555555555556,0.4,"{""clf__C"": 1.0, ""clf__gamma_mult"": 1.0}",10.666940299999624
74,quantum/HS-RBF-SVM,quantum,6,0.6666666666666666,0.65,"{""clf__C"": 10.0, ""clf__gamma_mult"": 0.25}",10.666940299999624
74,quantum/HS-RBF-SVM,quantum,7,0.3333333333333333,0.19999999999999998,"{""clf__C"": 10.0, ""clf__gamma_mult"": 4.0}",10.666940299999624
74,quantum/HS-RBF-SVM,quantum,8,0.3333333333333333,0.55,"{""clf__C"": 1.0, ""clf__gamma_mult"": 1.0}",10.666940299999624
74,quantum/HS-RBF-SVM,quantum,9,0.5555555555555556,0.45,"{""clf__C"": 0.1, ""clf__gamma_mult"": 0.25}",10.666940299999624
74,quantum/HS-RBF-SVM,quantum,10,0.4444444444444444,0.4,"{""clf__C"": 1.0, ""clf__gamma_mult"": 4.0}",10.666940299999624
74,quantum/HS-RBF-SVM,quantum,11,0.5555555555555556,0.55,"{""clf__C"": 10.0, ""clf__gamma_mult"": 0.25}",10.666940299999624
74,quantum/HS-RBF-SVM,quantum,12,0.3333333333333333,0.39999999999999997,"{""clf__C"": 10.0, ""clf__gamma_mult"": 4.0}",10.666940299999624
74,quantum/HS-RBF-SVM,quantum,13,0.5555555555555556,0.4,"{""clf__C"": 10.0, ""clf__gamma_mult"": 0.25}",10.666940299999624
74,quantum/HS-RBF-SVM,quantum,14,0.6666666666666666,0.8,"{""clf__C"": 10.0, ""clf__gamma_mult"": 0.25}",10.666940299999624
74,quantum/Bures-RBF-SVM,quantum,0,0.4444444444444444,0.45000000000000007,"{""clf__C"": 10.0, ""clf__gamma_mult"": 1.0}",14.039212800000314
74,quantum/Bures-RBF-SVM,quantum,1,0.6666666666666666,0.55,"{""clf__C"": 1.0, ""clf__gamma_mult"": 1.0}",14.039212800000314
74,quantum/Bures-RBF-SVM,quantum,2,0.3333333333333333,0.39999999999999997,"{""clf__C"": 10.0, ""clf__gamma_mult"": 1.0}",14.039212800000314
74,quantum/Bures-RBF-SVM,quantum,3,0.6666666666666666,0.7000000000000001,"{""clf__C"": 10.0, ""clf__gamma_mult"": 0.25}",14.039212800000314
74,quantum/Bures-RBF-SVM,quantum,4,0.6666666666666666,0.6000000000000001,"{""clf__C"": 10.0, ""clf__gamma_mult"": 0.25}",14.039212800000314
74,quantum/Bures-RBF-SVM,quantum,5,0.5555555555555556,0.4,"{""clf__C"": 1.0, ""clf__gamma_mult"": 1.0}",14.039212800000314
74,quantum/Bures-RBF-SVM,quantum,6,0.6666666666666666,0.6,"{""clf__C"": 10.0, ""clf__gamma_mult"": 0.25}",14.039212800000314
74,quantum/Bures-RBF-SVM,quantum,7,0.3333333333333333,0.3,"{""clf__C"": 10.0, ""clf__gamma_mult"": 4.0}",14.039212800000314
74,quantum/Bures-RBF-SVM,quantum,8,0.3333333333333333,0.55,"{""clf__C"": 1.0, ""clf__gamma_mult"": 1.0}",14.039212800000314
74,quantum/Bures-RBF-SVM,quantum,9,0.6666666666666666,0.5,"{""clf__C"": 10.0, ""clf__gamma_mult"": 0.25}",14.039212800000314
74,quantum/Bures-RBF-SVM,quantum,10,0.4444444444444444,0.35,"{""clf__C"": 1.0, ""clf__gamma_mult"": 4.0}",14.039212800000314
74,quantum/Bures-RBF-SVM,quantum,11,0.5555555555555556,0.55,"{""clf__C"": 10.0, ""clf__gamma_mult"": 0.25}",14.039212800000314
74,quantum/Bures-RBF-SVM,quantum,12,0.3333333333333333,0.45,"{""clf__C"": 10.0, ""clf__gamma_mult"": 4.0}",14.039212800000314
74,quantum/Bures-RBF-SVM,quantum,13,0.5555555555555556,0.4,"{""clf__C"": 10.0, ""clf__gamma_mult"": 0.25}",14.039212800000314
74,quantum/Bures-RBF-SVM,quantum,14,0.6666666666666666,0.75,"{""clf__C"": 10.0, ""clf__gamma_mult"": 0.25}",14.039212800000314
74,quantum/QRE-RBF-SVM,quantum,0,0.4444444444444444,0.45000000000000007,"{""clf__C"": 10.0, ""clf__gamma_mult"": 1.0}",12.742585700001655
74,quantum/QRE-RBF-SVM,quantum,1,0.5555555555555556,0.65,"{""clf__C"": 1.0, ""clf__gamma_mult"": 1.0}",12.742585700001655
74,quantum/QRE-RBF-SVM,quantum,2,0.3333333333333333,0.39999999999999997,"{""clf__C"": 10.0, ""clf__gamma_mult"": 1.0}",12.742585700001655
74,quantum/QRE-RBF-SVM,quantum,3,0.6666666666666666,0.75,"{""clf__C"": 10.0, ""clf__gamma_mult"": 0.25}",12.742585700001655
74,quantum/QRE-RBF-SVM,quantum,4,0.5555555555555556,0.4,"{""clf__C"": 10.0, ""clf__gamma_mult"": 4.0}",12.742585700001655
74,quantum/QRE-RBF-SVM,quantum,5,0.5555555555555556,0.45,"{""clf__C"": 1.0, ""clf__gamma_mult"": 1.0}",12.742585700001655
74,quantum/QRE-RBF-SVM,quantum,6,0.7777777777777778,0.75,"{""clf__C"": 1.0, ""clf__gamma_mult"": 1.0}",12.742585700001655
74,quantum/QRE-RBF-SVM,quantum,7,0.3333333333333333,0.3,"{""clf__C"": 10.0, ""clf__gamma_mult"": 4.0}",12.742585700001655
74,quantum/QRE-RBF-SVM,quantum,8,0.3333333333333333,0.5,"{""clf__C"": 1.0, ""clf__gamma_mult"": 1.0}",12.742585700001655
74,quantum/QRE-RBF-SVM,quantum,9,0.6666666666666666,0.45,"{""clf__C"": 10.0, ""clf__gamma_mult"": 0.25}",12.742585700001655
74,quantum/QRE-RBF-SVM,quantum,10,0.4444444444444444,0.30000000000000004,"{""clf__C"": 1.0, ""clf__gamma_mult"": 4.0}",12.742585700001655
74,quantum/QRE-RBF-SVM,quantum,11,0.5555555555555556,0.55,"{""clf__C"": 10.0, ""clf__gamma_mult"": 0.25}",12.742585700001655
74,quantum/QRE-RBF-SVM,quantum,12,0.3333333333333333,0.45,"{""clf__C"": 10.0, ""clf__gamma_mult"": 4.0}",12.742585700001655
74,quantum/QRE-RBF-SVM,quantum,13,0.5555555555555556,0.75,"{""clf__C"": 1.0, ""clf__gamma_mult"": 1.0}",12.742585700001655
74,quantum/QRE-RBF-SVM,quantum,14,0.6666666666666666,0.9,"{""clf__C"": 1.0, ""clf__gamma_mult"": 1.0}",12.742585700001655
74,quantum/HS-overlap-ref-SVM,quantum,0,0.4444444444444444,0.2,"{""clf__C"": 0.1}",4.63461499999903
74,quantum/HS-overlap-ref-SVM,quantum,1,0.5555555555555556,0.14999999999999997,"{""clf__C"": 0.1}",4.63461499999903
74,quantum/HS-overlap-ref-SVM,quantum,2,0.5555555555555556,0.19999999999999998,"{""clf__C"": 0.1}",4.63461499999903
74,quantum/HS-overlap-ref-SVM,quantum,3,0.5555555555555556,0.19999999999999998,"{""clf__C"": 0.1}",4.63461499999903
74,quantum/HS-overlap-ref-SVM,quantum,4,0.5555555555555556,0.35,"{""clf__C"": 0.1}",4.63461499999903
74,quantum/HS-overlap-ref-SVM,quantum,5,0.4444444444444444,0.25,"{""clf__C"": 0.1}",4.63461499999903
74,quantum/HS-overlap-ref-SVM,quantum,6,0.5555555555555556,0.14999999999999997,"{""clf__C"": 0.1}",4.63461499999903
74,quantum/HS-overlap-ref-SVM,quantum,7,0.5555555555555556,0.19999999999999998,"{""clf__C"": 0.1}",4.63461499999903
74,quantum/HS-overlap-ref-SVM,quantum,8,0.5555555555555556,0.35,"{""clf__C"": 0.1}",4.63461499999903
74,quantum/HS-overlap-ref-SVM,quantum,9,0.5555555555555556,0.3,"{""clf__C"": 0.1}",4.63461499999903
74,quantum/HS-overlap-ref-SVM,quantum,10,0.4444444444444444,0.1,"{""clf__C"": 0.1}",4.63461499999903
74,quantum/HS-overlap-ref-SVM,quantum,11,0.5555555555555556,0.3,"{""clf__C"": 0.1}",4.63461499999903
74,quantum/HS-overlap-ref-SVM,quantum,12,0.5555555555555556,0.35,"{""clf__C"": 0.1}",4.63461499999903
74,quantum/HS-overlap-ref-SVM,quantum,13,0.5555555555555556,0.09999999999999998,"{""clf__C"": 0.1}",4.63461499999903
74,quantum/HS-overlap-ref-SVM,quantum,14,0.5555555555555556,0.35,"{""clf__C"": 0.1}",4.63461499999903
74,quantum/Fidelity-ref-SVM,quantum,0,0.4444444444444444,0.2,"{""clf__C"": 0.1}",6.181354399999691
74,quantum/Fidelity-ref-SVM,quantum,1,0.5555555555555556,0.09999999999999998,"{""clf__C"": 0.1}",6.181354399999691
74,quantum/Fidelity-ref-SVM,quantum,2,0.5555555555555556,0.15,"{""clf__C"": 0.1}",6.181354399999691
74,quantum/Fidelity-ref-SVM,quantum,3,0.5555555555555556,0.15,"{""clf__C"": 0.1}",6.181354399999691
74,quantum/Fidelity-ref-SVM,quantum,4,0.5555555555555556,0.35,"{""clf__C"": 0.1}",6.181354399999691
74,quantum/Fidelity-ref-SVM,quantum,5,0.4444444444444444,0.15,"{""clf__C"": 0.1}",6.181354399999691
74,quantum/Fidelity-ref-SVM,quantum,6,0.5555555555555556,0.14999999999999997,"{""clf__C"": 0.1}",6.181354399999691
74,quantum/Fidelity-ref-SVM,quantum,7,0.5555555555555556,0.3,"{""clf__C"": 0.1}",6.181354399999691
74,quantum/Fidelity-ref-SVM,quantum,8,0.5555555555555556,0.35,"{""clf__C"": 0.1}",6.181354399999691
74,quantum/Fidelity-ref-SVM,quantum,9,0.5555555555555556,0.25,"{""clf__C"": 0.1}",6.181354399999691
74,quantum/Fidelity-ref-SVM,quantum,10,0.4444444444444444,0.05,"{""clf__C"": 0.1}",6.181354399999691
74,quantum/Fidelity-ref-SVM,quantum,11,0.4444444444444444,0.24999999999999997,"{""clf__C"": 10.0}",6.181354399999691
74,quantum/Fidelity-ref-SVM,quantum,12,0.5555555555555556,0.3,"{""clf__C"": 0.1}",6.181354399999691
74,quantum/Fidelity-ref-SVM,quantum,13,0.5555555555555556,0.09999999999999998,"{""clf__C"": 0.1}",6.181354399999691
74,quantum/Fidelity-ref-SVM,quantum,14,0.5555555555555556,0.35,"{""clf__C"": 0.1}",6.181354399999691
74,quantum/HS-RBF-ref-SVM,quantum,0,0.4444444444444444,0.2,"{""clf__C"": 0.1, ""clf__gamma_mult"": 0.25}",12.78073040000163
74,quantum/HS-RBF-ref-SVM,quantum,1,0.5555555555555556,0.14999999999999997,"{""clf__C"": 0.1, ""clf__gamma_mult"": 0.25}",12.78073040000163
74,quantum/HS-RBF-ref-SVM,quantum,2,0.5555555555555556,0.19999999999999998,"{""clf__C"": 0.1, ""clf__gamma_mult"": 0.25}",12.78073040000163
74,quantum/HS-RBF-ref-SVM,quantum,3,0.5555555555555556,0.25,"{""clf__C"": 0.1, ""clf__gamma_mult"": 0.25}",12.78073040000163
74,quantum/HS-RBF-ref-SVM,quantum,4,0.4444444444444444,0.2,"{""clf__C"": 1.0, ""clf__gamma_mult"": 1.0}",12.78073040000163
74,quantum/HS-RBF-ref-SVM,quantum,5,0.4444444444444444,0.3,"{""clf__C"": 0.1, ""clf__gamma_mult"": 0.25}",12.78073040000163
74,quantum/HS-RBF-ref-SVM,quantum,6,0.5555555555555556,0.3,"{""clf__C"": 0.1, ""clf__gamma_mult"": 0.25}",12.78073040000163
74,quantum/HS-RBF-ref-SVM,quantum,7,0.5555555555555556,0.24999999999999997,"{""clf__C"": 0.1, ""clf__gamma_mult"": 0.25}",12.78073040000163
74,quantum/HS-RBF-ref-SVM,quantum,8,0.2222222222222222,0.35,"{""clf__C"": 10.0, ""clf__gamma_mult"": 1.0}",12.78073040000163
74,quantum/HS-RBF-ref-SVM,quantum,9,0.5555555555555556,0.3,"{""clf__C"": 0.1, ""clf__gamma_mult"": 0.25}",12.78073040000163
74,quantum/HS-RBF-ref-SVM,quantum,10,0.4444444444444444,0.1,"{""clf__C"": 0.1, ""clf__gamma_mult"": 0.25}",12.78073040000163
74,quantum/HS-RBF-ref-SVM,quantum,11,0.4444444444444444,0.30000000000000004,"{""clf__C"": 1.0, ""clf__gamma_mult"": 4.0}",12.78073040000163
74,quantum/HS-RBF-ref-SVM,quantum,12,0.5555555555555556,0.39999999999999997,"{""clf__C"": 0.1, ""clf__gamma_mult"": 0.25}",12.78073040000163
74,quantum/HS-RBF-ref-SVM,quantum,13,0.4444444444444444,0.44999999999999996,"{""clf__C"": 10.0, ""clf__gamma_mult"": 4.0}",12.78073040000163
74,quantum/HS-RBF-ref-SVM,quantum,14,0.5555555555555556,0.35,"{""clf__C"": 0.1, ""clf__gamma_mult"": 0.25}",12.78073040000163
74,quantum/Bures-RBF-ref-SVM,quantum,0,0.4444444444444444,0.2,"{""clf__C"": 0.1, ""clf__gamma_mult"": 0.25}",16.913294300000416
74,quantum/Bures-RBF-ref-SVM,quantum,1,0.5555555555555556,0.14999999999999997,"{""clf__C"": 0.1, ""clf__gamma_mult"": 0.25}",16.913294300000416
74,quantum/Bures-RBF-ref-SVM,quantum,2,0.5555555555555556,0.25,"{""clf__C"": 0.1, ""clf__gamma_mult"": 0.25}",16.913294300000416
74,quantum/Bures-RBF-ref-SVM,quantum,3,0.5555555555555556,0.19999999999999998,"{""clf__C"": 0.1, ""clf__gamma_mult"": 0.25}",16.913294300000416
74,quantum/Bures-RBF-ref-SVM,quantum,4,0.5555555555555556,0.3,"{""clf__C"": 0.1, ""clf__gamma_mult"": 0.25}",16.913294300000416
74,quantum/Bures-RBF-ref-SVM,quantum,5,0.4444444444444444,0.2,"{""clf__C"": 0.1, ""clf__gamma_mult"": 0.25}",16.913294300000416
74,quantum/Bures-RBF-ref-SVM,quantum,6,0.5555555555555556,0.24999999999999997,"{""clf__C"": 0.1, ""clf__gamma_mult"": 0.25}",16.913294300000416
74,quantum/Bures-RBF-ref-SVM,quantum,7,0.5555555555555556,0.24999999999999997,"{""clf__C"": 0.1, ""clf__gamma_mult"": 0.25}",16.913294300000416
74,quantum/Bures-RBF-ref-SVM,quantum,8,0.2222222222222222,0.24999999999999997,"{""clf__C"": 10.0, ""clf__gamma_mult"": 1.0}",16.913294300000416
74,quantum/Bures-RBF-ref-SVM,quantum,9,0.5555555555555556,0.3,"{""clf__C"": 0.1, ""clf__gamma_mult"": 0.25}",16.913294300000416
74,quantum/Bures-RBF-ref-SVM,quantum,10,0.4444444444444444,0.1,"{""clf__C"": 0.1, ""clf__gamma_mult"": 0.25}",16.913294300000416
74,quantum/Bures-RBF-ref-SVM,quantum,11,0.3333333333333333,0.45,"{""clf__C"": 10.0, ""clf__gamma_mult"": 4.0}",16.913294300000416
74,quantum/Bures-RBF-ref-SVM,quantum,12,0.5555555555555556,0.35,"{""clf__C"": 0.1, ""clf__gamma_mult"": 0.25}",16.913294300000416
74,quantum/Bures-RBF-ref-SVM,quantum,13,0.5555555555555556,0.09999999999999998,"{""clf__C"": 0.1, ""clf__gamma_mult"": 0.25}",16.913294300000416
74,quantum/Bures-RBF-ref-SVM,quantum,14,0.5555555555555556,0.3,"{""clf__C"": 0.1, ""clf__gamma_mult"": 0.25}",16.913294300000416
74,quantum/QRE-RBF-ref-SVM,quantum,0,0.4444444444444444,0.2,"{""clf__C"": 0.1, ""clf__gamma_mult"": 0.25}",14.719516799999838
74,quantum/QRE-RBF-ref-SVM,quantum,1,0.5555555555555556,0.14999999999999997,"{""clf__C"": 0.1, ""clf__gamma_mult"": 0.25}",14.719516799999838
74,quantum/QRE-RBF-ref-SVM,quantum,2,0.5555555555555556,0.25,"{""clf__C"": 0.1, ""clf__gamma_mult"": 0.25}",14.719516799999838
74,quantum/QRE-RBF-ref-SVM,quantum,3,0.5555555555555556,0.19999999999999998,"{""clf__C"": 0.1, ""clf__gamma_mult"": 0.25}",14.719516799999838
74,quantum/QRE-RBF-ref-SVM,quantum,4,0.5555555555555556,0.3,"{""clf__C"": 0.1, ""clf__gamma_mult"": 0.25}",14.719516799999838
74,quantum/QRE-RBF-ref-SVM,quantum,5,0.4444444444444444,0.2,"{""clf__C"": 0.1, ""clf__gamma_mult"": 0.25}",14.719516799999838
74,quantum/QRE-RBF-ref-SVM,quantum,6,0.5555555555555556,0.19999999999999998,"{""clf__C"": 0.1, ""clf__gamma_mult"": 0.25}",14.719516799999838
74,quantum/QRE-RBF-ref-SVM,quantum,7,0.5555555555555556,0.24999999999999997,"{""clf__C"": 0.1, ""clf__gamma_mult"": 0.25}",14.719516799999838
74,quantum/QRE-RBF-ref-SVM,quantum,8,0.2222222222222222,0.24999999999999997,"{""clf__C"": 10.0, ""clf__gamma_mult"": 1.0}",14.719516799999838
74,quantum/QRE-RBF-ref-SVM,quantum,9,0.5555555555555556,0.3,"{""clf__C"": 0.1, ""clf__gamma_mult"": 0.25}",14.719516799999838
74,quantum/QRE-RBF-ref-SVM,quantum,10,0.4444444444444444,0.1,"{""clf__C"": 0.1, ""clf__gamma_mult"": 0.25}",14.719516799999838
74,quantum/QRE-RBF-ref-SVM,quantum,11,0.3333333333333333,0.35000000000000003,"{""clf__C"": 1.0, ""clf__gamma_mult"": 4.0}",14.719516799999838
74,quantum/QRE-RBF-ref-SVM,quantum,12,0.5555555555555556,0.35,"{""clf__C"": 0.1, ""clf__gamma_mult"": 0.25}",14.719516799999838
74,quantum/QRE-RBF-ref-SVM,quantum,13,0.5555555555555556,0.14999999999999997,"{""clf__C"": 0.1, ""clf__gamma_mult"": 0.25}",14.719516799999838
74,quantum/QRE-RBF-ref-SVM,quantum,14,0.5555555555555556,0.3,"{""clf__C"": 0.1, ""clf__gamma_mult"": 0.25}",14.719516799999838
74,quantum/IQP-kernel-SVM,quantum,0,0.3333333333333333,0.4,"{""clf__C"": 1.0, ""clf__scale"": 0.5}",20.72167730000001
74,quantum/IQP-kernel-SVM,quantum,1,0.3333333333333333,0.35,"{""clf__C"": 10.0, ""clf__scale"": 2.0}",20.72167730000001
74,quantum/IQP-kernel-SVM,quantum,2,0.3333333333333333,0.3,"{""clf__C"": 10.0, ""clf__scale"": 2.0}",20.72167730000001
74,quantum/IQP-kernel-SVM,quantum,3,0.5555555555555556,0.5499999999999999,"{""clf__C"": 1.0, ""clf__scale"": 2.0}",20.72167730000001
74,quantum/IQP-kernel-SVM,quantum,4,0.5555555555555556,0.19999999999999998,"{""clf__C"": 0.1, ""clf__scale"": 0.5}",20.72167730000001
74,quantum/IQP-kernel-SVM,quantum,5,0.4444444444444444,0.3,"{""clf__C"": 0.1, ""clf__scale"": 0.5}",20.72167730000001
74,quantum/IQP-kernel-SVM,quantum,6,0.5555555555555556,0.5,"{""clf__C"": 0.1, ""clf__scale"": 0.5}",20.72167730000001
74,quantum/IQP-kernel-SVM,quantum,7,0.3333333333333333,0.3,"{""clf__C"": 10.0, ""clf__scale"": 1.0}",20.72167730000001
74,quantum/IQP-kernel-SVM,quantum,8,0.5555555555555556,0.19999999999999998,"{""clf__C"": 0.1, ""clf__scale"": 0.5}",20.72167730000001
74,quantum/IQP-kernel-SVM,quantum,9,0.4444444444444444,0.2,"{""clf__C"": 1.0, ""clf__scale"": 2.0}",20.72167730000001
74,quantum/IQP-kernel-SVM,quantum,10,0.4444444444444444,0.45,"{""clf__C"": 0.1, ""clf__scale"": 0.5}",20.72167730000001
74,quantum/IQP-kernel-SVM,quantum,11,0.5555555555555556,0.65,"{""clf__C"": 10.0, ""clf__scale"": 0.5}",20.72167730000001
74,quantum/IQP-kernel-SVM,quantum,12,0.6666666666666666,0.55,"{""clf__C"": 10.0, ""clf__scale"": 1.0}",20.72167730000001
74,quantum/IQP-kernel-SVM,quantum,13,0.4444444444444444,0.44999999999999996,"{""clf__C"": 10.0, ""clf__scale"": 2.0}",20.72167730000001
74,quantum/IQP-kernel-SVM,quantum,14,0.5555555555555556,0.6,"{""clf__C"": 0.1, ""clf__scale"": 0.5}",20.72167730000001
74,quantum/CNOT-kernel-SVM,quantum,0,0.3333333333333333,0.25,"{""clf__C"": 10.0, ""clf__scale"": 0.5}",18.54956990000028
74,quantum/CNOT-kernel-SVM,quantum,1,0.2222222222222222,0.0,"{""clf__C"": 10.0, ""clf__scale"": 1.0}",18.54956990000028
74,quantum/CNOT-kernel-SVM,quantum,2,0.6666666666666666,0.65,"{""clf__C"": 1.0, ""clf__scale"": 2.0}",18.54956990000028
74,quantum/CNOT-kernel-SVM,quantum,3,0.5555555555555556,0.25,"{""clf__C"": 0.1, ""clf__scale"": 0.5}",18.54956990000028
74,quantum/CNOT-kernel-SVM,quantum,4,0.5555555555555556,0.2,"{""clf__C"": 0.1, ""clf__scale"": 0.5}",18.54956990000028
74,quantum/CNOT-kernel-SVM,quantum,5,0.4444444444444444,0.45,"{""clf__C"": 0.1, ""clf__scale"": 0.5}",18.54956990000028
74,quantum/CNOT-kernel-SVM,quantum,6,0.5555555555555556,0.35,"{""clf__C"": 0.1, ""clf__scale"": 0.5}",18.54956990000028
74,quantum/CNOT-kernel-SVM,quantum,7,0.4444444444444444,0.39999999999999997,"{""clf__C"": 10.0, ""clf__scale"": 0.5}",18.54956990000028
74,quantum/CNOT-kernel-SVM,quantum,8,0.5555555555555556,0.1,"{""clf__C"": 0.1, ""clf__scale"": 0.5}",18.54956990000028
74,quantum/CNOT-kernel-SVM,quantum,9,0.5555555555555556,0.4,"{""clf__C"": 0.1, ""clf__scale"": 0.5}",18.54956990000028
74,quantum/CNOT-kernel-SVM,quantum,10,0.4444444444444444,0.15000000000000002,"{""clf__C"": 0.1, ""clf__scale"": 0.5}",18.54956990000028
74,quantum/CNOT-kernel-SVM,quantum,11,0.4444444444444444,0.5,"{""clf__C"": 10.0, ""clf__scale"": 2.0}",18.54956990000028
74,quantum/CNOT-kernel-SVM,quantum,12,0.5555555555555556,0.04999999999999999,"{""clf__C"": 0.1, ""clf__scale"": 0.5}",18.54956990000028
74,quantum/CNOT-kernel-SVM,quantum,13,0.4444444444444444,0.6,"{""clf__C"": 1.0, ""clf__scale"": 2.0}",18.54956990000028
74,quantum/CNOT-kernel-SVM,quantum,14,0.5555555555555556,0.35,"{""clf__C"": 0.1, ""clf__scale"": 0.5}",18.54956990000028
74,control/IQP-no-entangle,control,0,0.5555555555555556,0.4,"{""clf__C"": 10.0, ""clf__scale"": 0.5}",17.21997030000057
74,control/IQP-no-entangle,control,1,0.5555555555555556,0.3,"{""clf__C"": 10.0, ""clf__scale"": 2.0}",17.21997030000057
74,control/IQP-no-entangle,control,2,0.6666666666666666,0.7,"{""clf__C"": 10.0, ""clf__scale"": 2.0}",17.21997030000057
74,control/IQP-no-entangle,control,3,0.4444444444444444,0.49999999999999994,"{""clf__C"": 1.0, ""clf__scale"": 2.0}",17.21997030000057
74,control/IQP-no-entangle,control,4,0.5555555555555556,0.2,"{""clf__C"": 0.1, ""clf__scale"": 0.5}",17.21997030000057
74,control/IQP-no-entangle,control,5,0.4444444444444444,0.45,"{""clf__C"": 0.1, ""clf__scale"": 0.5}",17.21997030000057
74,control/IQP-no-entangle,control,6,0.5555555555555556,0.19999999999999996,"{""clf__C"": 0.1, ""clf__scale"": 0.5}",17.21997030000057
74,control/IQP-no-entangle,control,7,0.4444444444444444,0.3,"{""clf__C"": 10.0, ""clf__scale"": 0.5}",17.21997030000057
74,control/IQP-no-entangle,control,8,0.5555555555555556,0.55,"{""clf__C"": 1.0, ""clf__scale"": 2.0}",17.21997030000057
74,control/IQP-no-entangle,control,9,0.5555555555555556,0.45,"{""clf__C"": 0.1, ""clf__scale"": 0.5}",17.21997030000057
74,control/IQP-no-entangle,control,10,0.4444444444444444,0.2,"{""clf__C"": 0.1, ""clf__scale"": 0.5}",17.21997030000057
74,control/IQP-no-entangle,control,11,0.4444444444444444,0.25,"{""clf__C"": 10.0, ""clf__scale"": 1.0}",17.21997030000057
74,control/IQP-no-entangle,control,12,0.4444444444444444,0.2,"{""clf__C"": 10.0, ""clf__scale"": 0.5}",17.21997030000057
74,control/IQP-no-entangle,control,13,0.5555555555555556,0.2,"{""clf__C"": 0.1, ""clf__scale"": 0.5}",17.21997030000057
74,control/IQP-no-entangle,control,14,0.3333333333333333,0.09999999999999998,"{""clf__C"": 1.0, ""clf__scale"": 1.0}",17.21997030000057
74,control/PCA-matched-RBF,control,0,0.4444444444444444,0.45,"{""clf__C"": 10.0, ""clf__gamma"": 0.1}",13.47405880000042
74,control/PCA-matched-RBF,control,1,0.3333333333333333,0.0,"{""clf__C"": 10.0, ""clf__gamma"": ""scale""}",13.47405880000042
74,control/PCA-matched-RBF,control,2,0.5555555555555556,0.5,"{""clf__C"": 0.1, ""clf__gamma"": ""scale""}",13.47405880000042
74,control/PCA-matched-RBF,control,3,0.5555555555555556,0.3,"{""clf__C"": 0.1, ""clf__gamma"": ""scale""}",13.47405880000042
74,control/PCA-matched-RBF,control,4,0.5555555555555556,0.19999999999999998,"{""clf__C"": 0.1, ""clf__gamma"": ""scale""}",13.47405880000042
74,control/PCA-matched-RBF,control,5,0.4444444444444444,0.5,"{""clf__C"": 0.1, ""clf__gamma"": ""scale""}",13.47405880000042
74,control/PCA-matched-RBF,control,6,0.5555555555555556,0.29999999999999993,"{""clf__C"": 0.1, ""clf__gamma"": ""scale""}",13.47405880000042
74,control/PCA-matched-RBF,control,7,0.4444444444444444,0.35,"{""clf__C"": 10.0, ""clf__gamma"": 0.1}",13.47405880000042
74,control/PCA-matched-RBF,control,8,0.5555555555555556,0.1,"{""clf__C"": 0.1, ""clf__gamma"": ""scale""}",13.47405880000042
74,control/PCA-matched-RBF,control,9,0.5555555555555556,0.25,"{""clf__C"": 0.1, ""clf__gamma"": ""scale""}",13.47405880000042
74,control/PCA-matched-RBF,control,10,0.4444444444444444,0.5,"{""clf__C"": 0.1, ""clf__gamma"": ""scale""}",13.47405880000042
74,control/PCA-matched-RBF,control,11,0.4444444444444444,0.3,"{""clf__C"": 10.0, ""clf__gamma"": ""scale""}",13.47405880000042
74,control/PCA-matched-RBF,control,12,0.5555555555555556,0.15,"{""clf__C"": 0.1, ""clf__gamma"": ""scale""}",13.47405880000042
74,control/PCA-matched-RBF,control,13,0.5555555555555556,0.25,"{""clf__C"": 0.1, ""clf__gamma"": ""scale""}",13.47405880000042
74,control/PCA-matched-RBF,control,14,0.5555555555555556,0.14999999999999997,"{""clf__C"": 0.1, ""clf__gamma"": ""scale""}",13.47405880000042
74,control/PCA-matched-linear,control,0,0.4444444444444444,0.5,"{""clf__C"": 0.1}",4.858089100000143
74,control/PCA-matched-linear,control,1,0.5555555555555556,0.25,"{""clf__C"": 0.1}",4.858089100000143
74,control/PCA-matched-linear,control,2,0.3333333333333333,0.15,"{""clf__C"": 10.0}",4.858089100000143
74,control/PCA-matched-linear,control,3,0.5555555555555556,0.35,"{""clf__C"": 0.1}",4.858089100000143
74,control/PCA-matched-linear,control,4,0.5555555555555556,0.15,"{""clf__C"": 0.1}",4.858089100000143
74,control/PCA-matched-linear,control,5,0.4444444444444444,0.35,"{""clf__C"": 0.1}",4.858089100000143
74,control/PCA-matched-linear,control,6,0.5555555555555556,0.15,"{""clf__C"": 0.1}",4.858089100000143
74,control/PCA-matched-linear,control,7,0.2222222222222222,0.19999999999999998,"{""clf__C"": 1.0}",4.858089100000143
74,control/PCA-matched-linear,control,8,0.5555555555555556,0.15,"{""clf__C"": 0.1}",4.858089100000143
74,control/PCA-matched-linear,control,9,0.5555555555555556,0.25,"{""clf__C"": 0.1}",4.858089100000143
74,control/PCA-matched-linear,control,10,0.4444444444444444,0.1,"{""clf__C"": 0.1}",4.858089100000143
74,control/PCA-matched-linear,control,11,0.5555555555555556,0.39999999999999997,"{""clf__C"": 0.1}",4.858089100000143
74,control/PCA-matched-linear,control,12,0.5555555555555556,0.0,"{""clf__C"": 0.1}",4.858089100000143
74,control/PCA-matched-linear,control,13,0.5555555555555556,0.04999999999999999,"{""clf__C"": 0.1}",4.858089100000143
74,control/PCA-matched-linear,control,14,0.5555555555555556,0.35,"{""clf__C"": 0.1}",4.858089100000143
74,control/logeuclid-TS+LR,control,0,0.4444444444444444,0.1,"{""clf__C"": 0.1}",4.293293000000631
74,control/logeuclid-TS+LR,control,1,0.2222222222222222,0.4,"{""clf__C"": 0.1}",4.293293000000631
74,control/logeuclid-TS+LR,control,2,0.5555555555555556,0.5499999999999999,"{""clf__C"": 0.1}",4.293293000000631
74,control/logeuclid-TS+LR,control,3,0.7777777777777778,0.5,"{""clf__C"": 0.1}",4.293293000000631
74,control/logeuclid-TS+LR,control,4,0.4444444444444444,0.35,"{""clf__C"": 1.0}",4.293293000000631
74,control/logeuclid-TS+LR,control,5,0.4444444444444444,0.30000000000000004,"{""clf__C"": 1.0}",4.293293000000631
74,control/logeuclid-TS+LR,control,6,0.4444444444444444,0.45,"{""clf__C"": 0.1}",4.293293000000631
74,control/logeuclid-TS+LR,control,7,0.6666666666666666,0.5,"{""clf__C"": 0.1}",4.293293000000631
74,control/logeuclid-TS+LR,control,8,0.4444444444444444,0.25,"{""clf__C"": 0.1}",4.293293000000631
74,control/logeuclid-TS+LR,control,9,0.4444444444444444,0.25,"{""clf__C"": 0.1}",4.293293000000631
74,control/logeuclid-TS+LR,control,10,0.4444444444444444,0.39999999999999997,"{""clf__C"": 0.1}",4.293293000000631
74,control/logeuclid-TS+LR,control,11,0.3333333333333333,0.39999999999999997,"{""clf__C"": 0.1}",4.293293000000631
74,control/logeuclid-TS+LR,control,12,0.4444444444444444,0.39999999999999997,"{""clf__C"": 0.1}",4.293293000000631
74,control/logeuclid-TS+LR,control,13,0.4444444444444444,0.15,"{""clf__C"": 0.1}",4.293293000000631
74,control/logeuclid-TS+LR,control,14,0.4444444444444444,0.39999999999999997,"{""clf__C"": 0.1}",4.293293000000631
74,control/riemann-kernel-SVM,control,0,0.4444444444444444,0.05,"{""clf__C"": 0.1}",4.434275899999193
74,control/riemann-kernel-SVM,control,1,0.5555555555555556,0.09999999999999998,"{""clf__C"": 0.1}",4.434275899999193
74,control/riemann-kernel-SVM,control,2,0.5555555555555556,0.19999999999999998,"{""clf__C"": 0.1}",4.434275899999193
74,control/riemann-kernel-SVM,control,3,0.5555555555555556,0.1,"{""clf__C"": 0.1}",4.434275899999193
74,control/riemann-kernel-SVM,control,4,0.5555555555555556,0.2,"{""clf__C"": 0.1}",4.434275899999193
74,control/riemann-kernel-SVM,control,5,0.4444444444444444,0.15,"{""clf__C"": 0.1}",4.434275899999193
74,control/riemann-kernel-SVM,control,6,0.5555555555555556,0.14999999999999997,"{""clf__C"": 0.1}",4.434275899999193
74,control/riemann-kernel-SVM,control,7,0.5555555555555556,0.19999999999999996,"{""clf__C"": 0.1}",4.434275899999193
74,control/riemann-kernel-SVM,control,8,0.5555555555555556,0.3,"{""clf__C"": 0.1}",4.434275899999193
74,control/riemann-kernel-SVM,control,9,0.5555555555555556,0.3,"{""clf__C"": 0.1}",4.434275899999193
74,control/riemann-kernel-SVM,control,10,0.4444444444444444,0.15,"{""clf__C"": 0.1}",4.434275899999193
74,control/riemann-kernel-SVM,control,11,0.5555555555555556,0.4,"{""clf__C"": 0.1}",4.434275899999193
74,control/riemann-kernel-SVM,control,12,0.5555555555555556,0.3,"{""clf__C"": 0.1}",4.434275899999193
74,control/riemann-kernel-SVM,control,13,0.5555555555555556,0.15,"{""clf__C"": 0.1}",4.434275899999193
74,control/riemann-kernel-SVM,control,14,0.5555555555555556,0.35,"{""clf__C"": 0.1}",4.434275899999193
74,control/logeuclid-kernel-SVM,control,0,0.4444444444444444,0.15,"{""clf__C"": 0.1}",4.4049617999990005
74,control/logeuclid-kernel-SVM,control,1,0.5555555555555556,0.09999999999999998,"{""clf__C"": 0.1}",4.4049617999990005
74,control/logeuclid-kernel-SVM,control,2,0.5555555555555556,0.15,"{""clf__C"": 0.1}",4.4049617999990005
74,control/logeuclid-kernel-SVM,control,3,0.5555555555555556,0.0,"{""clf__C"": 0.1}",4.4049617999990005
74,control/logeuclid-kernel-SVM,control,4,0.5555555555555556,0.25,"{""clf__C"": 0.1}",4.4049617999990005
74,control/logeuclid-kernel-SVM,control,5,0.4444444444444444,0.2,"{""clf__C"": 0.1}",4.4049617999990005
74,control/logeuclid-kernel-SVM,control,6,0.5555555555555556,0.14999999999999997,"{""clf__C"": 0.1}",4.4049617999990005
74,control/logeuclid-kernel-SVM,control,7,0.5555555555555556,0.24999999999999997,"{""clf__C"": 0.1}",4.4049617999990005
74,control/logeuclid-kernel-SVM,control,8,0.5555555555555556,0.19999999999999998,"{""clf__C"": 0.1}",4.4049617999990005
74,control/logeuclid-kernel-SVM,control,9,0.5555555555555556,0.3,"{""clf__C"": 0.1}",4.4049617999990005
74,control/logeuclid-kernel-SVM,control,10,0.4444444444444444,0.15,"{""clf__C"": 0.1}",4.4049617999990005
74,control/logeuclid-kernel-SVM,control,11,0.5555555555555556,0.39999999999999997,"{""clf__C"": 0.1}",4.4049617999990005
74,control/logeuclid-kernel-SVM,control,12,0.5555555555555556,0.35,"{""clf__C"": 0.1}",4.4049617999990005
74,control/logeuclid-kernel-SVM,control,13,0.5555555555555556,0.15,"{""clf__C"": 0.1}",4.4049617999990005
74,control/logeuclid-kernel-SVM,control,14,0.5555555555555556,0.35,"{""clf__C"": 0.1}",4.4049617999990005
75,classical/logvar+LDA,classical,0,0.5555555555555556,0.55,{},0.07286980000026233
75,classical/logvar+LDA,classical,1,0.5555555555555556,0.7,{},0.07286980000026233
75,classical/logvar+LDA,classical,2,0.6666666666666666,0.7,{},0.07286980000026233
75,classical/logvar+LDA,classical,3,0.7777777777777778,0.8,{},0.07286980000026233
75,classical/logvar+LDA,classical,4,0.7777777777777778,0.8,{},0.07286980000026233
75,classical/logvar+LDA,classical,5,0.6666666666666666,0.75,{},0.07286980000026233
75,classical/logvar+LDA,classical,6,0.5555555555555556,0.65,{},0.07286980000026233
75,classical/logvar+LDA,classical,7,0.6666666666666666,0.55,{},0.07286980000026233
75,classical/logvar+LDA,classical,8,0.4444444444444444,0.6,{},0.07286980000026233
75,classical/logvar+LDA,classical,9,0.7777777777777778,0.75,{},0.07286980000026233
75,classical/logvar+LDA,classical,10,0.5555555555555556,0.55,{},0.07286980000026233
75,classical/logvar+LDA,classical,11,0.7777777777777778,0.9500000000000001,{},0.07286980000026233
75,classical/logvar+LDA,classical,12,0.7777777777777778,0.8,{},0.07286980000026233
75,classical/logvar+LDA,classical,13,0.6666666666666666,0.6000000000000001,{},0.07286980000026233
75,classical/logvar+LDA,classical,14,0.5555555555555556,0.45,{},0.07286980000026233
75,classical/CSP+LDA,classical,0,0.5555555555555556,0.6,"{""csp__nfilter"": 6}",3.796695799999725
75,classical/CSP+LDA,classical,1,0.6666666666666666,0.75,"{""csp__nfilter"": 4}",3.796695799999725
75,classical/CSP+LDA,classical,2,0.6666666666666666,0.9,"{""csp__nfilter"": 6}",3.796695799999725
75,classical/CSP+LDA,classical,3,0.7777777777777778,0.95,"{""csp__nfilter"": 4}",3.796695799999725
75,classical/CSP+LDA,classical,4,0.8888888888888888,1.0,"{""csp__nfilter"": 4}",3.796695799999725
75,classical/CSP+LDA,classical,5,0.8888888888888888,0.9500000000000001,"{""csp__nfilter"": 6}",3.796695799999725
75,classical/CSP+LDA,classical,6,0.5555555555555556,0.8500000000000001,"{""csp__nfilter"": 6}",3.796695799999725
75,classical/CSP+LDA,classical,7,0.5555555555555556,0.7,"{""csp__nfilter"": 4}",3.796695799999725
75,classical/CSP+LDA,classical,8,0.3333333333333333,0.35000000000000003,"{""csp__nfilter"": 6}",3.796695799999725
75,classical/CSP+LDA,classical,9,0.7777777777777778,0.85,"{""csp__nfilter"": 4}",3.796695799999725
75,classical/CSP+LDA,classical,10,0.4444444444444444,0.65,"{""csp__nfilter"": 2}",3.796695799999725
75,classical/CSP+LDA,classical,11,1.0,1.0,"{""csp__nfilter"": 4}",3.796695799999725
75,classical/CSP+LDA,classical,12,0.7777777777777778,0.95,"{""csp__nfilter"": 6}",3.796695799999725
75,classical/CSP+LDA,classical,13,0.6666666666666666,0.65,"{""csp__nfilter"": 4}",3.796695799999725
75,classical/CSP+LDA,classical,14,0.5555555555555556,0.8,"{""csp__nfilter"": 4}",3.796695799999725
75,classical/MDM,classical,0,0.6666666666666666,0.55,{},0.4505306999999448
75,classical/MDM,classical,1,0.6666666666666666,0.75,{},0.4505306999999448
75,classical/MDM,classical,2,0.5555555555555556,0.8,{},0.4505306999999448
75,classical/MDM,classical,3,0.8888888888888888,0.95,{},0.4505306999999448
75,classical/MDM,classical,4,0.8888888888888888,0.95,{},0.4505306999999448
75,classical/MDM,classical,5,0.7777777777777778,0.8,{},0.4505306999999448
75,classical/MDM,classical,6,0.5555555555555556,0.8500000000000001,{},0.4505306999999448
75,classical/MDM,classical,7,0.6666666666666666,0.7,{},0.4505306999999448
75,classical/MDM,classical,8,0.4444444444444444,0.45,{},0.4505306999999448
75,classical/MDM,classical,9,0.7777777777777778,0.65,{},0.4505306999999448
75,classical/MDM,classical,10,0.6666666666666666,0.65,{},0.4505306999999448
75,classical/MDM,classical,11,0.7777777777777778,0.9500000000000001,{},0.4505306999999448
75,classical/MDM,classical,12,0.8888888888888888,1.0,{},0.4505306999999448
75,classical/MDM,classical,13,0.5555555555555556,0.65,{},0.4505306999999448
75,classical/MDM,classical,14,0.5555555555555556,0.65,{},0.4505306999999448
75,classical/TS+LR,classical,0,0.5555555555555556,0.6,"{""clf__C"": 0.1}",4.749652599999536
75,classical/TS+LR,classical,1,0.8888888888888888,1.0,"{""clf__C"": 0.1}",4.749652599999536
75,classical/TS+LR,classical,2,0.6666666666666666,0.75,"{""clf__C"": 0.1}",4.749652599999536
75,classical/TS+LR,classical,3,1.0,1.0,"{""clf__C"": 0.1}",4.749652599999536
75,classical/TS+LR,classical,4,0.8888888888888888,0.9,"{""clf__C"": 1.0}",4.749652599999536
75,classical/TS+LR,classical,5,0.7777777777777778,0.9,"{""clf__C"": 1.0}",4.749652599999536
75,classical/TS+LR,classical,6,0.6666666666666666,0.75,"{""clf__C"": 0.1}",4.749652599999536
75,classical/TS+LR,classical,7,0.6666666666666666,0.75,"{""clf__C"": 10.0}",4.749652599999536
75,classical/TS+LR,classical,8,0.5555555555555556,0.6500000000000001,"{""clf__C"": 1.0}",4.749652599999536
75,classical/TS+LR,classical,9,0.8888888888888888,0.85,"{""clf__C"": 0.1}",4.749652599999536
75,classical/TS+LR,classical,10,0.7777777777777778,0.75,"{""clf__C"": 1.0}",4.749652599999536
75,classical/TS+LR,classical,11,0.8888888888888888,1.0,"{""clf__C"": 0.1}",4.749652599999536
75,classical/TS+LR,classical,12,0.7777777777777778,0.7500000000000001,"{""clf__C"": 1.0}",4.749652599999536
75,classical/TS+LR,classical,13,0.6666666666666666,0.8,"{""clf__C"": 1.0}",4.749652599999536
75,classical/TS+LR,classical,14,0.7777777777777778,0.85,"{""clf__C"": 0.1}",4.749652599999536
75,classical/TS+RBF-SVM,classical,0,0.6666666666666666,0.7000000000000001,"{""clf__C"": 1.0, ""clf__gamma"": ""scale""}",12.636734600000636
75,classical/TS+RBF-SVM,classical,1,0.8888888888888888,1.0,"{""clf__C"": 1.0, ""clf__gamma"": ""scale""}",12.636734600000636
75,classical/TS+RBF-SVM,classical,2,0.5555555555555556,0.7,"{""clf__C"": 10.0, ""clf__gamma"": 0.01}",12.636734600000636
75,classical/TS+RBF-SVM,classical,3,0.7777777777777778,0.95,"{""clf__C"": 1.0, ""clf__gamma"": 0.01}",12.636734600000636
75,classical/TS+RBF-SVM,classical,4,0.7777777777777778,0.8,"{""clf__C"": 10.0, ""clf__gamma"": 0.1}",12.636734600000636
75,classical/TS+RBF-SVM,classical,5,0.8888888888888888,0.9500000000000001,"{""clf__C"": 1.0, ""clf__gamma"": ""scale""}",12.636734600000636
75,classical/TS+RBF-SVM,classical,6,0.6666666666666666,0.8,"{""clf__C"": 10.0, ""clf__gamma"": ""scale""}",12.636734600000636
75,classical/TS+RBF-SVM,classical,7,0.6666666666666666,0.8,"{""clf__C"": 1.0, ""clf__gamma"": ""scale""}",12.636734600000636
75,classical/TS+RBF-SVM,classical,8,0.5555555555555556,0.45,"{""clf__C"": 1.0, ""clf__gamma"": ""scale""}",12.636734600000636
75,classical/TS+RBF-SVM,classical,9,0.7777777777777778,0.85,"{""clf__C"": 1.0, ""clf__gamma"": 0.01}",12.636734600000636
75,classical/TS+RBF-SVM,classical,10,0.6666666666666666,0.75,"{""clf__C"": 10.0, ""clf__gamma"": 0.01}",12.636734600000636
75,classical/TS+RBF-SVM,classical,11,0.8888888888888888,1.0,"{""clf__C"": 1.0, ""clf__gamma"": 0.01}",12.636734600000636
75,classical/TS+RBF-SVM,classical,12,0.7777777777777778,0.85,"{""clf__C"": 1.0, ""clf__gamma"": ""scale""}",12.636734600000636
75,classical/TS+RBF-SVM,classical,13,0.6666666666666666,0.75,"{""clf__C"": 10.0, ""clf__gamma"": 0.01}",12.636734600000636
75,classical/TS+RBF-SVM,classical,14,0.6666666666666666,0.85,"{""clf__C"": 1.0, ""clf__gamma"": 0.01}",12.636734600000636
75,quantum/HS-overlap-SVM,quantum,0,0.5555555555555556,0.49999999999999994,"{""clf__C"": 10.0}",3.8136254000000918
75,quantum/HS-overlap-SVM,quantum,1,0.5555555555555556,0.8,"{""clf__C"": 10.0}",3.8136254000000918
75,quantum/HS-overlap-SVM,quantum,2,0.6666666666666666,0.9,"{""clf__C"": 10.0}",3.8136254000000918
75,quantum/HS-overlap-SVM,quantum,3,0.8888888888888888,1.0,"{""clf__C"": 10.0}",3.8136254000000918
75,quantum/HS-overlap-SVM,quantum,4,0.7777777777777778,0.95,"{""clf__C"": 10.0}",3.8136254000000918
75,quantum/HS-overlap-SVM,quantum,5,0.5555555555555556,1.0,"{""clf__C"": 10.0}",3.8136254000000918
75,quantum/HS-overlap-SVM,quantum,6,0.7777777777777778,0.8,"{""clf__C"": 10.0}",3.8136254000000918
75,quantum/HS-overlap-SVM,quantum,7,0.7777777777777778,0.75,"{""clf__C"": 10.0}",3.8136254000000918
75,quantum/HS-overlap-SVM,quantum,8,0.4444444444444444,0.7500000000000001,"{""clf__C"": 10.0}",3.8136254000000918
75,quantum/HS-overlap-SVM,quantum,9,0.7777777777777778,0.85,"{""clf__C"": 10.0}",3.8136254000000918
75,quantum/HS-overlap-SVM,quantum,10,0.6666666666666666,0.85,"{""clf__C"": 10.0}",3.8136254000000918
75,quantum/HS-overlap-SVM,quantum,11,0.7777777777777778,1.0,"{""clf__C"": 10.0}",3.8136254000000918
75,quantum/HS-overlap-SVM,quantum,12,0.7777777777777778,0.85,"{""clf__C"": 10.0}",3.8136254000000918
75,quantum/HS-overlap-SVM,quantum,13,0.8888888888888888,0.95,"{""clf__C"": 10.0}",3.8136254000000918
75,quantum/HS-overlap-SVM,quantum,14,0.5555555555555556,0.8,"{""clf__C"": 10.0}",3.8136254000000918
75,quantum/Fidelity-SVM,quantum,0,0.4444444444444444,0.49999999999999994,"{""clf__C"": 10.0}",5.324168999999529
75,quantum/Fidelity-SVM,quantum,1,1.0,1.0,"{""clf__C"": 10.0}",5.324168999999529
75,quantum/Fidelity-SVM,quantum,2,0.6666666666666666,1.0,"{""clf__C"": 10.0}",5.324168999999529
75,quantum/Fidelity-SVM,quantum,3,1.0,1.0,"{""clf__C"": 10.0}",5.324168999999529
75,quantum/Fidelity-SVM,quantum,4,0.8888888888888888,1.0,"{""clf__C"": 10.0}",5.324168999999529
75,quantum/Fidelity-SVM,quantum,5,1.0,1.0,"{""clf__C"": 10.0}",5.324168999999529
75,quantum/Fidelity-SVM,quantum,6,0.6666666666666666,0.8,"{""clf__C"": 10.0}",5.324168999999529
75,quantum/Fidelity-SVM,quantum,7,0.7777777777777778,0.9,"{""clf__C"": 10.0}",5.324168999999529
75,quantum/Fidelity-SVM,quantum,8,0.5555555555555556,0.7,"{""clf__C"": 10.0}",5.324168999999529
75,quantum/Fidelity-SVM,quantum,9,0.8888888888888888,0.8,"{""clf__C"": 10.0}",5.324168999999529
75,quantum/Fidelity-SVM,quantum,10,0.7777777777777778,0.9500000000000001,"{""clf__C"": 10.0}",5.324168999999529
75,quantum/Fidelity-SVM,quantum,11,0.8888888888888888,1.0,"{""clf__C"": 10.0}",5.324168999999529
75,quantum/Fidelity-SVM,quantum,12,0.7777777777777778,0.85,"{""clf__C"": 10.0}",5.324168999999529
75,quantum/Fidelity-SVM,quantum,13,0.7777777777777778,0.9,"{""clf__C"": 10.0}",5.324168999999529
75,quantum/Fidelity-SVM,quantum,14,0.7777777777777778,0.8,"{""clf__C"": 10.0}",5.324168999999529
75,quantum/HS-RBF-SVM,quantum,0,0.6666666666666666,0.6,"{""clf__C"": 10.0, ""clf__gamma_mult"": 1.0}",10.630979199999274
75,quantum/HS-RBF-SVM,quantum,1,0.6666666666666666,0.9500000000000001,"{""clf__C"": 1.0, ""clf__gamma_mult"": 0.25}",10.630979199999274
75,quantum/HS-RBF-SVM,quantum,2,0.7777777777777778,0.9,"{""clf__C"": 1.0, ""clf__gamma_mult"": 0.25}",10.630979199999274
75,quantum/HS-RBF-SVM,quantum,3,1.0,1.0,"{""clf__C"": 10.0, ""clf__gamma_mult"": 0.25}",10.630979199999274
75,quantum/HS-RBF-SVM,quantum,4,0.8888888888888888,0.85,"{""clf__C"": 10.0, ""clf__gamma_mult"": 1.0}",10.630979199999274
75,quantum/HS-RBF-SVM,quantum,5,0.8888888888888888,1.0,"{""clf__C"": 10.0, ""clf__gamma_mult"": 1.0}",10.630979199999274
75,quantum/HS-RBF-SVM,quantum,6,0.6666666666666666,0.7,"{""clf__C"": 10.0, ""clf__gamma_mult"": 0.25}",10.630979199999274
75,quantum/HS-RBF-SVM,quantum,7,0.7777777777777778,0.9,"{""clf__C"": 10.0, ""clf__gamma_mult"": 1.0}",10.630979199999274
75,quantum/HS-RBF-SVM,quantum,8,0.3333333333333333,0.5,"{""clf__C"": 10.0, ""clf__gamma_mult"": 1.0}",10.630979199999274
75,quantum/HS-RBF-SVM,quantum,9,0.8888888888888888,0.85,"{""clf__C"": 10.0, ""clf__gamma_mult"": 0.25}",10.630979199999274
75,quantum/HS-RBF-SVM,quantum,10,0.6666666666666666,0.9,"{""clf__C"": 10.0, ""clf__gamma_mult"": 0.25}",10.630979199999274
75,quantum/HS-RBF-SVM,quantum,11,0.8888888888888888,0.9,"{""clf__C"": 10.0, ""clf__gamma_mult"": 1.0}",10.630979199999274
75,quantum/HS-RBF-SVM,quantum,12,0.5555555555555556,0.65,"{""clf__C"": 10.0, ""clf__gamma_mult"": 0.25}",10.630979199999274
75,quantum/HS-RBF-SVM,quantum,13,1.0,1.0,"{""clf__C"": 10.0, ""clf__gamma_mult"": 1.0}",10.630979199999274
75,quantum/HS-RBF-SVM,quantum,14,0.6666666666666666,0.75,"{""clf__C"": 10.0, ""clf__gamma_mult"": 0.25}",10.630979199999274
75,quantum/Bures-RBF-SVM,quantum,0,0.5555555555555556,0.5499999999999999,"{""clf__C"": 1.0, ""clf__gamma_mult"": 1.0}",14.250476799999888
75,quantum/Bures-RBF-SVM,quantum,1,1.0,1.0,"{""clf__C"": 1.0, ""clf__gamma_mult"": 0.25}",14.250476799999888
75,quantum/Bures-RBF-SVM,quantum,2,0.6666666666666666,1.0,"{""clf__C"": 1.0, ""clf__gamma_mult"": 0.25}",14.250476799999888
75,quantum/Bures-RBF-SVM,quantum,3,1.0,1.0,"{""clf__C"": 10.0, ""clf__gamma_mult"": 1.0}",14.250476799999888
75,quantum/Bures-RBF-SVM,quantum,4,0.8888888888888888,0.9,"{""clf__C"": 1.0, ""clf__gamma_mult"": 1.0}",14.250476799999888
75,quantum/Bures-RBF-SVM,quantum,5,1.0,1.0,"{""clf__C"": 10.0, ""clf__gamma_mult"": 1.0}",14.250476799999888
75,quantum/Bures-RBF-SVM,quantum,6,0.6666666666666666,0.7,"{""clf__C"": 10.0, ""clf__gamma_mult"": 0.25}",14.250476799999888
75,quantum/Bures-RBF-SVM,quantum,7,0.8888888888888888,0.9,"{""clf__C"": 10.0, ""clf__gamma_mult"": 1.0}",14.250476799999888
75,quantum/Bures-RBF-SVM,quantum,8,0.5555555555555556,0.65,"{""clf__C"": 1.0, ""clf__gamma_mult"": 1.0}",14.250476799999888
75,quantum/Bures-RBF-SVM,quantum,9,0.8888888888888888,0.8,"{""clf__C"": 1.0, ""clf__gamma_mult"": 0.25}",14.250476799999888
75,quantum/Bures-RBF-SVM,quantum,10,0.7777777777777778,0.85,"{""clf__C"": 1.0, ""clf__gamma_mult"": 1.0}",14.250476799999888
75,quantum/Bures-RBF-SVM,quantum,11,0.8888888888888888,0.9500000000000001,"{""clf__C"": 10.0, ""clf__gamma_mult"": 1.0}",14.250476799999888
75,quantum/Bures-RBF-SVM,quantum,12,0.6666666666666666,0.8,"{""clf__C"": 1.0, ""clf__gamma_mult"": 1.0}",14.250476799999888
75,quantum/Bures-RBF-SVM,quantum,13,0.8888888888888888,0.9,"{""clf__C"": 1.0, ""clf__gamma_mult"": 0.25}",14.250476799999888
75,quantum/Bures-RBF-SVM,quantum,14,0.7777777777777778,0.75,"{""clf__C"": 1.0, ""clf__gamma_mult"": 0.25}",14.250476799999888
75,quantum/QRE-RBF-SVM,quantum,0,0.6666666666666666,0.7000000000000001,"{""clf__C"": 10.0, ""clf__gamma_mult"": 1.0}",12.414327000000412
75,quantum/QRE-RBF-SVM,quantum,1,0.7777777777777778,1.0,"{""clf__C"": 1.0, ""clf__gamma_mult"": 0.25}",12.414327000000412
75,quantum/QRE-RBF-SVM,quantum,2,0.6666666666666666,1.0,"{""clf__C"": 1.0, ""clf__gamma_mult"": 0.25}",12.414327000000412
75,quantum/QRE-RBF-SVM,quantum,3,1.0,1.0,"{""clf__C"": 10.0, ""clf__gamma_mult"": 1.0}",12.414327000000412
75,quantum/QRE-RBF-SVM,quantum,4,0.8888888888888888,0.9,"{""clf__C"": 1.0, ""clf__gamma_mult"": 1.0}",12.414327000000412
75,quantum/QRE-RBF-SVM,quantum,5,1.0,1.0,"{""clf__C"": 10.0, ""clf__gamma_mult"": 1.0}",12.414327000000412
75,quantum/QRE-RBF-SVM,quantum,6,0.6666666666666666,0.7,"{""clf__C"": 10.0, ""clf__gamma_mult"": 0.25}",12.414327000000412
75,quantum/QRE-RBF-SVM,quantum,7,0.6666666666666666,0.85,"{""clf__C"": 10.0, ""clf__gamma_mult"": 1.0}",12.414327000000412
75,quantum/QRE-RBF-SVM,quantum,8,0.5555555555555556,0.65,"{""clf__C"": 1.0, ""clf__gamma_mult"": 0.25}",12.414327000000412
75,quantum/QRE-RBF-SVM,quantum,9,0.8888888888888888,0.8,"{""clf__C"": 1.0, ""clf__gamma_mult"": 0.25}",12.414327000000412
75,quantum/QRE-RBF-SVM,quantum,10,0.7777777777777778,0.85,"{""clf__C"": 1.0, ""clf__gamma_mult"": 1.0}",12.414327000000412
75,quantum/QRE-RBF-SVM,quantum,11,0.8888888888888888,0.9,"{""clf__C"": 10.0, ""clf__gamma_mult"": 1.0}",12.414327000000412
75,quantum/QRE-RBF-SVM,quantum,12,0.6666666666666666,0.8,"{""clf__C"": 1.0, ""clf__gamma_mult"": 1.0}",12.414327000000412
75,quantum/QRE-RBF-SVM,quantum,13,0.7777777777777778,0.9,"{""clf__C"": 1.0, ""clf__gamma_mult"": 0.25}",12.414327000000412
75,quantum/QRE-RBF-SVM,quantum,14,0.7777777777777778,0.8,"{""clf__C"": 10.0, ""clf__gamma_mult"": 1.0}",12.414327000000412
75,quantum/HS-overlap-ref-SVM,quantum,0,0.5555555555555556,0.65,"{""clf__C"": 10.0}",4.558966500000679
75,quantum/HS-overlap-ref-SVM,quantum,1,0.7777777777777778,0.9500000000000001,"{""clf__C"": 10.0}",4.558966500000679
75,quantum/HS-overlap-ref-SVM,quantum,2,0.6666666666666666,0.9,"{""clf__C"": 10.0}",4.558966500000679
75,quantum/HS-overlap-ref-SVM,quantum,3,0.7777777777777778,0.9,"{""clf__C"": 10.0}",4.558966500000679
75,quantum/HS-overlap-ref-SVM,quantum,4,0.8888888888888888,0.95,"{""clf__C"": 10.0}",4.558966500000679
75,quantum/HS-overlap-ref-SVM,quantum,5,0.8888888888888888,0.9500000000000001,"{""clf__C"": 10.0}",4.558966500000679
75,quantum/HS-overlap-ref-SVM,quantum,6,0.5555555555555556,0.75,"{""clf__C"": 10.0}",4.558966500000679
75,quantum/HS-overlap-ref-SVM,quantum,7,0.5555555555555556,0.7,"{""clf__C"": 10.0}",4.558966500000679
75,quantum/HS-overlap-ref-SVM,quantum,8,0.5555555555555556,0.45,"{""clf__C"": 10.0}",4.558966500000679
75,quantum/HS-overlap-ref-SVM,quantum,9,0.7777777777777778,0.95,"{""clf__C"": 10.0}",4.558966500000679
75,quantum/HS-overlap-ref-SVM,quantum,10,0.6666666666666666,0.8,"{""clf__C"": 10.0}",4.558966500000679
75,quantum/HS-overlap-ref-SVM,quantum,11,0.8888888888888888,0.9,"{""clf__C"": 10.0}",4.558966500000679
75,quantum/HS-overlap-ref-SVM,quantum,12,0.7777777777777778,0.75,"{""clf__C"": 10.0}",4.558966500000679
75,quantum/HS-overlap-ref-SVM,quantum,13,0.6666666666666666,0.75,"{""clf__C"": 10.0}",4.558966500000679
75,quantum/HS-overlap-ref-SVM,quantum,14,0.7777777777777778,0.9,"{""clf__C"": 10.0}",4.558966500000679
75,quantum/Fidelity-ref-SVM,quantum,0,0.5555555555555556,0.6,"{""clf__C"": 10.0}",6.288008500001524
75,quantum/Fidelity-ref-SVM,quantum,1,0.8888888888888888,0.9500000000000001,"{""clf__C"": 10.0}",6.288008500001524
75,quantum/Fidelity-ref-SVM,quantum,2,0.6666666666666666,0.95,"{""clf__C"": 10.0}",6.288008500001524
75,quantum/Fidelity-ref-SVM,quantum,3,0.7777777777777778,0.95,"{""clf__C"": 10.0}",6.288008500001524
75,quantum/Fidelity-ref-SVM,quantum,4,1.0,1.0,"{""clf__C"": 10.0}",6.288008500001524
75,quantum/Fidelity-ref-SVM,quantum,5,0.8888888888888888,0.9500000000000001,"{""clf__C"": 10.0}",6.288008500001524
75,quantum/Fidelity-ref-SVM,quantum,6,0.5555555555555556,0.8500000000000001,"{""clf__C"": 10.0}",6.288008500001524
75,quantum/Fidelity-ref-SVM,quantum,7,0.6666666666666666,0.65,"{""clf__C"": 10.0}",6.288008500001524
75,quantum/Fidelity-ref-SVM,quantum,8,0.4444444444444444,0.35000000000000003,"{""clf__C"": 10.0}",6.288008500001524
75,quantum/Fidelity-ref-SVM,quantum,9,0.7777777777777778,0.95,"{""clf__C"": 10.0}",6.288008500001524
75,quantum/Fidelity-ref-SVM,quantum,10,0.7777777777777778,0.85,"{""clf__C"": 10.0}",6.288008500001524
75,quantum/Fidelity-ref-SVM,quantum,11,0.8888888888888888,0.9,"{""clf__C"": 10.0}",6.288008500001524
75,quantum/Fidelity-ref-SVM,quantum,12,0.7777777777777778,0.85,"{""clf__C"": 10.0}",6.288008500001524
75,quantum/Fidelity-ref-SVM,quantum,13,0.6666666666666666,0.85,"{""clf__C"": 10.0}",6.288008500001524
75,quantum/Fidelity-ref-SVM,quantum,14,0.6666666666666666,0.85,"{""clf__C"": 10.0}",6.288008500001524
75,quantum/HS-RBF-ref-SVM,quantum,0,0.6666666666666666,0.7,"{""clf__C"": 10.0, ""clf__gamma_mult"": 1.0}",12.810551500000656
75,quantum/HS-RBF-ref-SVM,quantum,1,0.7777777777777778,0.9500000000000001,"{""clf__C"": 1.0, ""clf__gamma_mult"": 1.0}",12.810551500000656
75,quantum/HS-RBF-ref-SVM,quantum,2,0.6666666666666666,0.85,"{""clf__C"": 10.0, ""clf__gamma_mult"": 0.25}",12.810551500000656
75,quantum/HS-RBF-ref-SVM,quantum,3,1.0,1.0,"{""clf__C"": 10.0, ""clf__gamma_mult"": 0.25}",12.810551500000656
75,quantum/HS-RBF-ref-SVM,quantum,4,0.8888888888888888,0.8,"{""clf__C"": 10.0, ""clf__gamma_mult"": 4.0}",12.810551500000656
75,quantum/HS-RBF-ref-SVM,quantum,5,0.8888888888888888,0.9500000000000001,"{""clf__C"": 10.0, ""clf__gamma_mult"": 0.25}",12.810551500000656
75,quantum/HS-RBF-ref-SVM,quantum,6,0.6666666666666666,0.8,"{""clf__C"": 10.0, ""clf__gamma_mult"": 1.0}",12.810551500000656
75,quantum/HS-RBF-ref-SVM,quantum,7,0.6666666666666666,0.7,"{""clf__C"": 1.0, ""clf__gamma_mult"": 0.25}",12.810551500000656
75,quantum/HS-RBF-ref-SVM,quantum,8,0.4444444444444444,0.4,"{""clf__C"": 1.0, ""clf__gamma_mult"": 4.0}",12.810551500000656
75,quantum/HS-RBF-ref-SVM,quantum,9,0.8888888888888888,0.9,"{""clf__C"": 1.0, ""clf__gamma_mult"": 4.0}",12.810551500000656
75,quantum/HS-RBF-ref-SVM,quantum,10,0.5555555555555556,0.85,"{""clf__C"": 1.0, ""clf__gamma_mult"": 4.0}",12.810551500000656
75,quantum/HS-RBF-ref-SVM,quantum,11,0.8888888888888888,0.9,"{""clf__C"": 10.0, ""clf__gamma_mult"": 0.25}",12.810551500000656
75,quantum/HS-RBF-ref-SVM,quantum,12,0.7777777777777778,0.7,"{""clf__C"": 10.0, ""clf__gamma_mult"": 0.25}",12.810551500000656
75,quantum/HS-RBF-ref-SVM,quantum,13,0.7777777777777778,0.8,"{""clf__C"": 10.0, ""clf__gamma_mult"": 0.25}",12.810551500000656
75,quantum/HS-RBF-ref-SVM,quantum,14,0.6666666666666666,0.7500000000000001,"{""clf__C"": 1.0, ""clf__gamma_mult"": 0.25}",12.810551500000656
75,quantum/Bures-RBF-ref-SVM,quantum,0,0.6666666666666666,0.7,"{""clf__C"": 10.0, ""clf__gamma_mult"": 1.0}",16.962328600000546
75,quantum/Bures-RBF-ref-SVM,quantum,1,0.6666666666666666,1.0,"{""clf__C"": 1.0, ""clf__gamma_mult"": 4.0}",16.962328600000546
75,quantum/Bures-RBF-ref-SVM,quantum,2,0.6666666666666666,0.85,"{""clf__C"": 10.0, ""clf__gamma_mult"": 0.25}",16.962328600000546
75,quantum/Bures-RBF-ref-SVM,quantum,3,1.0,1.0,"{""clf__C"": 10.0, ""clf__gamma_mult"": 4.0}",16.962328600000546
75,quantum/Bures-RBF-ref-SVM,quantum,4,0.7777777777777778,0.75,"{""clf__C"": 10.0, ""clf__gamma_mult"": 4.0}",16.962328600000546
75,quantum/Bures-RBF-ref-SVM,quantum,5,0.8888888888888888,0.9500000000000001,"{""clf__C"": 10.0, ""clf__gamma_mult"": 0.25}",16.962328600000546
75,quantum/Bures-RBF-ref-SVM,quantum,6,0.5555555555555556,0.75,"{""clf__C"": 10.0, ""clf__gamma_mult"": 0.25}",16.962328600000546
75,quantum/Bures-RBF-ref-SVM,quantum,7,0.7777777777777778,0.7,"{""clf__C"": 10.0, ""clf__gamma_mult"": 1.0}",16.962328600000546
75,quantum/Bures-RBF-ref-SVM,quantum,8,0.4444444444444444,0.45000000000000007,"{""clf__C"": 1.0, ""clf__gamma_mult"": 4.0}",16.962328600000546
75,quantum/Bures-RBF-ref-SVM,quantum,9,0.8888888888888888,0.9,"{""clf__C"": 1.0, ""clf__gamma_mult"": 4.0}",16.962328600000546
75,quantum/Bures-RBF-ref-SVM,quantum,10,0.6666666666666666,0.85,"{""clf__C"": 1.0, ""clf__gamma_mult"": 4.0}",16.962328600000546
75,quantum/Bures-RBF-ref-SVM,quantum,11,0.8888888888888888,0.9500000000000001,"{""clf__C"": 10.0, ""clf__gamma_mult"": 0.25}",16.962328600000546
75,quantum/Bures-RBF-ref-SVM,quantum,12,0.7777777777777778,0.85,"{""clf__C"": 1.0, ""clf__gamma_mult"": 1.0}",16.962328600000546
75,quantum/Bures-RBF-ref-SVM,quantum,13,0.7777777777777778,0.85,"{""clf__C"": 10.0, ""clf__gamma_mult"": 0.25}",16.962328600000546
75,quantum/Bures-RBF-ref-SVM,quantum,14,0.7777777777777778,0.9,"{""clf__C"": 10.0, ""clf__gamma_mult"": 4.0}",16.962328600000546
75,quantum/QRE-RBF-ref-SVM,quantum,0,0.6666666666666666,0.7,"{""clf__C"": 10.0, ""clf__gamma_mult"": 1.0}",14.786845699998594
75,quantum/QRE-RBF-ref-SVM,quantum,1,0.6666666666666666,1.0,"{""clf__C"": 1.0, ""clf__gamma_mult"": 4.0}",14.786845699998594
75,quantum/QRE-RBF-ref-SVM,quantum,2,0.6666666666666666,0.9,"{""clf__C"": 10.0, ""clf__gamma_mult"": 0.25}",14.786845699998594
75,quantum/QRE-RBF-ref-SVM,quantum,3,1.0,1.0,"{""clf__C"": 10.0, ""clf__gamma_mult"": 4.0}",14.786845699998594
75,quantum/QRE-RBF-ref-SVM,quantum,4,0.7777777777777778,0.75,"{""clf__C"": 10.0, ""clf__gamma_mult"": 4.0}",14.786845699998594
75,quantum/QRE-RBF-ref-SVM,quantum,5,0.8888888888888888,1.0,"{""clf__C"": 10.0, ""clf__gamma_mult"": 0.25}",14.786845699998594
75,quantum/QRE-RBF-ref-SVM,quantum,6,0.8888888888888888,0.8,"{""clf__C"": 1.0, ""clf__gamma_mult"": 1.0}",14.786845699998594
75,quantum/QRE-RBF-ref-SVM,quantum,7,0.7777777777777778,0.7,"{""clf__C"": 10.0, ""clf__gamma_mult"": 1.0}",14.786845699998594
75,quantum/QRE-RBF-ref-SVM,quantum,8,0.4444444444444444,0.45000000000000007,"{""clf__C"": 1.0, ""clf__gamma_mult"": 4.0}",14.786845699998594
75,quantum/QRE-RBF-ref-SVM,quantum,9,0.8888888888888888,0.9,"{""clf__C"": 1.0, ""clf__gamma_mult"": 4.0}",14.786845699998594
75,quantum/QRE-RBF-ref-SVM,quantum,10,0.6666666666666666,0.9,"{""clf__C"": 1.0, ""clf__gamma_mult"": 4.0}",14.786845699998594
75,quantum/QRE-RBF-ref-SVM,quantum,11,0.8888888888888888,0.9500000000000001,"{""clf__C"": 10.0, ""clf__gamma_mult"": 0.25}",14.786845699998594
75,quantum/QRE-RBF-ref-SVM,quantum,12,0.7777777777777778,0.85,"{""clf__C"": 1.0, ""clf__gamma_mult"": 1.0}",14.786845699998594
75,quantum/QRE-RBF-ref-SVM,quantum,13,0.7777777777777778,0.85,"{""clf__C"": 10.0, ""clf__gamma_mult"": 0.25}",14.786845699998594
75,quantum/QRE-RBF-ref-SVM,quantum,14,0.7777777777777778,0.8,"{""clf__C"": 1.0, ""clf__gamma_mult"": 4.0}",14.786845699998594
75,quantum/IQP-kernel-SVM,quantum,0,0.5555555555555556,0.65,"{""clf__C"": 1.0, ""clf__scale"": 0.5}",20.74587849999989
75,quantum/IQP-kernel-SVM,quantum,1,0.7777777777777778,0.9500000000000001,"{""clf__C"": 1.0, ""clf__scale"": 0.5}",20.74587849999989
75,quantum/IQP-kernel-SVM,quantum,2,1.0,1.0,"{""clf__C"": 1.0, ""clf__scale"": 0.5}",20.74587849999989
75,quantum/IQP-kernel-SVM,quantum,3,1.0,1.0,"{""clf__C"": 1.0, ""clf__scale"": 0.5}",20.74587849999989
75,quantum/IQP-kernel-SVM,quantum,4,0.5555555555555556,0.7,"{""clf__C"": 1.0, ""clf__scale"": 1.0}",20.74587849999989
75,quantum/IQP-kernel-SVM,quantum,5,0.8888888888888888,1.0,"{""clf__C"": 1.0, ""clf__scale"": 0.5}",20.74587849999989
75,quantum/IQP-kernel-SVM,quantum,6,0.5555555555555556,0.75,"{""clf__C"": 10.0, ""clf__scale"": 0.5}",20.74587849999989
75,quantum/IQP-kernel-SVM,quantum,7,0.8888888888888888,1.0,"{""clf__C"": 1.0, ""clf__scale"": 1.0}",20.74587849999989
75,quantum/IQP-kernel-SVM,quantum,8,0.7777777777777778,0.9,"{""clf__C"": 1.0, ""clf__scale"": 0.5}",20.74587849999989
75,quantum/IQP-kernel-SVM,quantum,9,0.7777777777777778,0.8,"{""clf__C"": 10.0, ""clf__scale"": 0.5}",20.74587849999989
75,quantum/IQP-kernel-SVM,quantum,10,1.0,1.0,"{""clf__C"": 10.0, ""clf__scale"": 0.5}",20.74587849999989
75,quantum/IQP-kernel-SVM,quantum,11,1.0,1.0,"{""clf__C"": 10.0, ""clf__scale"": 0.5}",20.74587849999989
75,quantum/IQP-kernel-SVM,quantum,12,0.7777777777777778,0.9,"{""clf__C"": 1.0, ""clf__scale"": 0.5}",20.74587849999989
75,quantum/IQP-kernel-SVM,quantum,13,1.0,1.0,"{""clf__C"": 1.0, ""clf__scale"": 0.5}",20.74587849999989
75,quantum/IQP-kernel-SVM,quantum,14,0.8888888888888888,0.75,"{""clf__C"": 10.0, ""clf__scale"": 0.5}",20.74587849999989
75,quantum/CNOT-kernel-SVM,quantum,0,0.5555555555555556,0.55,"{""clf__C"": 1.0, ""clf__scale"": 0.5}",18.284723400000075
75,quantum/CNOT-kernel-SVM,quantum,1,0.8888888888888888,0.8,"{""clf__C"": 1.0, ""clf__scale"": 0.5}",18.284723400000075
75,quantum/CNOT-kernel-SVM,quantum,2,0.8888888888888888,1.0,"{""clf__C"": 1.0, ""clf__scale"": 0.5}",18.284723400000075
75,quantum/CNOT-kernel-SVM,quantum,3,1.0,1.0,"{""clf__C"": 1.0, ""clf__scale"": 0.5}",18.284723400000075
75,quantum/CNOT-kernel-SVM,quantum,4,0.3333333333333333,0.4,"{""clf__C"": 10.0, ""clf__scale"": 2.0}",18.284723400000075
75,quantum/CNOT-kernel-SVM,quantum,5,0.8888888888888888,1.0,"{""clf__C"": 1.0, ""clf__scale"": 0.5}",18.284723400000075
75,quantum/CNOT-kernel-SVM,quantum,6,0.8888888888888888,0.9500000000000001,"{""clf__C"": 1.0, ""clf__scale"": 0.5}",18.284723400000075
75,quantum/CNOT-kernel-SVM,quantum,7,0.6666666666666666,0.8,"{""clf__C"": 1.0, ""clf__scale"": 0.5}",18.284723400000075
75,quantum/CNOT-kernel-SVM,quantum,8,0.6666666666666666,0.7,"{""clf__C"": 1.0, ""clf__scale"": 1.0}",18.284723400000075
75,quantum/CNOT-kernel-SVM,quantum,9,0.8888888888888888,0.8,"{""clf__C"": 1.0, ""clf__scale"": 0.5}",18.284723400000075
75,quantum/CNOT-kernel-SVM,quantum,10,0.8888888888888888,1.0,"{""clf__C"": 1.0, ""clf__scale"": 1.0}",18.284723400000075
75,quantum/CNOT-kernel-SVM,quantum,11,1.0,1.0,"{""clf__C"": 1.0, ""clf__scale"": 1.0}",18.284723400000075
75,quantum/CNOT-kernel-SVM,quantum,12,0.7777777777777778,0.7,"{""clf__C"": 1.0, ""clf__scale"": 1.0}",18.284723400000075
75,quantum/CNOT-kernel-SVM,quantum,13,1.0,1.0,"{""clf__C"": 1.0, ""clf__scale"": 1.0}",18.284723400000075
75,quantum/CNOT-kernel-SVM,quantum,14,0.7777777777777778,0.8,"{""clf__C"": 1.0, ""clf__scale"": 0.5}",18.284723400000075
75,control/IQP-no-entangle,control,0,0.5555555555555556,0.6,"{""clf__C"": 1.0, ""clf__scale"": 0.5}",16.898326700000325
75,control/IQP-no-entangle,control,1,0.8888888888888888,0.9500000000000001,"{""clf__C"": 1.0, ""clf__scale"": 1.0}",16.898326700000325
75,control/IQP-no-entangle,control,2,0.8888888888888888,0.95,"{""clf__C"": 10.0, ""clf__scale"": 0.5}",16.898326700000325
75,control/IQP-no-entangle,control,3,1.0,1.0,"{""clf__C"": 1.0, ""clf__scale"": 0.5}",16.898326700000325
75,control/IQP-no-entangle,control,4,0.8888888888888888,0.85,"{""clf__C"": 1.0, ""clf__scale"": 0.5}",16.898326700000325
75,control/IQP-no-entangle,control,5,0.8888888888888888,1.0,"{""clf__C"": 1.0, ""clf__scale"": 0.5}",16.898326700000325
75,control/IQP-no-entangle,control,6,0.8888888888888888,0.8,"{""clf__C"": 1.0, ""clf__scale"": 0.5}",16.898326700000325
75,control/IQP-no-entangle,control,7,0.5555555555555556,0.8,"{""clf__C"": 1.0, ""clf__scale"": 0.5}",16.898326700000325
75,control/IQP-no-entangle,control,8,0.5555555555555556,0.7,"{""clf__C"": 1.0, ""clf__scale"": 0.5}",16.898326700000325
75,control/IQP-no-entangle,control,9,0.7777777777777778,0.8,"{""clf__C"": 10.0, ""clf__scale"": 0.5}",16.898326700000325
75,control/IQP-no-entangle,control,10,0.8888888888888888,1.0,"{""clf__C"": 1.0, ""clf__scale"": 0.5}",16.898326700000325
75,control/IQP-no-entangle,control,11,1.0,1.0,"{""clf__C"": 1.0, ""clf__scale"": 1.0}",16.898326700000325
75,control/IQP-no-entangle,control,12,0.6666666666666666,0.9,"{""clf__C"": 1.0, ""clf__scale"": 0.5}",16.898326700000325
75,control/IQP-no-entangle,control,13,0.7777777777777778,1.0,"{""clf__C"": 1.0, ""clf__scale"": 1.0}",16.898326700000325
75,control/IQP-no-entangle,control,14,0.7777777777777778,0.8,"{""clf__C"": 1.0, ""clf__scale"": 0.5}",16.898326700000325
75,control/PCA-matched-RBF,control,0,0.6666666666666666,0.65,"{""clf__C"": 1.0, ""clf__gamma"": ""scale""}",13.35451920000014
75,control/PCA-matched-RBF,control,1,0.7777777777777778,0.9500000000000001,"{""clf__C"": 10.0, ""clf__gamma"": ""scale""}",13.35451920000014
75,control/PCA-matched-RBF,control,2,0.8888888888888888,1.0,"{""clf__C"": 10.0, ""clf__gamma"": 0.1}",13.35451920000014
75,control/PCA-matched-RBF,control,3,1.0,1.0,"{""clf__C"": 1.0, ""clf__gamma"": ""scale""}",13.35451920000014
75,control/PCA-matched-RBF,control,4,0.7777777777777778,0.7,"{""clf__C"": 1.0, ""clf__gamma"": ""scale""}",13.35451920000014
75,control/PCA-matched-RBF,control,5,0.8888888888888888,1.0,"{""clf__C"": 1.0, ""clf__gamma"": ""scale""}",13.35451920000014
75,control/PCA-matched-RBF,control,6,0.7777777777777778,0.8,"{""clf__C"": 1.0, ""clf__gamma"": ""scale""}",13.35451920000014
75,control/PCA-matched-RBF,control,7,0.5555555555555556,0.75,"{""clf__C"": 10.0, ""clf__gamma"": 0.01}",13.35451920000014
75,control/PCA-matched-RBF,control,8,0.6666666666666666,0.7,"{""clf__C"": 1.0, ""clf__gamma"": ""scale""}",13.35451920000014
75,control/PCA-matched-RBF,control,9,0.8888888888888888,0.8,"{""clf__C"": 1.0, ""clf__gamma"": 0.1}",13.35451920000014
75,control/PCA-matched-RBF,control,10,0.8888888888888888,0.9500000000000001,"{""clf__C"": 1.0, ""clf__gamma"": ""scale""}",13.35451920000014
75,control/PCA-matched-RBF,control,11,0.7777777777777778,0.9500000000000001,"{""clf__C"": 10.0, ""clf__gamma"": 0.01}",13.35451920000014
75,control/PCA-matched-RBF,control,12,0.7777777777777778,0.75,"{""clf__C"": 1.0, ""clf__gamma"": ""scale""}",13.35451920000014
75,control/PCA-matched-RBF,control,13,0.7777777777777778,0.85,"{""clf__C"": 10.0, ""clf__gamma"": 0.01}",13.35451920000014
75,control/PCA-matched-RBF,control,14,0.7777777777777778,0.8,"{""clf__C"": 10.0, ""clf__gamma"": 0.01}",13.35451920000014
75,control/PCA-matched-linear,control,0,0.4444444444444444,0.55,"{""clf__C"": 1.0}",4.795434499999828
75,control/PCA-matched-linear,control,1,0.8888888888888888,0.9,"{""clf__C"": 1.0}",4.795434499999828
75,control/PCA-matched-linear,control,2,1.0,1.0,"{""clf__C"": 10.0}",4.795434499999828
75,control/PCA-matched-linear,control,3,1.0,1.0,"{""clf__C"": 10.0}",4.795434499999828
75,control/PCA-matched-linear,control,4,0.8888888888888888,1.0,"{""clf__C"": 10.0}",4.795434499999828
75,control/PCA-matched-linear,control,5,1.0,1.0,"{""clf__C"": 0.1}",4.795434499999828
75,control/PCA-matched-linear,control,6,0.6666666666666666,0.8500000000000001,"{""clf__C"": 1.0}",4.795434499999828
75,control/PCA-matched-linear,control,7,0.7777777777777778,0.8,"{""clf__C"": 1.0}",4.795434499999828
75,control/PCA-matched-linear,control,8,0.4444444444444444,0.65,"{""clf__C"": 0.1}",4.795434499999828
75,control/PCA-matched-linear,control,9,0.8888888888888888,0.85,"{""clf__C"": 0.1}",4.795434499999828
75,control/PCA-matched-linear,control,10,0.8888888888888888,0.9500000000000001,"{""clf__C"": 0.1}",4.795434499999828
75,control/PCA-matched-linear,control,11,0.7777777777777778,0.9,"{""clf__C"": 0.1}",4.795434499999828
75,control/PCA-matched-linear,control,12,0.6666666666666666,0.9,"{""clf__C"": 10.0}",4.795434499999828
75,control/PCA-matched-linear,control,13,0.6666666666666666,0.8,"{""clf__C"": 0.1}",4.795434499999828
75,control/PCA-matched-linear,control,14,0.7777777777777778,0.8,"{""clf__C"": 1.0}",4.795434499999828
75,control/logeuclid-TS+LR,control,0,0.6666666666666666,0.5,"{""clf__C"": 10.0}",4.235074899999745
75,control/logeuclid-TS+LR,control,1,0.7777777777777778,1.0,"{""clf__C"": 10.0}",4.235074899999745
75,control/logeuclid-TS+LR,control,2,0.6666666666666666,0.85,"{""clf__C"": 1.0}",4.235074899999745
75,control/logeuclid-TS+LR,control,3,1.0,1.0,"{""clf__C"": 10.0}",4.235074899999745
75,control/logeuclid-TS+LR,control,4,1.0,1.0,"{""clf__C"": 10.0}",4.235074899999745
75,control/logeuclid-TS+LR,control,5,1.0,1.0,"{""clf__C"": 1.0}",4.235074899999745
75,control/logeuclid-TS+LR,control,6,0.5555555555555556,0.75,"{""clf__C"": 10.0}",4.235074899999745
75,control/logeuclid-TS+LR,control,7,0.7777777777777778,0.75,"{""clf__C"": 10.0}",4.235074899999745
75,control/logeuclid-TS+LR,control,8,0.5555555555555556,0.55,"{""clf__C"": 1.0}",4.235074899999745
75,control/logeuclid-TS+LR,control,9,0.7777777777777778,0.75,"{""clf__C"": 10.0}",4.235074899999745
75,control/logeuclid-TS+LR,control,10,0.7777777777777778,1.0,"{""clf__C"": 10.0}",4.235074899999745
75,control/logeuclid-TS+LR,control,11,0.8888888888888888,1.0,"{""clf__C"": 10.0}",4.235074899999745
75,control/logeuclid-TS+LR,control,12,0.5555555555555556,0.8,"{""clf__C"": 1.0}",4.235074899999745
75,control/logeuclid-TS+LR,control,13,0.8888888888888888,0.95,"{""clf__C"": 1.0}",4.235074899999745
75,control/logeuclid-TS+LR,control,14,0.6666666666666666,0.7,"{""clf__C"": 1.0}",4.235074899999745
75,control/riemann-kernel-SVM,control,0,0.4444444444444444,0.75,"{""clf__C"": 10.0}",4.404693000000407
75,control/riemann-kernel-SVM,control,1,0.7777777777777778,0.9500000000000001,"{""clf__C"": 1.0}",4.404693000000407
75,control/riemann-kernel-SVM,control,2,0.6666666666666666,0.7,"{""clf__C"": 1.0}",4.404693000000407
75,control/riemann-kernel-SVM,control,3,0.7777777777777778,0.9,"{""clf__C"": 1.0}",4.404693000000407
75,control/riemann-kernel-SVM,control,4,0.6666666666666666,0.8,"{""clf__C"": 10.0}",4.404693000000407
75,control/riemann-kernel-SVM,control,5,0.8888888888888888,1.0,"{""clf__C"": 10.0}",4.404693000000407
75,control/riemann-kernel-SVM,control,6,0.5555555555555556,0.65,"{""clf__C"": 1.0}",4.404693000000407
75,control/riemann-kernel-SVM,control,7,0.6666666666666666,0.8,"{""clf__C"": 10.0}",4.404693000000407
75,control/riemann-kernel-SVM,control,8,0.5555555555555556,0.35000000000000003,"{""clf__C"": 1.0}",4.404693000000407
75,control/riemann-kernel-SVM,control,9,0.5555555555555556,0.7,"{""clf__C"": 10.0}",4.404693000000407
75,control/riemann-kernel-SVM,control,10,0.7777777777777778,0.8,"{""clf__C"": 10.0}",4.404693000000407
75,control/riemann-kernel-SVM,control,11,0.7777777777777778,0.8500000000000001,"{""clf__C"": 1.0}",4.404693000000407
75,control/riemann-kernel-SVM,control,12,0.7777777777777778,0.7500000000000001,"{""clf__C"": 10.0}",4.404693000000407
75,control/riemann-kernel-SVM,control,13,0.5555555555555556,0.7,"{""clf__C"": 1.0}",4.404693000000407
75,control/riemann-kernel-SVM,control,14,0.6666666666666666,0.9,"{""clf__C"": 10.0}",4.404693000000407
75,control/logeuclid-kernel-SVM,control,0,0.5555555555555556,0.65,"{""clf__C"": 10.0}",4.4650735999985045
75,control/logeuclid-kernel-SVM,control,1,0.8888888888888888,0.9500000000000001,"{""clf__C"": 1.0}",4.4650735999985045
75,control/logeuclid-kernel-SVM,control,2,0.6666666666666666,0.8,"{""clf__C"": 1.0}",4.4650735999985045
75,control/logeuclid-kernel-SVM,control,3,0.8888888888888888,1.0,"{""clf__C"": 10.0}",4.4650735999985045
75,control/logeuclid-kernel-SVM,control,4,0.6666666666666666,0.8,"{""clf__C"": 10.0}",4.4650735999985045
75,control/logeuclid-kernel-SVM,control,5,0.8888888888888888,0.9500000000000001,"{""clf__C"": 1.0}",4.4650735999985045
75,control/logeuclid-kernel-SVM,control,6,0.6666666666666666,0.8,"{""clf__C"": 10.0}",4.4650735999985045
75,control/logeuclid-kernel-SVM,control,7,0.7777777777777778,0.8,"{""clf__C"": 10.0}",4.4650735999985045
75,control/logeuclid-kernel-SVM,control,8,0.4444444444444444,0.6000000000000001,"{""clf__C"": 1.0}",4.4650735999985045
75,control/logeuclid-kernel-SVM,control,9,0.5555555555555556,0.65,"{""clf__C"": 10.0}",4.4650735999985045
75,control/logeuclid-kernel-SVM,control,10,0.7777777777777778,0.8,"{""clf__C"": 1.0}",4.4650735999985045
75,control/logeuclid-kernel-SVM,control,11,0.8888888888888888,0.9500000000000001,"{""clf__C"": 10.0}",4.4650735999985045
75,control/logeuclid-kernel-SVM,control,12,0.7777777777777778,0.7500000000000001,"{""clf__C"": 10.0}",4.4650735999985045
75,control/logeuclid-kernel-SVM,control,13,0.6666666666666666,0.7,"{""clf__C"": 1.0}",4.4650735999985045
75,control/logeuclid-kernel-SVM,control,14,0.7777777777777778,0.9,"{""clf__C"": 10.0}",4.4650735999985045
76,classical/logvar+LDA,classical,0,0.4444444444444444,0.55,{},0.08104319999984
76,classical/logvar+LDA,classical,1,0.2222222222222222,0.35,{},0.08104319999984
76,classical/logvar+LDA,classical,2,0.6666666666666666,0.85,{},0.08104319999984
76,classical/logvar+LDA,classical,3,0.4444444444444444,0.5,{},0.08104319999984
76,classical/logvar+LDA,classical,4,0.5555555555555556,0.7,{},0.08104319999984
76,classical/logvar+LDA,classical,5,0.6666666666666666,0.65,{},0.08104319999984
76,classical/logvar+LDA,classical,6,0.6666666666666666,0.8,{},0.08104319999984
76,classical/logvar+LDA,classical,7,0.5555555555555556,0.65,{},0.08104319999984
76,classical/logvar+LDA,classical,8,0.5555555555555556,0.5,{},0.08104319999984
76,classical/logvar+LDA,classical,9,0.2222222222222222,0.5,{},0.08104319999984
76,classical/logvar+LDA,classical,10,0.2222222222222222,0.3,{},0.08104319999984
76,classical/logvar+LDA,classical,11,0.5555555555555556,0.55,{},0.08104319999984
76,classical/logvar+LDA,classical,12,0.5555555555555556,0.9500000000000001,{},0.08104319999984
76,classical/logvar+LDA,classical,13,0.6666666666666666,0.75,{},0.08104319999984
76,classical/logvar+LDA,classical,14,0.5555555555555556,0.75,{},0.08104319999984
76,classical/CSP+LDA,classical,0,0.6666666666666666,0.75,"{""csp__nfilter"": 4}",3.7656401000003825
76,classical/CSP+LDA,classical,1,0.4444444444444444,0.6,"{""csp__nfilter"": 6}",3.7656401000003825
76,classical/CSP+LDA,classical,2,0.5555555555555556,0.65,"{""csp__nfilter"": 6}",3.7656401000003825
76,classical/CSP+LDA,classical,3,0.2222222222222222,0.19999999999999996,"{""csp__nfilter"": 4}",3.7656401000003825
76,classical/CSP+LDA,classical,4,0.6666666666666666,0.6,"{""csp__nfilter"": 6}",3.7656401000003825
76,classical/CSP+LDA,classical,5,0.5555555555555556,0.4,"{""csp__nfilter"": 6}",3.7656401000003825
76,classical/CSP+LDA,classical,6,0.7777777777777778,0.9,"{""csp__nfilter"": 6}",3.7656401000003825
76,classical/CSP+LDA,classical,7,0.4444444444444444,0.4,"{""csp__nfilter"": 6}",3.7656401000003825
76,classical/CSP+LDA,classical,8,0.6666666666666666,0.55,"{""csp__nfilter"": 6}",3.7656401000003825
76,classical/CSP+LDA,classical,9,0.6666666666666666,0.8,"{""csp__nfilter"": 6}",3.7656401000003825
76,classical/CSP+LDA,classical,10,0.3333333333333333,0.3,"{""csp__nfilter"": 4}",3.7656401000003825
76,classical/CSP+LDA,classical,11,0.5555555555555556,0.45,"{""csp__nfilter"": 6}",3.7656401000003825
76,classical/CSP+LDA,classical,12,0.8888888888888888,0.85,"{""csp__nfilter"": 6}",3.7656401000003825
76,classical/CSP+LDA,classical,13,0.5555555555555556,0.5,"{""csp__nfilter"": 4}",3.7656401000003825
76,classical/CSP+LDA,classical,14,0.5555555555555556,0.6,"{""csp__nfilter"": 6}",3.7656401000003825
76,classical/MDM,classical,0,0.7777777777777778,0.9,{},0.46416169999974954
76,classical/MDM,classical,1,0.3333333333333333,0.35,{},0.46416169999974954
76,classical/MDM,classical,2,0.6666666666666666,0.7,{},0.46416169999974954
76,classical/MDM,classical,3,0.2222222222222222,0.30000000000000004,{},0.46416169999974954
76,classical/MDM,classical,4,0.5555555555555556,0.45,{},0.46416169999974954
76,classical/MDM,classical,5,0.3333333333333333,0.35000000000000003,{},0.46416169999974954
76,classical/MDM,classical,6,0.7777777777777778,0.85,{},0.46416169999974954
76,classical/MDM,classical,7,0.4444444444444444,0.4,{},0.46416169999974954
76,classical/MDM,classical,8,0.5555555555555556,0.49999999999999994,{},0.46416169999974954
76,classical/MDM,classical,9,0.4444444444444444,0.55,{},0.46416169999974954
76,classical/MDM,classical,10,0.1111111111111111,0.25,{},0.46416169999974954
76,classical/MDM,classical,11,0.4444444444444444,0.45,{},0.46416169999974954
76,classical/MDM,classical,12,0.6666666666666666,0.85,{},0.46416169999974954
76,classical/MDM,classical,13,0.4444444444444444,0.5,{},0.46416169999974954
76,classical/MDM,classical,14,0.4444444444444444,0.55,{},0.46416169999974954
76,classical/TS+LR,classical,0,0.3333333333333333,0.3,"{""clf__C"": 10.0}",4.727271800000381
76,classical/TS+LR,classical,1,0.4444444444444444,0.45,"{""clf__C"": 1.0}",4.727271800000381
76,classical/TS+LR,classical,2,0.5555555555555556,0.55,"{""clf__C"": 1.0}",4.727271800000381
76,classical/TS+LR,classical,3,0.4444444444444444,0.24999999999999997,"{""clf__C"": 0.1}",4.727271800000381
76,classical/TS+LR,classical,4,0.5555555555555556,0.7,"{""clf__C"": 1.0}",4.727271800000381
76,classical/TS+LR,classical,5,0.5555555555555556,0.5,"{""clf__C"": 0.1}",4.727271800000381
76,classical/TS+LR,classical,6,0.3333333333333333,0.5,"{""clf__C"": 10.0}",4.727271800000381
76,classical/TS+LR,classical,7,0.4444444444444444,0.55,"{""clf__C"": 10.0}",4.727271800000381
76,classical/TS+LR,classical,8,0.5555555555555556,0.5,"{""clf__C"": 0.1}",4.727271800000381
76,classical/TS+LR,classical,9,0.2222222222222222,0.45,"{""clf__C"": 1.0}",4.727271800000381
76,classical/TS+LR,classical,10,0.4444444444444444,0.2,"{""clf__C"": 0.1}",4.727271800000381
76,classical/TS+LR,classical,11,0.5555555555555556,0.65,"{""clf__C"": 0.1}",4.727271800000381
76,classical/TS+LR,classical,12,0.4444444444444444,0.7,"{""clf__C"": 10.0}",4.727271800000381
76,classical/TS+LR,classical,13,0.4444444444444444,0.44999999999999996,"{""clf__C"": 0.1}",4.727271800000381
76,classical/TS+LR,classical,14,0.3333333333333333,0.4,"{""clf__C"": 1.0}",4.727271800000381
76,classical/TS+RBF-SVM,classical,0,0.4444444444444444,0.75,"{""clf__C"": 0.1, ""clf__gamma"": ""scale""}",12.37351789999957
76,classical/TS+RBF-SVM,classical,1,0.4444444444444444,0.3,"{""clf__C"": 0.1, ""clf__gamma"": ""scale""}",12.37351789999957
76,classical/TS+RBF-SVM,classical,2,0.7777777777777778,0.6,"{""clf__C"": 0.1, ""clf__gamma"": ""scale""}",12.37351789999957
76,classical/TS+RBF-SVM,classical,3,0.2222222222222222,0.14999999999999997,"{""clf__C"": 10.0, ""clf__gamma"": 0.01}",12.37351789999957
76,classical/TS+RBF-SVM,classical,4,0.5555555555555556,0.65,"{""clf__C"": 1.0, ""clf__gamma"": 0.01}",12.37351789999957
76,classical/TS+RBF-SVM,classical,5,0.4444444444444444,0.6,"{""clf__C"": 10.0, ""clf__gamma"": ""scale""}",12.37351789999957
76,classical/TS+RBF-SVM,classical,6,0.4444444444444444,0.55,"{""clf__C"": 10.0, ""clf__gamma"": ""scale""}",12.37351789999957
76,classical/TS+RBF-SVM,classical,7,0.4444444444444444,0.4,"{""clf__C"": 1.0, ""clf__gamma"": ""scale""}",12.37351789999957
76,classical/TS+RBF-SVM,classical,8,0.4444444444444444,0.55,"{""clf__C"": 1.0, ""clf__gamma"": 0.01}",12.37351789999957
76,classical/TS+RBF-SVM,classical,9,0.2222222222222222,0.25,"{""clf__C"": 1.0, ""clf__gamma"": ""scale""}",12.37351789999957
76,classical/TS+RBF-SVM,classical,10,0.3333333333333333,0.25,"{""clf__C"": 10.0, ""clf__gamma"": 0.1}",12.37351789999957
76,classical/TS+RBF-SVM,classical,11,0.6666666666666666,0.75,"{""clf__C"": 10.0, ""clf__gamma"": ""scale""}",12.37351789999957
76,classical/TS+RBF-SVM,classical,12,0.2222222222222222,0.25,"{""clf__C"": 1.0, ""clf__gamma"": ""scale""}",12.37351789999957
76,classical/TS+RBF-SVM,classical,13,0.5555555555555556,0.55,"{""clf__C"": 1.0, ""clf__gamma"": 0.01}",12.37351789999957
76,classical/TS+RBF-SVM,classical,14,0.5555555555555556,0.65,"{""clf__C"": 0.1, ""clf__gamma"": ""scale""}",12.37351789999957
76,quantum/HS-overlap-SVM,quantum,0,0.4444444444444444,0.5,"{""clf__C"": 0.1}",3.8133554000014556
76,quantum/HS-overlap-SVM,quantum,1,0.4444444444444444,0.25,"{""clf__C"": 0.1}",3.8133554000014556
76,quantum/HS-overlap-SVM,quantum,2,0.3333333333333333,0.55,"{""clf__C"": 0.1}",3.8133554000014556
76,quantum/HS-overlap-SVM,quantum,3,0.3333333333333333,0.3,"{""clf__C"": 0.1}",3.8133554000014556
76,quantum/HS-overlap-SVM,quantum,4,0.4444444444444444,0.75,"{""clf__C"": 0.1}",3.8133554000014556
76,quantum/HS-overlap-SVM,quantum,5,0.4444444444444444,0.7,"{""clf__C"": 0.1}",3.8133554000014556
76,quantum/HS-overlap-SVM,quantum,6,0.4444444444444444,0.75,"{""clf__C"": 0.1}",3.8133554000014556
76,quantum/HS-overlap-SVM,quantum,7,0.3333333333333333,0.35,"{""clf__C"": 0.1}",3.8133554000014556
76,quantum/HS-overlap-SVM,quantum,8,0.4444444444444444,0.39999999999999997,"{""clf__C"": 0.1}",3.8133554000014556
76,quantum/HS-overlap-SVM,quantum,9,0.4444444444444444,0.45,"{""clf__C"": 0.1}",3.8133554000014556
76,quantum/HS-overlap-SVM,quantum,10,0.4444444444444444,0.1,"{""clf__C"": 0.1}",3.8133554000014556
76,quantum/HS-overlap-SVM,quantum,11,0.4444444444444444,0.65,"{""clf__C"": 10.0}",3.8133554000014556
76,quantum/HS-overlap-SVM,quantum,12,0.5555555555555556,0.75,"{""clf__C"": 0.1}",3.8133554000014556
76,quantum/HS-overlap-SVM,quantum,13,0.3333333333333333,0.6000000000000001,"{""clf__C"": 0.1}",3.8133554000014556
76,quantum/HS-overlap-SVM,quantum,14,0.4444444444444444,0.35,"{""clf__C"": 0.1}",3.8133554000014556
76,quantum/Fidelity-SVM,quantum,0,0.4444444444444444,0.5,"{""clf__C"": 0.1}",5.267785199999707
76,quantum/Fidelity-SVM,quantum,1,0.4444444444444444,0.25,"{""clf__C"": 0.1}",5.267785199999707
76,quantum/Fidelity-SVM,quantum,2,0.3333333333333333,0.55,"{""clf__C"": 0.1}",5.267785199999707
76,quantum/Fidelity-SVM,quantum,3,0.3333333333333333,0.3,"{""clf__C"": 0.1}",5.267785199999707
76,quantum/Fidelity-SVM,quantum,4,0.4444444444444444,0.7000000000000001,"{""clf__C"": 0.1}",5.267785199999707
76,quantum/Fidelity-SVM,quantum,5,0.4444444444444444,0.55,"{""clf__C"": 0.1}",5.267785199999707
76,quantum/Fidelity-SVM,quantum,6,0.4444444444444444,0.75,"{""clf__C"": 0.1}",5.267785199999707
76,quantum/Fidelity-SVM,quantum,7,0.3333333333333333,0.35,"{""clf__C"": 0.1}",5.267785199999707
76,quantum/Fidelity-SVM,quantum,8,0.3333333333333333,0.39999999999999997,"{""clf__C"": 0.1}",5.267785199999707
76,quantum/Fidelity-SVM,quantum,9,0.5555555555555556,0.55,"{""clf__C"": 0.1}",5.267785199999707
76,quantum/Fidelity-SVM,quantum,10,0.4444444444444444,0.1,"{""clf__C"": 0.1}",5.267785199999707
76,quantum/Fidelity-SVM,quantum,11,0.4444444444444444,0.65,"{""clf__C"": 0.1}",5.267785199999707
76,quantum/Fidelity-SVM,quantum,12,0.5555555555555556,0.7000000000000001,"{""clf__C"": 0.1}",5.267785199999707
76,quantum/Fidelity-SVM,quantum,13,0.4444444444444444,0.6000000000000001,"{""clf__C"": 0.1}",5.267785199999707
76,quantum/Fidelity-SVM,quantum,14,0.4444444444444444,0.4,"{""clf__C"": 0.1}",5.267785199999707
76,quantum/HS-RBF-SVM,quantum,0,0.4444444444444444,0.30000000000000004,"{""clf__C"": 10.0, ""clf__gamma_mult"": 0.25}",10.577836300000854
76,quantum/HS-RBF-SVM,quantum,1,0.4444444444444444,0.35,"{""clf__C"": 0.1, ""clf__gamma_mult"": 0.25}",10.577836300000854
76,quantum/HS-RBF-SVM,quantum,2,0.3333333333333333,0.55,"{""clf__C"": 0.1, ""clf__gamma_mult"": 0.25}",10.577836300000854
76,quantum/HS-RBF-SVM,quantum,3,0.3333333333333333,0.2,"{""clf__C"": 10.0, ""clf__gamma_mult"": 4.0}",10.577836300000854
76,quantum/HS-RBF-SVM,quantum,4,0.5555555555555556,0.65,"{""clf__C"": 0.1, ""clf__gamma_mult"": 0.25}",10.577836300000854
76,quantum/HS-RBF-SVM,quantum,5,0.5555555555555556,0.6,"{""clf__C"": 10.0, ""clf__gamma_mult"": 0.25}",10.577836300000854
76,quantum/HS-RBF-SVM,quantum,6,0.4444444444444444,0.7,"{""clf__C"": 0.1, ""clf__gamma_mult"": 0.25}",10.577836300000854
76,quantum/HS-RBF-SVM,quantum,7,0.4444444444444444,0.35,"{""clf__C"": 0.1, ""clf__gamma_mult"": 0.25}",10.577836300000854
76,quantum/HS-RBF-SVM,quantum,8,0.5555555555555556,0.55,"{""clf__C"": 10.0, ""clf__gamma_mult"": 4.0}",10.577836300000854
76,quantum/HS-RBF-SVM,quantum,9,0.3333333333333333,0.2,"{""clf__C"": 10.0, ""clf__gamma_mult"": 4.0}",10.577836300000854
76,quantum/HS-RBF-SVM,quantum,10,0.1111111111111111,0.25,"{""clf__C"": 10.0, ""clf__gamma_mult"": 0.25}",10.577836300000854
76,quantum/HS-RBF-SVM,quantum,11,0.5555555555555556,0.5,"{""clf__C"": 10.0, ""clf__gamma_mult"": 0.25}",10.577836300000854
76,quantum/HS-RBF-SVM,quantum,12,0.3333333333333333,0.35,"{""clf__C"": 10.0, ""clf__gamma_mult"": 4.0}",10.577836300000854
76,quantum/HS-RBF-SVM,quantum,13,0.3333333333333333,0.6000000000000001,"{""clf__C"": 0.1, ""clf__gamma_mult"": 0.25}",10.577836300000854
76,quantum/HS-RBF-SVM,quantum,14,0.2222222222222222,0.4,"{""clf__C"": 10.0, ""clf__gamma_mult"": 1.0}",10.577836300000854
76,quantum/Bures-RBF-SVM,quantum,0,0.4444444444444444,0.35,"{""clf__C"": 10.0, ""clf__gamma_mult"": 0.25}",14.194544199999655
76,quantum/Bures-RBF-SVM,quantum,1,0.4444444444444444,0.35,"{""clf__C"": 0.1, ""clf__gamma_mult"": 0.25}",14.194544199999655
76,quantum/Bures-RBF-SVM,quantum,2,0.4444444444444444,0.55,"{""clf__C"": 0.1, ""clf__gamma_mult"": 0.25}",14.194544199999655
76,quantum/Bures-RBF-SVM,quantum,3,0.3333333333333333,0.2,"{""clf__C"": 10.0, ""clf__gamma_mult"": 4.0}",14.194544199999655
76,quantum/Bures-RBF-SVM,quantum,4,0.5555555555555556,0.65,"{""clf__C"": 0.1, ""clf__gamma_mult"": 0.25}",14.194544199999655
76,quantum/Bures-RBF-SVM,quantum,5,0.6666666666666666,0.55,"{""clf__C"": 10.0, ""clf__gamma_mult"": 0.25}",14.194544199999655
76,quantum/Bures-RBF-SVM,quantum,6,0.4444444444444444,0.75,"{""clf__C"": 0.1, ""clf__gamma_mult"": 0.25}",14.194544199999655
76,quantum/Bures-RBF-SVM,quantum,7,0.3333333333333333,0.39999999999999997,"{""clf__C"": 0.1, ""clf__gamma_mult"": 0.25}",14.194544199999655
76,quantum/Bures-RBF-SVM,quantum,8,0.5555555555555556,0.55,"{""clf__C"": 10.0, ""clf__gamma_mult"": 4.0}",14.194544199999655
76,quantum/Bures-RBF-SVM,quantum,9,0.3333333333333333,0.2,"{""clf__C"": 10.0, ""clf__gamma_mult"": 4.0}",14.194544199999655
76,quantum/Bures-RBF-SVM,quantum,10,0.1111111111111111,0.25,"{""clf__C"": 10.0, ""clf__gamma_mult"": 0.25}",14.194544199999655
76,quantum/Bures-RBF-SVM,quantum,11,0.5555555555555556,0.5,"{""clf__C"": 10.0, ""clf__gamma_mult"": 0.25}",14.194544199999655
76,quantum/Bures-RBF-SVM,quantum,12,0.4444444444444444,0.29999999999999993,"{""clf__C"": 10.0, ""clf__gamma_mult"": 1.0}",14.194544199999655
76,quantum/Bures-RBF-SVM,quantum,13,0.4444444444444444,0.6000000000000001,"{""clf__C"": 0.1, ""clf__gamma_mult"": 0.25}",14.194544199999655
76,quantum/Bures-RBF-SVM,quantum,14,0.4444444444444444,0.3,"{""clf__C"": 10.0, ""clf__gamma_mult"": 4.0}",14.194544199999655
76,quantum/QRE-RBF-SVM,quantum,0,0.4444444444444444,0.35,"{""clf__C"": 10.0, ""clf__gamma_mult"": 0.25}",12.603756700000304
76,quantum/QRE-RBF-SVM,quantum,1,0.4444444444444444,0.35,"{""clf__C"": 0.1, ""clf__gamma_mult"": 0.25}",12.603756700000304
76,quantum/QRE-RBF-SVM,quantum,2,0.4444444444444444,0.55,"{""clf__C"": 0.1, ""clf__gamma_mult"": 0.25}",12.603756700000304
76,quantum/QRE-RBF-SVM,quantum,3,0.3333333333333333,0.2,"{""clf__C"": 10.0, ""clf__gamma_mult"": 4.0}",12.603756700000304
76,quantum/QRE-RBF-SVM,quantum,4,0.5555555555555556,0.65,"{""clf__C"": 0.1, ""clf__gamma_mult"": 0.25}",12.603756700000304
76,quantum/QRE-RBF-SVM,quantum,5,0.6666666666666666,0.55,"{""clf__C"": 10.0, ""clf__gamma_mult"": 0.25}",12.603756700000304
76,quantum/QRE-RBF-SVM,quantum,6,0.4444444444444444,0.75,"{""clf__C"": 0.1, ""clf__gamma_mult"": 0.25}",12.603756700000304
76,quantum/QRE-RBF-SVM,quantum,7,0.5555555555555556,0.49999999999999994,"{""clf__C"": 10.0, ""clf__gamma_mult"": 4.0}",12.603756700000304
76,quantum/QRE-RBF-SVM,quantum,8,0.5555555555555556,0.6,"{""clf__C"": 10.0, ""clf__gamma_mult"": 4.0}",12.603756700000304
76,quantum/QRE-RBF-SVM,quantum,9,0.3333333333333333,0.2,"{""clf__C"": 10.0, ""clf__gamma_mult"": 4.0}",12.603756700000304
76,quantum/QRE-RBF-SVM,quantum,10,0.1111111111111111,0.25,"{""clf__C"": 10.0, ""clf__gamma_mult"": 0.25}",12.603756700000304
76,quantum/QRE-RBF-SVM,quantum,11,0.5555555555555556,0.5,"{""clf__C"": 10.0, ""clf__gamma_mult"": 0.25}",12.603756700000304
76,quantum/QRE-RBF-SVM,quantum,12,0.4444444444444444,0.29999999999999993,"{""clf__C"": 10.0, ""clf__gamma_mult"": 1.0}",12.603756700000304
76,quantum/QRE-RBF-SVM,quantum,13,0.4444444444444444,0.6000000000000001,"{""clf__C"": 0.1, ""clf__gamma_mult"": 0.25}",12.603756700000304
76,quantum/QRE-RBF-SVM,quantum,14,0.4444444444444444,0.3,"{""clf__C"": 10.0, ""clf__gamma_mult"": 4.0}",12.603756700000304
76,quantum/HS-overlap-ref-SVM,quantum,0,0.4444444444444444,0.8,"{""clf__C"": 10.0}",4.521496200000911
76,quantum/HS-overlap-ref-SVM,quantum,1,0.4444444444444444,0.45,"{""clf__C"": 10.0}",4.521496200000911
76,quantum/HS-overlap-ref-SVM,quantum,2,0.5555555555555556,0.7,"{""clf__C"": 10.0}",4.521496200000911
76,quantum/HS-overlap-ref-SVM,quantum,3,0.5555555555555556,0.55,"{""clf__C"": 10.0}",4.521496200000911
76,quantum/HS-overlap-ref-SVM,quantum,4,0.6666666666666666,0.6,"{""clf__C"": 0.1}",4.521496200000911
76,quantum/HS-overlap-ref-SVM,quantum,5,0.5555555555555556,0.65,"{""clf__C"": 10.0}",4.521496200000911
76,quantum/HS-overlap-ref-SVM,quantum,6,0.4444444444444444,0.85,"{""clf__C"": 0.1}",4.521496200000911
76,quantum/HS-overlap-ref-SVM,quantum,7,0.5555555555555556,0.45,"{""clf__C"": 10.0}",4.521496200000911
76,quantum/HS-overlap-ref-SVM,quantum,8,0.5555555555555556,0.55,"{""clf__C"": 10.0}",4.521496200000911
76,quantum/HS-overlap-ref-SVM,quantum,9,0.2222222222222222,0.45,"{""clf__C"": 10.0}",4.521496200000911
76,quantum/HS-overlap-ref-SVM,quantum,10,0.3333333333333333,0.45,"{""clf__C"": 10.0}",4.521496200000911
76,quantum/HS-overlap-ref-SVM,quantum,11,0.5555555555555556,0.4,"{""clf__C"": 10.0}",4.521496200000911
76,quantum/HS-overlap-ref-SVM,quantum,12,0.4444444444444444,0.55,"{""clf__C"": 10.0}",4.521496200000911
76,quantum/HS-overlap-ref-SVM,quantum,13,0.5555555555555556,0.55,"{""clf__C"": 10.0}",4.521496200000911
76,quantum/HS-overlap-ref-SVM,quantum,14,0.7777777777777778,0.9500000000000001,"{""clf__C"": 0.1}",4.521496200000911
76,quantum/Fidelity-ref-SVM,quantum,0,0.4444444444444444,0.75,"{""clf__C"": 10.0}",6.344097500001226
76,quantum/Fidelity-ref-SVM,quantum,1,0.3333333333333333,0.45,"{""clf__C"": 10.0}",6.344097500001226
76,quantum/Fidelity-ref-SVM,quantum,2,0.6666666666666666,0.65,"{""clf__C"": 10.0}",6.344097500001226
76,quantum/Fidelity-ref-SVM,quantum,3,0.5555555555555556,0.5499999999999999,"{""clf__C"": 10.0}",6.344097500001226
76,quantum/Fidelity-ref-SVM,quantum,4,0.6666666666666666,0.7,"{""clf__C"": 0.1}",6.344097500001226
76,quantum/Fidelity-ref-SVM,quantum,5,0.5555555555555556,0.55,"{""clf__C"": 10.0}",6.344097500001226
76,quantum/Fidelity-ref-SVM,quantum,6,0.4444444444444444,0.85,"{""clf__C"": 0.1}",6.344097500001226
76,quantum/Fidelity-ref-SVM,quantum,7,0.4444444444444444,0.4,"{""clf__C"": 10.0}",6.344097500001226
76,quantum/Fidelity-ref-SVM,quantum,8,0.4444444444444444,0.5,"{""clf__C"": 10.0}",6.344097500001226
76,quantum/Fidelity-ref-SVM,quantum,9,0.3333333333333333,0.5,"{""clf__C"": 10.0}",6.344097500001226
76,quantum/Fidelity-ref-SVM,quantum,10,0.4444444444444444,0.45,"{""clf__C"": 10.0}",6.344097500001226
76,quantum/Fidelity-ref-SVM,quantum,11,0.6666666666666666,0.45,"{""clf__C"": 10.0}",6.344097500001226
76,quantum/Fidelity-ref-SVM,quantum,12,0.6666666666666666,0.9,"{""clf__C"": 0.1}",6.344097500001226
76,quantum/Fidelity-ref-SVM,quantum,13,0.5555555555555556,0.5,"{""clf__C"": 10.0}",6.344097500001226
76,quantum/Fidelity-ref-SVM,quantum,14,0.8888888888888888,0.8,"{""clf__C"": 10.0}",6.344097500001226
76,quantum/HS-RBF-ref-SVM,quantum,0,0.7777777777777778,0.8,"{""clf__C"": 1.0, ""clf__gamma_mult"": 1.0}",12.857135799999014
76,quantum/HS-RBF-ref-SVM,quantum,1,0.5555555555555556,0.55,"{""clf__C"": 10.0, ""clf__gamma_mult"": 0.25}",12.857135799999014
76,quantum/HS-RBF-ref-SVM,quantum,2,0.6666666666666666,0.65,"{""clf__C"": 1.0, ""clf__gamma_mult"": 0.25}",12.857135799999014
76,quantum/HS-RBF-ref-SVM,quantum,3,0.2222222222222222,0.19999999999999996,"{""clf__C"": 10.0, ""clf__gamma_mult"": 1.0}",12.857135799999014
76,quantum/HS-RBF-ref-SVM,quantum,4,0.6666666666666666,0.7,"{""clf__C"": 10.0, ""clf__gamma_mult"": 4.0}",12.857135799999014
76,quantum/HS-RBF-ref-SVM,quantum,5,0.5555555555555556,0.65,"{""clf__C"": 10.0, ""clf__gamma_mult"": 1.0}",12.857135799999014
76,quantum/HS-RBF-ref-SVM,quantum,6,0.5555555555555556,0.55,"{""clf__C"": 10.0, ""clf__gamma_mult"": 1.0}",12.857135799999014
76,quantum/HS-RBF-ref-SVM,quantum,7,0.4444444444444444,0.4,"{""clf__C"": 1.0, ""clf__gamma_mult"": 1.0}",12.857135799999014
76,quantum/HS-RBF-ref-SVM,quantum,8,0.4444444444444444,0.65,"{""clf__C"": 1.0, ""clf__gamma_mult"": 1.0}",12.857135799999014
76,quantum/HS-RBF-ref-SVM,quantum,9,0.4444444444444444,0.3,"{""clf__C"": 10.0, ""clf__gamma_mult"": 4.0}",12.857135799999014
76,quantum/HS-RBF-ref-SVM,quantum,10,0.5555555555555556,0.45,"{""clf__C"": 1.0, ""clf__gamma_mult"": 1.0}",12.857135799999014
76,quantum/HS-RBF-ref-SVM,quantum,11,0.4444444444444444,0.55,"{""clf__C"": 10.0, ""clf__gamma_mult"": 1.0}",12.857135799999014
76,quantum/HS-RBF-ref-SVM,quantum,12,0.4444444444444444,0.45,"{""clf__C"": 1.0, ""clf__gamma_mult"": 4.0}",12.857135799999014
76,quantum/HS-RBF-ref-SVM,quantum,13,0.5555555555555556,0.75,"{""clf__C"": 1.0, ""clf__gamma_mult"": 1.0}",12.857135799999014
76,quantum/HS-RBF-ref-SVM,quantum,14,0.4444444444444444,0.30000000000000004,"{""clf__C"": 10.0, ""clf__gamma_mult"": 0.25}",12.857135799999014
76,quantum/Bures-RBF-ref-SVM,quantum,0,0.7777777777777778,0.75,"{""clf__C"": 1.0, ""clf__gamma_mult"": 1.0}",16.73096859999896
76,quantum/Bures-RBF-ref-SVM,quantum,1,0.5555555555555556,0.4,"{""clf__C"": 1.0, ""clf__gamma_mult"": 1.0}",16.73096859999896
76,quantum/Bures-RBF-ref-SVM,quantum,2,0.6666666666666666,0.85,"{""clf__C"": 1.0, ""clf__gamma_mult"": 1.0}",16.73096859999896
76,quantum/Bures-RBF-ref-SVM,quantum,3,0.1111111111111111,0.19999999999999996,"{""clf__C"": 10.0, ""clf__gamma_mult"": 1.0}",16.73096859999896
76,quantum/Bures-RBF-ref-SVM,quantum,4,0.6666666666666666,0.7,"{""clf__C"": 10.0, ""clf__gamma_mult"": 4.0}",16.73096859999896
76,quantum/Bures-RBF-ref-SVM,quantum,5,0.6666666666666666,0.55,"{""clf__C"": 10.0, ""clf__gamma_mult"": 0.25}",16.73096859999896
76,quantum/Bures-RBF-ref-SVM,quantum,6,0.4444444444444444,0.55,"{""clf__C"": 10.0, ""clf__gamma_mult"": 1.0}",16.73096859999896
76,quantum/Bures-RBF-ref-SVM,quantum,7,0.4444444444444444,0.25,"{""clf__C"": 1.0, ""clf__gamma_mult"": 4.0}",16.73096859999896
76,quantum/Bures-RBF-ref-SVM,quantum,8,0.6666666666666666,0.5,"{""clf__C"": 10.0, ""clf__gamma_mult"": 0.25}",16.73096859999896
76,quantum/Bures-RBF-ref-SVM,quantum,9,0.4444444444444444,0.09999999999999998,"{""clf__C"": 1.0, ""clf__gamma_mult"": 4.0}",16.73096859999896
76,quantum/Bures-RBF-ref-SVM,quantum,10,0.3333333333333333,0.4,"{""clf__C"": 10.0, ""clf__gamma_mult"": 1.0}",16.73096859999896
76,quantum/Bures-RBF-ref-SVM,quantum,11,0.4444444444444444,0.6000000000000001,"{""clf__C"": 10.0, ""clf__gamma_mult"": 1.0}",16.73096859999896
76,quantum/Bures-RBF-ref-SVM,quantum,12,0.4444444444444444,0.5,"{""clf__C"": 1.0, ""clf__gamma_mult"": 1.0}",16.73096859999896
76,quantum/Bures-RBF-ref-SVM,quantum,13,0.5555555555555556,0.75,"{""clf__C"": 1.0, ""clf__gamma_mult"": 1.0}",16.73096859999896
76,quantum/Bures-RBF-ref-SVM,quantum,14,0.4444444444444444,0.35,"{""clf__C"": 10.0, ""clf__gamma_mult"": 0.25}",16.73096859999896
76,quantum/QRE-RBF-ref-SVM,quantum,0,0.7777777777777778,0.75,"{""clf__C"": 1.0, ""clf__gamma_mult"": 1.0}",14.678233900000123
76,quantum/QRE-RBF-ref-SVM,quantum,1,0.5555555555555556,0.4,"{""clf__C"": 1.0, ""clf__gamma_mult"": 1.0}",14.678233900000123
76,quantum/QRE-RBF-ref-SVM,quantum,2,0.6666666666666666,0.85,"{""clf__C"": 1.0, ""clf__gamma_mult"": 1.0}",14.678233900000123
76,quantum/QRE-RBF-ref-SVM,quantum,3,0.2222222222222222,0.19999999999999996,"{""clf__C"": 10.0, ""clf__gamma_mult"": 1.0}",14.678233900000123
76,quantum/QRE-RBF-ref-SVM,quantum,4,0.6666666666666666,0.7,"{""clf__C"": 10.0, ""clf__gamma_mult"": 4.0}",14.678233900000123
76,quantum/QRE-RBF-ref-SVM,quantum,5,0.6666666666666666,0.55,"{""clf__C"": 10.0, ""clf__gamma_mult"": 0.25}",14.678233900000123
76,quantum/QRE-RBF-ref-SVM,quantum,6,0.4444444444444444,0.55,"{""clf__C"": 10.0, ""clf__gamma_mult"": 1.0}",14.678233900000123
76,quantum/QRE-RBF-ref-SVM,quantum,7,0.4444444444444444,0.25,"{""clf__C"": 1.0, ""clf__gamma_mult"": 4.0}",14.678233900000123
76,quantum/QRE-RBF-ref-SVM,quantum,8,0.6666666666666666,0.5,"{""clf__C"": 10.0, ""clf__gamma_mult"": 0.25}",14.678233900000123
76,quantum/QRE-RBF-ref-SVM,quantum,9,0.4444444444444444,0.09999999999999998,"{""clf__C"": 1.0, ""clf__gamma_mult"": 4.0}",14.678233900000123
76,quantum/QRE-RBF-ref-SVM,quantum,10,0.3333333333333333,0.4,"{""clf__C"": 10.0, ""clf__gamma_mult"": 1.0}",14.678233900000123
76,quantum/QRE-RBF-ref-SVM,quantum,11,0.4444444444444444,0.6000000000000001,"{""clf__C"": 10.0, ""clf__gamma_mult"": 1.0}",14.678233900000123
76,quantum/QRE-RBF-ref-SVM,quantum,12,0.4444444444444444,0.5,"{""clf__C"": 1.0, ""clf__gamma_mult"": 1.0}",14.678233900000123
76,quantum/QRE-RBF-ref-SVM,quantum,13,0.5555555555555556,0.75,"{""clf__C"": 1.0, ""clf__gamma_mult"": 1.0}",14.678233900000123
76,quantum/QRE-RBF-ref-SVM,quantum,14,0.4444444444444444,0.35,"{""clf__C"": 10.0, ""clf__gamma_mult"": 0.25}",14.678233900000123
76,quantum/IQP-kernel-SVM,quantum,0,0.6666666666666666,0.65,"{""clf__C"": 10.0, ""clf__scale"": 0.5}",20.696264600001086
76,quantum/IQP-kernel-SVM,quantum,1,0.8888888888888888,1.0,"{""clf__C"": 1.0, ""clf__scale"": 2.0}",20.696264600001086
76,quantum/IQP-kernel-SVM,quantum,2,0.6666666666666666,0.7000000000000001,"{""clf__C"": 1.0, ""clf__scale"": 1.0}",20.696264600001086
76,quantum/IQP-kernel-SVM,quantum,3,0.5555555555555556,0.5,"{""clf__C"": 10.0, ""clf__scale"": 2.0}",20.696264600001086
76,quantum/IQP-kernel-SVM,quantum,4,0.5555555555555556,0.7,"{""clf__C"": 10.0, ""clf__scale"": 2.0}",20.696264600001086
76,quantum/IQP-kernel-SVM,quantum,5,0.6666666666666666,0.75,"{""clf__C"": 1.0, ""clf__scale"": 1.0}",20.696264600001086
76,quantum/IQP-kernel-SVM,quantum,6,0.4444444444444444,0.65,"{""clf__C"": 0.1, ""clf__scale"": 0.5}",20.696264600001086
76,quantum/IQP-kernel-SVM,quantum,7,0.3333333333333333,0.5,"{""clf__C"": 10.0, ""clf__scale"": 1.0}",20.696264600001086
76,quantum/IQP-kernel-SVM,quantum,8,0.5555555555555556,0.55,"{""clf__C"": 1.0, ""clf__scale"": 1.0}",20.696264600001086
76,quantum/IQP-kernel-SVM,quantum,9,0.3333333333333333,0.24999999999999997,"{""clf__C"": 1.0, ""clf__scale"": 0.5}",20.696264600001086
76,quantum/IQP-kernel-SVM,quantum,10,0.4444444444444444,0.5,"{""clf__C"": 10.0, ""clf__scale"": 1.0}",20.696264600001086
76,quantum/IQP-kernel-SVM,quantum,11,0.3333333333333333,0.45,"{""clf__C"": 1.0, ""clf__scale"": 2.0}",20.696264600001086
76,quantum/IQP-kernel-SVM,quantum,12,0.7777777777777778,0.8,"{""clf__C"": 1.0, ""clf__scale"": 1.0}",20.696264600001086
76,quantum/IQP-kernel-SVM,quantum,13,0.3333333333333333,0.3,"{""clf__C"": 10.0, ""clf__scale"": 1.0}",20.696264600001086
76,quantum/IQP-kernel-SVM,quantum,14,0.5555555555555556,0.55,"{""clf__C"": 10.0, ""clf__scale"": 2.0}",20.696264600001086
76,quantum/CNOT-kernel-SVM,quantum,0,0.6666666666666666,0.75,"{""clf__C"": 10.0, ""clf__scale"": 0.5}",18.314741700000013
76,quantum/CNOT-kernel-SVM,quantum,1,0.6666666666666666,0.65,"{""clf__C"": 10.0, ""clf__scale"": 2.0}",18.314741700000013
76,quantum/CNOT-kernel-SVM,quantum,2,0.3333333333333333,0.35,"{""clf__C"": 10.0, ""clf__scale"": 2.0}",18.314741700000013
76,quantum/CNOT-kernel-SVM,quantum,3,0.4444444444444444,0.35000000000000003,"{""clf__C"": 1.0, ""clf__scale"": 2.0}",18.314741700000013
76,quantum/CNOT-kernel-SVM,quantum,4,0.4444444444444444,0.65,"{""clf__C"": 10.0, ""clf__scale"": 1.0}",18.314741700000013
76,quantum/CNOT-kernel-SVM,quantum,5,0.4444444444444444,0.4,"{""clf__C"": 10.0, ""clf__scale"": 0.5}",18.314741700000013
76,quantum/CNOT-kernel-SVM,quantum,6,0.5555555555555556,0.65,"{""clf__C"": 1.0, ""clf__scale"": 2.0}",18.314741700000013
76,quantum/CNOT-kernel-SVM,quantum,7,0.3333333333333333,0.25,"{""clf__C"": 1.0, ""clf__scale"": 0.5}",18.314741700000013
76,quantum/CNOT-kernel-SVM,quantum,8,0.6666666666666666,0.6,"{""clf__C"": 10.0, ""clf__scale"": 2.0}",18.314741700000013
76,quantum/CNOT-kernel-SVM,quantum,9,0.6666666666666666,0.85,"{""clf__C"": 1.0, ""clf__scale"": 2.0}",18.314741700000013
76,quantum/CNOT-kernel-SVM,quantum,10,0.3333333333333333,0.35,"{""clf__C"": 1.0, ""clf__scale"": 2.0}",18.314741700000013
76,quantum/CNOT-kernel-SVM,quantum,11,0.5555555555555556,0.5,"{""clf__C"": 10.0, ""clf__scale"": 2.0}",18.314741700000013
76,quantum/CNOT-kernel-SVM,quantum,12,0.4444444444444444,0.25,"{""clf__C"": 1.0, ""clf__scale"": 2.0}",18.314741700000013
76,quantum/CNOT-kernel-SVM,quantum,13,0.4444444444444444,0.6000000000000001,"{""clf__C"": 1.0, ""clf__scale"": 2.0}",18.314741700000013
76,quantum/CNOT-kernel-SVM,quantum,14,0.4444444444444444,0.7,"{""clf__C"": 1.0, ""clf__scale"": 2.0}",18.314741700000013
76,control/IQP-no-entangle,control,0,0.7777777777777778,0.75,"{""clf__C"": 10.0, ""clf__scale"": 0.5}",16.87508649999836
76,control/IQP-no-entangle,control,1,0.5555555555555556,0.6,"{""clf__C"": 10.0, ""clf__scale"": 2.0}",16.87508649999836
76,control/IQP-no-entangle,control,2,0.2222222222222222,0.35,"{""clf__C"": 10.0, ""clf__scale"": 2.0}",16.87508649999836
76,control/IQP-no-entangle,control,3,0.3333333333333333,0.25,"{""clf__C"": 10.0, ""clf__scale"": 2.0}",16.87508649999836
76,control/IQP-no-entangle,control,4,0.6666666666666666,0.6,"{""clf__C"": 1.0, ""clf__scale"": 2.0}",16.87508649999836
76,control/IQP-no-entangle,control,5,0.6666666666666666,0.6499999999999999,"{""clf__C"": 1.0, ""clf__scale"": 2.0}",16.87508649999836
76,control/IQP-no-entangle,control,6,0.4444444444444444,0.65,"{""clf__C"": 0.1, ""clf__scale"": 0.5}",16.87508649999836
76,control/IQP-no-entangle,control,7,0.4444444444444444,0.5,"{""clf__C"": 1.0, ""clf__scale"": 2.0}",16.87508649999836
76,control/IQP-no-entangle,control,8,0.5555555555555556,0.45,"{""clf__C"": 10.0, ""clf__scale"": 0.5}",16.87508649999836
76,control/IQP-no-entangle,control,9,0.8888888888888888,0.8500000000000001,"{""clf__C"": 10.0, ""clf__scale"": 2.0}",16.87508649999836
76,control/IQP-no-entangle,control,10,0.3333333333333333,0.2,"{""clf__C"": 1.0, ""clf__scale"": 2.0}",16.87508649999836
76,control/IQP-no-entangle,control,11,0.3333333333333333,0.30000000000000004,"{""clf__C"": 10.0, ""clf__scale"": 2.0}",16.87508649999836
76,control/IQP-no-entangle,control,12,0.2222222222222222,0.14999999999999997,"{""clf__C"": 1.0, ""clf__scale"": 2.0}",16.87508649999836
76,control/IQP-no-entangle,control,13,0.5555555555555556,0.55,"{""clf__C"": 1.0, ""clf__scale"": 0.5}",16.87508649999836
76,control/IQP-no-entangle,control,14,0.4444444444444444,0.39999999999999997,"{""clf__C"": 10.0, ""clf__scale"": 2.0}",16.87508649999836
76,control/PCA-matched-RBF,control,0,0.4444444444444444,0.65,"{""clf__C"": 0.1, ""clf__gamma"": ""scale""}",13.520560900000419
76,control/PCA-matched-RBF,control,1,0.4444444444444444,0.55,"{""clf__C"": 0.1, ""clf__gamma"": ""scale""}",13.520560900000419
76,control/PCA-matched-RBF,control,2,0.5555555555555556,0.6,"{""clf__C"": 0.1, ""clf__gamma"": ""scale""}",13.520560900000419
76,control/PCA-matched-RBF,control,3,0.5555555555555556,0.44999999999999996,"{""clf__C"": 10.0, ""clf__gamma"": 0.1}",13.520560900000419
76,control/PCA-matched-RBF,control,4,0.4444444444444444,0.44999999999999996,"{""clf__C"": 10.0, ""clf__gamma"": 0.01}",13.520560900000419
76,control/PCA-matched-RBF,control,5,0.4444444444444444,0.45,"{""clf__C"": 10.0, ""clf__gamma"": 0.1}",13.520560900000419
76,control/PCA-matched-RBF,control,6,0.4444444444444444,0.8,"{""clf__C"": 0.1, ""clf__gamma"": ""scale""}",13.520560900000419
76,control/PCA-matched-RBF,control,7,0.4444444444444444,0.25,"{""clf__C"": 10.0, ""clf__gamma"": 0.1}",13.520560900000419
76,control/PCA-matched-RBF,control,8,0.4444444444444444,0.35,"{""clf__C"": 10.0, ""clf__gamma"": 0.01}",13.520560900000419
76,control/PCA-matched-RBF,control,9,0.3333333333333333,0.35,"{""clf__C"": 0.1, ""clf__gamma"": ""scale""}",13.520560900000419
76,control/PCA-matched-RBF,control,10,0.4444444444444444,0.25,"{""clf__C"": 0.1, ""clf__gamma"": ""scale""}",13.520560900000419
76,control/PCA-matched-RBF,control,11,0.7777777777777778,0.8,"{""clf__C"": 10.0, ""clf__gamma"": 0.1}",13.520560900000419
76,control/PCA-matched-RBF,control,12,0.4444444444444444,0.35,"{""clf__C"": 0.1, ""clf__gamma"": ""scale""}",13.520560900000419
76,control/PCA-matched-RBF,control,13,0.4444444444444444,0.45,"{""clf__C"": 10.0, ""clf__gamma"": 0.01}",13.520560900000419
76,control/PCA-matched-RBF,control,14,0.5555555555555556,0.4,"{""clf__C"": 0.1, ""clf__gamma"": ""scale""}",13.520560900000419
76,control/PCA-matched-linear,control,0,0.4444444444444444,0.55,"{""clf__C"": 0.1}",4.893341599999985
76,control/PCA-matched-linear,control,1,0.4444444444444444,0.35,"{""clf__C"": 1.0}",4.893341599999985
76,control/PCA-matched-linear,control,2,0.5555555555555556,0.65,"{""clf__C"": 10.0}",4.893341599999985
76,control/PCA-matched-linear,control,3,0.5555555555555556,0.4,"{""clf__C"": 10.0}",4.893341599999985
76,control/PCA-matched-linear,control,4,0.4444444444444444,0.6,"{""clf__C"": 1.0}",4.893341599999985
76,control/PCA-matched-linear,control,5,0.4444444444444444,0.45,"{""clf__C"": 1.0}",4.893341599999985
76,control/PCA-matched-linear,control,6,0.5555555555555556,0.65,"{""clf__C"": 0.1}",4.893341599999985
76,control/PCA-matched-linear,control,7,0.3333333333333333,0.35,"{""clf__C"": 0.1}",4.893341599999985
76,control/PCA-matched-linear,control,8,0.4444444444444444,0.39999999999999997,"{""clf__C"": 0.1}",4.893341599999985
76,control/PCA-matched-linear,control,9,0.4444444444444444,0.3,"{""clf__C"": 1.0}",4.893341599999985
76,control/PCA-matched-linear,control,10,0.4444444444444444,0.15000000000000002,"{""clf__C"": 0.1}",4.893341599999985
76,control/PCA-matched-linear,control,11,0.5555555555555556,0.7,"{""clf__C"": 0.1}",4.893341599999985
76,control/PCA-matched-linear,control,12,0.5555555555555556,0.45,"{""clf__C"": 0.1}",4.893341599999985
76,control/PCA-matched-linear,control,13,0.4444444444444444,0.5,"{""clf__C"": 0.1}",4.893341599999985
76,control/PCA-matched-linear,control,14,0.5555555555555556,0.55,"{""clf__C"": 0.1}",4.893341599999985
76,control/logeuclid-TS+LR,control,0,0.5555555555555556,0.55,"{""clf__C"": 1.0}",4.322823700000299
76,control/logeuclid-TS+LR,control,1,0.4444444444444444,0.45,"{""clf__C"": 1.0}",4.322823700000299
76,control/logeuclid-TS+LR,control,2,0.6666666666666666,0.85,"{""clf__C"": 10.0}",4.322823700000299
76,control/logeuclid-TS+LR,control,3,0.5555555555555556,0.7,"{""clf__C"": 1.0}",4.322823700000299
76,control/logeuclid-TS+LR,control,4,0.6666666666666666,0.65,"{""clf__C"": 10.0}",4.322823700000299
76,control/logeuclid-TS+LR,control,5,0.5555555555555556,0.65,"{""clf__C"": 10.0}",4.322823700000299
76,control/logeuclid-TS+LR,control,6,0.6666666666666666,0.75,"{""clf__C"": 10.0}",4.322823700000299
76,control/logeuclid-TS+LR,control,7,0.5555555555555556,0.65,"{""clf__C"": 1.0}",4.322823700000299
76,control/logeuclid-TS+LR,control,8,0.5555555555555556,0.5,"{""clf__C"": 1.0}",4.322823700000299
76,control/logeuclid-TS+LR,control,9,0.3333333333333333,0.5,"{""clf__C"": 10.0}",4.322823700000299
76,control/logeuclid-TS+LR,control,10,0.1111111111111111,0.25,"{""clf__C"": 0.1}",4.322823700000299
76,control/logeuclid-TS+LR,control,11,0.5555555555555556,0.6,"{""clf__C"": 10.0}",4.322823700000299
76,control/logeuclid-TS+LR,control,12,0.5555555555555556,0.75,"{""clf__C"": 1.0}",4.322823700000299
76,control/logeuclid-TS+LR,control,13,0.5555555555555556,0.65,"{""clf__C"": 1.0}",4.322823700000299
76,control/logeuclid-TS+LR,control,14,0.5555555555555556,0.65,"{""clf__C"": 1.0}",4.322823700000299
76,control/riemann-kernel-SVM,control,0,0.6666666666666666,0.6000000000000001,"{""clf__C"": 10.0}",4.480819700000211
76,control/riemann-kernel-SVM,control,1,0.4444444444444444,0.6,"{""clf__C"": 10.0}",4.480819700000211
76,control/riemann-kernel-SVM,control,2,0.5555555555555556,0.75,"{""clf__C"": 10.0}",4.480819700000211
76,control/riemann-kernel-SVM,control,3,0.1111111111111111,0.09999999999999998,"{""clf__C"": 10.0}",4.480819700000211
76,control/riemann-kernel-SVM,control,4,0.5555555555555556,0.65,"{""clf__C"": 1.0}",4.480819700000211
76,control/riemann-kernel-SVM,control,5,0.5555555555555556,0.6,"{""clf__C"": 10.0}",4.480819700000211
76,control/riemann-kernel-SVM,control,6,0.7777777777777778,0.75,"{""clf__C"": 1.0}",4.480819700000211
76,control/riemann-kernel-SVM,control,7,0.5555555555555556,0.5,"{""clf__C"": 1.0}",4.480819700000211
76,control/riemann-kernel-SVM,control,8,0.6666666666666666,0.6,"{""clf__C"": 1.0}",4.480819700000211
76,control/riemann-kernel-SVM,control,9,0.2222222222222222,0.4,"{""clf__C"": 10.0}",4.480819700000211
76,control/riemann-kernel-SVM,control,10,0.3333333333333333,0.35,"{""clf__C"": 1.0}",4.480819700000211
76,control/riemann-kernel-SVM,control,11,0.6666666666666666,0.5,"{""clf__C"": 1.0}",4.480819700000211
76,control/riemann-kernel-SVM,control,12,0.5555555555555556,0.7,"{""clf__C"": 10.0}",4.480819700000211
76,control/riemann-kernel-SVM,control,13,0.5555555555555556,0.6,"{""clf__C"": 1.0}",4.480819700000211
76,control/riemann-kernel-SVM,control,14,0.3333333333333333,0.3,"{""clf__C"": 1.0}",4.480819700000211
76,control/logeuclid-kernel-SVM,control,0,0.5555555555555556,0.75,"{""clf__C"": 10.0}",4.360079699999915
76,control/logeuclid-kernel-SVM,control,1,0.4444444444444444,0.4,"{""clf__C"": 10.0}",4.360079699999915
76,control/logeuclid-kernel-SVM,control,2,0.4444444444444444,0.7000000000000001,"{""clf__C"": 10.0}",4.360079699999915
76,control/logeuclid-kernel-SVM,control,3,0.2222222222222222,0.14999999999999997,"{""clf__C"": 10.0}",4.360079699999915
76,control/logeuclid-kernel-SVM,control,4,0.5555555555555556,0.6,"{""clf__C"": 1.0}",4.360079699999915
76,control/logeuclid-kernel-SVM,control,5,0.5555555555555556,0.3,"{""clf__C"": 10.0}",4.360079699999915
76,control/logeuclid-kernel-SVM,control,6,0.4444444444444444,0.6,"{""clf__C"": 10.0}",4.360079699999915
76,control/logeuclid-kernel-SVM,control,7,0.4444444444444444,0.45,"{""clf__C"": 1.0}",4.360079699999915
76,control/logeuclid-kernel-SVM,control,8,0.6666666666666666,0.5,"{""clf__C"": 1.0}",4.360079699999915
76,control/logeuclid-kernel-SVM,control,9,0.2222222222222222,0.4,"{""clf__C"": 10.0}",4.360079699999915
76,control/logeuclid-kernel-SVM,control,10,0.4444444444444444,0.45,"{""clf__C"": 10.0}",4.360079699999915
76,control/logeuclid-kernel-SVM,control,11,0.3333333333333333,0.55,"{""clf__C"": 10.0}",4.360079699999915
76,control/logeuclid-kernel-SVM,control,12,0.5555555555555556,0.6,"{""clf__C"": 10.0}",4.360079699999915
76,control/logeuclid-kernel-SVM,control,13,0.4444444444444444,0.6,"{""clf__C"": 10.0}",4.360079699999915
76,control/logeuclid-kernel-SVM,control,14,0.4444444444444444,0.55,"{""clf__C"": 1.0}",4.360079699999915
77,classical/logvar+LDA,classical,0,0.4444444444444444,0.35,{},0.07968439999967813
77,classical/logvar+LDA,classical,1,0.7777777777777778,0.8,{},0.07968439999967813
77,classical/logvar+LDA,classical,2,0.4444444444444444,0.3,{},0.07968439999967813
77,classical/logvar+LDA,classical,3,0.6666666666666666,0.55,{},0.07968439999967813
77,classical/logvar+LDA,classical,4,0.3333333333333333,0.35,{},0.07968439999967813
77,classical/logvar+LDA,classical,5,0.6666666666666666,0.65,{},0.07968439999967813
77,classical/logvar+LDA,classical,6,0.5555555555555556,0.8500000000000001,{},0.07968439999967813
77,classical/logvar+LDA,classical,7,0.4444444444444444,0.4,{},0.07968439999967813
77,classical/logvar+LDA,classical,8,0.6666666666666666,0.7,{},0.07968439999967813
77,classical/logvar+LDA,classical,9,0.4444444444444444,0.55,{},0.07968439999967813
77,classical/logvar+LDA,classical,10,0.3333333333333333,0.35000000000000003,{},0.07968439999967813
77,classical/logvar+LDA,classical,11,0.5555555555555556,0.35,{},0.07968439999967813
77,classical/logvar+LDA,classical,12,0.6666666666666666,0.6,{},0.07968439999967813
77,classical/logvar+LDA,classical,13,0.3333333333333333,0.25,{},0.07968439999967813
77,classical/logvar+LDA,classical,14,0.5555555555555556,0.7,{},0.07968439999967813
77,classical/CSP+LDA,classical,0,0.4444444444444444,0.35,"{""csp__nfilter"": 2}",3.8162522000002355
77,classical/CSP+LDA,classical,1,0.4444444444444444,0.4,"{""csp__nfilter"": 4}",3.8162522000002355
77,classical/CSP+LDA,classical,2,0.6666666666666666,0.75,"{""csp__nfilter"": 4}",3.8162522000002355
77,classical/CSP+LDA,classical,3,0.3333333333333333,0.4,"{""csp__nfilter"": 4}",3.8162522000002355
77,classical/CSP+LDA,classical,4,0.4444444444444444,0.39999999999999997,"{""csp__nfilter"": 2}",3.8162522000002355
77,classical/CSP+LDA,classical,5,0.5555555555555556,0.65,"{""csp__nfilter"": 6}",3.8162522000002355
77,classical/CSP+LDA,classical,6,0.5555555555555556,0.5,"{""csp__nfilter"": 4}",3.8162522000002355
77,classical/CSP+LDA,classical,7,0.3333333333333333,0.45,"{""csp__nfilter"": 6}",3.8162522000002355
77,classical/CSP+LDA,classical,8,0.5555555555555556,0.6000000000000001,"{""csp__nfilter"": 2}",3.8162522000002355
77,classical/CSP+LDA,classical,9,0.3333333333333333,0.30000000000000004,"{""csp__nfilter"": 2}",3.8162522000002355
77,classical/CSP+LDA,classical,10,0.3333333333333333,0.6,"{""csp__nfilter"": 6}",3.8162522000002355
77,classical/CSP+LDA,classical,11,0.1111111111111111,0.1,"{""csp__nfilter"": 2}",3.8162522000002355
77,classical/CSP+LDA,classical,12,0.5555555555555556,0.35,"{""csp__nfilter"": 2}",3.8162522000002355
77,classical/CSP+LDA,classical,13,0.5555555555555556,0.45,"{""csp__nfilter"": 6}",3.8162522000002355
77,classical/CSP+LDA,classical,14,0.4444444444444444,0.35,"{""csp__nfilter"": 4}",3.8162522000002355
77,classical/MDM,classical,0,0.4444444444444444,0.4,{},0.4569023999993078
77,classical/MDM,classical,1,0.3333333333333333,0.45,{},0.4569023999993078
77,classical/MDM,classical,2,0.7777777777777778,0.65,{},0.4569023999993078
77,classical/MDM,classical,3,0.3333333333333333,0.25,{},0.4569023999993078
77,classical/MDM,classical,4,0.4444444444444444,0.49999999999999994,{},0.4569023999993078
77,classical/MDM,classical,5,0.5555555555555556,0.6,{},0.4569023999993078
77,classical/MDM,classical,6,0.5555555555555556,0.5,{},0.4569023999993078
77,classical/MDM,classical,7,0.4444444444444444,0.45,{},0.4569023999993078
77,classical/MDM,classical,8,0.5555555555555556,0.5,{},0.4569023999993078
77,classical/MDM,classical,9,0.2222222222222222,0.30000000000000004,{},0.4569023999993078
77,classical/MDM,classical,10,0.2222222222222222,0.15,{},0.4569023999993078
77,classical/MDM,classical,11,0.2222222222222222,0.1,{},0.4569023999993078
77,classical/MDM,classical,12,0.5555555555555556,0.3,{},0.4569023999993078
77,classical/MDM,classical,13,0.4444444444444444,0.4,{},0.4569023999993078
77,classical/MDM,classical,14,0.3333333333333333,0.35000000000000003,{},0.4569023999993078
77,classical/TS+LR,classical,0,0.3333333333333333,0.35000000000000003,"{""clf__C"": 0.1}",4.720298399999592
77,classical/TS+LR,classical,1,0.4444444444444444,0.25,"{""clf__C"": 1.0}",4.720298399999592
77,classical/TS+LR,classical,2,0.3333333333333333,0.5,"{""clf__C"": 1.0}",4.720298399999592
77,classical/TS+LR,classical,3,0.3333333333333333,0.2,"{""clf__C"": 1.0}",4.720298399999592
77,classical/TS+LR,classical,4,0.5555555555555556,0.6,"{""clf__C"": 0.1}",4.720298399999592
77,classical/TS+LR,classical,5,0.6666666666666666,0.6000000000000001,"{""clf__C"": 0.1}",4.720298399999592
77,classical/TS+LR,classical,6,0.4444444444444444,0.5,"{""clf__C"": 10.0}",4.720298399999592
77,classical/TS+LR,classical,7,0.4444444444444444,0.6,"{""clf__C"": 1.0}",4.720298399999592
77,classical/TS+LR,classical,8,0.5555555555555556,0.55,"{""clf__C"": 10.0}",4.720298399999592
77,classical/TS+LR,classical,9,0.2222222222222222,0.25,"{""clf__C"": 10.0}",4.720298399999592
77,classical/TS+LR,classical,10,0.3333333333333333,0.2,"{""clf__C"": 0.1}",4.720298399999592
77,classical/TS+LR,classical,11,0.5555555555555556,0.7,"{""clf__C"": 0.1}",4.720298399999592
77,classical/TS+LR,classical,12,0.3333333333333333,0.25,"{""clf__C"": 1.0}",4.720298399999592
77,classical/TS+LR,classical,13,0.6666666666666666,0.45,"{""clf__C"": 0.1}",4.720298399999592
77,classical/TS+LR,classical,14,0.3333333333333333,0.25,"{""clf__C"": 0.1}",4.720298399999592
77,classical/TS+RBF-SVM,classical,0,0.4444444444444444,0.35,"{""clf__C"": 1.0, ""clf__gamma"": ""scale""}",12.665551199999754
77,classical/TS+RBF-SVM,classical,1,0.4444444444444444,0.35,"{""clf__C"": 10.0, ""clf__gamma"": 0.01}",12.665551199999754
77,classical/TS+RBF-SVM,classical,2,0.5555555555555556,0.6000000000000001,"{""clf__C"": 0.1, ""clf__gamma"": ""scale""}",12.665551199999754
77,classical/TS+RBF-SVM,classical,3,0.4444444444444444,0.15,"{""clf__C"": 1.0, ""clf__gamma"": 0.01}",12.665551199999754
77,classical/TS+RBF-SVM,classical,4,0.4444444444444444,0.45,"{""clf__C"": 0.1, ""clf__gamma"": ""scale""}",12.665551199999754
77,classical/TS+RBF-SVM,classical,5,0.5555555555555556,0.6,"{""clf__C"": 0.1, ""clf__gamma"": ""scale""}",12.665551199999754
77,classical/TS+RBF-SVM,classical,6,0.5555555555555556,0.3,"{""clf__C"": 0.1, ""clf__gamma"": ""scale""}",12.665551199999754
77,classical/TS+RBF-SVM,classical,7,0.5555555555555556,0.5,"{""clf__C"": 10.0, ""clf__gamma"": 0.1}",12.665551199999754
77,classical/TS+RBF-SVM,classical,8,0.5555555555555556,0.55,"{""clf__C"": 0.1, ""clf__gamma"": ""scale""}",12.665551199999754
77,classical/TS+RBF-SVM,classical,9,0.4444444444444444,0.14999999999999997,"{""clf__C"": 0.1, ""clf__gamma"": ""scale""}",12.665551199999754
77,classical/TS+RBF-SVM,classical,10,0.5555555555555556,0.3,"{""clf__C"": 0.1, ""clf__gamma"": ""scale""}",12.665551199999754
77,classical/TS+RBF-SVM,classical,11,0.5555555555555556,0.25,"{""clf__C"": 0.1, ""clf__gamma"": ""scale""}",12.665551199999754
77,classical/TS+RBF-SVM,classical,12,0.4444444444444444,0.2,"{""clf__C"": 1.0, ""clf__gamma"": 0.01}",12.665551199999754
77,classical/TS+RBF-SVM,classical,13,0.5555555555555556,0.3,"{""clf__C"": 10.0, ""clf__gamma"": 0.1}",12.665551199999754
77,classical/TS+RBF-SVM,classical,14,0.4444444444444444,0.25,"{""clf__C"": 0.1, ""clf__gamma"": ""scale""}",12.665551199999754
77,quantum/HS-overlap-SVM,quantum,0,0.5555555555555556,0.7000000000000001,"{""clf__C"": 0.1}",3.788822099999379
77,quantum/HS-overlap-SVM,quantum,1,0.5555555555555556,0.5,"{""clf__C"": 0.1}",3.788822099999379
77,quantum/HS-overlap-SVM,quantum,2,0.5555555555555556,0.44999999999999996,"{""clf__C"": 0.1}",3.788822099999379
77,quantum/HS-overlap-SVM,quantum,3,0.5555555555555556,0.6,"{""clf__C"": 0.1}",3.788822099999379
77,quantum/HS-overlap-SVM,quantum,4,0.4444444444444444,0.44999999999999996,"{""clf__C"": 0.1}",3.788822099999379
77,quantum/HS-overlap-SVM,quantum,5,0.5555555555555556,0.75,"{""clf__C"": 0.1}",3.788822099999379
77,quantum/HS-overlap-SVM,quantum,6,0.5555555555555556,0.8,"{""clf__C"": 0.1}",3.788822099999379
77,quantum/HS-overlap-SVM,quantum,7,0.5555555555555556,0.4,"{""clf__C"": 0.1}",3.788822099999379
77,quantum/HS-overlap-SVM,quantum,8,0.5555555555555556,0.7,"{""clf__C"": 0.1}",3.788822099999379
77,quantum/HS-overlap-SVM,quantum,9,0.4444444444444444,0.39999999999999997,"{""clf__C"": 0.1}",3.788822099999379
77,quantum/HS-overlap-SVM,quantum,10,0.5555555555555556,0.55,"{""clf__C"": 0.1}",3.788822099999379
77,quantum/HS-overlap-SVM,quantum,11,0.5555555555555556,0.5,"{""clf__C"": 0.1}",3.788822099999379
77,quantum/HS-overlap-SVM,quantum,12,0.5555555555555556,0.6,"{""clf__C"": 0.1}",3.788822099999379
77,quantum/HS-overlap-SVM,quantum,13,0.5555555555555556,0.35000000000000003,"{""clf__C"": 0.1}",3.788822099999379
77,quantum/HS-overlap-SVM,quantum,14,0.4444444444444444,0.5,"{""clf__C"": 0.1}",3.788822099999379
77,quantum/Fidelity-SVM,quantum,0,0.5555555555555556,0.4,"{""clf__C"": 0.1}",5.387106899999708
77,quantum/Fidelity-SVM,quantum,1,0.5555555555555556,0.45,"{""clf__C"": 0.1}",5.387106899999708
77,quantum/Fidelity-SVM,quantum,2,0.5555555555555556,0.65,"{""clf__C"": 0.1}",5.387106899999708
77,quantum/Fidelity-SVM,quantum,3,0.5555555555555556,0.55,"{""clf__C"": 0.1}",5.387106899999708
77,quantum/Fidelity-SVM,quantum,4,0.4444444444444444,0.44999999999999996,"{""clf__C"": 0.1}",5.387106899999708
77,quantum/Fidelity-SVM,quantum,5,0.5555555555555556,0.55,"{""clf__C"": 0.1}",5.387106899999708
77,quantum/Fidelity-SVM,quantum,6,0.5555555555555556,0.8500000000000001,"{""clf__C"": 0.1}",5.387106899999708
77,quantum/Fidelity-SVM,quantum,7,0.5555555555555556,0.5,"{""clf__C"": 0.1}",5.387106899999708
77,quantum/Fidelity-SVM,quantum,8,0.5555555555555556,0.8,"{""clf__C"": 0.1}",5.387106899999708
77,quantum/Fidelity-SVM,quantum,9,0.4444444444444444,0.35000000000000003,"{""clf__C"": 0.1}",5.387106899999708
77,quantum/Fidelity-SVM,quantum,10,0.5555555555555556,0.5,"{""clf__C"": 10.0}",5.387106899999708
77,quantum/Fidelity-SVM,quantum,11,0.5555555555555556,0.35,"{""clf__C"": 0.1}",5.387106899999708
77,quantum/Fidelity-SVM,quantum,12,0.5555555555555556,0.6000000000000001,"{""clf__C"": 0.1}",5.387106899999708
77,quantum/Fidelity-SVM,quantum,13,0.5555555555555556,0.4,"{""clf__C"": 0.1}",5.387106899999708
77,quantum/Fidelity-SVM,quantum,14,0.4444444444444444,0.5,"{""clf__C"": 0.1}",5.387106899999708
77,quantum/HS-RBF-SVM,quantum,0,0.5555555555555556,0.4,"{""clf__C"": 1.0, ""clf__gamma_mult"": 0.25}",10.63312009999936
77,quantum/HS-RBF-SVM,quantum,1,0.5555555555555556,0.6,"{""clf__C"": 1.0, ""clf__gamma_mult"": 0.25}",10.63312009999936
77,quantum/HS-RBF-SVM,quantum,2,0.6666666666666666,0.55,"{""clf__C"": 1.0, ""clf__gamma_mult"": 1.0}",10.63312009999936
77,quantum/HS-RBF-SVM,quantum,3,0.4444444444444444,0.55,"{""clf__C"": 1.0, ""clf__gamma_mult"": 1.0}",10.63312009999936
77,quantum/HS-RBF-SVM,quantum,4,0.7777777777777778,0.65,"{""clf__C"": 1.0, ""clf__gamma_mult"": 4.0}",10.63312009999936
77,quantum/HS-RBF-SVM,quantum,5,0.5555555555555556,0.55,"{""clf__C"": 1.0, ""clf__gamma_mult"": 4.0}",10.63312009999936
77,quantum/HS-RBF-SVM,quantum,6,0.6666666666666666,0.9,"{""clf__C"": 1.0, ""clf__gamma_mult"": 1.0}",10.63312009999936
77,quantum/HS-RBF-SVM,quantum,7,0.4444444444444444,0.30000000000000004,"{""clf__C"": 1.0, ""clf__gamma_mult"": 1.0}",10.63312009999936
77,quantum/HS-RBF-SVM,quantum,8,0.4444444444444444,0.55,"{""clf__C"": 1.0, ""clf__gamma_mult"": 4.0}",10.63312009999936
77,quantum/HS-RBF-SVM,quantum,9,0.5555555555555556,0.44999999999999996,"{""clf__C"": 1.0, ""clf__gamma_mult"": 4.0}",10.63312009999936
77,quantum/HS-RBF-SVM,quantum,10,0.5555555555555556,0.5,"{""clf__C"": 1.0, ""clf__gamma_mult"": 4.0}",10.63312009999936
77,quantum/HS-RBF-SVM,quantum,11,0.6666666666666666,0.4,"{""clf__C"": 1.0, ""clf__gamma_mult"": 4.0}",10.63312009999936
77,quantum/HS-RBF-SVM,quantum,12,0.4444444444444444,0.8,"{""clf__C"": 1.0, ""clf__gamma_mult"": 1.0}",10.63312009999936
77,quantum/HS-RBF-SVM,quantum,13,0.6666666666666666,0.65,"{""clf__C"": 1.0, ""clf__gamma_mult"": 4.0}",10.63312009999936
77,quantum/HS-RBF-SVM,quantum,14,0.4444444444444444,0.6,"{""clf__C"": 1.0, ""clf__gamma_mult"": 1.0}",10.63312009999936
77,quantum/Bures-RBF-SVM,quantum,0,0.5555555555555556,0.4,"{""clf__C"": 1.0, ""clf__gamma_mult"": 0.25}",14.092932599998676
77,quantum/Bures-RBF-SVM,quantum,1,0.4444444444444444,0.5,"{""clf__C"": 1.0, ""clf__gamma_mult"": 4.0}",14.092932599998676
77,quantum/Bures-RBF-SVM,quantum,2,0.6666666666666666,0.55,"{""clf__C"": 1.0, ""clf__gamma_mult"": 4.0}",14.092932599998676
77,quantum/Bures-RBF-SVM,quantum,3,0.4444444444444444,0.4,"{""clf__C"": 10.0, ""clf__gamma_mult"": 0.25}",14.092932599998676
77,quantum/Bures-RBF-SVM,quantum,4,0.4444444444444444,0.65,"{""clf__C"": 0.1, ""clf__gamma_mult"": 0.25}",14.092932599998676
77,quantum/Bures-RBF-SVM,quantum,5,0.5555555555555556,0.55,"{""clf__C"": 1.0, ""clf__gamma_mult"": 1.0}",14.092932599998676
77,quantum/Bures-RBF-SVM,quantum,6,0.5555555555555556,0.75,"{""clf__C"": 0.1, ""clf__gamma_mult"": 0.25}",14.092932599998676
77,quantum/Bures-RBF-SVM,quantum,7,0.4444444444444444,0.35000000000000003,"{""clf__C"": 1.0, ""clf__gamma_mult"": 1.0}",14.092932599998676
77,quantum/Bures-RBF-SVM,quantum,8,0.4444444444444444,0.4,"{""clf__C"": 10.0, ""clf__gamma_mult"": 4.0}",14.092932599998676
77,quantum/Bures-RBF-SVM,quantum,9,0.5555555555555556,0.3,"{""clf__C"": 1.0, ""clf__gamma_mult"": 4.0}",14.092932599998676
77,quantum/Bures-RBF-SVM,quantum,10,0.3333333333333333,0.25,"{""clf__C"": 10.0, ""clf__gamma_mult"": 4.0}",14.092932599998676
77,quantum/Bures-RBF-SVM,quantum,11,0.4444444444444444,0.2,"{""clf__C"": 10.0, ""clf__gamma_mult"": 0.25}",14.092932599998676
77,quantum/Bures-RBF-SVM,quantum,12,0.3333333333333333,0.6,"{""clf__C"": 10.0, ""clf__gamma_mult"": 0.25}",14.092932599998676
77,quantum/Bures-RBF-SVM,quantum,13,0.4444444444444444,0.44999999999999996,"{""clf__C"": 10.0, ""clf__gamma_mult"": 0.25}",14.092932599998676
77,quantum/Bures-RBF-SVM,quantum,14,0.4444444444444444,0.5,"{""clf__C"": 1.0, ""clf__gamma_mult"": 0.25}",14.092932599998676
77,quantum/QRE-RBF-SVM,quantum,0,0.6666666666666666,0.45,"{""clf__C"": 1.0, ""clf__gamma_mult"": 0.25}",12.501246199999514
77,quantum/QRE-RBF-SVM,quantum,1,0.5555555555555556,0.55,"{""clf__C"": 1.0, ""clf__gamma_mult"": 4.0}",12.501246199999514
77,quantum/QRE-RBF-SVM,quantum,2,0.6666666666666666,0.55,"{""clf__C"": 1.0, ""clf__gamma_mult"": 1.0}",12.501246199999514
77,quantum/QRE-RBF-SVM,quantum,3,0.4444444444444444,0.45,"{""clf__C"": 10.0, ""clf__gamma_mult"": 0.25}",12.501246199999514
77,quantum/QRE-RBF-SVM,quantum,4,0.4444444444444444,0.65,"{""clf__C"": 0.1, ""clf__gamma_mult"": 0.25}",12.501246199999514
77,quantum/QRE-RBF-SVM,quantum,5,0.5555555555555556,0.55,"{""clf__C"": 1.0, ""clf__gamma_mult"": 1.0}",12.501246199999514
77,quantum/QRE-RBF-SVM,quantum,6,0.6666666666666666,0.75,"{""clf__C"": 1.0, ""clf__gamma_mult"": 4.0}",12.501246199999514
77,quantum/QRE-RBF-SVM,quantum,7,0.4444444444444444,0.35000000000000003,"{""clf__C"": 1.0, ""clf__gamma_mult"": 1.0}",12.501246199999514
77,quantum/QRE-RBF-SVM,quantum,8,0.3333333333333333,0.4,"{""clf__C"": 10.0, ""clf__gamma_mult"": 4.0}",12.501246199999514
77,quantum/QRE-RBF-SVM,quantum,9,0.5555555555555556,0.3,"{""clf__C"": 1.0, ""clf__gamma_mult"": 4.0}",12.501246199999514
77,quantum/QRE-RBF-SVM,quantum,10,0.3333333333333333,0.35,"{""clf__C"": 1.0, ""clf__gamma_mult"": 4.0}",12.501246199999514
77,quantum/QRE-RBF-SVM,quantum,11,0.4444444444444444,0.2,"{""clf__C"": 10.0, ""clf__gamma_mult"": 0.25}",12.501246199999514
77,quantum/QRE-RBF-SVM,quantum,12,0.3333333333333333,0.6,"{""clf__C"": 10.0, ""clf__gamma_mult"": 0.25}",12.501246199999514
77,quantum/QRE-RBF-SVM,quantum,13,0.5555555555555556,0.5499999999999999,"{""clf__C"": 10.0, ""clf__gamma_mult"": 1.0}",12.501246199999514
77,quantum/QRE-RBF-SVM,quantum,14,0.4444444444444444,0.5,"{""clf__C"": 1.0, ""clf__gamma_mult"": 0.25}",12.501246199999514
77,quantum/HS-overlap-ref-SVM,quantum,0,0.5555555555555556,0.39999999999999997,"{""clf__C"": 0.1}",4.500928299999941
77,quantum/HS-overlap-ref-SVM,quantum,1,0.4444444444444444,0.30000000000000004,"{""clf__C"": 10.0}",4.500928299999941
77,quantum/HS-overlap-ref-SVM,quantum,2,0.5555555555555556,0.7,"{""clf__C"": 0.1}",4.500928299999941
77,quantum/HS-overlap-ref-SVM,quantum,3,0.5555555555555556,0.30000000000000004,"{""clf__C"": 0.1}",4.500928299999941
77,quantum/HS-overlap-ref-SVM,quantum,4,0.4444444444444444,0.5,"{""clf__C"": 0.1}",4.500928299999941
77,quantum/HS-overlap-ref-SVM,quantum,5,0.5555555555555556,0.55,"{""clf__C"": 0.1}",4.500928299999941
77,quantum/HS-overlap-ref-SVM,quantum,6,0.5555555555555556,0.44999999999999996,"{""clf__C"": 0.1}",4.500928299999941
77,quantum/HS-overlap-ref-SVM,quantum,7,0.3333333333333333,0.4,"{""clf__C"": 10.0}",4.500928299999941
77,quantum/HS-overlap-ref-SVM,quantum,8,0.5555555555555556,0.7500000000000001,"{""clf__C"": 0.1}",4.500928299999941
77,quantum/HS-overlap-ref-SVM,quantum,9,0.4444444444444444,0.15,"{""clf__C"": 0.1}",4.500928299999941
77,quantum/HS-overlap-ref-SVM,quantum,10,0.5555555555555556,0.6000000000000001,"{""clf__C"": 0.1}",4.500928299999941
77,quantum/HS-overlap-ref-SVM,quantum,11,0.5555555555555556,0.25,"{""clf__C"": 0.1}",4.500928299999941
77,quantum/HS-overlap-ref-SVM,quantum,12,0.3333333333333333,0.15000000000000002,"{""clf__C"": 10.0}",4.500928299999941
77,quantum/HS-overlap-ref-SVM,quantum,13,0.5555555555555556,0.45,"{""clf__C"": 0.1}",4.500928299999941
77,quantum/HS-overlap-ref-SVM,quantum,14,0.4444444444444444,0.35,"{""clf__C"": 0.1}",4.500928299999941
77,quantum/Fidelity-ref-SVM,quantum,0,0.5555555555555556,0.39999999999999997,"{""clf__C"": 0.1}",6.322097500000382
77,quantum/Fidelity-ref-SVM,quantum,1,0.5555555555555556,0.25,"{""clf__C"": 0.1}",6.322097500000382
77,quantum/Fidelity-ref-SVM,quantum,2,0.5555555555555556,0.7,"{""clf__C"": 0.1}",6.322097500000382
77,quantum/Fidelity-ref-SVM,quantum,3,0.5555555555555556,0.30000000000000004,"{""clf__C"": 0.1}",6.322097500000382
77,quantum/Fidelity-ref-SVM,quantum,4,0.4444444444444444,0.5,"{""clf__C"": 0.1}",6.322097500000382
77,quantum/Fidelity-ref-SVM,quantum,5,0.5555555555555556,0.55,"{""clf__C"": 0.1}",6.322097500000382
77,quantum/Fidelity-ref-SVM,quantum,6,0.5555555555555556,0.5,"{""clf__C"": 0.1}",6.322097500000382
77,quantum/Fidelity-ref-SVM,quantum,7,0.5555555555555556,0.4,"{""clf__C"": 0.1}",6.322097500000382
77,quantum/Fidelity-ref-SVM,quantum,8,0.5555555555555556,0.7,"{""clf__C"": 0.1}",6.322097500000382
77,quantum/Fidelity-ref-SVM,quantum,9,0.4444444444444444,0.15,"{""clf__C"": 0.1}",6.322097500000382
77,quantum/Fidelity-ref-SVM,quantum,10,0.5555555555555556,0.6,"{""clf__C"": 0.1}",6.322097500000382
77,quantum/Fidelity-ref-SVM,quantum,11,0.5555555555555556,0.3,"{""clf__C"": 0.1}",6.322097500000382
77,quantum/Fidelity-ref-SVM,quantum,12,0.5555555555555556,0.2,"{""clf__C"": 0.1}",6.322097500000382
77,quantum/Fidelity-ref-SVM,quantum,13,0.5555555555555556,0.45,"{""clf__C"": 0.1}",6.322097500000382
77,quantum/Fidelity-ref-SVM,quantum,14,0.4444444444444444,0.3,"{""clf__C"": 0.1}",6.322097500000382
77,quantum/HS-RBF-ref-SVM,quantum,0,0.5555555555555556,0.39999999999999997,"{""clf__C"": 0.1, ""clf__gamma_mult"": 0.25}",12.875947100001213
77,quantum/HS-RBF-ref-SVM,quantum,1,0.4444444444444444,0.5,"{""clf__C"": 10.0, ""clf__gamma_mult"": 4.0}",12.875947100001213
77,quantum/HS-RBF-ref-SVM,quantum,2,0.5555555555555556,0.6,"{""clf__C"": 1.0, ""clf__gamma_mult"": 4.0}",12.875947100001213
77,quantum/HS-RBF-ref-SVM,quantum,3,0.5555555555555556,0.6000000000000001,"{""clf__C"": 10.0, ""clf__gamma_mult"": 4.0}",12.875947100001213
77,quantum/HS-RBF-ref-SVM,quantum,4,0.4444444444444444,0.45,"{""clf__C"": 0.1, ""clf__gamma_mult"": 0.25}",12.875947100001213
77,quantum/HS-RBF-ref-SVM,quantum,5,0.5555555555555556,0.55,"{""clf__C"": 1.0, ""clf__gamma_mult"": 4.0}",12.875947100001213
77,quantum/HS-RBF-ref-SVM,quantum,6,0.5555555555555556,0.5,"{""clf__C"": 10.0, ""clf__gamma_mult"": 4.0}",12.875947100001213
77,quantum/HS-RBF-ref-SVM,quantum,7,0.4444444444444444,0.49999999999999994,"{""clf__C"": 10.0, ""clf__gamma_mult"": 1.0}",12.875947100001213
77,quantum/HS-RBF-ref-SVM,quantum,8,0.5555555555555556,0.6499999999999999,"{""clf__C"": 0.1, ""clf__gamma_mult"": 0.25}",12.875947100001213
77,quantum/HS-RBF-ref-SVM,quantum,9,0.4444444444444444,0.15,"{""clf__C"": 0.1, ""clf__gamma_mult"": 0.25}",12.875947100001213
77,quantum/HS-RBF-ref-SVM,quantum,10,0.5555555555555556,0.65,"{""clf__C"": 0.1, ""clf__gamma_mult"": 0.25}",12.875947100001213
77,quantum/HS-RBF-ref-SVM,quantum,11,0.2222222222222222,0.4,"{""clf__C"": 10.0, ""clf__gamma_mult"": 4.0}",12.875947100001213
77,quantum/HS-RBF-ref-SVM,quantum,12,0.3333333333333333,0.15000000000000002,"{""clf__C"": 10.0, ""clf__gamma_mult"": 0.25}",12.875947100001213
77,quantum/HS-RBF-ref-SVM,quantum,13,0.5555555555555556,0.75,"{""clf__C"": 1.0, ""clf__gamma_mult"": 4.0}",12.875947100001213
77,quantum/HS-RBF-ref-SVM,quantum,14,0.4444444444444444,0.3,"{""clf__C"": 0.1, ""clf__gamma_mult"": 0.25}",12.875947100001213
77,quantum/Bures-RBF-ref-SVM,quantum,0,0.5555555555555556,0.39999999999999997,"{""clf__C"": 0.1, ""clf__gamma_mult"": 0.25}",16.94131860000016
77,quantum/Bures-RBF-ref-SVM,quantum,1,0.6666666666666666,0.5,"{""clf__C"": 1.0, ""clf__gamma_mult"": 4.0}",16.94131860000016
77,quantum/Bures-RBF-ref-SVM,quantum,2,0.5555555555555556,0.55,"{""clf__C"": 1.0, ""clf__gamma_mult"": 4.0}",16.94131860000016
77,quantum/Bures-RBF-ref-SVM,quantum,3,0.5555555555555556,0.25,"{""clf__C"": 0.1, ""clf__gamma_mult"": 0.25}",16.94131860000016
77,quantum/Bures-RBF-ref-SVM,quantum,4,0.4444444444444444,0.5,"{""clf__C"": 0.1, ""clf__gamma_mult"": 0.25}",16.94131860000016
77,quantum/Bures-RBF-ref-SVM,quantum,5,0.5555555555555556,0.55,"{""clf__C"": 10.0, ""clf__gamma_mult"": 4.0}",16.94131860000016
77,quantum/Bures-RBF-ref-SVM,quantum,6,0.5555555555555556,0.55,"{""clf__C"": 10.0, ""clf__gamma_mult"": 4.0}",16.94131860000016
77,quantum/Bures-RBF-ref-SVM,quantum,7,0.4444444444444444,0.55,"{""clf__C"": 10.0, ""clf__gamma_mult"": 1.0}",16.94131860000016
77,quantum/Bures-RBF-ref-SVM,quantum,8,0.5555555555555556,0.6499999999999999,"{""clf__C"": 0.1, ""clf__gamma_mult"": 0.25}",16.94131860000016
77,quantum/Bures-RBF-ref-SVM,quantum,9,0.4444444444444444,0.15,"{""clf__C"": 0.1, ""clf__gamma_mult"": 0.25}",16.94131860000016
77,quantum/Bures-RBF-ref-SVM,quantum,10,0.5555555555555556,0.65,"{""clf__C"": 0.1, ""clf__gamma_mult"": 0.25}",16.94131860000016
77,quantum/Bures-RBF-ref-SVM,quantum,11,0.5555555555555556,0.25,"{""clf__C"": 0.1, ""clf__gamma_mult"": 0.25}",16.94131860000016
77,quantum/Bures-RBF-ref-SVM,quantum,12,0.3333333333333333,0.3,"{""clf__C"": 10.0, ""clf__gamma_mult"": 0.25}",16.94131860000016
77,quantum/Bures-RBF-ref-SVM,quantum,13,0.5555555555555556,0.7500000000000001,"{""clf__C"": 1.0, ""clf__gamma_mult"": 4.0}",16.94131860000016
77,quantum/Bures-RBF-ref-SVM,quantum,14,0.4444444444444444,0.3,"{""clf__C"": 0.1, ""clf__gamma_mult"": 0.25}",16.94131860000016
77,quantum/QRE-RBF-ref-SVM,quantum,0,0.5555555555555556,0.39999999999999997,"{""clf__C"": 0.1, ""clf__gamma_mult"": 0.25}",14.908609699999943
77,quantum/QRE-RBF-ref-SVM,quantum,1,0.6666666666666666,0.5,"{""clf__C"": 1.0, ""clf__gamma_mult"": 4.0}",14.908609699999943
77,quantum/QRE-RBF-ref-SVM,quantum,2,0.5555555555555556,0.55,"{""clf__C"": 1.0, ""clf__gamma_mult"": 4.0}",14.908609699999943
77,quantum/QRE-RBF-ref-SVM,quantum,3,0.5555555555555556,0.25,"{""clf__C"": 0.1, ""clf__gamma_mult"": 0.25}",14.908609699999943
77,quantum/QRE-RBF-ref-SVM,quantum,4,0.4444444444444444,0.5,"{""clf__C"": 0.1, ""clf__gamma_mult"": 0.25}",14.908609699999943
77,quantum/QRE-RBF-ref-SVM,quantum,5,0.5555555555555556,0.55,"{""clf__C"": 10.0, ""clf__gamma_mult"": 4.0}",14.908609699999943
77,quantum/QRE-RBF-ref-SVM,quantum,6,0.5555555555555556,0.55,"{""clf__C"": 10.0, ""clf__gamma_mult"": 4.0}",14.908609699999943
77,quantum/QRE-RBF-ref-SVM,quantum,7,0.4444444444444444,0.55,"{""clf__C"": 10.0, ""clf__gamma_mult"": 1.0}",14.908609699999943
77,quantum/QRE-RBF-ref-SVM,quantum,8,0.5555555555555556,0.6499999999999999,"{""clf__C"": 0.1, ""clf__gamma_mult"": 0.25}",14.908609699999943
77,quantum/QRE-RBF-ref-SVM,quantum,9,0.4444444444444444,0.15,"{""clf__C"": 0.1, ""clf__gamma_mult"": 0.25}",14.908609699999943
77,quantum/QRE-RBF-ref-SVM,quantum,10,0.5555555555555556,0.65,"{""clf__C"": 0.1, ""clf__gamma_mult"": 0.25}",14.908609699999943
77,quantum/QRE-RBF-ref-SVM,quantum,11,0.4444444444444444,0.45000000000000007,"{""clf__C"": 10.0, ""clf__gamma_mult"": 4.0}",14.908609699999943
77,quantum/QRE-RBF-ref-SVM,quantum,12,0.3333333333333333,0.25,"{""clf__C"": 10.0, ""clf__gamma_mult"": 0.25}",14.908609699999943
77,quantum/QRE-RBF-ref-SVM,quantum,13,0.5555555555555556,0.8,"{""clf__C"": 1.0, ""clf__gamma_mult"": 4.0}",14.908609699999943
77,quantum/QRE-RBF-ref-SVM,quantum,14,0.4444444444444444,0.3,"{""clf__C"": 0.1, ""clf__gamma_mult"": 0.25}",14.908609699999943
77,quantum/IQP-kernel-SVM,quantum,0,0.3333333333333333,0.2,"{""clf__C"": 10.0, ""clf__scale"": 2.0}",20.73029779999888
77,quantum/IQP-kernel-SVM,quantum,1,0.5555555555555556,0.5,"{""clf__C"": 0.1, ""clf__scale"": 0.5}",20.73029779999888
77,quantum/IQP-kernel-SVM,quantum,2,0.4444444444444444,0.5,"{""clf__C"": 1.0, ""clf__scale"": 2.0}",20.73029779999888
77,quantum/IQP-kernel-SVM,quantum,3,0.5555555555555556,0.45,"{""clf__C"": 0.1, ""clf__scale"": 0.5}",20.73029779999888
77,quantum/IQP-kernel-SVM,quantum,4,0.4444444444444444,0.3,"{""clf__C"": 0.1, ""clf__scale"": 0.5}",20.73029779999888
77,quantum/IQP-kernel-SVM,quantum,5,0.6666666666666666,0.6,"{""clf__C"": 1.0, ""clf__scale"": 2.0}",20.73029779999888
77,quantum/IQP-kernel-SVM,quantum,6,0.4444444444444444,0.4,"{""clf__C"": 10.0, ""clf__scale"": 2.0}",20.73029779999888
77,quantum/IQP-kernel-SVM,quantum,7,0.6666666666666666,0.75,"{""clf__C"": 1.0, ""clf__scale"": 1.0}",20.73029779999888
77,quantum/IQP-kernel-SVM,quantum,8,0.5555555555555556,0.6000000000000001,"{""clf__C"": 0.1, ""clf__scale"": 0.5}",20.73029779999888
77,quantum/IQP-kernel-SVM,quantum,9,0.3333333333333333,0.35,"{""clf__C"": 1.0, ""clf__scale"": 1.0}",20.73029779999888
77,quantum/IQP-kernel-SVM,quantum,10,0.1111111111111111,0.25,"{""clf__C"": 1.0, ""clf__scale"": 2.0}",20.73029779999888
77,quantum/IQP-kernel-SVM,quantum,11,0.4444444444444444,0.4,"{""clf__C"": 10.0, ""clf__scale"": 0.5}",20.73029779999888
77,quantum/IQP-kernel-SVM,quantum,12,0.3333333333333333,0.30000000000000004,"{""clf__C"": 1.0, ""clf__scale"": 0.5}",20.73029779999888
77,quantum/IQP-kernel-SVM,quantum,13,0.5555555555555556,0.7500000000000001,"{""clf__C"": 10.0, ""clf__scale"": 2.0}",20.73029779999888
77,quantum/IQP-kernel-SVM,quantum,14,0.4444444444444444,0.4,"{""clf__C"": 0.1, ""clf__scale"": 0.5}",20.73029779999888
77,quantum/CNOT-kernel-SVM,quantum,0,0.3333333333333333,0.05,"{""clf__C"": 1.0, ""clf__scale"": 1.0}",18.447169199998825
77,quantum/CNOT-kernel-SVM,quantum,1,0.5555555555555556,0.25,"{""clf__C"": 0.1, ""clf__scale"": 0.5}",18.447169199998825
77,quantum/CNOT-kernel-SVM,quantum,2,0.5555555555555556,0.8,"{""clf__C"": 0.1, ""clf__scale"": 0.5}",18.447169199998825
77,quantum/CNOT-kernel-SVM,quantum,3,0.5555555555555556,0.6,"{""clf__C"": 10.0, ""clf__scale"": 2.0}",18.447169199998825
77,quantum/CNOT-kernel-SVM,quantum,4,0.4444444444444444,0.5499999999999999,"{""clf__C"": 0.1, ""clf__scale"": 0.5}",18.447169199998825
77,quantum/CNOT-kernel-SVM,quantum,5,0.4444444444444444,0.30000000000000004,"{""clf__C"": 10.0, ""clf__scale"": 0.5}",18.447169199998825
77,quantum/CNOT-kernel-SVM,quantum,6,0.6666666666666666,0.4,"{""clf__C"": 1.0, ""clf__scale"": 2.0}",18.447169199998825
77,quantum/CNOT-kernel-SVM,quantum,7,0.5555555555555556,0.35000000000000003,"{""clf__C"": 0.1, ""clf__scale"": 0.5}",18.447169199998825
77,quantum/CNOT-kernel-SVM,quantum,8,0.5555555555555556,0.35,"{""clf__C"": 0.1, ""clf__scale"": 0.5}",18.447169199998825
77,quantum/CNOT-kernel-SVM,quantum,9,0.3333333333333333,0.30000000000000004,"{""clf__C"": 1.0, ""clf__scale"": 1.0}",18.447169199998825
77,quantum/CNOT-kernel-SVM,quantum,10,0.5555555555555556,0.15000000000000002,"{""clf__C"": 0.1, ""clf__scale"": 0.5}",18.447169199998825
77,quantum/CNOT-kernel-SVM,quantum,11,0.4444444444444444,0.2,"{""clf__C"": 1.0, ""clf__scale"": 2.0}",18.447169199998825
77,quantum/CNOT-kernel-SVM,quantum,12,0.4444444444444444,0.2,"{""clf__C"": 1.0, ""clf__scale"": 0.5}",18.447169199998825
77,quantum/CNOT-kernel-SVM,quantum,13,0.7777777777777778,0.85,"{""clf__C"": 10.0, ""clf__scale"": 2.0}",18.447169199998825
77,quantum/CNOT-kernel-SVM,quantum,14,0.4444444444444444,0.35,"{""clf__C"": 0.1, ""clf__scale"": 0.5}",18.447169199998825
77,control/IQP-no-entangle,control,0,0.3333333333333333,0.0,"{""clf__C"": 1.0, ""clf__scale"": 1.0}",17.27330460000121
77,control/IQP-no-entangle,control,1,0.5555555555555556,0.3,"{""clf__C"": 0.1, ""clf__scale"": 0.5}",17.27330460000121
77,control/IQP-no-entangle,control,2,0.5555555555555556,0.6,"{""clf__C"": 0.1, ""clf__scale"": 0.5}",17.27330460000121
77,control/IQP-no-entangle,control,3,0.6666666666666666,0.8,"{""clf__C"": 1.0, ""clf__scale"": 2.0}",17.27330460000121
77,control/IQP-no-entangle,control,4,0.4444444444444444,0.55,"{""clf__C"": 0.1, ""clf__scale"": 0.5}",17.27330460000121
77,control/IQP-no-entangle,control,5,0.5555555555555556,0.5,"{""clf__C"": 10.0, ""clf__scale"": 0.5}",17.27330460000121
77,control/IQP-no-entangle,control,6,0.5555555555555556,0.2,"{""clf__C"": 1.0, ""clf__scale"": 2.0}",17.27330460000121
77,control/IQP-no-entangle,control,7,0.5555555555555556,0.3,"{""clf__C"": 0.1, ""clf__scale"": 0.5}",17.27330460000121
77,control/IQP-no-entangle,control,8,0.4444444444444444,0.25,"{""clf__C"": 1.0, ""clf__scale"": 2.0}",17.27330460000121
77,control/IQP-no-entangle,control,9,0.3333333333333333,0.19999999999999996,"{""clf__C"": 10.0, ""clf__scale"": 1.0}",17.27330460000121
77,control/IQP-no-entangle,control,10,0.5555555555555556,0.2,"{""clf__C"": 0.1, ""clf__scale"": 0.5}",17.27330460000121
77,control/IQP-no-entangle,control,11,0.2222222222222222,0.25,"{""clf__C"": 1.0, ""clf__scale"": 2.0}",17.27330460000121
77,control/IQP-no-entangle,control,12,0.4444444444444444,0.7,"{""clf__C"": 10.0, ""clf__scale"": 2.0}",17.27330460000121
77,control/IQP-no-entangle,control,13,0.5555555555555556,0.30000000000000004,"{""clf__C"": 1.0, ""clf__scale"": 0.5}",17.27330460000121
77,control/IQP-no-entangle,control,14,0.4444444444444444,0.14999999999999997,"{""clf__C"": 0.1, ""clf__scale"": 0.5}",17.27330460000121
77,control/PCA-matched-RBF,control,0,0.3333333333333333,0.0,"{""clf__C"": 1.0, ""clf__gamma"": ""scale""}",13.590583900000638
77,control/PCA-matched-RBF,control,1,0.5555555555555556,0.6000000000000001,"{""clf__C"": 0.1, ""clf__gamma"": ""scale""}",13.590583900000638
77,control/PCA-matched-RBF,control,2,0.5555555555555556,0.6,"{""clf__C"": 0.1, ""clf__gamma"": ""scale""}",13.590583900000638
77,control/PCA-matched-RBF,control,3,0.5555555555555556,0.65,"{""clf__C"": 0.1, ""clf__gamma"": ""scale""}",13.590583900000638
77,control/PCA-matched-RBF,control,4,0.4444444444444444,0.5,"{""clf__C"": 0.1, ""clf__gamma"": ""scale""}",13.590583900000638
77,control/PCA-matched-RBF,control,5,0.5555555555555556,0.30000000000000004,"{""clf__C"": 1.0, ""clf__gamma"": 0.1}",13.590583900000638
77,control/PCA-matched-RBF,control,6,0.5555555555555556,0.45,"{""clf__C"": 0.1, ""clf__gamma"": ""scale""}",13.590583900000638
77,control/PCA-matched-RBF,control,7,0.5555555555555556,0.30000000000000004,"{""clf__C"": 0.1, ""clf__gamma"": ""scale""}",13.590583900000638
77,control/PCA-matched-RBF,control,8,0.4444444444444444,0.6,"{""clf__C"": 1.0, ""clf__gamma"": ""scale""}",13.590583900000638
77,control/PCA-matched-RBF,control,9,0.2222222222222222,0.30000000000000004,"{""clf__C"": 1.0, ""clf__gamma"": ""scale""}",13.590583900000638
77,control/PCA-matched-RBF,control,10,0.5555555555555556,0.1,"{""clf__C"": 0.1, ""clf__gamma"": ""scale""}",13.590583900000638
77,control/PCA-matched-RBF,control,11,0.5555555555555556,0.35,"{""clf__C"": 10.0, ""clf__gamma"": 0.01}",13.590583900000638
77,control/PCA-matched-RBF,control,12,0.5555555555555556,0.35,"{""clf__C"": 0.1, ""clf__gamma"": ""scale""}",13.590583900000638
77,control/PCA-matched-RBF,control,13,0.5555555555555556,0.30000000000000004,"{""clf__C"": 10.0, ""clf__gamma"": 0.01}",13.590583900000638
77,control/PCA-matched-RBF,control,14,0.4444444444444444,0.35,"{""clf__C"": 0.1, ""clf__gamma"": ""scale""}",13.590583900000638
77,control/PCA-matched-linear,control,0,0.2222222222222222,0.2,"{""clf__C"": 1.0}",4.869608599999992
77,control/PCA-matched-linear,control,1,0.5555555555555556,0.35000000000000003,"{""clf__C"": 0.1}",4.869608599999992
77,control/PCA-matched-linear,control,2,0.6666666666666666,0.65,"{""clf__C"": 1.0}",4.869608599999992
77,control/PCA-matched-linear,control,3,0.5555555555555556,0.4,"{""clf__C"": 0.1}",4.869608599999992
77,control/PCA-matched-linear,control,4,0.4444444444444444,0.35,"{""clf__C"": 0.1}",4.869608599999992
77,control/PCA-matched-linear,control,5,0.5555555555555556,0.4,"{""clf__C"": 0.1}",4.869608599999992
77,control/PCA-matched-linear,control,6,0.5555555555555556,0.35000000000000003,"{""clf__C"": 0.1}",4.869608599999992
77,control/PCA-matched-linear,control,7,0.5555555555555556,0.35000000000000003,"{""clf__C"": 0.1}",4.869608599999992
77,control/PCA-matched-linear,control,8,0.5555555555555556,0.5,"{""clf__C"": 0.1}",4.869608599999992
77,control/PCA-matched-linear,control,9,0.4444444444444444,0.39999999999999997,"{""clf__C"": 1.0}",4.869608599999992
77,control/PCA-matched-linear,control,10,0.4444444444444444,0.15000000000000002,"{""clf__C"": 0.1}",4.869608599999992
77,control/PCA-matched-linear,control,11,0.4444444444444444,0.4,"{""clf__C"": 1.0}",4.869608599999992
77,control/PCA-matched-linear,control,12,0.3333333333333333,0.1,"{""clf__C"": 10.0}",4.869608599999992
77,control/PCA-matched-linear,control,13,0.4444444444444444,0.25,"{""clf__C"": 1.0}",4.869608599999992
77,control/PCA-matched-linear,control,14,0.1111111111111111,0.14999999999999997,"{""clf__C"": 10.0}",4.869608599999992
77,control/logeuclid-TS+LR,control,0,0.3333333333333333,0.35,"{""clf__C"": 0.1}",4.326145099999849
77,control/logeuclid-TS+LR,control,1,0.5555555555555556,0.6000000000000001,"{""clf__C"": 0.1}",4.326145099999849
77,control/logeuclid-TS+LR,control,2,0.4444444444444444,0.45,"{""clf__C"": 1.0}",4.326145099999849
77,control/logeuclid-TS+LR,control,3,0.5555555555555556,0.45,"{""clf__C"": 0.1}",4.326145099999849
77,control/logeuclid-TS+LR,control,4,0.4444444444444444,0.65,"{""clf__C"": 0.1}",4.326145099999849
77,control/logeuclid-TS+LR,control,5,0.4444444444444444,0.55,"{""clf__C"": 0.1}",4.326145099999849
77,control/logeuclid-TS+LR,control,6,0.8888888888888888,0.8500000000000001,"{""clf__C"": 0.1}",4.326145099999849
77,control/logeuclid-TS+LR,control,7,0.4444444444444444,0.55,"{""clf__C"": 10.0}",4.326145099999849
77,control/logeuclid-TS+LR,control,8,0.6666666666666666,0.9,"{""clf__C"": 0.1}",4.326145099999849
77,control/logeuclid-TS+LR,control,9,0.3333333333333333,0.3,"{""clf__C"": 1.0}",4.326145099999849
77,control/logeuclid-TS+LR,control,10,0.4444444444444444,0.5,"{""clf__C"": 0.1}",4.326145099999849
77,control/logeuclid-TS+LR,control,11,0.6666666666666666,0.5,"{""clf__C"": 0.1}",4.326145099999849
77,control/logeuclid-TS+LR,control,12,0.5555555555555556,0.6000000000000001,"{""clf__C"": 0.1}",4.326145099999849
77,control/logeuclid-TS+LR,control,13,0.4444444444444444,0.35000000000000003,"{""clf__C"": 1.0}",4.326145099999849
77,control/logeuclid-TS+LR,control,14,0.5555555555555556,0.5,"{""clf__C"": 0.1}",4.326145099999849
77,control/riemann-kernel-SVM,control,0,0.5555555555555556,0.4,"{""clf__C"": 0.1}",4.593954800000574
77,control/riemann-kernel-SVM,control,1,0.4444444444444444,0.45,"{""clf__C"": 10.0}",4.593954800000574
77,control/riemann-kernel-SVM,control,2,0.5555555555555556,0.75,"{""clf__C"": 0.1}",4.593954800000574
77,control/riemann-kernel-SVM,control,3,0.3333333333333333,0.2,"{""clf__C"": 10.0}",4.593954800000574
77,control/riemann-kernel-SVM,control,4,0.4444444444444444,0.55,"{""clf__C"": 0.1}",4.593954800000574
77,control/riemann-kernel-SVM,control,5,0.5555555555555556,0.55,"{""clf__C"": 0.1}",4.593954800000574
77,control/riemann-kernel-SVM,control,6,0.4444444444444444,0.5,"{""clf__C"": 10.0}",4.593954800000574
77,control/riemann-kernel-SVM,control,7,0.4444444444444444,0.55,"{""clf__C"": 10.0}",4.593954800000574
77,control/riemann-kernel-SVM,control,8,0.5555555555555556,0.7,"{""clf__C"": 0.1}",4.593954800000574
77,control/riemann-kernel-SVM,control,9,0.1111111111111111,0.1,"{""clf__C"": 1.0}",4.593954800000574
77,control/riemann-kernel-SVM,control,10,0.5555555555555556,0.15,"{""clf__C"": 0.1}",4.593954800000574
77,control/riemann-kernel-SVM,control,11,0.5555555555555556,0.25,"{""clf__C"": 0.1}",4.593954800000574
77,control/riemann-kernel-SVM,control,12,0.4444444444444444,0.35,"{""clf__C"": 10.0}",4.593954800000574
77,control/riemann-kernel-SVM,control,13,0.5555555555555556,0.35,"{""clf__C"": 0.1}",4.593954800000574
77,control/riemann-kernel-SVM,control,14,0.4444444444444444,0.35000000000000003,"{""clf__C"": 0.1}",4.593954800000574
77,control/logeuclid-kernel-SVM,control,0,0.5555555555555556,0.4,"{""clf__C"": 0.1}",4.4757989999998244
77,control/logeuclid-kernel-SVM,control,1,0.3333333333333333,0.5,"{""clf__C"": 10.0}",4.4757989999998244
77,control/logeuclid-kernel-SVM,control,2,0.5555555555555556,0.7,"{""clf__C"": 0.1}",4.4757989999998244
77,control/logeuclid-kernel-SVM,control,3,0.3333333333333333,0.30000000000000004,"{""clf__C"": 10.0}",4.4757989999998244
77,control/logeuclid-kernel-SVM,control,4,0.4444444444444444,0.6,"{""clf__C"": 0.1}",4.4757989999998244
77,control/logeuclid-kernel-SVM,control,5,0.6666666666666666,0.5,"{""clf__C"": 10.0}",4.4757989999998244
77,control/logeuclid-kernel-SVM,control,6,0.4444444444444444,0.5,"{""clf__C"": 10.0}",4.4757989999998244
77,control/logeuclid-kernel-SVM,control,7,0.4444444444444444,0.5499999999999999,"{""clf__C"": 10.0}",4.4757989999998244
77,control/logeuclid-kernel-SVM,control,8,0.5555555555555556,0.7500000000000001,"{""clf__C"": 0.1}",4.4757989999998244
77,control/logeuclid-kernel-SVM,control,9,0.3333333333333333,0.15,"{""clf__C"": 1.0}",4.4757989999998244
77,control/logeuclid-kernel-SVM,control,10,0.5555555555555556,0.15,"{""clf__C"": 0.1}",4.4757989999998244
77,control/logeuclid-kernel-SVM,control,11,0.5555555555555556,0.25,"{""clf__C"": 0.1}",4.4757989999998244
77,control/logeuclid-kernel-SVM,control,12,0.5555555555555556,0.4,"{""clf__C"": 10.0}",4.4757989999998244
77,control/logeuclid-kernel-SVM,control,13,0.5555555555555556,0.4,"{""clf__C"": 0.1}",4.4757989999998244
77,control/logeuclid-kernel-SVM,control,14,0.4444444444444444,0.19999999999999998,"{""clf__C"": 0.1}",4.4757989999998244
