subject,pipeline,group,fold,accuracy,auc,best_params,fit_seconds_total
56,classical/logvar+LDA,classical,0,0.5555555555555556,0.75,{},0.08204430000023422
56,classical/logvar+LDA,classical,1,0.4444444444444444,0.5,{},0.08204430000023422
56,classical/logvar+LDA,classical,2,0.6666666666666666,0.7000000000000001,{},0.08204430000023422
56,classical/logvar+LDA,classical,3,0.8888888888888888,0.8500000000000001,{},0.08204430000023422
56,classical/logvar+LDA,classical,4,0.4444444444444444,0.2,{},0.08204430000023422
56,classical/logvar+LDA,classical,5,0.5555555555555556,0.6499999999999999,{},0.08204430000023422
56,classical/logvar+LDA,classical,6,0.7777777777777778,0.7,{},0.08204430000023422
56,classical/logvar+LDA,classical,7,0.7777777777777778,0.75,{},0.08204430000023422
56,classical/logvar+LDA,classical,8,0.6666666666666666,0.7,{},0.08204430000023422
56,classical/logvar+LDA,classical,9,0.5555555555555556,0.8,{},0.08204430000023422
56,classical/logvar+LDA,classical,10,0.6666666666666666,0.6499999999999999,{},0.08204430000023422
56,classical/logvar+LDA,classical,11,0.6666666666666666,0.49999999999999994,{},0.08204430000023422
56,classical/logvar+LDA,classical,12,0.5555555555555556,0.65,{},0.08204430000023422
56,classical/logvar+LDA,classical,13,0.5555555555555556,0.75,{},0.08204430000023422
56,classical/logvar+LDA,classical,14,0.6666666666666666,0.9,{},0.08204430000023422
56,classical/CSP+LDA,classical,0,1.0,1.0,"{""csp__nfilter"": 4}",3.92700430000059
56,classical/CSP+LDA,classical,1,0.7777777777777778,0.95,"{""csp__nfilter"": 4}",3.92700430000059
56,classical/CSP+LDA,classical,2,1.0,1.0,"{""csp__nfilter"": 4}",3.92700430000059
56,classical/CSP+LDA,classical,3,0.8888888888888888,0.9500000000000001,"{""csp__nfilter"": 6}",3.92700430000059
56,classical/CSP+LDA,classical,4,0.8888888888888888,0.9500000000000001,"{""csp__nfilter"": 4}",3.92700430000059
56,classical/CSP+LDA,classical,5,0.8888888888888888,1.0,"{""csp__nfilter"": 4}",3.92700430000059
56,classical/CSP+LDA,classical,6,0.8888888888888888,0.9,"{""csp__nfilter"": 6}",3.92700430000059
56,classical/CSP+LDA,classical,7,1.0,1.0,"{""csp__nfilter"": 4}",3.92700430000059
56,classical/CSP+LDA,classical,8,0.7777777777777778,0.85,"{""csp__nfilter"": 4}",3.92700430000059
56,classical/CSP+LDA,classical,9,1.0,1.0,"{""csp__nfilter"": 4}",3.92700430000059
56,classical/CSP+LDA,classical,10,0.7777777777777778,0.9,"{""csp__nfilter"": 6}",3.92700430000059
56,classical/CSP+LDA,classical,11,0.8888888888888888,1.0,"{""csp__nfilter"": 4}",3.92700430000059
56,classical/CSP+LDA,classical,12,1.0,1.0,"{""csp__nfilter"": 4}",3.92700430000059
56,classical/CSP+LDA,classical,13,0.8888888888888888,0.9500000000000001,"{""csp__nfilter"": 6}",3.92700430000059
56,classical/CSP+LDA,classical,14,0.8888888888888888,1.0,"{""csp__nfilter"": 4}",3.92700430000059
56,classical/MDM,classical,0,0.8888888888888888,1.0,{},0.4753382999997484
56,classical/MDM,classical,1,0.8888888888888888,1.0,{},0.4753382999997484
56,classical/MDM,classical,2,1.0,1.0,{},0.4753382999997484
56,classical/MDM,classical,3,0.8888888888888888,0.8,{},0.4753382999997484
56,classical/MDM,classical,4,0.5555555555555556,0.55,{},0.4753382999997484
56,classical/MDM,classical,5,0.8888888888888888,1.0,{},0.4753382999997484
56,classical/MDM,classical,6,0.7777777777777778,0.7,{},0.4753382999997484
56,classical/MDM,classical,7,0.6666666666666666,0.9,{},0.4753382999997484
56,classical/MDM,classical,8,0.7777777777777778,0.9,{},0.4753382999997484
56,classical/MDM,classical,9,0.8888888888888888,1.0,{},0.4753382999997484
56,classical/MDM,classical,10,0.8888888888888888,0.9,{},0.4753382999997484
56,classical/MDM,classical,11,0.7777777777777778,0.75,{},0.4753382999997484
56,classical/MDM,classical,12,0.8888888888888888,1.0,{},0.4753382999997484
56,classical/MDM,classical,13,0.8888888888888888,1.0,{},0.4753382999997484
56,classical/MDM,classical,14,0.8888888888888888,1.0,{},0.4753382999997484
56,classical/TS+LR,classical,0,1.0,1.0,"{""clf__C"": 1.0}",4.808337600000414
56,classical/TS+LR,classical,1,0.8888888888888888,0.95,"{""clf__C"": 0.1}",4.808337600000414
56,classical/TS+LR,classical,2,0.7777777777777778,0.9,"{""clf__C"": 0.1}",4.808337600000414
56,classical/TS+LR,classical,3,0.8888888888888888,0.8,"{""clf__C"": 0.1}",4.808337600000414
56,classical/TS+LR,classical,4,0.6666666666666666,0.75,"{""clf__C"": 0.1}",4.808337600000414
56,classical/TS+LR,classical,5,0.7777777777777778,0.85,"{""clf__C"": 0.1}",4.808337600000414
56,classical/TS+LR,classical,6,0.6666666666666666,0.8,"{""clf__C"": 1.0}",4.808337600000414
56,classical/TS+LR,classical,7,1.0,1.0,"{""clf__C"": 1.0}",4.808337600000414
56,classical/TS+LR,classical,8,0.6666666666666666,0.55,"{""clf__C"": 0.1}",4.808337600000414
56,classical/TS+LR,classical,9,0.7777777777777778,1.0,"{""clf__C"": 10.0}",4.808337600000414
56,classical/TS+LR,classical,10,0.7777777777777778,0.9,"{""clf__C"": 10.0}",4.808337600000414
56,classical/TS+LR,classical,11,0.8888888888888888,0.9,"{""clf__C"": 1.0}",4.808337600000414
56,classical/TS+LR,classical,12,0.6666666666666666,1.0,"{""clf__C"": 0.1}",4.808337600000414
56,classical/TS+LR,classical,13,0.8888888888888888,0.9500000000000001,"{""clf__C"": 0.1}",4.808337600000414
56,classical/TS+LR,classical,14,0.7777777777777778,0.8,"{""clf__C"": 0.1}",4.808337600000414
56,classical/TS+RBF-SVM,classical,0,1.0,1.0,"{""clf__C"": 10.0, ""clf__gamma"": 0.01}",12.687127299999702
56,classical/TS+RBF-SVM,classical,1,0.8888888888888888,1.0,"{""clf__C"": 10.0, ""clf__gamma"": 0.01}",12.687127299999702
56,classical/TS+RBF-SVM,classical,2,0.7777777777777778,0.95,"{""clf__C"": 1.0, ""clf__gamma"": ""scale""}",12.687127299999702
56,classical/TS+RBF-SVM,classical,3,0.8888888888888888,0.8500000000000001,"{""clf__C"": 10.0, ""clf__gamma"": 0.01}",12.687127299999702
56,classical/TS+RBF-SVM,classical,4,0.6666666666666666,0.8,"{""clf__C"": 1.0, ""clf__gamma"": ""scale""}",12.687127299999702
56,classical/TS+RBF-SVM,classical,5,0.6666666666666666,0.8500000000000001,"{""clf__C"": 1.0, ""clf__gamma"": ""scale""}",12.687127299999702
56,classical/TS+RBF-SVM,classical,6,0.7777777777777778,0.8,"{""clf__C"": 1.0, ""clf__gamma"": 0.01}",12.687127299999702
56,classical/TS+RBF-SVM,classical,7,1.0,1.0,"{""clf__C"": 10.0, ""clf__gamma"": 0.01}",12.687127299999702
56,classical/TS+RBF-SVM,classical,8,0.7777777777777778,0.8,"{""clf__C"": 1.0, ""clf__gamma"": 0.01}",12.687127299999702
56,classical/TS+RBF-SVM,classical,9,0.8888888888888888,0.9500000000000001,"{""clf__C"": 1.0, ""clf__gamma"": 0.01}",12.687127299999702
56,classical/TS+RBF-SVM,classical,10,0.7777777777777778,0.85,"{""clf__C"": 1.0, ""clf__gamma"": 0.01}",12.687127299999702
56,classical/TS+RBF-SVM,classical,11,0.8888888888888888,0.8,"{""clf__C"": 1.0, ""clf__gamma"": 0.01}",12.687127299999702
56,classical/TS+RBF-SVM,classical,12,0.6666666666666666,0.9,"{""clf__C"": 1.0, ""clf__gamma"": 0.01}",12.687127299999702
56,classical/TS+RBF-SVM,classical,13,0.8888888888888888,1.0,"{""clf__C"": 1.0, ""clf__gamma"": ""scale""}",12.687127299999702
56,classical/TS+RBF-SVM,classical,14,0.7777777777777778,0.7,"{""clf__C"": 10.0, ""clf__gamma"": ""scale""}",12.687127299999702
56,quantum/HS-overlap-SVM,quantum,0,0.6666666666666666,0.7,"{""clf__C"": 0.1}",3.7596051000000443
56,quantum/HS-overlap-SVM,quantum,1,0.6666666666666666,0.7000000000000001,"{""clf__C"": 0.1}",3.7596051000000443
56,quantum/HS-overlap-SVM,quantum,2,0.5555555555555556,0.6000000000000001,"{""clf__C"": 0.1}",3.7596051000000443
56,quantum/HS-overlap-SVM,quantum,3,0.4444444444444444,0.8,"{""clf__C"": 0.1}",3.7596051000000443
56,quantum/HS-overlap-SVM,quantum,4,0.2222222222222222,0.25,"{""clf__C"": 10.0}",3.7596051000000443
56,quantum/HS-overlap-SVM,quantum,5,0.5555555555555556,0.55,"{""clf__C"": 0.1}",3.7596051000000443
56,quantum/HS-overlap-SVM,quantum,6,0.4444444444444444,0.6,"{""clf__C"": 0.1}",3.7596051000000443
56,quantum/HS-overlap-SVM,quantum,7,0.6666666666666666,0.7000000000000001,"{""clf__C"": 0.1}",3.7596051000000443
56,quantum/HS-overlap-SVM,quantum,8,0.4444444444444444,0.65,"{""clf__C"": 0.1}",3.7596051000000443
56,quantum/HS-overlap-SVM,quantum,9,0.4444444444444444,0.8,"{""clf__C"": 0.1}",3.7596051000000443
56,quantum/HS-overlap-SVM,quantum,10,0.5555555555555556,0.8500000000000001,"{""clf__C"": 0.1}",3.7596051000000443
56,quantum/HS-overlap-SVM,quantum,11,0.6666666666666666,0.5499999999999999,"{""clf__C"": 0.1}",3.7596051000000443
56,quantum/HS-overlap-SVM,quantum,12,0.5555555555555556,0.5,"{""clf__C"": 0.1}",3.7596051000000443
56,quantum/HS-overlap-SVM,quantum,13,0.4444444444444444,0.5499999999999999,"{""clf__C"": 0.1}",3.7596051000000443
56,quantum/HS-overlap-SVM,quantum,14,0.4444444444444444,0.9,"{""clf__C"": 0.1}",3.7596051000000443
56,quantum/Fidelity-SVM,quantum,0,0.7777777777777778,0.8,"{""clf__C"": 0.1}",5.256325699999252
56,quantum/Fidelity-SVM,quantum,1,0.6666666666666666,0.8,"{""clf__C"": 10.0}",5.256325699999252
56,quantum/Fidelity-SVM,quantum,2,0.5555555555555556,0.7,"{""clf__C"": 0.1}",5.256325699999252
56,quantum/Fidelity-SVM,quantum,3,0.4444444444444444,0.8,"{""clf__C"": 10.0}",5.256325699999252
56,quantum/Fidelity-SVM,quantum,4,0.3333333333333333,0.19999999999999998,"{""clf__C"": 10.0}",5.256325699999252
56,quantum/Fidelity-SVM,quantum,5,0.4444444444444444,0.6,"{""clf__C"": 10.0}",5.256325699999252
56,quantum/Fidelity-SVM,quantum,6,0.6666666666666666,0.6,"{""clf__C"": 10.0}",5.256325699999252
56,quantum/Fidelity-SVM,quantum,7,0.7777777777777778,0.75,"{""clf__C"": 0.1}",5.256325699999252
56,quantum/Fidelity-SVM,quantum,8,0.4444444444444444,0.7,"{""clf__C"": 0.1}",5.256325699999252
56,quantum/Fidelity-SVM,quantum,9,0.5555555555555556,0.85,"{""clf__C"": 10.0}",5.256325699999252
56,quantum/Fidelity-SVM,quantum,10,0.5555555555555556,0.6499999999999999,"{""clf__C"": 10.0}",5.256325699999252
56,quantum/Fidelity-SVM,quantum,11,0.6666666666666666,0.7,"{""clf__C"": 10.0}",5.256325699999252
56,quantum/Fidelity-SVM,quantum,12,0.8888888888888888,0.95,"{""clf__C"": 0.1}",5.256325699999252
56,quantum/Fidelity-SVM,quantum,13,0.4444444444444444,0.8,"{""clf__C"": 0.1}",5.256325699999252
56,quantum/Fidelity-SVM,quantum,14,0.5555555555555556,0.85,"{""clf__C"": 10.0}",5.256325699999252
56,quantum/HS-RBF-SVM,quantum,0,0.7777777777777778,0.8,"{""clf__C"": 10.0, ""clf__gamma_mult"": 1.0}",10.666344299999764
56,quantum/HS-RBF-SVM,quantum,1,0.7777777777777778,1.0,"{""clf__C"": 10.0, ""clf__gamma_mult"": 4.0}",10.666344299999764
56,quantum/HS-RBF-SVM,quantum,2,0.7777777777777778,0.75,"{""clf__C"": 1.0, ""clf__gamma_mult"": 4.0}",10.666344299999764
56,quantum/HS-RBF-SVM,quantum,3,0.7777777777777778,0.85,"{""clf__C"": 1.0, ""clf__gamma_mult"": 4.0}",10.666344299999764
56,quantum/HS-RBF-SVM,quantum,4,0.5555555555555556,0.6,"{""clf__C"": 10.0, ""clf__gamma_mult"": 1.0}",10.666344299999764
56,quantum/HS-RBF-SVM,quantum,5,0.6666666666666666,0.65,"{""clf__C"": 1.0, ""clf__gamma_mult"": 1.0}",10.666344299999764
56,quantum/HS-RBF-SVM,quantum,6,0.7777777777777778,0.8,"{""clf__C"": 1.0, ""clf__gamma_mult"": 4.0}",10.666344299999764
56,quantum/HS-RBF-SVM,quantum,7,0.7777777777777778,0.7,"{""clf__C"": 1.0, ""clf__gamma_mult"": 4.0}",10.666344299999764
56,quantum/HS-RBF-SVM,quantum,8,0.5555555555555556,0.6,"{""clf__C"": 10.0, ""clf__gamma_mult"": 1.0}",10.666344299999764
56,quantum/HS-RBF-SVM,quantum,9,0.4444444444444444,0.65,"{""clf__C"": 1.0, ""clf__gamma_mult"": 4.0}",10.666344299999764
56,quantum/HS-RBF-SVM,quantum,10,0.4444444444444444,0.5,"{""clf__C"": 10.0, ""clf__gamma_mult"": 1.0}",10.666344299999764
56,quantum/HS-RBF-SVM,quantum,11,0.5555555555555556,0.7,"{""clf__C"": 1.0, ""clf__gamma_mult"": 4.0}",10.666344299999764
56,quantum/HS-RBF-SVM,quantum,12,0.7777777777777778,0.8500000000000001,"{""clf__C"": 10.0, ""clf__gamma_mult"": 4.0}",10.666344299999764
56,quantum/HS-RBF-SVM,quantum,13,0.5555555555555556,0.65,"{""clf__C"": 10.0, ""clf__gamma_mult"": 4.0}",10.666344299999764
56,quantum/HS-RBF-SVM,quantum,14,0.7777777777777778,0.9500000000000001,"{""clf__C"": 10.0, ""clf__gamma_mult"": 1.0}",10.666344299999764
56,quantum/Bures-RBF-SVM,quantum,0,0.7777777777777778,0.9,"{""clf__C"": 10.0, ""clf__gamma_mult"": 1.0}",14.014218400000573
56,quantum/Bures-RBF-SVM,quantum,1,0.7777777777777778,1.0,"{""clf__C"": 10.0, ""clf__gamma_mult"": 1.0}",14.014218400000573
56,quantum/Bures-RBF-SVM,quantum,2,0.7777777777777778,0.9,"{""clf__C"": 10.0, ""clf__gamma_mult"": 1.0}",14.014218400000573
56,quantum/Bures-RBF-SVM,quantum,3,0.8888888888888888,0.8,"{""clf__C"": 10.0, ""clf__gamma_mult"": 0.25}",14.014218400000573
56,quantum/Bures-RBF-SVM,quantum,4,0.2222222222222222,0.3,"{""clf__C"": 1.0, ""clf__gamma_mult"": 0.25}",14.014218400000573
56,quantum/Bures-RBF-SVM,quantum,5,1.0,1.0,"{""clf__C"": 10.0, ""clf__gamma_mult"": 0.25}",14.014218400000573
56,quantum/Bures-RBF-SVM,quantum,6,0.6666666666666666,0.75,"{""clf__C"": 10.0, ""clf__gamma_mult"": 0.25}",14.014218400000573
56,quantum/Bures-RBF-SVM,quantum,7,1.0,1.0,"{""clf__C"": 10.0, ""clf__gamma_mult"": 1.0}",14.014218400000573
56,quantum/Bures-RBF-SVM,quantum,8,0.7777777777777778,0.9,"{""clf__C"": 10.0, ""clf__gamma_mult"": 0.25}",14.014218400000573
56,quantum/Bures-RBF-SVM,quantum,9,0.8888888888888888,1.0,"{""clf__C"": 10.0, ""clf__gamma_mult"": 0.25}",14.014218400000573
56,quantum/Bures-RBF-SVM,quantum,10,0.5555555555555556,0.6499999999999999,"{""clf__C"": 10.0, ""clf__gamma_mult"": 1.0}",14.014218400000573
56,quantum/Bures-RBF-SVM,quantum,11,0.5555555555555556,0.8500000000000001,"{""clf__C"": 10.0, ""clf__gamma_mult"": 1.0}",14.014218400000573
56,quantum/Bures-RBF-SVM,quantum,12,0.7777777777777778,1.0,"{""clf__C"": 10.0, ""clf__gamma_mult"": 1.0}",14.014218400000573
56,quantum/Bures-RBF-SVM,quantum,13,0.7777777777777778,0.9500000000000001,"{""clf__C"": 10.0, ""clf__gamma_mult"": 1.0}",14.014218400000573
56,quantum/Bures-RBF-SVM,quantum,14,1.0,1.0,"{""clf__C"": 10.0, ""clf__gamma_mult"": 1.0}",14.014218400000573
56,quantum/QRE-RBF-SVM,quantum,0,0.7777777777777778,0.95,"{""clf__C"": 10.0, ""clf__gamma_mult"": 1.0}",12.274292999999489
56,quantum/QRE-RBF-SVM,quantum,1,0.7777777777777778,1.0,"{""clf__C"": 10.0, ""clf__gamma_mult"": 0.25}",12.274292999999489
56,quantum/QRE-RBF-SVM,quantum,2,0.7777777777777778,1.0,"{""clf__C"": 10.0, ""clf__gamma_mult"": 1.0}",12.274292999999489
56,quantum/QRE-RBF-SVM,quantum,3,0.8888888888888888,0.8500000000000001,"{""clf__C"": 10.0, ""clf__gamma_mult"": 0.25}",12.274292999999489
56,quantum/QRE-RBF-SVM,quantum,4,0.2222222222222222,0.35,"{""clf__C"": 1.0, ""clf__gamma_mult"": 0.25}",12.274292999999489
56,quantum/QRE-RBF-SVM,quantum,5,0.8888888888888888,1.0,"{""clf__C"": 10.0, ""clf__gamma_mult"": 0.25}",12.274292999999489
56,quantum/QRE-RBF-SVM,quantum,6,0.6666666666666666,0.75,"{""clf__C"": 10.0, ""clf__gamma_mult"": 0.25}",12.274292999999489
56,quantum/QRE-RBF-SVM,quantum,7,0.8888888888888888,1.0,"{""clf__C"": 10.0, ""clf__gamma_mult"": 1.0}",12.274292999999489
56,quantum/QRE-RBF-SVM,quantum,8,0.6666666666666666,0.8,"{""clf__C"": 10.0, ""clf__gamma_mult"": 1.0}",12.274292999999489
56,quantum/QRE-RBF-SVM,quantum,9,0.5555555555555556,0.85,"{""clf__C"": 10.0, ""clf__gamma_mult"": 4.0}",12.274292999999489
56,quantum/QRE-RBF-SVM,quantum,10,0.4444444444444444,0.6499999999999999,"{""clf__C"": 10.0, ""clf__gamma_mult"": 4.0}",12.274292999999489
56,quantum/QRE-RBF-SVM,quantum,11,0.6666666666666666,0.8,"{""clf__C"": 10.0, ""clf__gamma_mult"": 1.0}",12.274292999999489
56,quantum/QRE-RBF-SVM,quantum,12,0.7777777777777778,1.0,"{""clf__C"": 10.0, ""clf__gamma_mult"": 1.0}",12.274292999999489
56,quantum/QRE-RBF-SVM,quantum,13,0.7777777777777778,0.9500000000000001,"{""clf__C"": 10.0, ""clf__gamma_mult"": 1.0}",12.274292999999489
56,quantum/QRE-RBF-SVM,quantum,14,1.0,1.0,"{""clf__C"": 10.0, ""clf__gamma_mult"": 1.0}",12.274292999999489
56,quantum/HS-overlap-ref-SVM,quantum,0,1.0,1.0,"{""clf__C"": 10.0}",4.677966100000049
56,quantum/HS-overlap-ref-SVM,quantum,1,1.0,1.0,"{""clf__C"": 10.0}",4.677966100000049
56,quantum/HS-overlap-ref-SVM,quantum,2,1.0,1.0,"{""clf__C"": 10.0}",4.677966100000049
56,quantum/HS-overlap-ref-SVM,quantum,3,0.8888888888888888,1.0,"{""clf__C"": 10.0}",4.677966100000049
56,quantum/HS-overlap-ref-SVM,quantum,4,0.7777777777777778,0.85,"{""clf__C"": 10.0}",4.677966100000049
56,quantum/HS-overlap-ref-SVM,quantum,5,0.8888888888888888,1.0,"{""clf__C"": 10.0}",4.677966100000049
56,quantum/HS-overlap-ref-SVM,quantum,6,0.6666666666666666,0.9,"{""clf__C"": 10.0}",4.677966100000049
56,quantum/HS-overlap-ref-SVM,quantum,7,1.0,1.0,"{""clf__C"": 10.0}",4.677966100000049
56,quantum/HS-overlap-ref-SVM,quantum,8,0.8888888888888888,0.8,"{""clf__C"": 10.0}",4.677966100000049
56,quantum/HS-overlap-ref-SVM,quantum,9,0.8888888888888888,1.0,"{""clf__C"": 10.0}",4.677966100000049
56,quantum/HS-overlap-ref-SVM,quantum,10,0.8888888888888888,1.0,"{""clf__C"": 10.0}",4.677966100000049
56,quantum/HS-overlap-ref-SVM,quantum,11,0.8888888888888888,0.9,"{""clf__C"": 10.0}",4.677966100000049
56,quantum/HS-overlap-ref-SVM,quantum,12,0.8888888888888888,1.0,"{""clf__C"": 10.0}",4.677966100000049
56,quantum/HS-overlap-ref-SVM,quantum,13,0.8888888888888888,1.0,"{""clf__C"": 10.0}",4.677966100000049
56,quantum/HS-overlap-ref-SVM,quantum,14,0.8888888888888888,0.9,"{""clf__C"": 10.0}",4.677966100000049
56,quantum/Fidelity-ref-SVM,quantum,0,0.8888888888888888,1.0,"{""clf__C"": 10.0}",6.299971299999925
56,quantum/Fidelity-ref-SVM,quantum,1,0.8888888888888888,1.0,"{""clf__C"": 10.0}",6.299971299999925
56,quantum/Fidelity-ref-SVM,quantum,2,1.0,1.0,"{""clf__C"": 10.0}",6.299971299999925
56,quantum/Fidelity-ref-SVM,quantum,3,0.8888888888888888,0.9500000000000001,"{""clf__C"": 10.0}",6.299971299999925
56,quantum/Fidelity-ref-SVM,quantum,4,0.7777777777777778,0.9500000000000001,"{""clf__C"": 10.0}",6.299971299999925
56,quantum/Fidelity-ref-SVM,quantum,5,0.8888888888888888,1.0,"{""clf__C"": 10.0}",6.299971299999925
56,quantum/Fidelity-ref-SVM,quantum,6,0.7777777777777778,0.85,"{""clf__C"": 10.0}",6.299971299999925
56,quantum/Fidelity-ref-SVM,quantum,7,1.0,1.0,"{""clf__C"": 10.0}",6.299971299999925
56,quantum/Fidelity-ref-SVM,quantum,8,0.7777777777777778,0.9,"{""clf__C"": 10.0}",6.299971299999925
56,quantum/Fidelity-ref-SVM,quantum,9,0.8888888888888888,1.0,"{""clf__C"": 10.0}",6.299971299999925
56,quantum/Fidelity-ref-SVM,quantum,10,0.8888888888888888,0.95,"{""clf__C"": 10.0}",6.299971299999925
56,quantum/Fidelity-ref-SVM,quantum,11,0.8888888888888888,0.9,"{""clf__C"": 10.0}",6.299971299999925
56,quantum/Fidelity-ref-SVM,quantum,12,1.0,1.0,"{""clf__C"": 10.0}",6.299971299999925
56,quantum/Fidelity-ref-SVM,quantum,13,0.8888888888888888,0.9500000000000001,"{""clf__C"": 10.0}",6.299971299999925
56,quantum/Fidelity-ref-SVM,quantum,14,0.8888888888888888,1.0,"{""clf__C"": 10.0}",6.299971299999925
56,quantum/HS-RBF-ref-SVM,quantum,0,1.0,1.0,"{""clf__C"": 1.0, ""clf__gamma_mult"": 0.25}",12.851432299999942
56,quantum/HS-RBF-ref-SVM,quantum,1,0.8888888888888888,1.0,"{""clf__C"": 1.0, ""clf__gamma_mult"": 0.25}",12.851432299999942
56,quantum/HS-RBF-ref-SVM,quantum,2,1.0,1.0,"{""clf__C"": 1.0, ""clf__gamma_mult"": 1.0}",12.851432299999942
56,quantum/HS-RBF-ref-SVM,quantum,3,0.8888888888888888,1.0,"{""clf__C"": 1.0, ""clf__gamma_mult"": 1.0}",12.851432299999942
56,quantum/HS-RBF-ref-SVM,quantum,4,0.8888888888888888,0.9,"{""clf__C"": 1.0, ""clf__gamma_mult"": 4.0}",12.851432299999942
56,quantum/HS-RBF-ref-SVM,quantum,5,1.0,1.0,"{""clf__C"": 10.0, ""clf__gamma_mult"": 0.25}",12.851432299999942
56,quantum/HS-RBF-ref-SVM,quantum,6,0.7777777777777778,0.9,"{""clf__C"": 10.0, ""clf__gamma_mult"": 1.0}",12.851432299999942
56,quantum/HS-RBF-ref-SVM,quantum,7,1.0,1.0,"{""clf__C"": 1.0, ""clf__gamma_mult"": 1.0}",12.851432299999942
56,quantum/HS-RBF-ref-SVM,quantum,8,0.8888888888888888,0.9,"{""clf__C"": 1.0, ""clf__gamma_mult"": 1.0}",12.851432299999942
56,quantum/HS-RBF-ref-SVM,quantum,9,1.0,1.0,"{""clf__C"": 1.0, ""clf__gamma_mult"": 0.25}",12.851432299999942
56,quantum/HS-RBF-ref-SVM,quantum,10,1.0,1.0,"{""clf__C"": 1.0, ""clf__gamma_mult"": 1.0}",12.851432299999942
56,quantum/HS-RBF-ref-SVM,quantum,11,0.8888888888888888,0.95,"{""clf__C"": 1.0, ""clf__gamma_mult"": 4.0}",12.851432299999942
56,quantum/HS-RBF-ref-SVM,quantum,12,1.0,1.0,"{""clf__C"": 1.0, ""clf__gamma_mult"": 1.0}",12.851432299999942
56,quantum/HS-RBF-ref-SVM,quantum,13,0.8888888888888888,1.0,"{""clf__C"": 1.0, ""clf__gamma_mult"": 1.0}",12.851432299999942
56,quantum/HS-RBF-ref-SVM,quantum,14,0.8888888888888888,1.0,"{""clf__C"": 1.0, ""clf__gamma_mult"": 1.0}",12.851432299999942
56,quantum/Bures-RBF-ref-SVM,quantum,0,1.0,1.0,"{""clf__C"": 1.0, ""clf__gamma_mult"": 0.25}",16.76370489999954
56,quantum/Bures-RBF-ref-SVM,quantum,1,0.8888888888888888,1.0,"{""clf__C"": 1.0, ""clf__gamma_mult"": 0.25}",16.76370489999954
56,quantum/Bures-RBF-ref-SVM,quantum,2,1.0,1.0,"{""clf__C"": 1.0, ""clf__gamma_mult"": 1.0}",16.76370489999954
56,quantum/Bures-RBF-ref-SVM,quantum,3,0.8888888888888888,1.0,"{""clf__C"": 10.0, ""clf__gamma_mult"": 4.0}",16.76370489999954
56,quantum/Bures-RBF-ref-SVM,quantum,4,0.8888888888888888,0.9,"{""clf__C"": 1.0, ""clf__gamma_mult"": 4.0}",16.76370489999954
56,quantum/Bures-RBF-ref-SVM,quantum,5,1.0,1.0,"{""clf__C"": 10.0, ""clf__gamma_mult"": 1.0}",16.76370489999954
56,quantum/Bures-RBF-ref-SVM,quantum,6,0.8888888888888888,0.9,"{""clf__C"": 1.0, ""clf__gamma_mult"": 1.0}",16.76370489999954
56,quantum/Bures-RBF-ref-SVM,quantum,7,1.0,1.0,"{""clf__C"": 1.0, ""clf__gamma_mult"": 4.0}",16.76370489999954
56,quantum/Bures-RBF-ref-SVM,quantum,8,0.7777777777777778,0.9,"{""clf__C"": 1.0, ""clf__gamma_mult"": 0.25}",16.76370489999954
56,quantum/Bures-RBF-ref-SVM,quantum,9,0.8888888888888888,1.0,"{""clf__C"": 1.0, ""clf__gamma_mult"": 1.0}",16.76370489999954
56,quantum/Bures-RBF-ref-SVM,quantum,10,1.0,1.0,"{""clf__C"": 1.0, ""clf__gamma_mult"": 1.0}",16.76370489999954
56,quantum/Bures-RBF-ref-SVM,quantum,11,0.8888888888888888,0.95,"{""clf__C"": 1.0, ""clf__gamma_mult"": 1.0}",16.76370489999954
56,quantum/Bures-RBF-ref-SVM,quantum,12,0.8888888888888888,1.0,"{""clf__C"": 10.0, ""clf__gamma_mult"": 0.25}",16.76370489999954
56,quantum/Bures-RBF-ref-SVM,quantum,13,0.8888888888888888,1.0,"{""clf__C"": 10.0, ""clf__gamma_mult"": 4.0}",16.76370489999954
56,quantum/Bures-RBF-ref-SVM,quantum,14,0.8888888888888888,1.0,"{""clf__C"": 10.0, ""clf__gamma_mult"": 1.0}",16.76370489999954
56,quantum/QRE-RBF-ref-SVM,quantum,0,0.8888888888888888,1.0,"{""clf__C"": 1.0, ""clf__gamma_mult"": 0.25}",14.669861399999718
56,quantum/QRE-RBF-ref-SVM,quantum,1,0.8888888888888888,1.0,"{""clf__C"": 1.0, ""clf__gamma_mult"": 0.25}",14.669861399999718
56,quantum/QRE-RBF-ref-SVM,quantum,2,1.0,1.0,"{""clf__C"": 1.0, ""clf__gamma_mult"": 1.0}",14.669861399999718
56,quantum/QRE-RBF-ref-SVM,quantum,3,0.8888888888888888,0.9500000000000001,"{""clf__C"": 1.0, ""clf__gamma_mult"": 0.25}",14.669861399999718
56,quantum/QRE-RBF-ref-SVM,quantum,4,0.8888888888888888,0.9,"{""clf__C"": 1.0, ""clf__gamma_mult"": 4.0}",14.669861399999718
56,quantum/QRE-RBF-ref-SVM,quantum,5,0.8888888888888888,1.0,"{""clf__C"": 10.0, ""clf__gamma_mult"": 1.0}",14.669861399999718
56,quantum/QRE-RBF-ref-SVM,quantum,6,0.8888888888888888,0.9,"{""clf__C"": 1.0, ""clf__gamma_mult"": 1.0}",14.669861399999718
56,quantum/QRE-RBF-ref-SVM,quantum,7,1.0,1.0,"{""clf__C"": 1.0, ""clf__gamma_mult"": 4.0}",14.669861399999718
56,quantum/QRE-RBF-ref-SVM,quantum,8,0.7777777777777778,0.9,"{""clf__C"": 1.0, ""clf__gamma_mult"": 0.25}",14.669861399999718
56,quantum/QRE-RBF-ref-SVM,quantum,9,0.8888888888888888,1.0,"{""clf__C"": 1.0, ""clf__gamma_mult"": 1.0}",14.669861399999718
56,quantum/QRE-RBF-ref-SVM,quantum,10,1.0,1.0,"{""clf__C"": 1.0, ""clf__gamma_mult"": 1.0}",14.669861399999718
56,quantum/QRE-RBF-ref-SVM,quantum,11,0.8888888888888888,0.95,"{""clf__C"": 1.0, ""clf__gamma_mult"": 1.0}",14.669861399999718
56,quantum/QRE-RBF-ref-SVM,quantum,12,0.8888888888888888,0.95,"{""clf__C"": 10.0, ""clf__gamma_mult"": 0.25}",14.669861399999718
56,quantum/QRE-RBF-ref-SVM,quantum,13,0.8888888888888888,1.0,"{""clf__C"": 10.0, ""clf__gamma_mult"": 4.0}",14.669861399999718
56,quantum/QRE-RBF-ref-SVM,quantum,14,0.8888888888888888,1.0,"{""clf__C"": 10.0, ""clf__gamma_mult"": 1.0}",14.669861399999718
56,quantum/IQP-kernel-SVM,quantum,0,0.8888888888888888,0.85,"{""clf__C"": 1.0, ""clf__scale"": 0.5}",22.033341199999995
56,quantum/IQP-kernel-SVM,quantum,1,1.0,1.0,"{""clf__C"": 1.0, ""clf__scale"": 0.5}",22.033341199999995
56,quantum/IQP-kernel-SVM,quantum,2,0.6666666666666666,0.6,"{""clf__C"": 1.0, ""clf__scale"": 0.5}",22.033341199999995
56,quantum/IQP-kernel-SVM,quantum,3,0.6666666666666666,0.85,"{""clf__C"": 1.0, ""clf__scale"": 0.5}",22.033341199999995
56,quantum/IQP-kernel-SVM,quantum,4,0.7777777777777778,0.75,"{""clf__C"": 10.0, ""clf__scale"": 1.0}",22.033341199999995
56,quantum/IQP-kernel-SVM,quantum,5,0.6666666666666666,0.65,"{""clf__C"": 10.0, ""clf__scale"": 0.5}",22.033341199999995
56,quantum/IQP-kernel-SVM,quantum,6,0.5555555555555556,0.6,"{""clf__C"": 1.0, ""clf__scale"": 0.5}",22.033341199999995
56,quantum/IQP-kernel-SVM,quantum,7,0.4444444444444444,0.45,"{""clf__C"": 1.0, ""clf__scale"": 2.0}",22.033341199999995
56,quantum/IQP-kernel-SVM,quantum,8,0.6666666666666666,0.55,"{""clf__C"": 10.0, ""clf__scale"": 0.5}",22.033341199999995
56,quantum/IQP-kernel-SVM,quantum,9,0.7777777777777778,0.8500000000000001,"{""clf__C"": 1.0, ""clf__scale"": 0.5}",22.033341199999995
56,quantum/IQP-kernel-SVM,quantum,10,0.8888888888888888,0.9,"{""clf__C"": 1.0, ""clf__scale"": 0.5}",22.033341199999995
56,quantum/IQP-kernel-SVM,quantum,11,0.7777777777777778,0.9,"{""clf__C"": 1.0, ""clf__scale"": 0.5}",22.033341199999995
56,quantum/IQP-kernel-SVM,quantum,12,0.5555555555555556,0.55,"{""clf__C"": 10.0, ""clf__scale"": 0.5}",22.033341199999995
56,quantum/IQP-kernel-SVM,quantum,13,0.8888888888888888,0.8,"{""clf__C"": 1.0, ""clf__scale"": 0.5}",22.033341199999995
56,quantum/IQP-kernel-SVM,quantum,14,0.3333333333333333,0.3,"{""clf__C"": 10.0, ""clf__scale"": 0.5}",22.033341199999995
56,quantum/CNOT-kernel-SVM,quantum,0,0.6666666666666666,0.7,"{""clf__C"": 1.0, ""clf__scale"": 0.5}",18.521338200000173
56,quantum/CNOT-kernel-SVM,quantum,1,0.7777777777777778,1.0,"{""clf__C"": 10.0, ""clf__scale"": 0.5}",18.521338200000173
56,quantum/CNOT-kernel-SVM,quantum,2,0.6666666666666666,0.6000000000000001,"{""clf__C"": 10.0, ""clf__scale"": 0.5}",18.521338200000173
56,quantum/CNOT-kernel-SVM,quantum,3,0.7777777777777778,0.9,"{""clf__C"": 10.0, ""clf__scale"": 0.5}",18.521338200000173
56,quantum/CNOT-kernel-SVM,quantum,4,0.5555555555555556,0.5,"{""clf__C"": 10.0, ""clf__scale"": 1.0}",18.521338200000173
56,quantum/CNOT-kernel-SVM,quantum,5,0.5555555555555556,0.7,"{""clf__C"": 1.0, ""clf__scale"": 0.5}",18.521338200000173
56,quantum/CNOT-kernel-SVM,quantum,6,0.7777777777777778,0.75,"{""clf__C"": 1.0, ""clf__scale"": 1.0}",18.521338200000173
56,quantum/CNOT-kernel-SVM,quantum,7,0.5555555555555556,0.65,"{""clf__C"": 10.0, ""clf__scale"": 0.5}",18.521338200000173
56,quantum/CNOT-kernel-SVM,quantum,8,0.7777777777777778,0.8,"{""clf__C"": 1.0, ""clf__scale"": 1.0}",18.521338200000173
56,quantum/CNOT-kernel-SVM,quantum,9,0.7777777777777778,0.8500000000000001,"{""clf__C"": 1.0, ""clf__scale"": 0.5}",18.521338200000173
56,quantum/CNOT-kernel-SVM,quantum,10,0.7777777777777778,0.95,"{""clf__C"": 10.0, ""clf__scale"": 0.5}",18.521338200000173
56,quantum/CNOT-kernel-SVM,quantum,11,0.6666666666666666,0.9,"{""clf__C"": 1.0, ""clf__scale"": 1.0}",18.521338200000173
56,quantum/CNOT-kernel-SVM,quantum,12,0.6666666666666666,0.6500000000000001,"{""clf__C"": 10.0, ""clf__scale"": 0.5}",18.521338200000173
56,quantum/CNOT-kernel-SVM,quantum,13,0.5555555555555556,0.8,"{""clf__C"": 10.0, ""clf__scale"": 0.5}",18.521338200000173
56,quantum/CNOT-kernel-SVM,quantum,14,0.4444444444444444,0.39999999999999997,"{""clf__C"": 1.0, ""clf__scale"": 0.5}",18.521338200000173
56,control/IQP-no-entangle,control,0,0.6666666666666666,0.7,"{""clf__C"": 1.0, ""clf__scale"": 0.5}",16.997569600000134
56,control/IQP-no-entangle,control,1,1.0,1.0,"{""clf__C"": 1.0, ""clf__scale"": 0.5}",16.997569600000134
56,control/IQP-no-entangle,control,2,0.7777777777777778,0.7000000000000001,"{""clf__C"": 1.0, ""clf__scale"": 1.0}",16.997569600000134
56,control/IQP-no-entangle,control,3,0.7777777777777778,0.9,"{""clf__C"": 1.0, ""clf__scale"": 1.0}",16.997569600000134
56,control/IQP-no-entangle,control,4,0.4444444444444444,0.3,"{""clf__C"": 10.0, ""clf__scale"": 1.0}",16.997569600000134
56,control/IQP-no-entangle,control,5,0.5555555555555556,0.65,"{""clf__C"": 10.0, ""clf__scale"": 0.5}",16.997569600000134
56,control/IQP-no-entangle,control,6,0.7777777777777778,0.75,"{""clf__C"": 1.0, ""clf__scale"": 1.0}",16.997569600000134
56,control/IQP-no-entangle,control,7,0.5555555555555556,0.65,"{""clf__C"": 10.0, ""clf__scale"": 0.5}",16.997569600000134
56,control/IQP-no-entangle,control,8,0.6666666666666666,0.8,"{""clf__C"": 10.0, ""clf__scale"": 0.5}",16.997569600000134
56,control/IQP-no-entangle,control,9,0.7777777777777778,0.8500000000000001,"{""clf__C"": 1.0, ""clf__scale"": 0.5}",16.997569600000134
56,control/IQP-no-entangle,control,10,0.7777777777777778,0.95,"{""clf__C"": 10.0, ""clf__scale"": 0.5}",16.997569600000134
56,control/IQP-no-entangle,control,11,0.5555555555555556,0.9,"{""clf__C"": 1.0, ""clf__scale"": 1.0}",16.997569600000134
56,control/IQP-no-entangle,control,12,0.6666666666666666,0.7000000000000001,"{""clf__C"": 10.0, ""clf__scale"": 0.5}",16.997569600000134
56,control/IQP-no-entangle,control,13,0.6666666666666666,0.8,"{""clf__C"": 10.0, ""clf__scale"": 0.5}",16.997569600000134
56,control/IQP-no-entangle,control,14,0.4444444444444444,0.5,"{""clf__C"": 1.0, ""clf__scale"": 0.5}",16.997569600000134
56,control/PCA-matched-RBF,control,0,0.7777777777777778,0.7,"{""clf__C"": 1.0, ""clf__gamma"": ""scale""}",13.443980799999736
56,control/PCA-matched-RBF,control,1,1.0,1.0,"{""clf__C"": 1.0, ""clf__gamma"": ""scale""}",13.443980799999736
56,control/PCA-matched-RBF,control,2,0.6666666666666666,0.6500000000000001,"{""clf__C"": 10.0, ""clf__gamma"": 0.1}",13.443980799999736
56,control/PCA-matched-RBF,control,3,0.7777777777777778,0.75,"{""clf__C"": 1.0, ""clf__gamma"": 0.1}",13.443980799999736
56,control/PCA-matched-RBF,control,4,0.4444444444444444,0.5,"{""clf__C"": 10.0, ""clf__gamma"": ""scale""}",13.443980799999736
56,control/PCA-matched-RBF,control,5,0.5555555555555556,0.65,"{""clf__C"": 10.0, ""clf__gamma"": 0.1}",13.443980799999736
56,control/PCA-matched-RBF,control,6,0.7777777777777778,0.55,"{""clf__C"": 10.0, ""clf__gamma"": 0.01}",13.443980799999736
56,control/PCA-matched-RBF,control,7,0.5555555555555556,0.6,"{""clf__C"": 10.0, ""clf__gamma"": 0.1}",13.443980799999736
56,control/PCA-matched-RBF,control,8,0.7777777777777778,0.85,"{""clf__C"": 1.0, ""clf__gamma"": 0.1}",13.443980799999736
56,control/PCA-matched-RBF,control,9,0.8888888888888888,0.8500000000000001,"{""clf__C"": 10.0, ""clf__gamma"": 0.01}",13.443980799999736
56,control/PCA-matched-RBF,control,10,0.7777777777777778,0.95,"{""clf__C"": 10.0, ""clf__gamma"": 0.1}",13.443980799999736
56,control/PCA-matched-RBF,control,11,0.5555555555555556,0.9,"{""clf__C"": 1.0, ""clf__gamma"": ""scale""}",13.443980799999736
56,control/PCA-matched-RBF,control,12,0.6666666666666666,0.7500000000000001,"{""clf__C"": 10.0, ""clf__gamma"": 0.01}",13.443980799999736
56,control/PCA-matched-RBF,control,13,0.5555555555555556,0.8,"{""clf__C"": 1.0, ""clf__gamma"": 0.1}",13.443980799999736
56,control/PCA-matched-RBF,control,14,0.5555555555555556,0.75,"{""clf__C"": 10.0, ""clf__gamma"": 0.01}",13.443980799999736
56,control/PCA-matched-linear,control,0,0.6666666666666666,0.7,"{""clf__C"": 1.0}",4.793549500000154
56,control/PCA-matched-linear,control,1,0.8888888888888888,1.0,"{""clf__C"": 0.1}",4.793549500000154
56,control/PCA-matched-linear,control,2,0.7777777777777778,0.8,"{""clf__C"": 1.0}",4.793549500000154
56,control/PCA-matched-linear,control,3,0.7777777777777778,0.8,"{""clf__C"": 1.0}",4.793549500000154
56,control/PCA-matched-linear,control,4,0.7777777777777778,0.8,"{""clf__C"": 1.0}",4.793549500000154
56,control/PCA-matched-linear,control,5,0.5555555555555556,0.75,"{""clf__C"": 1.0}",4.793549500000154
56,control/PCA-matched-linear,control,6,0.7777777777777778,0.55,"{""clf__C"": 0.1}",4.793549500000154
56,control/PCA-matched-linear,control,7,0.5555555555555556,0.6,"{""clf__C"": 10.0}",4.793549500000154
56,control/PCA-matched-linear,control,8,0.7777777777777778,0.9,"{""clf__C"": 0.1}",4.793549500000154
56,control/PCA-matched-linear,control,9,0.7777777777777778,0.8500000000000001,"{""clf__C"": 0.1}",4.793549500000154
56,control/PCA-matched-linear,control,10,0.8888888888888888,0.9,"{""clf__C"": 0.1}",4.793549500000154
56,control/PCA-matched-linear,control,11,0.6666666666666666,0.65,"{""clf__C"": 1.0}",4.793549500000154
56,control/PCA-matched-linear,control,12,0.6666666666666666,0.7000000000000001,"{""clf__C"": 10.0}",4.793549500000154
56,control/PCA-matched-linear,control,13,0.5555555555555556,0.8,"{""clf__C"": 0.1}",4.793549500000154
56,control/PCA-matched-linear,control,14,0.5555555555555556,0.7000000000000001,"{""clf__C"": 1.0}",4.793549500000154
56,control/logeuclid-TS+LR,control,0,0.6666666666666666,0.8,"{""clf__C"": 10.0}",4.232709899999463
56,control/logeuclid-TS+LR,control,1,0.8888888888888888,0.95,"{""clf__C"": 10.0}",4.232709899999463
56,control/logeuclid-TS+LR,control,2,0.8888888888888888,0.8500000000000001,"{""clf__C"": 10.0}",4.232709899999463
56,control/logeuclid-TS+LR,control,3,0.8888888888888888,0.8,"{""clf__C"": 10.0}",4.232709899999463
56,control/logeuclid-TS+LR,control,4,0.2222222222222222,0.09999999999999998,"{""clf__C"": 0.1}",4.232709899999463
56,control/logeuclid-TS+LR,control,5,0.8888888888888888,0.9,"{""clf__C"": 10.0}",4.232709899999463
56,control/logeuclid-TS+LR,control,6,0.7777777777777778,0.7,"{""clf__C"": 10.0}",4.232709899999463
56,control/logeuclid-TS+LR,control,7,0.8888888888888888,1.0,"{""clf__C"": 10.0}",4.232709899999463
56,control/logeuclid-TS+LR,control,8,0.7777777777777778,0.9,"{""clf__C"": 10.0}",4.232709899999463
56,control/logeuclid-TS+LR,control,9,0.8888888888888888,1.0,"{""clf__C"": 10.0}",4.232709899999463
56,control/logeuclid-TS+LR,control,10,0.7777777777777778,0.9,"{""clf__C"": 10.0}",4.232709899999463
56,control/logeuclid-TS+LR,control,11,0.6666666666666666,0.6,"{""clf__C"": 0.1}",4.232709899999463
56,control/logeuclid-TS+LR,control,12,0.6666666666666666,0.8,"{""clf__C"": 10.0}",4.232709899999463
56,control/logeuclid-TS+LR,control,13,0.5555555555555556,0.5499999999999999,"{""clf__C"": 0.1}",4.232709899999463
56,control/logeuclid-TS+LR,control,14,0.8888888888888888,0.8,"{""clf__C"": 10.0}",4.232709899999463
56,control/riemann-kernel-SVM,control,0,0.8888888888888888,1.0,"{""clf__C"": 1.0}",4.4356104999997115
56,control/riemann-kernel-SVM,control,1,0.7777777777777778,0.95,"{""clf__C"": 1.0}",4.4356104999997115
56,control/riemann-kernel-SVM,control,2,1.0,1.0,"{""clf__C"": 1.0}",4.4356104999997115
56,control/riemann-kernel-SVM,control,3,0.8888888888888888,0.9,"{""clf__C"": 1.0}",4.4356104999997115
56,control/riemann-kernel-SVM,control,4,0.8888888888888888,0.9500000000000001,"{""clf__C"": 10.0}",4.4356104999997115
56,control/riemann-kernel-SVM,control,5,1.0,1.0,"{""clf__C"": 10.0}",4.4356104999997115
56,control/riemann-kernel-SVM,control,6,0.6666666666666666,0.7,"{""clf__C"": 1.0}",4.4356104999997115
56,control/riemann-kernel-SVM,control,7,1.0,1.0,"{""clf__C"": 1.0}",4.4356104999997115
56,control/riemann-kernel-SVM,control,8,0.8888888888888888,0.9,"{""clf__C"": 1.0}",4.4356104999997115
56,control/riemann-kernel-SVM,control,9,1.0,1.0,"{""clf__C"": 10.0}",4.4356104999997115
56,control/riemann-kernel-SVM,control,10,0.8888888888888888,1.0,"{""clf__C"": 10.0}",4.4356104999997115
56,control/riemann-kernel-SVM,control,11,0.8888888888888888,0.9,"{""clf__C"": 1.0}",4.4356104999997115
56,control/riemann-kernel-SVM,control,12,0.7777777777777778,1.0,"{""clf__C"": 10.0}",4.4356104999997115
56,control/riemann-kernel-SVM,control,13,0.8888888888888888,1.0,"{""clf__C"": 1.0}",4.4356104999997115
56,control/riemann-kernel-SVM,control,14,0.8888888888888888,1.0,"{""clf__C"": 1.0}",4.4356104999997115
56,control/logeuclid-kernel-SVM,control,0,1.0,1.0,"{""clf__C"": 1.0}",4.404960300000312
56,control/logeuclid-kernel-SVM,control,1,0.8888888888888888,1.0,"{""clf__C"": 10.0}",4.404960300000312
56,control/logeuclid-kernel-SVM,control,2,1.0,1.0,"{""clf__C"": 1.0}",4.404960300000312
56,control/logeuclid-kernel-SVM,control,3,0.8888888888888888,0.9,"{""clf__C"": 1.0}",4.404960300000312
56,control/logeuclid-kernel-SVM,control,4,0.7777777777777778,0.9500000000000001,"{""clf__C"": 1.0}",4.404960300000312
56,control/logeuclid-kernel-SVM,control,5,1.0,1.0,"{""clf__C"": 10.0}",4.404960300000312
56,control/logeuclid-kernel-SVM,control,6,0.8888888888888888,0.8,"{""clf__C"": 1.0}",4.404960300000312
56,control/logeuclid-kernel-SVM,control,7,1.0,1.0,"{""clf__C"": 10.0}",4.404960300000312
56,control/logeuclid-kernel-SVM,control,8,0.8888888888888888,1.0,"{""clf__C"": 10.0}",4.404960300000312
56,control/logeuclid-kernel-SVM,control,9,1.0,1.0,"{""clf__C"": 10.0}",4.404960300000312
56,control/logeuclid-kernel-SVM,control,10,0.8888888888888888,0.9,"{""clf__C"": 1.0}",4.404960300000312
56,control/logeuclid-kernel-SVM,control,11,0.8888888888888888,0.9,"{""clf__C"": 1.0}",4.404960300000312
56,control/logeuclid-kernel-SVM,control,12,0.7777777777777778,1.0,"{""clf__C"": 10.0}",4.404960300000312
56,control/logeuclid-kernel-SVM,control,13,0.8888888888888888,1.0,"{""clf__C"": 1.0}",4.404960300000312
56,control/logeuclid-kernel-SVM,control,14,0.8888888888888888,1.0,"{""clf__C"": 1.0}",4.404960300000312
57,classical/logvar+LDA,classical,0,0.5555555555555556,0.5,{},0.08195639999939885
57,classical/logvar+LDA,classical,1,0.5555555555555556,0.49999999999999994,{},0.08195639999939885
57,classical/logvar+LDA,classical,2,0.5555555555555556,0.5499999999999999,{},0.08195639999939885
57,classical/logvar+LDA,classical,3,0.4444444444444444,0.4,{},0.08195639999939885
57,classical/logvar+LDA,classical,4,0.5555555555555556,0.5,{},0.08195639999939885
57,classical/logvar+LDA,classical,5,0.6666666666666666,0.6000000000000001,{},0.08195639999939885
57,classical/logvar+LDA,classical,6,0.7777777777777778,0.6000000000000001,{},0.08195639999939885
57,classical/logvar+LDA,classical,7,0.3333333333333333,0.35,{},0.08195639999939885
57,classical/logvar+LDA,classical,8,0.2222222222222222,0.5,{},0.08195639999939885
57,classical/logvar+LDA,classical,9,0.3333333333333333,0.25,{},0.08195639999939885
57,classical/logvar+LDA,classical,10,0.6666666666666666,0.75,{},0.08195639999939885
57,classical/logvar+LDA,classical,11,0.3333333333333333,0.5,{},0.08195639999939885
57,classical/logvar+LDA,classical,12,0.3333333333333333,0.19999999999999998,{},0.08195639999939885
57,classical/logvar+LDA,classical,13,0.7777777777777778,0.8,{},0.08195639999939885
57,classical/logvar+LDA,classical,14,0.4444444444444444,0.5,{},0.08195639999939885
57,classical/CSP+LDA,classical,0,0.3333333333333333,0.4,"{""csp__nfilter"": 2}",3.8251743000000715
57,classical/CSP+LDA,classical,1,0.5555555555555556,0.75,"{""csp__nfilter"": 2}",3.8251743000000715
57,classical/CSP+LDA,classical,2,0.5555555555555556,0.45,"{""csp__nfilter"": 4}",3.8251743000000715
57,classical/CSP+LDA,classical,3,0.1111111111111111,0.15,"{""csp__nfilter"": 2}",3.8251743000000715
57,classical/CSP+LDA,classical,4,0.5555555555555556,0.6,"{""csp__nfilter"": 2}",3.8251743000000715
57,classical/CSP+LDA,classical,5,0.5555555555555556,0.5,"{""csp__nfilter"": 2}",3.8251743000000715
57,classical/CSP+LDA,classical,6,0.5555555555555556,0.5499999999999999,"{""csp__nfilter"": 2}",3.8251743000000715
57,classical/CSP+LDA,classical,7,0.4444444444444444,0.65,"{""csp__nfilter"": 6}",3.8251743000000715
57,classical/CSP+LDA,classical,8,0.3333333333333333,0.15,"{""csp__nfilter"": 4}",3.8251743000000715
57,classical/CSP+LDA,classical,9,0.2222222222222222,0.3,"{""csp__nfilter"": 2}",3.8251743000000715
57,classical/CSP+LDA,classical,10,0.4444444444444444,0.55,"{""csp__nfilter"": 2}",3.8251743000000715
57,classical/CSP+LDA,classical,11,0.7777777777777778,0.7000000000000001,"{""csp__nfilter"": 2}",3.8251743000000715
57,classical/CSP+LDA,classical,12,0.3333333333333333,0.44999999999999996,"{""csp__nfilter"": 2}",3.8251743000000715
57,classical/CSP+LDA,classical,13,0.7777777777777778,0.75,"{""csp__nfilter"": 2}",3.8251743000000715
57,classical/CSP+LDA,classical,14,0.4444444444444444,0.35,"{""csp__nfilter"": 2}",3.8251743000000715
57,classical/MDM,classical,0,0.4444444444444444,0.4,{},0.4811189000001832
57,classical/MDM,classical,1,0.5555555555555556,0.5,{},0.4811189000001832
57,classical/MDM,classical,2,0.6666666666666666,0.5,{},0.4811189000001832
57,classical/MDM,classical,3,0.1111111111111111,0.04999999999999999,{},0.4811189000001832
57,classical/MDM,classical,4,0.5555555555555556,0.44999999999999996,{},0.4811189000001832
57,classical/MDM,classical,5,0.6666666666666666,0.6000000000000001,{},0.4811189000001832
57,classical/MDM,classical,6,0.5555555555555556,0.44999999999999996,{},0.4811189000001832
57,classical/MDM,classical,7,0.3333333333333333,0.55,{},0.4811189000001832
57,classical/MDM,classical,8,0.3333333333333333,0.0,{},0.4811189000001832
57,classical/MDM,classical,9,0.2222222222222222,0.2,{},0.4811189000001832
57,classical/MDM,classical,10,0.4444444444444444,0.5,{},0.4811189000001832
57,classical/MDM,classical,11,0.6666666666666666,0.7000000000000001,{},0.4811189000001832
57,classical/MDM,classical,12,0.3333333333333333,0.39999999999999997,{},0.4811189000001832
57,classical/MDM,classical,13,0.7777777777777778,0.75,{},0.4811189000001832
57,classical/MDM,classical,14,0.4444444444444444,0.25,{},0.4811189000001832
57,classical/TS+LR,classical,0,0.2222222222222222,0.1,"{""clf__C"": 0.1}",4.813758499999494
57,classical/TS+LR,classical,1,0.3333333333333333,0.44999999999999996,"{""clf__C"": 0.1}",4.813758499999494
57,classical/TS+LR,classical,2,0.3333333333333333,0.35,"{""clf__C"": 10.0}",4.813758499999494
57,classical/TS+LR,classical,3,0.2222222222222222,0.04999999999999999,"{""clf__C"": 0.1}",4.813758499999494
57,classical/TS+LR,classical,4,0.5555555555555556,0.55,"{""clf__C"": 1.0}",4.813758499999494
57,classical/TS+LR,classical,5,0.5555555555555556,0.65,"{""clf__C"": 0.1}",4.813758499999494
57,classical/TS+LR,classical,6,0.3333333333333333,0.3,"{""clf__C"": 10.0}",4.813758499999494
57,classical/TS+LR,classical,7,0.5555555555555556,0.6000000000000001,"{""clf__C"": 0.1}",4.813758499999494
57,classical/TS+LR,classical,8,0.2222222222222222,0.09999999999999998,"{""clf__C"": 0.1}",4.813758499999494
57,classical/TS+LR,classical,9,0.2222222222222222,0.15,"{""clf__C"": 1.0}",4.813758499999494
57,classical/TS+LR,classical,10,0.3333333333333333,0.2,"{""clf__C"": 1.0}",4.813758499999494
57,classical/TS+LR,classical,11,0.3333333333333333,0.1,"{""clf__C"": 1.0}",4.813758499999494
57,classical/TS+LR,classical,12,0.4444444444444444,0.39999999999999997,"{""clf__C"": 1.0}",4.813758499999494
57,classical/TS+LR,classical,13,0.6666666666666666,0.9,"{""clf__C"": 10.0}",4.813758499999494
57,classical/TS+LR,classical,14,0.2222222222222222,0.1,"{""clf__C"": 10.0}",4.813758499999494
57,classical/TS+RBF-SVM,classical,0,0.4444444444444444,0.1,"{""clf__C"": 1.0, ""clf__gamma"": 0.01}",12.619697400000405
57,classical/TS+RBF-SVM,classical,1,0.5555555555555556,0.5,"{""clf__C"": 0.1, ""clf__gamma"": ""scale""}",12.619697400000405
57,classical/TS+RBF-SVM,classical,2,0.5555555555555556,0.25,"{""clf__C"": 0.1, ""clf__gamma"": ""scale""}",12.619697400000405
57,classical/TS+RBF-SVM,classical,3,0.2222222222222222,0.04999999999999999,"{""clf__C"": 10.0, ""clf__gamma"": 0.01}",12.619697400000405
57,classical/TS+RBF-SVM,classical,4,0.5555555555555556,0.35,"{""clf__C"": 0.1, ""clf__gamma"": ""scale""}",12.619697400000405
57,classical/TS+RBF-SVM,classical,5,0.4444444444444444,0.55,"{""clf__C"": 0.1, ""clf__gamma"": ""scale""}",12.619697400000405
57,classical/TS+RBF-SVM,classical,6,0.5555555555555556,0.39999999999999997,"{""clf__C"": 0.1, ""clf__gamma"": ""scale""}",12.619697400000405
57,classical/TS+RBF-SVM,classical,7,0.5555555555555556,0.55,"{""clf__C"": 0.1, ""clf__gamma"": ""scale""}",12.619697400000405
57,classical/TS+RBF-SVM,classical,8,0.1111111111111111,0.1,"{""clf__C"": 1.0, ""clf__gamma"": ""scale""}",12.619697400000405
57,classical/TS+RBF-SVM,classical,9,0.3333333333333333,0.25,"{""clf__C"": 10.0, ""clf__gamma"": 0.1}",12.619697400000405
57,classical/TS+RBF-SVM,classical,10,0.4444444444444444,0.49999999999999994,"{""clf__C"": 0.1, ""clf__gamma"": ""scale""}",12.619697400000405
57,classical/TS+RBF-SVM,classical,11,0.2222222222222222,0.15,"{""clf__C"": 10.0, ""clf__gamma"": ""scale""}",12.619697400000405
57,classical/TS+RBF-SVM,classical,12,0.5555555555555556,0.2,"{""clf__C"": 0.1, ""clf__gamma"": ""scale""}",12.619697400000405
57,classical/TS+RBF-SVM,classical,13,0.5555555555555556,0.65,"{""clf__C"": 0.1, ""clf__gamma"": ""scale""}",12.619697400000405
57,classical/TS+RBF-SVM,classical,14,0.4444444444444444,0.2,"{""clf__C"": 1.0, ""clf__gamma"": 0.1}",12.619697400000405
57,quantum/HS-overlap-SVM,quantum,0,0.4444444444444444,0.55,"{""clf__C"": 0.1}",3.837006599999768
57,quantum/HS-overlap-SVM,quantum,1,0.5555555555555556,0.75,"{""clf__C"": 0.1}",3.837006599999768
57,quantum/HS-overlap-SVM,quantum,2,0.5555555555555556,0.5,"{""clf__C"": 0.1}",3.837006599999768
57,quantum/HS-overlap-SVM,quantum,3,0.6666666666666666,0.4,"{""clf__C"": 10.0}",3.837006599999768
57,quantum/HS-overlap-SVM,quantum,4,0.5555555555555556,0.5499999999999999,"{""clf__C"": 0.1}",3.837006599999768
57,quantum/HS-overlap-SVM,quantum,5,0.4444444444444444,0.75,"{""clf__C"": 0.1}",3.837006599999768
57,quantum/HS-overlap-SVM,quantum,6,0.5555555555555556,0.6000000000000001,"{""clf__C"": 0.1}",3.837006599999768
57,quantum/HS-overlap-SVM,quantum,7,0.5555555555555556,0.4,"{""clf__C"": 0.1}",3.837006599999768
57,quantum/HS-overlap-SVM,quantum,8,0.5555555555555556,0.75,"{""clf__C"": 0.1}",3.837006599999768
57,quantum/HS-overlap-SVM,quantum,9,0.5555555555555556,0.4,"{""clf__C"": 0.1}",3.837006599999768
57,quantum/HS-overlap-SVM,quantum,10,0.4444444444444444,0.6,"{""clf__C"": 0.1}",3.837006599999768
57,quantum/HS-overlap-SVM,quantum,11,0.5555555555555556,0.4,"{""clf__C"": 0.1}",3.837006599999768
57,quantum/HS-overlap-SVM,quantum,12,0.4444444444444444,0.15,"{""clf__C"": 10.0}",3.837006599999768
57,quantum/HS-overlap-SVM,quantum,13,0.5555555555555556,1.0,"{""clf__C"": 0.1}",3.837006599999768
57,quantum/HS-overlap-SVM,quantum,14,0.5555555555555556,0.5,"{""clf__C"": 0.1}",3.837006599999768
57,quantum/Fidelity-SVM,quantum,0,0.4444444444444444,0.4,"{""clf__C"": 0.1}",5.303437399999893
57,quantum/Fidelity-SVM,quantum,1,0.5555555555555556,0.85,"{""clf__C"": 0.1}",5.303437399999893
57,quantum/Fidelity-SVM,quantum,2,0.5555555555555556,0.44999999999999996,"{""clf__C"": 0.1}",5.303437399999893
57,quantum/Fidelity-SVM,quantum,3,0.3333333333333333,0.3,"{""clf__C"": 10.0}",5.303437399999893
57,quantum/Fidelity-SVM,quantum,4,0.5555555555555556,0.45000000000000007,"{""clf__C"": 0.1}",5.303437399999893
57,quantum/Fidelity-SVM,quantum,5,0.4444444444444444,0.7500000000000001,"{""clf__C"": 0.1}",5.303437399999893
57,quantum/Fidelity-SVM,quantum,6,0.5555555555555556,0.6,"{""clf__C"": 0.1}",5.303437399999893
57,quantum/Fidelity-SVM,quantum,7,0.5555555555555556,0.55,"{""clf__C"": 0.1}",5.303437399999893
57,quantum/Fidelity-SVM,quantum,8,0.5555555555555556,0.5,"{""clf__C"": 0.1}",5.303437399999893
57,quantum/Fidelity-SVM,quantum,9,0.5555555555555556,0.39999999999999997,"{""clf__C"": 0.1}",5.303437399999893
57,quantum/Fidelity-SVM,quantum,10,0.4444444444444444,0.5499999999999999,"{""clf__C"": 0.1}",5.303437399999893
57,quantum/Fidelity-SVM,quantum,11,0.5555555555555556,0.5,"{""clf__C"": 0.1}",5.303437399999893
57,quantum/Fidelity-SVM,quantum,12,0.5555555555555556,0.2,"{""clf__C"": 0.1}",5.303437399999893
57,quantum/Fidelity-SVM,quantum,13,0.5555555555555556,0.8,"{""clf__C"": 0.1}",5.303437399999893
57,quantum/Fidelity-SVM,quantum,14,0.5555555555555556,0.3,"{""clf__C"": 0.1}",5.303437399999893
57,quantum/HS-RBF-SVM,quantum,0,0.5555555555555556,0.6500000000000001,"{""clf__C"": 1.0, ""clf__gamma_mult"": 4.0}",10.603426699999545
57,quantum/HS-RBF-SVM,quantum,1,0.5555555555555556,0.65,"{""clf__C"": 10.0, ""clf__gamma_mult"": 1.0}",10.603426699999545
57,quantum/HS-RBF-SVM,quantum,2,0.4444444444444444,0.6,"{""clf__C"": 1.0, ""clf__gamma_mult"": 4.0}",10.603426699999545
57,quantum/HS-RBF-SVM,quantum,3,0.4444444444444444,0.5,"{""clf__C"": 10.0, ""clf__gamma_mult"": 0.25}",10.603426699999545
57,quantum/HS-RBF-SVM,quantum,4,0.6666666666666666,0.6,"{""clf__C"": 1.0, ""clf__gamma_mult"": 4.0}",10.603426699999545
57,quantum/HS-RBF-SVM,quantum,5,0.7777777777777778,0.9,"{""clf__C"": 10.0, ""clf__gamma_mult"": 1.0}",10.603426699999545
57,quantum/HS-RBF-SVM,quantum,6,0.8888888888888888,0.9500000000000001,"{""clf__C"": 1.0, ""clf__gamma_mult"": 4.0}",10.603426699999545
57,quantum/HS-RBF-SVM,quantum,7,0.5555555555555556,0.4,"{""clf__C"": 1.0, ""clf__gamma_mult"": 1.0}",10.603426699999545
57,quantum/HS-RBF-SVM,quantum,8,0.4444444444444444,0.55,"{""clf__C"": 1.0, ""clf__gamma_mult"": 4.0}",10.603426699999545
57,quantum/HS-RBF-SVM,quantum,9,0.3333333333333333,0.5,"{""clf__C"": 1.0, ""clf__gamma_mult"": 4.0}",10.603426699999545
57,quantum/HS-RBF-SVM,quantum,10,0.7777777777777778,0.95,"{""clf__C"": 10.0, ""clf__gamma_mult"": 1.0}",10.603426699999545
57,quantum/HS-RBF-SVM,quantum,11,0.4444444444444444,0.7,"{""clf__C"": 10.0, ""clf__gamma_mult"": 1.0}",10.603426699999545
57,quantum/HS-RBF-SVM,quantum,12,0.4444444444444444,0.09999999999999998,"{""clf__C"": 1.0, ""clf__gamma_mult"": 1.0}",10.603426699999545
57,quantum/HS-RBF-SVM,quantum,13,0.8888888888888888,0.9,"{""clf__C"": 10.0, ""clf__gamma_mult"": 1.0}",10.603426699999545
57,quantum/HS-RBF-SVM,quantum,14,0.6666666666666666,0.5499999999999999,"{""clf__C"": 1.0, ""clf__gamma_mult"": 1.0}",10.603426699999545
57,quantum/Bures-RBF-SVM,quantum,0,0.4444444444444444,0.6,"{""clf__C"": 10.0, ""clf__gamma_mult"": 4.0}",13.987472900000284
57,quantum/Bures-RBF-SVM,quantum,1,0.6666666666666666,0.75,"{""clf__C"": 10.0, ""clf__gamma_mult"": 1.0}",13.987472900000284
57,quantum/Bures-RBF-SVM,quantum,2,0.4444444444444444,0.45,"{""clf__C"": 1.0, ""clf__gamma_mult"": 4.0}",13.987472900000284
57,quantum/Bures-RBF-SVM,quantum,3,0.4444444444444444,0.35,"{""clf__C"": 10.0, ""clf__gamma_mult"": 0.25}",13.987472900000284
57,quantum/Bures-RBF-SVM,quantum,4,0.4444444444444444,0.45,"{""clf__C"": 1.0, ""clf__gamma_mult"": 1.0}",13.987472900000284
57,quantum/Bures-RBF-SVM,quantum,5,0.7777777777777778,0.9,"{""clf__C"": 10.0, ""clf__gamma_mult"": 4.0}",13.987472900000284
57,quantum/Bures-RBF-SVM,quantum,6,0.6666666666666666,0.8,"{""clf__C"": 10.0, ""clf__gamma_mult"": 1.0}",13.987472900000284
57,quantum/Bures-RBF-SVM,quantum,7,0.5555555555555556,0.65,"{""clf__C"": 10.0, ""clf__gamma_mult"": 1.0}",13.987472900000284
57,quantum/Bures-RBF-SVM,quantum,8,0.3333333333333333,0.35,"{""clf__C"": 1.0, ""clf__gamma_mult"": 1.0}",13.987472900000284
57,quantum/Bures-RBF-SVM,quantum,9,0.4444444444444444,0.25,"{""clf__C"": 1.0, ""clf__gamma_mult"": 4.0}",13.987472900000284
57,quantum/Bures-RBF-SVM,quantum,10,0.7777777777777778,0.9,"{""clf__C"": 10.0, ""clf__gamma_mult"": 1.0}",13.987472900000284
57,quantum/Bures-RBF-SVM,quantum,11,0.5555555555555556,0.65,"{""clf__C"": 10.0, ""clf__gamma_mult"": 4.0}",13.987472900000284
57,quantum/Bures-RBF-SVM,quantum,12,0.2222222222222222,0.2,"{""clf__C"": 10.0, ""clf__gamma_mult"": 1.0}",13.987472900000284
57,quantum/Bures-RBF-SVM,quantum,13,0.8888888888888888,0.85,"{""clf__C"": 1.0, ""clf__gamma_mult"": 4.0}",13.987472900000284
57,quantum/Bures-RBF-SVM,quantum,14,0.5555555555555556,0.45,"{""clf__C"": 1.0, ""clf__gamma_mult"": 1.0}",13.987472900000284
57,quantum/QRE-RBF-SVM,quantum,0,0.4444444444444444,0.55,"{""clf__C"": 10.0, ""clf__gamma_mult"": 4.0}",12.385865700000068
57,quantum/QRE-RBF-SVM,quantum,1,0.7777777777777778,0.85,"{""clf__C"": 10.0, ""clf__gamma_mult"": 4.0}",12.385865700000068
57,quantum/QRE-RBF-SVM,quantum,2,0.4444444444444444,0.55,"{""clf__C"": 1.0, ""clf__gamma_mult"": 4.0}",12.385865700000068
57,quantum/QRE-RBF-SVM,quantum,3,0.4444444444444444,0.39999999999999997,"{""clf__C"": 10.0, ""clf__gamma_mult"": 0.25}",12.385865700000068
57,quantum/QRE-RBF-SVM,quantum,4,0.6666666666666666,0.39999999999999997,"{""clf__C"": 1.0, ""clf__gamma_mult"": 1.0}",12.385865700000068
57,quantum/QRE-RBF-SVM,quantum,5,0.7777777777777778,0.8500000000000001,"{""clf__C"": 10.0, ""clf__gamma_mult"": 4.0}",12.385865700000068
57,quantum/QRE-RBF-SVM,quantum,6,0.6666666666666666,0.75,"{""clf__C"": 10.0, ""clf__gamma_mult"": 1.0}",12.385865700000068
57,quantum/QRE-RBF-SVM,quantum,7,0.5555555555555556,0.65,"{""clf__C"": 10.0, ""clf__gamma_mult"": 1.0}",12.385865700000068
57,quantum/QRE-RBF-SVM,quantum,8,0.2222222222222222,0.35,"{""clf__C"": 1.0, ""clf__gamma_mult"": 1.0}",12.385865700000068
57,quantum/QRE-RBF-SVM,quantum,9,0.4444444444444444,0.3,"{""clf__C"": 1.0, ""clf__gamma_mult"": 4.0}",12.385865700000068
57,quantum/QRE-RBF-SVM,quantum,10,0.7777777777777778,0.9,"{""clf__C"": 10.0, ""clf__gamma_mult"": 1.0}",12.385865700000068
57,quantum/QRE-RBF-SVM,quantum,11,0.5555555555555556,0.65,"{""clf__C"": 10.0, ""clf__gamma_mult"": 4.0}",12.385865700000068
57,quantum/QRE-RBF-SVM,quantum,12,0.3333333333333333,0.2,"{""clf__C"": 10.0, ""clf__gamma_mult"": 1.0}",12.385865700000068
57,quantum/QRE-RBF-SVM,quantum,13,0.8888888888888888,0.9500000000000001,"{""clf__C"": 10.0, ""clf__gamma_mult"": 1.0}",12.385865700000068
57,quantum/QRE-RBF-SVM,quantum,14,0.5555555555555556,0.45,"{""clf__C"": 1.0, ""clf__gamma_mult"": 1.0}",12.385865700000068
57,quantum/HS-overlap-ref-SVM,quantum,0,0.4444444444444444,0.2,"{""clf__C"": 0.1}",4.863503999999921
57,quantum/HS-overlap-ref-SVM,quantum,1,0.5555555555555556,0.55,"{""clf__C"": 0.1}",4.863503999999921
57,quantum/HS-overlap-ref-SVM,quantum,2,0.5555555555555556,0.4,"{""clf__C"": 0.1}",4.863503999999921
57,quantum/HS-overlap-ref-SVM,quantum,3,0.2222222222222222,0.15,"{""clf__C"": 10.0}",4.863503999999921
57,quantum/HS-overlap-ref-SVM,quantum,4,0.5555555555555556,0.39999999999999997,"{""clf__C"": 0.1}",4.863503999999921
57,quantum/HS-overlap-ref-SVM,quantum,5,0.4444444444444444,0.7,"{""clf__C"": 0.1}",4.863503999999921
57,quantum/HS-overlap-ref-SVM,quantum,6,0.5555555555555556,0.39999999999999997,"{""clf__C"": 0.1}",4.863503999999921
57,quantum/HS-overlap-ref-SVM,quantum,7,0.5555555555555556,0.55,"{""clf__C"": 0.1}",4.863503999999921
57,quantum/HS-overlap-ref-SVM,quantum,8,0.2222222222222222,0.1,"{""clf__C"": 10.0}",4.863503999999921
57,quantum/HS-overlap-ref-SVM,quantum,9,0.4444444444444444,0.35,"{""clf__C"": 10.0}",4.863503999999921
57,quantum/HS-overlap-ref-SVM,quantum,10,0.4444444444444444,0.45,"{""clf__C"": 0.1}",4.863503999999921
57,quantum/HS-overlap-ref-SVM,quantum,11,0.2222222222222222,0.1,"{""clf__C"": 10.0}",4.863503999999921
57,quantum/HS-overlap-ref-SVM,quantum,12,0.5555555555555556,0.29999999999999993,"{""clf__C"": 0.1}",4.863503999999921
57,quantum/HS-overlap-ref-SVM,quantum,13,0.5555555555555556,0.9500000000000001,"{""clf__C"": 0.1}",4.863503999999921
57,quantum/HS-overlap-ref-SVM,quantum,14,0.5555555555555556,0.19999999999999998,"{""clf__C"": 0.1}",4.863503999999921
57,quantum/Fidelity-ref-SVM,quantum,0,0.4444444444444444,0.25,"{""clf__C"": 0.1}",6.341780799999469
57,quantum/Fidelity-ref-SVM,quantum,1,0.5555555555555556,0.55,"{""clf__C"": 0.1}",6.341780799999469
57,quantum/Fidelity-ref-SVM,quantum,2,0.5555555555555556,0.35,"{""clf__C"": 0.1}",6.341780799999469
57,quantum/Fidelity-ref-SVM,quantum,3,0.2222222222222222,0.15,"{""clf__C"": 10.0}",6.341780799999469
57,quantum/Fidelity-ref-SVM,quantum,4,0.5555555555555556,0.39999999999999997,"{""clf__C"": 0.1}",6.341780799999469
57,quantum/Fidelity-ref-SVM,quantum,5,0.4444444444444444,0.7,"{""clf__C"": 0.1}",6.341780799999469
57,quantum/Fidelity-ref-SVM,quantum,6,0.5555555555555556,0.39999999999999997,"{""clf__C"": 0.1}",6.341780799999469
57,quantum/Fidelity-ref-SVM,quantum,7,0.5555555555555556,0.5,"{""clf__C"": 0.1}",6.341780799999469
57,quantum/Fidelity-ref-SVM,quantum,8,0.3333333333333333,0.1,"{""clf__C"": 10.0}",6.341780799999469
57,quantum/Fidelity-ref-SVM,quantum,9,0.5555555555555556,0.44999999999999996,"{""clf__C"": 10.0}",6.341780799999469
57,quantum/Fidelity-ref-SVM,quantum,10,0.4444444444444444,0.45,"{""clf__C"": 0.1}",6.341780799999469
57,quantum/Fidelity-ref-SVM,quantum,11,0.3333333333333333,0.2,"{""clf__C"": 10.0}",6.341780799999469
57,quantum/Fidelity-ref-SVM,quantum,12,0.4444444444444444,0.45,"{""clf__C"": 10.0}",6.341780799999469
57,quantum/Fidelity-ref-SVM,quantum,13,0.5555555555555556,0.85,"{""clf__C"": 0.1}",6.341780799999469
57,quantum/Fidelity-ref-SVM,quantum,14,0.4444444444444444,0.09999999999999998,"{""clf__C"": 10.0}",6.341780799999469
57,quantum/HS-RBF-ref-SVM,quantum,0,0.3333333333333333,0.25,"{""clf__C"": 1.0, ""clf__gamma_mult"": 4.0}",13.245303499999864
57,quantum/HS-RBF-ref-SVM,quantum,1,0.5555555555555556,0.55,"{""clf__C"": 0.1, ""clf__gamma_mult"": 0.25}",13.245303499999864
57,quantum/HS-RBF-ref-SVM,quantum,2,0.4444444444444444,0.35,"{""clf__C"": 1.0, ""clf__gamma_mult"": 4.0}",13.245303499999864
57,quantum/HS-RBF-ref-SVM,quantum,3,0.2222222222222222,0.2,"{""clf__C"": 1.0, ""clf__gamma_mult"": 1.0}",13.245303499999864
57,quantum/HS-RBF-ref-SVM,quantum,4,0.5555555555555556,0.39999999999999997,"{""clf__C"": 1.0, ""clf__gamma_mult"": 4.0}",13.245303499999864
57,quantum/HS-RBF-ref-SVM,quantum,5,0.4444444444444444,0.7,"{""clf__C"": 0.1, ""clf__gamma_mult"": 0.25}",13.245303499999864
57,quantum/HS-RBF-ref-SVM,quantum,6,0.5555555555555556,0.4,"{""clf__C"": 0.1, ""clf__gamma_mult"": 0.25}",13.245303499999864
57,quantum/HS-RBF-ref-SVM,quantum,7,0.5555555555555556,0.55,"{""clf__C"": 0.1, ""clf__gamma_mult"": 0.25}",13.245303499999864
57,quantum/HS-RBF-ref-SVM,quantum,8,0.2222222222222222,0.15,"{""clf__C"": 10.0, ""clf__gamma_mult"": 0.25}",13.245303499999864
57,quantum/HS-RBF-ref-SVM,quantum,9,0.3333333333333333,0.35,"{""clf__C"": 10.0, ""clf__gamma_mult"": 1.0}",13.245303499999864
57,quantum/HS-RBF-ref-SVM,quantum,10,0.4444444444444444,0.45,"{""clf__C"": 0.1, ""clf__gamma_mult"": 0.25}",13.245303499999864
57,quantum/HS-RBF-ref-SVM,quantum,11,0.2222222222222222,0.1,"{""clf__C"": 10.0, ""clf__gamma_mult"": 1.0}",13.245303499999864
57,quantum/HS-RBF-ref-SVM,quantum,12,0.5555555555555556,0.19999999999999996,"{""clf__C"": 1.0, ""clf__gamma_mult"": 4.0}",13.245303499999864
57,quantum/HS-RBF-ref-SVM,quantum,13,0.5555555555555556,0.85,"{""clf__C"": 0.1, ""clf__gamma_mult"": 0.25}",13.245303499999864
57,quantum/HS-RBF-ref-SVM,quantum,14,0.4444444444444444,0.2,"{""clf__C"": 1.0, ""clf__gamma_mult"": 4.0}",13.245303499999864
57,quantum/Bures-RBF-ref-SVM,quantum,0,0.2222222222222222,0.1,"{""clf__C"": 10.0, ""clf__gamma_mult"": 0.25}",17.011332999999468
57,quantum/Bures-RBF-ref-SVM,quantum,1,0.5555555555555556,0.55,"{""clf__C"": 0.1, ""clf__gamma_mult"": 0.25}",17.011332999999468
57,quantum/Bures-RBF-ref-SVM,quantum,2,0.4444444444444444,0.35,"{""clf__C"": 1.0, ""clf__gamma_mult"": 4.0}",17.011332999999468
57,quantum/Bures-RBF-ref-SVM,quantum,3,0.3333333333333333,0.19999999999999998,"{""clf__C"": 10.0, ""clf__gamma_mult"": 0.25}",17.011332999999468
57,quantum/Bures-RBF-ref-SVM,quantum,4,0.5555555555555556,0.39999999999999997,"{""clf__C"": 10.0, ""clf__gamma_mult"": 4.0}",17.011332999999468
57,quantum/Bures-RBF-ref-SVM,quantum,5,0.4444444444444444,0.65,"{""clf__C"": 0.1, ""clf__gamma_mult"": 0.25}",17.011332999999468
57,quantum/Bures-RBF-ref-SVM,quantum,6,0.5555555555555556,0.44999999999999996,"{""clf__C"": 0.1, ""clf__gamma_mult"": 0.25}",17.011332999999468
57,quantum/Bures-RBF-ref-SVM,quantum,7,0.5555555555555556,0.55,"{""clf__C"": 0.1, ""clf__gamma_mult"": 0.25}",17.011332999999468
57,quantum/Bures-RBF-ref-SVM,quantum,8,0.2222222222222222,0.1,"{""clf__C"": 10.0, ""clf__gamma_mult"": 0.25}",17.011332999999468
57,quantum/Bures-RBF-ref-SVM,quantum,9,0.4444444444444444,0.19999999999999998,"{""clf__C"": 1.0, ""clf__gamma_mult"": 4.0}",17.011332999999468
57,quantum/Bures-RBF-ref-SVM,quantum,10,0.4444444444444444,0.45,"{""clf__C"": 0.1, ""clf__gamma_mult"": 0.25}",17.011332999999468
57,quantum/Bures-RBF-ref-SVM,quantum,11,0.3333333333333333,0.2,"{""clf__C"": 10.0, ""clf__gamma_mult"": 0.25}",17.011332999999468
57,quantum/Bures-RBF-ref-SVM,quantum,12,0.5555555555555556,0.19999999999999996,"{""clf__C"": 1.0, ""clf__gamma_mult"": 4.0}",17.011332999999468
57,quantum/Bures-RBF-ref-SVM,quantum,13,0.5555555555555556,0.8,"{""clf__C"": 10.0, ""clf__gamma_mult"": 1.0}",17.011332999999468
57,quantum/Bures-RBF-ref-SVM,quantum,14,0.3333333333333333,0.19999999999999998,"{""clf__C"": 1.0, ""clf__gamma_mult"": 1.0}",17.011332999999468
57,quantum/QRE-RBF-ref-SVM,quantum,0,0.2222222222222222,0.1,"{""clf__C"": 10.0, ""clf__gamma_mult"": 0.25}",14.640727100000731
57,quantum/QRE-RBF-ref-SVM,quantum,1,0.5555555555555556,0.55,"{""clf__C"": 0.1, ""clf__gamma_mult"": 0.25}",14.640727100000731
57,quantum/QRE-RBF-ref-SVM,quantum,2,0.4444444444444444,0.35,"{""clf__C"": 1.0, ""clf__gamma_mult"": 4.0}",14.640727100000731
57,quantum/QRE-RBF-ref-SVM,quantum,3,0.3333333333333333,0.19999999999999998,"{""clf__C"": 10.0, ""clf__gamma_mult"": 0.25}",14.640727100000731
57,quantum/QRE-RBF-ref-SVM,quantum,4,0.5555555555555556,0.39999999999999997,"{""clf__C"": 10.0, ""clf__gamma_mult"": 4.0}",14.640727100000731
57,quantum/QRE-RBF-ref-SVM,quantum,5,0.4444444444444444,0.65,"{""clf__C"": 0.1, ""clf__gamma_mult"": 0.25}",14.640727100000731
57,quantum/QRE-RBF-ref-SVM,quantum,6,0.5555555555555556,0.39999999999999997,"{""clf__C"": 0.1, ""clf__gamma_mult"": 0.25}",14.640727100000731
57,quantum/QRE-RBF-ref-SVM,quantum,7,0.5555555555555556,0.5,"{""clf__C"": 0.1, ""clf__gamma_mult"": 0.25}",14.640727100000731
57,quantum/QRE-RBF-ref-SVM,quantum,8,0.2222222222222222,0.1,"{""clf__C"": 10.0, ""clf__gamma_mult"": 0.25}",14.640727100000731
57,quantum/QRE-RBF-ref-SVM,quantum,9,0.4444444444444444,0.19999999999999998,"{""clf__C"": 1.0, ""clf__gamma_mult"": 4.0}",14.640727100000731
57,quantum/QRE-RBF-ref-SVM,quantum,10,0.4444444444444444,0.45,"{""clf__C"": 0.1, ""clf__gamma_mult"": 0.25}",14.640727100000731
57,quantum/QRE-RBF-ref-SVM,quantum,11,0.2222222222222222,0.15,"{""clf__C"": 10.0, ""clf__gamma_mult"": 4.0}",14.640727100000731
57,quantum/QRE-RBF-ref-SVM,quantum,12,0.5555555555555556,0.19999999999999996,"{""clf__C"": 1.0, ""clf__gamma_mult"": 4.0}",14.640727100000731
57,quantum/QRE-RBF-ref-SVM,quantum,13,0.6666666666666666,0.8,"{""clf__C"": 10.0, ""clf__gamma_mult"": 1.0}",14.640727100000731
57,quantum/QRE-RBF-ref-SVM,quantum,14,0.3333333333333333,0.19999999999999998,"{""clf__C"": 1.0, ""clf__gamma_mult"": 1.0}",14.640727100000731
57,quantum/IQP-kernel-SVM,quantum,0,0.3333333333333333,0.2,"{""clf__C"": 1.0, ""clf__scale"": 0.5}",20.77827739999975
57,quantum/IQP-kernel-SVM,quantum,1,0.3333333333333333,0.29999999999999993,"{""clf__C"": 10.0, ""clf__scale"": 2.0}",20.77827739999975
57,quantum/IQP-kernel-SVM,quantum,2,0.5555555555555556,0.6000000000000001,"{""clf__C"": 0.1, ""clf__scale"": 0.5}",20.77827739999975
57,quantum/IQP-kernel-SVM,quantum,3,0.4444444444444444,0.39999999999999997,"{""clf__C"": 1.0, ""clf__scale"": 2.0}",20.77827739999975
57,quantum/IQP-kernel-SVM,quantum,4,0.3333333333333333,0.35,"{""clf__C"": 10.0, ""clf__scale"": 0.5}",20.77827739999975
57,quantum/IQP-kernel-SVM,quantum,5,0.5555555555555556,0.7,"{""clf__C"": 10.0, ""clf__scale"": 2.0}",20.77827739999975
57,quantum/IQP-kernel-SVM,quantum,6,0.5555555555555556,0.45,"{""clf__C"": 0.1, ""clf__scale"": 0.5}",20.77827739999975
57,quantum/IQP-kernel-SVM,quantum,7,0.6666666666666666,0.7,"{""clf__C"": 1.0, ""clf__scale"": 0.5}",20.77827739999975
57,quantum/IQP-kernel-SVM,quantum,8,0.4444444444444444,0.45000000000000007,"{""clf__C"": 10.0, ""clf__scale"": 2.0}",20.77827739999975
57,quantum/IQP-kernel-SVM,quantum,9,0.4444444444444444,0.19999999999999996,"{""clf__C"": 1.0, ""clf__scale"": 0.5}",20.77827739999975
57,quantum/IQP-kernel-SVM,quantum,10,0.6666666666666666,0.8,"{""clf__C"": 1.0, ""clf__scale"": 2.0}",20.77827739999975
57,quantum/IQP-kernel-SVM,quantum,11,0.5555555555555556,0.7,"{""clf__C"": 1.0, ""clf__scale"": 0.5}",20.77827739999975
57,quantum/IQP-kernel-SVM,quantum,12,0.5555555555555556,0.35,"{""clf__C"": 1.0, ""clf__scale"": 2.0}",20.77827739999975
57,quantum/IQP-kernel-SVM,quantum,13,0.7777777777777778,0.8,"{""clf__C"": 10.0, ""clf__scale"": 2.0}",20.77827739999975
57,quantum/IQP-kernel-SVM,quantum,14,0.3333333333333333,0.39999999999999997,"{""clf__C"": 10.0, ""clf__scale"": 2.0}",20.77827739999975
57,quantum/CNOT-kernel-SVM,quantum,0,0.1111111111111111,0.15,"{""clf__C"": 1.0, ""clf__scale"": 0.5}",18.495199599999978
57,quantum/CNOT-kernel-SVM,quantum,1,0.4444444444444444,0.6,"{""clf__C"": 1.0, ""clf__scale"": 0.5}",18.495199599999978
57,quantum/CNOT-kernel-SVM,quantum,2,0.5555555555555556,0.5,"{""clf__C"": 0.1, ""clf__scale"": 0.5}",18.495199599999978
57,quantum/CNOT-kernel-SVM,quantum,3,0.4444444444444444,0.7,"{""clf__C"": 10.0, ""clf__scale"": 1.0}",18.495199599999978
57,quantum/CNOT-kernel-SVM,quantum,4,0.3333333333333333,0.3,"{""clf__C"": 1.0, ""clf__scale"": 1.0}",18.495199599999978
57,quantum/CNOT-kernel-SVM,quantum,5,0.5555555555555556,0.6,"{""clf__C"": 10.0, ""clf__scale"": 0.5}",18.495199599999978
57,quantum/CNOT-kernel-SVM,quantum,6,0.5555555555555556,0.65,"{""clf__C"": 0.1, ""clf__scale"": 0.5}",18.495199599999978
57,quantum/CNOT-kernel-SVM,quantum,7,0.5555555555555556,0.5,"{""clf__C"": 0.1, ""clf__scale"": 0.5}",18.495199599999978
57,quantum/CNOT-kernel-SVM,quantum,8,0.5555555555555556,0.4,"{""clf__C"": 1.0, ""clf__scale"": 2.0}",18.495199599999978
57,quantum/CNOT-kernel-SVM,quantum,9,0.4444444444444444,0.44999999999999996,"{""clf__C"": 1.0, ""clf__scale"": 2.0}",18.495199599999978
57,quantum/CNOT-kernel-SVM,quantum,10,0.4444444444444444,0.5,"{""clf__C"": 0.1, ""clf__scale"": 0.5}",18.495199599999978
57,quantum/CNOT-kernel-SVM,quantum,11,0.5555555555555556,0.39999999999999997,"{""clf__C"": 1.0, ""clf__scale"": 2.0}",18.495199599999978
57,quantum/CNOT-kernel-SVM,quantum,12,0.5555555555555556,0.39999999999999997,"{""clf__C"": 1.0, ""clf__scale"": 1.0}",18.495199599999978
57,quantum/CNOT-kernel-SVM,quantum,13,0.5555555555555556,0.5499999999999999,"{""clf__C"": 10.0, ""clf__scale"": 0.5}",18.495199599999978
57,quantum/CNOT-kernel-SVM,quantum,14,0.4444444444444444,0.45,"{""clf__C"": 10.0, ""clf__scale"": 1.0}",18.495199599999978
57,control/IQP-no-entangle,control,0,0.1111111111111111,0.15,"{""clf__C"": 1.0, ""clf__scale"": 0.5}",17.201097899999695
57,control/IQP-no-entangle,control,1,0.5555555555555556,0.25,"{""clf__C"": 10.0, ""clf__scale"": 2.0}",17.201097899999695
57,control/IQP-no-entangle,control,2,0.4444444444444444,0.3,"{""clf__C"": 1.0, ""clf__scale"": 2.0}",17.201097899999695
57,control/IQP-no-entangle,control,3,0.5555555555555556,0.3,"{""clf__C"": 10.0, ""clf__scale"": 0.5}",17.201097899999695
57,control/IQP-no-entangle,control,4,0.4444444444444444,0.3,"{""clf__C"": 1.0, ""clf__scale"": 1.0}",17.201097899999695
57,control/IQP-no-entangle,control,5,0.4444444444444444,0.6000000000000001,"{""clf__C"": 1.0, ""clf__scale"": 2.0}",17.201097899999695
57,control/IQP-no-entangle,control,6,0.5555555555555556,0.49999999999999994,"{""clf__C"": 0.1, ""clf__scale"": 0.5}",17.201097899999695
57,control/IQP-no-entangle,control,7,0.5555555555555556,0.55,"{""clf__C"": 0.1, ""clf__scale"": 0.5}",17.201097899999695
57,control/IQP-no-entangle,control,8,0.1111111111111111,0.0,"{""clf__C"": 10.0, ""clf__scale"": 0.5}",17.201097899999695
57,control/IQP-no-entangle,control,9,0.4444444444444444,0.3,"{""clf__C"": 10.0, ""clf__scale"": 1.0}",17.201097899999695
57,control/IQP-no-entangle,control,10,0.5555555555555556,0.45,"{""clf__C"": 1.0, ""clf__scale"": 1.0}",17.201097899999695
57,control/IQP-no-entangle,control,11,0.5555555555555556,0.5,"{""clf__C"": 10.0, ""clf__scale"": 2.0}",17.201097899999695
57,control/IQP-no-entangle,control,12,0.4444444444444444,0.49999999999999994,"{""clf__C"": 10.0, ""clf__scale"": 1.0}",17.201097899999695
57,control/IQP-no-entangle,control,13,0.7777777777777778,0.5,"{""clf__C"": 10.0, ""clf__scale"": 2.0}",17.201097899999695
57,control/IQP-no-entangle,control,14,0.5555555555555556,0.5,"{""clf__C"": 10.0, ""clf__scale"": 2.0}",17.201097899999695
57,control/PCA-matched-RBF,control,0,0.2222222222222222,0.15,"{""clf__C"": 1.0, ""clf__gamma"": 0.1}",13.558071899999959
57,control/PCA-matched-RBF,control,1,0.5555555555555556,0.4,"{""clf__C"": 0.1, ""clf__gamma"": ""scale""}",13.558071899999959
57,control/PCA-matched-RBF,control,2,0.5555555555555556,0.55,"{""clf__C"": 0.1, ""clf__gamma"": ""scale""}",13.558071899999959
57,control/PCA-matched-RBF,control,3,0.5555555555555556,0.35,"{""clf__C"": 1.0, ""clf__gamma"": 0.1}",13.558071899999959
57,control/PCA-matched-RBF,control,4,0.5555555555555556,0.25,"{""clf__C"": 1.0, ""clf__gamma"": ""scale""}",13.558071899999959
57,control/PCA-matched-RBF,control,5,0.4444444444444444,0.55,"{""clf__C"": 0.1, ""clf__gamma"": ""scale""}",13.558071899999959
57,control/PCA-matched-RBF,control,6,0.5555555555555556,0.65,"{""clf__C"": 0.1, ""clf__gamma"": ""scale""}",13.558071899999959
57,control/PCA-matched-RBF,control,7,0.5555555555555556,0.7,"{""clf__C"": 0.1, ""clf__gamma"": ""scale""}",13.558071899999959
57,control/PCA-matched-RBF,control,8,0.1111111111111111,0.04999999999999999,"{""clf__C"": 1.0, ""clf__gamma"": ""scale""}",13.558071899999959
57,control/PCA-matched-RBF,control,9,0.4444444444444444,0.1,"{""clf__C"": 1.0, ""clf__gamma"": ""scale""}",13.558071899999959
57,control/PCA-matched-RBF,control,10,0.4444444444444444,0.45000000000000007,"{""clf__C"": 0.1, ""clf__gamma"": ""scale""}",13.558071899999959
57,control/PCA-matched-RBF,control,11,0.6666666666666666,0.5499999999999999,"{""clf__C"": 1.0, ""clf__gamma"": ""scale""}",13.558071899999959
57,control/PCA-matched-RBF,control,12,0.5555555555555556,0.3,"{""clf__C"": 10.0, ""clf__gamma"": ""scale""}",13.558071899999959
57,control/PCA-matched-RBF,control,13,0.5555555555555556,0.5,"{""clf__C"": 10.0, ""clf__gamma"": 0.1}",13.558071899999959
57,control/PCA-matched-RBF,control,14,0.5555555555555556,0.5499999999999999,"{""clf__C"": 0.1, ""clf__gamma"": ""scale""}",13.558071899999959
57,control/PCA-matched-linear,control,0,0.3333333333333333,0.15,"{""clf__C"": 0.1}",4.908344299999953
57,control/PCA-matched-linear,control,1,0.5555555555555556,0.6,"{""clf__C"": 0.1}",4.908344299999953
57,control/PCA-matched-linear,control,2,0.5555555555555556,0.55,"{""clf__C"": 0.1}",4.908344299999953
57,control/PCA-matched-linear,control,3,0.5555555555555556,0.15,"{""clf__C"": 0.1}",4.908344299999953
57,control/PCA-matched-linear,control,4,0.4444444444444444,0.45,"{""clf__C"": 10.0}",4.908344299999953
57,control/PCA-matched-linear,control,5,0.5555555555555556,0.55,"{""clf__C"": 10.0}",4.908344299999953
57,control/PCA-matched-linear,control,6,0.5555555555555556,0.44999999999999996,"{""clf__C"": 0.1}",4.908344299999953
57,control/PCA-matched-linear,control,7,0.5555555555555556,0.3,"{""clf__C"": 0.1}",4.908344299999953
57,control/PCA-matched-linear,control,8,0.2222222222222222,0.1,"{""clf__C"": 1.0}",4.908344299999953
57,control/PCA-matched-linear,control,9,0.4444444444444444,0.25,"{""clf__C"": 1.0}",4.908344299999953
57,control/PCA-matched-linear,control,10,0.5555555555555556,0.45000000000000007,"{""clf__C"": 1.0}",4.908344299999953
57,control/PCA-matched-linear,control,11,0.5555555555555556,0.75,"{""clf__C"": 0.1}",4.908344299999953
57,control/PCA-matched-linear,control,12,0.5555555555555556,0.55,"{""clf__C"": 0.1}",4.908344299999953
57,control/PCA-matched-linear,control,13,0.6666666666666666,0.65,"{""clf__C"": 1.0}",4.908344299999953
57,control/PCA-matched-linear,control,14,0.5555555555555556,0.55,"{""clf__C"": 0.1}",4.908344299999953
57,control/logeuclid-TS+LR,control,0,0.6666666666666666,0.4,"{""clf__C"": 0.1}",4.189134499999454
57,control/logeuclid-TS+LR,control,1,0.3333333333333333,0.39999999999999997,"{""clf__C"": 0.1}",4.189134499999454
57,control/logeuclid-TS+LR,control,2,0.5555555555555556,0.65,"{""clf__C"": 10.0}",4.189134499999454
57,control/logeuclid-TS+LR,control,3,0.3333333333333333,0.35,"{""clf__C"": 0.1}",4.189134499999454
57,control/logeuclid-TS+LR,control,4,0.5555555555555556,0.55,"{""clf__C"": 10.0}",4.189134499999454
57,control/logeuclid-TS+LR,control,5,0.4444444444444444,0.5,"{""clf__C"": 0.1}",4.189134499999454
57,control/logeuclid-TS+LR,control,6,0.6666666666666666,0.6000000000000001,"{""clf__C"": 0.1}",4.189134499999454
57,control/logeuclid-TS+LR,control,7,0.4444444444444444,0.35,"{""clf__C"": 0.1}",4.189134499999454
57,control/logeuclid-TS+LR,control,8,0.2222222222222222,0.2,"{""clf__C"": 10.0}",4.189134499999454
57,control/logeuclid-TS+LR,control,9,0.3333333333333333,0.24999999999999997,"{""clf__C"": 0.1}",4.189134499999454
57,control/logeuclid-TS+LR,control,10,0.4444444444444444,0.4,"{""clf__C"": 10.0}",4.189134499999454
57,control/logeuclid-TS+LR,control,11,0.3333333333333333,0.35,"{""clf__C"": 0.1}",4.189134499999454
57,control/logeuclid-TS+LR,control,12,0.3333333333333333,0.15,"{""clf__C"": 0.1}",4.189134499999454
57,control/logeuclid-TS+LR,control,13,0.6666666666666666,0.65,"{""clf__C"": 1.0}",4.189134499999454
57,control/logeuclid-TS+LR,control,14,0.2222222222222222,0.2,"{""clf__C"": 1.0}",4.189134499999454
57,control/riemann-kernel-SVM,control,0,0.4444444444444444,0.35,"{""clf__C"": 0.1}",4.447797499999979
57,control/riemann-kernel-SVM,control,1,0.5555555555555556,0.55,"{""clf__C"": 0.1}",4.447797499999979
57,control/riemann-kernel-SVM,control,2,0.5555555555555556,0.4,"{""clf__C"": 0.1}",4.447797499999979
57,control/riemann-kernel-SVM,control,3,0.3333333333333333,0.15,"{""clf__C"": 1.0}",4.447797499999979
57,control/riemann-kernel-SVM,control,4,0.4444444444444444,0.5,"{""clf__C"": 10.0}",4.447797499999979
57,control/riemann-kernel-SVM,control,5,0.4444444444444444,0.55,"{""clf__C"": 0.1}",4.447797499999979
57,control/riemann-kernel-SVM,control,6,0.5555555555555556,0.44999999999999996,"{""clf__C"": 0.1}",4.447797499999979
57,control/riemann-kernel-SVM,control,7,0.5555555555555556,0.45000000000000007,"{""clf__C"": 0.1}",4.447797499999979
57,control/riemann-kernel-SVM,control,8,0.3333333333333333,0.1,"{""clf__C"": 10.0}",4.447797499999979
57,control/riemann-kernel-SVM,control,9,0.4444444444444444,0.15,"{""clf__C"": 1.0}",4.447797499999979
57,control/riemann-kernel-SVM,control,10,0.4444444444444444,0.35,"{""clf__C"": 0.1}",4.447797499999979
57,control/riemann-kernel-SVM,control,11,0.3333333333333333,0.2,"{""clf__C"": 1.0}",4.447797499999979
57,control/riemann-kernel-SVM,control,12,0.4444444444444444,0.45,"{""clf__C"": 1.0}",4.447797499999979
57,control/riemann-kernel-SVM,control,13,0.5555555555555556,0.85,"{""clf__C"": 0.1}",4.447797499999979
57,control/riemann-kernel-SVM,control,14,0.5555555555555556,0.25,"{""clf__C"": 0.1}",4.447797499999979
57,control/logeuclid-kernel-SVM,control,0,0.3333333333333333,0.2,"{""clf__C"": 1.0}",4.402688500000295
57,control/logeuclid-kernel-SVM,control,1,0.5555555555555556,0.6,"{""clf__C"": 0.1}",4.402688500000295
57,control/logeuclid-kernel-SVM,control,2,0.5555555555555556,0.4,"{""clf__C"": 0.1}",4.402688500000295
57,control/logeuclid-kernel-SVM,control,3,0.2222222222222222,0.15,"{""clf__C"": 1.0}",4.402688500000295
57,control/logeuclid-kernel-SVM,control,4,0.5555555555555556,0.55,"{""clf__C"": 10.0}",4.402688500000295
57,control/logeuclid-kernel-SVM,control,5,0.4444444444444444,0.65,"{""clf__C"": 0.1}",4.402688500000295
57,control/logeuclid-kernel-SVM,control,6,0.5555555555555556,0.44999999999999996,"{""clf__C"": 0.1}",4.402688500000295
57,control/logeuclid-kernel-SVM,control,7,0.5555555555555556,0.5,"{""clf__C"": 0.1}",4.402688500000295
57,control/logeuclid-kernel-SVM,control,8,0.5555555555555556,0.1,"{""clf__C"": 0.1}",4.402688500000295
57,control/logeuclid-kernel-SVM,control,9,0.4444444444444444,0.15,"{""clf__C"": 1.0}",4.402688500000295
57,control/logeuclid-kernel-SVM,control,10,0.4444444444444444,0.45,"{""clf__C"": 0.1}",4.402688500000295
57,control/logeuclid-kernel-SVM,control,11,0.3333333333333333,0.25,"{""clf__C"": 1.0}",4.402688500000295
57,control/logeuclid-kernel-SVM,control,12,0.4444444444444444,0.45,"{""clf__C"": 1.0}",4.402688500000295
57,control/logeuclid-kernel-SVM,control,13,0.5555555555555556,0.9,"{""clf__C"": 0.1}",4.402688500000295
57,control/logeuclid-kernel-SVM,control,14,0.4444444444444444,0.15,"{""clf__C"": 1.0}",4.402688500000295
58,classical/logvar+LDA,classical,0,0.3333333333333333,0.35,{},0.08604659999946307
58,classical/logvar+LDA,classical,1,0.5555555555555556,0.44999999999999996,{},0.08604659999946307
58,classical/logvar+LDA,classical,2,0.4444444444444444,0.25,{},0.08604659999946307
58,classical/logvar+LDA,classical,3,0.4444444444444444,0.15,{},0.08604659999946307
58,classical/logvar+LDA,classical,4,0.3333333333333333,0.4,{},0.08604659999946307
58,classical/logvar+LDA,classical,5,0.5555555555555556,0.45,{},0.08604659999946307
58,classical/logvar+LDA,classical,6,0.3333333333333333,0.2,{},0.08604659999946307
58,classical/logvar+LDA,classical,7,0.4444444444444444,0.5,{},0.08604659999946307
58,classical/logvar+LDA,classical,8,0.6666666666666666,0.7000000000000001,{},0.08604659999946307
58,classical/logvar+LDA,classical,9,0.3333333333333333,0.25,{},0.08604659999946307
58,classical/logvar+LDA,classical,10,0.6666666666666666,0.8,{},0.08604659999946307
58,classical/logvar+LDA,classical,11,0.2222222222222222,0.3,{},0.08604659999946307
58,classical/logvar+LDA,classical,12,0.6666666666666666,0.8,{},0.08604659999946307
58,classical/logvar+LDA,classical,13,0.3333333333333333,0.04999999999999999,{},0.08604659999946307
58,classical/logvar+LDA,classical,14,0.2222222222222222,0.30000000000000004,{},0.08604659999946307
58,classical/CSP+LDA,classical,0,0.4444444444444444,0.35,"{""csp__nfilter"": 2}",3.8384618000000046
58,classical/CSP+LDA,classical,1,0.5555555555555556,0.5499999999999999,"{""csp__nfilter"": 2}",3.8384618000000046
58,classical/CSP+LDA,classical,2,0.7777777777777778,0.65,"{""csp__nfilter"": 4}",3.8384618000000046
58,classical/CSP+LDA,classical,3,0.5555555555555556,0.55,"{""csp__nfilter"": 6}",3.8384618000000046
58,classical/CSP+LDA,classical,4,0.5555555555555556,0.65,"{""csp__nfilter"": 2}",3.8384618000000046
58,classical/CSP+LDA,classical,5,0.3333333333333333,0.24999999999999997,"{""csp__nfilter"": 2}",3.8384618000000046
58,classical/CSP+LDA,classical,6,0.7777777777777778,0.75,"{""csp__nfilter"": 2}",3.8384618000000046
58,classical/CSP+LDA,classical,7,0.7777777777777778,0.7,"{""csp__nfilter"": 4}",3.8384618000000046
58,classical/CSP+LDA,classical,8,0.7777777777777778,0.9,"{""csp__nfilter"": 2}",3.8384618000000046
58,classical/CSP+LDA,classical,9,0.4444444444444444,0.4,"{""csp__nfilter"": 6}",3.8384618000000046
58,classical/CSP+LDA,classical,10,0.7777777777777778,0.75,"{""csp__nfilter"": 2}",3.8384618000000046
58,classical/CSP+LDA,classical,11,0.4444444444444444,0.5,"{""csp__nfilter"": 2}",3.8384618000000046
58,classical/CSP+LDA,classical,12,0.5555555555555556,0.6,"{""csp__nfilter"": 4}",3.8384618000000046
58,classical/CSP+LDA,classical,13,0.4444444444444444,0.25,"{""csp__nfilter"": 2}",3.8384618000000046
58,classical/CSP+LDA,classical,14,0.6666666666666666,0.8,"{""csp__nfilter"": 2}",3.8384618000000046
58,classical/MDM,classical,0,0.3333333333333333,0.29999999999999993,{},0.4340299000004961
58,classical/MDM,classical,1,0.4444444444444444,0.39999999999999997,{},0.4340299000004961
58,classical/MDM,classical,2,0.6666666666666666,0.65,{},0.4340299000004961
58,classical/MDM,classical,3,0.4444444444444444,0.55,{},0.4340299000004961
58,classical/MDM,classical,4,0.5555555555555556,0.7,{},0.4340299000004961
58,classical/MDM,classical,5,0.2222222222222222,0.24999999999999997,{},0.4340299000004961
58,classical/MDM,classical,6,0.2222222222222222,0.35,{},0.4340299000004961
58,classical/MDM,classical,7,0.5555555555555556,0.75,{},0.4340299000004961
58,classical/MDM,classical,8,0.5555555555555556,0.65,{},0.4340299000004961
58,classical/MDM,classical,9,0.5555555555555556,0.55,{},0.4340299000004961
58,classical/MDM,classical,10,0.6666666666666666,0.6499999999999999,{},0.4340299000004961
58,classical/MDM,classical,11,0.4444444444444444,0.35000000000000003,{},0.4340299000004961
58,classical/MDM,classical,12,0.7777777777777778,0.8,{},0.4340299000004961
58,classical/MDM,classical,13,0.3333333333333333,0.25,{},0.4340299000004961
58,classical/MDM,classical,14,0.6666666666666666,0.7,{},0.4340299000004961
58,classical/TS+LR,classical,0,0.5555555555555556,0.6,"{""clf__C"": 0.1}",4.820695400000659
58,classical/TS+LR,classical,1,0.7777777777777778,0.85,"{""clf__C"": 10.0}",4.820695400000659
58,classical/TS+LR,classical,2,0.6666666666666666,0.9,"{""clf__C"": 10.0}",4.820695400000659
58,classical/TS+LR,classical,3,0.5555555555555556,0.65,"{""clf__C"": 10.0}",4.820695400000659
58,classical/TS+LR,classical,4,0.5555555555555556,0.65,"{""clf__C"": 10.0}",4.820695400000659
58,classical/TS+LR,classical,5,0.5555555555555556,0.3,"{""clf__C"": 10.0}",4.820695400000659
58,classical/TS+LR,classical,6,0.5555555555555556,0.6,"{""clf__C"": 0.1}",4.820695400000659
58,classical/TS+LR,classical,7,1.0,1.0,"{""clf__C"": 1.0}",4.820695400000659
58,classical/TS+LR,classical,8,0.6666666666666666,0.8,"{""clf__C"": 10.0}",4.820695400000659
58,classical/TS+LR,classical,9,0.5555555555555556,0.7,"{""clf__C"": 0.1}",4.820695400000659
58,classical/TS+LR,classical,10,0.6666666666666666,0.9,"{""clf__C"": 10.0}",4.820695400000659
58,classical/TS+LR,classical,11,0.6666666666666666,0.7,"{""clf__C"": 0.1}",4.820695400000659
58,classical/TS+LR,classical,12,0.6666666666666666,0.7000000000000001,"{""clf__C"": 0.1}",4.820695400000659
58,classical/TS+LR,classical,13,0.5555555555555556,0.4,"{""clf__C"": 0.1}",4.820695400000659
58,classical/TS+LR,classical,14,0.7777777777777778,0.85,"{""clf__C"": 0.1}",4.820695400000659
58,classical/TS+RBF-SVM,classical,0,0.5555555555555556,0.35,"{""clf__C"": 1.0, ""clf__gamma"": ""scale""}",12.615458300000682
58,classical/TS+RBF-SVM,classical,1,0.5555555555555556,0.75,"{""clf__C"": 0.1, ""clf__gamma"": ""scale""}",12.615458300000682
58,classical/TS+RBF-SVM,classical,2,0.6666666666666666,0.65,"{""clf__C"": 1.0, ""clf__gamma"": 0.01}",12.615458300000682
58,classical/TS+RBF-SVM,classical,3,0.5555555555555556,0.65,"{""clf__C"": 0.1, ""clf__gamma"": ""scale""}",12.615458300000682
58,classical/TS+RBF-SVM,classical,4,0.5555555555555556,0.4,"{""clf__C"": 1.0, ""clf__gamma"": ""scale""}",12.615458300000682
58,classical/TS+RBF-SVM,classical,5,0.2222222222222222,0.2,"{""clf__C"": 10.0, ""clf__gamma"": ""scale""}",12.615458300000682
58,classical/TS+RBF-SVM,classical,6,0.4444444444444444,0.5,"{""clf__C"": 10.0, ""clf__gamma"": 0.01}",12.615458300000682
58,classical/TS+RBF-SVM,classical,7,0.5555555555555556,0.9,"{""clf__C"": 0.1, ""clf__gamma"": ""scale""}",12.615458300000682
58,classical/TS+RBF-SVM,classical,8,0.5555555555555556,0.8,"{""clf__C"": 10.0, ""clf__gamma"": 0.1}",12.615458300000682
58,classical/TS+RBF-SVM,classical,9,0.4444444444444444,0.6,"{""clf__C"": 0.1, ""clf__gamma"": ""scale""}",12.615458300000682
58,classical/TS+RBF-SVM,classical,10,0.7777777777777778,0.8,"{""clf__C"": 10.0, ""clf__gamma"": 0.01}",12.615458300000682
58,classical/TS+RBF-SVM,classical,11,0.5555555555555556,0.5499999999999999,"{""clf__C"": 0.1, ""clf__gamma"": ""scale""}",12.615458300000682
58,classical/TS+RBF-SVM,classical,12,0.6666666666666666,0.6,"{""clf__C"": 10.0, ""clf__gamma"": 0.01}",12.615458300000682
58,classical/TS+RBF-SVM,classical,13,0.5555555555555556,0.35,"{""clf__C"": 1.0, ""clf__gamma"": 0.01}",12.615458300000682
58,classical/TS+RBF-SVM,classical,14,0.4444444444444444,0.7,"{""clf__C"": 0.1, ""clf__gamma"": ""scale""}",12.615458300000682
58,quantum/HS-overlap-SVM,quantum,0,0.5555555555555556,0.3,"{""clf__C"": 0.1}",3.8488790000001245
58,quantum/HS-overlap-SVM,quantum,1,0.5555555555555556,0.65,"{""clf__C"": 0.1}",3.8488790000001245
58,quantum/HS-overlap-SVM,quantum,2,0.5555555555555556,0.6,"{""clf__C"": 0.1}",3.8488790000001245
58,quantum/HS-overlap-SVM,quantum,3,0.5555555555555556,0.25,"{""clf__C"": 0.1}",3.8488790000001245
58,quantum/HS-overlap-SVM,quantum,4,0.4444444444444444,0.2,"{""clf__C"": 0.1}",3.8488790000001245
58,quantum/HS-overlap-SVM,quantum,5,0.5555555555555556,0.30000000000000004,"{""clf__C"": 0.1}",3.8488790000001245
58,quantum/HS-overlap-SVM,quantum,6,0.5555555555555556,0.3,"{""clf__C"": 0.1}",3.8488790000001245
58,quantum/HS-overlap-SVM,quantum,7,0.5555555555555556,0.45,"{""clf__C"": 0.1}",3.8488790000001245
58,quantum/HS-overlap-SVM,quantum,8,0.5555555555555556,0.4,"{""clf__C"": 0.1}",3.8488790000001245
58,quantum/HS-overlap-SVM,quantum,9,0.4444444444444444,0.45,"{""clf__C"": 0.1}",3.8488790000001245
58,quantum/HS-overlap-SVM,quantum,10,0.5555555555555556,0.6499999999999999,"{""clf__C"": 0.1}",3.8488790000001245
58,quantum/HS-overlap-SVM,quantum,11,0.5555555555555556,0.44999999999999996,"{""clf__C"": 0.1}",3.8488790000001245
58,quantum/HS-overlap-SVM,quantum,12,0.5555555555555556,0.85,"{""clf__C"": 0.1}",3.8488790000001245
58,quantum/HS-overlap-SVM,quantum,13,0.5555555555555556,0.04999999999999999,"{""clf__C"": 0.1}",3.8488790000001245
58,quantum/HS-overlap-SVM,quantum,14,0.4444444444444444,0.0,"{""clf__C"": 0.1}",3.8488790000001245
58,quantum/Fidelity-SVM,quantum,0,0.5555555555555556,0.24999999999999997,"{""clf__C"": 0.1}",5.3725868999999875
58,quantum/Fidelity-SVM,quantum,1,0.5555555555555556,0.65,"{""clf__C"": 0.1}",5.3725868999999875
58,quantum/Fidelity-SVM,quantum,2,0.5555555555555556,0.4,"{""clf__C"": 0.1}",5.3725868999999875
58,quantum/Fidelity-SVM,quantum,3,0.5555555555555556,0.2,"{""clf__C"": 0.1}",5.3725868999999875
58,quantum/Fidelity-SVM,quantum,4,0.4444444444444444,0.2,"{""clf__C"": 0.1}",5.3725868999999875
58,quantum/Fidelity-SVM,quantum,5,0.5555555555555556,0.19999999999999998,"{""clf__C"": 0.1}",5.3725868999999875
58,quantum/Fidelity-SVM,quantum,6,0.5555555555555556,0.2,"{""clf__C"": 0.1}",5.3725868999999875
58,quantum/Fidelity-SVM,quantum,7,0.5555555555555556,0.44999999999999996,"{""clf__C"": 0.1}",5.3725868999999875
58,quantum/Fidelity-SVM,quantum,8,0.5555555555555556,0.65,"{""clf__C"": 0.1}",5.3725868999999875
58,quantum/Fidelity-SVM,quantum,9,0.4444444444444444,0.4,"{""clf__C"": 0.1}",5.3725868999999875
58,quantum/Fidelity-SVM,quantum,10,0.5555555555555556,0.55,"{""clf__C"": 0.1}",5.3725868999999875
58,quantum/Fidelity-SVM,quantum,11,0.5555555555555556,0.35,"{""clf__C"": 0.1}",5.3725868999999875
58,quantum/Fidelity-SVM,quantum,12,0.5555555555555556,0.9,"{""clf__C"": 0.1}",5.3725868999999875
58,quantum/Fidelity-SVM,quantum,13,0.5555555555555556,0.15,"{""clf__C"": 0.1}",5.3725868999999875
58,quantum/Fidelity-SVM,quantum,14,0.4444444444444444,0.1,"{""clf__C"": 0.1}",5.3725868999999875
58,quantum/HS-RBF-SVM,quantum,0,0.2222222222222222,0.19999999999999998,"{""clf__C"": 10.0, ""clf__gamma_mult"": 0.25}",10.618581499999891
58,quantum/HS-RBF-SVM,quantum,1,0.5555555555555556,0.5,"{""clf__C"": 1.0, ""clf__gamma_mult"": 0.25}",10.618581499999891
58,quantum/HS-RBF-SVM,quantum,2,0.5555555555555556,0.7,"{""clf__C"": 0.1, ""clf__gamma_mult"": 0.25}",10.618581499999891
58,quantum/HS-RBF-SVM,quantum,3,0.3333333333333333,0.29999999999999993,"{""clf__C"": 10.0, ""clf__gamma_mult"": 0.25}",10.618581499999891
58,quantum/HS-RBF-SVM,quantum,4,0.2222222222222222,0.25,"{""clf__C"": 10.0, ""clf__gamma_mult"": 1.0}",10.618581499999891
58,quantum/HS-RBF-SVM,quantum,5,0.4444444444444444,0.35000000000000003,"{""clf__C"": 10.0, ""clf__gamma_mult"": 0.25}",10.618581499999891
58,quantum/HS-RBF-SVM,quantum,6,0.2222222222222222,0.2,"{""clf__C"": 1.0, ""clf__gamma_mult"": 1.0}",10.618581499999891
58,quantum/HS-RBF-SVM,quantum,7,0.5555555555555556,0.55,"{""clf__C"": 10.0, ""clf__gamma_mult"": 0.25}",10.618581499999891
58,quantum/HS-RBF-SVM,quantum,8,0.5555555555555556,0.6,"{""clf__C"": 10.0, ""clf__gamma_mult"": 1.0}",10.618581499999891
58,quantum/HS-RBF-SVM,quantum,9,0.3333333333333333,0.45,"{""clf__C"": 10.0, ""clf__gamma_mult"": 0.25}",10.618581499999891
58,quantum/HS-RBF-SVM,quantum,10,0.5555555555555556,0.9,"{""clf__C"": 0.1, ""clf__gamma_mult"": 0.25}",10.618581499999891
58,quantum/HS-RBF-SVM,quantum,11,0.4444444444444444,0.39999999999999997,"{""clf__C"": 10.0, ""clf__gamma_mult"": 0.25}",10.618581499999891
58,quantum/HS-RBF-SVM,quantum,12,0.7777777777777778,0.9500000000000001,"{""clf__C"": 10.0, ""clf__gamma_mult"": 0.25}",10.618581499999891
58,quantum/HS-RBF-SVM,quantum,13,0.3333333333333333,0.1,"{""clf__C"": 1.0, ""clf__gamma_mult"": 1.0}",10.618581499999891
58,quantum/HS-RBF-SVM,quantum,14,0.2222222222222222,0.1,"{""clf__C"": 10.0, ""clf__gamma_mult"": 0.25}",10.618581499999891
58,quantum/Bures-RBF-SVM,quantum,0,0.2222222222222222,0.19999999999999998,"{""clf__C"": 10.0, ""clf__gamma_mult"": 0.25}",13.93734459999996
58,quantum/Bures-RBF-SVM,quantum,1,0.4444444444444444,0.35,"{""clf__C"": 10.0, ""clf__gamma_mult"": 1.0}",13.93734459999996
58,quantum/Bures-RBF-SVM,quantum,2,0.5555555555555556,0.6,"{""clf__C"": 0.1, ""clf__gamma_mult"": 0.25}",13.93734459999996
58,quantum/Bures-RBF-SVM,quantum,3,0.3333333333333333,0.24999999999999997,"{""clf__C"": 10.0, ""clf__gamma_mult"": 0.25}",13.93734459999996
58,quantum/Bures-RBF-SVM,quantum,4,0.3333333333333333,0.0,"{""clf__C"": 10.0, ""clf__gamma_mult"": 0.25}",13.93734459999996
58,quantum/Bures-RBF-SVM,quantum,5,0.3333333333333333,0.24999999999999997,"{""clf__C"": 10.0, ""clf__gamma_mult"": 0.25}",13.93734459999996
58,quantum/Bures-RBF-SVM,quantum,6,0.2222222222222222,0.2,"{""clf__C"": 1.0, ""clf__gamma_mult"": 1.0}",13.93734459999996
58,quantum/Bures-RBF-SVM,quantum,7,0.5555555555555556,0.55,"{""clf__C"": 10.0, ""clf__gamma_mult"": 1.0}",13.93734459999996
58,quantum/Bures-RBF-SVM,quantum,8,0.4444444444444444,0.55,"{""clf__C"": 10.0, ""clf__gamma_mult"": 1.0}",13.93734459999996
58,quantum/Bures-RBF-SVM,quantum,9,0.3333333333333333,0.5,"{""clf__C"": 10.0, ""clf__gamma_mult"": 0.25}",13.93734459999996
58,quantum/Bures-RBF-SVM,quantum,10,0.5555555555555556,0.8500000000000001,"{""clf__C"": 0.1, ""clf__gamma_mult"": 0.25}",13.93734459999996
58,quantum/Bures-RBF-SVM,quantum,11,0.3333333333333333,0.2,"{""clf__C"": 10.0, ""clf__gamma_mult"": 4.0}",13.93734459999996
58,quantum/Bures-RBF-SVM,quantum,12,0.5555555555555556,0.9500000000000001,"{""clf__C"": 0.1, ""clf__gamma_mult"": 0.25}",13.93734459999996
58,quantum/Bures-RBF-SVM,quantum,13,0.2222222222222222,0.0,"{""clf__C"": 10.0, ""clf__gamma_mult"": 0.25}",13.93734459999996
58,quantum/Bures-RBF-SVM,quantum,14,0.3333333333333333,0.4,"{""clf__C"": 10.0, ""clf__gamma_mult"": 1.0}",13.93734459999996
58,quantum/QRE-RBF-SVM,quantum,0,0.2222222222222222,0.19999999999999998,"{""clf__C"": 10.0, ""clf__gamma_mult"": 0.25}",12.484109500000159
58,quantum/QRE-RBF-SVM,quantum,1,0.2222222222222222,0.35,"{""clf__C"": 10.0, ""clf__gamma_mult"": 4.0}",12.484109500000159
58,quantum/QRE-RBF-SVM,quantum,2,0.5555555555555556,0.55,"{""clf__C"": 0.1, ""clf__gamma_mult"": 0.25}",12.484109500000159
58,quantum/QRE-RBF-SVM,quantum,3,0.3333333333333333,0.29999999999999993,"{""clf__C"": 10.0, ""clf__gamma_mult"": 0.25}",12.484109500000159
58,quantum/QRE-RBF-SVM,quantum,4,0.2222222222222222,0.0,"{""clf__C"": 10.0, ""clf__gamma_mult"": 0.25}",12.484109500000159
58,quantum/QRE-RBF-SVM,quantum,5,0.3333333333333333,0.24999999999999997,"{""clf__C"": 10.0, ""clf__gamma_mult"": 0.25}",12.484109500000159
58,quantum/QRE-RBF-SVM,quantum,6,0.2222222222222222,0.14999999999999997,"{""clf__C"": 10.0, ""clf__gamma_mult"": 1.0}",12.484109500000159
58,quantum/QRE-RBF-SVM,quantum,7,0.6666666666666666,0.6,"{""clf__C"": 10.0, ""clf__gamma_mult"": 1.0}",12.484109500000159
58,quantum/QRE-RBF-SVM,quantum,8,0.5555555555555556,0.55,"{""clf__C"": 10.0, ""clf__gamma_mult"": 1.0}",12.484109500000159
58,quantum/QRE-RBF-SVM,quantum,9,0.3333333333333333,0.45,"{""clf__C"": 10.0, ""clf__gamma_mult"": 0.25}",12.484109500000159
58,quantum/QRE-RBF-SVM,quantum,10,0.5555555555555556,0.8,"{""clf__C"": 0.1, ""clf__gamma_mult"": 0.25}",12.484109500000159
58,quantum/QRE-RBF-SVM,quantum,11,0.5555555555555556,0.25,"{""clf__C"": 0.1, ""clf__gamma_mult"": 0.25}",12.484109500000159
58,quantum/QRE-RBF-SVM,quantum,12,0.5555555555555556,0.6,"{""clf__C"": 10.0, ""clf__gamma_mult"": 4.0}",12.484109500000159
58,quantum/QRE-RBF-SVM,quantum,13,0.3333333333333333,0.0,"{""clf__C"": 10.0, ""clf__gamma_mult"": 1.0}",12.484109500000159
58,quantum/QRE-RBF-SVM,quantum,14,0.2222222222222222,0.05,"{""clf__C"": 10.0, ""clf__gamma_mult"": 0.25}",12.484109500000159
58,quantum/HS-overlap-ref-SVM,quantum,0,0.2222222222222222,0.3,"{""clf__C"": 10.0}",4.651645999999346
58,quantum/HS-overlap-ref-SVM,quantum,1,0.5555555555555556,0.49999999999999994,"{""clf__C"": 0.1}",4.651645999999346
58,quantum/HS-overlap-ref-SVM,quantum,2,0.6666666666666666,0.6000000000000001,"{""clf__C"": 10.0}",4.651645999999346
58,quantum/HS-overlap-ref-SVM,quantum,3,0.5555555555555556,0.7,"{""clf__C"": 0.1}",4.651645999999346
58,quantum/HS-overlap-ref-SVM,quantum,4,0.3333333333333333,0.2,"{""clf__C"": 10.0}",4.651645999999346
58,quantum/HS-overlap-ref-SVM,quantum,5,0.2222222222222222,0.04999999999999999,"{""clf__C"": 10.0}",4.651645999999346
58,quantum/HS-overlap-ref-SVM,quantum,6,0.5555555555555556,0.25,"{""clf__C"": 0.1}",4.651645999999346
58,quantum/HS-overlap-ref-SVM,quantum,7,0.5555555555555556,0.7,"{""clf__C"": 10.0}",4.651645999999346
58,quantum/HS-overlap-ref-SVM,quantum,8,0.5555555555555556,0.6,"{""clf__C"": 10.0}",4.651645999999346
58,quantum/HS-overlap-ref-SVM,quantum,9,0.4444444444444444,0.4,"{""clf__C"": 0.1}",4.651645999999346
58,quantum/HS-overlap-ref-SVM,quantum,10,0.5555555555555556,0.5,"{""clf__C"": 0.1}",4.651645999999346
58,quantum/HS-overlap-ref-SVM,quantum,11,0.4444444444444444,0.6,"{""clf__C"": 10.0}",4.651645999999346
58,quantum/HS-overlap-ref-SVM,quantum,12,0.4444444444444444,0.6,"{""clf__C"": 10.0}",4.651645999999346
58,quantum/HS-overlap-ref-SVM,quantum,13,0.4444444444444444,0.19999999999999998,"{""clf__C"": 10.0}",4.651645999999346
58,quantum/HS-overlap-ref-SVM,quantum,14,0.4444444444444444,0.6,"{""clf__C"": 0.1}",4.651645999999346
58,quantum/Fidelity-ref-SVM,quantum,0,0.3333333333333333,0.3,"{""clf__C"": 10.0}",6.226270099999965
58,quantum/Fidelity-ref-SVM,quantum,1,0.5555555555555556,0.65,"{""clf__C"": 10.0}",6.226270099999965
58,quantum/Fidelity-ref-SVM,quantum,2,0.5555555555555556,0.7000000000000001,"{""clf__C"": 10.0}",6.226270099999965
58,quantum/Fidelity-ref-SVM,quantum,3,0.5555555555555556,0.75,"{""clf__C"": 0.1}",6.226270099999965
58,quantum/Fidelity-ref-SVM,quantum,4,0.4444444444444444,0.35,"{""clf__C"": 0.1}",6.226270099999965
58,quantum/Fidelity-ref-SVM,quantum,5,0.2222222222222222,0.0,"{""clf__C"": 10.0}",6.226270099999965
58,quantum/Fidelity-ref-SVM,quantum,6,0.2222222222222222,0.25,"{""clf__C"": 10.0}",6.226270099999965
58,quantum/Fidelity-ref-SVM,quantum,7,0.4444444444444444,0.65,"{""clf__C"": 10.0}",6.226270099999965
58,quantum/Fidelity-ref-SVM,quantum,8,0.6666666666666666,0.65,"{""clf__C"": 10.0}",6.226270099999965
58,quantum/Fidelity-ref-SVM,quantum,9,0.4444444444444444,0.4,"{""clf__C"": 0.1}",6.226270099999965
58,quantum/Fidelity-ref-SVM,quantum,10,0.5555555555555556,0.55,"{""clf__C"": 0.1}",6.226270099999965
58,quantum/Fidelity-ref-SVM,quantum,11,0.4444444444444444,0.5,"{""clf__C"": 10.0}",6.226270099999965
58,quantum/Fidelity-ref-SVM,quantum,12,0.5555555555555556,0.7,"{""clf__C"": 0.1}",6.226270099999965
58,quantum/Fidelity-ref-SVM,quantum,13,0.4444444444444444,0.15,"{""clf__C"": 10.0}",6.226270099999965
58,quantum/Fidelity-ref-SVM,quantum,14,0.4444444444444444,0.6,"{""clf__C"": 0.1}",6.226270099999965
58,quantum/HS-RBF-ref-SVM,quantum,0,0.2222222222222222,0.2,"{""clf__C"": 1.0, ""clf__gamma_mult"": 1.0}",13.04318400000011
58,quantum/HS-RBF-ref-SVM,quantum,1,0.5555555555555556,0.49999999999999994,"{""clf__C"": 0.1, ""clf__gamma_mult"": 0.25}",13.04318400000011
58,quantum/HS-RBF-ref-SVM,quantum,2,0.5555555555555556,0.7000000000000001,"{""clf__C"": 0.1, ""clf__gamma_mult"": 0.25}",13.04318400000011
58,quantum/HS-RBF-ref-SVM,quantum,3,0.5555555555555556,0.5,"{""clf__C"": 0.1, ""clf__gamma_mult"": 0.25}",13.04318400000011
58,quantum/HS-RBF-ref-SVM,quantum,4,0.3333333333333333,0.1,"{""clf__C"": 1.0, ""clf__gamma_mult"": 4.0}",13.04318400000011
58,quantum/HS-RBF-ref-SVM,quantum,5,0.1111111111111111,0.0,"{""clf__C"": 10.0, ""clf__gamma_mult"": 4.0}",13.04318400000011
58,quantum/HS-RBF-ref-SVM,quantum,6,0.4444444444444444,0.45000000000000007,"{""clf__C"": 10.0, ""clf__gamma_mult"": 0.25}",13.04318400000011
58,quantum/HS-RBF-ref-SVM,quantum,7,0.6666666666666666,0.8500000000000001,"{""clf__C"": 10.0, ""clf__gamma_mult"": 1.0}",13.04318400000011
58,quantum/HS-RBF-ref-SVM,quantum,8,0.6666666666666666,0.7000000000000001,"{""clf__C"": 10.0, ""clf__gamma_mult"": 0.25}",13.04318400000011
58,quantum/HS-RBF-ref-SVM,quantum,9,0.4444444444444444,0.45,"{""clf__C"": 1.0, ""clf__gamma_mult"": 0.25}",13.04318400000011
58,quantum/HS-RBF-ref-SVM,quantum,10,0.5555555555555556,0.5,"{""clf__C"": 0.1, ""clf__gamma_mult"": 0.25}",13.04318400000011
58,quantum/HS-RBF-ref-SVM,quantum,11,0.5555555555555556,0.5499999999999999,"{""clf__C"": 10.0, ""clf__gamma_mult"": 0.25}",13.04318400000011
58,quantum/HS-RBF-ref-SVM,quantum,12,0.2222222222222222,0.4,"{""clf__C"": 10.0, ""clf__gamma_mult"": 1.0}",13.04318400000011
58,quantum/HS-RBF-ref-SVM,quantum,13,0.3333333333333333,0.15,"{""clf__C"": 1.0, ""clf__gamma_mult"": 1.0}",13.04318400000011
58,quantum/HS-RBF-ref-SVM,quantum,14,0.4444444444444444,0.5499999999999999,"{""clf__C"": 0.1, ""clf__gamma_mult"": 0.25}",13.04318400000011
58,quantum/Bures-RBF-ref-SVM,quantum,0,0.2222222222222222,0.2,"{""clf__C"": 1.0, ""clf__gamma_mult"": 1.0}",16.839909600000283
58,quantum/Bures-RBF-ref-SVM,quantum,1,0.5555555555555556,0.49999999999999994,"{""clf__C"": 1.0, ""clf__gamma_mult"": 1.0}",16.839909600000283
58,quantum/Bures-RBF-ref-SVM,quantum,2,0.7777777777777778,0.7000000000000001,"{""clf__C"": 10.0, ""clf__gamma_mult"": 0.25}",16.839909600000283
58,quantum/Bures-RBF-ref-SVM,quantum,3,0.5555555555555556,0.5,"{""clf__C"": 0.1, ""clf__gamma_mult"": 0.25}",16.839909600000283
58,quantum/Bures-RBF-ref-SVM,quantum,4,0.4444444444444444,0.15000000000000002,"{""clf__C"": 1.0, ""clf__gamma_mult"": 0.25}",16.839909600000283
58,quantum/Bures-RBF-ref-SVM,quantum,5,0.2222222222222222,0.0,"{""clf__C"": 10.0, ""clf__gamma_mult"": 0.25}",16.839909600000283
58,quantum/Bures-RBF-ref-SVM,quantum,6,0.4444444444444444,0.45000000000000007,"{""clf__C"": 10.0, ""clf__gamma_mult"": 0.25}",16.839909600000283
58,quantum/Bures-RBF-ref-SVM,quantum,7,0.6666666666666666,0.8,"{""clf__C"": 10.0, ""clf__gamma_mult"": 1.0}",16.839909600000283
58,quantum/Bures-RBF-ref-SVM,quantum,8,0.5555555555555556,0.65,"{""clf__C"": 0.1, ""clf__gamma_mult"": 0.25}",16.839909600000283
58,quantum/Bures-RBF-ref-SVM,quantum,9,0.4444444444444444,0.45,"{""clf__C"": 1.0, ""clf__gamma_mult"": 0.25}",16.839909600000283
58,quantum/Bures-RBF-ref-SVM,quantum,10,0.5555555555555556,0.55,"{""clf__C"": 0.1, ""clf__gamma_mult"": 0.25}",16.839909600000283
58,quantum/Bures-RBF-ref-SVM,quantum,11,0.5555555555555556,0.5499999999999999,"{""clf__C"": 10.0, ""clf__gamma_mult"": 0.25}",16.839909600000283
58,quantum/Bures-RBF-ref-SVM,quantum,12,0.5555555555555556,0.55,"{""clf__C"": 10.0, ""clf__gamma_mult"": 1.0}",16.839909600000283
58,quantum/Bures-RBF-ref-SVM,quantum,13,0.4444444444444444,0.15,"{""clf__C"": 1.0, ""clf__gamma_mult"": 0.25}",16.839909600000283
58,quantum/Bures-RBF-ref-SVM,quantum,14,0.4444444444444444,0.65,"{""clf__C"": 0.1, ""clf__gamma_mult"": 0.25}",16.839909600000283
58,quantum/QRE-RBF-ref-SVM,quantum,0,0.2222222222222222,0.2,"{""clf__C"": 1.0, ""clf__gamma_mult"": 1.0}",14.735428600000887
58,quantum/QRE-RBF-ref-SVM,quantum,1,0.5555555555555556,0.49999999999999994,"{""clf__C"": 1.0, ""clf__gamma_mult"": 1.0}",14.735428600000887
58,quantum/QRE-RBF-ref-SVM,quantum,2,0.7777777777777778,0.7000000000000001,"{""clf__C"": 10.0, ""clf__gamma_mult"": 0.25}",14.735428600000887
58,quantum/QRE-RBF-ref-SVM,quantum,3,0.5555555555555556,0.5,"{""clf__C"": 0.1, ""clf__gamma_mult"": 0.25}",14.735428600000887
58,quantum/QRE-RBF-ref-SVM,quantum,4,0.4444444444444444,0.15000000000000002,"{""clf__C"": 1.0, ""clf__gamma_mult"": 0.25}",14.735428600000887
58,quantum/QRE-RBF-ref-SVM,quantum,5,0.2222222222222222,0.0,"{""clf__C"": 10.0, ""clf__gamma_mult"": 1.0}",14.735428600000887
58,quantum/QRE-RBF-ref-SVM,quantum,6,0.4444444444444444,0.4,"{""clf__C"": 10.0, ""clf__gamma_mult"": 0.25}",14.735428600000887
58,quantum/QRE-RBF-ref-SVM,quantum,7,0.6666666666666666,0.8,"{""clf__C"": 10.0, ""clf__gamma_mult"": 1.0}",14.735428600000887
58,quantum/QRE-RBF-ref-SVM,quantum,8,0.5555555555555556,0.65,"{""clf__C"": 0.1, ""clf__gamma_mult"": 0.25}",14.735428600000887
58,quantum/QRE-RBF-ref-SVM,quantum,9,0.4444444444444444,0.4,"{""clf__C"": 1.0, ""clf__gamma_mult"": 0.25}",14.735428600000887
58,quantum/QRE-RBF-ref-SVM,quantum,10,0.5555555555555556,0.55,"{""clf__C"": 0.1, ""clf__gamma_mult"": 0.25}",14.735428600000887
58,quantum/QRE-RBF-ref-SVM,quantum,11,0.5555555555555556,0.5499999999999999,"{""clf__C"": 10.0, ""clf__gamma_mult"": 0.25}",14.735428600000887
58,quantum/QRE-RBF-ref-SVM,quantum,12,0.5555555555555556,0.55,"{""clf__C"": 10.0, ""clf__gamma_mult"": 1.0}",14.735428600000887
58,quantum/QRE-RBF-ref-SVM,quantum,13,0.4444444444444444,0.39999999999999997,"{""clf__C"": 10.0, ""clf__gamma_mult"": 0.25}",14.735428600000887
58,quantum/QRE-RBF-ref-SVM,quantum,14,0.4444444444444444,0.65,"{""clf__C"": 0.1, ""clf__gamma_mult"": 0.25}",14.735428600000887
58,quantum/IQP-kernel-SVM,quantum,0,0.4444444444444444,0.5,"{""clf__C"": 1.0, ""clf__scale"": 0.5}",20.949236200000087
58,quantum/IQP-kernel-SVM,quantum,1,0.3333333333333333,0.35,"{""clf__C"": 1.0, ""clf__scale"": 2.0}",20.949236200000087
58,quantum/IQP-kernel-SVM,quantum,2,0.6666666666666666,0.65,"{""clf__C"": 1.0, ""clf__scale"": 0.5}",20.949236200000087
58,quantum/IQP-kernel-SVM,quantum,3,0.6666666666666666,0.5499999999999999,"{""clf__C"": 10.0, ""clf__scale"": 0.5}",20.949236200000087
58,quantum/IQP-kernel-SVM,quantum,4,0.3333333333333333,0.3,"{""clf__C"": 1.0, ""clf__scale"": 0.5}",20.949236200000087
58,quantum/IQP-kernel-SVM,quantum,5,0.4444444444444444,0.6,"{""clf__C"": 10.0, ""clf__scale"": 2.0}",20.949236200000087
58,quantum/IQP-kernel-SVM,quantum,6,0.6666666666666666,0.6,"{""clf__C"": 10.0, ""clf__scale"": 1.0}",20.949236200000087
58,quantum/IQP-kernel-SVM,quantum,7,0.3333333333333333,0.4,"{""clf__C"": 1.0, ""clf__scale"": 2.0}",20.949236200000087
58,quantum/IQP-kernel-SVM,quantum,8,0.4444444444444444,0.39999999999999997,"{""clf__C"": 10.0, ""clf__scale"": 1.0}",20.949236200000087
58,quantum/IQP-kernel-SVM,quantum,9,0.2222222222222222,0.30000000000000004,"{""clf__C"": 1.0, ""clf__scale"": 1.0}",20.949236200000087
58,quantum/IQP-kernel-SVM,quantum,10,0.6666666666666666,0.55,"{""clf__C"": 1.0, ""clf__scale"": 0.5}",20.949236200000087
58,quantum/IQP-kernel-SVM,quantum,11,0.4444444444444444,0.35,"{""clf__C"": 1.0, ""clf__scale"": 1.0}",20.949236200000087
58,quantum/IQP-kernel-SVM,quantum,12,0.7777777777777778,0.85,"{""clf__C"": 10.0, ""clf__scale"": 0.5}",20.949236200000087
58,quantum/IQP-kernel-SVM,quantum,13,0.4444444444444444,0.6,"{""clf__C"": 1.0, ""clf__scale"": 0.5}",20.949236200000087
58,quantum/IQP-kernel-SVM,quantum,14,0.4444444444444444,0.75,"{""clf__C"": 0.1, ""clf__scale"": 0.5}",20.949236200000087
58,quantum/CNOT-kernel-SVM,quantum,0,0.5555555555555556,0.8,"{""clf__C"": 1.0, ""clf__scale"": 1.0}",18.790981300000567
58,quantum/CNOT-kernel-SVM,quantum,1,0.6666666666666666,0.6000000000000001,"{""clf__C"": 1.0, ""clf__scale"": 0.5}",18.790981300000567
58,quantum/CNOT-kernel-SVM,quantum,2,0.8888888888888888,0.8,"{""clf__C"": 10.0, ""clf__scale"": 1.0}",18.790981300000567
58,quantum/CNOT-kernel-SVM,quantum,3,0.5555555555555556,0.49999999999999994,"{""clf__C"": 10.0, ""clf__scale"": 1.0}",18.790981300000567
58,quantum/CNOT-kernel-SVM,quantum,4,0.3333333333333333,0.25,"{""clf__C"": 1.0, ""clf__scale"": 0.5}",18.790981300000567
58,quantum/CNOT-kernel-SVM,quantum,5,0.3333333333333333,0.19999999999999998,"{""clf__C"": 10.0, ""clf__scale"": 0.5}",18.790981300000567
58,quantum/CNOT-kernel-SVM,quantum,6,0.3333333333333333,0.35,"{""clf__C"": 1.0, ""clf__scale"": 1.0}",18.790981300000567
58,quantum/CNOT-kernel-SVM,quantum,7,0.5555555555555556,0.8500000000000001,"{""clf__C"": 1.0, ""clf__scale"": 0.5}",18.790981300000567
58,quantum/CNOT-kernel-SVM,quantum,8,0.5555555555555556,0.5,"{""clf__C"": 1.0, ""clf__scale"": 2.0}",18.790981300000567
58,quantum/CNOT-kernel-SVM,quantum,9,0.4444444444444444,0.6499999999999999,"{""clf__C"": 10.0, ""clf__scale"": 1.0}",18.790981300000567
58,quantum/CNOT-kernel-SVM,quantum,10,0.4444444444444444,0.39999999999999997,"{""clf__C"": 10.0, ""clf__scale"": 2.0}",18.790981300000567
58,quantum/CNOT-kernel-SVM,quantum,11,0.6666666666666666,0.6,"{""clf__C"": 10.0, ""clf__scale"": 1.0}",18.790981300000567
58,quantum/CNOT-kernel-SVM,quantum,12,0.7777777777777778,0.9500000000000001,"{""clf__C"": 10.0, ""clf__scale"": 1.0}",18.790981300000567
58,quantum/CNOT-kernel-SVM,quantum,13,0.4444444444444444,0.35,"{""clf__C"": 10.0, ""clf__scale"": 0.5}",18.790981300000567
58,quantum/CNOT-kernel-SVM,quantum,14,0.4444444444444444,0.8,"{""clf__C"": 0.1, ""clf__scale"": 0.5}",18.790981300000567
58,control/IQP-no-entangle,control,0,0.5555555555555556,0.44999999999999996,"{""clf__C"": 10.0, ""clf__scale"": 0.5}",17.043170400000236
58,control/IQP-no-entangle,control,1,0.6666666666666666,0.9,"{""clf__C"": 10.0, ""clf__scale"": 2.0}",17.043170400000236
58,control/IQP-no-entangle,control,2,0.8888888888888888,0.8,"{""clf__C"": 10.0, ""clf__scale"": 1.0}",17.043170400000236
58,control/IQP-no-entangle,control,3,0.4444444444444444,0.44999999999999996,"{""clf__C"": 10.0, ""clf__scale"": 1.0}",17.043170400000236
58,control/IQP-no-entangle,control,4,0.3333333333333333,0.15000000000000002,"{""clf__C"": 10.0, ""clf__scale"": 0.5}",17.043170400000236
58,control/IQP-no-entangle,control,5,0.3333333333333333,0.45,"{""clf__C"": 1.0, ""clf__scale"": 0.5}",17.043170400000236
58,control/IQP-no-entangle,control,6,0.4444444444444444,0.35,"{""clf__C"": 1.0, ""clf__scale"": 1.0}",17.043170400000236
58,control/IQP-no-entangle,control,7,0.6666666666666666,0.8500000000000001,"{""clf__C"": 1.0, ""clf__scale"": 0.5}",17.043170400000236
58,control/IQP-no-entangle,control,8,0.5555555555555556,0.6,"{""clf__C"": 10.0, ""clf__scale"": 2.0}",17.043170400000236
58,control/IQP-no-entangle,control,9,0.5555555555555556,0.45000000000000007,"{""clf__C"": 1.0, ""clf__scale"": 1.0}",17.043170400000236
58,control/IQP-no-entangle,control,10,0.6666666666666666,0.9,"{""clf__C"": 10.0, ""clf__scale"": 0.5}",17.043170400000236
58,control/IQP-no-entangle,control,11,0.5555555555555556,0.44999999999999996,"{""clf__C"": 10.0, ""clf__scale"": 1.0}",17.043170400000236
58,control/IQP-no-entangle,control,12,0.6666666666666666,0.7,"{""clf__C"": 10.0, ""clf__scale"": 2.0}",17.043170400000236
58,control/IQP-no-entangle,control,13,0.5555555555555556,0.2,"{""clf__C"": 1.0, ""clf__scale"": 0.5}",17.043170400000236
58,control/IQP-no-entangle,control,14,0.4444444444444444,0.8,"{""clf__C"": 0.1, ""clf__scale"": 0.5}",17.043170400000236
58,control/PCA-matched-RBF,control,0,0.5555555555555556,0.5,"{""clf__C"": 10.0, ""clf__gamma"": 0.01}",13.6857102999993
58,control/PCA-matched-RBF,control,1,0.6666666666666666,0.45,"{""clf__C"": 1.0, ""clf__gamma"": ""scale""}",13.6857102999993
58,control/PCA-matched-RBF,control,2,0.7777777777777778,0.75,"{""clf__C"": 10.0, ""clf__gamma"": ""scale""}",13.6857102999993
58,control/PCA-matched-RBF,control,3,0.5555555555555556,0.6,"{""clf__C"": 10.0, ""clf__gamma"": ""scale""}",13.6857102999993
58,control/PCA-matched-RBF,control,4,0.4444444444444444,0.2,"{""clf__C"": 1.0, ""clf__gamma"": ""scale""}",13.6857102999993
58,control/PCA-matched-RBF,control,5,0.4444444444444444,0.39999999999999997,"{""clf__C"": 10.0, ""clf__gamma"": 0.01}",13.6857102999993
58,control/PCA-matched-RBF,control,6,0.6666666666666666,0.6,"{""clf__C"": 10.0, ""clf__gamma"": ""scale""}",13.6857102999993
58,control/PCA-matched-RBF,control,7,0.5555555555555556,0.9,"{""clf__C"": 0.1, ""clf__gamma"": ""scale""}",13.6857102999993
58,control/PCA-matched-RBF,control,8,0.4444444444444444,0.65,"{""clf__C"": 10.0, ""clf__gamma"": ""scale""}",13.6857102999993
58,control/PCA-matched-RBF,control,9,0.5555555555555556,0.55,"{""clf__C"": 10.0, ""clf__gamma"": ""scale""}",13.6857102999993
58,control/PCA-matched-RBF,control,10,0.5555555555555556,0.8500000000000001,"{""clf__C"": 10.0, ""clf__gamma"": 0.1}",13.6857102999993
58,control/PCA-matched-RBF,control,11,0.5555555555555556,0.55,"{""clf__C"": 10.0, ""clf__gamma"": ""scale""}",13.6857102999993
58,control/PCA-matched-RBF,control,12,0.7777777777777778,0.9500000000000001,"{""clf__C"": 10.0, ""clf__gamma"": ""scale""}",13.6857102999993
58,control/PCA-matched-RBF,control,13,0.4444444444444444,0.4,"{""clf__C"": 10.0, ""clf__gamma"": 0.1}",13.6857102999993
58,control/PCA-matched-RBF,control,14,0.4444444444444444,0.7000000000000001,"{""clf__C"": 0.1, ""clf__gamma"": ""scale""}",13.6857102999993
58,control/PCA-matched-linear,control,0,0.6666666666666666,0.5,"{""clf__C"": 1.0}",4.9408542000001034
58,control/PCA-matched-linear,control,1,0.5555555555555556,0.6000000000000001,"{""clf__C"": 0.1}",4.9408542000001034
58,control/PCA-matched-linear,control,2,0.7777777777777778,0.65,"{""clf__C"": 1.0}",4.9408542000001034
58,control/PCA-matched-linear,control,3,0.6666666666666666,0.75,"{""clf__C"": 0.1}",4.9408542000001034
58,control/PCA-matched-linear,control,4,0.4444444444444444,0.35000000000000003,"{""clf__C"": 0.1}",4.9408542000001034
58,control/PCA-matched-linear,control,5,0.4444444444444444,0.45,"{""clf__C"": 1.0}",4.9408542000001034
58,control/PCA-matched-linear,control,6,0.4444444444444444,0.45,"{""clf__C"": 10.0}",4.9408542000001034
58,control/PCA-matched-linear,control,7,0.6666666666666666,0.8500000000000001,"{""clf__C"": 10.0}",4.9408542000001034
58,control/PCA-matched-linear,control,8,0.7777777777777778,0.8,"{""clf__C"": 1.0}",4.9408542000001034
58,control/PCA-matched-linear,control,9,0.6666666666666666,0.6,"{""clf__C"": 10.0}",4.9408542000001034
58,control/PCA-matched-linear,control,10,0.6666666666666666,0.85,"{""clf__C"": 1.0}",4.9408542000001034
58,control/PCA-matched-linear,control,11,0.5555555555555556,0.5,"{""clf__C"": 0.1}",4.9408542000001034
58,control/PCA-matched-linear,control,12,0.5555555555555556,0.7,"{""clf__C"": 1.0}",4.9408542000001034
58,control/PCA-matched-linear,control,13,0.5555555555555556,0.25,"{""clf__C"": 0.1}",4.9408542000001034
58,control/PCA-matched-linear,control,14,0.7777777777777778,0.8,"{""clf__C"": 0.1}",4.9408542000001034
58,control/logeuclid-TS+LR,control,0,0.5555555555555556,0.5,"{""clf__C"": 10.0}",4.307656200000565
58,control/logeuclid-TS+LR,control,1,0.6666666666666666,0.65,"{""clf__C"": 10.0}",4.307656200000565
58,control/logeuclid-TS+LR,control,2,0.7777777777777778,0.85,"{""clf__C"": 10.0}",4.307656200000565
58,control/logeuclid-TS+LR,control,3,0.4444444444444444,0.19999999999999998,"{""clf__C"": 0.1}",4.307656200000565
58,control/logeuclid-TS+LR,control,4,0.3333333333333333,0.3,"{""clf__C"": 1.0}",4.307656200000565
58,control/logeuclid-TS+LR,control,5,0.3333333333333333,0.2,"{""clf__C"": 10.0}",4.307656200000565
58,control/logeuclid-TS+LR,control,6,0.5555555555555556,0.5,"{""clf__C"": 10.0}",4.307656200000565
58,control/logeuclid-TS+LR,control,7,0.6666666666666666,0.7,"{""clf__C"": 1.0}",4.307656200000565
58,control/logeuclid-TS+LR,control,8,0.6666666666666666,0.75,"{""clf__C"": 10.0}",4.307656200000565
58,control/logeuclid-TS+LR,control,9,0.4444444444444444,0.45,"{""clf__C"": 10.0}",4.307656200000565
58,control/logeuclid-TS+LR,control,10,0.6666666666666666,0.75,"{""clf__C"": 10.0}",4.307656200000565
58,control/logeuclid-TS+LR,control,11,0.5555555555555556,0.55,"{""clf__C"": 10.0}",4.307656200000565
58,control/logeuclid-TS+LR,control,12,0.6666666666666666,0.8,"{""clf__C"": 10.0}",4.307656200000565
58,control/logeuclid-TS+LR,control,13,0.3333333333333333,0.2,"{""clf__C"": 10.0}",4.307656200000565
58,control/logeuclid-TS+LR,control,14,0.6666666666666666,0.75,"{""clf__C"": 10.0}",4.307656200000565
58,control/riemann-kernel-SVM,control,0,0.5555555555555556,0.29999999999999993,"{""clf__C"": 0.1}",4.455382099999952
58,control/riemann-kernel-SVM,control,1,0.5555555555555556,0.7000000000000001,"{""clf__C"": 1.0}",4.455382099999952
58,control/riemann-kernel-SVM,control,2,0.7777777777777778,0.75,"{""clf__C"": 10.0}",4.455382099999952
58,control/riemann-kernel-SVM,control,3,0.5555555555555556,0.49999999999999994,"{""clf__C"": 10.0}",4.455382099999952
58,control/riemann-kernel-SVM,control,4,0.4444444444444444,0.4,"{""clf__C"": 1.0}",4.455382099999952
58,control/riemann-kernel-SVM,control,5,0.2222222222222222,0.0,"{""clf__C"": 1.0}",4.455382099999952
58,control/riemann-kernel-SVM,control,6,0.6666666666666666,0.6499999999999999,"{""clf__C"": 1.0}",4.455382099999952
58,control/riemann-kernel-SVM,control,7,0.5555555555555556,0.65,"{""clf__C"": 1.0}",4.455382099999952
58,control/riemann-kernel-SVM,control,8,0.6666666666666666,0.8,"{""clf__C"": 10.0}",4.455382099999952
58,control/riemann-kernel-SVM,control,9,0.4444444444444444,0.45,"{""clf__C"": 0.1}",4.455382099999952
58,control/riemann-kernel-SVM,control,10,0.7777777777777778,0.9,"{""clf__C"": 10.0}",4.455382099999952
58,control/riemann-kernel-SVM,control,11,0.4444444444444444,0.5,"{""clf__C"": 1.0}",4.455382099999952
58,control/riemann-kernel-SVM,control,12,0.5555555555555556,0.6,"{""clf__C"": 1.0}",4.455382099999952
58,control/riemann-kernel-SVM,control,13,0.4444444444444444,0.25,"{""clf__C"": 1.0}",4.455382099999952
58,control/riemann-kernel-SVM,control,14,0.6666666666666666,0.6,"{""clf__C"": 10.0}",4.455382099999952
58,control/logeuclid-kernel-SVM,control,0,0.5555555555555556,0.29999999999999993,"{""clf__C"": 0.1}",4.441556300000229
58,control/logeuclid-kernel-SVM,control,1,0.5555555555555556,0.65,"{""clf__C"": 1.0}",4.441556300000229
58,control/logeuclid-kernel-SVM,control,2,0.7777777777777778,0.7,"{""clf__C"": 10.0}",4.441556300000229
58,control/logeuclid-kernel-SVM,control,3,0.7777777777777778,0.9,"{""clf__C"": 10.0}",4.441556300000229
58,control/logeuclid-kernel-SVM,control,4,0.4444444444444444,0.5,"{""clf__C"": 0.1}",4.441556300000229
58,control/logeuclid-kernel-SVM,control,5,0.2222222222222222,0.0,"{""clf__C"": 1.0}",4.441556300000229
58,control/logeuclid-kernel-SVM,control,6,0.6666666666666666,0.6,"{""clf__C"": 1.0}",4.441556300000229
58,control/logeuclid-kernel-SVM,control,7,0.8888888888888888,0.9500000000000001,"{""clf__C"": 10.0}",4.441556300000229
58,control/logeuclid-kernel-SVM,control,8,0.6666666666666666,0.85,"{""clf__C"": 10.0}",4.441556300000229
58,control/logeuclid-kernel-SVM,control,9,0.5555555555555556,0.5,"{""clf__C"": 1.0}",4.441556300000229
58,control/logeuclid-kernel-SVM,control,10,0.5555555555555556,0.6,"{""clf__C"": 1.0}",4.441556300000229
58,control/logeuclid-kernel-SVM,control,11,0.4444444444444444,0.55,"{""clf__C"": 10.0}",4.441556300000229
58,control/logeuclid-kernel-SVM,control,12,0.6666666666666666,0.65,"{""clf__C"": 10.0}",4.441556300000229
58,control/logeuclid-kernel-SVM,control,13,0.5555555555555556,0.5499999999999999,"{""clf__C"": 10.0}",4.441556300000229
58,control/logeuclid-kernel-SVM,control,14,0.5555555555555556,0.6,"{""clf__C"": 1.0}",4.441556300000229
59,classical/logvar+LDA,classical,0,0.4444444444444444,0.4,{},0.07947760000024573
59,classical/logvar+LDA,classical,1,0.5555555555555556,0.7000000000000001,{},0.07947760000024573
59,classical/logvar+LDA,classical,2,0.3333333333333333,0.29999999999999993,{},0.07947760000024573
59,classical/logvar+LDA,classical,3,0.5555555555555556,0.7,{},0.07947760000024573
59,classical/logvar+LDA,classical,4,0.4444444444444444,0.55,{},0.07947760000024573
59,classical/logvar+LDA,classical,5,0.7777777777777778,0.7,{},0.07947760000024573
59,classical/logvar+LDA,classical,6,0.4444444444444444,0.5,{},0.07947760000024573
59,classical/logvar+LDA,classical,7,0.2222222222222222,0.09999999999999998,{},0.07947760000024573
59,classical/logvar+LDA,classical,8,0.4444444444444444,0.35,{},0.07947760000024573
59,classical/logvar+LDA,classical,9,0.5555555555555556,0.55,{},0.07947760000024573
59,classical/logvar+LDA,classical,10,0.6666666666666666,0.6,{},0.07947760000024573
59,classical/logvar+LDA,classical,11,0.3333333333333333,0.5,{},0.07947760000024573
59,classical/logvar+LDA,classical,12,0.5555555555555556,0.5,{},0.07947760000024573
59,classical/logvar+LDA,classical,13,0.5555555555555556,0.5499999999999999,{},0.07947760000024573
59,classical/logvar+LDA,classical,14,0.5555555555555556,0.44999999999999996,{},0.07947760000024573
59,classical/CSP+LDA,classical,0,0.3333333333333333,0.2,"{""csp__nfilter"": 4}",3.8083497999996325
59,classical/CSP+LDA,classical,1,0.3333333333333333,0.24999999999999997,"{""csp__nfilter"": 4}",3.8083497999996325
59,classical/CSP+LDA,classical,2,0.3333333333333333,0.4,"{""csp__nfilter"": 6}",3.8083497999996325
59,classical/CSP+LDA,classical,3,0.3333333333333333,0.15,"{""csp__nfilter"": 6}",3.8083497999996325
59,classical/CSP+LDA,classical,4,0.2222222222222222,0.25,"{""csp__nfilter"": 4}",3.8083497999996325
59,classical/CSP+LDA,classical,5,0.5555555555555556,0.35,"{""csp__nfilter"": 4}",3.8083497999996325
59,classical/CSP+LDA,classical,6,0.4444444444444444,0.15,"{""csp__nfilter"": 4}",3.8083497999996325
59,classical/CSP+LDA,classical,7,0.3333333333333333,0.15,"{""csp__nfilter"": 6}",3.8083497999996325
59,classical/CSP+LDA,classical,8,0.1111111111111111,0.0,"{""csp__nfilter"": 4}",3.8083497999996325
59,classical/CSP+LDA,classical,9,0.3333333333333333,0.25,"{""csp__nfilter"": 4}",3.8083497999996325
59,classical/CSP+LDA,classical,10,0.4444444444444444,0.5499999999999999,"{""csp__nfilter"": 6}",3.8083497999996325
59,classical/CSP+LDA,classical,11,0.3333333333333333,0.45,"{""csp__nfilter"": 6}",3.8083497999996325
59,classical/CSP+LDA,classical,12,0.3333333333333333,0.45,"{""csp__nfilter"": 2}",3.8083497999996325
59,classical/CSP+LDA,classical,13,0.6666666666666666,0.65,"{""csp__nfilter"": 2}",3.8083497999996325
59,classical/CSP+LDA,classical,14,0.6666666666666666,0.65,"{""csp__nfilter"": 6}",3.8083497999996325
59,classical/MDM,classical,0,0.2222222222222222,0.3,{},0.4681067000001349
59,classical/MDM,classical,1,0.3333333333333333,0.29999999999999993,{},0.4681067000001349
59,classical/MDM,classical,2,0.4444444444444444,0.5,{},0.4681067000001349
59,classical/MDM,classical,3,0.2222222222222222,0.0,{},0.4681067000001349
59,classical/MDM,classical,4,0.3333333333333333,0.35000000000000003,{},0.4681067000001349
59,classical/MDM,classical,5,0.4444444444444444,0.39999999999999997,{},0.4681067000001349
59,classical/MDM,classical,6,0.3333333333333333,0.15,{},0.4681067000001349
59,classical/MDM,classical,7,0.3333333333333333,0.1,{},0.4681067000001349
59,classical/MDM,classical,8,0.1111111111111111,0.0,{},0.4681067000001349
59,classical/MDM,classical,9,0.3333333333333333,0.55,{},0.4681067000001349
59,classical/MDM,classical,10,0.4444444444444444,0.39999999999999997,{},0.4681067000001349
59,classical/MDM,classical,11,0.5555555555555556,0.5,{},0.4681067000001349
59,classical/MDM,classical,12,0.2222222222222222,0.25,{},0.4681067000001349
59,classical/MDM,classical,13,0.6666666666666666,0.55,{},0.4681067000001349
59,classical/MDM,classical,14,0.4444444444444444,0.4,{},0.4681067000001349
59,classical/TS+LR,classical,0,0.7777777777777778,1.0,"{""clf__C"": 10.0}",4.789762999999766
59,classical/TS+LR,classical,1,0.6666666666666666,0.7000000000000001,"{""clf__C"": 1.0}",4.789762999999766
59,classical/TS+LR,classical,2,0.5555555555555556,0.6,"{""clf__C"": 10.0}",4.789762999999766
59,classical/TS+LR,classical,3,0.4444444444444444,0.3,"{""clf__C"": 0.1}",4.789762999999766
59,classical/TS+LR,classical,4,0.5555555555555556,0.6000000000000001,"{""clf__C"": 10.0}",4.789762999999766
59,classical/TS+LR,classical,5,0.6666666666666666,0.65,"{""clf__C"": 10.0}",4.789762999999766
59,classical/TS+LR,classical,6,0.5555555555555556,0.45,"{""clf__C"": 0.1}",4.789762999999766
59,classical/TS+LR,classical,7,0.6666666666666666,0.44999999999999996,"{""clf__C"": 10.0}",4.789762999999766
59,classical/TS+LR,classical,8,0.4444444444444444,0.15,"{""clf__C"": 10.0}",4.789762999999766
59,classical/TS+LR,classical,9,0.5555555555555556,0.4,"{""clf__C"": 1.0}",4.789762999999766
59,classical/TS+LR,classical,10,0.4444444444444444,0.35,"{""clf__C"": 0.1}",4.789762999999766
59,classical/TS+LR,classical,11,0.5555555555555556,0.6,"{""clf__C"": 10.0}",4.789762999999766
59,classical/TS+LR,classical,12,0.6666666666666666,0.65,"{""clf__C"": 10.0}",4.789762999999766
59,classical/TS+LR,classical,13,0.4444444444444444,0.5499999999999999,"{""clf__C"": 10.0}",4.789762999999766
59,classical/TS+LR,classical,14,0.4444444444444444,0.55,"{""clf__C"": 10.0}",4.789762999999766
59,classical/TS+RBF-SVM,classical,0,0.4444444444444444,0.09999999999999998,"{""clf__C"": 10.0, ""clf__gamma"": 0.1}",12.655231799999456
59,classical/TS+RBF-SVM,classical,1,0.5555555555555556,0.55,"{""clf__C"": 0.1, ""clf__gamma"": ""scale""}",12.655231799999456
59,classical/TS+RBF-SVM,classical,2,0.5555555555555556,0.5,"{""clf__C"": 0.1, ""clf__gamma"": ""scale""}",12.655231799999456
59,classical/TS+RBF-SVM,classical,3,0.3333333333333333,0.1,"{""clf__C"": 1.0, ""clf__gamma"": 0.01}",12.655231799999456
59,classical/TS+RBF-SVM,classical,4,0.4444444444444444,0.4,"{""clf__C"": 10.0, ""clf__gamma"": ""scale""}",12.655231799999456
59,classical/TS+RBF-SVM,classical,5,0.5555555555555556,0.6000000000000001,"{""clf__C"": 0.1, ""clf__gamma"": ""scale""}",12.655231799999456
59,classical/TS+RBF-SVM,classical,6,0.4444444444444444,0.4,"{""clf__C"": 1.0, ""clf__gamma"": 0.01}",12.655231799999456
59,classical/TS+RBF-SVM,classical,7,0.5555555555555556,0.0,"{""clf__C"": 0.1, ""clf__gamma"": ""scale""}",12.655231799999456
59,classical/TS+RBF-SVM,classical,8,0.4444444444444444,0.35000000000000003,"{""clf__C"": 10.0, ""clf__gamma"": 0.01}",12.655231799999456
59,classical/TS+RBF-SVM,classical,9,0.4444444444444444,0.5,"{""clf__C"": 0.1, ""clf__gamma"": ""scale""}",12.655231799999456
59,classical/TS+RBF-SVM,classical,10,0.5555555555555556,0.35,"{""clf__C"": 10.0, ""clf__gamma"": ""scale""}",12.655231799999456
59,classical/TS+RBF-SVM,classical,11,0.5555555555555556,0.44999999999999996,"{""clf__C"": 1.0, ""clf__gamma"": 0.1}",12.655231799999456
59,classical/TS+RBF-SVM,classical,12,0.5555555555555556,0.45,"{""clf__C"": 0.1, ""clf__gamma"": ""scale""}",12.655231799999456
59,classical/TS+RBF-SVM,classical,13,0.5555555555555556,0.65,"{""clf__C"": 0.1, ""clf__gamma"": ""scale""}",12.655231799999456
59,classical/TS+RBF-SVM,classical,14,0.4444444444444444,0.55,"{""clf__C"": 0.1, ""clf__gamma"": ""scale""}",12.655231799999456
59,quantum/HS-overlap-SVM,quantum,0,0.5555555555555556,0.4,"{""clf__C"": 0.1}",3.7823513000003004
59,quantum/HS-overlap-SVM,quantum,1,0.5555555555555556,0.55,"{""clf__C"": 0.1}",3.7823513000003004
59,quantum/HS-overlap-SVM,quantum,2,0.5555555555555556,0.35,"{""clf__C"": 0.1}",3.7823513000003004
59,quantum/HS-overlap-SVM,quantum,3,0.5555555555555556,0.55,"{""clf__C"": 0.1}",3.7823513000003004
59,quantum/HS-overlap-SVM,quantum,4,0.4444444444444444,0.6,"{""clf__C"": 0.1}",3.7823513000003004
59,quantum/HS-overlap-SVM,quantum,5,0.5555555555555556,0.7000000000000001,"{""clf__C"": 0.1}",3.7823513000003004
59,quantum/HS-overlap-SVM,quantum,6,0.5555555555555556,0.45,"{""clf__C"": 0.1}",3.7823513000003004
59,quantum/HS-overlap-SVM,quantum,7,0.5555555555555556,0.19999999999999998,"{""clf__C"": 0.1}",3.7823513000003004
59,quantum/HS-overlap-SVM,quantum,8,0.5555555555555556,0.6,"{""clf__C"": 0.1}",3.7823513000003004
59,quantum/HS-overlap-SVM,quantum,9,0.4444444444444444,0.45,"{""clf__C"": 0.1}",3.7823513000003004
59,quantum/HS-overlap-SVM,quantum,10,0.5555555555555556,0.65,"{""clf__C"": 0.1}",3.7823513000003004
59,quantum/HS-overlap-SVM,quantum,11,0.5555555555555556,0.39999999999999997,"{""clf__C"": 0.1}",3.7823513000003004
59,quantum/HS-overlap-SVM,quantum,12,0.5555555555555556,0.5,"{""clf__C"": 0.1}",3.7823513000003004
59,quantum/HS-overlap-SVM,quantum,13,0.5555555555555556,0.5499999999999999,"{""clf__C"": 0.1}",3.7823513000003004
59,quantum/HS-overlap-SVM,quantum,14,0.4444444444444444,0.4,"{""clf__C"": 0.1}",3.7823513000003004
59,quantum/Fidelity-SVM,quantum,0,0.5555555555555556,0.5,"{""clf__C"": 0.1}",5.305335199999718
59,quantum/Fidelity-SVM,quantum,1,0.5555555555555556,0.6,"{""clf__C"": 0.1}",5.305335199999718
59,quantum/Fidelity-SVM,quantum,2,0.5555555555555556,0.39999999999999997,"{""clf__C"": 10.0}",5.305335199999718
59,quantum/Fidelity-SVM,quantum,3,0.5555555555555556,0.44999999999999996,"{""clf__C"": 0.1}",5.305335199999718
59,quantum/Fidelity-SVM,quantum,4,0.4444444444444444,0.65,"{""clf__C"": 0.1}",5.305335199999718
59,quantum/Fidelity-SVM,quantum,5,0.5555555555555556,0.6500000000000001,"{""clf__C"": 0.1}",5.305335199999718
59,quantum/Fidelity-SVM,quantum,6,0.4444444444444444,0.4,"{""clf__C"": 10.0}",5.305335199999718
59,quantum/Fidelity-SVM,quantum,7,0.5555555555555556,0.39999999999999997,"{""clf__C"": 10.0}",5.305335199999718
59,quantum/Fidelity-SVM,quantum,8,0.5555555555555556,0.35,"{""clf__C"": 0.1}",5.305335199999718
59,quantum/Fidelity-SVM,quantum,9,0.4444444444444444,0.6000000000000001,"{""clf__C"": 0.1}",5.305335199999718
59,quantum/Fidelity-SVM,quantum,10,0.5555555555555556,0.75,"{""clf__C"": 0.1}",5.305335199999718
59,quantum/Fidelity-SVM,quantum,11,0.5555555555555556,0.3,"{""clf__C"": 10.0}",5.305335199999718
59,quantum/Fidelity-SVM,quantum,12,0.5555555555555556,0.45,"{""clf__C"": 0.1}",5.305335199999718
59,quantum/Fidelity-SVM,quantum,13,0.5555555555555556,0.55,"{""clf__C"": 0.1}",5.305335199999718
59,quantum/Fidelity-SVM,quantum,14,0.4444444444444444,0.39999999999999997,"{""clf__C"": 0.1}",5.305335199999718
59,quantum/HS-RBF-SVM,quantum,0,0.2222222222222222,0.15,"{""clf__C"": 10.0, ""clf__gamma_mult"": 1.0}",10.540632399999595
59,quantum/HS-RBF-SVM,quantum,1,0.5555555555555556,0.6,"{""clf__C"": 0.1, ""clf__gamma_mult"": 0.25}",10.540632399999595
59,quantum/HS-RBF-SVM,quantum,2,0.4444444444444444,0.35,"{""clf__C"": 1.0, ""clf__gamma_mult"": 0.25}",10.540632399999595
59,quantum/HS-RBF-SVM,quantum,3,0.3333333333333333,0.35,"{""clf__C"": 10.0, ""clf__gamma_mult"": 0.25}",10.540632399999595
59,quantum/HS-RBF-SVM,quantum,4,0.4444444444444444,0.6000000000000001,"{""clf__C"": 0.1, ""clf__gamma_mult"": 0.25}",10.540632399999595
59,quantum/HS-RBF-SVM,quantum,5,0.3333333333333333,0.39999999999999997,"{""clf__C"": 10.0, ""clf__gamma_mult"": 0.25}",10.540632399999595
59,quantum/HS-RBF-SVM,quantum,6,0.2222222222222222,0.4,"{""clf__C"": 1.0, ""clf__gamma_mult"": 0.25}",10.540632399999595
59,quantum/HS-RBF-SVM,quantum,7,0.4444444444444444,0.0,"{""clf__C"": 10.0, ""clf__gamma_mult"": 1.0}",10.540632399999595
59,quantum/HS-RBF-SVM,quantum,8,0.5555555555555556,0.55,"{""clf__C"": 0.1, ""clf__gamma_mult"": 0.25}",10.540632399999595
59,quantum/HS-RBF-SVM,quantum,9,0.4444444444444444,0.45,"{""clf__C"": 0.1, ""clf__gamma_mult"": 0.25}",10.540632399999595
59,quantum/HS-RBF-SVM,quantum,10,0.5555555555555556,0.65,"{""clf__C"": 0.1, ""clf__gamma_mult"": 0.25}",10.540632399999595
59,quantum/HS-RBF-SVM,quantum,11,0.3333333333333333,0.39999999999999997,"{""clf__C"": 10.0, ""clf__gamma_mult"": 0.25}",10.540632399999595
59,quantum/HS-RBF-SVM,quantum,12,0.5555555555555556,0.44999999999999996,"{""clf__C"": 0.1, ""clf__gamma_mult"": 0.25}",10.540632399999595
59,quantum/HS-RBF-SVM,quantum,13,0.5555555555555556,0.55,"{""clf__C"": 0.1, ""clf__gamma_mult"": 0.25}",10.540632399999595
59,quantum/HS-RBF-SVM,quantum,14,0.4444444444444444,0.45,"{""clf__C"": 0.1, ""clf__gamma_mult"": 0.25}",10.540632399999595
59,quantum/Bures-RBF-SVM,quantum,0,0.5555555555555556,0.5,"{""clf__C"": 0.1, ""clf__gamma_mult"": 0.25}",13.944999299999836
59,quantum/Bures-RBF-SVM,quantum,1,0.5555555555555556,0.6,"{""clf__C"": 0.1, ""clf__gamma_mult"": 0.25}",13.944999299999836
59,quantum/Bures-RBF-SVM,quantum,2,0.5555555555555556,0.3,"{""clf__C"": 0.1, ""clf__gamma_mult"": 0.25}",13.944999299999836
59,quantum/Bures-RBF-SVM,quantum,3,0.3333333333333333,0.5,"{""clf__C"": 1.0, ""clf__gamma_mult"": 1.0}",13.944999299999836
59,quantum/Bures-RBF-SVM,quantum,4,0.4444444444444444,0.55,"{""clf__C"": 0.1, ""clf__gamma_mult"": 0.25}",13.944999299999836
59,quantum/Bures-RBF-SVM,quantum,5,0.5555555555555556,0.6500000000000001,"{""clf__C"": 0.1, ""clf__gamma_mult"": 0.25}",13.944999299999836
59,quantum/Bures-RBF-SVM,quantum,6,0.3333333333333333,0.4,"{""clf__C"": 1.0, ""clf__gamma_mult"": 0.25}",13.944999299999836
59,quantum/Bures-RBF-SVM,quantum,7,0.3333333333333333,0.2,"{""clf__C"": 10.0, ""clf__gamma_mult"": 0.25}",13.944999299999836
59,quantum/Bures-RBF-SVM,quantum,8,0.5555555555555556,0.39999999999999997,"{""clf__C"": 0.1, ""clf__gamma_mult"": 0.25}",13.944999299999836
59,quantum/Bures-RBF-SVM,quantum,9,0.4444444444444444,0.6000000000000001,"{""clf__C"": 0.1, ""clf__gamma_mult"": 0.25}",13.944999299999836
59,quantum/Bures-RBF-SVM,quantum,10,0.4444444444444444,0.5,"{""clf__C"": 10.0, ""clf__gamma_mult"": 1.0}",13.944999299999836
59,quantum/Bures-RBF-SVM,quantum,11,0.4444444444444444,0.39999999999999997,"{""clf__C"": 10.0, ""clf__gamma_mult"": 0.25}",13.944999299999836
59,quantum/Bures-RBF-SVM,quantum,12,0.4444444444444444,0.45,"{""clf__C"": 1.0, ""clf__gamma_mult"": 0.25}",13.944999299999836
59,quantum/Bures-RBF-SVM,quantum,13,0.5555555555555556,0.6,"{""clf__C"": 10.0, ""clf__gamma_mult"": 0.25}",13.944999299999836
59,quantum/Bures-RBF-SVM,quantum,14,0.4444444444444444,0.39999999999999997,"{""clf__C"": 0.1, ""clf__gamma_mult"": 0.25}",13.944999299999836
59,quantum/QRE-RBF-SVM,quantum,0,0.5555555555555556,0.45,"{""clf__C"": 0.1, ""clf__gamma_mult"": 0.25}",12.365123400000812
59,quantum/QRE-RBF-SVM,quantum,1,0.5555555555555556,0.6,"{""clf__C"": 0.1, ""clf__gamma_mult"": 0.25}",12.365123400000812
59,quantum/QRE-RBF-SVM,quantum,2,0.5555555555555556,0.35,"{""clf__C"": 0.1, ""clf__gamma_mult"": 0.25}",12.365123400000812
59,quantum/QRE-RBF-SVM,quantum,3,0.3333333333333333,0.5,"{""clf__C"": 1.0, ""clf__gamma_mult"": 1.0}",12.365123400000812
59,quantum/QRE-RBF-SVM,quantum,4,0.4444444444444444,0.6,"{""clf__C"": 0.1, ""clf__gamma_mult"": 0.25}",12.365123400000812
59,quantum/QRE-RBF-SVM,quantum,5,0.5555555555555556,0.7000000000000001,"{""clf__C"": 0.1, ""clf__gamma_mult"": 0.25}",12.365123400000812
59,quantum/QRE-RBF-SVM,quantum,6,0.3333333333333333,0.4,"{""clf__C"": 1.0, ""clf__gamma_mult"": 0.25}",12.365123400000812
59,quantum/QRE-RBF-SVM,quantum,7,0.3333333333333333,0.1,"{""clf__C"": 10.0, ""clf__gamma_mult"": 0.25}",12.365123400000812
59,quantum/QRE-RBF-SVM,quantum,8,0.5555555555555556,0.39999999999999997,"{""clf__C"": 0.1, ""clf__gamma_mult"": 0.25}",12.365123400000812
59,quantum/QRE-RBF-SVM,quantum,9,0.4444444444444444,0.6000000000000001,"{""clf__C"": 0.1, ""clf__gamma_mult"": 0.25}",12.365123400000812
59,quantum/QRE-RBF-SVM,quantum,10,0.5555555555555556,0.6000000000000001,"{""clf__C"": 0.1, ""clf__gamma_mult"": 0.25}",12.365123400000812
59,quantum/QRE-RBF-SVM,quantum,11,0.5555555555555556,0.39999999999999997,"{""clf__C"": 10.0, ""clf__gamma_mult"": 1.0}",12.365123400000812
59,quantum/QRE-RBF-SVM,quantum,12,0.4444444444444444,0.45,"{""clf__C"": 1.0, ""clf__gamma_mult"": 0.25}",12.365123400000812
59,quantum/QRE-RBF-SVM,quantum,13,0.4444444444444444,0.39999999999999997,"{""clf__C"": 1.0, ""clf__gamma_mult"": 4.0}",12.365123400000812
59,quantum/QRE-RBF-SVM,quantum,14,0.4444444444444444,0.39999999999999997,"{""clf__C"": 0.1, ""clf__gamma_mult"": 0.25}",12.365123400000812
59,quantum/HS-overlap-ref-SVM,quantum,0,0.3333333333333333,0.3,"{""clf__C"": 10.0}",4.5372237999999925
59,quantum/HS-overlap-ref-SVM,quantum,1,0.5555555555555556,0.65,"{""clf__C"": 0.1}",4.5372237999999925
59,quantum/HS-overlap-ref-SVM,quantum,2,0.5555555555555556,0.45,"{""clf__C"": 0.1}",4.5372237999999925
59,quantum/HS-overlap-ref-SVM,quantum,3,0.3333333333333333,0.24999999999999997,"{""clf__C"": 10.0}",4.5372237999999925
59,quantum/HS-overlap-ref-SVM,quantum,4,0.4444444444444444,0.5,"{""clf__C"": 0.1}",4.5372237999999925
59,quantum/HS-overlap-ref-SVM,quantum,5,0.5555555555555556,0.7000000000000001,"{""clf__C"": 0.1}",4.5372237999999925
59,quantum/HS-overlap-ref-SVM,quantum,6,0.4444444444444444,0.44999999999999996,"{""clf__C"": 10.0}",4.5372237999999925
59,quantum/HS-overlap-ref-SVM,quantum,7,0.2222222222222222,0.30000000000000004,"{""clf__C"": 10.0}",4.5372237999999925
59,quantum/HS-overlap-ref-SVM,quantum,8,0.5555555555555556,0.5499999999999999,"{""clf__C"": 0.1}",4.5372237999999925
59,quantum/HS-overlap-ref-SVM,quantum,9,0.4444444444444444,0.44999999999999996,"{""clf__C"": 0.1}",4.5372237999999925
59,quantum/HS-overlap-ref-SVM,quantum,10,0.5555555555555556,0.35,"{""clf__C"": 0.1}",4.5372237999999925
59,quantum/HS-overlap-ref-SVM,quantum,11,0.4444444444444444,0.44999999999999996,"{""clf__C"": 10.0}",4.5372237999999925
59,quantum/HS-overlap-ref-SVM,quantum,12,0.5555555555555556,0.5,"{""clf__C"": 10.0}",4.5372237999999925
59,quantum/HS-overlap-ref-SVM,quantum,13,0.5555555555555556,0.6,"{""clf__C"": 0.1}",4.5372237999999925
59,quantum/HS-overlap-ref-SVM,quantum,14,0.4444444444444444,0.25,"{""clf__C"": 0.1}",4.5372237999999925
59,quantum/Fidelity-ref-SVM,quantum,0,0.2222222222222222,0.4,"{""clf__C"": 10.0}",6.259170799999993
59,quantum/Fidelity-ref-SVM,quantum,1,0.5555555555555556,0.7,"{""clf__C"": 0.1}",6.259170799999993
59,quantum/Fidelity-ref-SVM,quantum,2,0.5555555555555556,0.4,"{""clf__C"": 0.1}",6.259170799999993
59,quantum/Fidelity-ref-SVM,quantum,3,0.3333333333333333,0.19999999999999998,"{""clf__C"": 10.0}",6.259170799999993
59,quantum/Fidelity-ref-SVM,quantum,4,0.4444444444444444,0.55,"{""clf__C"": 0.1}",6.259170799999993
59,quantum/Fidelity-ref-SVM,quantum,5,0.5555555555555556,0.7000000000000001,"{""clf__C"": 0.1}",6.259170799999993
59,quantum/Fidelity-ref-SVM,quantum,6,0.4444444444444444,0.25,"{""clf__C"": 10.0}",6.259170799999993
59,quantum/Fidelity-ref-SVM,quantum,7,0.5555555555555556,0.3,"{""clf__C"": 0.1}",6.259170799999993
59,quantum/Fidelity-ref-SVM,quantum,8,0.5555555555555556,0.65,"{""clf__C"": 0.1}",6.259170799999993
59,quantum/Fidelity-ref-SVM,quantum,9,0.4444444444444444,0.44999999999999996,"{""clf__C"": 0.1}",6.259170799999993
59,quantum/Fidelity-ref-SVM,quantum,10,0.5555555555555556,0.3,"{""clf__C"": 0.1}",6.259170799999993
59,quantum/Fidelity-ref-SVM,quantum,11,0.5555555555555556,0.49999999999999994,"{""clf__C"": 10.0}",6.259170799999993
59,quantum/Fidelity-ref-SVM,quantum,12,0.5555555555555556,0.5,"{""clf__C"": 0.1}",6.259170799999993
59,quantum/Fidelity-ref-SVM,quantum,13,0.5555555555555556,0.6,"{""clf__C"": 0.1}",6.259170799999993
59,quantum/Fidelity-ref-SVM,quantum,14,0.4444444444444444,0.35000000000000003,"{""clf__C"": 0.1}",6.259170799999993
59,quantum/HS-RBF-ref-SVM,quantum,0,0.2222222222222222,0.04999999999999999,"{""clf__C"": 10.0, ""clf__gamma_mult"": 4.0}",12.67983599999934
59,quantum/HS-RBF-ref-SVM,quantum,1,0.4444444444444444,0.44999999999999996,"{""clf__C"": 1.0, ""clf__gamma_mult"": 4.0}",12.67983599999934
59,quantum/HS-RBF-ref-SVM,quantum,2,0.4444444444444444,0.55,"{""clf__C"": 10.0, ""clf__gamma_mult"": 1.0}",12.67983599999934
59,quantum/HS-RBF-ref-SVM,quantum,3,0.4444444444444444,0.39999999999999997,"{""clf__C"": 10.0, ""clf__gamma_mult"": 0.25}",12.67983599999934
59,quantum/HS-RBF-ref-SVM,quantum,4,0.4444444444444444,0.5,"{""clf__C"": 0.1, ""clf__gamma_mult"": 0.25}",12.67983599999934
59,quantum/HS-RBF-ref-SVM,quantum,5,0.4444444444444444,0.3,"{""clf__C"": 10.0, ""clf__gamma_mult"": 4.0}",12.67983599999934
59,quantum/HS-RBF-ref-SVM,quantum,6,0.5555555555555556,0.5,"{""clf__C"": 10.0, ""clf__gamma_mult"": 0.25}",12.67983599999934
59,quantum/HS-RBF-ref-SVM,quantum,7,0.2222222222222222,0.24999999999999997,"{""clf__C"": 10.0, ""clf__gamma_mult"": 0.25}",12.67983599999934
59,quantum/HS-RBF-ref-SVM,quantum,8,0.3333333333333333,0.04999999999999999,"{""clf__C"": 1.0, ""clf__gamma_mult"": 4.0}",12.67983599999934
59,quantum/HS-RBF-ref-SVM,quantum,9,0.4444444444444444,0.35000000000000003,"{""clf__C"": 0.1, ""clf__gamma_mult"": 0.25}",12.67983599999934
59,quantum/HS-RBF-ref-SVM,quantum,10,0.3333333333333333,0.4,"{""clf__C"": 10.0, ""clf__gamma_mult"": 4.0}",12.67983599999934
59,quantum/HS-RBF-ref-SVM,quantum,11,0.5555555555555556,0.5499999999999999,"{""clf__C"": 10.0, ""clf__gamma_mult"": 0.25}",12.67983599999934
59,quantum/HS-RBF-ref-SVM,quantum,12,0.5555555555555556,0.65,"{""clf__C"": 10.0, ""clf__gamma_mult"": 0.25}",12.67983599999934
59,quantum/HS-RBF-ref-SVM,quantum,13,0.7777777777777778,0.75,"{""clf__C"": 10.0, ""clf__gamma_mult"": 0.25}",12.67983599999934
59,quantum/HS-RBF-ref-SVM,quantum,14,0.4444444444444444,0.4,"{""clf__C"": 1.0, ""clf__gamma_mult"": 4.0}",12.67983599999934
59,quantum/Bures-RBF-ref-SVM,quantum,0,0.3333333333333333,0.25,"{""clf__C"": 10.0, ""clf__gamma_mult"": 1.0}",16.74955409999984
59,quantum/Bures-RBF-ref-SVM,quantum,1,0.4444444444444444,0.35,"{""clf__C"": 1.0, ""clf__gamma_mult"": 4.0}",16.74955409999984
59,quantum/Bures-RBF-ref-SVM,quantum,2,0.5555555555555556,0.5,"{""clf__C"": 10.0, ""clf__gamma_mult"": 0.25}",16.74955409999984
59,quantum/Bures-RBF-ref-SVM,quantum,3,0.4444444444444444,0.39999999999999997,"{""clf__C"": 10.0, ""clf__gamma_mult"": 0.25}",16.74955409999984
59,quantum/Bures-RBF-ref-SVM,quantum,4,0.5555555555555556,0.55,"{""clf__C"": 10.0, ""clf__gamma_mult"": 1.0}",16.74955409999984
59,quantum/Bures-RBF-ref-SVM,quantum,5,0.4444444444444444,0.25,"{""clf__C"": 10.0, ""clf__gamma_mult"": 4.0}",16.74955409999984
59,quantum/Bures-RBF-ref-SVM,quantum,6,0.5555555555555556,0.5,"{""clf__C"": 10.0, ""clf__gamma_mult"": 0.25}",16.74955409999984
59,quantum/Bures-RBF-ref-SVM,quantum,7,0.4444444444444444,0.35000000000000003,"{""clf__C"": 10.0, ""clf__gamma_mult"": 1.0}",16.74955409999984
59,quantum/Bures-RBF-ref-SVM,quantum,8,0.3333333333333333,0.04999999999999999,"{""clf__C"": 1.0, ""clf__gamma_mult"": 4.0}",16.74955409999984
59,quantum/Bures-RBF-ref-SVM,quantum,9,0.4444444444444444,0.39999999999999997,"{""clf__C"": 0.1, ""clf__gamma_mult"": 0.25}",16.74955409999984
59,quantum/Bures-RBF-ref-SVM,quantum,10,0.3333333333333333,0.35,"{""clf__C"": 10.0, ""clf__gamma_mult"": 4.0}",16.74955409999984
59,quantum/Bures-RBF-ref-SVM,quantum,11,0.5555555555555556,0.45,"{""clf__C"": 1.0, ""clf__gamma_mult"": 1.0}",16.74955409999984
59,quantum/Bures-RBF-ref-SVM,quantum,12,0.6666666666666666,0.7000000000000001,"{""clf__C"": 10.0, ""clf__gamma_mult"": 0.25}",16.74955409999984
59,quantum/Bures-RBF-ref-SVM,quantum,13,0.5555555555555556,0.65,"{""clf__C"": 0.1, ""clf__gamma_mult"": 0.25}",16.74955409999984
59,quantum/Bures-RBF-ref-SVM,quantum,14,0.4444444444444444,0.3,"{""clf__C"": 1.0, ""clf__gamma_mult"": 4.0}",16.74955409999984
59,quantum/QRE-RBF-ref-SVM,quantum,0,0.3333333333333333,0.25,"{""clf__C"": 10.0, ""clf__gamma_mult"": 1.0}",14.563639499999226
59,quantum/QRE-RBF-ref-SVM,quantum,1,0.4444444444444444,0.35,"{""clf__C"": 1.0, ""clf__gamma_mult"": 4.0}",14.563639499999226
59,quantum/QRE-RBF-ref-SVM,quantum,2,0.5555555555555556,0.5499999999999999,"{""clf__C"": 10.0, ""clf__gamma_mult"": 0.25}",14.563639499999226
59,quantum/QRE-RBF-ref-SVM,quantum,3,0.4444444444444444,0.39999999999999997,"{""clf__C"": 10.0, ""clf__gamma_mult"": 0.25}",14.563639499999226
59,quantum/QRE-RBF-ref-SVM,quantum,4,0.5555555555555556,0.55,"{""clf__C"": 10.0, ""clf__gamma_mult"": 1.0}",14.563639499999226
59,quantum/QRE-RBF-ref-SVM,quantum,5,0.4444444444444444,0.25,"{""clf__C"": 10.0, ""clf__gamma_mult"": 4.0}",14.563639499999226
59,quantum/QRE-RBF-ref-SVM,quantum,6,0.5555555555555556,0.5,"{""clf__C"": 10.0, ""clf__gamma_mult"": 0.25}",14.563639499999226
59,quantum/QRE-RBF-ref-SVM,quantum,7,0.3333333333333333,0.35000000000000003,"{""clf__C"": 10.0, ""clf__gamma_mult"": 1.0}",14.563639499999226
59,quantum/QRE-RBF-ref-SVM,quantum,8,0.3333333333333333,0.04999999999999999,"{""clf__C"": 1.0, ""clf__gamma_mult"": 4.0}",14.563639499999226
59,quantum/QRE-RBF-ref-SVM,quantum,9,0.4444444444444444,0.44999999999999996,"{""clf__C"": 0.1, ""clf__gamma_mult"": 0.25}",14.563639499999226
59,quantum/QRE-RBF-ref-SVM,quantum,10,0.3333333333333333,0.35,"{""clf__C"": 10.0, ""clf__gamma_mult"": 4.0}",14.563639499999226
59,quantum/QRE-RBF-ref-SVM,quantum,11,0.5555555555555556,0.45,"{""clf__C"": 1.0, ""clf__gamma_mult"": 1.0}",14.563639499999226
59,quantum/QRE-RBF-ref-SVM,quantum,12,0.6666666666666666,0.7000000000000001,"{""clf__C"": 10.0, ""clf__gamma_mult"": 0.25}",14.563639499999226
59,quantum/QRE-RBF-ref-SVM,quantum,13,0.5555555555555556,0.65,"{""clf__C"": 0.1, ""clf__gamma_mult"": 0.25}",14.563639499999226
59,quantum/QRE-RBF-ref-SVM,quantum,14,0.4444444444444444,0.3,"{""clf__C"": 1.0, ""clf__gamma_mult"": 4.0}",14.563639499999226
59,quantum/IQP-kernel-SVM,quantum,0,0.6666666666666666,0.6,"{""clf__C"": 10.0, ""clf__scale"": 2.0}",20.56437520000054
59,quantum/IQP-kernel-SVM,quantum,1,0.5555555555555556,0.35,"{""clf__C"": 0.1, ""clf__scale"": 0.5}",20.56437520000054
59,quantum/IQP-kernel-SVM,quantum,2,0.8888888888888888,0.9500000000000001,"{""clf__C"": 1.0, ""clf__scale"": 2.0}",20.56437520000054
59,quantum/IQP-kernel-SVM,quantum,3,0.3333333333333333,0.0,"{""clf__C"": 1.0, ""clf__scale"": 0.5}",20.56437520000054
59,quantum/IQP-kernel-SVM,quantum,4,0.4444444444444444,0.55,"{""clf__C"": 0.1, ""clf__scale"": 0.5}",20.56437520000054
59,quantum/IQP-kernel-SVM,quantum,5,0.6666666666666666,0.7000000000000001,"{""clf__C"": 10.0, ""clf__scale"": 2.0}",20.56437520000054
59,quantum/IQP-kernel-SVM,quantum,6,0.5555555555555556,0.7,"{""clf__C"": 10.0, ""clf__scale"": 2.0}",20.56437520000054
59,quantum/IQP-kernel-SVM,quantum,7,0.5555555555555556,0.35,"{""clf__C"": 1.0, ""clf__scale"": 0.5}",20.56437520000054
59,quantum/IQP-kernel-SVM,quantum,8,0.6666666666666666,0.8,"{""clf__C"": 10.0, ""clf__scale"": 2.0}",20.56437520000054
59,quantum/IQP-kernel-SVM,quantum,9,0.4444444444444444,0.55,"{""clf__C"": 0.1, ""clf__scale"": 0.5}",20.56437520000054
59,quantum/IQP-kernel-SVM,quantum,10,0.4444444444444444,0.35,"{""clf__C"": 1.0, ""clf__scale"": 0.5}",20.56437520000054
59,quantum/IQP-kernel-SVM,quantum,11,0.6666666666666666,0.5,"{""clf__C"": 10.0, ""clf__scale"": 0.5}",20.56437520000054
59,quantum/IQP-kernel-SVM,quantum,12,0.6666666666666666,0.6,"{""clf__C"": 10.0, ""clf__scale"": 2.0}",20.56437520000054
59,quantum/IQP-kernel-SVM,quantum,13,0.5555555555555556,0.6,"{""clf__C"": 1.0, ""clf__scale"": 2.0}",20.56437520000054
59,quantum/IQP-kernel-SVM,quantum,14,0.4444444444444444,0.4,"{""clf__C"": 0.1, ""clf__scale"": 0.5}",20.56437520000054
59,quantum/CNOT-kernel-SVM,quantum,0,0.5555555555555556,0.25,"{""clf__C"": 0.1, ""clf__scale"": 0.5}",18.416424600000028
59,quantum/CNOT-kernel-SVM,quantum,1,0.4444444444444444,0.2,"{""clf__C"": 10.0, ""clf__scale"": 2.0}",18.416424600000028
59,quantum/CNOT-kernel-SVM,quantum,2,0.5555555555555556,0.3,"{""clf__C"": 1.0, ""clf__scale"": 0.5}",18.416424600000028
59,quantum/CNOT-kernel-SVM,quantum,3,0.5555555555555556,0.55,"{""clf__C"": 1.0, ""clf__scale"": 2.0}",18.416424600000028
59,quantum/CNOT-kernel-SVM,quantum,4,0.4444444444444444,0.8,"{""clf__C"": 1.0, ""clf__scale"": 2.0}",18.416424600000028
59,quantum/CNOT-kernel-SVM,quantum,5,0.6666666666666666,0.6,"{""clf__C"": 1.0, ""clf__scale"": 2.0}",18.416424600000028
59,quantum/CNOT-kernel-SVM,quantum,6,0.5555555555555556,0.35,"{""clf__C"": 1.0, ""clf__scale"": 1.0}",18.416424600000028
59,quantum/CNOT-kernel-SVM,quantum,7,0.5555555555555556,0.2,"{""clf__C"": 1.0, ""clf__scale"": 2.0}",18.416424600000028
59,quantum/CNOT-kernel-SVM,quantum,8,0.5555555555555556,0.45,"{""clf__C"": 10.0, ""clf__scale"": 2.0}",18.416424600000028
59,quantum/CNOT-kernel-SVM,quantum,9,0.4444444444444444,0.6,"{""clf__C"": 0.1, ""clf__scale"": 0.5}",18.416424600000028
59,quantum/CNOT-kernel-SVM,quantum,10,0.5555555555555556,0.35,"{""clf__C"": 1.0, ""clf__scale"": 1.0}",18.416424600000028
59,quantum/CNOT-kernel-SVM,quantum,11,0.4444444444444444,0.39999999999999997,"{""clf__C"": 10.0, ""clf__scale"": 2.0}",18.416424600000028
59,quantum/CNOT-kernel-SVM,quantum,12,0.5555555555555556,0.4,"{""clf__C"": 0.1, ""clf__scale"": 0.5}",18.416424600000028
59,quantum/CNOT-kernel-SVM,quantum,13,0.6666666666666666,0.6,"{""clf__C"": 1.0, ""clf__scale"": 2.0}",18.416424600000028
59,quantum/CNOT-kernel-SVM,quantum,14,0.4444444444444444,0.39999999999999997,"{""clf__C"": 0.1, ""clf__scale"": 0.5}",18.416424600000028
59,control/IQP-no-entangle,control,0,0.5555555555555556,0.19999999999999998,"{""clf__C"": 0.1, ""clf__scale"": 0.5}",16.702439499999855
59,control/IQP-no-entangle,control,1,0.4444444444444444,0.3,"{""clf__C"": 10.0, ""clf__scale"": 1.0}",16.702439499999855
59,control/IQP-no-entangle,control,2,0.6666666666666666,0.6,"{""clf__C"": 10.0, ""clf__scale"": 2.0}",16.702439499999855
59,control/IQP-no-entangle,control,3,0.3333333333333333,0.29999999999999993,"{""clf__C"": 1.0, ""clf__scale"": 2.0}",16.702439499999855
59,control/IQP-no-entangle,control,4,0.5555555555555556,0.4,"{""clf__C"": 1.0, ""clf__scale"": 2.0}",16.702439499999855
59,control/IQP-no-entangle,control,5,0.5555555555555556,0.55,"{""clf__C"": 1.0, ""clf__scale"": 2.0}",16.702439499999855
59,control/IQP-no-entangle,control,6,0.3333333333333333,0.15,"{""clf__C"": 1.0, ""clf__scale"": 0.5}",16.702439499999855
59,control/IQP-no-entangle,control,7,0.5555555555555556,0.45,"{""clf__C"": 1.0, ""clf__scale"": 2.0}",16.702439499999855
59,control/IQP-no-entangle,control,8,0.6666666666666666,0.75,"{""clf__C"": 1.0, ""clf__scale"": 2.0}",16.702439499999855
59,control/IQP-no-entangle,control,9,0.4444444444444444,0.5,"{""clf__C"": 0.1, ""clf__scale"": 0.5}",16.702439499999855
59,control/IQP-no-entangle,control,10,0.5555555555555556,0.35,"{""clf__C"": 1.0, ""clf__scale"": 1.0}",16.702439499999855
59,control/IQP-no-entangle,control,11,0.5555555555555556,0.5,"{""clf__C"": 10.0, ""clf__scale"": 2.0}",16.702439499999855
59,control/IQP-no-entangle,control,12,0.5555555555555556,0.75,"{""clf__C"": 10.0, ""clf__scale"": 2.0}",16.702439499999855
59,control/IQP-no-entangle,control,13,0.6666666666666666,0.8,"{""clf__C"": 1.0, ""clf__scale"": 2.0}",16.702439499999855
59,control/IQP-no-entangle,control,14,0.3333333333333333,0.55,"{""clf__C"": 10.0, ""clf__scale"": 2.0}",16.702439499999855
59,control/PCA-matched-RBF,control,0,0.5555555555555556,0.04999999999999999,"{""clf__C"": 0.1, ""clf__gamma"": ""scale""}",13.242267499999798
59,control/PCA-matched-RBF,control,1,0.5555555555555556,0.39999999999999997,"{""clf__C"": 0.1, ""clf__gamma"": ""scale""}",13.242267499999798
59,control/PCA-matched-RBF,control,2,0.5555555555555556,0.29999999999999993,"{""clf__C"": 0.1, ""clf__gamma"": ""scale""}",13.242267499999798
59,control/PCA-matched-RBF,control,3,0.3333333333333333,0.0,"{""clf__C"": 10.0, ""clf__gamma"": 0.01}",13.242267499999798
59,control/PCA-matched-RBF,control,4,0.4444444444444444,0.44999999999999996,"{""clf__C"": 1.0, ""clf__gamma"": 0.1}",13.242267499999798
59,control/PCA-matched-RBF,control,5,0.5555555555555556,0.25,"{""clf__C"": 0.1, ""clf__gamma"": ""scale""}",13.242267499999798
59,control/PCA-matched-RBF,control,6,0.3333333333333333,0.15,"{""clf__C"": 1.0, ""clf__gamma"": 0.1}",13.242267499999798
59,control/PCA-matched-RBF,control,7,0.5555555555555556,0.3,"{""clf__C"": 0.1, ""clf__gamma"": ""scale""}",13.242267499999798
59,control/PCA-matched-RBF,control,8,0.5555555555555556,0.15,"{""clf__C"": 0.1, ""clf__gamma"": ""scale""}",13.242267499999798
59,control/PCA-matched-RBF,control,9,0.4444444444444444,1.0,"{""clf__C"": 0.1, ""clf__gamma"": ""scale""}",13.242267499999798
59,control/PCA-matched-RBF,control,10,0.3333333333333333,0.25,"{""clf__C"": 10.0, ""clf__gamma"": ""scale""}",13.242267499999798
59,control/PCA-matched-RBF,control,11,0.5555555555555556,0.4,"{""clf__C"": 0.1, ""clf__gamma"": ""scale""}",13.242267499999798
59,control/PCA-matched-RBF,control,12,0.5555555555555556,0.35,"{""clf__C"": 0.1, ""clf__gamma"": ""scale""}",13.242267499999798
59,control/PCA-matched-RBF,control,13,0.5555555555555556,0.7,"{""clf__C"": 0.1, ""clf__gamma"": ""scale""}",13.242267499999798
59,control/PCA-matched-RBF,control,14,0.4444444444444444,0.4,"{""clf__C"": 0.1, ""clf__gamma"": ""scale""}",13.242267499999798
59,control/PCA-matched-linear,control,0,0.4444444444444444,0.44999999999999996,"{""clf__C"": 0.1}",4.797568599999977
59,control/PCA-matched-linear,control,1,0.4444444444444444,0.5,"{""clf__C"": 1.0}",4.797568599999977
59,control/PCA-matched-linear,control,2,0.5555555555555556,0.1,"{""clf__C"": 0.1}",4.797568599999977
59,control/PCA-matched-linear,control,3,0.4444444444444444,0.0,"{""clf__C"": 1.0}",4.797568599999977
59,control/PCA-matched-linear,control,4,0.4444444444444444,0.55,"{""clf__C"": 0.1}",4.797568599999977
59,control/PCA-matched-linear,control,5,0.5555555555555556,0.5,"{""clf__C"": 0.1}",4.797568599999977
59,control/PCA-matched-linear,control,6,0.3333333333333333,0.04999999999999999,"{""clf__C"": 0.1}",4.797568599999977
59,control/PCA-matched-linear,control,7,0.4444444444444444,0.30000000000000004,"{""clf__C"": 0.1}",4.797568599999977
59,control/PCA-matched-linear,control,8,0.5555555555555556,0.1,"{""clf__C"": 0.1}",4.797568599999977
59,control/PCA-matched-linear,control,9,0.4444444444444444,0.55,"{""clf__C"": 1.0}",4.797568599999977
59,control/PCA-matched-linear,control,10,0.3333333333333333,0.19999999999999998,"{""clf__C"": 0.1}",4.797568599999977
59,control/PCA-matched-linear,control,11,0.6666666666666666,0.25,"{""clf__C"": 1.0}",4.797568599999977
59,control/PCA-matched-linear,control,12,0.4444444444444444,0.39999999999999997,"{""clf__C"": 1.0}",4.797568599999977
59,control/PCA-matched-linear,control,13,0.5555555555555556,0.5,"{""clf__C"": 0.1}",4.797568599999977
59,control/PCA-matched-linear,control,14,0.4444444444444444,0.45,"{""clf__C"": 0.1}",4.797568599999977
59,control/logeuclid-TS+LR,control,0,0.4444444444444444,0.3,"{""clf__C"": 10.0}",4.254727799999273
59,control/logeuclid-TS+LR,control,1,0.6666666666666666,0.49999999999999994,"{""clf__C"": 0.1}",4.254727799999273
59,control/logeuclid-TS+LR,control,2,0.4444444444444444,0.44999999999999996,"{""clf__C"": 0.1}",4.254727799999273
59,control/logeuclid-TS+LR,control,3,0.4444444444444444,0.55,"{""clf__C"": 0.1}",4.254727799999273
59,control/logeuclid-TS+LR,control,4,0.5555555555555556,0.45,"{""clf__C"": 0.1}",4.254727799999273
59,control/logeuclid-TS+LR,control,5,0.4444444444444444,0.3,"{""clf__C"": 10.0}",4.254727799999273
59,control/logeuclid-TS+LR,control,6,0.3333333333333333,0.5,"{""clf__C"": 0.1}",4.254727799999273
59,control/logeuclid-TS+LR,control,7,0.2222222222222222,0.09999999999999998,"{""clf__C"": 1.0}",4.254727799999273
59,control/logeuclid-TS+LR,control,8,0.4444444444444444,0.35,"{""clf__C"": 0.1}",4.254727799999273
59,control/logeuclid-TS+LR,control,9,0.3333333333333333,0.6,"{""clf__C"": 0.1}",4.254727799999273
59,control/logeuclid-TS+LR,control,10,0.5555555555555556,0.65,"{""clf__C"": 0.1}",4.254727799999273
59,control/logeuclid-TS+LR,control,11,0.4444444444444444,0.35,"{""clf__C"": 0.1}",4.254727799999273
59,control/logeuclid-TS+LR,control,12,0.4444444444444444,0.55,"{""clf__C"": 0.1}",4.254727799999273
59,control/logeuclid-TS+LR,control,13,0.5555555555555556,0.55,"{""clf__C"": 0.1}",4.254727799999273
59,control/logeuclid-TS+LR,control,14,0.4444444444444444,0.45,"{""clf__C"": 0.1}",4.254727799999273
59,control/riemann-kernel-SVM,control,0,0.2222222222222222,0.4,"{""clf__C"": 1.0}",4.342343600000277
59,control/riemann-kernel-SVM,control,1,0.5555555555555556,0.19999999999999996,"{""clf__C"": 0.1}",4.342343600000277
59,control/riemann-kernel-SVM,control,2,0.5555555555555556,0.55,"{""clf__C"": 10.0}",4.342343600000277
59,control/riemann-kernel-SVM,control,3,0.3333333333333333,0.24999999999999997,"{""clf__C"": 1.0}",4.342343600000277
59,control/riemann-kernel-SVM,control,4,0.4444444444444444,0.5,"{""clf__C"": 0.1}",4.342343600000277
59,control/riemann-kernel-SVM,control,5,0.6666666666666666,0.65,"{""clf__C"": 10.0}",4.342343600000277
59,control/riemann-kernel-SVM,control,6,0.3333333333333333,0.3,"{""clf__C"": 1.0}",4.342343600000277
59,control/riemann-kernel-SVM,control,7,0.2222222222222222,0.04999999999999999,"{""clf__C"": 1.0}",4.342343600000277
59,control/riemann-kernel-SVM,control,8,0.5555555555555556,0.04999999999999999,"{""clf__C"": 0.1}",4.342343600000277
59,control/riemann-kernel-SVM,control,9,0.2222222222222222,0.2,"{""clf__C"": 10.0}",4.342343600000277
59,control/riemann-kernel-SVM,control,10,0.5555555555555556,0.35,"{""clf__C"": 0.1}",4.342343600000277
59,control/riemann-kernel-SVM,control,11,0.5555555555555556,0.44999999999999996,"{""clf__C"": 0.1}",4.342343600000277
59,control/riemann-kernel-SVM,control,12,0.4444444444444444,0.55,"{""clf__C"": 1.0}",4.342343600000277
59,control/riemann-kernel-SVM,control,13,0.5555555555555556,0.7000000000000001,"{""clf__C"": 0.1}",4.342343600000277
59,control/riemann-kernel-SVM,control,14,0.5555555555555556,0.55,"{""clf__C"": 10.0}",4.342343600000277
59,control/logeuclid-kernel-SVM,control,0,0.3333333333333333,0.4,"{""clf__C"": 1.0}",4.393810999999914
59,control/logeuclid-kernel-SVM,control,1,0.5555555555555556,0.24999999999999997,"{""clf__C"": 0.1}",4.393810999999914
59,control/logeuclid-kernel-SVM,control,2,0.5555555555555556,0.55,"{""clf__C"": 10.0}",4.393810999999914
59,control/logeuclid-kernel-SVM,control,3,0.3333333333333333,0.1,"{""clf__C"": 1.0}",4.393810999999914
59,control/logeuclid-kernel-SVM,control,4,0.4444444444444444,0.5,"{""clf__C"": 0.1}",4.393810999999914
59,control/logeuclid-kernel-SVM,control,5,0.6666666666666666,0.5,"{""clf__C"": 10.0}",4.393810999999914
59,control/logeuclid-kernel-SVM,control,6,0.5555555555555556,0.55,"{""clf__C"": 10.0}",4.393810999999914
59,control/logeuclid-kernel-SVM,control,7,0.3333333333333333,0.39999999999999997,"{""clf__C"": 10.0}",4.393810999999914
59,control/logeuclid-kernel-SVM,control,8,0.5555555555555556,0.04999999999999999,"{""clf__C"": 0.1}",4.393810999999914
59,control/logeuclid-kernel-SVM,control,9,0.4444444444444444,0.55,"{""clf__C"": 0.1}",4.393810999999914
59,control/logeuclid-kernel-SVM,control,10,0.5555555555555556,0.35,"{""clf__C"": 0.1}",4.393810999999914
59,control/logeuclid-kernel-SVM,control,11,0.5555555555555556,0.49999999999999994,"{""clf__C"": 0.1}",4.393810999999914
59,control/logeuclid-kernel-SVM,control,12,0.6666666666666666,0.85,"{""clf__C"": 10.0}",4.393810999999914
59,control/logeuclid-kernel-SVM,control,13,0.5555555555555556,0.5,"{""clf__C"": 0.1}",4.393810999999914
59,control/logeuclid-kernel-SVM,control,14,0.4444444444444444,0.35000000000000003,"{""clf__C"": 0.1}",4.393810999999914
60,classical/logvar+LDA,classical,0,0.5555555555555556,0.8500000000000001,{},0.08317100000022037
60,classical/logvar+LDA,classical,1,1.0,1.0,{},0.08317100000022037
60,classical/logvar+LDA,classical,2,0.6666666666666666,0.75,{},0.08317100000022037
60,classical/logvar+LDA,classical,3,1.0,1.0,{},0.08317100000022037
60,classical/logvar+LDA,classical,4,0.8888888888888888,0.95,{},0.08317100000022037
60,classical/logvar+LDA,classical,5,0.8888888888888888,1.0,{},0.08317100000022037
60,classical/logvar+LDA,classical,6,1.0,1.0,{},0.08317100000022037
60,classical/logvar+LDA,classical,7,0.6666666666666666,0.85,{},0.08317100000022037
60,classical/logvar+LDA,classical,8,0.4444444444444444,0.9,{},0.08317100000022037
60,classical/logvar+LDA,classical,9,0.8888888888888888,0.95,{},0.08317100000022037
60,classical/logvar+LDA,classical,10,0.6666666666666666,0.8,{},0.08317100000022037
60,classical/logvar+LDA,classical,11,0.8888888888888888,0.9500000000000001,{},0.08317100000022037
60,classical/logvar+LDA,classical,12,0.8888888888888888,0.9,{},0.08317100000022037
60,classical/logvar+LDA,classical,13,0.8888888888888888,0.95,{},0.08317100000022037
60,classical/logvar+LDA,classical,14,0.8888888888888888,0.9,{},0.08317100000022037
60,classical/CSP+LDA,classical,0,0.8888888888888888,0.9500000000000001,"{""csp__nfilter"": 4}",3.8941955999998754
60,classical/CSP+LDA,classical,1,0.7777777777777778,0.9500000000000001,"{""csp__nfilter"": 6}",3.8941955999998754
60,classical/CSP+LDA,classical,2,0.8888888888888888,1.0,"{""csp__nfilter"": 2}",3.8941955999998754
60,classical/CSP+LDA,classical,3,0.7777777777777778,0.95,"{""csp__nfilter"": 4}",3.8941955999998754
60,classical/CSP+LDA,classical,4,0.6666666666666666,0.7500000000000001,"{""csp__nfilter"": 2}",3.8941955999998754
60,classical/CSP+LDA,classical,5,1.0,1.0,"{""csp__nfilter"": 4}",3.8941955999998754
60,classical/CSP+LDA,classical,6,1.0,1.0,"{""csp__nfilter"": 2}",3.8941955999998754
60,classical/CSP+LDA,classical,7,0.6666666666666666,0.85,"{""csp__nfilter"": 6}",3.8941955999998754
60,classical/CSP+LDA,classical,8,1.0,1.0,"{""csp__nfilter"": 4}",3.8941955999998754
60,classical/CSP+LDA,classical,9,0.7777777777777778,0.9,"{""csp__nfilter"": 6}",3.8941955999998754
60,classical/CSP+LDA,classical,10,0.8888888888888888,0.9,"{""csp__nfilter"": 6}",3.8941955999998754
60,classical/CSP+LDA,classical,11,0.8888888888888888,1.0,"{""csp__nfilter"": 6}",3.8941955999998754
60,classical/CSP+LDA,classical,12,0.7777777777777778,0.9,"{""csp__nfilter"": 2}",3.8941955999998754
60,classical/CSP+LDA,classical,13,0.8888888888888888,0.95,"{""csp__nfilter"": 4}",3.8941955999998754
60,classical/CSP+LDA,classical,14,0.7777777777777778,1.0,"{""csp__nfilter"": 4}",3.8941955999998754
60,classical/MDM,classical,0,0.8888888888888888,0.8500000000000001,{},0.43829230000028474
60,classical/MDM,classical,1,0.8888888888888888,0.9500000000000001,{},0.43829230000028474
60,classical/MDM,classical,2,0.8888888888888888,1.0,{},0.43829230000028474
60,classical/MDM,classical,3,0.7777777777777778,0.95,{},0.43829230000028474
60,classical/MDM,classical,4,0.7777777777777778,0.8500000000000001,{},0.43829230000028474
60,classical/MDM,classical,5,1.0,1.0,{},0.43829230000028474
60,classical/MDM,classical,6,1.0,1.0,{},0.43829230000028474
60,classical/MDM,classical,7,0.6666666666666666,0.8,{},0.43829230000028474
60,classical/MDM,classical,8,1.0,1.0,{},0.43829230000028474
60,classical/MDM,classical,9,0.6666666666666666,0.9,{},0.43829230000028474
60,classical/MDM,classical,10,0.7777777777777778,1.0,{},0.43829230000028474
60,classical/MDM,classical,11,0.8888888888888888,1.0,{},0.43829230000028474
60,classical/MDM,classical,12,0.7777777777777778,0.9,{},0.43829230000028474
60,classical/MDM,classical,13,0.8888888888888888,0.9,{},0.43829230000028474
60,classical/MDM,classical,14,0.8888888888888888,1.0,{},0.43829230000028474
60,classical/TS+LR,classical,0,0.8888888888888888,0.8500000000000001,"{""clf__C"": 0.1}",4.850046000000475
60,classical/TS+LR,classical,1,0.7777777777777778,0.8500000000000001,"{""clf__C"": 1.0}",4.850046000000475
60,classical/TS+LR,classical,2,0.8888888888888888,1.0,"{""clf__C"": 0.1}",4.850046000000475
60,classical/TS+LR,classical,3,1.0,1.0,"{""clf__C"": 0.1}",4.850046000000475
60,classical/TS+LR,classical,4,1.0,1.0,"{""clf__C"": 0.1}",4.850046000000475
60,classical/TS+LR,classical,5,1.0,1.0,"{""clf__C"": 0.1}",4.850046000000475
60,classical/TS+LR,classical,6,1.0,1.0,"{""clf__C"": 0.1}",4.850046000000475
60,classical/TS+LR,classical,7,0.6666666666666666,0.6,"{""clf__C"": 1.0}",4.850046000000475
60,classical/TS+LR,classical,8,0.8888888888888888,0.95,"{""clf__C"": 1.0}",4.850046000000475
60,classical/TS+LR,classical,9,0.6666666666666666,0.7,"{""clf__C"": 0.1}",4.850046000000475
60,classical/TS+LR,classical,10,0.8888888888888888,0.8,"{""clf__C"": 0.1}",4.850046000000475
60,classical/TS+LR,classical,11,0.7777777777777778,1.0,"{""clf__C"": 1.0}",4.850046000000475
60,classical/TS+LR,classical,12,0.7777777777777778,0.9,"{""clf__C"": 0.1}",4.850046000000475
60,classical/TS+LR,classical,13,0.8888888888888888,0.95,"{""clf__C"": 0.1}",4.850046000000475
60,classical/TS+LR,classical,14,1.0,1.0,"{""clf__C"": 0.1}",4.850046000000475
60,classical/TS+RBF-SVM,classical,0,0.8888888888888888,0.9500000000000001,"{""clf__C"": 10.0, ""clf__gamma"": 0.01}",12.772329999999783
60,classical/TS+RBF-SVM,classical,1,0.7777777777777778,0.9500000000000001,"{""clf__C"": 1.0, ""clf__gamma"": ""scale""}",12.772329999999783
60,classical/TS+RBF-SVM,classical,2,0.7777777777777778,0.9500000000000001,"{""clf__C"": 10.0, ""clf__gamma"": 0.01}",12.772329999999783
60,classical/TS+RBF-SVM,classical,3,0.8888888888888888,0.95,"{""clf__C"": 1.0, ""clf__gamma"": ""scale""}",12.772329999999783
60,classical/TS+RBF-SVM,classical,4,1.0,1.0,"{""clf__C"": 1.0, ""clf__gamma"": ""scale""}",12.772329999999783
60,classical/TS+RBF-SVM,classical,5,1.0,1.0,"{""clf__C"": 10.0, ""clf__gamma"": ""scale""}",12.772329999999783
60,classical/TS+RBF-SVM,classical,6,1.0,1.0,"{""clf__C"": 10.0, ""clf__gamma"": ""scale""}",12.772329999999783
60,classical/TS+RBF-SVM,classical,7,0.6666666666666666,0.5499999999999999,"{""clf__C"": 10.0, ""clf__gamma"": 0.01}",12.772329999999783
60,classical/TS+RBF-SVM,classical,8,0.7777777777777778,1.0,"{""clf__C"": 10.0, ""clf__gamma"": ""scale""}",12.772329999999783
60,classical/TS+RBF-SVM,classical,9,0.7777777777777778,0.8,"{""clf__C"": 10.0, ""clf__gamma"": ""scale""}",12.772329999999783
60,classical/TS+RBF-SVM,classical,10,0.8888888888888888,0.8500000000000001,"{""clf__C"": 10.0, ""clf__gamma"": ""scale""}",12.772329999999783
60,classical/TS+RBF-SVM,classical,11,0.8888888888888888,1.0,"{""clf__C"": 10.0, ""clf__gamma"": ""scale""}",12.772329999999783
60,classical/TS+RBF-SVM,classical,12,0.7777777777777778,0.85,"{""clf__C"": 1.0, ""clf__gamma"": ""scale""}",12.772329999999783
60,classical/TS+RBF-SVM,classical,13,0.8888888888888888,0.9,"{""clf__C"": 10.0, ""clf__gamma"": ""scale""}",12.772329999999783
60,classical/TS+RBF-SVM,classical,14,0.8888888888888888,1.0,"{""clf__C"": 1.0, ""clf__gamma"": ""scale""}",12.772329999999783
60,quantum/HS-overlap-SVM,quantum,0,0.7777777777777778,0.9,"{""clf__C"": 10.0}",3.873718299999382
60,quantum/HS-overlap-SVM,quantum,1,0.8888888888888888,1.0,"{""clf__C"": 10.0}",3.873718299999382
60,quantum/HS-overlap-SVM,quantum,2,0.4444444444444444,0.7,"{""clf__C"": 10.0}",3.873718299999382
60,quantum/HS-overlap-SVM,quantum,3,1.0,1.0,"{""clf__C"": 10.0}",3.873718299999382
60,quantum/HS-overlap-SVM,quantum,4,0.6666666666666666,0.95,"{""clf__C"": 10.0}",3.873718299999382
60,quantum/HS-overlap-SVM,quantum,5,1.0,1.0,"{""clf__C"": 10.0}",3.873718299999382
60,quantum/HS-overlap-SVM,quantum,6,0.8888888888888888,1.0,"{""clf__C"": 10.0}",3.873718299999382
60,quantum/HS-overlap-SVM,quantum,7,0.5555555555555556,0.75,"{""clf__C"": 10.0}",3.873718299999382
60,quantum/HS-overlap-SVM,quantum,8,0.4444444444444444,0.75,"{""clf__C"": 10.0}",3.873718299999382
60,quantum/HS-overlap-SVM,quantum,9,0.8888888888888888,1.0,"{""clf__C"": 10.0}",3.873718299999382
60,quantum/HS-overlap-SVM,quantum,10,0.7777777777777778,0.9,"{""clf__C"": 10.0}",3.873718299999382
60,quantum/HS-overlap-SVM,quantum,11,0.7777777777777778,0.9,"{""clf__C"": 10.0}",3.873718299999382
60,quantum/HS-overlap-SVM,quantum,12,0.6666666666666666,0.9500000000000001,"{""clf__C"": 10.0}",3.873718299999382
60,quantum/HS-overlap-SVM,quantum,13,0.8888888888888888,0.95,"{""clf__C"": 10.0}",3.873718299999382
60,quantum/HS-overlap-SVM,quantum,14,0.8888888888888888,0.95,"{""clf__C"": 10.0}",3.873718299999382
60,quantum/Fidelity-SVM,quantum,0,0.7777777777777778,0.9,"{""clf__C"": 10.0}",5.226479500000096
60,quantum/Fidelity-SVM,quantum,1,0.8888888888888888,0.9500000000000001,"{""clf__C"": 10.0}",5.226479500000096
60,quantum/Fidelity-SVM,quantum,2,0.6666666666666666,0.8,"{""clf__C"": 10.0}",5.226479500000096
60,quantum/Fidelity-SVM,quantum,3,0.8888888888888888,1.0,"{""clf__C"": 10.0}",5.226479500000096
60,quantum/Fidelity-SVM,quantum,4,0.6666666666666666,1.0,"{""clf__C"": 10.0}",5.226479500000096
60,quantum/Fidelity-SVM,quantum,5,1.0,1.0,"{""clf__C"": 10.0}",5.226479500000096
60,quantum/Fidelity-SVM,quantum,6,0.8888888888888888,1.0,"{""clf__C"": 10.0}",5.226479500000096
60,quantum/Fidelity-SVM,quantum,7,0.5555555555555556,0.75,"{""clf__C"": 10.0}",5.226479500000096
60,quantum/Fidelity-SVM,quantum,8,0.6666666666666666,0.95,"{""clf__C"": 10.0}",5.226479500000096
60,quantum/Fidelity-SVM,quantum,9,0.8888888888888888,1.0,"{""clf__C"": 10.0}",5.226479500000096
60,quantum/Fidelity-SVM,quantum,10,0.6666666666666666,0.85,"{""clf__C"": 10.0}",5.226479500000096
60,quantum/Fidelity-SVM,quantum,11,0.7777777777777778,0.9,"{""clf__C"": 10.0}",5.226479500000096
60,quantum/Fidelity-SVM,quantum,12,0.7777777777777778,0.9500000000000001,"{""clf__C"": 10.0}",5.226479500000096
60,quantum/Fidelity-SVM,quantum,13,0.7777777777777778,0.95,"{""clf__C"": 10.0}",5.226479500000096
60,quantum/Fidelity-SVM,quantum,14,0.7777777777777778,1.0,"{""clf__C"": 10.0}",5.226479500000096
60,quantum/HS-RBF-SVM,quantum,0,0.5555555555555556,0.8,"{""clf__C"": 10.0, ""clf__gamma_mult"": 0.25}",10.603040899999542
60,quantum/HS-RBF-SVM,quantum,1,1.0,1.0,"{""clf__C"": 1.0, ""clf__gamma_mult"": 0.25}",10.603040899999542
60,quantum/HS-RBF-SVM,quantum,2,0.6666666666666666,0.75,"{""clf__C"": 1.0, ""clf__gamma_mult"": 0.25}",10.603040899999542
60,quantum/HS-RBF-SVM,quantum,3,0.8888888888888888,1.0,"{""clf__C"": 10.0, ""clf__gamma_mult"": 0.25}",10.603040899999542
60,quantum/HS-RBF-SVM,quantum,4,0.6666666666666666,0.9,"{""clf__C"": 1.0, ""clf__gamma_mult"": 0.25}",10.603040899999542
60,quantum/HS-RBF-SVM,quantum,5,0.8888888888888888,1.0,"{""clf__C"": 10.0, ""clf__gamma_mult"": 0.25}",10.603040899999542
60,quantum/HS-RBF-SVM,quantum,6,0.7777777777777778,1.0,"{""clf__C"": 1.0, ""clf__gamma_mult"": 1.0}",10.603040899999542
60,quantum/HS-RBF-SVM,quantum,7,0.5555555555555556,0.7,"{""clf__C"": 1.0, ""clf__gamma_mult"": 0.25}",10.603040899999542
60,quantum/HS-RBF-SVM,quantum,8,0.6666666666666666,0.65,"{""clf__C"": 10.0, ""clf__gamma_mult"": 4.0}",10.603040899999542
60,quantum/HS-RBF-SVM,quantum,9,0.7777777777777778,0.95,"{""clf__C"": 1.0, ""clf__gamma_mult"": 1.0}",10.603040899999542
60,quantum/HS-RBF-SVM,quantum,10,0.6666666666666666,0.8,"{""clf__C"": 1.0, ""clf__gamma_mult"": 4.0}",10.603040899999542
60,quantum/HS-RBF-SVM,quantum,11,0.7777777777777778,0.9500000000000001,"{""clf__C"": 10.0, ""clf__gamma_mult"": 0.25}",10.603040899999542
60,quantum/HS-RBF-SVM,quantum,12,0.8888888888888888,0.9,"{""clf__C"": 1.0, ""clf__gamma_mult"": 0.25}",10.603040899999542
60,quantum/HS-RBF-SVM,quantum,13,0.7777777777777778,0.95,"{""clf__C"": 1.0, ""clf__gamma_mult"": 0.25}",10.603040899999542
60,quantum/HS-RBF-SVM,quantum,14,1.0,1.0,"{""clf__C"": 1.0, ""clf__gamma_mult"": 0.25}",10.603040899999542
60,quantum/Bures-RBF-SVM,quantum,0,0.6666666666666666,0.9,"{""clf__C"": 1.0, ""clf__gamma_mult"": 1.0}",14.02217709999968
60,quantum/Bures-RBF-SVM,quantum,1,0.8888888888888888,1.0,"{""clf__C"": 1.0, ""clf__gamma_mult"": 1.0}",14.02217709999968
60,quantum/Bures-RBF-SVM,quantum,2,0.5555555555555556,0.8,"{""clf__C"": 10.0, ""clf__gamma_mult"": 1.0}",14.02217709999968
60,quantum/Bures-RBF-SVM,quantum,3,0.8888888888888888,1.0,"{""clf__C"": 1.0, ""clf__gamma_mult"": 1.0}",14.02217709999968
60,quantum/Bures-RBF-SVM,quantum,4,0.5555555555555556,0.8500000000000001,"{""clf__C"": 1.0, ""clf__gamma_mult"": 1.0}",14.02217709999968
60,quantum/Bures-RBF-SVM,quantum,5,0.8888888888888888,1.0,"{""clf__C"": 1.0, ""clf__gamma_mult"": 1.0}",14.02217709999968
60,quantum/Bures-RBF-SVM,quantum,6,0.6666666666666666,1.0,"{""clf__C"": 1.0, ""clf__gamma_mult"": 4.0}",14.02217709999968
60,quantum/Bures-RBF-SVM,quantum,7,0.6666666666666666,0.75,"{""clf__C"": 1.0, ""clf__gamma_mult"": 1.0}",14.02217709999968
60,quantum/Bures-RBF-SVM,quantum,8,0.5555555555555556,0.95,"{""clf__C"": 1.0, ""clf__gamma_mult"": 1.0}",14.02217709999968
60,quantum/Bures-RBF-SVM,quantum,9,0.8888888888888888,0.95,"{""clf__C"": 1.0, ""clf__gamma_mult"": 1.0}",14.02217709999968
60,quantum/Bures-RBF-SVM,quantum,10,0.5555555555555556,0.8,"{""clf__C"": 1.0, ""clf__gamma_mult"": 1.0}",14.02217709999968
60,quantum/Bures-RBF-SVM,quantum,11,0.7777777777777778,0.9500000000000001,"{""clf__C"": 10.0, ""clf__gamma_mult"": 0.25}",14.02217709999968
60,quantum/Bures-RBF-SVM,quantum,12,0.6666666666666666,0.9500000000000001,"{""clf__C"": 10.0, ""clf__gamma_mult"": 1.0}",14.02217709999968
60,quantum/Bures-RBF-SVM,quantum,13,0.7777777777777778,0.95,"{""clf__C"": 1.0, ""clf__gamma_mult"": 0.25}",14.02217709999968
60,quantum/Bures-RBF-SVM,quantum,14,0.8888888888888888,1.0,"{""clf__C"": 1.0, ""clf__gamma_mult"": 1.0}",14.02217709999968
60,quantum/QRE-RBF-SVM,quantum,0,0.6666666666666666,0.9,"{""clf__C"": 1.0, ""clf__gamma_mult"": 0.25}",12.276684600000408
60,quantum/QRE-RBF-SVM,quantum,1,0.8888888888888888,1.0,"{""clf__C"": 1.0, ""clf__gamma_mult"": 1.0}",12.276684600000408
60,quantum/QRE-RBF-SVM,quantum,2,0.6666666666666666,0.8,"{""clf__C"": 1.0, ""clf__gamma_mult"": 0.25}",12.276684600000408
60,quantum/QRE-RBF-SVM,quantum,3,0.8888888888888888,1.0,"{""clf__C"": 1.0, ""clf__gamma_mult"": 0.25}",12.276684600000408
60,quantum/QRE-RBF-SVM,quantum,4,0.6666666666666666,0.8500000000000001,"{""clf__C"": 1.0, ""clf__gamma_mult"": 1.0}",12.276684600000408
60,quantum/QRE-RBF-SVM,quantum,5,1.0,1.0,"{""clf__C"": 1.0, ""clf__gamma_mult"": 0.25}",12.276684600000408
60,quantum/QRE-RBF-SVM,quantum,6,0.8888888888888888,1.0,"{""clf__C"": 1.0, ""clf__gamma_mult"": 0.25}",12.276684600000408
60,quantum/QRE-RBF-SVM,quantum,7,0.5555555555555556,0.85,"{""clf__C"": 1.0, ""clf__gamma_mult"": 0.25}",12.276684600000408
60,quantum/QRE-RBF-SVM,quantum,8,0.4444444444444444,0.95,"{""clf__C"": 1.0, ""clf__gamma_mult"": 0.25}",12.276684600000408
60,quantum/QRE-RBF-SVM,quantum,9,0.7777777777777778,0.85,"{""clf__C"": 1.0, ""clf__gamma_mult"": 4.0}",12.276684600000408
60,quantum/QRE-RBF-SVM,quantum,10,0.6666666666666666,0.75,"{""clf__C"": 1.0, ""clf__gamma_mult"": 1.0}",12.276684600000408
60,quantum/QRE-RBF-SVM,quantum,11,0.7777777777777778,0.9,"{""clf__C"": 10.0, ""clf__gamma_mult"": 0.25}",12.276684600000408
60,quantum/QRE-RBF-SVM,quantum,12,0.6666666666666666,0.9500000000000001,"{""clf__C"": 10.0, ""clf__gamma_mult"": 1.0}",12.276684600000408
60,quantum/QRE-RBF-SVM,quantum,13,0.7777777777777778,0.95,"{""clf__C"": 1.0, ""clf__gamma_mult"": 1.0}",12.276684600000408
60,quantum/QRE-RBF-SVM,quantum,14,0.8888888888888888,1.0,"{""clf__C"": 1.0, ""clf__gamma_mult"": 1.0}",12.276684600000408
60,quantum/HS-overlap-ref-SVM,quantum,0,0.8888888888888888,0.8,"{""clf__C"": 10.0}",4.593331999999464
60,quantum/HS-overlap-ref-SVM,quantum,1,0.7777777777777778,0.9500000000000001,"{""clf__C"": 10.0}",4.593331999999464
60,quantum/HS-overlap-ref-SVM,quantum,2,0.7777777777777778,1.0,"{""clf__C"": 1.0}",4.593331999999464
60,quantum/HS-overlap-ref-SVM,quantum,3,0.8888888888888888,0.95,"{""clf__C"": 1.0}",4.593331999999464
60,quantum/HS-overlap-ref-SVM,quantum,4,1.0,1.0,"{""clf__C"": 1.0}",4.593331999999464
60,quantum/HS-overlap-ref-SVM,quantum,5,1.0,1.0,"{""clf__C"": 10.0}",4.593331999999464
60,quantum/HS-overlap-ref-SVM,quantum,6,1.0,1.0,"{""clf__C"": 1.0}",4.593331999999464
60,quantum/HS-overlap-ref-SVM,quantum,7,0.6666666666666666,0.8,"{""clf__C"": 10.0}",4.593331999999464
60,quantum/HS-overlap-ref-SVM,quantum,8,1.0,1.0,"{""clf__C"": 1.0}",4.593331999999464
60,quantum/HS-overlap-ref-SVM,quantum,9,0.7777777777777778,0.9,"{""clf__C"": 1.0}",4.593331999999464
60,quantum/HS-overlap-ref-SVM,quantum,10,0.8888888888888888,1.0,"{""clf__C"": 1.0}",4.593331999999464
60,quantum/HS-overlap-ref-SVM,quantum,11,0.8888888888888888,0.9500000000000001,"{""clf__C"": 10.0}",4.593331999999464
60,quantum/HS-overlap-ref-SVM,quantum,12,0.8888888888888888,0.9500000000000001,"{""clf__C"": 1.0}",4.593331999999464
60,quantum/HS-overlap-ref-SVM,quantum,13,0.8888888888888888,0.9,"{""clf__C"": 10.0}",4.593331999999464
60,quantum/HS-overlap-ref-SVM,quantum,14,0.8888888888888888,1.0,"{""clf__C"": 1.0}",4.593331999999464
60,quantum/Fidelity-ref-SVM,quantum,0,0.7777777777777778,0.8500000000000001,"{""clf__C"": 1.0}",6.359622299999501
60,quantum/Fidelity-ref-SVM,quantum,1,0.7777777777777778,0.9500000000000001,"{""clf__C"": 1.0}",6.359622299999501
60,quantum/Fidelity-ref-SVM,quantum,2,0.8888888888888888,1.0,"{""clf__C"": 10.0}",6.359622299999501
60,quantum/Fidelity-ref-SVM,quantum,3,0.8888888888888888,1.0,"{""clf__C"": 10.0}",6.359622299999501
60,quantum/Fidelity-ref-SVM,quantum,4,1.0,1.0,"{""clf__C"": 10.0}",6.359622299999501
60,quantum/Fidelity-ref-SVM,quantum,5,1.0,1.0,"{""clf__C"": 1.0}",6.359622299999501
60,quantum/Fidelity-ref-SVM,quantum,6,1.0,1.0,"{""clf__C"": 1.0}",6.359622299999501
60,quantum/Fidelity-ref-SVM,quantum,7,0.6666666666666666,0.75,"{""clf__C"": 10.0}",6.359622299999501
60,quantum/Fidelity-ref-SVM,quantum,8,0.8888888888888888,1.0,"{""clf__C"": 10.0}",6.359622299999501
60,quantum/Fidelity-ref-SVM,quantum,9,0.7777777777777778,0.95,"{""clf__C"": 10.0}",6.359622299999501
60,quantum/Fidelity-ref-SVM,quantum,10,0.8888888888888888,1.0,"{""clf__C"": 10.0}",6.359622299999501
60,quantum/Fidelity-ref-SVM,quantum,11,0.8888888888888888,0.9500000000000001,"{""clf__C"": 10.0}",6.359622299999501
60,quantum/Fidelity-ref-SVM,quantum,12,0.8888888888888888,1.0,"{""clf__C"": 10.0}",6.359622299999501
60,quantum/Fidelity-ref-SVM,quantum,13,0.8888888888888888,0.9,"{""clf__C"": 10.0}",6.359622299999501
60,quantum/Fidelity-ref-SVM,quantum,14,0.8888888888888888,1.0,"{""clf__C"": 10.0}",6.359622299999501
60,quantum/HS-RBF-ref-SVM,quantum,0,0.8888888888888888,0.8,"{""clf__C"": 10.0, ""clf__gamma_mult"": 0.25}",12.941159400000288
60,quantum/HS-RBF-ref-SVM,quantum,1,0.7777777777777778,0.9500000000000001,"{""clf__C"": 10.0, ""clf__gamma_mult"": 0.25}",12.941159400000288
60,quantum/HS-RBF-ref-SVM,quantum,2,0.7777777777777778,0.9500000000000001,"{""clf__C"": 1.0, ""clf__gamma_mult"": 4.0}",12.941159400000288
60,quantum/HS-RBF-ref-SVM,quantum,3,0.8888888888888888,1.0,"{""clf__C"": 10.0, ""clf__gamma_mult"": 0.25}",12.941159400000288
60,quantum/HS-RBF-ref-SVM,quantum,4,0.8888888888888888,1.0,"{""clf__C"": 1.0, ""clf__gamma_mult"": 0.25}",12.941159400000288
60,quantum/HS-RBF-ref-SVM,quantum,5,1.0,1.0,"{""clf__C"": 10.0, ""clf__gamma_mult"": 0.25}",12.941159400000288
60,quantum/HS-RBF-ref-SVM,quantum,6,1.0,1.0,"{""clf__C"": 1.0, ""clf__gamma_mult"": 0.25}",12.941159400000288
60,quantum/HS-RBF-ref-SVM,quantum,7,0.6666666666666666,0.8,"{""clf__C"": 10.0, ""clf__gamma_mult"": 0.25}",12.941159400000288
60,quantum/HS-RBF-ref-SVM,quantum,8,1.0,1.0,"{""clf__C"": 1.0, ""clf__gamma_mult"": 0.25}",12.941159400000288
60,quantum/HS-RBF-ref-SVM,quantum,9,0.7777777777777778,0.9,"{""clf__C"": 1.0, ""clf__gamma_mult"": 0.25}",12.941159400000288
60,quantum/HS-RBF-ref-SVM,quantum,10,0.7777777777777778,1.0,"{""clf__C"": 1.0, ""clf__gamma_mult"": 1.0}",12.941159400000288
60,quantum/HS-RBF-ref-SVM,quantum,11,0.8888888888888888,0.9500000000000001,"{""clf__C"": 10.0, ""clf__gamma_mult"": 0.25}",12.941159400000288
60,quantum/HS-RBF-ref-SVM,quantum,12,0.8888888888888888,0.9500000000000001,"{""clf__C"": 1.0, ""clf__gamma_mult"": 0.25}",12.941159400000288
60,quantum/HS-RBF-ref-SVM,quantum,13,0.8888888888888888,0.8,"{""clf__C"": 1.0, ""clf__gamma_mult"": 4.0}",12.941159400000288
60,quantum/HS-RBF-ref-SVM,quantum,14,0.8888888888888888,0.95,"{""clf__C"": 1.0, ""clf__gamma_mult"": 0.25}",12.941159400000288
60,quantum/Bures-RBF-ref-SVM,quantum,0,0.8888888888888888,0.8500000000000001,"{""clf__C"": 1.0, ""clf__gamma_mult"": 0.25}",17.12145060000057
60,quantum/Bures-RBF-ref-SVM,quantum,1,0.7777777777777778,0.9500000000000001,"{""clf__C"": 10.0, ""clf__gamma_mult"": 0.25}",17.12145060000057
60,quantum/Bures-RBF-ref-SVM,quantum,2,0.7777777777777778,1.0,"{""clf__C"": 1.0, ""clf__gamma_mult"": 4.0}",17.12145060000057
60,quantum/Bures-RBF-ref-SVM,quantum,3,0.7777777777777778,0.85,"{""clf__C"": 1.0, ""clf__gamma_mult"": 4.0}",17.12145060000057
60,quantum/Bures-RBF-ref-SVM,quantum,4,1.0,1.0,"{""clf__C"": 1.0, ""clf__gamma_mult"": 0.25}",17.12145060000057
60,quantum/Bures-RBF-ref-SVM,quantum,5,1.0,1.0,"{""clf__C"": 10.0, ""clf__gamma_mult"": 0.25}",17.12145060000057
60,quantum/Bures-RBF-ref-SVM,quantum,6,1.0,1.0,"{""clf__C"": 1.0, ""clf__gamma_mult"": 0.25}",17.12145060000057
60,quantum/Bures-RBF-ref-SVM,quantum,7,0.6666666666666666,0.8,"{""clf__C"": 10.0, ""clf__gamma_mult"": 0.25}",17.12145060000057
60,quantum/Bures-RBF-ref-SVM,quantum,8,0.6666666666666666,1.0,"{""clf__C"": 1.0, ""clf__gamma_mult"": 4.0}",17.12145060000057
60,quantum/Bures-RBF-ref-SVM,quantum,9,0.6666666666666666,0.85,"{""clf__C"": 1.0, ""clf__gamma_mult"": 0.25}",17.12145060000057
60,quantum/Bures-RBF-ref-SVM,quantum,10,0.7777777777777778,0.9500000000000001,"{""clf__C"": 1.0, ""clf__gamma_mult"": 4.0}",17.12145060000057
60,quantum/Bures-RBF-ref-SVM,quantum,11,0.8888888888888888,1.0,"{""clf__C"": 10.0, ""clf__gamma_mult"": 1.0}",17.12145060000057
60,quantum/Bures-RBF-ref-SVM,quantum,12,0.8888888888888888,0.9500000000000001,"{""clf__C"": 1.0, ""clf__gamma_mult"": 0.25}",17.12145060000057
60,quantum/Bures-RBF-ref-SVM,quantum,13,0.8888888888888888,0.8,"{""clf__C"": 1.0, ""clf__gamma_mult"": 4.0}",17.12145060000057
60,quantum/Bures-RBF-ref-SVM,quantum,14,0.8888888888888888,0.95,"{""clf__C"": 1.0, ""clf__gamma_mult"": 1.0}",17.12145060000057
60,quantum/QRE-RBF-ref-SVM,quantum,0,0.8888888888888888,0.8500000000000001,"{""clf__C"": 1.0, ""clf__gamma_mult"": 0.25}",14.792313099999774
60,quantum/QRE-RBF-ref-SVM,quantum,1,0.7777777777777778,0.9500000000000001,"{""clf__C"": 10.0, ""clf__gamma_mult"": 0.25}",14.792313099999774
60,quantum/QRE-RBF-ref-SVM,quantum,2,0.7777777777777778,1.0,"{""clf__C"": 1.0, ""clf__gamma_mult"": 4.0}",14.792313099999774
60,quantum/QRE-RBF-ref-SVM,quantum,3,0.7777777777777778,0.85,"{""clf__C"": 1.0, ""clf__gamma_mult"": 4.0}",14.792313099999774
60,quantum/QRE-RBF-ref-SVM,quantum,4,1.0,1.0,"{""clf__C"": 1.0, ""clf__gamma_mult"": 0.25}",14.792313099999774
60,quantum/QRE-RBF-ref-SVM,quantum,5,1.0,1.0,"{""clf__C"": 10.0, ""clf__gamma_mult"": 0.25}",14.792313099999774
60,quantum/QRE-RBF-ref-SVM,quantum,6,1.0,1.0,"{""clf__C"": 1.0, ""clf__gamma_mult"": 0.25}",14.792313099999774
60,quantum/QRE-RBF-ref-SVM,quantum,7,0.6666666666666666,0.8,"{""clf__C"": 10.0, ""clf__gamma_mult"": 0.25}",14.792313099999774
60,quantum/QRE-RBF-ref-SVM,quantum,8,0.6666666666666666,1.0,"{""clf__C"": 1.0, ""clf__gamma_mult"": 4.0}",14.792313099999774
60,quantum/QRE-RBF-ref-SVM,quantum,9,0.6666666666666666,0.85,"{""clf__C"": 1.0, ""clf__gamma_mult"": 0.25}",14.792313099999774
60,quantum/QRE-RBF-ref-SVM,quantum,10,0.6666666666666666,0.9,"{""clf__C"": 10.0, ""clf__gamma_mult"": 4.0}",14.792313099999774
60,quantum/QRE-RBF-ref-SVM,quantum,11,0.8888888888888888,1.0,"{""clf__C"": 10.0, ""clf__gamma_mult"": 0.25}",14.792313099999774
60,quantum/QRE-RBF-ref-SVM,quantum,12,0.8888888888888888,0.9500000000000001,"{""clf__C"": 1.0, ""clf__gamma_mult"": 0.25}",14.792313099999774
60,quantum/QRE-RBF-ref-SVM,quantum,13,0.8888888888888888,0.8,"{""clf__C"": 1.0, ""clf__gamma_mult"": 4.0}",14.792313099999774
60,quantum/QRE-RBF-ref-SVM,quantum,14,0.8888888888888888,0.95,"{""clf__C"": 1.0, ""clf__gamma_mult"": 1.0}",14.792313099999774
60,quantum/IQP-kernel-SVM,quantum,0,0.7777777777777778,1.0,"{""clf__C"": 10.0, ""clf__scale"": 1.0}",20.66370460000053
60,quantum/IQP-kernel-SVM,quantum,1,0.7777777777777778,0.8500000000000001,"{""clf__C"": 1.0, ""clf__scale"": 0.5}",20.66370460000053
60,quantum/IQP-kernel-SVM,quantum,2,0.8888888888888888,1.0,"{""clf__C"": 1.0, ""clf__scale"": 0.5}",20.66370460000053
60,quantum/IQP-kernel-SVM,quantum,3,0.7777777777777778,0.8,"{""clf__C"": 10.0, ""clf__scale"": 0.5}",20.66370460000053
60,quantum/IQP-kernel-SVM,quantum,4,0.8888888888888888,0.95,"{""clf__C"": 1.0, ""clf__scale"": 0.5}",20.66370460000053
60,quantum/IQP-kernel-SVM,quantum,5,0.8888888888888888,1.0,"{""clf__C"": 1.0, ""clf__scale"": 0.5}",20.66370460000053
60,quantum/IQP-kernel-SVM,quantum,6,0.7777777777777778,0.9,"{""clf__C"": 10.0, ""clf__scale"": 0.5}",20.66370460000053
60,quantum/IQP-kernel-SVM,quantum,7,0.6666666666666666,0.5,"{""clf__C"": 1.0, ""clf__scale"": 0.5}",20.66370460000053
60,quantum/IQP-kernel-SVM,quantum,8,0.8888888888888888,1.0,"{""clf__C"": 10.0, ""clf__scale"": 0.5}",20.66370460000053
60,quantum/IQP-kernel-SVM,quantum,9,0.4444444444444444,0.6,"{""clf__C"": 1.0, ""clf__scale"": 0.5}",20.66370460000053
60,quantum/IQP-kernel-SVM,quantum,10,0.7777777777777778,0.75,"{""clf__C"": 10.0, ""clf__scale"": 0.5}",20.66370460000053
60,quantum/IQP-kernel-SVM,quantum,11,0.8888888888888888,0.9500000000000001,"{""clf__C"": 10.0, ""clf__scale"": 0.5}",20.66370460000053
60,quantum/IQP-kernel-SVM,quantum,12,0.6666666666666666,0.85,"{""clf__C"": 1.0, ""clf__scale"": 0.5}",20.66370460000053
60,quantum/IQP-kernel-SVM,quantum,13,0.8888888888888888,1.0,"{""clf__C"": 1.0, ""clf__scale"": 0.5}",20.66370460000053
60,quantum/IQP-kernel-SVM,quantum,14,0.8888888888888888,1.0,"{""clf__C"": 1.0, ""clf__scale"": 0.5}",20.66370460000053
60,quantum/CNOT-kernel-SVM,quantum,0,0.8888888888888888,0.9,"{""clf__C"": 1.0, ""clf__scale"": 0.5}",18.728427799999736
60,quantum/CNOT-kernel-SVM,quantum,1,0.7777777777777778,0.9,"{""clf__C"": 1.0, ""clf__scale"": 1.0}",18.728427799999736
60,quantum/CNOT-kernel-SVM,quantum,2,0.8888888888888888,1.0,"{""clf__C"": 1.0, ""clf__scale"": 0.5}",18.728427799999736
60,quantum/CNOT-kernel-SVM,quantum,3,0.8888888888888888,0.85,"{""clf__C"": 1.0, ""clf__scale"": 0.5}",18.728427799999736
60,quantum/CNOT-kernel-SVM,quantum,4,1.0,1.0,"{""clf__C"": 1.0, ""clf__scale"": 0.5}",18.728427799999736
60,quantum/CNOT-kernel-SVM,quantum,5,0.8888888888888888,1.0,"{""clf__C"": 1.0, ""clf__scale"": 0.5}",18.728427799999736
60,quantum/CNOT-kernel-SVM,quantum,6,0.8888888888888888,1.0,"{""clf__C"": 1.0, ""clf__scale"": 0.5}",18.728427799999736
60,quantum/CNOT-kernel-SVM,quantum,7,0.6666666666666666,0.7,"{""clf__C"": 1.0, ""clf__scale"": 0.5}",18.728427799999736
60,quantum/CNOT-kernel-SVM,quantum,8,1.0,1.0,"{""clf__C"": 10.0, ""clf__scale"": 1.0}",18.728427799999736
60,quantum/CNOT-kernel-SVM,quantum,9,0.6666666666666666,0.8,"{""clf__C"": 1.0, ""clf__scale"": 0.5}",18.728427799999736
60,quantum/CNOT-kernel-SVM,quantum,10,0.7777777777777778,0.85,"{""clf__C"": 10.0, ""clf__scale"": 1.0}",18.728427799999736
60,quantum/CNOT-kernel-SVM,quantum,11,0.8888888888888888,0.9500000000000001,"{""clf__C"": 1.0, ""clf__scale"": 0.5}",18.728427799999736
60,quantum/CNOT-kernel-SVM,quantum,12,0.7777777777777778,0.85,"{""clf__C"": 1.0, ""clf__scale"": 1.0}",18.728427799999736
60,quantum/CNOT-kernel-SVM,quantum,13,0.8888888888888888,0.95,"{""clf__C"": 1.0, ""clf__scale"": 0.5}",18.728427799999736
60,quantum/CNOT-kernel-SVM,quantum,14,0.8888888888888888,0.95,"{""clf__C"": 1.0, ""clf__scale"": 0.5}",18.728427799999736
60,control/IQP-no-entangle,control,0,0.8888888888888888,0.9500000000000001,"{""clf__C"": 1.0, ""clf__scale"": 0.5}",17.17039560000012
60,control/IQP-no-entangle,control,1,0.7777777777777778,0.9,"{""clf__C"": 1.0, ""clf__scale"": 0.5}",17.17039560000012
60,control/IQP-no-entangle,control,2,0.8888888888888888,1.0,"{""clf__C"": 1.0, ""clf__scale"": 0.5}",17.17039560000012
60,control/IQP-no-entangle,control,3,0.8888888888888888,0.9,"{""clf__C"": 10.0, ""clf__scale"": 0.5}",17.17039560000012
60,control/IQP-no-entangle,control,4,0.8888888888888888,1.0,"{""clf__C"": 1.0, ""clf__scale"": 0.5}",17.17039560000012
60,control/IQP-no-entangle,control,5,1.0,1.0,"{""clf__C"": 1.0, ""clf__scale"": 1.0}",17.17039560000012
60,control/IQP-no-entangle,control,6,0.8888888888888888,1.0,"{""clf__C"": 1.0, ""clf__scale"": 0.5}",17.17039560000012
60,control/IQP-no-entangle,control,7,0.6666666666666666,0.8,"{""clf__C"": 1.0, ""clf__scale"": 0.5}",17.17039560000012
60,control/IQP-no-entangle,control,8,1.0,1.0,"{""clf__C"": 1.0, ""clf__scale"": 0.5}",17.17039560000012
60,control/IQP-no-entangle,control,9,0.7777777777777778,0.9,"{""clf__C"": 10.0, ""clf__scale"": 1.0}",17.17039560000012
60,control/IQP-no-entangle,control,10,0.8888888888888888,0.9,"{""clf__C"": 10.0, ""clf__scale"": 1.0}",17.17039560000012
60,control/IQP-no-entangle,control,11,0.8888888888888888,0.9500000000000001,"{""clf__C"": 10.0, ""clf__scale"": 0.5}",17.17039560000012
60,control/IQP-no-entangle,control,12,0.6666666666666666,0.9,"{""clf__C"": 1.0, ""clf__scale"": 0.5}",17.17039560000012
60,control/IQP-no-entangle,control,13,0.8888888888888888,0.9,"{""clf__C"": 1.0, ""clf__scale"": 1.0}",17.17039560000012
60,control/IQP-no-entangle,control,14,0.8888888888888888,0.95,"{""clf__C"": 1.0, ""clf__scale"": 0.5}",17.17039560000012
60,control/PCA-matched-RBF,control,0,0.8888888888888888,1.0,"{""clf__C"": 10.0, ""clf__gamma"": ""scale""}",13.68872790000023
60,control/PCA-matched-RBF,control,1,0.7777777777777778,0.9,"{""clf__C"": 1.0, ""clf__gamma"": 0.1}",13.68872790000023
60,control/PCA-matched-RBF,control,2,1.0,1.0,"{""clf__C"": 10.0, ""clf__gamma"": 0.01}",13.68872790000023
60,control/PCA-matched-RBF,control,3,1.0,1.0,"{""clf__C"": 10.0, ""clf__gamma"": ""scale""}",13.68872790000023
60,control/PCA-matched-RBF,control,4,0.8888888888888888,1.0,"{""clf__C"": 1.0, ""clf__gamma"": 0.1}",13.68872790000023
60,control/PCA-matched-RBF,control,5,1.0,1.0,"{""clf__C"": 10.0, ""clf__gamma"": ""scale""}",13.68872790000023
60,control/PCA-matched-RBF,control,6,0.8888888888888888,1.0,"{""clf__C"": 1.0, ""clf__gamma"": 0.1}",13.68872790000023
60,control/PCA-matched-RBF,control,7,0.6666666666666666,0.8,"{""clf__C"": 10.0, ""clf__gamma"": 0.01}",13.68872790000023
60,control/PCA-matched-RBF,control,8,1.0,1.0,"{""clf__C"": 10.0, ""clf__gamma"": 0.1}",13.68872790000023
60,control/PCA-matched-RBF,control,9,0.7777777777777778,0.85,"{""clf__C"": 10.0, ""clf__gamma"": 0.01}",13.68872790000023
60,control/PCA-matched-RBF,control,10,0.7777777777777778,0.85,"{""clf__C"": 10.0, ""clf__gamma"": ""scale""}",13.68872790000023
60,control/PCA-matched-RBF,control,11,0.8888888888888888,0.9500000000000001,"{""clf__C"": 10.0, ""clf__gamma"": ""scale""}",13.68872790000023
60,control/PCA-matched-RBF,control,12,0.6666666666666666,0.9,"{""clf__C"": 10.0, ""clf__gamma"": 0.01}",13.68872790000023
60,control/PCA-matched-RBF,control,13,0.8888888888888888,0.9,"{""clf__C"": 10.0, ""clf__gamma"": ""scale""}",13.68872790000023
60,control/PCA-matched-RBF,control,14,0.8888888888888888,1.0,"{""clf__C"": 1.0, ""clf__gamma"": ""scale""}",13.68872790000023
60,control/PCA-matched-linear,control,0,0.8888888888888888,0.8500000000000001,"{""clf__C"": 0.1}",4.9382745000002615
60,control/PCA-matched-linear,control,1,0.7777777777777778,0.8500000000000001,"{""clf__C"": 10.0}",4.9382745000002615
60,control/PCA-matched-linear,control,2,1.0,1.0,"{""clf__C"": 0.1}",4.9382745000002615
60,control/PCA-matched-linear,control,3,0.7777777777777778,0.85,"{""clf__C"": 1.0}",4.9382745000002615
60,control/PCA-matched-linear,control,4,0.8888888888888888,1.0,"{""clf__C"": 0.1}",4.9382745000002615
60,control/PCA-matched-linear,control,5,1.0,1.0,"{""clf__C"": 10.0}",4.9382745000002615
60,control/PCA-matched-linear,control,6,0.8888888888888888,1.0,"{""clf__C"": 0.1}",4.9382745000002615
60,control/PCA-matched-linear,control,7,0.6666666666666666,0.75,"{""clf__C"": 0.1}",4.9382745000002615
60,control/PCA-matched-linear,control,8,1.0,1.0,"{""clf__C"": 10.0}",4.9382745000002615
60,control/PCA-matched-linear,control,9,0.7777777777777778,0.85,"{""clf__C"": 0.1}",4.9382745000002615
60,control/PCA-matched-linear,control,10,0.7777777777777778,0.7,"{""clf__C"": 10.0}",4.9382745000002615
60,control/PCA-matched-linear,control,11,0.7777777777777778,0.9500000000000001,"{""clf__C"": 10.0}",4.9382745000002615
60,control/PCA-matched-linear,control,12,0.6666666666666666,0.9,"{""clf__C"": 0.1}",4.9382745000002615
60,control/PCA-matched-linear,control,13,0.8888888888888888,0.95,"{""clf__C"": 1.0}",4.9382745000002615
60,control/PCA-matched-linear,control,14,0.8888888888888888,1.0,"{""clf__C"": 10.0}",4.9382745000002615
60,control/logeuclid-TS+LR,control,0,0.6666666666666666,0.8,"{""clf__C"": 0.1}",4.16555150000022
60,control/logeuclid-TS+LR,control,1,0.8888888888888888,0.9500000000000001,"{""clf__C"": 0.1}",4.16555150000022
60,control/logeuclid-TS+LR,control,2,0.5555555555555556,0.7,"{""clf__C"": 0.1}",4.16555150000022
60,control/logeuclid-TS+LR,control,3,0.8888888888888888,1.0,"{""clf__C"": 1.0}",4.16555150000022
60,control/logeuclid-TS+LR,control,4,0.6666666666666666,1.0,"{""clf__C"": 0.1}",4.16555150000022
60,control/logeuclid-TS+LR,control,5,0.8888888888888888,1.0,"{""clf__C"": 1.0}",4.16555150000022
60,control/logeuclid-TS+LR,control,6,1.0,1.0,"{""clf__C"": 0.1}",4.16555150000022
60,control/logeuclid-TS+LR,control,7,0.5555555555555556,0.7,"{""clf__C"": 1.0}",4.16555150000022
60,control/logeuclid-TS+LR,control,8,0.5555555555555556,0.75,"{""clf__C"": 10.0}",4.16555150000022
60,control/logeuclid-TS+LR,control,9,0.7777777777777778,0.85,"{""clf__C"": 1.0}",4.16555150000022
60,control/logeuclid-TS+LR,control,10,0.6666666666666666,0.65,"{""clf__C"": 0.1}",4.16555150000022
60,control/logeuclid-TS+LR,control,11,0.7777777777777778,0.8,"{""clf__C"": 1.0}",4.16555150000022
60,control/logeuclid-TS+LR,control,12,0.8888888888888888,0.9500000000000001,"{""clf__C"": 0.1}",4.16555150000022
60,control/logeuclid-TS+LR,control,13,0.8888888888888888,1.0,"{""clf__C"": 0.1}",4.16555150000022
60,control/logeuclid-TS+LR,control,14,1.0,1.0,"{""clf__C"": 0.1}",4.16555150000022
60,control/riemann-kernel-SVM,control,0,0.7777777777777778,0.8,"{""clf__C"": 10.0}",4.571337299999868
60,control/riemann-kernel-SVM,control,1,0.8888888888888888,0.9500000000000001,"{""clf__C"": 1.0}",4.571337299999868
60,control/riemann-kernel-SVM,control,2,0.8888888888888888,1.0,"{""clf__C"": 0.1}",4.571337299999868
60,control/riemann-kernel-SVM,control,3,0.7777777777777778,0.95,"{""clf__C"": 0.1}",4.571337299999868
60,control/riemann-kernel-SVM,control,4,0.7777777777777778,0.8500000000000001,"{""clf__C"": 0.1}",4.571337299999868
60,control/riemann-kernel-SVM,control,5,1.0,1.0,"{""clf__C"": 0.1}",4.571337299999868
60,control/riemann-kernel-SVM,control,6,0.8888888888888888,1.0,"{""clf__C"": 0.1}",4.571337299999868
60,control/riemann-kernel-SVM,control,7,0.6666666666666666,0.75,"{""clf__C"": 1.0}",4.571337299999868
60,control/riemann-kernel-SVM,control,8,1.0,1.0,"{""clf__C"": 0.1}",4.571337299999868
60,control/riemann-kernel-SVM,control,9,0.6666666666666666,0.9,"{""clf__C"": 0.1}",4.571337299999868
60,control/riemann-kernel-SVM,control,10,0.7777777777777778,1.0,"{""clf__C"": 1.0}",4.571337299999868
60,control/riemann-kernel-SVM,control,11,0.8888888888888888,0.9500000000000001,"{""clf__C"": 1.0}",4.571337299999868
60,control/riemann-kernel-SVM,control,12,0.7777777777777778,0.9,"{""clf__C"": 0.1}",4.571337299999868
60,control/riemann-kernel-SVM,control,13,0.8888888888888888,0.95,"{""clf__C"": 1.0}",4.571337299999868
60,control/riemann-kernel-SVM,control,14,0.8888888888888888,1.0,"{""clf__C"": 0.1}",4.571337299999868
60,control/logeuclid-kernel-SVM,control,0,0.8888888888888888,0.8500000000000001,"{""clf__C"": 1.0}",4.566037399999914
60,control/logeuclid-kernel-SVM,control,1,0.8888888888888888,0.9500000000000001,"{""clf__C"": 0.1}",4.566037399999914
60,control/logeuclid-kernel-SVM,control,2,0.8888888888888888,1.0,"{""clf__C"": 1.0}",4.566037399999914
60,control/logeuclid-kernel-SVM,control,3,0.7777777777777778,0.95,"{""clf__C"": 0.1}",4.566037399999914
60,control/logeuclid-kernel-SVM,control,4,0.5555555555555556,0.8500000000000001,"{""clf__C"": 0.1}",4.566037399999914
60,control/logeuclid-kernel-SVM,control,5,1.0,1.0,"{""clf__C"": 0.1}",4.566037399999914
60,control/logeuclid-kernel-SVM,control,6,1.0,1.0,"{""clf__C"": 0.1}",4.566037399999914
60,control/logeuclid-kernel-SVM,control,7,0.6666666666666666,0.8,"{""clf__C"": 10.0}",4.566037399999914
60,control/logeuclid-kernel-SVM,control,8,0.6666666666666666,1.0,"{""clf__C"": 10.0}",4.566037399999914
60,control/logeuclid-kernel-SVM,control,9,0.7777777777777778,0.9,"{""clf__C"": 1.0}",4.566037399999914
60,control/logeuclid-kernel-SVM,control,10,0.8888888888888888,1.0,"{""clf__C"": 1.0}",4.566037399999914
60,control/logeuclid-kernel-SVM,control,11,0.8888888888888888,1.0,"{""clf__C"": 10.0}",4.566037399999914
60,control/logeuclid-kernel-SVM,control,12,0.6666666666666666,0.8,"{""clf__C"": 10.0}",4.566037399999914
60,control/logeuclid-kernel-SVM,control,13,0.8888888888888888,0.95,"{""clf__C"": 1.0}",4.566037399999914
60,control/logeuclid-kernel-SVM,control,14,0.8888888888888888,1.0,"{""clf__C"": 0.1}",4.566037399999914
61,classical/logvar+LDA,classical,0,0.3333333333333333,0.4,{},0.09150860000045213
61,classical/logvar+LDA,classical,1,0.6666666666666666,0.9,{},0.09150860000045213
61,classical/logvar+LDA,classical,2,0.5555555555555556,0.6500000000000001,{},0.09150860000045213
61,classical/logvar+LDA,classical,3,0.5555555555555556,0.6,{},0.09150860000045213
61,classical/logvar+LDA,classical,4,0.5555555555555556,0.4,{},0.09150860000045213
61,classical/logvar+LDA,classical,5,0.7777777777777778,0.7,{},0.09150860000045213
61,classical/logvar+LDA,classical,6,0.5555555555555556,0.44999999999999996,{},0.09150860000045213
61,classical/logvar+LDA,classical,7,0.2222222222222222,0.15000000000000002,{},0.09150860000045213
61,classical/logvar+LDA,classical,8,0.3333333333333333,0.19999999999999998,{},0.09150860000045213
61,classical/logvar+LDA,classical,9,0.5555555555555556,0.5499999999999999,{},0.09150860000045213
61,classical/logvar+LDA,classical,10,0.4444444444444444,0.35000000000000003,{},0.09150860000045213
61,classical/logvar+LDA,classical,11,0.5555555555555556,0.85,{},0.09150860000045213
61,classical/logvar+LDA,classical,12,0.5555555555555556,0.44999999999999996,{},0.09150860000045213
61,classical/logvar+LDA,classical,13,0.5555555555555556,0.6,{},0.09150860000045213
61,classical/logvar+LDA,classical,14,0.5555555555555556,0.4,{},0.09150860000045213
61,classical/CSP+LDA,classical,0,0.6666666666666666,0.65,"{""csp__nfilter"": 6}",3.7995183000002726
61,classical/CSP+LDA,classical,1,0.7777777777777778,0.95,"{""csp__nfilter"": 6}",3.7995183000002726
61,classical/CSP+LDA,classical,2,0.6666666666666666,0.8,"{""csp__nfilter"": 6}",3.7995183000002726
61,classical/CSP+LDA,classical,3,0.7777777777777778,0.9500000000000001,"{""csp__nfilter"": 6}",3.7995183000002726
61,classical/CSP+LDA,classical,4,0.5555555555555556,0.6500000000000001,"{""csp__nfilter"": 6}",3.7995183000002726
61,classical/CSP+LDA,classical,5,0.7777777777777778,0.8500000000000001,"{""csp__nfilter"": 4}",3.7995183000002726
61,classical/CSP+LDA,classical,6,0.4444444444444444,0.6,"{""csp__nfilter"": 6}",3.7995183000002726
61,classical/CSP+LDA,classical,7,0.7777777777777778,0.85,"{""csp__nfilter"": 4}",3.7995183000002726
61,classical/CSP+LDA,classical,8,0.6666666666666666,0.75,"{""csp__nfilter"": 4}",3.7995183000002726
61,classical/CSP+LDA,classical,9,0.6666666666666666,0.8500000000000001,"{""csp__nfilter"": 4}",3.7995183000002726
61,classical/CSP+LDA,classical,10,0.6666666666666666,0.6,"{""csp__nfilter"": 6}",3.7995183000002726
61,classical/CSP+LDA,classical,11,0.7777777777777778,0.9,"{""csp__nfilter"": 6}",3.7995183000002726
61,classical/CSP+LDA,classical,12,0.6666666666666666,0.7,"{""csp__nfilter"": 6}",3.7995183000002726
61,classical/CSP+LDA,classical,13,0.8888888888888888,1.0,"{""csp__nfilter"": 6}",3.7995183000002726
61,classical/CSP+LDA,classical,14,0.7777777777777778,1.0,"{""csp__nfilter"": 2}",3.7995183000002726
61,classical/MDM,classical,0,0.4444444444444444,0.44999999999999996,{},0.45710589999998774
61,classical/MDM,classical,1,0.7777777777777778,0.85,{},0.45710589999998774
61,classical/MDM,classical,2,0.7777777777777778,0.8500000000000001,{},0.45710589999998774
61,classical/MDM,classical,3,0.4444444444444444,0.35,{},0.45710589999998774
61,classical/MDM,classical,4,0.5555555555555556,0.5,{},0.45710589999998774
61,classical/MDM,classical,5,0.5555555555555556,0.45,{},0.45710589999998774
61,classical/MDM,classical,6,0.6666666666666666,0.6000000000000001,{},0.45710589999998774
61,classical/MDM,classical,7,0.7777777777777778,0.6000000000000001,{},0.45710589999998774
61,classical/MDM,classical,8,0.3333333333333333,0.15,{},0.45710589999998774
61,classical/MDM,classical,9,0.8888888888888888,0.8,{},0.45710589999998774
61,classical/MDM,classical,10,0.2222222222222222,0.15,{},0.45710589999998774
61,classical/MDM,classical,11,0.3333333333333333,0.35,{},0.45710589999998774
61,classical/MDM,classical,12,0.5555555555555556,0.55,{},0.45710589999998774
61,classical/MDM,classical,13,0.7777777777777778,0.8500000000000001,{},0.45710589999998774
61,classical/MDM,classical,14,0.6666666666666666,0.75,{},0.45710589999998774
61,classical/TS+LR,classical,0,0.6666666666666666,0.6,"{""clf__C"": 1.0}",4.875883600000634
61,classical/TS+LR,classical,1,0.8888888888888888,0.8,"{""clf__C"": 0.1}",4.875883600000634
61,classical/TS+LR,classical,2,0.7777777777777778,0.6500000000000001,"{""clf__C"": 0.1}",4.875883600000634
61,classical/TS+LR,classical,3,0.8888888888888888,1.0,"{""clf__C"": 10.0}",4.875883600000634
61,classical/TS+LR,classical,4,0.4444444444444444,0.6,"{""clf__C"": 0.1}",4.875883600000634
61,classical/TS+LR,classical,5,0.5555555555555556,0.8500000000000001,"{""clf__C"": 0.1}",4.875883600000634
61,classical/TS+LR,classical,6,0.5555555555555556,0.6,"{""clf__C"": 0.1}",4.875883600000634
61,classical/TS+LR,classical,7,0.4444444444444444,0.5,"{""clf__C"": 1.0}",4.875883600000634
61,classical/TS+LR,classical,8,0.5555555555555556,0.6499999999999999,"{""clf__C"": 0.1}",4.875883600000634
61,classical/TS+LR,classical,9,0.7777777777777778,0.75,"{""clf__C"": 0.1}",4.875883600000634
61,classical/TS+LR,classical,10,0.6666666666666666,0.65,"{""clf__C"": 0.1}",4.875883600000634
61,classical/TS+LR,classical,11,0.6666666666666666,0.5499999999999999,"{""clf__C"": 0.1}",4.875883600000634
61,classical/TS+LR,classical,12,0.6666666666666666,0.8,"{""clf__C"": 0.1}",4.875883600000634
61,classical/TS+LR,classical,13,0.7777777777777778,1.0,"{""clf__C"": 0.1}",4.875883600000634
61,classical/TS+LR,classical,14,0.5555555555555556,0.35,"{""clf__C"": 0.1}",4.875883600000634
61,classical/TS+RBF-SVM,classical,0,0.5555555555555556,0.65,"{""clf__C"": 1.0, ""clf__gamma"": ""scale""}",12.927217499999642
61,classical/TS+RBF-SVM,classical,1,0.7777777777777778,0.8,"{""clf__C"": 10.0, ""clf__gamma"": ""scale""}",12.927217499999642
61,classical/TS+RBF-SVM,classical,2,0.6666666666666666,0.65,"{""clf__C"": 10.0, ""clf__gamma"": ""scale""}",12.927217499999642
61,classical/TS+RBF-SVM,classical,3,0.8888888888888888,0.9500000000000001,"{""clf__C"": 10.0, ""clf__gamma"": 0.01}",12.927217499999642
61,classical/TS+RBF-SVM,classical,4,0.4444444444444444,0.3,"{""clf__C"": 10.0, ""clf__gamma"": ""scale""}",12.927217499999642
61,classical/TS+RBF-SVM,classical,5,0.7777777777777778,0.7500000000000001,"{""clf__C"": 1.0, ""clf__gamma"": ""scale""}",12.927217499999642
61,classical/TS+RBF-SVM,classical,6,0.5555555555555556,0.65,"{""clf__C"": 1.0, ""clf__gamma"": ""scale""}",12.927217499999642
61,classical/TS+RBF-SVM,classical,7,0.7777777777777778,0.9,"{""clf__C"": 1.0, ""clf__gamma"": 0.01}",12.927217499999642
61,classical/TS+RBF-SVM,classical,8,0.4444444444444444,0.55,"{""clf__C"": 10.0, ""clf__gamma"": ""scale""}",12.927217499999642
61,classical/TS+RBF-SVM,classical,9,0.5555555555555556,0.7,"{""clf__C"": 10.0, ""clf__gamma"": ""scale""}",12.927217499999642
61,classical/TS+RBF-SVM,classical,10,0.5555555555555556,0.39999999999999997,"{""clf__C"": 1.0, ""clf__gamma"": ""scale""}",12.927217499999642
61,classical/TS+RBF-SVM,classical,11,0.5555555555555556,0.4,"{""clf__C"": 1.0, ""clf__gamma"": ""scale""}",12.927217499999642
61,classical/TS+RBF-SVM,classical,12,0.4444444444444444,0.75,"{""clf__C"": 1.0, ""clf__gamma"": 0.01}",12.927217499999642
61,classical/TS+RBF-SVM,classical,13,0.6666666666666666,0.85,"{""clf__C"": 10.0, ""clf__gamma"": ""scale""}",12.927217499999642
61,classical/TS+RBF-SVM,classical,14,0.5555555555555556,0.75,"{""clf__C"": 1.0, ""clf__gamma"": ""scale""}",12.927217499999642
61,quantum/HS-overlap-SVM,quantum,0,0.6666666666666666,0.5499999999999999,"{""clf__C"": 0.1}",3.854375599999912
61,quantum/HS-overlap-SVM,quantum,1,0.4444444444444444,0.55,"{""clf__C"": 0.1}",3.854375599999912
61,quantum/HS-overlap-SVM,quantum,2,0.5555555555555556,0.6000000000000001,"{""clf__C"": 0.1}",3.854375599999912
61,quantum/HS-overlap-SVM,quantum,3,0.4444444444444444,0.19999999999999998,"{""clf__C"": 0.1}",3.854375599999912
61,quantum/HS-overlap-SVM,quantum,4,0.4444444444444444,0.25,"{""clf__C"": 0.1}",3.854375599999912
61,quantum/HS-overlap-SVM,quantum,5,0.3333333333333333,0.4,"{""clf__C"": 0.1}",3.854375599999912
61,quantum/HS-overlap-SVM,quantum,6,0.5555555555555556,0.5,"{""clf__C"": 0.1}",3.854375599999912
61,quantum/HS-overlap-SVM,quantum,7,0.2222222222222222,0.15000000000000002,"{""clf__C"": 0.1}",3.854375599999912
61,quantum/HS-overlap-SVM,quantum,8,0.4444444444444444,0.45,"{""clf__C"": 0.1}",3.854375599999912
61,quantum/HS-overlap-SVM,quantum,9,0.4444444444444444,0.5499999999999999,"{""clf__C"": 0.1}",3.854375599999912
61,quantum/HS-overlap-SVM,quantum,10,0.2222222222222222,0.4,"{""clf__C"": 0.1}",3.854375599999912
61,quantum/HS-overlap-SVM,quantum,11,0.3333333333333333,0.30000000000000004,"{""clf__C"": 0.1}",3.854375599999912
61,quantum/HS-overlap-SVM,quantum,12,0.4444444444444444,0.4,"{""clf__C"": 0.1}",3.854375599999912
61,quantum/HS-overlap-SVM,quantum,13,0.4444444444444444,0.65,"{""clf__C"": 0.1}",3.854375599999912
61,quantum/HS-overlap-SVM,quantum,14,0.4444444444444444,0.35,"{""clf__C"": 0.1}",3.854375599999912
61,quantum/Fidelity-SVM,quantum,0,0.6666666666666666,0.4,"{""clf__C"": 10.0}",5.323118699999213
61,quantum/Fidelity-SVM,quantum,1,0.6666666666666666,0.75,"{""clf__C"": 0.1}",5.323118699999213
61,quantum/Fidelity-SVM,quantum,2,0.5555555555555556,0.8,"{""clf__C"": 0.1}",5.323118699999213
61,quantum/Fidelity-SVM,quantum,3,0.4444444444444444,0.25,"{""clf__C"": 0.1}",5.323118699999213
61,quantum/Fidelity-SVM,quantum,4,0.4444444444444444,0.35,"{""clf__C"": 0.1}",5.323118699999213
61,quantum/Fidelity-SVM,quantum,5,0.3333333333333333,0.5,"{""clf__C"": 10.0}",5.323118699999213
61,quantum/Fidelity-SVM,quantum,6,0.4444444444444444,0.6000000000000001,"{""clf__C"": 10.0}",5.323118699999213
61,quantum/Fidelity-SVM,quantum,7,0.3333333333333333,0.3,"{""clf__C"": 10.0}",5.323118699999213
61,quantum/Fidelity-SVM,quantum,8,0.4444444444444444,0.44999999999999996,"{""clf__C"": 0.1}",5.323118699999213
61,quantum/Fidelity-SVM,quantum,9,0.4444444444444444,0.75,"{""clf__C"": 10.0}",5.323118699999213
61,quantum/Fidelity-SVM,quantum,10,0.3333333333333333,0.30000000000000004,"{""clf__C"": 10.0}",5.323118699999213
61,quantum/Fidelity-SVM,quantum,11,0.4444444444444444,0.39999999999999997,"{""clf__C"": 10.0}",5.323118699999213
61,quantum/Fidelity-SVM,quantum,12,0.3333333333333333,0.5,"{""clf__C"": 10.0}",5.323118699999213
61,quantum/Fidelity-SVM,quantum,13,0.4444444444444444,0.65,"{""clf__C"": 0.1}",5.323118699999213
61,quantum/Fidelity-SVM,quantum,14,0.4444444444444444,0.6000000000000001,"{""clf__C"": 10.0}",5.323118699999213
61,quantum/HS-RBF-SVM,quantum,0,0.7777777777777778,0.6499999999999999,"{""clf__C"": 1.0, ""clf__gamma_mult"": 4.0}",10.633356000000276
61,quantum/HS-RBF-SVM,quantum,1,0.5555555555555556,0.5,"{""clf__C"": 10.0, ""clf__gamma_mult"": 1.0}",10.633356000000276
61,quantum/HS-RBF-SVM,quantum,2,0.6666666666666666,0.49999999999999994,"{""clf__C"": 1.0, ""clf__gamma_mult"": 4.0}",10.633356000000276
61,quantum/HS-RBF-SVM,quantum,3,0.5555555555555556,0.49999999999999994,"{""clf__C"": 1.0, ""clf__gamma_mult"": 1.0}",10.633356000000276
61,quantum/HS-RBF-SVM,quantum,4,0.4444444444444444,0.35,"{""clf__C"": 10.0, ""clf__gamma_mult"": 0.25}",10.633356000000276
61,quantum/HS-RBF-SVM,quantum,5,0.2222222222222222,0.30000000000000004,"{""clf__C"": 10.0, ""clf__gamma_mult"": 4.0}",10.633356000000276
61,quantum/HS-RBF-SVM,quantum,6,0.4444444444444444,0.55,"{""clf__C"": 10.0, ""clf__gamma_mult"": 0.25}",10.633356000000276
61,quantum/HS-RBF-SVM,quantum,7,0.5555555555555556,0.30000000000000004,"{""clf__C"": 1.0, ""clf__gamma_mult"": 4.0}",10.633356000000276
61,quantum/HS-RBF-SVM,quantum,8,0.5555555555555556,0.7000000000000001,"{""clf__C"": 1.0, ""clf__gamma_mult"": 4.0}",10.633356000000276
61,quantum/HS-RBF-SVM,quantum,9,0.6666666666666666,0.65,"{""clf__C"": 1.0, ""clf__gamma_mult"": 1.0}",10.633356000000276
61,quantum/HS-RBF-SVM,quantum,10,0.7777777777777778,0.9,"{""clf__C"": 10.0, ""clf__gamma_mult"": 1.0}",10.633356000000276
61,quantum/HS-RBF-SVM,quantum,11,0.5555555555555556,0.35,"{""clf__C"": 1.0, ""clf__gamma_mult"": 4.0}",10.633356000000276
61,quantum/HS-RBF-SVM,quantum,12,0.4444444444444444,0.65,"{""clf__C"": 10.0, ""clf__gamma_mult"": 0.25}",10.633356000000276
61,quantum/HS-RBF-SVM,quantum,13,0.2222222222222222,0.15,"{""clf__C"": 10.0, ""clf__gamma_mult"": 4.0}",10.633356000000276
61,quantum/HS-RBF-SVM,quantum,14,0.6666666666666666,0.55,"{""clf__C"": 10.0, ""clf__gamma_mult"": 0.25}",10.633356000000276
61,quantum/Bures-RBF-SVM,quantum,0,0.5555555555555556,0.5,"{""clf__C"": 10.0, ""clf__gamma_mult"": 0.25}",14.1022995000003
61,quantum/Bures-RBF-SVM,quantum,1,0.6666666666666666,0.65,"{""clf__C"": 10.0, ""clf__gamma_mult"": 0.25}",14.1022995000003
61,quantum/Bures-RBF-SVM,quantum,2,0.5555555555555556,0.75,"{""clf__C"": 10.0, ""clf__gamma_mult"": 0.25}",14.1022995000003
61,quantum/Bures-RBF-SVM,quantum,3,0.5555555555555556,0.7,"{""clf__C"": 1.0, ""clf__gamma_mult"": 1.0}",14.1022995000003
61,quantum/Bures-RBF-SVM,quantum,4,0.2222222222222222,0.19999999999999996,"{""clf__C"": 1.0, ""clf__gamma_mult"": 4.0}",14.1022995000003
61,quantum/Bures-RBF-SVM,quantum,5,0.6666666666666666,0.8,"{""clf__C"": 10.0, ""clf__gamma_mult"": 1.0}",14.1022995000003
61,quantum/Bures-RBF-SVM,quantum,6,0.5555555555555556,0.6,"{""clf__C"": 10.0, ""clf__gamma_mult"": 0.25}",14.1022995000003
61,quantum/Bures-RBF-SVM,quantum,7,0.5555555555555556,0.5499999999999999,"{""clf__C"": 10.0, ""clf__gamma_mult"": 4.0}",14.1022995000003
61,quantum/Bures-RBF-SVM,quantum,8,0.6666666666666666,0.5,"{""clf__C"": 10.0, ""clf__gamma_mult"": 1.0}",14.1022995000003
61,quantum/Bures-RBF-SVM,quantum,9,0.6666666666666666,0.75,"{""clf__C"": 1.0, ""clf__gamma_mult"": 1.0}",14.1022995000003
61,quantum/Bures-RBF-SVM,quantum,10,0.5555555555555556,0.5,"{""clf__C"": 10.0, ""clf__gamma_mult"": 0.25}",14.1022995000003
61,quantum/Bures-RBF-SVM,quantum,11,0.7777777777777778,0.6,"{""clf__C"": 10.0, ""clf__gamma_mult"": 0.25}",14.1022995000003
61,quantum/Bures-RBF-SVM,quantum,12,0.5555555555555556,0.7,"{""clf__C"": 10.0, ""clf__gamma_mult"": 0.25}",14.1022995000003
61,quantum/Bures-RBF-SVM,quantum,13,0.3333333333333333,0.35,"{""clf__C"": 10.0, ""clf__gamma_mult"": 4.0}",14.1022995000003
61,quantum/Bures-RBF-SVM,quantum,14,0.6666666666666666,0.65,"{""clf__C"": 10.0, ""clf__gamma_mult"": 0.25}",14.1022995000003
61,quantum/QRE-RBF-SVM,quantum,0,0.5555555555555556,0.55,"{""clf__C"": 10.0, ""clf__gamma_mult"": 1.0}",12.406990899999983
61,quantum/QRE-RBF-SVM,quantum,1,0.6666666666666666,0.7,"{""clf__C"": 10.0, ""clf__gamma_mult"": 0.25}",12.406990899999983
61,quantum/QRE-RBF-SVM,quantum,2,0.6666666666666666,0.65,"{""clf__C"": 1.0, ""clf__gamma_mult"": 4.0}",12.406990899999983
61,quantum/QRE-RBF-SVM,quantum,3,0.5555555555555556,0.65,"{""clf__C"": 1.0, ""clf__gamma_mult"": 1.0}",12.406990899999983
61,quantum/QRE-RBF-SVM,quantum,4,0.3333333333333333,0.30000000000000004,"{""clf__C"": 10.0, ""clf__gamma_mult"": 1.0}",12.406990899999983
61,quantum/QRE-RBF-SVM,quantum,5,0.6666666666666666,0.8,"{""clf__C"": 10.0, ""clf__gamma_mult"": 1.0}",12.406990899999983
61,quantum/QRE-RBF-SVM,quantum,6,0.4444444444444444,0.6,"{""clf__C"": 10.0, ""clf__gamma_mult"": 0.25}",12.406990899999983
61,quantum/QRE-RBF-SVM,quantum,7,0.5555555555555556,0.45,"{""clf__C"": 10.0, ""clf__gamma_mult"": 4.0}",12.406990899999983
61,quantum/QRE-RBF-SVM,quantum,8,0.6666666666666666,0.5,"{""clf__C"": 10.0, ""clf__gamma_mult"": 1.0}",12.406990899999983
61,quantum/QRE-RBF-SVM,quantum,9,0.5555555555555556,0.65,"{""clf__C"": 1.0, ""clf__gamma_mult"": 4.0}",12.406990899999983
61,quantum/QRE-RBF-SVM,quantum,10,0.4444444444444444,0.6,"{""clf__C"": 10.0, ""clf__gamma_mult"": 0.25}",12.406990899999983
61,quantum/QRE-RBF-SVM,quantum,11,0.7777777777777778,0.6499999999999999,"{""clf__C"": 10.0, ""clf__gamma_mult"": 0.25}",12.406990899999983
61,quantum/QRE-RBF-SVM,quantum,12,0.5555555555555556,0.75,"{""clf__C"": 10.0, ""clf__gamma_mult"": 0.25}",12.406990899999983
61,quantum/QRE-RBF-SVM,quantum,13,0.3333333333333333,0.35,"{""clf__C"": 10.0, ""clf__gamma_mult"": 4.0}",12.406990899999983
61,quantum/QRE-RBF-SVM,quantum,14,0.5555555555555556,0.6,"{""clf__C"": 10.0, ""clf__gamma_mult"": 0.25}",12.406990899999983
61,quantum/HS-overlap-ref-SVM,quantum,0,0.5555555555555556,0.5,"{""clf__C"": 10.0}",4.679173900000023
61,quantum/HS-overlap-ref-SVM,quantum,1,0.8888888888888888,0.95,"{""clf__C"": 10.0}",4.679173900000023
61,quantum/HS-overlap-ref-SVM,quantum,2,0.7777777777777778,0.9,"{""clf__C"": 10.0}",4.679173900000023
61,quantum/HS-overlap-ref-SVM,quantum,3,0.7777777777777778,0.9,"{""clf__C"": 10.0}",4.679173900000023
61,quantum/HS-overlap-ref-SVM,quantum,4,0.6666666666666666,0.7,"{""clf__C"": 10.0}",4.679173900000023
61,quantum/HS-overlap-ref-SVM,quantum,5,0.6666666666666666,0.8500000000000001,"{""clf__C"": 10.0}",4.679173900000023
61,quantum/HS-overlap-ref-SVM,quantum,6,0.5555555555555556,0.8,"{""clf__C"": 10.0}",4.679173900000023
61,quantum/HS-overlap-ref-SVM,quantum,7,0.8888888888888888,0.95,"{""clf__C"": 10.0}",4.679173900000023
61,quantum/HS-overlap-ref-SVM,quantum,8,0.4444444444444444,0.55,"{""clf__C"": 10.0}",4.679173900000023
61,quantum/HS-overlap-ref-SVM,quantum,9,0.6666666666666666,0.8500000000000001,"{""clf__C"": 10.0}",4.679173900000023
61,quantum/HS-overlap-ref-SVM,quantum,10,0.5555555555555556,0.6,"{""clf__C"": 10.0}",4.679173900000023
61,quantum/HS-overlap-ref-SVM,quantum,11,0.7777777777777778,0.8,"{""clf__C"": 10.0}",4.679173900000023
61,quantum/HS-overlap-ref-SVM,quantum,12,0.7777777777777778,0.75,"{""clf__C"": 10.0}",4.679173900000023
61,quantum/HS-overlap-ref-SVM,quantum,13,0.7777777777777778,0.9500000000000001,"{""clf__C"": 10.0}",4.679173900000023
61,quantum/HS-overlap-ref-SVM,quantum,14,0.7777777777777778,0.9,"{""clf__C"": 10.0}",4.679173900000023
61,quantum/Fidelity-ref-SVM,quantum,0,0.6666666666666666,0.5499999999999999,"{""clf__C"": 10.0}",6.433931699999448
61,quantum/Fidelity-ref-SVM,quantum,1,0.8888888888888888,1.0,"{""clf__C"": 10.0}",6.433931699999448
61,quantum/Fidelity-ref-SVM,quantum,2,0.7777777777777778,0.9,"{""clf__C"": 10.0}",6.433931699999448
61,quantum/Fidelity-ref-SVM,quantum,3,0.7777777777777778,0.9500000000000001,"{""clf__C"": 10.0}",6.433931699999448
61,quantum/Fidelity-ref-SVM,quantum,4,0.6666666666666666,0.7,"{""clf__C"": 10.0}",6.433931699999448
61,quantum/Fidelity-ref-SVM,quantum,5,0.6666666666666666,0.8500000000000001,"{""clf__C"": 10.0}",6.433931699999448
61,quantum/Fidelity-ref-SVM,quantum,6,0.6666666666666666,0.8,"{""clf__C"": 10.0}",6.433931699999448
61,quantum/Fidelity-ref-SVM,quantum,7,0.8888888888888888,0.9,"{""clf__C"": 10.0}",6.433931699999448
61,quantum/Fidelity-ref-SVM,quantum,8,0.4444444444444444,0.7,"{""clf__C"": 10.0}",6.433931699999448
61,quantum/Fidelity-ref-SVM,quantum,9,0.7777777777777778,0.8500000000000001,"{""clf__C"": 10.0}",6.433931699999448
61,quantum/Fidelity-ref-SVM,quantum,10,0.5555555555555556,0.6,"{""clf__C"": 10.0}",6.433931699999448
61,quantum/Fidelity-ref-SVM,quantum,11,0.7777777777777778,0.8,"{""clf__C"": 10.0}",6.433931699999448
61,quantum/Fidelity-ref-SVM,quantum,12,0.6666666666666666,0.8,"{""clf__C"": 10.0}",6.433931699999448
61,quantum/Fidelity-ref-SVM,quantum,13,0.8888888888888888,1.0,"{""clf__C"": 10.0}",6.433931699999448
61,quantum/Fidelity-ref-SVM,quantum,14,0.6666666666666666,0.8,"{""clf__C"": 10.0}",6.433931699999448
61,quantum/HS-RBF-ref-SVM,quantum,0,0.5555555555555556,0.5499999999999999,"{""clf__C"": 1.0, ""clf__gamma_mult"": 1.0}",13.046045099999901
61,quantum/HS-RBF-ref-SVM,quantum,1,0.8888888888888888,0.9,"{""clf__C"": 1.0, ""clf__gamma_mult"": 0.25}",13.046045099999901
61,quantum/HS-RBF-ref-SVM,quantum,2,0.7777777777777778,0.9,"{""clf__C"": 1.0, ""clf__gamma_mult"": 1.0}",13.046045099999901
61,quantum/HS-RBF-ref-SVM,quantum,3,0.7777777777777778,0.9500000000000001,"{""clf__C"": 1.0, ""clf__gamma_mult"": 1.0}",13.046045099999901
61,quantum/HS-RBF-ref-SVM,quantum,4,0.5555555555555556,0.6,"{""clf__C"": 10.0, ""clf__gamma_mult"": 1.0}",13.046045099999901
61,quantum/HS-RBF-ref-SVM,quantum,5,0.6666666666666666,0.8,"{""clf__C"": 10.0, ""clf__gamma_mult"": 0.25}",13.046045099999901
61,quantum/HS-RBF-ref-SVM,quantum,6,0.6666666666666666,0.8,"{""clf__C"": 1.0, ""clf__gamma_mult"": 0.25}",13.046045099999901
61,quantum/HS-RBF-ref-SVM,quantum,7,0.7777777777777778,1.0,"{""clf__C"": 10.0, ""clf__gamma_mult"": 0.25}",13.046045099999901
61,quantum/HS-RBF-ref-SVM,quantum,8,0.5555555555555556,0.55,"{""clf__C"": 1.0, ""clf__gamma_mult"": 1.0}",13.046045099999901
61,quantum/HS-RBF-ref-SVM,quantum,9,0.7777777777777778,0.8500000000000001,"{""clf__C"": 1.0, ""clf__gamma_mult"": 1.0}",13.046045099999901
61,quantum/HS-RBF-ref-SVM,quantum,10,0.6666666666666666,0.8500000000000001,"{""clf__C"": 10.0, ""clf__gamma_mult"": 0.25}",13.046045099999901
61,quantum/HS-RBF-ref-SVM,quantum,11,0.6666666666666666,0.6,"{""clf__C"": 10.0, ""clf__gamma_mult"": 4.0}",13.046045099999901
61,quantum/HS-RBF-ref-SVM,quantum,12,0.6666666666666666,0.8,"{""clf__C"": 1.0, ""clf__gamma_mult"": 1.0}",13.046045099999901
61,quantum/HS-RBF-ref-SVM,quantum,13,0.8888888888888888,1.0,"{""clf__C"": 1.0, ""clf__gamma_mult"": 1.0}",13.046045099999901
61,quantum/HS-RBF-ref-SVM,quantum,14,0.8888888888888888,0.9,"{""clf__C"": 1.0, ""clf__gamma_mult"": 1.0}",13.046045099999901
61,quantum/Bures-RBF-ref-SVM,quantum,0,0.5555555555555556,0.6499999999999999,"{""clf__C"": 1.0, ""clf__gamma_mult"": 1.0}",17.13084290000006
61,quantum/Bures-RBF-ref-SVM,quantum,1,0.8888888888888888,0.95,"{""clf__C"": 1.0, ""clf__gamma_mult"": 0.25}",17.13084290000006
61,quantum/Bures-RBF-ref-SVM,quantum,2,0.7777777777777778,0.8,"{""clf__C"": 1.0, ""clf__gamma_mult"": 4.0}",17.13084290000006
61,quantum/Bures-RBF-ref-SVM,quantum,3,0.7777777777777778,0.9500000000000001,"{""clf__C"": 1.0, ""clf__gamma_mult"": 1.0}",17.13084290000006
61,quantum/Bures-RBF-ref-SVM,quantum,4,0.6666666666666666,0.5499999999999999,"{""clf__C"": 10.0, ""clf__gamma_mult"": 4.0}",17.13084290000006
61,quantum/Bures-RBF-ref-SVM,quantum,5,0.6666666666666666,0.7,"{""clf__C"": 1.0, ""clf__gamma_mult"": 1.0}",17.13084290000006
61,quantum/Bures-RBF-ref-SVM,quantum,6,0.6666666666666666,0.8,"{""clf__C"": 1.0, ""clf__gamma_mult"": 0.25}",17.13084290000006
61,quantum/Bures-RBF-ref-SVM,quantum,7,0.7777777777777778,0.95,"{""clf__C"": 10.0, ""clf__gamma_mult"": 0.25}",17.13084290000006
61,quantum/Bures-RBF-ref-SVM,quantum,8,0.4444444444444444,0.55,"{""clf__C"": 1.0, ""clf__gamma_mult"": 1.0}",17.13084290000006
61,quantum/Bures-RBF-ref-SVM,quantum,9,0.7777777777777778,0.8500000000000001,"{""clf__C"": 1.0, ""clf__gamma_mult"": 1.0}",17.13084290000006
61,quantum/Bures-RBF-ref-SVM,quantum,10,0.6666666666666666,0.8,"{""clf__C"": 10.0, ""clf__gamma_mult"": 0.25}",17.13084290000006
61,quantum/Bures-RBF-ref-SVM,quantum,11,0.7777777777777778,0.6,"{""clf__C"": 10.0, ""clf__gamma_mult"": 4.0}",17.13084290000006
61,quantum/Bures-RBF-ref-SVM,quantum,12,0.6666666666666666,0.8,"{""clf__C"": 1.0, ""clf__gamma_mult"": 1.0}",17.13084290000006
61,quantum/Bures-RBF-ref-SVM,quantum,13,0.8888888888888888,1.0,"{""clf__C"": 1.0, ""clf__gamma_mult"": 1.0}",17.13084290000006
61,quantum/Bures-RBF-ref-SVM,quantum,14,0.7777777777777778,0.85,"{""clf__C"": 1.0, ""clf__gamma_mult"": 0.25}",17.13084290000006
61,quantum/QRE-RBF-ref-SVM,quantum,0,0.5555555555555556,0.6499999999999999,"{""clf__C"": 1.0, ""clf__gamma_mult"": 1.0}",14.79959239999971
61,quantum/QRE-RBF-ref-SVM,quantum,1,0.8888888888888888,0.95,"{""clf__C"": 1.0, ""clf__gamma_mult"": 0.25}",14.79959239999971
61,quantum/QRE-RBF-ref-SVM,quantum,2,0.7777777777777778,0.8,"{""clf__C"": 1.0, ""clf__gamma_mult"": 4.0}",14.79959239999971
61,quantum/QRE-RBF-ref-SVM,quantum,3,0.7777777777777778,0.9500000000000001,"{""clf__C"": 1.0, ""clf__gamma_mult"": 1.0}",14.79959239999971
61,quantum/QRE-RBF-ref-SVM,quantum,4,0.6666666666666666,0.5499999999999999,"{""clf__C"": 10.0, ""clf__gamma_mult"": 4.0}",14.79959239999971
61,quantum/QRE-RBF-ref-SVM,quantum,5,0.6666666666666666,0.7,"{""clf__C"": 1.0, ""clf__gamma_mult"": 1.0}",14.79959239999971
61,quantum/QRE-RBF-ref-SVM,quantum,6,0.6666666666666666,0.8,"{""clf__C"": 1.0, ""clf__gamma_mult"": 0.25}",14.79959239999971
61,quantum/QRE-RBF-ref-SVM,quantum,7,0.7777777777777778,0.95,"{""clf__C"": 10.0, ""clf__gamma_mult"": 0.25}",14.79959239999971
61,quantum/QRE-RBF-ref-SVM,quantum,8,0.4444444444444444,0.5,"{""clf__C"": 10.0, ""clf__gamma_mult"": 1.0}",14.79959239999971
61,quantum/QRE-RBF-ref-SVM,quantum,9,0.7777777777777778,0.8500000000000001,"{""clf__C"": 1.0, ""clf__gamma_mult"": 1.0}",14.79959239999971
61,quantum/QRE-RBF-ref-SVM,quantum,10,0.6666666666666666,0.8500000000000001,"{""clf__C"": 10.0, ""clf__gamma_mult"": 0.25}",14.79959239999971
61,quantum/QRE-RBF-ref-SVM,quantum,11,0.7777777777777778,0.6,"{""clf__C"": 10.0, ""clf__gamma_mult"": 4.0}",14.79959239999971
61,quantum/QRE-RBF-ref-SVM,quantum,12,0.6666666666666666,0.8,"{""clf__C"": 1.0, ""clf__gamma_mult"": 1.0}",14.79959239999971
61,quantum/QRE-RBF-ref-SVM,quantum,13,0.8888888888888888,1.0,"{""clf__C"": 1.0, ""clf__gamma_mult"": 1.0}",14.79959239999971
61,quantum/QRE-RBF-ref-SVM,quantum,14,0.7777777777777778,0.85,"{""clf__C"": 1.0, ""clf__gamma_mult"": 0.25}",14.79959239999971
61,quantum/IQP-kernel-SVM,quantum,0,0.6666666666666666,0.8,"{""clf__C"": 1.0, ""clf__scale"": 0.5}",20.961185199999818
61,quantum/IQP-kernel-SVM,quantum,1,0.3333333333333333,0.3,"{""clf__C"": 1.0, ""clf__scale"": 0.5}",20.961185199999818
61,quantum/IQP-kernel-SVM,quantum,2,0.3333333333333333,0.55,"{""clf__C"": 10.0, ""clf__scale"": 0.5}",20.961185199999818
61,quantum/IQP-kernel-SVM,quantum,3,0.5555555555555556,0.6,"{""clf__C"": 1.0, ""clf__scale"": 1.0}",20.961185199999818
61,quantum/IQP-kernel-SVM,quantum,4,0.4444444444444444,0.39999999999999997,"{""clf__C"": 10.0, ""clf__scale"": 0.5}",20.961185199999818
61,quantum/IQP-kernel-SVM,quantum,5,0.3333333333333333,0.4,"{""clf__C"": 1.0, ""clf__scale"": 2.0}",20.961185199999818
61,quantum/IQP-kernel-SVM,quantum,6,0.5555555555555556,0.35,"{""clf__C"": 1.0, ""clf__scale"": 0.5}",20.961185199999818
61,quantum/IQP-kernel-SVM,quantum,7,0.6666666666666666,0.8,"{""clf__C"": 10.0, ""clf__scale"": 0.5}",20.961185199999818
61,quantum/IQP-kernel-SVM,quantum,8,0.5555555555555556,0.49999999999999994,"{""clf__C"": 10.0, ""clf__scale"": 0.5}",20.961185199999818
61,quantum/IQP-kernel-SVM,quantum,9,0.4444444444444444,0.7,"{""clf__C"": 0.1, ""clf__scale"": 0.5}",20.961185199999818
61,quantum/IQP-kernel-SVM,quantum,10,0.4444444444444444,0.55,"{""clf__C"": 10.0, ""clf__scale"": 1.0}",20.961185199999818
61,quantum/IQP-kernel-SVM,quantum,11,0.3333333333333333,0.35,"{""clf__C"": 10.0, ""clf__scale"": 0.5}",20.961185199999818
61,quantum/IQP-kernel-SVM,quantum,12,0.6666666666666666,0.5,"{""clf__C"": 10.0, ""clf__scale"": 2.0}",20.961185199999818
61,quantum/IQP-kernel-SVM,quantum,13,0.4444444444444444,0.4,"{""clf__C"": 1.0, ""clf__scale"": 1.0}",20.961185199999818
61,quantum/IQP-kernel-SVM,quantum,14,0.6666666666666666,0.85,"{""clf__C"": 1.0, ""clf__scale"": 0.5}",20.961185199999818
61,quantum/CNOT-kernel-SVM,quantum,0,0.5555555555555556,0.75,"{""clf__C"": 1.0, ""clf__scale"": 1.0}",18.615379900000335
61,quantum/CNOT-kernel-SVM,quantum,1,0.4444444444444444,0.5,"{""clf__C"": 1.0, ""clf__scale"": 0.5}",18.615379900000335
61,quantum/CNOT-kernel-SVM,quantum,2,0.5555555555555556,0.5,"{""clf__C"": 10.0, ""clf__scale"": 1.0}",18.615379900000335
61,quantum/CNOT-kernel-SVM,quantum,3,0.5555555555555556,0.65,"{""clf__C"": 1.0, ""clf__scale"": 0.5}",18.615379900000335
61,quantum/CNOT-kernel-SVM,quantum,4,0.4444444444444444,0.25,"{""clf__C"": 10.0, ""clf__scale"": 2.0}",18.615379900000335
61,quantum/CNOT-kernel-SVM,quantum,5,0.4444444444444444,0.5,"{""clf__C"": 1.0, ""clf__scale"": 1.0}",18.615379900000335
61,quantum/CNOT-kernel-SVM,quantum,6,0.4444444444444444,0.6000000000000001,"{""clf__C"": 1.0, ""clf__scale"": 0.5}",18.615379900000335
61,quantum/CNOT-kernel-SVM,quantum,7,0.3333333333333333,0.35,"{""clf__C"": 1.0, ""clf__scale"": 1.0}",18.615379900000335
61,quantum/CNOT-kernel-SVM,quantum,8,0.4444444444444444,0.4,"{""clf__C"": 10.0, ""clf__scale"": 1.0}",18.615379900000335
61,quantum/CNOT-kernel-SVM,quantum,9,0.4444444444444444,0.7,"{""clf__C"": 0.1, ""clf__scale"": 0.5}",18.615379900000335
61,quantum/CNOT-kernel-SVM,quantum,10,0.3333333333333333,0.4,"{""clf__C"": 1.0, ""clf__scale"": 0.5}",18.615379900000335
61,quantum/CNOT-kernel-SVM,quantum,11,0.4444444444444444,0.35000000000000003,"{""clf__C"": 1.0, ""clf__scale"": 2.0}",18.615379900000335
61,quantum/CNOT-kernel-SVM,quantum,12,0.3333333333333333,0.45000000000000007,"{""clf__C"": 10.0, ""clf__scale"": 1.0}",18.615379900000335
61,quantum/CNOT-kernel-SVM,quantum,13,0.4444444444444444,0.35,"{""clf__C"": 1.0, ""clf__scale"": 1.0}",18.615379900000335
61,quantum/CNOT-kernel-SVM,quantum,14,0.4444444444444444,0.5499999999999999,"{""clf__C"": 1.0, ""clf__scale"": 1.0}",18.615379900000335
61,control/IQP-no-entangle,control,0,0.7777777777777778,0.7,"{""clf__C"": 10.0, ""clf__scale"": 1.0}",17.19178600000032
61,control/IQP-no-entangle,control,1,0.6666666666666666,0.5,"{""clf__C"": 1.0, ""clf__scale"": 0.5}",17.19178600000032
61,control/IQP-no-entangle,control,2,0.6666666666666666,0.7,"{""clf__C"": 1.0, ""clf__scale"": 2.0}",17.19178600000032
61,control/IQP-no-entangle,control,3,0.5555555555555556,0.8,"{""clf__C"": 1.0, ""clf__scale"": 1.0}",17.19178600000032
61,control/IQP-no-entangle,control,4,0.2222222222222222,0.1,"{""clf__C"": 10.0, ""clf__scale"": 2.0}",17.19178600000032
61,control/IQP-no-entangle,control,5,0.3333333333333333,0.45,"{""clf__C"": 1.0, ""clf__scale"": 1.0}",17.19178600000032
61,control/IQP-no-entangle,control,6,0.4444444444444444,0.5,"{""clf__C"": 1.0, ""clf__scale"": 0.5}",17.19178600000032
61,control/IQP-no-entangle,control,7,0.5555555555555556,0.5499999999999999,"{""clf__C"": 10.0, ""clf__scale"": 2.0}",17.19178600000032
61,control/IQP-no-entangle,control,8,0.4444444444444444,0.45,"{""clf__C"": 10.0, ""clf__scale"": 1.0}",17.19178600000032
61,control/IQP-no-entangle,control,9,0.6666666666666666,0.85,"{""clf__C"": 1.0, ""clf__scale"": 0.5}",17.19178600000032
61,control/IQP-no-entangle,control,10,0.4444444444444444,0.55,"{""clf__C"": 1.0, ""clf__scale"": 0.5}",17.19178600000032
61,control/IQP-no-entangle,control,11,0.3333333333333333,0.55,"{""clf__C"": 10.0, ""clf__scale"": 1.0}",17.19178600000032
61,control/IQP-no-entangle,control,12,0.8888888888888888,0.9,"{""clf__C"": 10.0, ""clf__scale"": 2.0}",17.19178600000032
61,control/IQP-no-entangle,control,13,0.4444444444444444,0.39999999999999997,"{""clf__C"": 10.0, ""clf__scale"": 2.0}",17.19178600000032
61,control/IQP-no-entangle,control,14,0.4444444444444444,0.6,"{""clf__C"": 1.0, ""clf__scale"": 1.0}",17.19178600000032
61,control/PCA-matched-RBF,control,0,0.6666666666666666,0.6,"{""clf__C"": 10.0, ""clf__gamma"": 0.1}",13.690815799999655
61,control/PCA-matched-RBF,control,1,0.4444444444444444,0.35,"{""clf__C"": 1.0, ""clf__gamma"": ""scale""}",13.690815799999655
61,control/PCA-matched-RBF,control,2,0.5555555555555556,0.6000000000000001,"{""clf__C"": 1.0, ""clf__gamma"": 0.1}",13.690815799999655
61,control/PCA-matched-RBF,control,3,0.5555555555555556,0.7000000000000001,"{""clf__C"": 10.0, ""clf__gamma"": 0.1}",13.690815799999655
61,control/PCA-matched-RBF,control,4,0.4444444444444444,0.5,"{""clf__C"": 10.0, ""clf__gamma"": ""scale""}",13.690815799999655
61,control/PCA-matched-RBF,control,5,0.4444444444444444,0.55,"{""clf__C"": 10.0, ""clf__gamma"": 0.01}",13.690815799999655
61,control/PCA-matched-RBF,control,6,0.4444444444444444,0.6000000000000001,"{""clf__C"": 1.0, ""clf__gamma"": 0.1}",13.690815799999655
61,control/PCA-matched-RBF,control,7,0.6666666666666666,0.8,"{""clf__C"": 10.0, ""clf__gamma"": 0.01}",13.690815799999655
61,control/PCA-matched-RBF,control,8,0.3333333333333333,0.4,"{""clf__C"": 10.0, ""clf__gamma"": ""scale""}",13.690815799999655
61,control/PCA-matched-RBF,control,9,0.6666666666666666,0.85,"{""clf__C"": 10.0, ""clf__gamma"": 0.01}",13.690815799999655
61,control/PCA-matched-RBF,control,10,0.4444444444444444,0.45,"{""clf__C"": 1.0, ""clf__gamma"": 0.1}",13.690815799999655
61,control/PCA-matched-RBF,control,11,0.1111111111111111,0.2,"{""clf__C"": 10.0, ""clf__gamma"": 0.01}",13.690815799999655
61,control/PCA-matched-RBF,control,12,0.5555555555555556,0.5499999999999999,"{""clf__C"": 10.0, ""clf__gamma"": 0.01}",13.690815799999655
61,control/PCA-matched-RBF,control,13,0.6666666666666666,0.8500000000000001,"{""clf__C"": 10.0, ""clf__gamma"": 0.01}",13.690815799999655
61,control/PCA-matched-RBF,control,14,0.4444444444444444,0.5499999999999999,"{""clf__C"": 1.0, ""clf__gamma"": ""scale""}",13.690815799999655
61,control/PCA-matched-linear,control,0,0.6666666666666666,0.4,"{""clf__C"": 10.0}",4.918119099999785
61,control/PCA-matched-linear,control,1,0.4444444444444444,0.4,"{""clf__C"": 10.0}",4.918119099999785
61,control/PCA-matched-linear,control,2,0.6666666666666666,0.55,"{""clf__C"": 1.0}",4.918119099999785
61,control/PCA-matched-linear,control,3,0.5555555555555556,0.7,"{""clf__C"": 10.0}",4.918119099999785
61,control/PCA-matched-linear,control,4,0.6666666666666666,0.75,"{""clf__C"": 1.0}",4.918119099999785
61,control/PCA-matched-linear,control,5,0.4444444444444444,0.39999999999999997,"{""clf__C"": 1.0}",4.918119099999785
61,control/PCA-matched-linear,control,6,0.4444444444444444,0.55,"{""clf__C"": 0.1}",4.918119099999785
61,control/PCA-matched-linear,control,7,0.7777777777777778,0.9,"{""clf__C"": 0.1}",4.918119099999785
61,control/PCA-matched-linear,control,8,0.5555555555555556,0.44999999999999996,"{""clf__C"": 0.1}",4.918119099999785
61,control/PCA-matched-linear,control,9,0.6666666666666666,0.7000000000000001,"{""clf__C"": 10.0}",4.918119099999785
61,control/PCA-matched-linear,control,10,0.4444444444444444,0.4,"{""clf__C"": 0.1}",4.918119099999785
61,control/PCA-matched-linear,control,11,0.4444444444444444,0.4,"{""clf__C"": 0.1}",4.918119099999785
61,control/PCA-matched-linear,control,12,0.5555555555555556,0.6499999999999999,"{""clf__C"": 1.0}",4.918119099999785
61,control/PCA-matched-linear,control,13,0.6666666666666666,0.8500000000000001,"{""clf__C"": 1.0}",4.918119099999785
61,control/PCA-matched-linear,control,14,0.5555555555555556,0.55,"{""clf__C"": 10.0}",4.918119099999785
61,control/logeuclid-TS+LR,control,0,0.3333333333333333,0.4,"{""clf__C"": 1.0}",4.312483699999575
61,control/logeuclid-TS+LR,control,1,0.7777777777777778,0.8,"{""clf__C"": 10.0}",4.312483699999575
61,control/logeuclid-TS+LR,control,2,0.8888888888888888,0.8,"{""clf__C"": 10.0}",4.312483699999575
61,control/logeuclid-TS+LR,control,3,0.7777777777777778,0.7,"{""clf__C"": 1.0}",4.312483699999575
61,control/logeuclid-TS+LR,control,4,0.6666666666666666,0.5499999999999999,"{""clf__C"": 10.0}",4.312483699999575
61,control/logeuclid-TS+LR,control,5,0.6666666666666666,0.6000000000000001,"{""clf__C"": 1.0}",4.312483699999575
61,control/logeuclid-TS+LR,control,6,0.3333333333333333,0.45,"{""clf__C"": 1.0}",4.312483699999575
61,control/logeuclid-TS+LR,control,7,0.3333333333333333,0.30000000000000004,"{""clf__C"": 1.0}",4.312483699999575
61,control/logeuclid-TS+LR,control,8,0.3333333333333333,0.45,"{""clf__C"": 1.0}",4.312483699999575
61,control/logeuclid-TS+LR,control,9,0.6666666666666666,0.8,"{""clf__C"": 10.0}",4.312483699999575
61,control/logeuclid-TS+LR,control,10,0.3333333333333333,0.2,"{""clf__C"": 0.1}",4.312483699999575
61,control/logeuclid-TS+LR,control,11,0.7777777777777778,0.7500000000000001,"{""clf__C"": 10.0}",4.312483699999575
61,control/logeuclid-TS+LR,control,12,0.7777777777777778,0.6000000000000001,"{""clf__C"": 10.0}",4.312483699999575
61,control/logeuclid-TS+LR,control,13,0.4444444444444444,0.7,"{""clf__C"": 10.0}",4.312483699999575
61,control/logeuclid-TS+LR,control,14,0.6666666666666666,0.6,"{""clf__C"": 10.0}",4.312483699999575
61,control/riemann-kernel-SVM,control,0,0.7777777777777778,0.8,"{""clf__C"": 10.0}",4.521760599998743
61,control/riemann-kernel-SVM,control,1,0.7777777777777778,0.95,"{""clf__C"": 1.0}",4.521760599998743
61,control/riemann-kernel-SVM,control,2,0.6666666666666666,0.7,"{""clf__C"": 10.0}",4.521760599998743
61,control/riemann-kernel-SVM,control,3,0.8888888888888888,0.9500000000000001,"{""clf__C"": 1.0}",4.521760599998743
61,control/riemann-kernel-SVM,control,4,0.5555555555555556,0.65,"{""clf__C"": 1.0}",4.521760599998743
61,control/riemann-kernel-SVM,control,5,0.6666666666666666,0.8,"{""clf__C"": 1.0}",4.521760599998743
61,control/riemann-kernel-SVM,control,6,0.5555555555555556,0.65,"{""clf__C"": 1.0}",4.521760599998743
61,control/riemann-kernel-SVM,control,7,0.7777777777777778,0.95,"{""clf__C"": 1.0}",4.521760599998743
61,control/riemann-kernel-SVM,control,8,0.6666666666666666,0.55,"{""clf__C"": 1.0}",4.521760599998743
61,control/riemann-kernel-SVM,control,9,0.6666666666666666,0.8500000000000001,"{""clf__C"": 1.0}",4.521760599998743
61,control/riemann-kernel-SVM,control,10,0.5555555555555556,0.65,"{""clf__C"": 1.0}",4.521760599998743
61,control/riemann-kernel-SVM,control,11,0.6666666666666666,0.6499999999999999,"{""clf__C"": 1.0}",4.521760599998743
61,control/riemann-kernel-SVM,control,12,0.6666666666666666,0.9,"{""clf__C"": 10.0}",4.521760599998743
61,control/riemann-kernel-SVM,control,13,0.7777777777777778,1.0,"{""clf__C"": 10.0}",4.521760599998743
61,control/riemann-kernel-SVM,control,14,0.7777777777777778,0.75,"{""clf__C"": 1.0}",4.521760599998743
61,control/logeuclid-kernel-SVM,control,0,0.5555555555555556,0.5499999999999999,"{""clf__C"": 1.0}",4.608219599998847
61,control/logeuclid-kernel-SVM,control,1,0.8888888888888888,1.0,"{""clf__C"": 1.0}",4.608219599998847
61,control/logeuclid-kernel-SVM,control,2,0.6666666666666666,0.8,"{""clf__C"": 1.0}",4.608219599998847
61,control/logeuclid-kernel-SVM,control,3,0.7777777777777778,0.85,"{""clf__C"": 1.0}",4.608219599998847
61,control/logeuclid-kernel-SVM,control,4,0.6666666666666666,0.6,"{""clf__C"": 1.0}",4.608219599998847
61,control/logeuclid-kernel-SVM,control,5,0.6666666666666666,0.8,"{""clf__C"": 10.0}",4.608219599998847
61,control/logeuclid-kernel-SVM,control,6,0.5555555555555556,0.6,"{""clf__C"": 1.0}",4.608219599998847
61,control/logeuclid-kernel-SVM,control,7,0.7777777777777778,0.9,"{""clf__C"": 10.0}",4.608219599998847
61,control/logeuclid-kernel-SVM,control,8,0.4444444444444444,0.55,"{""clf__C"": 1.0}",4.608219599998847
61,control/logeuclid-kernel-SVM,control,9,0.7777777777777778,0.8,"{""clf__C"": 1.0}",4.608219599998847
61,control/logeuclid-kernel-SVM,control,10,0.5555555555555556,0.45,"{""clf__C"": 1.0}",4.608219599998847
61,control/logeuclid-kernel-SVM,control,11,0.5555555555555556,0.6,"{""clf__C"": 1.0}",4.608219599998847
61,control/logeuclid-kernel-SVM,control,12,0.7777777777777778,0.75,"{""clf__C"": 1.0}",4.608219599998847
61,control/logeuclid-kernel-SVM,control,13,0.7777777777777778,1.0,"{""clf__C"": 10.0}",4.608219599998847
61,control/logeuclid-kernel-SVM,control,14,0.5555555555555556,0.65,"{""clf__C"": 1.0}",4.608219599998847
62,classical/logvar+LDA,classical,0,0.8888888888888888,1.0,{},0.08348389999991923
62,classical/logvar+LDA,classical,1,0.8888888888888888,0.9500000000000001,{},0.08348389999991923
62,classical/logvar+LDA,classical,2,0.8888888888888888,0.9500000000000001,{},0.08348389999991923
62,classical/logvar+LDA,classical,3,0.7777777777777778,0.8500000000000001,{},0.08348389999991923
62,classical/logvar+LDA,classical,4,0.5555555555555556,0.65,{},0.08348389999991923
62,classical/logvar+LDA,classical,5,0.6666666666666666,0.75,{},0.08348389999991923
62,classical/logvar+LDA,classical,6,1.0,1.0,{},0.08348389999991923
62,classical/logvar+LDA,classical,7,0.7777777777777778,0.9500000000000001,{},0.08348389999991923
62,classical/logvar+LDA,classical,8,0.6666666666666666,0.75,{},0.08348389999991923
62,classical/logvar+LDA,classical,9,0.8888888888888888,1.0,{},0.08348389999991923
62,classical/logvar+LDA,classical,10,0.7777777777777778,0.9,{},0.08348389999991923
62,classical/logvar+LDA,classical,11,1.0,1.0,{},0.08348389999991923
62,classical/logvar+LDA,classical,12,0.7777777777777778,0.7000000000000001,{},0.08348389999991923
62,classical/logvar+LDA,classical,13,0.8888888888888888,1.0,{},0.08348389999991923
62,classical/logvar+LDA,classical,14,0.5555555555555556,0.75,{},0.08348389999991923
62,classical/CSP+LDA,classical,0,1.0,1.0,"{""csp__nfilter"": 4}",3.8004285999995773
62,classical/CSP+LDA,classical,1,1.0,1.0,"{""csp__nfilter"": 2}",3.8004285999995773
62,classical/CSP+LDA,classical,2,1.0,1.0,"{""csp__nfilter"": 2}",3.8004285999995773
62,classical/CSP+LDA,classical,3,1.0,1.0,"{""csp__nfilter"": 2}",3.8004285999995773
62,classical/CSP+LDA,classical,4,1.0,1.0,"{""csp__nfilter"": 4}",3.8004285999995773
62,classical/CSP+LDA,classical,5,1.0,1.0,"{""csp__nfilter"": 2}",3.8004285999995773
62,classical/CSP+LDA,classical,6,1.0,1.0,"{""csp__nfilter"": 4}",3.8004285999995773
62,classical/CSP+LDA,classical,7,1.0,1.0,"{""csp__nfilter"": 2}",3.8004285999995773
62,classical/CSP+LDA,classical,8,1.0,1.0,"{""csp__nfilter"": 2}",3.8004285999995773
62,classical/CSP+LDA,classical,9,1.0,1.0,"{""csp__nfilter"": 2}",3.8004285999995773
62,classical/CSP+LDA,classical,10,1.0,1.0,"{""csp__nfilter"": 2}",3.8004285999995773
62,classical/CSP+LDA,classical,11,1.0,1.0,"{""csp__nfilter"": 4}",3.8004285999995773
62,classical/CSP+LDA,classical,12,1.0,1.0,"{""csp__nfilter"": 2}",3.8004285999995773
62,classical/CSP+LDA,classical,13,1.0,1.0,"{""csp__nfilter"": 2}",3.8004285999995773
62,classical/CSP+LDA,classical,14,1.0,1.0,"{""csp__nfilter"": 2}",3.8004285999995773
62,classical/MDM,classical,0,1.0,1.0,{},0.4525181999997585
62,classical/MDM,classical,1,1.0,1.0,{},0.4525181999997585
62,classical/MDM,classical,2,0.8888888888888888,1.0,{},0.4525181999997585
62,classical/MDM,classical,3,1.0,1.0,{},0.4525181999997585
62,classical/MDM,classical,4,1.0,1.0,{},0.4525181999997585
62,classical/MDM,classical,5,1.0,1.0,{},0.4525181999997585
62,classical/MDM,classical,6,1.0,1.0,{},0.4525181999997585
62,classical/MDM,classical,7,1.0,1.0,{},0.4525181999997585
62,classical/MDM,classical,8,1.0,1.0,{},0.4525181999997585
62,classical/MDM,classical,9,1.0,1.0,{},0.4525181999997585
62,classical/MDM,classical,10,1.0,1.0,{},0.4525181999997585
62,classical/MDM,classical,11,1.0,1.0,{},0.4525181999997585
62,classical/MDM,classical,12,1.0,1.0,{},0.4525181999997585
62,classical/MDM,classical,13,1.0,1.0,{},0.4525181999997585
62,classical/MDM,classical,14,1.0,1.0,{},0.4525181999997585
62,classical/TS+LR,classical,0,1.0,1.0,"{""clf__C"": 0.1}",4.819175800001176
62,classical/TS+LR,classical,1,1.0,1.0,"{""clf__C"": 0.1}",4.819175800001176
62,classical/TS+LR,classical,2,0.8888888888888888,1.0,"{""clf__C"": 0.1}",4.819175800001176
62,classical/TS+LR,classical,3,1.0,1.0,"{""clf__C"": 0.1}",4.819175800001176
62,classical/TS+LR,classical,4,0.8888888888888888,1.0,"{""clf__C"": 0.1}",4.819175800001176
62,classical/TS+LR,classical,5,1.0,1.0,"{""clf__C"": 0.1}",4.819175800001176
62,classical/TS+LR,classical,6,0.8888888888888888,1.0,"{""clf__C"": 0.1}",4.819175800001176
62,classical/TS+LR,classical,7,1.0,1.0,"{""clf__C"": 1.0}",4.819175800001176
62,classical/TS+LR,classical,8,1.0,1.0,"{""clf__C"": 0.1}",4.819175800001176
62,classical/TS+LR,classical,9,0.8888888888888888,1.0,"{""clf__C"": 0.1}",4.819175800001176
62,classical/TS+LR,classical,10,0.8888888888888888,1.0,"{""clf__C"": 0.1}",4.819175800001176
62,classical/TS+LR,classical,11,1.0,1.0,"{""clf__C"": 0.1}",4.819175800001176
62,classical/TS+LR,classical,12,1.0,1.0,"{""clf__C"": 0.1}",4.819175800001176
62,classical/TS+LR,classical,13,0.8888888888888888,1.0,"{""clf__C"": 0.1}",4.819175800001176
62,classical/TS+LR,classical,14,1.0,1.0,"{""clf__C"": 0.1}",4.819175800001176
62,classical/TS+RBF-SVM,classical,0,1.0,1.0,"{""clf__C"": 1.0, ""clf__gamma"": ""scale""}",12.675442699999621
62,classical/TS+RBF-SVM,classical,1,1.0,1.0,"{""clf__C"": 1.0, ""clf__gamma"": ""scale""}",12.675442699999621
62,classical/TS+RBF-SVM,classical,2,0.8888888888888888,0.9500000000000001,"{""clf__C"": 1.0, ""clf__gamma"": ""scale""}",12.675442699999621
62,classical/TS+RBF-SVM,classical,3,1.0,1.0,"{""clf__C"": 1.0, ""clf__gamma"": ""scale""}",12.675442699999621
62,classical/TS+RBF-SVM,classical,4,0.8888888888888888,1.0,"{""clf__C"": 1.0, ""clf__gamma"": ""scale""}",12.675442699999621
62,classical/TS+RBF-SVM,classical,5,1.0,1.0,"{""clf__C"": 1.0, ""clf__gamma"": ""scale""}",12.675442699999621
62,classical/TS+RBF-SVM,classical,6,0.8888888888888888,1.0,"{""clf__C"": 1.0, ""clf__gamma"": ""scale""}",12.675442699999621
62,classical/TS+RBF-SVM,classical,7,1.0,1.0,"{""clf__C"": 1.0, ""clf__gamma"": ""scale""}",12.675442699999621
62,classical/TS+RBF-SVM,classical,8,1.0,1.0,"{""clf__C"": 1.0, ""clf__gamma"": ""scale""}",12.675442699999621
62,classical/TS+RBF-SVM,classical,9,0.8888888888888888,1.0,"{""clf__C"": 1.0, ""clf__gamma"": ""scale""}",12.675442699999621
62,classical/TS+RBF-SVM,classical,10,1.0,1.0,"{""clf__C"": 1.0, ""clf__gamma"": ""scale""}",12.675442699999621
62,classical/TS+RBF-SVM,classical,11,1.0,1.0,"{""clf__C"": 1.0, ""clf__gamma"": ""scale""}",12.675442699999621
62,classical/TS+RBF-SVM,classical,12,1.0,1.0,"{""clf__C"": 1.0, ""clf__gamma"": ""scale""}",12.675442699999621
62,classical/TS+RBF-SVM,classical,13,1.0,1.0,"{""clf__C"": 1.0, ""clf__gamma"": 0.01}",12.675442699999621
62,classical/TS+RBF-SVM,classical,14,1.0,1.0,"{""clf__C"": 1.0, ""clf__gamma"": ""scale""}",12.675442699999621
62,quantum/HS-overlap-SVM,quantum,0,0.4444444444444444,0.65,"{""clf__C"": 0.1}",3.7485424999995303
62,quantum/HS-overlap-SVM,quantum,1,0.5555555555555556,0.4,"{""clf__C"": 0.1}",3.7485424999995303
62,quantum/HS-overlap-SVM,quantum,2,0.5555555555555556,0.6,"{""clf__C"": 0.1}",3.7485424999995303
62,quantum/HS-overlap-SVM,quantum,3,0.4444444444444444,0.35,"{""clf__C"": 0.1}",3.7485424999995303
62,quantum/HS-overlap-SVM,quantum,4,0.4444444444444444,0.30000000000000004,"{""clf__C"": 10.0}",3.7485424999995303
62,quantum/HS-overlap-SVM,quantum,5,0.4444444444444444,0.4,"{""clf__C"": 0.1}",3.7485424999995303
62,quantum/HS-overlap-SVM,quantum,6,0.5555555555555556,0.44999999999999996,"{""clf__C"": 0.1}",3.7485424999995303
62,quantum/HS-overlap-SVM,quantum,7,0.4444444444444444,0.3,"{""clf__C"": 0.1}",3.7485424999995303
62,quantum/HS-overlap-SVM,quantum,8,0.4444444444444444,0.35000000000000003,"{""clf__C"": 0.1}",3.7485424999995303
62,quantum/HS-overlap-SVM,quantum,9,0.4444444444444444,0.1,"{""clf__C"": 0.1}",3.7485424999995303
62,quantum/HS-overlap-SVM,quantum,10,0.6666666666666666,0.6,"{""clf__C"": 0.1}",3.7485424999995303
62,quantum/HS-overlap-SVM,quantum,11,0.4444444444444444,0.2,"{""clf__C"": 10.0}",3.7485424999995303
62,quantum/HS-overlap-SVM,quantum,12,0.5555555555555556,0.6,"{""clf__C"": 0.1}",3.7485424999995303
62,quantum/HS-overlap-SVM,quantum,13,0.3333333333333333,0.30000000000000004,"{""clf__C"": 10.0}",3.7485424999995303
62,quantum/HS-overlap-SVM,quantum,14,0.4444444444444444,0.15000000000000002,"{""clf__C"": 0.1}",3.7485424999995303
62,quantum/Fidelity-SVM,quantum,0,0.4444444444444444,0.6,"{""clf__C"": 0.1}",5.38674329999958
62,quantum/Fidelity-SVM,quantum,1,0.5555555555555556,0.45,"{""clf__C"": 0.1}",5.38674329999958
62,quantum/Fidelity-SVM,quantum,2,0.5555555555555556,0.49999999999999994,"{""clf__C"": 0.1}",5.38674329999958
62,quantum/Fidelity-SVM,quantum,3,0.4444444444444444,0.5,"{""clf__C"": 0.1}",5.38674329999958
62,quantum/Fidelity-SVM,quantum,4,0.4444444444444444,0.35000000000000003,"{""clf__C"": 0.1}",5.38674329999958
62,quantum/Fidelity-SVM,quantum,5,0.4444444444444444,0.4,"{""clf__C"": 0.1}",5.38674329999958
62,quantum/Fidelity-SVM,quantum,6,0.4444444444444444,0.39999999999999997,"{""clf__C"": 0.1}",5.38674329999958
62,quantum/Fidelity-SVM,quantum,7,0.3333333333333333,0.3,"{""clf__C"": 0.1}",5.38674329999958
62,quantum/Fidelity-SVM,quantum,8,0.4444444444444444,0.30000000000000004,"{""clf__C"": 0.1}",5.38674329999958
62,quantum/Fidelity-SVM,quantum,9,0.4444444444444444,0.1,"{""clf__C"": 0.1}",5.38674329999958
62,quantum/Fidelity-SVM,quantum,10,0.6666666666666666,0.55,"{""clf__C"": 0.1}",5.38674329999958
62,quantum/Fidelity-SVM,quantum,11,0.3333333333333333,0.2,"{""clf__C"": 0.1}",5.38674329999958
62,quantum/Fidelity-SVM,quantum,12,0.4444444444444444,0.7,"{""clf__C"": 0.1}",5.38674329999958
62,quantum/Fidelity-SVM,quantum,13,0.4444444444444444,0.30000000000000004,"{""clf__C"": 0.1}",5.38674329999958
62,quantum/Fidelity-SVM,quantum,14,0.4444444444444444,0.15000000000000002,"{""clf__C"": 0.1}",5.38674329999958
62,quantum/HS-RBF-SVM,quantum,0,0.5555555555555556,0.6,"{""clf__C"": 10.0, ""clf__gamma_mult"": 1.0}",10.736345700001038
62,quantum/HS-RBF-SVM,quantum,1,0.3333333333333333,0.35,"{""clf__C"": 10.0, ""clf__gamma_mult"": 4.0}",10.736345700001038
62,quantum/HS-RBF-SVM,quantum,2,0.2222222222222222,0.3,"{""clf__C"": 1.0, ""clf__gamma_mult"": 4.0}",10.736345700001038
62,quantum/HS-RBF-SVM,quantum,3,0.4444444444444444,0.55,"{""clf__C"": 10.0, ""clf__gamma_mult"": 4.0}",10.736345700001038
62,quantum/HS-RBF-SVM,quantum,4,0.1111111111111111,0.15000000000000002,"{""clf__C"": 1.0, ""clf__gamma_mult"": 1.0}",10.736345700001038
62,quantum/HS-RBF-SVM,quantum,5,0.6666666666666666,0.75,"{""clf__C"": 10.0, ""clf__gamma_mult"": 4.0}",10.736345700001038
62,quantum/HS-RBF-SVM,quantum,6,0.4444444444444444,0.44999999999999996,"{""clf__C"": 10.0, ""clf__gamma_mult"": 4.0}",10.736345700001038
62,quantum/HS-RBF-SVM,quantum,7,0.1111111111111111,0.25,"{""clf__C"": 10.0, ""clf__gamma_mult"": 1.0}",10.736345700001038
62,quantum/HS-RBF-SVM,quantum,8,0.3333333333333333,0.30000000000000004,"{""clf__C"": 10.0, ""clf__gamma_mult"": 4.0}",10.736345700001038
62,quantum/HS-RBF-SVM,quantum,9,0.4444444444444444,0.4,"{""clf__C"": 1.0, ""clf__gamma_mult"": 1.0}",10.736345700001038
62,quantum/HS-RBF-SVM,quantum,10,0.3333333333333333,0.25,"{""clf__C"": 10.0, ""clf__gamma_mult"": 1.0}",10.736345700001038
62,quantum/HS-RBF-SVM,quantum,11,0.2222222222222222,0.30000000000000004,"{""clf__C"": 10.0, ""clf__gamma_mult"": 0.25}",10.736345700001038
62,quantum/HS-RBF-SVM,quantum,12,0.3333333333333333,0.25,"{""clf__C"": 10.0, ""clf__gamma_mult"": 0.25}",10.736345700001038
62,quantum/HS-RBF-SVM,quantum,13,0.4444444444444444,0.7,"{""clf__C"": 10.0, ""clf__gamma_mult"": 4.0}",10.736345700001038
62,quantum/HS-RBF-SVM,quantum,14,0.1111111111111111,0.2,"{""clf__C"": 10.0, ""clf__gamma_mult"": 1.0}",10.736345700001038
62,quantum/Bures-RBF-SVM,quantum,0,0.4444444444444444,0.45,"{""clf__C"": 1.0, ""clf__gamma_mult"": 1.0}",14.061804299999494
62,quantum/Bures-RBF-SVM,quantum,1,0.2222222222222222,0.35,"{""clf__C"": 10.0, ""clf__gamma_mult"": 4.0}",14.061804299999494
62,quantum/Bures-RBF-SVM,quantum,2,0.2222222222222222,0.3,"{""clf__C"": 1.0, ""clf__gamma_mult"": 4.0}",14.061804299999494
62,quantum/Bures-RBF-SVM,quantum,3,0.4444444444444444,0.55,"{""clf__C"": 10.0, ""clf__gamma_mult"": 1.0}",14.061804299999494
62,quantum/Bures-RBF-SVM,quantum,4,0.2222222222222222,0.05,"{""clf__C"": 1.0, ""clf__gamma_mult"": 4.0}",14.061804299999494
62,quantum/Bures-RBF-SVM,quantum,5,0.6666666666666666,0.75,"{""clf__C"": 10.0, ""clf__gamma_mult"": 4.0}",14.061804299999494
62,quantum/Bures-RBF-SVM,quantum,6,0.6666666666666666,0.5,"{""clf__C"": 10.0, ""clf__gamma_mult"": 1.0}",14.061804299999494
62,quantum/Bures-RBF-SVM,quantum,7,0.2222222222222222,0.25,"{""clf__C"": 10.0, ""clf__gamma_mult"": 1.0}",14.061804299999494
62,quantum/Bures-RBF-SVM,quantum,8,0.3333333333333333,0.35000000000000003,"{""clf__C"": 10.0, ""clf__gamma_mult"": 4.0}",14.061804299999494
62,quantum/Bures-RBF-SVM,quantum,9,0.4444444444444444,0.4,"{""clf__C"": 1.0, ""clf__gamma_mult"": 1.0}",14.061804299999494
62,quantum/Bures-RBF-SVM,quantum,10,0.4444444444444444,0.2,"{""clf__C"": 10.0, ""clf__gamma_mult"": 1.0}",14.061804299999494
62,quantum/Bures-RBF-SVM,quantum,11,0.2222222222222222,0.30000000000000004,"{""clf__C"": 10.0, ""clf__gamma_mult"": 0.25}",14.061804299999494
62,quantum/Bures-RBF-SVM,quantum,12,0.3333333333333333,0.15,"{""clf__C"": 10.0, ""clf__gamma_mult"": 0.25}",14.061804299999494
62,quantum/Bures-RBF-SVM,quantum,13,0.2222222222222222,0.35,"{""clf__C"": 10.0, ""clf__gamma_mult"": 0.25}",14.061804299999494
62,quantum/Bures-RBF-SVM,quantum,14,0.4444444444444444,0.45,"{""clf__C"": 10.0, ""clf__gamma_mult"": 1.0}",14.061804299999494
62,quantum/QRE-RBF-SVM,quantum,0,0.4444444444444444,0.45,"{""clf__C"": 1.0, ""clf__gamma_mult"": 1.0}",12.68085229999997
62,quantum/QRE-RBF-SVM,quantum,1,0.3333333333333333,0.39999999999999997,"{""clf__C"": 10.0, ""clf__gamma_mult"": 4.0}",12.68085229999997
62,quantum/QRE-RBF-SVM,quantum,2,0.2222222222222222,0.3,"{""clf__C"": 1.0, ""clf__gamma_mult"": 4.0}",12.68085229999997
62,quantum/QRE-RBF-SVM,quantum,3,0.4444444444444444,0.55,"{""clf__C"": 10.0, ""clf__gamma_mult"": 1.0}",12.68085229999997
62,quantum/QRE-RBF-SVM,quantum,4,0.2222222222222222,0.05,"{""clf__C"": 1.0, ""clf__gamma_mult"": 4.0}",12.68085229999997
62,quantum/QRE-RBF-SVM,quantum,5,0.6666666666666666,0.7,"{""clf__C"": 10.0, ""clf__gamma_mult"": 4.0}",12.68085229999997
62,quantum/QRE-RBF-SVM,quantum,6,0.5555555555555556,0.5,"{""clf__C"": 10.0, ""clf__gamma_mult"": 1.0}",12.68085229999997
62,quantum/QRE-RBF-SVM,quantum,7,0.2222222222222222,0.25,"{""clf__C"": 10.0, ""clf__gamma_mult"": 1.0}",12.68085229999997
62,quantum/QRE-RBF-SVM,quantum,8,0.4444444444444444,0.30000000000000004,"{""clf__C"": 10.0, ""clf__gamma_mult"": 0.25}",12.68085229999997
62,quantum/QRE-RBF-SVM,quantum,9,0.4444444444444444,0.4,"{""clf__C"": 1.0, ""clf__gamma_mult"": 1.0}",12.68085229999997
62,quantum/QRE-RBF-SVM,quantum,10,0.3333333333333333,0.2,"{""clf__C"": 10.0, ""clf__gamma_mult"": 1.0}",12.68085229999997
62,quantum/QRE-RBF-SVM,quantum,11,0.2222222222222222,0.30000000000000004,"{""clf__C"": 10.0, ""clf__gamma_mult"": 0.25}",12.68085229999997
62,quantum/QRE-RBF-SVM,quantum,12,0.3333333333333333,0.25,"{""clf__C"": 10.0, ""clf__gamma_mult"": 0.25}",12.68085229999997
62,quantum/QRE-RBF-SVM,quantum,13,0.2222222222222222,0.35,"{""clf__C"": 10.0, ""clf__gamma_mult"": 0.25}",12.68085229999997
62,quantum/QRE-RBF-SVM,quantum,14,0.5555555555555556,0.4,"{""clf__C"": 10.0, ""clf__gamma_mult"": 1.0}",12.68085229999997
62,quantum/HS-overlap-ref-SVM,quantum,0,1.0,1.0,"{""clf__C"": 10.0}",4.703847900000255
62,quantum/HS-overlap-ref-SVM,quantum,1,1.0,1.0,"{""clf__C"": 10.0}",4.703847900000255
62,quantum/HS-overlap-ref-SVM,quantum,2,1.0,1.0,"{""clf__C"": 1.0}",4.703847900000255
62,quantum/HS-overlap-ref-SVM,quantum,3,1.0,1.0,"{""clf__C"": 1.0}",4.703847900000255
62,quantum/HS-overlap-ref-SVM,quantum,4,0.8888888888888888,1.0,"{""clf__C"": 1.0}",4.703847900000255
62,quantum/HS-overlap-ref-SVM,quantum,5,1.0,1.0,"{""clf__C"": 1.0}",4.703847900000255
62,quantum/HS-overlap-ref-SVM,quantum,6,1.0,1.0,"{""clf__C"": 1.0}",4.703847900000255
62,quantum/HS-overlap-ref-SVM,quantum,7,0.8888888888888888,1.0,"{""clf__C"": 1.0}",4.703847900000255
62,quantum/HS-overlap-ref-SVM,quantum,8,1.0,1.0,"{""clf__C"": 10.0}",4.703847900000255
62,quantum/HS-overlap-ref-SVM,quantum,9,1.0,1.0,"{""clf__C"": 10.0}",4.703847900000255
62,quantum/HS-overlap-ref-SVM,quantum,10,1.0,1.0,"{""clf__C"": 10.0}",4.703847900000255
62,quantum/HS-overlap-ref-SVM,quantum,11,1.0,1.0,"{""clf__C"": 1.0}",4.703847900000255
62,quantum/HS-overlap-ref-SVM,quantum,12,1.0,1.0,"{""clf__C"": 1.0}",4.703847900000255
62,quantum/HS-overlap-ref-SVM,quantum,13,0.8888888888888888,1.0,"{""clf__C"": 1.0}",4.703847900000255
62,quantum/HS-overlap-ref-SVM,quantum,14,1.0,1.0,"{""clf__C"": 10.0}",4.703847900000255
62,quantum/Fidelity-ref-SVM,quantum,0,1.0,1.0,"{""clf__C"": 1.0}",6.400936300000467
62,quantum/Fidelity-ref-SVM,quantum,1,1.0,1.0,"{""clf__C"": 10.0}",6.400936300000467
62,quantum/Fidelity-ref-SVM,quantum,2,1.0,1.0,"{""clf__C"": 1.0}",6.400936300000467
62,quantum/Fidelity-ref-SVM,quantum,3,1.0,1.0,"{""clf__C"": 10.0}",6.400936300000467
62,quantum/Fidelity-ref-SVM,quantum,4,0.8888888888888888,1.0,"{""clf__C"": 10.0}",6.400936300000467
62,quantum/Fidelity-ref-SVM,quantum,5,1.0,1.0,"{""clf__C"": 1.0}",6.400936300000467
62,quantum/Fidelity-ref-SVM,quantum,6,1.0,1.0,"{""clf__C"": 1.0}",6.400936300000467
62,quantum/Fidelity-ref-SVM,quantum,7,1.0,1.0,"{""clf__C"": 1.0}",6.400936300000467
62,quantum/Fidelity-ref-SVM,quantum,8,1.0,1.0,"{""clf__C"": 10.0}",6.400936300000467
62,quantum/Fidelity-ref-SVM,quantum,9,0.8888888888888888,1.0,"{""clf__C"": 10.0}",6.400936300000467
62,quantum/Fidelity-ref-SVM,quantum,10,1.0,1.0,"{""clf__C"": 10.0}",6.400936300000467
62,quantum/Fidelity-ref-SVM,quantum,11,1.0,1.0,"{""clf__C"": 10.0}",6.400936300000467
62,quantum/Fidelity-ref-SVM,quantum,12,1.0,1.0,"{""clf__C"": 1.0}",6.400936300000467
62,quantum/Fidelity-ref-SVM,quantum,13,0.8888888888888888,1.0,"{""clf__C"": 10.0}",6.400936300000467
62,quantum/Fidelity-ref-SVM,quantum,14,1.0,1.0,"{""clf__C"": 10.0}",6.400936300000467
62,quantum/HS-RBF-ref-SVM,quantum,0,1.0,1.0,"{""clf__C"": 10.0, ""clf__gamma_mult"": 0.25}",13.166406899999856
62,quantum/HS-RBF-ref-SVM,quantum,1,1.0,1.0,"{""clf__C"": 1.0, ""clf__gamma_mult"": 0.25}",13.166406899999856
62,quantum/HS-RBF-ref-SVM,quantum,2,0.8888888888888888,1.0,"{""clf__C"": 1.0, ""clf__gamma_mult"": 4.0}",13.166406899999856
62,quantum/HS-RBF-ref-SVM,quantum,3,1.0,1.0,"{""clf__C"": 1.0, ""clf__gamma_mult"": 1.0}",13.166406899999856
62,quantum/HS-RBF-ref-SVM,quantum,4,0.8888888888888888,1.0,"{""clf__C"": 1.0, ""clf__gamma_mult"": 0.25}",13.166406899999856
62,quantum/HS-RBF-ref-SVM,quantum,5,1.0,1.0,"{""clf__C"": 1.0, ""clf__gamma_mult"": 0.25}",13.166406899999856
62,quantum/HS-RBF-ref-SVM,quantum,6,1.0,1.0,"{""clf__C"": 1.0, ""clf__gamma_mult"": 0.25}",13.166406899999856
62,quantum/HS-RBF-ref-SVM,quantum,7,1.0,1.0,"{""clf__C"": 1.0, ""clf__gamma_mult"": 0.25}",13.166406899999856
62,quantum/HS-RBF-ref-SVM,quantum,8,1.0,1.0,"{""clf__C"": 10.0, ""clf__gamma_mult"": 0.25}",13.166406899999856
62,quantum/HS-RBF-ref-SVM,quantum,9,0.8888888888888888,1.0,"{""clf__C"": 1.0, ""clf__gamma_mult"": 1.0}",13.166406899999856
62,quantum/HS-RBF-ref-SVM,quantum,10,1.0,1.0,"{""clf__C"": 1.0, ""clf__gamma_mult"": 0.25}",13.166406899999856
62,quantum/HS-RBF-ref-SVM,quantum,11,1.0,1.0,"{""clf__C"": 1.0, ""clf__gamma_mult"": 1.0}",13.166406899999856
62,quantum/HS-RBF-ref-SVM,quantum,12,1.0,1.0,"{""clf__C"": 1.0, ""clf__gamma_mult"": 0.25}",13.166406899999856
62,quantum/HS-RBF-ref-SVM,quantum,13,0.8888888888888888,1.0,"{""clf__C"": 1.0, ""clf__gamma_mult"": 0.25}",13.166406899999856
62,quantum/HS-RBF-ref-SVM,quantum,14,1.0,1.0,"{""clf__C"": 10.0, ""clf__gamma_mult"": 1.0}",13.166406899999856
62,quantum/Bures-RBF-ref-SVM,quantum,0,1.0,1.0,"{""clf__C"": 10.0, ""clf__gamma_mult"": 0.25}",17.10681900000054
62,quantum/Bures-RBF-ref-SVM,quantum,1,1.0,1.0,"{""clf__C"": 1.0, ""clf__gamma_mult"": 0.25}",17.10681900000054
62,quantum/Bures-RBF-ref-SVM,quantum,2,1.0,1.0,"{""clf__C"": 1.0, ""clf__gamma_mult"": 4.0}",17.10681900000054
62,quantum/Bures-RBF-ref-SVM,quantum,3,1.0,1.0,"{""clf__C"": 1.0, ""clf__gamma_mult"": 0.25}",17.10681900000054
62,quantum/Bures-RBF-ref-SVM,quantum,4,0.8888888888888888,1.0,"{""clf__C"": 1.0, ""clf__gamma_mult"": 0.25}",17.10681900000054
62,quantum/Bures-RBF-ref-SVM,quantum,5,1.0,1.0,"{""clf__C"": 1.0, ""clf__gamma_mult"": 4.0}",17.10681900000054
62,quantum/Bures-RBF-ref-SVM,quantum,6,1.0,1.0,"{""clf__C"": 1.0, ""clf__gamma_mult"": 0.25}",17.10681900000054
62,quantum/Bures-RBF-ref-SVM,quantum,7,1.0,1.0,"{""clf__C"": 1.0, ""clf__gamma_mult"": 0.25}",17.10681900000054
62,quantum/Bures-RBF-ref-SVM,quantum,8,1.0,1.0,"{""clf__C"": 1.0, ""clf__gamma_mult"": 0.25}",17.10681900000054
62,quantum/Bures-RBF-ref-SVM,quantum,9,0.8888888888888888,1.0,"{""clf__C"": 1.0, ""clf__gamma_mult"": 0.25}",17.10681900000054
62,quantum/Bures-RBF-ref-SVM,quantum,10,1.0,1.0,"{""clf__C"": 1.0, ""clf__gamma_mult"": 0.25}",17.10681900000054
62,quantum/Bures-RBF-ref-SVM,quantum,11,1.0,1.0,"{""clf__C"": 1.0, ""clf__gamma_mult"": 4.0}",17.10681900000054
62,quantum/Bures-RBF-ref-SVM,quantum,12,1.0,1.0,"{""clf__C"": 1.0, ""clf__gamma_mult"": 0.25}",17.10681900000054
62,quantum/Bures-RBF-ref-SVM,quantum,13,1.0,1.0,"{""clf__C"": 1.0, ""clf__gamma_mult"": 4.0}",17.10681900000054
62,quantum/Bures-RBF-ref-SVM,quantum,14,1.0,1.0,"{""clf__C"": 1.0, ""clf__gamma_mult"": 0.25}",17.10681900000054
62,quantum/QRE-RBF-ref-SVM,quantum,0,1.0,1.0,"{""clf__C"": 10.0, ""clf__gamma_mult"": 0.25}",14.868079100000614
62,quantum/QRE-RBF-ref-SVM,quantum,1,1.0,1.0,"{""clf__C"": 1.0, ""clf__gamma_mult"": 0.25}",14.868079100000614
62,quantum/QRE-RBF-ref-SVM,quantum,2,1.0,1.0,"{""clf__C"": 1.0, ""clf__gamma_mult"": 4.0}",14.868079100000614
62,quantum/QRE-RBF-ref-SVM,quantum,3,1.0,1.0,"{""clf__C"": 1.0, ""clf__gamma_mult"": 0.25}",14.868079100000614
62,quantum/QRE-RBF-ref-SVM,quantum,4,0.8888888888888888,1.0,"{""clf__C"": 1.0, ""clf__gamma_mult"": 0.25}",14.868079100000614
62,quantum/QRE-RBF-ref-SVM,quantum,5,1.0,1.0,"{""clf__C"": 1.0, ""clf__gamma_mult"": 4.0}",14.868079100000614
62,quantum/QRE-RBF-ref-SVM,quantum,6,1.0,1.0,"{""clf__C"": 1.0, ""clf__gamma_mult"": 4.0}",14.868079100000614
62,quantum/QRE-RBF-ref-SVM,quantum,7,1.0,1.0,"{""clf__C"": 1.0, ""clf__gamma_mult"": 0.25}",14.868079100000614
62,quantum/QRE-RBF-ref-SVM,quantum,8,1.0,1.0,"{""clf__C"": 1.0, ""clf__gamma_mult"": 0.25}",14.868079100000614
62,quantum/QRE-RBF-ref-SVM,quantum,9,0.8888888888888888,1.0,"{""clf__C"": 1.0, ""clf__gamma_mult"": 0.25}",14.868079100000614
62,quantum/QRE-RBF-ref-SVM,quantum,10,1.0,1.0,"{""clf__C"": 1.0, ""clf__gamma_mult"": 0.25}",14.868079100000614
62,quantum/QRE-RBF-ref-SVM,quantum,11,1.0,1.0,"{""clf__C"": 1.0, ""clf__gamma_mult"": 4.0}",14.868079100000614
62,quantum/QRE-RBF-ref-SVM,quantum,12,1.0,1.0,"{""clf__C"": 1.0, ""clf__gamma_mult"": 0.25}",14.868079100000614
62,quantum/QRE-RBF-ref-SVM,quantum,13,1.0,1.0,"{""clf__C"": 1.0, ""clf__gamma_mult"": 4.0}",14.868079100000614
62,quantum/QRE-RBF-ref-SVM,quantum,14,1.0,1.0,"{""clf__C"": 1.0, ""clf__gamma_mult"": 0.25}",14.868079100000614
62,quantum/IQP-kernel-SVM,quantum,0,1.0,1.0,"{""clf__C"": 10.0, ""clf__scale"": 0.5}",21.104415300000255
62,quantum/IQP-kernel-SVM,quantum,1,0.7777777777777778,0.9,"{""clf__C"": 1.0, ""clf__scale"": 0.5}",21.104415300000255
62,quantum/IQP-kernel-SVM,quantum,2,0.8888888888888888,1.0,"{""clf__C"": 10.0, ""clf__scale"": 0.5}",21.104415300000255
62,quantum/IQP-kernel-SVM,quantum,3,1.0,1.0,"{""clf__C"": 10.0, ""clf__scale"": 0.5}",21.104415300000255
62,quantum/IQP-kernel-SVM,quantum,4,0.8888888888888888,0.9,"{""clf__C"": 10.0, ""clf__scale"": 0.5}",21.104415300000255
62,quantum/IQP-kernel-SVM,quantum,5,1.0,1.0,"{""clf__C"": 1.0, ""clf__scale"": 0.5}",21.104415300000255
62,quantum/IQP-kernel-SVM,quantum,6,0.7777777777777778,0.9,"{""clf__C"": 1.0, ""clf__scale"": 0.5}",21.104415300000255
62,quantum/IQP-kernel-SVM,quantum,7,0.7777777777777778,0.9500000000000001,"{""clf__C"": 1.0, ""clf__scale"": 0.5}",21.104415300000255
62,quantum/IQP-kernel-SVM,quantum,8,0.8888888888888888,0.9,"{""clf__C"": 1.0, ""clf__scale"": 0.5}",21.104415300000255
62,quantum/IQP-kernel-SVM,quantum,9,0.8888888888888888,0.95,"{""clf__C"": 10.0, ""clf__scale"": 0.5}",21.104415300000255
62,quantum/IQP-kernel-SVM,quantum,10,0.8888888888888888,0.9500000000000001,"{""clf__C"": 10.0, ""clf__scale"": 0.5}",21.104415300000255
62,quantum/IQP-kernel-SVM,quantum,11,0.8888888888888888,1.0,"{""clf__C"": 1.0, ""clf__scale"": 0.5}",21.104415300000255
62,quantum/IQP-kernel-SVM,quantum,12,0.8888888888888888,1.0,"{""clf__C"": 1.0, ""clf__scale"": 0.5}",21.104415300000255
62,quantum/IQP-kernel-SVM,quantum,13,1.0,1.0,"{""clf__C"": 1.0, ""clf__scale"": 0.5}",21.104415300000255
62,quantum/IQP-kernel-SVM,quantum,14,0.7777777777777778,1.0,"{""clf__C"": 1.0, ""clf__scale"": 0.5}",21.104415300000255
62,quantum/CNOT-kernel-SVM,quantum,0,1.0,1.0,"{""clf__C"": 1.0, ""clf__scale"": 0.5}",18.604869099999632
62,quantum/CNOT-kernel-SVM,quantum,1,0.8888888888888888,0.9500000000000001,"{""clf__C"": 1.0, ""clf__scale"": 0.5}",18.604869099999632
62,quantum/CNOT-kernel-SVM,quantum,2,0.8888888888888888,0.9500000000000001,"{""clf__C"": 10.0, ""clf__scale"": 0.5}",18.604869099999632
62,quantum/CNOT-kernel-SVM,quantum,3,1.0,1.0,"{""clf__C"": 1.0, ""clf__scale"": 0.5}",18.604869099999632
62,quantum/CNOT-kernel-SVM,quantum,4,0.8888888888888888,1.0,"{""clf__C"": 1.0, ""clf__scale"": 0.5}",18.604869099999632
62,quantum/CNOT-kernel-SVM,quantum,5,1.0,1.0,"{""clf__C"": 1.0, ""clf__scale"": 0.5}",18.604869099999632
62,quantum/CNOT-kernel-SVM,quantum,6,0.8888888888888888,1.0,"{""clf__C"": 1.0, ""clf__scale"": 0.5}",18.604869099999632
62,quantum/CNOT-kernel-SVM,quantum,7,0.8888888888888888,1.0,"{""clf__C"": 1.0, ""clf__scale"": 0.5}",18.604869099999632
62,quantum/CNOT-kernel-SVM,quantum,8,1.0,1.0,"{""clf__C"": 1.0, ""clf__scale"": 1.0}",18.604869099999632
62,quantum/CNOT-kernel-SVM,quantum,9,0.8888888888888888,1.0,"{""clf__C"": 1.0, ""clf__scale"": 1.0}",18.604869099999632
62,quantum/CNOT-kernel-SVM,quantum,10,0.8888888888888888,1.0,"{""clf__C"": 1.0, ""clf__scale"": 1.0}",18.604869099999632
62,quantum/CNOT-kernel-SVM,quantum,11,1.0,1.0,"{""clf__C"": 1.0, ""clf__scale"": 0.5}",18.604869099999632
62,quantum/CNOT-kernel-SVM,quantum,12,1.0,1.0,"{""clf__C"": 1.0, ""clf__scale"": 0.5}",18.604869099999632
62,quantum/CNOT-kernel-SVM,quantum,13,0.8888888888888888,1.0,"{""clf__C"": 10.0, ""clf__scale"": 0.5}",18.604869099999632
62,quantum/CNOT-kernel-SVM,quantum,14,1.0,1.0,"{""clf__C"": 1.0, ""clf__scale"": 0.5}",18.604869099999632
62,control/IQP-no-entangle,control,0,1.0,1.0,"{""clf__C"": 1.0, ""clf__scale"": 0.5}",17.302629399999205
62,control/IQP-no-entangle,control,1,1.0,1.0,"{""clf__C"": 1.0, ""clf__scale"": 0.5}",17.302629399999205
62,control/IQP-no-entangle,control,2,0.8888888888888888,1.0,"{""clf__C"": 1.0, ""clf__scale"": 0.5}",17.302629399999205
62,control/IQP-no-entangle,control,3,1.0,1.0,"{""clf__C"": 1.0, ""clf__scale"": 0.5}",17.302629399999205
62,control/IQP-no-entangle,control,4,0.8888888888888888,1.0,"{""clf__C"": 1.0, ""clf__scale"": 0.5}",17.302629399999205
62,control/IQP-no-entangle,control,5,1.0,1.0,"{""clf__C"": 1.0, ""clf__scale"": 0.5}",17.302629399999205
62,control/IQP-no-entangle,control,6,0.8888888888888888,1.0,"{""clf__C"": 1.0, ""clf__scale"": 0.5}",17.302629399999205
62,control/IQP-no-entangle,control,7,1.0,1.0,"{""clf__C"": 1.0, ""clf__scale"": 0.5}",17.302629399999205
62,control/IQP-no-entangle,control,8,1.0,1.0,"{""clf__C"": 1.0, ""clf__scale"": 0.5}",17.302629399999205
62,control/IQP-no-entangle,control,9,0.8888888888888888,1.0,"{""clf__C"": 1.0, ""clf__scale"": 0.5}",17.302629399999205
62,control/IQP-no-entangle,control,10,0.8888888888888888,1.0,"{""clf__C"": 1.0, ""clf__scale"": 0.5}",17.302629399999205
62,control/IQP-no-entangle,control,11,1.0,1.0,"{""clf__C"": 1.0, ""clf__scale"": 0.5}",17.302629399999205
62,control/IQP-no-entangle,control,12,1.0,1.0,"{""clf__C"": 1.0, ""clf__scale"": 0.5}",17.302629399999205
62,control/IQP-no-entangle,control,13,0.8888888888888888,1.0,"{""clf__C"": 10.0, ""clf__scale"": 0.5}",17.302629399999205
62,control/IQP-no-entangle,control,14,1.0,1.0,"{""clf__C"": 1.0, ""clf__scale"": 0.5}",17.302629399999205
62,control/PCA-matched-RBF,control,0,1.0,1.0,"{""clf__C"": 10.0, ""clf__gamma"": ""scale""}",13.818754899999476
62,control/PCA-matched-RBF,control,1,1.0,1.0,"{""clf__C"": 1.0, ""clf__gamma"": 0.1}",13.818754899999476
62,control/PCA-matched-RBF,control,2,0.8888888888888888,0.9500000000000001,"{""clf__C"": 10.0, ""clf__gamma"": ""scale""}",13.818754899999476
62,control/PCA-matched-RBF,control,3,1.0,1.0,"{""clf__C"": 1.0, ""clf__gamma"": 0.1}",13.818754899999476
62,control/PCA-matched-RBF,control,4,0.8888888888888888,1.0,"{""clf__C"": 10.0, ""clf__gamma"": 0.01}",13.818754899999476
62,control/PCA-matched-RBF,control,5,1.0,1.0,"{""clf__C"": 1.0, ""clf__gamma"": ""scale""}",13.818754899999476
62,control/PCA-matched-RBF,control,6,0.8888888888888888,1.0,"{""clf__C"": 1.0, ""clf__gamma"": 0.1}",13.818754899999476
62,control/PCA-matched-RBF,control,7,1.0,1.0,"{""clf__C"": 1.0, ""clf__gamma"": ""scale""}",13.818754899999476
62,control/PCA-matched-RBF,control,8,0.8888888888888888,1.0,"{""clf__C"": 1.0, ""clf__gamma"": ""scale""}",13.818754899999476
62,control/PCA-matched-RBF,control,9,0.8888888888888888,1.0,"{""clf__C"": 1.0, ""clf__gamma"": ""scale""}",13.818754899999476
62,control/PCA-matched-RBF,control,10,0.8888888888888888,1.0,"{""clf__C"": 1.0, ""clf__gamma"": ""scale""}",13.818754899999476
62,control/PCA-matched-RBF,control,11,1.0,1.0,"{""clf__C"": 1.0, ""clf__gamma"": ""scale""}",13.818754899999476
62,control/PCA-matched-RBF,control,12,1.0,1.0,"{""clf__C"": 10.0, ""clf__gamma"": 0.01}",13.818754899999476
62,control/PCA-matched-RBF,control,13,1.0,1.0,"{""clf__C"": 1.0, ""clf__gamma"": ""scale""}",13.818754899999476
62,control/PCA-matched-RBF,control,14,1.0,1.0,"{""clf__C"": 1.0, ""clf__gamma"": ""scale""}",13.818754899999476
62,control/PCA-matched-linear,control,0,1.0,1.0,"{""clf__C"": 0.1}",4.906954000000042
62,control/PCA-matched-linear,control,1,0.8888888888888888,1.0,"{""clf__C"": 1.0}",4.906954000000042
62,control/PCA-matched-linear,control,2,1.0,1.0,"{""clf__C"": 0.1}",4.906954000000042
62,control/PCA-matched-linear,control,3,1.0,1.0,"{""clf__C"": 0.1}",4.906954000000042
62,control/PCA-matched-linear,control,4,0.8888888888888888,1.0,"{""clf__C"": 1.0}",4.906954000000042
62,control/PCA-matched-linear,control,5,1.0,1.0,"{""clf__C"": 0.1}",4.906954000000042
62,control/PCA-matched-linear,control,6,0.8888888888888888,1.0,"{""clf__C"": 1.0}",4.906954000000042
62,control/PCA-matched-linear,control,7,1.0,1.0,"{""clf__C"": 0.1}",4.906954000000042
62,control/PCA-matched-linear,control,8,0.8888888888888888,1.0,"{""clf__C"": 1.0}",4.906954000000042
62,control/PCA-matched-linear,control,9,0.8888888888888888,1.0,"{""clf__C"": 0.1}",4.906954000000042
62,control/PCA-matched-linear,control,10,1.0,1.0,"{""clf__C"": 0.1}",4.906954000000042
62,control/PCA-matched-linear,control,11,1.0,1.0,"{""clf__C"": 0.1}",4.906954000000042
62,control/PCA-matched-linear,control,12,1.0,1.0,"{""clf__C"": 0.1}",4.906954000000042
62,control/PCA-matched-linear,control,13,1.0,1.0,"{""clf__C"": 0.1}",4.906954000000042
62,control/PCA-matched-linear,control,14,1.0,1.0,"{""clf__C"": 1.0}",4.906954000000042
62,control/logeuclid-TS+LR,control,0,1.0,1.0,"{""clf__C"": 0.1}",4.118767500000104
62,control/logeuclid-TS+LR,control,1,0.7777777777777778,0.9,"{""clf__C"": 1.0}",4.118767500000104
62,control/logeuclid-TS+LR,control,2,1.0,1.0,"{""clf__C"": 1.0}",4.118767500000104
62,control/logeuclid-TS+LR,control,3,0.8888888888888888,1.0,"{""clf__C"": 1.0}",4.118767500000104
62,control/logeuclid-TS+LR,control,4,0.8888888888888888,0.95,"{""clf__C"": 10.0}",4.118767500000104
62,control/logeuclid-TS+LR,control,5,0.7777777777777778,1.0,"{""clf__C"": 1.0}",4.118767500000104
62,control/logeuclid-TS+LR,control,6,0.8888888888888888,1.0,"{""clf__C"": 1.0}",4.118767500000104
62,control/logeuclid-TS+LR,control,7,0.7777777777777778,1.0,"{""clf__C"": 1.0}",4.118767500000104
62,control/logeuclid-TS+LR,control,8,0.8888888888888888,1.0,"{""clf__C"": 1.0}",4.118767500000104
62,control/logeuclid-TS+LR,control,9,0.8888888888888888,1.0,"{""clf__C"": 0.1}",4.118767500000104
62,control/logeuclid-TS+LR,control,10,0.8888888888888888,0.9500000000000001,"{""clf__C"": 0.1}",4.118767500000104
62,control/logeuclid-TS+LR,control,11,0.8888888888888888,0.8,"{""clf__C"": 0.1}",4.118767500000104
62,control/logeuclid-TS+LR,control,12,0.8888888888888888,0.85,"{""clf__C"": 0.1}",4.118767500000104
62,control/logeuclid-TS+LR,control,13,0.8888888888888888,1.0,"{""clf__C"": 1.0}",4.118767500000104
62,control/logeuclid-TS+LR,control,14,1.0,1.0,"{""clf__C"": 1.0}",4.118767500000104
62,control/riemann-kernel-SVM,control,0,1.0,1.0,"{""clf__C"": 0.1}",4.595877300000211
62,control/riemann-kernel-SVM,control,1,1.0,1.0,"{""clf__C"": 0.1}",4.595877300000211
62,control/riemann-kernel-SVM,control,2,1.0,1.0,"{""clf__C"": 0.1}",4.595877300000211
62,control/riemann-kernel-SVM,control,3,1.0,1.0,"{""clf__C"": 0.1}",4.595877300000211
62,control/riemann-kernel-SVM,control,4,1.0,1.0,"{""clf__C"": 0.1}",4.595877300000211
62,control/riemann-kernel-SVM,control,5,1.0,1.0,"{""clf__C"": 0.1}",4.595877300000211
62,control/riemann-kernel-SVM,control,6,1.0,1.0,"{""clf__C"": 0.1}",4.595877300000211
62,control/riemann-kernel-SVM,control,7,1.0,1.0,"{""clf__C"": 0.1}",4.595877300000211
62,control/riemann-kernel-SVM,control,8,1.0,1.0,"{""clf__C"": 0.1}",4.595877300000211
62,control/riemann-kernel-SVM,control,9,1.0,1.0,"{""clf__C"": 0.1}",4.595877300000211
62,control/riemann-kernel-SVM,control,10,1.0,1.0,"{""clf__C"": 0.1}",4.595877300000211
62,control/riemann-kernel-SVM,control,11,1.0,1.0,"{""clf__C"": 0.1}",4.595877300000211
62,control/riemann-kernel-SVM,control,12,1.0,1.0,"{""clf__C"": 0.1}",4.595877300000211
62,control/riemann-kernel-SVM,control,13,1.0,1.0,"{""clf__C"": 0.1}",4.595877300000211
62,control/riemann-kernel-SVM,control,14,1.0,1.0,"{""clf__C"": 0.1}",4.595877300000211
62,control/logeuclid-kernel-SVM,control,0,1.0,1.0,"{""clf__C"": 1.0}",4.456652000000759
62,control/logeuclid-kernel-SVM,control,1,1.0,1.0,"{""clf__C"": 0.1}",4.456652000000759
62,control/logeuclid-kernel-SVM,control,2,1.0,1.0,"{""clf__C"": 0.1}",4.456652000000759
62,control/logeuclid-kernel-SVM,control,3,1.0,1.0,"{""clf__C"": 0.1}",4.456652000000759
62,control/logeuclid-kernel-SVM,control,4,0.8888888888888888,1.0,"{""clf__C"": 0.1}",4.456652000000759
62,control/logeuclid-kernel-SVM,control,5,1.0,1.0,"{""clf__C"": 0.1}",4.456652000000759
62,control/logeuclid-kernel-SVM,control,6,1.0,1.0,"{""clf__C"": 0.1}",4.456652000000759
62,control/logeuclid-kernel-SVM,control,7,1.0,1.0,"{""clf__C"": 0.1}",4.456652000000759
62,control/logeuclid-kernel-SVM,control,8,1.0,1.0,"{""clf__C"": 0.1}",4.456652000000759
62,control/logeuclid-kernel-SVM,control,9,0.8888888888888888,1.0,"{""clf__C"": 0.1}",4.456652000000759
62,control/logeuclid-kernel-SVM,control,10,1.0,1.0,"{""clf__C"": 0.1}",4.456652000000759
62,control/logeuclid-kernel-SVM,control,11,1.0,1.0,"{""clf__C"": 0.1}",4.456652000000759
62,control/logeuclid-kernel-SVM,control,12,1.0,1.0,"{""clf__C"": 0.1}",4.456652000000759
62,control/logeuclid-kernel-SVM,control,13,1.0,1.0,"{""clf__C"": 0.1}",4.456652000000759
62,control/logeuclid-kernel-SVM,control,14,1.0,1.0,"{""clf__C"": 0.1}",4.456652000000759
63,classical/logvar+LDA,classical,0,0.4444444444444444,0.45,{},0.09150179999960528
63,classical/logvar+LDA,classical,1,0.3333333333333333,0.35000000000000003,{},0.09150179999960528
63,classical/logvar+LDA,classical,2,0.5555555555555556,0.6500000000000001,{},0.09150179999960528
63,classical/logvar+LDA,classical,3,0.4444444444444444,0.65,{},0.09150179999960528
63,classical/logvar+LDA,classical,4,0.3333333333333333,0.44999999999999996,{},0.09150179999960528
63,classical/logvar+LDA,classical,5,0.5555555555555556,0.7,{},0.09150179999960528
63,classical/logvar+LDA,classical,6,0.3333333333333333,0.35,{},0.09150179999960528
63,classical/logvar+LDA,classical,7,0.5555555555555556,0.8,{},0.09150179999960528
63,classical/logvar+LDA,classical,8,0.3333333333333333,0.2,{},0.09150179999960528
63,classical/logvar+LDA,classical,9,0.4444444444444444,0.55,{},0.09150179999960528
63,classical/logvar+LDA,classical,10,0.3333333333333333,0.2,{},0.09150179999960528
63,classical/logvar+LDA,classical,11,0.4444444444444444,0.5,{},0.09150179999960528
63,classical/logvar+LDA,classical,12,0.4444444444444444,0.3,{},0.09150179999960528
63,classical/logvar+LDA,classical,13,0.3333333333333333,0.5,{},0.09150179999960528
63,classical/logvar+LDA,classical,14,0.5555555555555556,0.45,{},0.09150179999960528
63,classical/CSP+LDA,classical,0,0.3333333333333333,0.30000000000000004,"{""csp__nfilter"": 4}",3.775720400000864
63,classical/CSP+LDA,classical,1,0.6666666666666666,0.8,"{""csp__nfilter"": 2}",3.775720400000864
63,classical/CSP+LDA,classical,2,0.3333333333333333,0.45,"{""csp__nfilter"": 2}",3.775720400000864
63,classical/CSP+LDA,classical,3,0.4444444444444444,0.5,"{""csp__nfilter"": 4}",3.775720400000864
63,classical/CSP+LDA,classical,4,0.5555555555555556,0.15,"{""csp__nfilter"": 4}",3.775720400000864
63,classical/CSP+LDA,classical,5,0.5555555555555556,0.65,"{""csp__nfilter"": 4}",3.775720400000864
63,classical/CSP+LDA,classical,6,0.4444444444444444,0.35,"{""csp__nfilter"": 4}",3.775720400000864
63,classical/CSP+LDA,classical,7,0.5555555555555556,0.6,"{""csp__nfilter"": 2}",3.775720400000864
63,classical/CSP+LDA,classical,8,0.5555555555555556,0.45000000000000007,"{""csp__nfilter"": 2}",3.775720400000864
63,classical/CSP+LDA,classical,9,0.7777777777777778,0.7000000000000001,"{""csp__nfilter"": 2}",3.775720400000864
63,classical/CSP+LDA,classical,10,0.5555555555555556,0.55,"{""csp__nfilter"": 4}",3.775720400000864
63,classical/CSP+LDA,classical,11,0.5555555555555556,0.5,"{""csp__nfilter"": 2}",3.775720400000864
63,classical/CSP+LDA,classical,12,0.4444444444444444,0.45,"{""csp__nfilter"": 2}",3.775720400000864
63,classical/CSP+LDA,classical,13,0.6666666666666666,0.7,"{""csp__nfilter"": 2}",3.775720400000864
63,classical/CSP+LDA,classical,14,0.5555555555555556,0.35,"{""csp__nfilter"": 4}",3.775720400000864
63,classical/MDM,classical,0,0.2222222222222222,0.35,{},0.4682548000000679
63,classical/MDM,classical,1,0.6666666666666666,0.6500000000000001,{},0.4682548000000679
63,classical/MDM,classical,2,0.5555555555555556,0.35000000000000003,{},0.4682548000000679
63,classical/MDM,classical,3,0.4444444444444444,0.5,{},0.4682548000000679
63,classical/MDM,classical,4,0.5555555555555556,0.2,{},0.4682548000000679
63,classical/MDM,classical,5,0.6666666666666666,0.7,{},0.4682548000000679
63,classical/MDM,classical,6,0.3333333333333333,0.39999999999999997,{},0.4682548000000679
63,classical/MDM,classical,7,0.5555555555555556,0.5,{},0.4682548000000679
63,classical/MDM,classical,8,0.2222222222222222,0.0,{},0.4682548000000679
63,classical/MDM,classical,9,0.6666666666666666,0.55,{},0.4682548000000679
63,classical/MDM,classical,10,0.4444444444444444,0.3,{},0.4682548000000679
63,classical/MDM,classical,11,0.4444444444444444,0.4,{},0.4682548000000679
63,classical/MDM,classical,12,0.4444444444444444,0.5,{},0.4682548000000679
63,classical/MDM,classical,13,0.4444444444444444,0.45,{},0.4682548000000679
63,classical/MDM,classical,14,0.6666666666666666,0.6500000000000001,{},0.4682548000000679
63,classical/TS+LR,classical,0,0.2222222222222222,0.2,"{""clf__C"": 0.1}",4.9035946000003605
63,classical/TS+LR,classical,1,0.5555555555555556,0.5,"{""clf__C"": 0.1}",4.9035946000003605
63,classical/TS+LR,classical,2,0.3333333333333333,0.30000000000000004,"{""clf__C"": 10.0}",4.9035946000003605
63,classical/TS+LR,classical,3,0.5555555555555556,0.39999999999999997,"{""clf__C"": 1.0}",4.9035946000003605
63,classical/TS+LR,classical,4,0.3333333333333333,0.3,"{""clf__C"": 0.1}",4.9035946000003605
63,classical/TS+LR,classical,5,0.6666666666666666,0.7000000000000001,"{""clf__C"": 10.0}",4.9035946000003605
63,classical/TS+LR,classical,6,0.4444444444444444,0.30000000000000004,"{""clf__C"": 0.1}",4.9035946000003605
63,classical/TS+LR,classical,7,0.4444444444444444,0.3,"{""clf__C"": 10.0}",4.9035946000003605
63,classical/TS+LR,classical,8,0.0,0.0,"{""clf__C"": 10.0}",4.9035946000003605
63,classical/TS+LR,classical,9,0.4444444444444444,0.35,"{""clf__C"": 1.0}",4.9035946000003605
63,classical/TS+LR,classical,10,0.2222222222222222,0.25,"{""clf__C"": 1.0}",4.9035946000003605
63,classical/TS+LR,classical,11,0.4444444444444444,0.4,"{""clf__C"": 0.1}",4.9035946000003605
63,classical/TS+LR,classical,12,0.3333333333333333,0.35000000000000003,"{""clf__C"": 0.1}",4.9035946000003605
63,classical/TS+LR,classical,13,0.4444444444444444,0.6,"{""clf__C"": 0.1}",4.9035946000003605
63,classical/TS+LR,classical,14,0.5555555555555556,0.35,"{""clf__C"": 0.1}",4.9035946000003605
63,classical/TS+RBF-SVM,classical,0,0.3333333333333333,0.25,"{""clf__C"": 10.0, ""clf__gamma"": 0.01}",12.810942199999772
63,classical/TS+RBF-SVM,classical,1,0.2222222222222222,0.25,"{""clf__C"": 10.0, ""clf__gamma"": ""scale""}",12.810942199999772
63,classical/TS+RBF-SVM,classical,2,0.3333333333333333,0.35,"{""clf__C"": 10.0, ""clf__gamma"": ""scale""}",12.810942199999772
63,classical/TS+RBF-SVM,classical,3,0.4444444444444444,0.35,"{""clf__C"": 0.1, ""clf__gamma"": ""scale""}",12.810942199999772
63,classical/TS+RBF-SVM,classical,4,0.3333333333333333,0.3,"{""clf__C"": 10.0, ""clf__gamma"": 0.01}",12.810942199999772
63,classical/TS+RBF-SVM,classical,5,0.6666666666666666,0.65,"{""clf__C"": 10.0, ""clf__gamma"": ""scale""}",12.810942199999772
63,classical/TS+RBF-SVM,classical,6,0.3333333333333333,0.35000000000000003,"{""clf__C"": 10.0, ""clf__gamma"": ""scale""}",12.810942199999772
63,classical/TS+RBF-SVM,classical,7,0.4444444444444444,0.35000000000000003,"{""clf__C"": 0.1, ""clf__gamma"": ""scale""}",12.810942199999772
63,classical/TS+RBF-SVM,classical,8,0.0,0.0,"{""clf__C"": 10.0, ""clf__gamma"": 0.01}",12.810942199999772
63,classical/TS+RBF-SVM,classical,9,0.4444444444444444,0.55,"{""clf__C"": 1.0, ""clf__gamma"": 0.01}",12.810942199999772
63,classical/TS+RBF-SVM,classical,10,0.2222222222222222,0.15000000000000002,"{""clf__C"": 10.0, ""clf__gamma"": 0.01}",12.810942199999772
63,classical/TS+RBF-SVM,classical,11,0.5555555555555556,0.6000000000000001,"{""clf__C"": 10.0, ""clf__gamma"": 0.01}",12.810942199999772
63,classical/TS+RBF-SVM,classical,12,0.4444444444444444,0.35000000000000003,"{""clf__C"": 1.0, ""clf__gamma"": 0.01}",12.810942199999772
63,classical/TS+RBF-SVM,classical,13,0.4444444444444444,0.45,"{""clf__C"": 0.1, ""clf__gamma"": ""scale""}",12.810942199999772
63,classical/TS+RBF-SVM,classical,14,0.3333333333333333,0.3,"{""clf__C"": 10.0, ""clf__gamma"": ""scale""}",12.810942199999772
63,quantum/HS-overlap-SVM,quantum,0,0.4444444444444444,0.5,"{""clf__C"": 0.1}",3.8652970000002824
63,quantum/HS-overlap-SVM,quantum,1,0.4444444444444444,0.4,"{""clf__C"": 0.1}",3.8652970000002824
63,quantum/HS-overlap-SVM,quantum,2,0.4444444444444444,0.5,"{""clf__C"": 0.1}",3.8652970000002824
63,quantum/HS-overlap-SVM,quantum,3,0.4444444444444444,0.44999999999999996,"{""clf__C"": 0.1}",3.8652970000002824
63,quantum/HS-overlap-SVM,quantum,4,0.4444444444444444,0.49999999999999994,"{""clf__C"": 0.1}",3.8652970000002824
63,quantum/HS-overlap-SVM,quantum,5,0.4444444444444444,0.6,"{""clf__C"": 0.1}",3.8652970000002824
63,quantum/HS-overlap-SVM,quantum,6,0.4444444444444444,0.45,"{""clf__C"": 0.1}",3.8652970000002824
63,quantum/HS-overlap-SVM,quantum,7,0.4444444444444444,0.7,"{""clf__C"": 0.1}",3.8652970000002824
63,quantum/HS-overlap-SVM,quantum,8,0.4444444444444444,0.19999999999999996,"{""clf__C"": 0.1}",3.8652970000002824
63,quantum/HS-overlap-SVM,quantum,9,0.4444444444444444,0.44999999999999996,"{""clf__C"": 0.1}",3.8652970000002824
63,quantum/HS-overlap-SVM,quantum,10,0.3333333333333333,0.3,"{""clf__C"": 0.1}",3.8652970000002824
63,quantum/HS-overlap-SVM,quantum,11,0.4444444444444444,0.6000000000000001,"{""clf__C"": 0.1}",3.8652970000002824
63,quantum/HS-overlap-SVM,quantum,12,0.4444444444444444,0.35,"{""clf__C"": 0.1}",3.8652970000002824
63,quantum/HS-overlap-SVM,quantum,13,0.4444444444444444,0.5,"{""clf__C"": 0.1}",3.8652970000002824
63,quantum/HS-overlap-SVM,quantum,14,0.4444444444444444,0.39999999999999997,"{""clf__C"": 0.1}",3.8652970000002824
63,quantum/Fidelity-SVM,quantum,0,0.4444444444444444,0.55,"{""clf__C"": 0.1}",5.316005900000164
63,quantum/Fidelity-SVM,quantum,1,0.3333333333333333,0.5,"{""clf__C"": 0.1}",5.316005900000164
63,quantum/Fidelity-SVM,quantum,2,0.4444444444444444,0.55,"{""clf__C"": 0.1}",5.316005900000164
63,quantum/Fidelity-SVM,quantum,3,0.4444444444444444,0.5,"{""clf__C"": 0.1}",5.316005900000164
63,quantum/Fidelity-SVM,quantum,4,0.4444444444444444,0.5,"{""clf__C"": 0.1}",5.316005900000164
63,quantum/Fidelity-SVM,quantum,5,0.4444444444444444,0.4,"{""clf__C"": 0.1}",5.316005900000164
63,quantum/Fidelity-SVM,quantum,6,0.4444444444444444,0.45,"{""clf__C"": 0.1}",5.316005900000164
63,quantum/Fidelity-SVM,quantum,7,0.4444444444444444,0.8500000000000001,"{""clf__C"": 0.1}",5.316005900000164
63,quantum/Fidelity-SVM,quantum,8,0.4444444444444444,0.24999999999999997,"{""clf__C"": 0.1}",5.316005900000164
63,quantum/Fidelity-SVM,quantum,9,0.4444444444444444,0.65,"{""clf__C"": 0.1}",5.316005900000164
63,quantum/Fidelity-SVM,quantum,10,0.3333333333333333,0.2,"{""clf__C"": 0.1}",5.316005900000164
63,quantum/Fidelity-SVM,quantum,11,0.4444444444444444,0.4,"{""clf__C"": 0.1}",5.316005900000164
63,quantum/Fidelity-SVM,quantum,12,0.4444444444444444,0.35,"{""clf__C"": 0.1}",5.316005900000164
63,quantum/Fidelity-SVM,quantum,13,0.4444444444444444,0.4,"{""clf__C"": 0.1}",5.316005900000164
63,quantum/Fidelity-SVM,quantum,14,0.4444444444444444,0.35,"{""clf__C"": 0.1}",5.316005900000164
63,quantum/HS-RBF-SVM,quantum,0,0.4444444444444444,0.25,"{""clf__C"": 10.0, ""clf__gamma_mult"": 1.0}",10.803329700000177
63,quantum/HS-RBF-SVM,quantum,1,0.5555555555555556,0.5,"{""clf__C"": 10.0, ""clf__gamma_mult"": 1.0}",10.803329700000177
63,quantum/HS-RBF-SVM,quantum,2,0.5555555555555556,0.7,"{""clf__C"": 10.0, ""clf__gamma_mult"": 4.0}",10.803329700000177
63,quantum/HS-RBF-SVM,quantum,3,0.3333333333333333,0.3,"{""clf__C"": 1.0, ""clf__gamma_mult"": 1.0}",10.803329700000177
63,quantum/HS-RBF-SVM,quantum,4,0.6666666666666666,0.49999999999999994,"{""clf__C"": 1.0, ""clf__gamma_mult"": 4.0}",10.803329700000177
63,quantum/HS-RBF-SVM,quantum,5,0.3333333333333333,0.35000000000000003,"{""clf__C"": 10.0, ""clf__gamma_mult"": 4.0}",10.803329700000177
63,quantum/HS-RBF-SVM,quantum,6,0.4444444444444444,0.4,"{""clf__C"": 10.0, ""clf__gamma_mult"": 1.0}",10.803329700000177
63,quantum/HS-RBF-SVM,quantum,7,0.3333333333333333,0.5,"{""clf__C"": 10.0, ""clf__gamma_mult"": 4.0}",10.803329700000177
63,quantum/HS-RBF-SVM,quantum,8,0.2222222222222222,0.19999999999999998,"{""clf__C"": 10.0, ""clf__gamma_mult"": 1.0}",10.803329700000177
63,quantum/HS-RBF-SVM,quantum,9,0.5555555555555556,0.45,"{""clf__C"": 10.0, ""clf__gamma_mult"": 1.0}",10.803329700000177
63,quantum/HS-RBF-SVM,quantum,10,0.5555555555555556,0.85,"{""clf__C"": 10.0, ""clf__gamma_mult"": 1.0}",10.803329700000177
63,quantum/HS-RBF-SVM,quantum,11,0.4444444444444444,0.30000000000000004,"{""clf__C"": 10.0, ""clf__gamma_mult"": 1.0}",10.803329700000177
63,quantum/HS-RBF-SVM,quantum,12,0.4444444444444444,0.55,"{""clf__C"": 10.0, ""clf__gamma_mult"": 1.0}",10.803329700000177
63,quantum/HS-RBF-SVM,quantum,13,0.4444444444444444,0.45,"{""clf__C"": 0.1, ""clf__gamma_mult"": 0.25}",10.803329700000177
63,quantum/HS-RBF-SVM,quantum,14,0.4444444444444444,0.2,"{""clf__C"": 10.0, ""clf__gamma_mult"": 1.0}",10.803329700000177
63,quantum/Bures-RBF-SVM,quantum,0,0.4444444444444444,0.25,"{""clf__C"": 10.0, ""clf__gamma_mult"": 1.0}",14.029115200000888
63,quantum/Bures-RBF-SVM,quantum,1,0.5555555555555556,0.6000000000000001,"{""clf__C"": 10.0, ""clf__gamma_mult"": 1.0}",14.029115200000888
63,quantum/Bures-RBF-SVM,quantum,2,0.5555555555555556,0.75,"{""clf__C"": 10.0, ""clf__gamma_mult"": 4.0}",14.029115200000888
63,quantum/Bures-RBF-SVM,quantum,3,0.3333333333333333,0.3,"{""clf__C"": 10.0, ""clf__gamma_mult"": 0.25}",14.029115200000888
63,quantum/Bures-RBF-SVM,quantum,4,0.6666666666666666,0.6,"{""clf__C"": 1.0, ""clf__gamma_mult"": 4.0}",14.029115200000888
63,quantum/Bures-RBF-SVM,quantum,5,0.5555555555555556,0.8500000000000001,"{""clf__C"": 10.0, ""clf__gamma_mult"": 1.0}",14.029115200000888
63,quantum/Bures-RBF-SVM,quantum,6,0.4444444444444444,0.4,"{""clf__C"": 10.0, ""clf__gamma_mult"": 1.0}",14.029115200000888
63,quantum/Bures-RBF-SVM,quantum,7,0.3333333333333333,0.5,"{""clf__C"": 10.0, ""clf__gamma_mult"": 4.0}",14.029115200000888
63,quantum/Bures-RBF-SVM,quantum,8,0.2222222222222222,0.25,"{""clf__C"": 10.0, ""clf__gamma_mult"": 1.0}",14.029115200000888
63,quantum/Bures-RBF-SVM,quantum,9,0.5555555555555556,0.5,"{""clf__C"": 10.0, ""clf__gamma_mult"": 1.0}",14.029115200000888
63,quantum/Bures-RBF-SVM,quantum,10,0.6666666666666666,0.8,"{""clf__C"": 10.0, ""clf__gamma_mult"": 1.0}",14.029115200000888
63,quantum/Bures-RBF-SVM,quantum,11,0.3333333333333333,0.30000000000000004,"{""clf__C"": 10.0, ""clf__gamma_mult"": 1.0}",14.029115200000888
63,quantum/Bures-RBF-SVM,quantum,12,0.4444444444444444,0.55,"{""clf__C"": 10.0, ""clf__gamma_mult"": 1.0}",14.029115200000888
63,quantum/Bures-RBF-SVM,quantum,13,0.5555555555555556,0.5499999999999999,"{""clf__C"": 10.0, ""clf__gamma_mult"": 4.0}",14.029115200000888
63,quantum/Bures-RBF-SVM,quantum,14,0.3333333333333333,0.25,"{""clf__C"": 10.0, ""clf__gamma_mult"": 4.0}",14.029115200000888
63,quantum/QRE-RBF-SVM,quantum,0,0.3333333333333333,0.30000000000000004,"{""clf__C"": 1.0, ""clf__gamma_mult"": 4.0}",12.44616109999879
63,quantum/QRE-RBF-SVM,quantum,1,0.5555555555555556,0.6000000000000001,"{""clf__C"": 10.0, ""clf__gamma_mult"": 1.0}",12.44616109999879
63,quantum/QRE-RBF-SVM,quantum,2,0.5555555555555556,0.65,"{""clf__C"": 10.0, ""clf__gamma_mult"": 4.0}",12.44616109999879
63,quantum/QRE-RBF-SVM,quantum,3,0.3333333333333333,0.3,"{""clf__C"": 10.0, ""clf__gamma_mult"": 0.25}",12.44616109999879
63,quantum/QRE-RBF-SVM,quantum,4,0.7777777777777778,0.75,"{""clf__C"": 10.0, ""clf__gamma_mult"": 4.0}",12.44616109999879
63,quantum/QRE-RBF-SVM,quantum,5,0.5555555555555556,0.8,"{""clf__C"": 10.0, ""clf__gamma_mult"": 1.0}",12.44616109999879
63,quantum/QRE-RBF-SVM,quantum,6,0.4444444444444444,0.4,"{""clf__C"": 10.0, ""clf__gamma_mult"": 1.0}",12.44616109999879
63,quantum/QRE-RBF-SVM,quantum,7,0.3333333333333333,0.5,"{""clf__C"": 10.0, ""clf__gamma_mult"": 4.0}",12.44616109999879
63,quantum/QRE-RBF-SVM,quantum,8,0.4444444444444444,0.5,"{""clf__C"": 10.0, ""clf__gamma_mult"": 4.0}",12.44616109999879
63,quantum/QRE-RBF-SVM,quantum,9,0.4444444444444444,0.5499999999999999,"{""clf__C"": 10.0, ""clf__gamma_mult"": 4.0}",12.44616109999879
63,quantum/QRE-RBF-SVM,quantum,10,0.6666666666666666,0.85,"{""clf__C"": 10.0, ""clf__gamma_mult"": 1.0}",12.44616109999879
63,quantum/QRE-RBF-SVM,quantum,11,0.3333333333333333,0.25,"{""clf__C"": 10.0, ""clf__gamma_mult"": 1.0}",12.44616109999879
63,quantum/QRE-RBF-SVM,quantum,12,0.5555555555555556,0.55,"{""clf__C"": 10.0, ""clf__gamma_mult"": 1.0}",12.44616109999879
63,quantum/QRE-RBF-SVM,quantum,13,0.5555555555555556,0.49999999999999994,"{""clf__C"": 10.0, ""clf__gamma_mult"": 4.0}",12.44616109999879
63,quantum/QRE-RBF-SVM,quantum,14,0.4444444444444444,0.25,"{""clf__C"": 10.0, ""clf__gamma_mult"": 1.0}",12.44616109999879
63,quantum/HS-overlap-ref-SVM,quantum,0,0.2222222222222222,0.35,"{""clf__C"": 10.0}",4.593991600000663
63,quantum/HS-overlap-ref-SVM,quantum,1,0.5555555555555556,0.5,"{""clf__C"": 0.1}",4.593991600000663
63,quantum/HS-overlap-ref-SVM,quantum,2,0.4444444444444444,0.45,"{""clf__C"": 10.0}",4.593991600000663
63,quantum/HS-overlap-ref-SVM,quantum,3,0.5555555555555556,0.3,"{""clf__C"": 10.0}",4.593991600000663
63,quantum/HS-overlap-ref-SVM,quantum,4,0.3333333333333333,0.15,"{""clf__C"": 10.0}",4.593991600000663
63,quantum/HS-overlap-ref-SVM,quantum,5,0.5555555555555556,0.65,"{""clf__C"": 10.0}",4.593991600000663
63,quantum/HS-overlap-ref-SVM,quantum,6,0.5555555555555556,0.35,"{""clf__C"": 10.0}",4.593991600000663
63,quantum/HS-overlap-ref-SVM,quantum,7,0.5555555555555556,0.35000000000000003,"{""clf__C"": 10.0}",4.593991600000663
63,quantum/HS-overlap-ref-SVM,quantum,8,0.1111111111111111,0.04999999999999999,"{""clf__C"": 10.0}",4.593991600000663
63,quantum/HS-overlap-ref-SVM,quantum,9,0.4444444444444444,0.5,"{""clf__C"": 0.1}",4.593991600000663
63,quantum/HS-overlap-ref-SVM,quantum,10,0.4444444444444444,0.30000000000000004,"{""clf__C"": 10.0}",4.593991600000663
63,quantum/HS-overlap-ref-SVM,quantum,11,0.5555555555555556,0.6000000000000001,"{""clf__C"": 10.0}",4.593991600000663
63,quantum/HS-overlap-ref-SVM,quantum,12,0.5555555555555556,0.25,"{""clf__C"": 10.0}",4.593991600000663
63,quantum/HS-overlap-ref-SVM,quantum,13,0.4444444444444444,0.65,"{""clf__C"": 0.1}",4.593991600000663
63,quantum/HS-overlap-ref-SVM,quantum,14,0.4444444444444444,0.04999999999999999,"{""clf__C"": 10.0}",4.593991600000663
63,quantum/Fidelity-ref-SVM,quantum,0,0.4444444444444444,0.35,"{""clf__C"": 10.0}",6.3697584999990795
63,quantum/Fidelity-ref-SVM,quantum,1,0.4444444444444444,0.5,"{""clf__C"": 0.1}",6.3697584999990795
63,quantum/Fidelity-ref-SVM,quantum,2,0.6666666666666666,0.5,"{""clf__C"": 10.0}",6.3697584999990795
63,quantum/Fidelity-ref-SVM,quantum,3,0.4444444444444444,0.35,"{""clf__C"": 0.1}",6.3697584999990795
63,quantum/Fidelity-ref-SVM,quantum,4,0.3333333333333333,0.19999999999999998,"{""clf__C"": 10.0}",6.3697584999990795
63,quantum/Fidelity-ref-SVM,quantum,5,0.6666666666666666,0.65,"{""clf__C"": 10.0}",6.3697584999990795
63,quantum/Fidelity-ref-SVM,quantum,6,0.4444444444444444,0.4,"{""clf__C"": 10.0}",6.3697584999990795
63,quantum/Fidelity-ref-SVM,quantum,7,0.4444444444444444,0.35000000000000003,"{""clf__C"": 0.1}",6.3697584999990795
63,quantum/Fidelity-ref-SVM,quantum,8,0.1111111111111111,0.04999999999999999,"{""clf__C"": 10.0}",6.3697584999990795
63,quantum/Fidelity-ref-SVM,quantum,9,0.3333333333333333,0.5,"{""clf__C"": 10.0}",6.3697584999990795
63,quantum/Fidelity-ref-SVM,quantum,10,0.4444444444444444,0.3,"{""clf__C"": 0.1}",6.3697584999990795
63,quantum/Fidelity-ref-SVM,quantum,11,0.4444444444444444,0.6000000000000001,"{""clf__C"": 0.1}",6.3697584999990795
63,quantum/Fidelity-ref-SVM,quantum,12,0.4444444444444444,0.25,"{""clf__C"": 10.0}",6.3697584999990795
63,quantum/Fidelity-ref-SVM,quantum,13,0.4444444444444444,0.6,"{""clf__C"": 0.1}",6.3697584999990795
63,quantum/Fidelity-ref-SVM,quantum,14,0.5555555555555556,0.19999999999999998,"{""clf__C"": 10.0}",6.3697584999990795
63,quantum/HS-RBF-ref-SVM,quantum,0,0.4444444444444444,0.25,"{""clf__C"": 1.0, ""clf__gamma_mult"": 1.0}",13.165419500001008
63,quantum/HS-RBF-ref-SVM,quantum,1,0.6666666666666666,0.65,"{""clf__C"": 0.1, ""clf__gamma_mult"": 0.25}",13.165419500001008
63,quantum/HS-RBF-ref-SVM,quantum,2,0.3333333333333333,0.30000000000000004,"{""clf__C"": 1.0, ""clf__gamma_mult"": 1.0}",13.165419500001008
63,quantum/HS-RBF-ref-SVM,quantum,3,0.3333333333333333,0.35,"{""clf__C"": 10.0, ""clf__gamma_mult"": 1.0}",13.165419500001008
63,quantum/HS-RBF-ref-SVM,quantum,4,0.3333333333333333,0.1,"{""clf__C"": 1.0, ""clf__gamma_mult"": 1.0}",13.165419500001008
63,quantum/HS-RBF-ref-SVM,quantum,5,0.5555555555555556,0.7,"{""clf__C"": 1.0, ""clf__gamma_mult"": 1.0}",13.165419500001008
63,quantum/HS-RBF-ref-SVM,quantum,6,0.3333333333333333,0.35000000000000003,"{""clf__C"": 10.0, ""clf__gamma_mult"": 0.25}",13.165419500001008
63,quantum/HS-RBF-ref-SVM,quantum,7,0.4444444444444444,0.35000000000000003,"{""clf__C"": 10.0, ""clf__gamma_mult"": 0.25}",13.165419500001008
63,quantum/HS-RBF-ref-SVM,quantum,8,0.0,0.0,"{""clf__C"": 10.0, ""clf__gamma_mult"": 0.25}",13.165419500001008
63,quantum/HS-RBF-ref-SVM,quantum,9,0.5555555555555556,0.4,"{""clf__C"": 10.0, ""clf__gamma_mult"": 1.0}",13.165419500001008
63,quantum/HS-RBF-ref-SVM,quantum,10,0.2222222222222222,0.2,"{""clf__C"": 10.0, ""clf__gamma_mult"": 1.0}",13.165419500001008
63,quantum/HS-RBF-ref-SVM,quantum,11,0.6666666666666666,0.55,"{""clf__C"": 10.0, ""clf__gamma_mult"": 0.25}",13.165419500001008
63,quantum/HS-RBF-ref-SVM,quantum,12,0.3333333333333333,0.30000000000000004,"{""clf__C"": 10.0, ""clf__gamma_mult"": 4.0}",13.165419500001008
63,quantum/HS-RBF-ref-SVM,quantum,13,0.4444444444444444,0.6,"{""clf__C"": 0.1, ""clf__gamma_mult"": 0.25}",13.165419500001008
63,quantum/HS-RBF-ref-SVM,quantum,14,0.3333333333333333,0.2,"{""clf__C"": 10.0, ""clf__gamma_mult"": 1.0}",13.165419500001008
63,quantum/Bures-RBF-ref-SVM,quantum,0,0.3333333333333333,0.3,"{""clf__C"": 1.0, ""clf__gamma_mult"": 1.0}",17.073619200000394
63,quantum/Bures-RBF-ref-SVM,quantum,1,0.4444444444444444,0.5,"{""clf__C"": 0.1, ""clf__gamma_mult"": 0.25}",17.073619200000394
63,quantum/Bures-RBF-ref-SVM,quantum,2,0.3333333333333333,0.35,"{""clf__C"": 1.0, ""clf__gamma_mult"": 1.0}",17.073619200000394
63,quantum/Bures-RBF-ref-SVM,quantum,3,0.4444444444444444,0.39999999999999997,"{""clf__C"": 10.0, ""clf__gamma_mult"": 1.0}",17.073619200000394
63,quantum/Bures-RBF-ref-SVM,quantum,4,0.3333333333333333,0.1,"{""clf__C"": 1.0, ""clf__gamma_mult"": 1.0}",17.073619200000394
63,quantum/Bures-RBF-ref-SVM,quantum,5,0.5555555555555556,0.7,"{""clf__C"": 1.0, ""clf__gamma_mult"": 1.0}",17.073619200000394
63,quantum/Bures-RBF-ref-SVM,quantum,6,0.3333333333333333,0.30000000000000004,"{""clf__C"": 10.0, ""clf__gamma_mult"": 0.25}",17.073619200000394
63,quantum/Bures-RBF-ref-SVM,quantum,7,0.5555555555555556,0.35000000000000003,"{""clf__C"": 1.0, ""clf__gamma_mult"": 1.0}",17.073619200000394
63,quantum/Bures-RBF-ref-SVM,quantum,8,0.0,0.0,"{""clf__C"": 10.0, ""clf__gamma_mult"": 0.25}",17.073619200000394
63,quantum/Bures-RBF-ref-SVM,quantum,9,0.5555555555555556,0.45,"{""clf__C"": 10.0, ""clf__gamma_mult"": 1.0}",17.073619200000394
63,quantum/Bures-RBF-ref-SVM,quantum,10,0.2222222222222222,0.2,"{""clf__C"": 10.0, ""clf__gamma_mult"": 1.0}",17.073619200000394
63,quantum/Bures-RBF-ref-SVM,quantum,11,0.5555555555555556,0.6000000000000001,"{""clf__C"": 10.0, ""clf__gamma_mult"": 0.25}",17.073619200000394
63,quantum/Bures-RBF-ref-SVM,quantum,12,0.2222222222222222,0.30000000000000004,"{""clf__C"": 10.0, ""clf__gamma_mult"": 4.0}",17.073619200000394
63,quantum/Bures-RBF-ref-SVM,quantum,13,0.4444444444444444,0.6,"{""clf__C"": 0.1, ""clf__gamma_mult"": 0.25}",17.073619200000394
63,quantum/Bures-RBF-ref-SVM,quantum,14,0.3333333333333333,0.3,"{""clf__C"": 10.0, ""clf__gamma_mult"": 1.0}",17.073619200000394
63,quantum/QRE-RBF-ref-SVM,quantum,0,0.3333333333333333,0.3,"{""clf__C"": 1.0, ""clf__gamma_mult"": 1.0}",14.983545400000366
63,quantum/QRE-RBF-ref-SVM,quantum,1,0.4444444444444444,0.5,"{""clf__C"": 0.1, ""clf__gamma_mult"": 0.25}",14.983545400000366
63,quantum/QRE-RBF-ref-SVM,quantum,2,0.3333333333333333,0.35,"{""clf__C"": 1.0, ""clf__gamma_mult"": 1.0}",14.983545400000366
63,quantum/QRE-RBF-ref-SVM,quantum,3,0.4444444444444444,0.39999999999999997,"{""clf__C"": 10.0, ""clf__gamma_mult"": 1.0}",14.983545400000366
63,quantum/QRE-RBF-ref-SVM,quantum,4,0.3333333333333333,0.1,"{""clf__C"": 1.0, ""clf__gamma_mult"": 1.0}",14.983545400000366
63,quantum/QRE-RBF-ref-SVM,quantum,5,0.5555555555555556,0.7,"{""clf__C"": 1.0, ""clf__gamma_mult"": 1.0}",14.983545400000366
63,quantum/QRE-RBF-ref-SVM,quantum,6,0.3333333333333333,0.30000000000000004,"{""clf__C"": 10.0, ""clf__gamma_mult"": 0.25}",14.983545400000366
63,quantum/QRE-RBF-ref-SVM,quantum,7,0.5555555555555556,0.35000000000000003,"{""clf__C"": 1.0, ""clf__gamma_mult"": 1.0}",14.983545400000366
63,quantum/QRE-RBF-ref-SVM,quantum,8,0.0,0.0,"{""clf__C"": 10.0, ""clf__gamma_mult"": 0.25}",14.983545400000366
63,quantum/QRE-RBF-ref-SVM,quantum,9,0.5555555555555556,0.45,"{""clf__C"": 10.0, ""clf__gamma_mult"": 1.0}",14.983545400000366
63,quantum/QRE-RBF-ref-SVM,quantum,10,0.2222222222222222,0.2,"{""clf__C"": 10.0, ""clf__gamma_mult"": 1.0}",14.983545400000366
63,quantum/QRE-RBF-ref-SVM,quantum,11,0.4444444444444444,0.6,"{""clf__C"": 10.0, ""clf__gamma_mult"": 4.0}",14.983545400000366
63,quantum/QRE-RBF-ref-SVM,quantum,12,0.2222222222222222,0.30000000000000004,"{""clf__C"": 10.0, ""clf__gamma_mult"": 4.0}",14.983545400000366
63,quantum/QRE-RBF-ref-SVM,quantum,13,0.4444444444444444,0.6,"{""clf__C"": 0.1, ""clf__gamma_mult"": 0.25}",14.983545400000366
63,quantum/QRE-RBF-ref-SVM,quantum,14,0.3333333333333333,0.3,"{""clf__C"": 10.0, ""clf__gamma_mult"": 1.0}",14.983545400000366
63,quantum/IQP-kernel-SVM,quantum,0,0.3333333333333333,0.30000000000000004,"{""clf__C"": 10.0, ""clf__scale"": 1.0}",20.662127800000235
63,quantum/IQP-kernel-SVM,quantum,1,0.2222222222222222,0.15000000000000002,"{""clf__C"": 10.0, ""clf__scale"": 0.5}",20.662127800000235
63,quantum/IQP-kernel-SVM,quantum,2,0.5555555555555556,0.45,"{""clf__C"": 1.0, ""clf__scale"": 2.0}",20.662127800000235
63,quantum/IQP-kernel-SVM,quantum,3,0.5555555555555556,0.4,"{""clf__C"": 1.0, ""clf__scale"": 0.5}",20.662127800000235
63,quantum/IQP-kernel-SVM,quantum,4,0.4444444444444444,0.6,"{""clf__C"": 10.0, ""clf__scale"": 0.5}",20.662127800000235
63,quantum/IQP-kernel-SVM,quantum,5,0.2222222222222222,0.1,"{""clf__C"": 1.0, ""clf__scale"": 2.0}",20.662127800000235
63,quantum/IQP-kernel-SVM,quantum,6,0.5555555555555556,0.6,"{""clf__C"": 10.0, ""clf__scale"": 1.0}",20.662127800000235
63,quantum/IQP-kernel-SVM,quantum,7,0.4444444444444444,0.35000000000000003,"{""clf__C"": 10.0, ""clf__scale"": 0.5}",20.662127800000235
63,quantum/IQP-kernel-SVM,quantum,8,0.5555555555555556,0.49999999999999994,"{""clf__C"": 10.0, ""clf__scale"": 2.0}",20.662127800000235
63,quantum/IQP-kernel-SVM,quantum,9,0.7777777777777778,0.75,"{""clf__C"": 10.0, ""clf__scale"": 0.5}",20.662127800000235
63,quantum/IQP-kernel-SVM,quantum,10,0.6666666666666666,0.55,"{""clf__C"": 10.0, ""clf__scale"": 1.0}",20.662127800000235
63,quantum/IQP-kernel-SVM,quantum,11,0.5555555555555556,0.35,"{""clf__C"": 10.0, ""clf__scale"": 1.0}",20.662127800000235
63,quantum/IQP-kernel-SVM,quantum,12,0.3333333333333333,0.15000000000000002,"{""clf__C"": 1.0, ""clf__scale"": 0.5}",20.662127800000235
63,quantum/IQP-kernel-SVM,quantum,13,0.5555555555555556,0.44999999999999996,"{""clf__C"": 10.0, ""clf__scale"": 2.0}",20.662127800000235
63,quantum/IQP-kernel-SVM,quantum,14,0.4444444444444444,0.55,"{""clf__C"": 1.0, ""clf__scale"": 2.0}",20.662127800000235
63,quantum/CNOT-kernel-SVM,quantum,0,0.4444444444444444,0.5,"{""clf__C"": 1.0, ""clf__scale"": 1.0}",18.859927499999685
63,quantum/CNOT-kernel-SVM,quantum,1,0.4444444444444444,0.2,"{""clf__C"": 10.0, ""clf__scale"": 1.0}",18.859927499999685
63,quantum/CNOT-kernel-SVM,quantum,2,0.4444444444444444,0.45000000000000007,"{""clf__C"": 10.0, ""clf__scale"": 2.0}",18.859927499999685
63,quantum/CNOT-kernel-SVM,quantum,3,0.5555555555555556,0.5499999999999999,"{""clf__C"": 10.0, ""clf__scale"": 1.0}",18.859927499999685
63,quantum/CNOT-kernel-SVM,quantum,4,0.4444444444444444,0.55,"{""clf__C"": 10.0, ""clf__scale"": 1.0}",18.859927499999685
63,quantum/CNOT-kernel-SVM,quantum,5,0.4444444444444444,0.6,"{""clf__C"": 10.0, ""clf__scale"": 0.5}",18.859927499999685
63,quantum/CNOT-kernel-SVM,quantum,6,0.3333333333333333,0.5,"{""clf__C"": 10.0, ""clf__scale"": 1.0}",18.859927499999685
63,quantum/CNOT-kernel-SVM,quantum,7,0.4444444444444444,0.4,"{""clf__C"": 1.0, ""clf__scale"": 1.0}",18.859927499999685
63,quantum/CNOT-kernel-SVM,quantum,8,0.2222222222222222,0.3,"{""clf__C"": 10.0, ""clf__scale"": 1.0}",18.859927499999685
63,quantum/CNOT-kernel-SVM,quantum,9,0.4444444444444444,0.35000000000000003,"{""clf__C"": 10.0, ""clf__scale"": 1.0}",18.859927499999685
63,quantum/CNOT-kernel-SVM,quantum,10,0.2222222222222222,0.25,"{""clf__C"": 10.0, ""clf__scale"": 2.0}",18.859927499999685
63,quantum/CNOT-kernel-SVM,quantum,11,0.7777777777777778,0.65,"{""clf__C"": 10.0, ""clf__scale"": 2.0}",18.859927499999685
63,quantum/CNOT-kernel-SVM,quantum,12,0.3333333333333333,0.3,"{""clf__C"": 10.0, ""clf__scale"": 1.0}",18.859927499999685
63,quantum/CNOT-kernel-SVM,quantum,13,0.4444444444444444,0.4,"{""clf__C"": 1.0, ""clf__scale"": 2.0}",18.859927499999685
63,quantum/CNOT-kernel-SVM,quantum,14,0.6666666666666666,0.7,"{""clf__C"": 1.0, ""clf__scale"": 2.0}",18.859927499999685
63,control/IQP-no-entangle,control,0,0.5555555555555556,0.6000000000000001,"{""clf__C"": 10.0, ""clf__scale"": 2.0}",17.292618200001016
63,control/IQP-no-entangle,control,1,0.4444444444444444,0.2,"{""clf__C"": 10.0, ""clf__scale"": 1.0}",17.292618200001016
63,control/IQP-no-entangle,control,2,0.5555555555555556,0.5,"{""clf__C"": 1.0, ""clf__scale"": 2.0}",17.292618200001016
63,control/IQP-no-entangle,control,3,0.5555555555555556,0.5499999999999999,"{""clf__C"": 10.0, ""clf__scale"": 1.0}",17.292618200001016
63,control/IQP-no-entangle,control,4,0.4444444444444444,0.5,"{""clf__C"": 10.0, ""clf__scale"": 1.0}",17.292618200001016
63,control/IQP-no-entangle,control,5,0.5555555555555556,0.5,"{""clf__C"": 1.0, ""clf__scale"": 1.0}",17.292618200001016
63,control/IQP-no-entangle,control,6,0.6666666666666666,0.45000000000000007,"{""clf__C"": 10.0, ""clf__scale"": 2.0}",17.292618200001016
63,control/IQP-no-entangle,control,7,0.6666666666666666,0.49999999999999994,"{""clf__C"": 1.0, ""clf__scale"": 2.0}",17.292618200001016
63,control/IQP-no-entangle,control,8,0.2222222222222222,0.04999999999999999,"{""clf__C"": 10.0, ""clf__scale"": 1.0}",17.292618200001016
63,control/IQP-no-entangle,control,9,0.4444444444444444,0.35000000000000003,"{""clf__C"": 10.0, ""clf__scale"": 1.0}",17.292618200001016
63,control/IQP-no-entangle,control,10,0.5555555555555556,0.55,"{""clf__C"": 10.0, ""clf__scale"": 1.0}",17.292618200001016
63,control/IQP-no-entangle,control,11,0.7777777777777778,0.7,"{""clf__C"": 10.0, ""clf__scale"": 2.0}",17.292618200001016
63,control/IQP-no-entangle,control,12,0.4444444444444444,0.3,"{""clf__C"": 10.0, ""clf__scale"": 1.0}",17.292618200001016
63,control/IQP-no-entangle,control,13,0.4444444444444444,0.39999999999999997,"{""clf__C"": 0.1, ""clf__scale"": 0.5}",17.292618200001016
63,control/IQP-no-entangle,control,14,0.5555555555555556,0.7000000000000001,"{""clf__C"": 10.0, ""clf__scale"": 0.5}",17.292618200001016
63,control/PCA-matched-RBF,control,0,0.4444444444444444,0.75,"{""clf__C"": 10.0, ""clf__gamma"": ""scale""}",14.075598399998853
63,control/PCA-matched-RBF,control,1,0.4444444444444444,0.2,"{""clf__C"": 10.0, ""clf__gamma"": ""scale""}",14.075598399998853
63,control/PCA-matched-RBF,control,2,0.5555555555555556,0.7000000000000001,"{""clf__C"": 10.0, ""clf__gamma"": ""scale""}",14.075598399998853
63,control/PCA-matched-RBF,control,3,0.5555555555555556,0.5499999999999999,"{""clf__C"": 10.0, ""clf__gamma"": ""scale""}",14.075598399998853
63,control/PCA-matched-RBF,control,4,0.3333333333333333,0.25,"{""clf__C"": 1.0, ""clf__gamma"": 0.1}",14.075598399998853
63,control/PCA-matched-RBF,control,5,0.3333333333333333,0.5,"{""clf__C"": 10.0, ""clf__gamma"": 0.01}",14.075598399998853
63,control/PCA-matched-RBF,control,6,0.3333333333333333,0.55,"{""clf__C"": 10.0, ""clf__gamma"": 0.1}",14.075598399998853
63,control/PCA-matched-RBF,control,7,0.4444444444444444,0.35,"{""clf__C"": 10.0, ""clf__gamma"": ""scale""}",14.075598399998853
63,control/PCA-matched-RBF,control,8,0.2222222222222222,0.19999999999999998,"{""clf__C"": 10.0, ""clf__gamma"": ""scale""}",14.075598399998853
63,control/PCA-matched-RBF,control,9,0.4444444444444444,0.45,"{""clf__C"": 10.0, ""clf__gamma"": ""scale""}",14.075598399998853
63,control/PCA-matched-RBF,control,10,0.4444444444444444,0.44999999999999996,"{""clf__C"": 10.0, ""clf__gamma"": ""scale""}",14.075598399998853
63,control/PCA-matched-RBF,control,11,0.3333333333333333,0.3,"{""clf__C"": 10.0, ""clf__gamma"": 0.01}",14.075598399998853
63,control/PCA-matched-RBF,control,12,0.3333333333333333,0.0,"{""clf__C"": 1.0, ""clf__gamma"": ""scale""}",14.075598399998853
63,control/PCA-matched-RBF,control,13,0.3333333333333333,0.35,"{""clf__C"": 10.0, ""clf__gamma"": ""scale""}",14.075598399998853
63,control/PCA-matched-RBF,control,14,0.4444444444444444,0.65,"{""clf__C"": 0.1, ""clf__gamma"": ""scale""}",14.075598399998853
63,control/PCA-matched-linear,control,0,0.3333333333333333,0.4,"{""clf__C"": 10.0}",4.949351999999635
63,control/PCA-matched-linear,control,1,0.6666666666666666,0.6,"{""clf__C"": 0.1}",4.949351999999635
63,control/PCA-matched-linear,control,2,0.4444444444444444,0.30000000000000004,"{""clf__C"": 1.0}",4.949351999999635
63,control/PCA-matched-linear,control,3,0.4444444444444444,0.35000000000000003,"{""clf__C"": 0.1}",4.949351999999635
63,control/PCA-matched-linear,control,4,0.5555555555555556,0.5,"{""clf__C"": 10.0}",4.949351999999635
63,control/PCA-matched-linear,control,5,0.4444444444444444,0.55,"{""clf__C"": 10.0}",4.949351999999635
63,control/PCA-matched-linear,control,6,0.5555555555555556,0.65,"{""clf__C"": 10.0}",4.949351999999635
63,control/PCA-matched-linear,control,7,0.5555555555555556,0.6000000000000001,"{""clf__C"": 0.1}",4.949351999999635
63,control/PCA-matched-linear,control,8,0.2222222222222222,0.1,"{""clf__C"": 10.0}",4.949351999999635
63,control/PCA-matched-linear,control,9,0.4444444444444444,0.55,"{""clf__C"": 0.1}",4.949351999999635
63,control/PCA-matched-linear,control,10,0.2222222222222222,0.2,"{""clf__C"": 1.0}",4.949351999999635
63,control/PCA-matched-linear,control,11,0.3333333333333333,0.3,"{""clf__C"": 1.0}",4.949351999999635
63,control/PCA-matched-linear,control,12,0.3333333333333333,0.2,"{""clf__C"": 1.0}",4.949351999999635
63,control/PCA-matched-linear,control,13,0.4444444444444444,0.35,"{""clf__C"": 10.0}",4.949351999999635
63,control/PCA-matched-linear,control,14,0.4444444444444444,0.6,"{""clf__C"": 0.1}",4.949351999999635
63,control/logeuclid-TS+LR,control,0,0.3333333333333333,0.4,"{""clf__C"": 1.0}",4.261597599999732
63,control/logeuclid-TS+LR,control,1,0.4444444444444444,0.4,"{""clf__C"": 0.1}",4.261597599999732
63,control/logeuclid-TS+LR,control,2,0.4444444444444444,0.6,"{""clf__C"": 10.0}",4.261597599999732
63,control/logeuclid-TS+LR,control,3,0.4444444444444444,0.55,"{""clf__C"": 1.0}",4.261597599999732
63,control/logeuclid-TS+LR,control,4,0.4444444444444444,0.44999999999999996,"{""clf__C"": 0.1}",4.261597599999732
63,control/logeuclid-TS+LR,control,5,0.4444444444444444,0.4,"{""clf__C"": 0.1}",4.261597599999732
63,control/logeuclid-TS+LR,control,6,0.3333333333333333,0.4,"{""clf__C"": 0.1}",4.261597599999732
63,control/logeuclid-TS+LR,control,7,0.6666666666666666,0.8,"{""clf__C"": 0.1}",4.261597599999732
63,control/logeuclid-TS+LR,control,8,0.2222222222222222,0.09999999999999998,"{""clf__C"": 0.1}",4.261597599999732
63,control/logeuclid-TS+LR,control,9,0.5555555555555556,0.6,"{""clf__C"": 0.1}",4.261597599999732
63,control/logeuclid-TS+LR,control,10,0.3333333333333333,0.25,"{""clf__C"": 1.0}",4.261597599999732
63,control/logeuclid-TS+LR,control,11,0.4444444444444444,0.55,"{""clf__C"": 0.1}",4.261597599999732
63,control/logeuclid-TS+LR,control,12,0.2222222222222222,0.2,"{""clf__C"": 0.1}",4.261597599999732
63,control/logeuclid-TS+LR,control,13,0.3333333333333333,0.3,"{""clf__C"": 0.1}",4.261597599999732
63,control/logeuclid-TS+LR,control,14,0.4444444444444444,0.19999999999999998,"{""clf__C"": 1.0}",4.261597599999732
63,control/riemann-kernel-SVM,control,0,0.3333333333333333,0.4,"{""clf__C"": 1.0}",4.521776800000225
63,control/riemann-kernel-SVM,control,1,0.3333333333333333,0.5,"{""clf__C"": 10.0}",4.521776800000225
63,control/riemann-kernel-SVM,control,2,0.5555555555555556,0.49999999999999994,"{""clf__C"": 1.0}",4.521776800000225
63,control/riemann-kernel-SVM,control,3,0.4444444444444444,0.35,"{""clf__C"": 0.1}",4.521776800000225
63,control/riemann-kernel-SVM,control,4,0.3333333333333333,0.2,"{""clf__C"": 1.0}",4.521776800000225
63,control/riemann-kernel-SVM,control,5,0.6666666666666666,0.85,"{""clf__C"": 1.0}",4.521776800000225
63,control/riemann-kernel-SVM,control,6,0.4444444444444444,0.3,"{""clf__C"": 1.0}",4.521776800000225
63,control/riemann-kernel-SVM,control,7,0.5555555555555556,0.55,"{""clf__C"": 1.0}",4.521776800000225
63,control/riemann-kernel-SVM,control,8,0.0,0.0,"{""clf__C"": 10.0}",4.521776800000225
63,control/riemann-kernel-SVM,control,9,0.4444444444444444,0.35,"{""clf__C"": 10.0}",4.521776800000225
63,control/riemann-kernel-SVM,control,10,0.2222222222222222,0.1,"{""clf__C"": 10.0}",4.521776800000225
63,control/riemann-kernel-SVM,control,11,0.5555555555555556,0.4,"{""clf__C"": 1.0}",4.521776800000225
63,control/riemann-kernel-SVM,control,12,0.1111111111111111,0.0,"{""clf__C"": 10.0}",4.521776800000225
63,control/riemann-kernel-SVM,control,13,0.4444444444444444,0.55,"{""clf__C"": 0.1}",4.521776800000225
63,control/riemann-kernel-SVM,control,14,0.5555555555555556,0.4,"{""clf__C"": 1.0}",4.521776800000225
63,control/logeuclid-kernel-SVM,control,0,0.2222222222222222,0.35,"{""clf__C"": 1.0}",4.5424674000005325
63,control/logeuclid-kernel-SVM,control,1,0.6666666666666666,0.6000000000000001,"{""clf__C"": 1.0}",4.5424674000005325
63,control/logeuclid-kernel-SVM,control,2,0.5555555555555556,0.4,"{""clf__C"": 1.0}",4.5424674000005325
63,control/logeuclid-kernel-SVM,control,3,0.4444444444444444,0.35,"{""clf__C"": 0.1}",4.5424674000005325
63,control/logeuclid-kernel-SVM,control,4,0.3333333333333333,0.19999999999999998,"{""clf__C"": 1.0}",4.5424674000005325
63,control/logeuclid-kernel-SVM,control,5,0.6666666666666666,0.75,"{""clf__C"": 1.0}",4.5424674000005325
63,control/logeuclid-kernel-SVM,control,6,0.4444444444444444,0.4,"{""clf__C"": 1.0}",4.5424674000005325
63,control/logeuclid-kernel-SVM,control,7,0.5555555555555556,0.55,"{""clf__C"": 10.0}",4.5424674000005325
63,control/logeuclid-kernel-SVM,control,8,0.0,0.0,"{""clf__C"": 10.0}",4.5424674000005325
63,control/logeuclid-kernel-SVM,control,9,0.4444444444444444,0.45,"{""clf__C"": 0.1}",4.5424674000005325
63,control/logeuclid-kernel-SVM,control,10,0.3333333333333333,0.2,"{""clf__C"": 10.0}",4.5424674000005325
63,control/logeuclid-kernel-SVM,control,11,0.5555555555555556,0.4,"{""clf__C"": 1.0}",4.5424674000005325
63,control/logeuclid-kernel-SVM,control,12,0.1111111111111111,0.1,"{""clf__C"": 10.0}",4.5424674000005325
63,control/logeuclid-kernel-SVM,control,13,0.4444444444444444,0.6,"{""clf__C"": 0.1}",4.5424674000005325
63,control/logeuclid-kernel-SVM,control,14,0.6666666666666666,0.45,"{""clf__C"": 10.0}",4.5424674000005325
64,classical/logvar+LDA,classical,0,0.3333333333333333,0.3,{},0.0802265999991505
64,classical/logvar+LDA,classical,1,0.5555555555555556,0.7000000000000001,{},0.0802265999991505
64,classical/logvar+LDA,classical,2,0.4444444444444444,0.3,{},0.0802265999991505
64,classical/logvar+LDA,classical,3,0.4444444444444444,0.49999999999999994,{},0.0802265999991505
64,classical/logvar+LDA,classical,4,0.6666666666666666,0.85,{},0.0802265999991505
64,classical/logvar+LDA,classical,5,0.5555555555555556,0.5,{},0.0802265999991505
64,classical/logvar+LDA,classical,6,0.4444444444444444,0.55,{},0.0802265999991505
64,classical/logvar+LDA,classical,7,0.4444444444444444,0.45,{},0.0802265999991505
64,classical/logvar+LDA,classical,8,1.0,1.0,{},0.0802265999991505
64,classical/logvar+LDA,classical,9,0.4444444444444444,0.39999999999999997,{},0.0802265999991505
64,classical/logvar+LDA,classical,10,0.4444444444444444,0.45,{},0.0802265999991505
64,classical/logvar+LDA,classical,11,0.3333333333333333,0.4,{},0.0802265999991505
64,classical/logvar+LDA,classical,12,0.6666666666666666,0.5499999999999999,{},0.0802265999991505
64,classical/logvar+LDA,classical,13,0.6666666666666666,0.5,{},0.0802265999991505
64,classical/logvar+LDA,classical,14,0.6666666666666666,0.7,{},0.0802265999991505
64,classical/CSP+LDA,classical,0,0.7777777777777778,0.75,"{""csp__nfilter"": 2}",3.840109599999778
64,classical/CSP+LDA,classical,1,0.4444444444444444,0.30000000000000004,"{""csp__nfilter"": 2}",3.840109599999778
64,classical/CSP+LDA,classical,2,0.5555555555555556,0.45,"{""csp__nfilter"": 4}",3.840109599999778
64,classical/CSP+LDA,classical,3,0.5555555555555556,0.65,"{""csp__nfilter"": 4}",3.840109599999778
64,classical/CSP+LDA,classical,4,0.6666666666666666,0.7,"{""csp__nfilter"": 2}",3.840109599999778
64,classical/CSP+LDA,classical,5,0.6666666666666666,0.6499999999999999,"{""csp__nfilter"": 2}",3.840109599999778
64,classical/CSP+LDA,classical,6,0.5555555555555556,0.5,"{""csp__nfilter"": 2}",3.840109599999778
64,classical/CSP+LDA,classical,7,0.4444444444444444,0.8,"{""csp__nfilter"": 2}",3.840109599999778
64,classical/CSP+LDA,classical,8,0.5555555555555556,0.75,"{""csp__nfilter"": 2}",3.840109599999778
64,classical/CSP+LDA,classical,9,0.5555555555555556,0.65,"{""csp__nfilter"": 6}",3.840109599999778
64,classical/CSP+LDA,classical,10,0.7777777777777778,0.75,"{""csp__nfilter"": 2}",3.840109599999778
64,classical/CSP+LDA,classical,11,0.4444444444444444,0.6000000000000001,"{""csp__nfilter"": 4}",3.840109599999778
64,classical/CSP+LDA,classical,12,0.5555555555555556,0.5499999999999999,"{""csp__nfilter"": 2}",3.840109599999778
64,classical/CSP+LDA,classical,13,0.6666666666666666,0.75,"{""csp__nfilter"": 2}",3.840109599999778
64,classical/CSP+LDA,classical,14,0.6666666666666666,0.8,"{""csp__nfilter"": 2}",3.840109599999778
64,classical/MDM,classical,0,0.7777777777777778,0.8,{},0.47453610000047775
64,classical/MDM,classical,1,0.4444444444444444,0.4,{},0.47453610000047775
64,classical/MDM,classical,2,0.4444444444444444,0.35,{},0.47453610000047775
64,classical/MDM,classical,3,0.3333333333333333,0.19999999999999996,{},0.47453610000047775
64,classical/MDM,classical,4,0.7777777777777778,0.8,{},0.47453610000047775
64,classical/MDM,classical,5,0.5555555555555556,0.6,{},0.47453610000047775
64,classical/MDM,classical,6,0.4444444444444444,0.6,{},0.47453610000047775
64,classical/MDM,classical,7,0.5555555555555556,0.85,{},0.47453610000047775
64,classical/MDM,classical,8,0.5555555555555556,0.75,{},0.47453610000047775
64,classical/MDM,classical,9,0.7777777777777778,0.8500000000000001,{},0.47453610000047775
64,classical/MDM,classical,10,0.6666666666666666,0.6,{},0.47453610000047775
64,classical/MDM,classical,11,0.5555555555555556,0.65,{},0.47453610000047775
64,classical/MDM,classical,12,0.5555555555555556,0.49999999999999994,{},0.47453610000047775
64,classical/MDM,classical,13,0.6666666666666666,0.85,{},0.47453610000047775
64,classical/MDM,classical,14,0.6666666666666666,0.8500000000000001,{},0.47453610000047775
64,classical/TS+LR,classical,0,0.7777777777777778,0.85,"{""clf__C"": 0.1}",4.643482100000256
64,classical/TS+LR,classical,1,0.5555555555555556,0.35000000000000003,"{""clf__C"": 1.0}",4.643482100000256
64,classical/TS+LR,classical,2,0.3333333333333333,0.5,"{""clf__C"": 1.0}",4.643482100000256
64,classical/TS+LR,classical,3,0.4444444444444444,0.35000000000000003,"{""clf__C"": 10.0}",4.643482100000256
64,classical/TS+LR,classical,4,0.6666666666666666,0.5,"{""clf__C"": 1.0}",4.643482100000256
64,classical/TS+LR,classical,5,0.3333333333333333,0.25,"{""clf__C"": 1.0}",4.643482100000256
64,classical/TS+LR,classical,6,0.5555555555555556,0.6,"{""clf__C"": 10.0}",4.643482100000256
64,classical/TS+LR,classical,7,0.7777777777777778,0.9,"{""clf__C"": 0.1}",4.643482100000256
64,classical/TS+LR,classical,8,0.4444444444444444,0.49999999999999994,"{""clf__C"": 10.0}",4.643482100000256
64,classical/TS+LR,classical,9,0.7777777777777778,0.8500000000000001,"{""clf__C"": 10.0}",4.643482100000256
64,classical/TS+LR,classical,10,0.7777777777777778,0.65,"{""clf__C"": 1.0}",4.643482100000256
64,classical/TS+LR,classical,11,0.4444444444444444,0.55,"{""clf__C"": 0.1}",4.643482100000256
64,classical/TS+LR,classical,12,0.4444444444444444,0.6000000000000001,"{""clf__C"": 0.1}",4.643482100000256
64,classical/TS+LR,classical,13,0.7777777777777778,0.9500000000000001,"{""clf__C"": 0.1}",4.643482100000256
64,classical/TS+LR,classical,14,0.5555555555555556,0.55,"{""clf__C"": 0.1}",4.643482100000256
64,classical/TS+RBF-SVM,classical,0,0.4444444444444444,0.7,"{""clf__C"": 0.1, ""clf__gamma"": ""scale""}",12.61126510000031
64,classical/TS+RBF-SVM,classical,1,0.4444444444444444,0.2,"{""clf__C"": 0.1, ""clf__gamma"": ""scale""}",12.61126510000031
64,classical/TS+RBF-SVM,classical,2,0.6666666666666666,0.5,"{""clf__C"": 1.0, ""clf__gamma"": 0.01}",12.61126510000031
64,classical/TS+RBF-SVM,classical,3,0.2222222222222222,0.15,"{""clf__C"": 10.0, ""clf__gamma"": ""scale""}",12.61126510000031
64,classical/TS+RBF-SVM,classical,4,0.4444444444444444,0.35,"{""clf__C"": 10.0, ""clf__gamma"": 0.01}",12.61126510000031
64,classical/TS+RBF-SVM,classical,5,0.4444444444444444,0.5,"{""clf__C"": 1.0, ""clf__gamma"": 0.01}",12.61126510000031
64,classical/TS+RBF-SVM,classical,6,0.4444444444444444,0.35,"{""clf__C"": 10.0, ""clf__gamma"": ""scale""}",12.61126510000031
64,classical/TS+RBF-SVM,classical,7,0.6666666666666666,1.0,"{""clf__C"": 0.1, ""clf__gamma"": ""scale""}",12.61126510000031
64,classical/TS+RBF-SVM,classical,8,0.4444444444444444,0.3,"{""clf__C"": 10.0, ""clf__gamma"": ""scale""}",12.61126510000031
64,classical/TS+RBF-SVM,classical,9,0.5555555555555556,0.85,"{""clf__C"": 1.0, ""clf__gamma"": 0.01}",12.61126510000031
64,classical/TS+RBF-SVM,classical,10,0.4444444444444444,0.55,"{""clf__C"": 0.1, ""clf__gamma"": ""scale""}",12.61126510000031
64,classical/TS+RBF-SVM,classical,11,0.4444444444444444,0.5,"{""clf__C"": 1.0, ""clf__gamma"": 0.01}",12.61126510000031
64,classical/TS+RBF-SVM,classical,12,0.4444444444444444,0.44999999999999996,"{""clf__C"": 0.1, ""clf__gamma"": ""scale""}",12.61126510000031
64,classical/TS+RBF-SVM,classical,13,0.7777777777777778,0.9500000000000001,"{""clf__C"": 10.0, ""clf__gamma"": 0.01}",12.61126510000031
64,classical/TS+RBF-SVM,classical,14,0.4444444444444444,0.39999999999999997,"{""clf__C"": 10.0, ""clf__gamma"": ""scale""}",12.61126510000031
64,quantum/HS-overlap-SVM,quantum,0,0.4444444444444444,0.0,"{""clf__C"": 0.1}",3.822271200000614
64,quantum/HS-overlap-SVM,quantum,1,0.4444444444444444,0.35,"{""clf__C"": 0.1}",3.822271200000614
64,quantum/HS-overlap-SVM,quantum,2,0.2222222222222222,0.30000000000000004,"{""clf__C"": 0.1}",3.822271200000614
64,quantum/HS-overlap-SVM,quantum,3,0.5555555555555556,0.5,"{""clf__C"": 0.1}",3.822271200000614
64,quantum/HS-overlap-SVM,quantum,4,0.4444444444444444,0.6,"{""clf__C"": 0.1}",3.822271200000614
64,quantum/HS-overlap-SVM,quantum,5,0.4444444444444444,0.65,"{""clf__C"": 0.1}",3.822271200000614
64,quantum/HS-overlap-SVM,quantum,6,0.4444444444444444,0.30000000000000004,"{""clf__C"": 0.1}",3.822271200000614
64,quantum/HS-overlap-SVM,quantum,7,0.3333333333333333,0.15,"{""clf__C"": 0.1}",3.822271200000614
64,quantum/HS-overlap-SVM,quantum,8,0.5555555555555556,0.3,"{""clf__C"": 0.1}",3.822271200000614
64,quantum/HS-overlap-SVM,quantum,9,0.3333333333333333,0.2,"{""clf__C"": 0.1}",3.822271200000614
64,quantum/HS-overlap-SVM,quantum,10,0.4444444444444444,0.6,"{""clf__C"": 0.1}",3.822271200000614
64,quantum/HS-overlap-SVM,quantum,11,0.4444444444444444,0.30000000000000004,"{""clf__C"": 0.1}",3.822271200000614
64,quantum/HS-overlap-SVM,quantum,12,0.3333333333333333,0.19999999999999996,"{""clf__C"": 0.1}",3.822271200000614
64,quantum/HS-overlap-SVM,quantum,13,0.6666666666666666,0.5499999999999999,"{""clf__C"": 0.1}",3.822271200000614
64,quantum/HS-overlap-SVM,quantum,14,0.5555555555555556,0.6,"{""clf__C"": 0.1}",3.822271200000614
64,quantum/Fidelity-SVM,quantum,0,0.4444444444444444,0.0,"{""clf__C"": 0.1}",5.331674699998985
64,quantum/Fidelity-SVM,quantum,1,0.4444444444444444,0.35,"{""clf__C"": 0.1}",5.331674699998985
64,quantum/Fidelity-SVM,quantum,2,0.2222222222222222,0.30000000000000004,"{""clf__C"": 0.1}",5.331674699998985
64,quantum/Fidelity-SVM,quantum,3,0.5555555555555556,0.45,"{""clf__C"": 0.1}",5.331674699998985
64,quantum/Fidelity-SVM,quantum,4,0.5555555555555556,0.6,"{""clf__C"": 0.1}",5.331674699998985
64,quantum/Fidelity-SVM,quantum,5,0.4444444444444444,0.65,"{""clf__C"": 0.1}",5.331674699998985
64,quantum/Fidelity-SVM,quantum,6,0.4444444444444444,0.30000000000000004,"{""clf__C"": 0.1}",5.331674699998985
64,quantum/Fidelity-SVM,quantum,7,0.2222222222222222,0.15,"{""clf__C"": 0.1}",5.331674699998985
64,quantum/Fidelity-SVM,quantum,8,0.5555555555555556,0.3,"{""clf__C"": 0.1}",5.331674699998985
64,quantum/Fidelity-SVM,quantum,9,0.3333333333333333,0.2,"{""clf__C"": 0.1}",5.331674699998985
64,quantum/Fidelity-SVM,quantum,10,0.4444444444444444,0.6,"{""clf__C"": 0.1}",5.331674699998985
64,quantum/Fidelity-SVM,quantum,11,0.4444444444444444,0.49999999999999994,"{""clf__C"": 0.1}",5.331674699998985
64,quantum/Fidelity-SVM,quantum,12,0.3333333333333333,0.19999999999999996,"{""clf__C"": 0.1}",5.331674699998985
64,quantum/Fidelity-SVM,quantum,13,0.6666666666666666,0.5499999999999999,"{""clf__C"": 0.1}",5.331674699998985
64,quantum/Fidelity-SVM,quantum,14,0.5555555555555556,0.55,"{""clf__C"": 0.1}",5.331674699998985
64,quantum/HS-RBF-SVM,quantum,0,0.2222222222222222,0.15000000000000002,"{""clf__C"": 1.0, ""clf__gamma_mult"": 4.0}",10.590934099998776
64,quantum/HS-RBF-SVM,quantum,1,0.4444444444444444,0.35,"{""clf__C"": 0.1, ""clf__gamma_mult"": 0.25}",10.590934099998776
64,quantum/HS-RBF-SVM,quantum,2,0.2222222222222222,0.30000000000000004,"{""clf__C"": 1.0, ""clf__gamma_mult"": 0.25}",10.590934099998776
64,quantum/HS-RBF-SVM,quantum,3,0.3333333333333333,0.39999999999999997,"{""clf__C"": 10.0, ""clf__gamma_mult"": 4.0}",10.590934099998776
64,quantum/HS-RBF-SVM,quantum,4,0.3333333333333333,0.45,"{""clf__C"": 10.0, ""clf__gamma_mult"": 4.0}",10.590934099998776
64,quantum/HS-RBF-SVM,quantum,5,0.4444444444444444,0.55,"{""clf__C"": 0.1, ""clf__gamma_mult"": 0.25}",10.590934099998776
64,quantum/HS-RBF-SVM,quantum,6,0.4444444444444444,0.30000000000000004,"{""clf__C"": 0.1, ""clf__gamma_mult"": 0.25}",10.590934099998776
64,quantum/HS-RBF-SVM,quantum,7,0.3333333333333333,0.2,"{""clf__C"": 10.0, ""clf__gamma_mult"": 1.0}",10.590934099998776
64,quantum/HS-RBF-SVM,quantum,8,0.3333333333333333,0.39999999999999997,"{""clf__C"": 10.0, ""clf__gamma_mult"": 1.0}",10.590934099998776
64,quantum/HS-RBF-SVM,quantum,9,0.3333333333333333,0.2,"{""clf__C"": 0.1, ""clf__gamma_mult"": 0.25}",10.590934099998776
64,quantum/HS-RBF-SVM,quantum,10,0.4444444444444444,0.45,"{""clf__C"": 10.0, ""clf__gamma_mult"": 1.0}",10.590934099998776
64,quantum/HS-RBF-SVM,quantum,11,0.3333333333333333,0.30000000000000004,"{""clf__C"": 10.0, ""clf__gamma_mult"": 4.0}",10.590934099998776
64,quantum/HS-RBF-SVM,quantum,12,0.4444444444444444,0.19999999999999996,"{""clf__C"": 10.0, ""clf__gamma_mult"": 0.25}",10.590934099998776
64,quantum/HS-RBF-SVM,quantum,13,0.3333333333333333,0.39999999999999997,"{""clf__C"": 10.0, ""clf__gamma_mult"": 4.0}",10.590934099998776
64,quantum/HS-RBF-SVM,quantum,14,0.5555555555555556,0.4,"{""clf__C"": 0.1, ""clf__gamma_mult"": 0.25}",10.590934099998776
64,quantum/Bures-RBF-SVM,quantum,0,0.2222222222222222,0.15000000000000002,"{""clf__C"": 1.0, ""clf__gamma_mult"": 4.0}",14.05170840000028
64,quantum/Bures-RBF-SVM,quantum,1,0.4444444444444444,0.35,"{""clf__C"": 0.1, ""clf__gamma_mult"": 0.25}",14.05170840000028
64,quantum/Bures-RBF-SVM,quantum,2,0.2222222222222222,0.30000000000000004,"{""clf__C"": 1.0, ""clf__gamma_mult"": 0.25}",14.05170840000028
64,quantum/Bures-RBF-SVM,quantum,3,0.3333333333333333,0.35,"{""clf__C"": 10.0, ""clf__gamma_mult"": 4.0}",14.05170840000028
64,quantum/Bures-RBF-SVM,quantum,4,0.3333333333333333,0.5,"{""clf__C"": 10.0, ""clf__gamma_mult"": 4.0}",14.05170840000028
64,quantum/Bures-RBF-SVM,quantum,5,0.4444444444444444,0.55,"{""clf__C"": 0.1, ""clf__gamma_mult"": 0.25}",14.05170840000028
64,quantum/Bures-RBF-SVM,quantum,6,0.4444444444444444,0.30000000000000004,"{""clf__C"": 0.1, ""clf__gamma_mult"": 0.25}",14.05170840000028
64,quantum/Bures-RBF-SVM,quantum,7,0.3333333333333333,0.2,"{""clf__C"": 10.0, ""clf__gamma_mult"": 1.0}",14.05170840000028
64,quantum/Bures-RBF-SVM,quantum,8,0.3333333333333333,0.35,"{""clf__C"": 1.0, ""clf__gamma_mult"": 4.0}",14.05170840000028
64,quantum/Bures-RBF-SVM,quantum,9,0.2222222222222222,0.2,"{""clf__C"": 0.1, ""clf__gamma_mult"": 0.25}",14.05170840000028
64,quantum/Bures-RBF-SVM,quantum,10,0.4444444444444444,0.45,"{""clf__C"": 10.0, ""clf__gamma_mult"": 1.0}",14.05170840000028
64,quantum/Bures-RBF-SVM,quantum,11,0.3333333333333333,0.35000000000000003,"{""clf__C"": 10.0, ""clf__gamma_mult"": 4.0}",14.05170840000028
64,quantum/Bures-RBF-SVM,quantum,12,0.5555555555555556,0.19999999999999996,"{""clf__C"": 10.0, ""clf__gamma_mult"": 0.25}",14.05170840000028
64,quantum/Bures-RBF-SVM,quantum,13,0.3333333333333333,0.39999999999999997,"{""clf__C"": 10.0, ""clf__gamma_mult"": 4.0}",14.05170840000028
64,quantum/Bures-RBF-SVM,quantum,14,0.5555555555555556,0.45,"{""clf__C"": 0.1, ""clf__gamma_mult"": 0.25}",14.05170840000028
64,quantum/QRE-RBF-SVM,quantum,0,0.2222222222222222,0.15000000000000002,"{""clf__C"": 1.0, ""clf__gamma_mult"": 4.0}",12.565577300001678
64,quantum/QRE-RBF-SVM,quantum,1,0.4444444444444444,0.35,"{""clf__C"": 0.1, ""clf__gamma_mult"": 0.25}",12.565577300001678
64,quantum/QRE-RBF-SVM,quantum,2,0.2222222222222222,0.30000000000000004,"{""clf__C"": 1.0, ""clf__gamma_mult"": 0.25}",12.565577300001678
64,quantum/QRE-RBF-SVM,quantum,3,0.3333333333333333,0.39999999999999997,"{""clf__C"": 10.0, ""clf__gamma_mult"": 4.0}",12.565577300001678
64,quantum/QRE-RBF-SVM,quantum,4,0.3333333333333333,0.5,"{""clf__C"": 10.0, ""clf__gamma_mult"": 4.0}",12.565577300001678
64,quantum/QRE-RBF-SVM,quantum,5,0.4444444444444444,0.55,"{""clf__C"": 0.1, ""clf__gamma_mult"": 0.25}",12.565577300001678
64,quantum/QRE-RBF-SVM,quantum,6,0.4444444444444444,0.30000000000000004,"{""clf__C"": 0.1, ""clf__gamma_mult"": 0.25}",12.565577300001678
64,quantum/QRE-RBF-SVM,quantum,7,0.3333333333333333,0.2,"{""clf__C"": 10.0, ""clf__gamma_mult"": 1.0}",12.565577300001678
64,quantum/QRE-RBF-SVM,quantum,8,0.3333333333333333,0.39999999999999997,"{""clf__C"": 1.0, ""clf__gamma_mult"": 4.0}",12.565577300001678
64,quantum/QRE-RBF-SVM,quantum,9,0.2222222222222222,0.2,"{""clf__C"": 0.1, ""clf__gamma_mult"": 0.25}",12.565577300001678
64,quantum/QRE-RBF-SVM,quantum,10,0.4444444444444444,0.45,"{""clf__C"": 10.0, ""clf__gamma_mult"": 1.0}",12.565577300001678
64,quantum/QRE-RBF-SVM,quantum,11,0.3333333333333333,0.35000000000000003,"{""clf__C"": 10.0, ""clf__gamma_mult"": 4.0}",12.565577300001678
64,quantum/QRE-RBF-SVM,quantum,12,0.5555555555555556,0.19999999999999996,"{""clf__C"": 10.0, ""clf__gamma_mult"": 0.25}",12.565577300001678
64,quantum/QRE-RBF-SVM,quantum,13,0.3333333333333333,0.39999999999999997,"{""clf__C"": 10.0, ""clf__gamma_mult"": 4.0}",12.565577300001678
64,quantum/QRE-RBF-SVM,quantum,14,0.5555555555555556,0.55,"{""clf__C"": 0.1, ""clf__gamma_mult"": 0.25}",12.565577300001678
64,quantum/HS-overlap-ref-SVM,quantum,0,0.7777777777777778,0.75,"{""clf__C"": 10.0}",4.544266800001424
64,quantum/HS-overlap-ref-SVM,quantum,1,0.7777777777777778,0.7,"{""clf__C"": 10.0}",4.544266800001424
64,quantum/HS-overlap-ref-SVM,quantum,2,0.5555555555555556,0.55,"{""clf__C"": 10.0}",4.544266800001424
64,quantum/HS-overlap-ref-SVM,quantum,3,0.5555555555555556,0.6,"{""clf__C"": 10.0}",4.544266800001424
64,quantum/HS-overlap-ref-SVM,quantum,4,0.6666666666666666,0.8500000000000001,"{""clf__C"": 10.0}",4.544266800001424
64,quantum/HS-overlap-ref-SVM,quantum,5,0.4444444444444444,0.6000000000000001,"{""clf__C"": 10.0}",4.544266800001424
64,quantum/HS-overlap-ref-SVM,quantum,6,0.6666666666666666,0.75,"{""clf__C"": 10.0}",4.544266800001424
64,quantum/HS-overlap-ref-SVM,quantum,7,0.6666666666666666,0.9,"{""clf__C"": 10.0}",4.544266800001424
64,quantum/HS-overlap-ref-SVM,quantum,8,0.8888888888888888,0.9,"{""clf__C"": 10.0}",4.544266800001424
64,quantum/HS-overlap-ref-SVM,quantum,9,0.7777777777777778,0.9500000000000001,"{""clf__C"": 10.0}",4.544266800001424
64,quantum/HS-overlap-ref-SVM,quantum,10,0.7777777777777778,0.6,"{""clf__C"": 10.0}",4.544266800001424
64,quantum/HS-overlap-ref-SVM,quantum,11,0.3333333333333333,0.5,"{""clf__C"": 10.0}",4.544266800001424
64,quantum/HS-overlap-ref-SVM,quantum,12,0.7777777777777778,0.75,"{""clf__C"": 10.0}",4.544266800001424
64,quantum/HS-overlap-ref-SVM,quantum,13,0.8888888888888888,0.9500000000000001,"{""clf__C"": 10.0}",4.544266800001424
64,quantum/HS-overlap-ref-SVM,quantum,14,0.7777777777777778,0.9,"{""clf__C"": 10.0}",4.544266800001424
64,quantum/Fidelity-ref-SVM,quantum,0,0.5555555555555556,0.65,"{""clf__C"": 10.0}",6.379333500000939
64,quantum/Fidelity-ref-SVM,quantum,1,0.7777777777777778,0.7,"{""clf__C"": 10.0}",6.379333500000939
64,quantum/Fidelity-ref-SVM,quantum,2,0.4444444444444444,0.6000000000000001,"{""clf__C"": 10.0}",6.379333500000939
64,quantum/Fidelity-ref-SVM,quantum,3,0.3333333333333333,0.35,"{""clf__C"": 10.0}",6.379333500000939
64,quantum/Fidelity-ref-SVM,quantum,4,0.6666666666666666,0.8500000000000001,"{""clf__C"": 10.0}",6.379333500000939
64,quantum/Fidelity-ref-SVM,quantum,5,0.4444444444444444,0.65,"{""clf__C"": 10.0}",6.379333500000939
64,quantum/Fidelity-ref-SVM,quantum,6,0.7777777777777778,0.75,"{""clf__C"": 10.0}",6.379333500000939
64,quantum/Fidelity-ref-SVM,quantum,7,0.6666666666666666,0.85,"{""clf__C"": 10.0}",6.379333500000939
64,quantum/Fidelity-ref-SVM,quantum,8,0.6666666666666666,0.85,"{""clf__C"": 10.0}",6.379333500000939
64,quantum/Fidelity-ref-SVM,quantum,9,0.6666666666666666,0.8,"{""clf__C"": 10.0}",6.379333500000939
64,quantum/Fidelity-ref-SVM,quantum,10,0.6666666666666666,0.65,"{""clf__C"": 10.0}",6.379333500000939
64,quantum/Fidelity-ref-SVM,quantum,11,0.3333333333333333,0.55,"{""clf__C"": 10.0}",6.379333500000939
64,quantum/Fidelity-ref-SVM,quantum,12,0.7777777777777778,0.75,"{""clf__C"": 10.0}",6.379333500000939
64,quantum/Fidelity-ref-SVM,quantum,13,0.7777777777777778,0.85,"{""clf__C"": 10.0}",6.379333500000939
64,quantum/Fidelity-ref-SVM,quantum,14,0.7777777777777778,0.85,"{""clf__C"": 10.0}",6.379333500000939
64,quantum/HS-RBF-ref-SVM,quantum,0,0.6666666666666666,0.7,"{""clf__C"": 1.0, ""clf__gamma_mult"": 1.0}",12.785623800000394
64,quantum/HS-RBF-ref-SVM,quantum,1,0.4444444444444444,0.7,"{""clf__C"": 0.1, ""clf__gamma_mult"": 0.25}",12.785623800000394
64,quantum/HS-RBF-ref-SVM,quantum,2,0.3333333333333333,0.55,"{""clf__C"": 10.0, ""clf__gamma_mult"": 0.25}",12.785623800000394
64,quantum/HS-RBF-ref-SVM,quantum,3,0.5555555555555556,0.5,"{""clf__C"": 10.0, ""clf__gamma_mult"": 0.25}",12.785623800000394
64,quantum/HS-RBF-ref-SVM,quantum,4,0.6666666666666666,0.8,"{""clf__C"": 1.0, ""clf__gamma_mult"": 1.0}",12.785623800000394
64,quantum/HS-RBF-ref-SVM,quantum,5,0.5555555555555556,0.55,"{""clf__C"": 10.0, ""clf__gamma_mult"": 0.25}",12.785623800000394
64,quantum/HS-RBF-ref-SVM,quantum,6,0.6666666666666666,0.8,"{""clf__C"": 10.0, ""clf__gamma_mult"": 0.25}",12.785623800000394
64,quantum/HS-RBF-ref-SVM,quantum,7,0.6666666666666666,0.65,"{""clf__C"": 10.0, ""clf__gamma_mult"": 0.25}",12.785623800000394
64,quantum/HS-RBF-ref-SVM,quantum,8,0.7777777777777778,0.9500000000000001,"{""clf__C"": 1.0, ""clf__gamma_mult"": 1.0}",12.785623800000394
64,quantum/HS-RBF-ref-SVM,quantum,9,0.6666666666666666,0.9,"{""clf__C"": 10.0, ""clf__gamma_mult"": 4.0}",12.785623800000394
64,quantum/HS-RBF-ref-SVM,quantum,10,0.7777777777777778,0.6,"{""clf__C"": 10.0, ""clf__gamma_mult"": 0.25}",12.785623800000394
64,quantum/HS-RBF-ref-SVM,quantum,11,0.4444444444444444,0.45,"{""clf__C"": 10.0, ""clf__gamma_mult"": 0.25}",12.785623800000394
64,quantum/HS-RBF-ref-SVM,quantum,12,0.7777777777777778,0.75,"{""clf__C"": 10.0, ""clf__gamma_mult"": 0.25}",12.785623800000394
64,quantum/HS-RBF-ref-SVM,quantum,13,0.6666666666666666,0.85,"{""clf__C"": 1.0, ""clf__gamma_mult"": 0.25}",12.785623800000394
64,quantum/HS-RBF-ref-SVM,quantum,14,0.6666666666666666,0.7000000000000001,"{""clf__C"": 1.0, ""clf__gamma_mult"": 0.25}",12.785623800000394
64,quantum/Bures-RBF-ref-SVM,quantum,0,0.6666666666666666,0.7,"{""clf__C"": 1.0, ""clf__gamma_mult"": 1.0}",16.678524000000834
64,quantum/Bures-RBF-ref-SVM,quantum,1,0.4444444444444444,0.7,"{""clf__C"": 0.1, ""clf__gamma_mult"": 0.25}",16.678524000000834
64,quantum/Bures-RBF-ref-SVM,quantum,2,0.4444444444444444,0.55,"{""clf__C"": 10.0, ""clf__gamma_mult"": 0.25}",16.678524000000834
64,quantum/Bures-RBF-ref-SVM,quantum,3,0.5555555555555556,0.44999999999999996,"{""clf__C"": 10.0, ""clf__gamma_mult"": 0.25}",16.678524000000834
64,quantum/Bures-RBF-ref-SVM,quantum,4,0.6666666666666666,0.75,"{""clf__C"": 1.0, ""clf__gamma_mult"": 1.0}",16.678524000000834
64,quantum/Bures-RBF-ref-SVM,quantum,5,0.5555555555555556,0.5,"{""clf__C"": 10.0, ""clf__gamma_mult"": 0.25}",16.678524000000834
64,quantum/Bures-RBF-ref-SVM,quantum,6,0.6666666666666666,0.7,"{""clf__C"": 1.0, ""clf__gamma_mult"": 1.0}",16.678524000000834
64,quantum/Bures-RBF-ref-SVM,quantum,7,0.6666666666666666,0.7,"{""clf__C"": 10.0, ""clf__gamma_mult"": 0.25}",16.678524000000834
64,quantum/Bures-RBF-ref-SVM,quantum,8,0.6666666666666666,0.6,"{""clf__C"": 10.0, ""clf__gamma_mult"": 1.0}",16.678524000000834
64,quantum/Bures-RBF-ref-SVM,quantum,9,0.7777777777777778,1.0,"{""clf__C"": 10.0, ""clf__gamma_mult"": 0.25}",16.678524000000834
64,quantum/Bures-RBF-ref-SVM,quantum,10,0.6666666666666666,0.65,"{""clf__C"": 10.0, ""clf__gamma_mult"": 0.25}",16.678524000000834
64,quantum/Bures-RBF-ref-SVM,quantum,11,0.5555555555555556,0.5,"{""clf__C"": 10.0, ""clf__gamma_mult"": 0.25}",16.678524000000834
64,quantum/Bures-RBF-ref-SVM,quantum,12,0.7777777777777778,0.8,"{""clf__C"": 10.0, ""clf__gamma_mult"": 0.25}",16.678524000000834
64,quantum/Bures-RBF-ref-SVM,quantum,13,0.6666666666666666,0.85,"{""clf__C"": 1.0, ""clf__gamma_mult"": 0.25}",16.678524000000834
64,quantum/Bures-RBF-ref-SVM,quantum,14,0.6666666666666666,0.6500000000000001,"{""clf__C"": 1.0, ""clf__gamma_mult"": 0.25}",16.678524000000834
64,quantum/QRE-RBF-ref-SVM,quantum,0,0.6666666666666666,0.7,"{""clf__C"": 1.0, ""clf__gamma_mult"": 1.0}",14.649757500001215
64,quantum/QRE-RBF-ref-SVM,quantum,1,0.4444444444444444,0.7,"{""clf__C"": 0.1, ""clf__gamma_mult"": 0.25}",14.649757500001215
64,quantum/QRE-RBF-ref-SVM,quantum,2,0.4444444444444444,0.55,"{""clf__C"": 10.0, ""clf__gamma_mult"": 0.25}",14.649757500001215
64,quantum/QRE-RBF-ref-SVM,quantum,3,0.5555555555555556,0.44999999999999996,"{""clf__C"": 10.0, ""clf__gamma_mult"": 0.25}",14.649757500001215
64,quantum/QRE-RBF-ref-SVM,quantum,4,0.6666666666666666,0.75,"{""clf__C"": 1.0, ""clf__gamma_mult"": 1.0}",14.649757500001215
64,quantum/QRE-RBF-ref-SVM,quantum,5,0.5555555555555556,0.5,"{""clf__C"": 10.0, ""clf__gamma_mult"": 0.25}",14.649757500001215
64,quantum/QRE-RBF-ref-SVM,quantum,6,0.6666666666666666,0.7,"{""clf__C"": 1.0, ""clf__gamma_mult"": 1.0}",14.649757500001215
64,quantum/QRE-RBF-ref-SVM,quantum,7,0.6666666666666666,0.7,"{""clf__C"": 10.0, ""clf__gamma_mult"": 0.25}",14.649757500001215
64,quantum/QRE-RBF-ref-SVM,quantum,8,0.7777777777777778,0.9,"{""clf__C"": 1.0, ""clf__gamma_mult"": 1.0}",14.649757500001215
64,quantum/QRE-RBF-ref-SVM,quantum,9,0.7777777777777778,1.0,"{""clf__C"": 10.0, ""clf__gamma_mult"": 0.25}",14.649757500001215
64,quantum/QRE-RBF-ref-SVM,quantum,10,0.6666666666666666,0.65,"{""clf__C"": 10.0, ""clf__gamma_mult"": 0.25}",14.649757500001215
64,quantum/QRE-RBF-ref-SVM,quantum,11,0.5555555555555556,0.5,"{""clf__C"": 10.0, ""clf__gamma_mult"": 0.25}",14.649757500001215
64,quantum/QRE-RBF-ref-SVM,quantum,12,0.7777777777777778,0.8,"{""clf__C"": 10.0, ""clf__gamma_mult"": 0.25}",14.649757500001215
64,quantum/QRE-RBF-ref-SVM,quantum,13,0.6666666666666666,0.85,"{""clf__C"": 1.0, ""clf__gamma_mult"": 0.25}",14.649757500001215
64,quantum/QRE-RBF-ref-SVM,quantum,14,0.6666666666666666,0.6500000000000001,"{""clf__C"": 1.0, ""clf__gamma_mult"": 0.25}",14.649757500001215
64,quantum/IQP-kernel-SVM,quantum,0,0.3333333333333333,0.30000000000000004,"{""clf__C"": 10.0, ""clf__scale"": 1.0}",20.40234110000165
64,quantum/IQP-kernel-SVM,quantum,1,0.4444444444444444,0.4,"{""clf__C"": 0.1, ""clf__scale"": 0.5}",20.40234110000165
64,quantum/IQP-kernel-SVM,quantum,2,0.4444444444444444,0.65,"{""clf__C"": 1.0, ""clf__scale"": 1.0}",20.40234110000165
64,quantum/IQP-kernel-SVM,quantum,3,0.4444444444444444,0.35,"{""clf__C"": 10.0, ""clf__scale"": 1.0}",20.40234110000165
64,quantum/IQP-kernel-SVM,quantum,4,0.3333333333333333,0.35,"{""clf__C"": 1.0, ""clf__scale"": 2.0}",20.40234110000165
64,quantum/IQP-kernel-SVM,quantum,5,0.5555555555555556,0.6,"{""clf__C"": 1.0, ""clf__scale"": 1.0}",20.40234110000165
64,quantum/IQP-kernel-SVM,quantum,6,0.6666666666666666,0.7,"{""clf__C"": 1.0, ""clf__scale"": 1.0}",20.40234110000165
64,quantum/IQP-kernel-SVM,quantum,7,0.3333333333333333,0.3,"{""clf__C"": 1.0, ""clf__scale"": 1.0}",20.40234110000165
64,quantum/IQP-kernel-SVM,quantum,8,0.4444444444444444,0.19999999999999998,"{""clf__C"": 1.0, ""clf__scale"": 0.5}",20.40234110000165
64,quantum/IQP-kernel-SVM,quantum,9,0.2222222222222222,0.1,"{""clf__C"": 10.0, ""clf__scale"": 0.5}",20.40234110000165
64,quantum/IQP-kernel-SVM,quantum,10,0.6666666666666666,0.8,"{""clf__C"": 1.0, ""clf__scale"": 2.0}",20.40234110000165
64,quantum/IQP-kernel-SVM,quantum,11,0.5555555555555556,0.5,"{""clf__C"": 10.0, ""clf__scale"": 1.0}",20.40234110000165
64,quantum/IQP-kernel-SVM,quantum,12,0.4444444444444444,0.3,"{""clf__C"": 1.0, ""clf__scale"": 0.5}",20.40234110000165
64,quantum/IQP-kernel-SVM,quantum,13,0.4444444444444444,0.8,"{""clf__C"": 1.0, ""clf__scale"": 0.5}",20.40234110000165
64,quantum/IQP-kernel-SVM,quantum,14,0.6666666666666666,0.7,"{""clf__C"": 10.0, ""clf__scale"": 1.0}",20.40234110000165
64,quantum/CNOT-kernel-SVM,quantum,0,0.4444444444444444,0.6,"{""clf__C"": 0.1, ""clf__scale"": 0.5}",18.430704300000798
64,quantum/CNOT-kernel-SVM,quantum,1,0.3333333333333333,0.45000000000000007,"{""clf__C"": 1.0, ""clf__scale"": 0.5}",18.430704300000798
64,quantum/CNOT-kernel-SVM,quantum,2,0.6666666666666666,0.65,"{""clf__C"": 10.0, ""clf__scale"": 2.0}",18.430704300000798
64,quantum/CNOT-kernel-SVM,quantum,3,0.1111111111111111,0.14999999999999997,"{""clf__C"": 1.0, ""clf__scale"": 1.0}",18.430704300000798
64,quantum/CNOT-kernel-SVM,quantum,4,0.5555555555555556,0.6,"{""clf__C"": 1.0, ""clf__scale"": 1.0}",18.430704300000798
64,quantum/CNOT-kernel-SVM,quantum,5,0.4444444444444444,0.5,"{""clf__C"": 10.0, ""clf__scale"": 1.0}",18.430704300000798
64,quantum/CNOT-kernel-SVM,quantum,6,0.2222222222222222,0.4,"{""clf__C"": 1.0, ""clf__scale"": 0.5}",18.430704300000798
64,quantum/CNOT-kernel-SVM,quantum,7,0.5555555555555556,0.65,"{""clf__C"": 10.0, ""clf__scale"": 1.0}",18.430704300000798
64,quantum/CNOT-kernel-SVM,quantum,8,0.5555555555555556,0.35,"{""clf__C"": 10.0, ""clf__scale"": 0.5}",18.430704300000798
64,quantum/CNOT-kernel-SVM,quantum,9,0.3333333333333333,0.35000000000000003,"{""clf__C"": 10.0, ""clf__scale"": 0.5}",18.430704300000798
64,quantum/CNOT-kernel-SVM,quantum,10,0.4444444444444444,0.5,"{""clf__C"": 1.0, ""clf__scale"": 1.0}",18.430704300000798
64,quantum/CNOT-kernel-SVM,quantum,11,0.4444444444444444,0.45,"{""clf__C"": 10.0, ""clf__scale"": 1.0}",18.430704300000798
64,quantum/CNOT-kernel-SVM,quantum,12,0.3333333333333333,0.4,"{""clf__C"": 10.0, ""clf__scale"": 0.5}",18.430704300000798
64,quantum/CNOT-kernel-SVM,quantum,13,0.6666666666666666,0.6500000000000001,"{""clf__C"": 10.0, ""clf__scale"": 0.5}",18.430704300000798
64,quantum/CNOT-kernel-SVM,quantum,14,0.6666666666666666,0.6,"{""clf__C"": 10.0, ""clf__scale"": 1.0}",18.430704300000798
64,control/IQP-no-entangle,control,0,0.6666666666666666,0.65,"{""clf__C"": 10.0, ""clf__scale"": 1.0}",16.932301700000608
64,control/IQP-no-entangle,control,1,0.4444444444444444,0.5,"{""clf__C"": 0.1, ""clf__scale"": 0.5}",16.932301700000608
64,control/IQP-no-entangle,control,2,0.8888888888888888,1.0,"{""clf__C"": 1.0, ""clf__scale"": 0.5}",16.932301700000608
64,control/IQP-no-entangle,control,3,0.1111111111111111,0.2,"{""clf__C"": 1.0, ""clf__scale"": 0.5}",16.932301700000608
64,control/IQP-no-entangle,control,4,0.5555555555555556,0.5,"{""clf__C"": 1.0, ""clf__scale"": 1.0}",16.932301700000608
64,control/IQP-no-entangle,control,5,0.4444444444444444,0.6000000000000001,"{""clf__C"": 10.0, ""clf__scale"": 1.0}",16.932301700000608
64,control/IQP-no-entangle,control,6,0.3333333333333333,0.4,"{""clf__C"": 1.0, ""clf__scale"": 1.0}",16.932301700000608
64,control/IQP-no-entangle,control,7,0.4444444444444444,0.35,"{""clf__C"": 10.0, ""clf__scale"": 2.0}",16.932301700000608
64,control/IQP-no-entangle,control,8,0.5555555555555556,0.35,"{""clf__C"": 10.0, ""clf__scale"": 0.5}",16.932301700000608
64,control/IQP-no-entangle,control,9,0.3333333333333333,0.45000000000000007,"{""clf__C"": 1.0, ""clf__scale"": 0.5}",16.932301700000608
64,control/IQP-no-entangle,control,10,0.5555555555555556,0.8,"{""clf__C"": 10.0, ""clf__scale"": 2.0}",16.932301700000608
64,control/IQP-no-entangle,control,11,0.5555555555555556,0.55,"{""clf__C"": 10.0, ""clf__scale"": 1.0}",16.932301700000608
64,control/IQP-no-entangle,control,12,0.3333333333333333,0.44999999999999996,"{""clf__C"": 10.0, ""clf__scale"": 0.5}",16.932301700000608
64,control/IQP-no-entangle,control,13,0.6666666666666666,0.7000000000000001,"{""clf__C"": 10.0, ""clf__scale"": 0.5}",16.932301700000608
64,control/IQP-no-entangle,control,14,0.6666666666666666,0.6499999999999999,"{""clf__C"": 1.0, ""clf__scale"": 0.5}",16.932301700000608
64,control/PCA-matched-RBF,control,0,0.4444444444444444,0.6,"{""clf__C"": 0.1, ""clf__gamma"": ""scale""}",13.300240799999301
64,control/PCA-matched-RBF,control,1,0.4444444444444444,0.55,"{""clf__C"": 10.0, ""clf__gamma"": 0.01}",13.300240799999301
64,control/PCA-matched-RBF,control,2,0.7777777777777778,1.0,"{""clf__C"": 1.0, ""clf__gamma"": 0.1}",13.300240799999301
64,control/PCA-matched-RBF,control,3,0.2222222222222222,0.09999999999999998,"{""clf__C"": 10.0, ""clf__gamma"": ""scale""}",13.300240799999301
64,control/PCA-matched-RBF,control,4,0.7777777777777778,0.6,"{""clf__C"": 10.0, ""clf__gamma"": 0.1}",13.300240799999301
64,control/PCA-matched-RBF,control,5,0.6666666666666666,0.7,"{""clf__C"": 10.0, ""clf__gamma"": 0.01}",13.300240799999301
64,control/PCA-matched-RBF,control,6,0.5555555555555556,0.4,"{""clf__C"": 1.0, ""clf__gamma"": ""scale""}",13.300240799999301
64,control/PCA-matched-RBF,control,7,0.5555555555555556,0.65,"{""clf__C"": 1.0, ""clf__gamma"": 0.1}",13.300240799999301
64,control/PCA-matched-RBF,control,8,0.5555555555555556,0.39999999999999997,"{""clf__C"": 10.0, ""clf__gamma"": 0.1}",13.300240799999301
64,control/PCA-matched-RBF,control,9,0.4444444444444444,0.35000000000000003,"{""clf__C"": 10.0, ""clf__gamma"": 0.1}",13.300240799999301
64,control/PCA-matched-RBF,control,10,0.4444444444444444,0.45000000000000007,"{""clf__C"": 0.1, ""clf__gamma"": ""scale""}",13.300240799999301
64,control/PCA-matched-RBF,control,11,0.4444444444444444,0.6000000000000001,"{""clf__C"": 0.1, ""clf__gamma"": ""scale""}",13.300240799999301
64,control/PCA-matched-RBF,control,12,0.3333333333333333,0.44999999999999996,"{""clf__C"": 10.0, ""clf__gamma"": 0.1}",13.300240799999301
64,control/PCA-matched-RBF,control,13,0.5555555555555556,0.7000000000000001,"{""clf__C"": 1.0, ""clf__gamma"": 0.1}",13.300240799999301
64,control/PCA-matched-RBF,control,14,0.5555555555555556,0.6499999999999999,"{""clf__C"": 1.0, ""clf__gamma"": ""scale""}",13.300240799999301
64,control/PCA-matched-linear,control,0,0.4444444444444444,0.65,"{""clf__C"": 0.1}",4.778499599999122
64,control/PCA-matched-linear,control,1,0.4444444444444444,0.55,"{""clf__C"": 0.1}",4.778499599999122
64,control/PCA-matched-linear,control,2,0.8888888888888888,0.9500000000000001,"{""clf__C"": 1.0}",4.778499599999122
64,control/PCA-matched-linear,control,3,0.4444444444444444,0.44999999999999996,"{""clf__C"": 0.1}",4.778499599999122
64,control/PCA-matched-linear,control,4,0.5555555555555556,0.6,"{""clf__C"": 10.0}",4.778499599999122
64,control/PCA-matched-linear,control,5,0.5555555555555556,0.7,"{""clf__C"": 0.1}",4.778499599999122
64,control/PCA-matched-linear,control,6,0.2222222222222222,0.3,"{""clf__C"": 1.0}",4.778499599999122
64,control/PCA-matched-linear,control,7,0.5555555555555556,0.7000000000000001,"{""clf__C"": 0.1}",4.778499599999122
64,control/PCA-matched-linear,control,8,0.6666666666666666,0.8,"{""clf__C"": 1.0}",4.778499599999122
64,control/PCA-matched-linear,control,9,0.4444444444444444,0.35,"{""clf__C"": 1.0}",4.778499599999122
64,control/PCA-matched-linear,control,10,0.3333333333333333,0.4,"{""clf__C"": 0.1}",4.778499599999122
64,control/PCA-matched-linear,control,11,0.4444444444444444,0.65,"{""clf__C"": 1.0}",4.778499599999122
64,control/PCA-matched-linear,control,12,0.4444444444444444,0.49999999999999994,"{""clf__C"": 1.0}",4.778499599999122
64,control/PCA-matched-linear,control,13,0.5555555555555556,0.6,"{""clf__C"": 0.1}",4.778499599999122
64,control/PCA-matched-linear,control,14,0.5555555555555556,0.7,"{""clf__C"": 0.1}",4.778499599999122
64,control/logeuclid-TS+LR,control,0,0.5555555555555556,0.55,"{""clf__C"": 10.0}",4.211966499999107
64,control/logeuclid-TS+LR,control,1,0.3333333333333333,0.30000000000000004,"{""clf__C"": 10.0}",4.211966499999107
64,control/logeuclid-TS+LR,control,2,0.5555555555555556,0.44999999999999996,"{""clf__C"": 1.0}",4.211966499999107
64,control/logeuclid-TS+LR,control,3,0.3333333333333333,0.25,"{""clf__C"": 1.0}",4.211966499999107
64,control/logeuclid-TS+LR,control,4,0.6666666666666666,0.9,"{""clf__C"": 10.0}",4.211966499999107
64,control/logeuclid-TS+LR,control,5,0.5555555555555556,0.5,"{""clf__C"": 10.0}",4.211966499999107
64,control/logeuclid-TS+LR,control,6,0.4444444444444444,0.4,"{""clf__C"": 0.1}",4.211966499999107
64,control/logeuclid-TS+LR,control,7,0.6666666666666666,0.6,"{""clf__C"": 10.0}",4.211966499999107
64,control/logeuclid-TS+LR,control,8,0.7777777777777778,0.75,"{""clf__C"": 1.0}",4.211966499999107
64,control/logeuclid-TS+LR,control,9,0.7777777777777778,0.8,"{""clf__C"": 10.0}",4.211966499999107
64,control/logeuclid-TS+LR,control,10,0.5555555555555556,0.44999999999999996,"{""clf__C"": 0.1}",4.211966499999107
64,control/logeuclid-TS+LR,control,11,0.3333333333333333,0.35000000000000003,"{""clf__C"": 1.0}",4.211966499999107
64,control/logeuclid-TS+LR,control,12,0.7777777777777778,0.7,"{""clf__C"": 10.0}",4.211966499999107
64,control/logeuclid-TS+LR,control,13,0.5555555555555556,0.7000000000000001,"{""clf__C"": 10.0}",4.211966499999107
64,control/logeuclid-TS+LR,control,14,0.5555555555555556,0.65,"{""clf__C"": 1.0}",4.211966499999107
64,control/riemann-kernel-SVM,control,0,0.5555555555555556,0.7,"{""clf__C"": 1.0}",4.485330199999225
64,control/riemann-kernel-SVM,control,1,0.4444444444444444,0.6,"{""clf__C"": 0.1}",4.485330199999225
64,control/riemann-kernel-SVM,control,2,0.6666666666666666,0.55,"{""clf__C"": 1.0}",4.485330199999225
64,control/riemann-kernel-SVM,control,3,0.5555555555555556,0.55,"{""clf__C"": 10.0}",4.485330199999225
64,control/riemann-kernel-SVM,control,4,0.7777777777777778,0.8500000000000001,"{""clf__C"": 1.0}",4.485330199999225
64,control/riemann-kernel-SVM,control,5,0.5555555555555556,0.35,"{""clf__C"": 10.0}",4.485330199999225
64,control/riemann-kernel-SVM,control,6,0.6666666666666666,0.75,"{""clf__C"": 1.0}",4.485330199999225
64,control/riemann-kernel-SVM,control,7,0.7777777777777778,0.9,"{""clf__C"": 1.0}",4.485330199999225
64,control/riemann-kernel-SVM,control,8,0.7777777777777778,0.8500000000000001,"{""clf__C"": 1.0}",4.485330199999225
64,control/riemann-kernel-SVM,control,9,0.7777777777777778,0.9,"{""clf__C"": 1.0}",4.485330199999225
64,control/riemann-kernel-SVM,control,10,0.7777777777777778,0.7,"{""clf__C"": 1.0}",4.485330199999225
64,control/riemann-kernel-SVM,control,11,0.4444444444444444,0.6000000000000001,"{""clf__C"": 1.0}",4.485330199999225
64,control/riemann-kernel-SVM,control,12,0.7777777777777778,0.7000000000000001,"{""clf__C"": 1.0}",4.485330199999225
64,control/riemann-kernel-SVM,control,13,0.8888888888888888,0.9,"{""clf__C"": 1.0}",4.485330199999225
64,control/riemann-kernel-SVM,control,14,0.7777777777777778,0.8,"{""clf__C"": 1.0}",4.485330199999225
64,control/logeuclid-kernel-SVM,control,0,0.4444444444444444,0.6,"{""clf__C"": 1.0}",4.3081120000006194
64,control/logeuclid-kernel-SVM,control,1,0.4444444444444444,0.55,"{""clf__C"": 0.1}",4.3081120000006194
64,control/logeuclid-kernel-SVM,control,2,0.6666666666666666,0.5,"{""clf__C"": 1.0}",4.3081120000006194
64,control/logeuclid-kernel-SVM,control,3,0.5555555555555556,0.49999999999999994,"{""clf__C"": 10.0}",4.3081120000006194
64,control/logeuclid-kernel-SVM,control,4,0.7777777777777778,0.8,"{""clf__C"": 1.0}",4.3081120000006194
64,control/logeuclid-kernel-SVM,control,5,0.4444444444444444,0.4,"{""clf__C"": 10.0}",4.3081120000006194
64,control/logeuclid-kernel-SVM,control,6,0.7777777777777778,0.7,"{""clf__C"": 1.0}",4.3081120000006194
64,control/logeuclid-kernel-SVM,control,7,0.6666666666666666,0.8500000000000001,"{""clf__C"": 1.0}",4.3081120000006194
64,control/logeuclid-kernel-SVM,control,8,0.5555555555555556,0.6,"{""clf__C"": 10.0}",4.3081120000006194
64,control/logeuclid-kernel-SVM,control,9,0.6666666666666666,0.9,"{""clf__C"": 1.0}",4.3081120000006194
64,control/logeuclid-kernel-SVM,control,10,0.7777777777777778,0.8,"{""clf__C"": 1.0}",4.3081120000006194
64,control/logeuclid-kernel-SVM,control,11,0.3333333333333333,0.55,"{""clf__C"": 10.0}",4.3081120000006194
64,control/logeuclid-kernel-SVM,control,12,0.6666666666666666,0.6000000000000001,"{""clf__C"": 1.0}",4.3081120000006194
64,control/logeuclid-kernel-SVM,control,13,0.6666666666666666,0.9,"{""clf__C"": 1.0}",4.3081120000006194
64,control/logeuclid-kernel-SVM,control,14,0.7777777777777778,0.7,"{""clf__C"": 1.0}",4.3081120000006194
65,classical/logvar+LDA,classical,0,0.6666666666666666,1.0,{},0.07607629999984056
65,classical/logvar+LDA,classical,1,0.7777777777777778,0.75,{},0.07607629999984056
65,classical/logvar+LDA,classical,2,0.6666666666666666,0.8,{},0.07607629999984056
65,classical/logvar+LDA,classical,3,0.5555555555555556,0.5499999999999999,{},0.07607629999984056
65,classical/logvar+LDA,classical,4,0.3333333333333333,0.35,{},0.07607629999984056
65,classical/logvar+LDA,classical,5,0.7777777777777778,0.7,{},0.07607629999984056
65,classical/logvar+LDA,classical,6,0.5555555555555556,0.44999999999999996,{},0.07607629999984056
65,classical/logvar+LDA,classical,7,0.5555555555555556,0.6,{},0.07607629999984056
65,classical/logvar+LDA,classical,8,0.5555555555555556,0.75,{},0.07607629999984056
65,classical/logvar+LDA,classical,9,0.3333333333333333,0.45,{},0.07607629999984056
65,classical/logvar+LDA,classical,10,0.3333333333333333,0.2,{},0.07607629999984056
65,classical/logvar+LDA,classical,11,0.5555555555555556,0.75,{},0.07607629999984056
65,classical/logvar+LDA,classical,12,0.5555555555555556,0.5,{},0.07607629999984056
65,classical/logvar+LDA,classical,13,0.7777777777777778,0.8,{},0.07607629999984056
65,classical/logvar+LDA,classical,14,0.4444444444444444,0.65,{},0.07607629999984056
65,classical/CSP+LDA,classical,0,0.6666666666666666,0.95,"{""csp__nfilter"": 2}",3.7815512999986822
65,classical/CSP+LDA,classical,1,0.8888888888888888,1.0,"{""csp__nfilter"": 4}",3.7815512999986822
65,classical/CSP+LDA,classical,2,0.7777777777777778,1.0,"{""csp__nfilter"": 2}",3.7815512999986822
65,classical/CSP+LDA,classical,3,0.6666666666666666,0.85,"{""csp__nfilter"": 2}",3.7815512999986822
65,classical/CSP+LDA,classical,4,0.7777777777777778,0.7,"{""csp__nfilter"": 2}",3.7815512999986822
65,classical/CSP+LDA,classical,5,0.8888888888888888,1.0,"{""csp__nfilter"": 2}",3.7815512999986822
65,classical/CSP+LDA,classical,6,0.5555555555555556,0.7,"{""csp__nfilter"": 2}",3.7815512999986822
65,classical/CSP+LDA,classical,7,0.7777777777777778,0.9,"{""csp__nfilter"": 2}",3.7815512999986822
65,classical/CSP+LDA,classical,8,0.2222222222222222,0.4,"{""csp__nfilter"": 6}",3.7815512999986822
65,classical/CSP+LDA,classical,9,0.5555555555555556,0.75,"{""csp__nfilter"": 2}",3.7815512999986822
65,classical/CSP+LDA,classical,10,0.7777777777777778,0.8,"{""csp__nfilter"": 4}",3.7815512999986822
65,classical/CSP+LDA,classical,11,0.7777777777777778,0.7,"{""csp__nfilter"": 2}",3.7815512999986822
65,classical/CSP+LDA,classical,12,0.4444444444444444,0.44999999999999996,"{""csp__nfilter"": 4}",3.7815512999986822
65,classical/CSP+LDA,classical,13,0.8888888888888888,1.0,"{""csp__nfilter"": 4}",3.7815512999986822
65,classical/CSP+LDA,classical,14,0.5555555555555556,0.55,"{""csp__nfilter"": 2}",3.7815512999986822
65,classical/MDM,classical,0,0.6666666666666666,0.85,{},0.4661145999998553
65,classical/MDM,classical,1,0.8888888888888888,0.9500000000000001,{},0.4661145999998553
65,classical/MDM,classical,2,0.8888888888888888,0.9500000000000001,{},0.4661145999998553
65,classical/MDM,classical,3,0.4444444444444444,0.5,{},0.4661145999998553
65,classical/MDM,classical,4,0.6666666666666666,0.6,{},0.4661145999998553
65,classical/MDM,classical,5,1.0,1.0,{},0.4661145999998553
65,classical/MDM,classical,6,0.4444444444444444,0.65,{},0.4661145999998553
65,classical/MDM,classical,7,0.7777777777777778,0.85,{},0.4661145999998553
65,classical/MDM,classical,8,0.3333333333333333,0.4,{},0.4661145999998553
65,classical/MDM,classical,9,0.4444444444444444,0.44999999999999996,{},0.4661145999998553
65,classical/MDM,classical,10,0.6666666666666666,0.7,{},0.4661145999998553
65,classical/MDM,classical,11,0.5555555555555556,0.5,{},0.4661145999998553
65,classical/MDM,classical,12,0.6666666666666666,0.6,{},0.4661145999998553
65,classical/MDM,classical,13,0.8888888888888888,1.0,{},0.4661145999998553
65,classical/MDM,classical,14,0.4444444444444444,0.5,{},0.4661145999998553
65,classical/TS+LR,classical,0,0.6666666666666666,0.95,"{""clf__C"": 1.0}",4.676806599998599
65,classical/TS+LR,classical,1,0.7777777777777778,0.85,"{""clf__C"": 1.0}",4.676806599998599
65,classical/TS+LR,classical,2,0.7777777777777778,0.85,"{""clf__C"": 0.1}",4.676806599998599
65,classical/TS+LR,classical,3,0.6666666666666666,0.75,"{""clf__C"": 0.1}",4.676806599998599
65,classical/TS+LR,classical,4,0.5555555555555556,0.65,"{""clf__C"": 0.1}",4.676806599998599
65,classical/TS+LR,classical,5,1.0,1.0,"{""clf__C"": 1.0}",4.676806599998599
65,classical/TS+LR,classical,6,0.6666666666666666,0.75,"{""clf__C"": 0.1}",4.676806599998599
65,classical/TS+LR,classical,7,0.7777777777777778,1.0,"{""clf__C"": 10.0}",4.676806599998599
65,classical/TS+LR,classical,8,0.3333333333333333,0.45,"{""clf__C"": 1.0}",4.676806599998599
65,classical/TS+LR,classical,9,0.5555555555555556,0.55,"{""clf__C"": 1.0}",4.676806599998599
65,classical/TS+LR,classical,10,0.7777777777777778,0.8500000000000001,"{""clf__C"": 0.1}",4.676806599998599
65,classical/TS+LR,classical,11,0.5555555555555556,0.75,"{""clf__C"": 0.1}",4.676806599998599
65,classical/TS+LR,classical,12,0.6666666666666666,0.75,"{""clf__C"": 1.0}",4.676806599998599
65,classical/TS+LR,classical,13,0.7777777777777778,0.9,"{""clf__C"": 10.0}",4.676806599998599
65,classical/TS+LR,classical,14,0.5555555555555556,0.3,"{""clf__C"": 10.0}",4.676806599998599
65,classical/TS+RBF-SVM,classical,0,0.6666666666666666,0.9,"{""clf__C"": 10.0, ""clf__gamma"": ""scale""}",12.41198280000026
65,classical/TS+RBF-SVM,classical,1,0.6666666666666666,0.85,"{""clf__C"": 1.0, ""clf__gamma"": 0.01}",12.41198280000026
65,classical/TS+RBF-SVM,classical,2,0.7777777777777778,1.0,"{""clf__C"": 1.0, ""clf__gamma"": ""scale""}",12.41198280000026
65,classical/TS+RBF-SVM,classical,3,0.5555555555555556,0.7000000000000001,"{""clf__C"": 1.0, ""clf__gamma"": 0.01}",12.41198280000026
65,classical/TS+RBF-SVM,classical,4,0.5555555555555556,0.65,"{""clf__C"": 10.0, ""clf__gamma"": ""scale""}",12.41198280000026
65,classical/TS+RBF-SVM,classical,5,0.8888888888888888,1.0,"{""clf__C"": 10.0, ""clf__gamma"": 0.01}",12.41198280000026
65,classical/TS+RBF-SVM,classical,6,0.7777777777777778,0.65,"{""clf__C"": 1.0, ""clf__gamma"": 0.01}",12.41198280000026
65,classical/TS+RBF-SVM,classical,7,0.7777777777777778,0.85,"{""clf__C"": 1.0, ""clf__gamma"": 0.01}",12.41198280000026
65,classical/TS+RBF-SVM,classical,8,0.2222222222222222,0.45,"{""clf__C"": 10.0, ""clf__gamma"": 0.01}",12.41198280000026
65,classical/TS+RBF-SVM,classical,9,0.5555555555555556,0.6,"{""clf__C"": 10.0, ""clf__gamma"": 0.01}",12.41198280000026
65,classical/TS+RBF-SVM,classical,10,0.7777777777777778,0.8500000000000001,"{""clf__C"": 10.0, ""clf__gamma"": 0.01}",12.41198280000026
65,classical/TS+RBF-SVM,classical,11,0.6666666666666666,0.39999999999999997,"{""clf__C"": 1.0, ""clf__gamma"": ""scale""}",12.41198280000026
65,classical/TS+RBF-SVM,classical,12,0.6666666666666666,0.7,"{""clf__C"": 1.0, ""clf__gamma"": 0.01}",12.41198280000026
65,classical/TS+RBF-SVM,classical,13,1.0,1.0,"{""clf__C"": 1.0, ""clf__gamma"": ""scale""}",12.41198280000026
65,classical/TS+RBF-SVM,classical,14,0.5555555555555556,0.35,"{""clf__C"": 10.0, ""clf__gamma"": 0.01}",12.41198280000026
65,quantum/HS-overlap-SVM,quantum,0,0.4444444444444444,1.0,"{""clf__C"": 0.1}",3.7362448000003496
65,quantum/HS-overlap-SVM,quantum,1,0.5555555555555556,0.8500000000000001,"{""clf__C"": 0.1}",3.7362448000003496
65,quantum/HS-overlap-SVM,quantum,2,0.5555555555555556,0.9500000000000001,"{""clf__C"": 0.1}",3.7362448000003496
65,quantum/HS-overlap-SVM,quantum,3,0.5555555555555556,0.5,"{""clf__C"": 0.1}",3.7362448000003496
65,quantum/HS-overlap-SVM,quantum,4,0.5555555555555556,0.35,"{""clf__C"": 0.1}",3.7362448000003496
65,quantum/HS-overlap-SVM,quantum,5,0.4444444444444444,0.75,"{""clf__C"": 0.1}",3.7362448000003496
65,quantum/HS-overlap-SVM,quantum,6,0.5555555555555556,0.5,"{""clf__C"": 0.1}",3.7362448000003496
65,quantum/HS-overlap-SVM,quantum,7,0.5555555555555556,0.9,"{""clf__C"": 0.1}",3.7362448000003496
65,quantum/HS-overlap-SVM,quantum,8,0.5555555555555556,0.8,"{""clf__C"": 0.1}",3.7362448000003496
65,quantum/HS-overlap-SVM,quantum,9,0.5555555555555556,0.3,"{""clf__C"": 0.1}",3.7362448000003496
65,quantum/HS-overlap-SVM,quantum,10,0.4444444444444444,0.35,"{""clf__C"": 0.1}",3.7362448000003496
65,quantum/HS-overlap-SVM,quantum,11,0.5555555555555556,0.7,"{""clf__C"": 0.1}",3.7362448000003496
65,quantum/HS-overlap-SVM,quantum,12,0.5555555555555556,0.6,"{""clf__C"": 0.1}",3.7362448000003496
65,quantum/HS-overlap-SVM,quantum,13,0.5555555555555556,0.55,"{""clf__C"": 0.1}",3.7362448000003496
65,quantum/HS-overlap-SVM,quantum,14,0.5555555555555556,0.7,"{""clf__C"": 0.1}",3.7362448000003496
65,quantum/Fidelity-SVM,quantum,0,0.4444444444444444,0.95,"{""clf__C"": 0.1}",5.346882099998766
65,quantum/Fidelity-SVM,quantum,1,0.5555555555555556,0.8500000000000001,"{""clf__C"": 0.1}",5.346882099998766
65,quantum/Fidelity-SVM,quantum,2,0.5555555555555556,0.9500000000000001,"{""clf__C"": 0.1}",5.346882099998766
65,quantum/Fidelity-SVM,quantum,3,0.5555555555555556,0.55,"{""clf__C"": 0.1}",5.346882099998766
65,quantum/Fidelity-SVM,quantum,4,0.5555555555555556,0.35,"{""clf__C"": 0.1}",5.346882099998766
65,quantum/Fidelity-SVM,quantum,5,0.4444444444444444,0.8500000000000001,"{""clf__C"": 0.1}",5.346882099998766
65,quantum/Fidelity-SVM,quantum,6,0.5555555555555556,0.8,"{""clf__C"": 0.1}",5.346882099998766
65,quantum/Fidelity-SVM,quantum,7,0.5555555555555556,0.9500000000000001,"{""clf__C"": 0.1}",5.346882099998766
65,quantum/Fidelity-SVM,quantum,8,0.5555555555555556,0.8500000000000001,"{""clf__C"": 0.1}",5.346882099998766
65,quantum/Fidelity-SVM,quantum,9,0.5555555555555556,0.4,"{""clf__C"": 0.1}",5.346882099998766
65,quantum/Fidelity-SVM,quantum,10,0.4444444444444444,0.25,"{""clf__C"": 10.0}",5.346882099998766
65,quantum/Fidelity-SVM,quantum,11,0.5555555555555556,0.65,"{""clf__C"": 0.1}",5.346882099998766
65,quantum/Fidelity-SVM,quantum,12,0.5555555555555556,0.55,"{""clf__C"": 0.1}",5.346882099998766
65,quantum/Fidelity-SVM,quantum,13,0.5555555555555556,0.8,"{""clf__C"": 0.1}",5.346882099998766
65,quantum/Fidelity-SVM,quantum,14,0.5555555555555556,0.6,"{""clf__C"": 0.1}",5.346882099998766
65,quantum/HS-RBF-SVM,quantum,0,0.4444444444444444,0.8500000000000001,"{""clf__C"": 0.1, ""clf__gamma_mult"": 0.25}",10.592511499999091
65,quantum/HS-RBF-SVM,quantum,1,0.5555555555555556,0.75,"{""clf__C"": 1.0, ""clf__gamma_mult"": 0.25}",10.592511499999091
65,quantum/HS-RBF-SVM,quantum,2,0.7777777777777778,0.85,"{""clf__C"": 10.0, ""clf__gamma_mult"": 0.25}",10.592511499999091
65,quantum/HS-RBF-SVM,quantum,3,0.4444444444444444,0.35,"{""clf__C"": 1.0, ""clf__gamma_mult"": 4.0}",10.592511499999091
65,quantum/HS-RBF-SVM,quantum,4,0.4444444444444444,0.39999999999999997,"{""clf__C"": 10.0, ""clf__gamma_mult"": 0.25}",10.592511499999091
65,quantum/HS-RBF-SVM,quantum,5,0.5555555555555556,0.5,"{""clf__C"": 10.0, ""clf__gamma_mult"": 4.0}",10.592511499999091
65,quantum/HS-RBF-SVM,quantum,6,0.5555555555555556,0.45,"{""clf__C"": 1.0, ""clf__gamma_mult"": 0.25}",10.592511499999091
65,quantum/HS-RBF-SVM,quantum,7,0.7777777777777778,0.8500000000000001,"{""clf__C"": 1.0, ""clf__gamma_mult"": 4.0}",10.592511499999091
65,quantum/HS-RBF-SVM,quantum,8,0.5555555555555556,0.49999999999999994,"{""clf__C"": 10.0, ""clf__gamma_mult"": 4.0}",10.592511499999091
65,quantum/HS-RBF-SVM,quantum,9,0.3333333333333333,0.39999999999999997,"{""clf__C"": 1.0, ""clf__gamma_mult"": 4.0}",10.592511499999091
65,quantum/HS-RBF-SVM,quantum,10,0.6666666666666666,0.7,"{""clf__C"": 10.0, ""clf__gamma_mult"": 0.25}",10.592511499999091
65,quantum/HS-RBF-SVM,quantum,11,0.5555555555555556,0.55,"{""clf__C"": 10.0, ""clf__gamma_mult"": 4.0}",10.592511499999091
65,quantum/HS-RBF-SVM,quantum,12,0.4444444444444444,0.5,"{""clf__C"": 1.0, ""clf__gamma_mult"": 4.0}",10.592511499999091
65,quantum/HS-RBF-SVM,quantum,13,0.7777777777777778,0.8,"{""clf__C"": 10.0, ""clf__gamma_mult"": 0.25}",10.592511499999091
65,quantum/HS-RBF-SVM,quantum,14,0.4444444444444444,0.5,"{""clf__C"": 10.0, ""clf__gamma_mult"": 1.0}",10.592511499999091
65,quantum/Bures-RBF-SVM,quantum,0,0.7777777777777778,0.9,"{""clf__C"": 10.0, ""clf__gamma_mult"": 0.25}",14.110764300001392
65,quantum/Bures-RBF-SVM,quantum,1,0.7777777777777778,0.75,"{""clf__C"": 1.0, ""clf__gamma_mult"": 1.0}",14.110764300001392
65,quantum/Bures-RBF-SVM,quantum,2,0.6666666666666666,0.7,"{""clf__C"": 10.0, ""clf__gamma_mult"": 1.0}",14.110764300001392
65,quantum/Bures-RBF-SVM,quantum,3,0.4444444444444444,0.55,"{""clf__C"": 10.0, ""clf__gamma_mult"": 1.0}",14.110764300001392
65,quantum/Bures-RBF-SVM,quantum,4,0.5555555555555556,0.3,"{""clf__C"": 1.0, ""clf__gamma_mult"": 0.25}",14.110764300001392
65,quantum/Bures-RBF-SVM,quantum,5,0.8888888888888888,0.8,"{""clf__C"": 10.0, ""clf__gamma_mult"": 0.25}",14.110764300001392
65,quantum/Bures-RBF-SVM,quantum,6,0.5555555555555556,0.65,"{""clf__C"": 10.0, ""clf__gamma_mult"": 0.25}",14.110764300001392
65,quantum/Bures-RBF-SVM,quantum,7,0.7777777777777778,0.8500000000000001,"{""clf__C"": 10.0, ""clf__gamma_mult"": 0.25}",14.110764300001392
65,quantum/Bures-RBF-SVM,quantum,8,0.4444444444444444,0.5,"{""clf__C"": 10.0, ""clf__gamma_mult"": 4.0}",14.110764300001392
65,quantum/Bures-RBF-SVM,quantum,9,0.4444444444444444,0.39999999999999997,"{""clf__C"": 1.0, ""clf__gamma_mult"": 1.0}",14.110764300001392
65,quantum/Bures-RBF-SVM,quantum,10,0.7777777777777778,0.75,"{""clf__C"": 10.0, ""clf__gamma_mult"": 0.25}",14.110764300001392
65,quantum/Bures-RBF-SVM,quantum,11,0.7777777777777778,0.8,"{""clf__C"": 10.0, ""clf__gamma_mult"": 0.25}",14.110764300001392
65,quantum/Bures-RBF-SVM,quantum,12,0.6666666666666666,0.7,"{""clf__C"": 10.0, ""clf__gamma_mult"": 0.25}",14.110764300001392
65,quantum/Bures-RBF-SVM,quantum,13,0.7777777777777778,0.8,"{""clf__C"": 1.0, ""clf__gamma_mult"": 1.0}",14.110764300001392
65,quantum/Bures-RBF-SVM,quantum,14,0.3333333333333333,0.55,"{""clf__C"": 1.0, ""clf__gamma_mult"": 1.0}",14.110764300001392
65,quantum/QRE-RBF-SVM,quantum,0,0.4444444444444444,0.95,"{""clf__C"": 0.1, ""clf__gamma_mult"": 0.25}",12.652016500000173
65,quantum/QRE-RBF-SVM,quantum,1,0.7777777777777778,0.9,"{""clf__C"": 10.0, ""clf__gamma_mult"": 0.25}",12.652016500000173
65,quantum/QRE-RBF-SVM,quantum,2,0.8888888888888888,0.9,"{""clf__C"": 10.0, ""clf__gamma_mult"": 0.25}",12.652016500000173
65,quantum/QRE-RBF-SVM,quantum,3,0.5555555555555556,0.75,"{""clf__C"": 10.0, ""clf__gamma_mult"": 0.25}",12.652016500000173
65,quantum/QRE-RBF-SVM,quantum,4,0.3333333333333333,0.39999999999999997,"{""clf__C"": 10.0, ""clf__gamma_mult"": 0.25}",12.652016500000173
65,quantum/QRE-RBF-SVM,quantum,5,0.6666666666666666,0.65,"{""clf__C"": 10.0, ""clf__gamma_mult"": 1.0}",12.652016500000173
65,quantum/QRE-RBF-SVM,quantum,6,0.7777777777777778,0.6499999999999999,"{""clf__C"": 1.0, ""clf__gamma_mult"": 0.25}",12.652016500000173
65,quantum/QRE-RBF-SVM,quantum,7,0.5555555555555556,0.9500000000000001,"{""clf__C"": 0.1, ""clf__gamma_mult"": 0.25}",12.652016500000173
65,quantum/QRE-RBF-SVM,quantum,8,0.7777777777777778,0.9,"{""clf__C"": 10.0, ""clf__gamma_mult"": 1.0}",12.652016500000173
65,quantum/QRE-RBF-SVM,quantum,9,0.4444444444444444,0.39999999999999997,"{""clf__C"": 1.0, ""clf__gamma_mult"": 1.0}",12.652016500000173
65,quantum/QRE-RBF-SVM,quantum,10,0.7777777777777778,0.75,"{""clf__C"": 10.0, ""clf__gamma_mult"": 0.25}",12.652016500000173
65,quantum/QRE-RBF-SVM,quantum,11,0.7777777777777778,0.8,"{""clf__C"": 10.0, ""clf__gamma_mult"": 0.25}",12.652016500000173
65,quantum/QRE-RBF-SVM,quantum,12,0.6666666666666666,0.8,"{""clf__C"": 10.0, ""clf__gamma_mult"": 0.25}",12.652016500000173
65,quantum/QRE-RBF-SVM,quantum,13,0.7777777777777778,0.9500000000000001,"{""clf__C"": 10.0, ""clf__gamma_mult"": 4.0}",12.652016500000173
65,quantum/QRE-RBF-SVM,quantum,14,0.4444444444444444,0.55,"{""clf__C"": 1.0, ""clf__gamma_mult"": 1.0}",12.652016500000173
65,quantum/HS-overlap-ref-SVM,quantum,0,0.6666666666666666,0.85,"{""clf__C"": 10.0}",4.5910655000006955
65,quantum/HS-overlap-ref-SVM,quantum,1,0.7777777777777778,0.9,"{""clf__C"": 10.0}",4.5910655000006955
65,quantum/HS-overlap-ref-SVM,quantum,2,0.7777777777777778,0.8,"{""clf__C"": 10.0}",4.5910655000006955
65,quantum/HS-overlap-ref-SVM,quantum,3,0.4444444444444444,0.8,"{""clf__C"": 10.0}",4.5910655000006955
65,quantum/HS-overlap-ref-SVM,quantum,4,0.4444444444444444,0.5,"{""clf__C"": 10.0}",4.5910655000006955
65,quantum/HS-overlap-ref-SVM,quantum,5,0.8888888888888888,0.95,"{""clf__C"": 10.0}",4.5910655000006955
65,quantum/HS-overlap-ref-SVM,quantum,6,0.6666666666666666,0.8,"{""clf__C"": 10.0}",4.5910655000006955
65,quantum/HS-overlap-ref-SVM,quantum,7,0.7777777777777778,0.8500000000000001,"{""clf__C"": 10.0}",4.5910655000006955
65,quantum/HS-overlap-ref-SVM,quantum,8,0.5555555555555556,0.45,"{""clf__C"": 10.0}",4.5910655000006955
65,quantum/HS-overlap-ref-SVM,quantum,9,0.4444444444444444,0.5,"{""clf__C"": 10.0}",4.5910655000006955
65,quantum/HS-overlap-ref-SVM,quantum,10,0.6666666666666666,0.75,"{""clf__C"": 10.0}",4.5910655000006955
65,quantum/HS-overlap-ref-SVM,quantum,11,0.7777777777777778,0.8,"{""clf__C"": 10.0}",4.5910655000006955
65,quantum/HS-overlap-ref-SVM,quantum,12,0.4444444444444444,0.6,"{""clf__C"": 10.0}",4.5910655000006955
65,quantum/HS-overlap-ref-SVM,quantum,13,1.0,1.0,"{""clf__C"": 10.0}",4.5910655000006955
65,quantum/HS-overlap-ref-SVM,quantum,14,0.5555555555555556,0.39999999999999997,"{""clf__C"": 10.0}",4.5910655000006955
65,quantum/Fidelity-ref-SVM,quantum,0,0.6666666666666666,0.85,"{""clf__C"": 10.0}",6.259603299999071
65,quantum/Fidelity-ref-SVM,quantum,1,0.7777777777777778,0.9,"{""clf__C"": 10.0}",6.259603299999071
65,quantum/Fidelity-ref-SVM,quantum,2,0.6666666666666666,0.9,"{""clf__C"": 10.0}",6.259603299999071
65,quantum/Fidelity-ref-SVM,quantum,3,0.5555555555555556,0.6499999999999999,"{""clf__C"": 10.0}",6.259603299999071
65,quantum/Fidelity-ref-SVM,quantum,4,0.4444444444444444,0.55,"{""clf__C"": 10.0}",6.259603299999071
65,quantum/Fidelity-ref-SVM,quantum,5,0.8888888888888888,1.0,"{""clf__C"": 10.0}",6.259603299999071
65,quantum/Fidelity-ref-SVM,quantum,6,0.6666666666666666,0.6,"{""clf__C"": 10.0}",6.259603299999071
65,quantum/Fidelity-ref-SVM,quantum,7,0.7777777777777778,0.75,"{""clf__C"": 10.0}",6.259603299999071
65,quantum/Fidelity-ref-SVM,quantum,8,0.6666666666666666,0.45,"{""clf__C"": 10.0}",6.259603299999071
65,quantum/Fidelity-ref-SVM,quantum,9,0.5555555555555556,0.55,"{""clf__C"": 10.0}",6.259603299999071
65,quantum/Fidelity-ref-SVM,quantum,10,0.6666666666666666,0.75,"{""clf__C"": 10.0}",6.259603299999071
65,quantum/Fidelity-ref-SVM,quantum,11,0.6666666666666666,0.7,"{""clf__C"": 10.0}",6.259603299999071
65,quantum/Fidelity-ref-SVM,quantum,12,0.6666666666666666,0.6,"{""clf__C"": 10.0}",6.259603299999071
65,quantum/Fidelity-ref-SVM,quantum,13,0.8888888888888888,1.0,"{""clf__C"": 10.0}",6.259603299999071
65,quantum/Fidelity-ref-SVM,quantum,14,0.6666666666666666,0.35,"{""clf__C"": 10.0}",6.259603299999071
65,quantum/HS-RBF-ref-SVM,quantum,0,0.5555555555555556,0.6000000000000001,"{""clf__C"": 10.0, ""clf__gamma_mult"": 4.0}",12.840928600000552
65,quantum/HS-RBF-ref-SVM,quantum,1,0.7777777777777778,0.9500000000000001,"{""clf__C"": 1.0, ""clf__gamma_mult"": 1.0}",12.840928600000552
65,quantum/HS-RBF-ref-SVM,quantum,2,0.7777777777777778,0.9500000000000001,"{""clf__C"": 1.0, ""clf__gamma_mult"": 1.0}",12.840928600000552
65,quantum/HS-RBF-ref-SVM,quantum,3,0.5555555555555556,0.65,"{""clf__C"": 1.0, ""clf__gamma_mult"": 1.0}",12.840928600000552
65,quantum/HS-RBF-ref-SVM,quantum,4,0.4444444444444444,0.45,"{""clf__C"": 10.0, ""clf__gamma_mult"": 0.25}",12.840928600000552
65,quantum/HS-RBF-ref-SVM,quantum,5,0.7777777777777778,1.0,"{""clf__C"": 1.0, ""clf__gamma_mult"": 1.0}",12.840928600000552
65,quantum/HS-RBF-ref-SVM,quantum,6,0.5555555555555556,0.7,"{""clf__C"": 1.0, ""clf__gamma_mult"": 1.0}",12.840928600000552
65,quantum/HS-RBF-ref-SVM,quantum,7,0.7777777777777778,0.8500000000000001,"{""clf__C"": 1.0, ""clf__gamma_mult"": 1.0}",12.840928600000552
65,quantum/HS-RBF-ref-SVM,quantum,8,0.4444444444444444,0.45000000000000007,"{""clf__C"": 10.0, ""clf__gamma_mult"": 0.25}",12.840928600000552
65,quantum/HS-RBF-ref-SVM,quantum,9,0.4444444444444444,0.55,"{""clf__C"": 10.0, ""clf__gamma_mult"": 1.0}",12.840928600000552
65,quantum/HS-RBF-ref-SVM,quantum,10,0.6666666666666666,0.8,"{""clf__C"": 1.0, ""clf__gamma_mult"": 1.0}",12.840928600000552
65,quantum/HS-RBF-ref-SVM,quantum,11,0.5555555555555556,0.7,"{""clf__C"": 10.0, ""clf__gamma_mult"": 1.0}",12.840928600000552
65,quantum/HS-RBF-ref-SVM,quantum,12,0.6666666666666666,0.6,"{""clf__C"": 1.0, ""clf__gamma_mult"": 1.0}",12.840928600000552
65,quantum/HS-RBF-ref-SVM,quantum,13,0.7777777777777778,0.9500000000000001,"{""clf__C"": 10.0, ""clf__gamma_mult"": 0.25}",12.840928600000552
65,quantum/HS-RBF-ref-SVM,quantum,14,0.4444444444444444,0.35,"{""clf__C"": 10.0, ""clf__gamma_mult"": 1.0}",12.840928600000552
65,quantum/Bures-RBF-ref-SVM,quantum,0,0.6666666666666666,0.85,"{""clf__C"": 10.0, ""clf__gamma_mult"": 0.25}",16.83421819999967
65,quantum/Bures-RBF-ref-SVM,quantum,1,0.7777777777777778,0.9500000000000001,"{""clf__C"": 1.0, ""clf__gamma_mult"": 1.0}",16.83421819999967
65,quantum/Bures-RBF-ref-SVM,quantum,2,0.6666666666666666,0.8,"{""clf__C"": 10.0, ""clf__gamma_mult"": 1.0}",16.83421819999967
65,quantum/Bures-RBF-ref-SVM,quantum,3,0.4444444444444444,0.7,"{""clf__C"": 1.0, ""clf__gamma_mult"": 1.0}",16.83421819999967
65,quantum/Bures-RBF-ref-SVM,quantum,4,0.4444444444444444,0.65,"{""clf__C"": 10.0, ""clf__gamma_mult"": 0.25}",16.83421819999967
65,quantum/Bures-RBF-ref-SVM,quantum,5,0.7777777777777778,1.0,"{""clf__C"": 1.0, ""clf__gamma_mult"": 1.0}",16.83421819999967
65,quantum/Bures-RBF-ref-SVM,quantum,6,0.5555555555555556,0.7,"{""clf__C"": 1.0, ""clf__gamma_mult"": 1.0}",16.83421819999967
65,quantum/Bures-RBF-ref-SVM,quantum,7,0.7777777777777778,0.8,"{""clf__C"": 1.0, ""clf__gamma_mult"": 1.0}",16.83421819999967
65,quantum/Bures-RBF-ref-SVM,quantum,8,0.3333333333333333,0.3,"{""clf__C"": 10.0, ""clf__gamma_mult"": 1.0}",16.83421819999967
65,quantum/Bures-RBF-ref-SVM,quantum,9,0.3333333333333333,0.5,"{""clf__C"": 10.0, ""clf__gamma_mult"": 1.0}",16.83421819999967
65,quantum/Bures-RBF-ref-SVM,quantum,10,0.6666666666666666,0.75,"{""clf__C"": 1.0, ""clf__gamma_mult"": 1.0}",16.83421819999967
65,quantum/Bures-RBF-ref-SVM,quantum,11,0.5555555555555556,0.7,"{""clf__C"": 10.0, ""clf__gamma_mult"": 1.0}",16.83421819999967
65,quantum/Bures-RBF-ref-SVM,quantum,12,0.6666666666666666,0.55,"{""clf__C"": 1.0, ""clf__gamma_mult"": 1.0}",16.83421819999967
65,quantum/Bures-RBF-ref-SVM,quantum,13,0.8888888888888888,1.0,"{""clf__C"": 1.0, ""clf__gamma_mult"": 1.0}",16.83421819999967
65,quantum/Bures-RBF-ref-SVM,quantum,14,0.4444444444444444,0.39999999999999997,"{""clf__C"": 10.0, ""clf__gamma_mult"": 1.0}",16.83421819999967
65,quantum/QRE-RBF-ref-SVM,quantum,0,0.6666666666666666,0.85,"{""clf__C"": 10.0, ""clf__gamma_mult"": 0.25}",14.66077790000054
65,quantum/QRE-RBF-ref-SVM,quantum,1,0.7777777777777778,0.9500000000000001,"{""clf__C"": 1.0, ""clf__gamma_mult"": 1.0}",14.66077790000054
65,quantum/QRE-RBF-ref-SVM,quantum,2,0.6666666666666666,0.75,"{""clf__C"": 10.0, ""clf__gamma_mult"": 1.0}",14.66077790000054
65,quantum/QRE-RBF-ref-SVM,quantum,3,0.4444444444444444,0.7,"{""clf__C"": 1.0, ""clf__gamma_mult"": 1.0}",14.66077790000054
65,quantum/QRE-RBF-ref-SVM,quantum,4,0.4444444444444444,0.6,"{""clf__C"": 10.0, ""clf__gamma_mult"": 0.25}",14.66077790000054
65,quantum/QRE-RBF-ref-SVM,quantum,5,0.7777777777777778,1.0,"{""clf__C"": 1.0, ""clf__gamma_mult"": 1.0}",14.66077790000054
65,quantum/QRE-RBF-ref-SVM,quantum,6,0.5555555555555556,0.7,"{""clf__C"": 1.0, ""clf__gamma_mult"": 1.0}",14.66077790000054
65,quantum/QRE-RBF-ref-SVM,quantum,7,0.7777777777777778,0.8,"{""clf__C"": 1.0, ""clf__gamma_mult"": 1.0}",14.66077790000054
65,quantum/QRE-RBF-ref-SVM,quantum,8,0.3333333333333333,0.3,"{""clf__C"": 10.0, ""clf__gamma_mult"": 1.0}",14.66077790000054
65,quantum/QRE-RBF-ref-SVM,quantum,9,0.3333333333333333,0.5,"{""clf__C"": 10.0, ""clf__gamma_mult"": 1.0}",14.66077790000054
65,quantum/QRE-RBF-ref-SVM,quantum,10,0.6666666666666666,0.75,"{""clf__C"": 1.0, ""clf__gamma_mult"": 1.0}",14.66077790000054
65,quantum/QRE-RBF-ref-SVM,quantum,11,0.5555555555555556,0.7,"{""clf__C"": 10.0, ""clf__gamma_mult"": 1.0}",14.66077790000054
65,quantum/QRE-RBF-ref-SVM,quantum,12,0.6666666666666666,0.55,"{""clf__C"": 1.0, ""clf__gamma_mult"": 1.0}",14.66077790000054
65,quantum/QRE-RBF-ref-SVM,quantum,13,0.8888888888888888,1.0,"{""clf__C"": 1.0, ""clf__gamma_mult"": 1.0}",14.66077790000054
65,quantum/QRE-RBF-ref-SVM,quantum,14,0.3333333333333333,0.25,"{""clf__C"": 10.0, ""clf__gamma_mult"": 0.25}",14.66077790000054
65,quantum/IQP-kernel-SVM,quantum,0,0.4444444444444444,0.6,"{""clf__C"": 0.1, ""clf__scale"": 0.5}",20.477443600000697
65,quantum/IQP-kernel-SVM,quantum,1,0.5555555555555556,0.8,"{""clf__C"": 0.1, ""clf__scale"": 0.5}",20.477443600000697
65,quantum/IQP-kernel-SVM,quantum,2,0.7777777777777778,0.7000000000000001,"{""clf__C"": 1.0, ""clf__scale"": 2.0}",20.477443600000697
65,quantum/IQP-kernel-SVM,quantum,3,0.4444444444444444,0.4,"{""clf__C"": 10.0, ""clf__scale"": 2.0}",20.477443600000697
65,quantum/IQP-kernel-SVM,quantum,4,0.5555555555555556,0.19999999999999998,"{""clf__C"": 1.0, ""clf__scale"": 1.0}",20.477443600000697
65,quantum/IQP-kernel-SVM,quantum,5,0.4444444444444444,0.65,"{""clf__C"": 10.0, ""clf__scale"": 0.5}",20.477443600000697
65,quantum/IQP-kernel-SVM,quantum,6,0.5555555555555556,0.65,"{""clf__C"": 1.0, ""clf__scale"": 0.5}",20.477443600000697
65,quantum/IQP-kernel-SVM,quantum,7,0.2222222222222222,0.24999999999999997,"{""clf__C"": 1.0, ""clf__scale"": 2.0}",20.477443600000697
65,quantum/IQP-kernel-SVM,quantum,8,0.5555555555555556,0.4,"{""clf__C"": 1.0, ""clf__scale"": 1.0}",20.477443600000697
65,quantum/IQP-kernel-SVM,quantum,9,0.7777777777777778,0.7,"{""clf__C"": 1.0, ""clf__scale"": 0.5}",20.477443600000697
65,quantum/IQP-kernel-SVM,quantum,10,0.4444444444444444,0.35,"{""clf__C"": 0.1, ""clf__scale"": 0.5}",20.477443600000697
65,quantum/IQP-kernel-SVM,quantum,11,0.6666666666666666,0.3,"{""clf__C"": 10.0, ""clf__scale"": 1.0}",20.477443600000697
65,quantum/IQP-kernel-SVM,quantum,12,0.4444444444444444,0.6,"{""clf__C"": 1.0, ""clf__scale"": 0.5}",20.477443600000697
65,quantum/IQP-kernel-SVM,quantum,13,0.6666666666666666,0.9500000000000001,"{""clf__C"": 1.0, ""clf__scale"": 0.5}",20.477443600000697
65,quantum/IQP-kernel-SVM,quantum,14,0.8888888888888888,0.9500000000000001,"{""clf__C"": 10.0, ""clf__scale"": 2.0}",20.477443600000697
65,quantum/CNOT-kernel-SVM,quantum,0,0.5555555555555556,0.55,"{""clf__C"": 1.0, ""clf__scale"": 0.5}",18.38160219999918
65,quantum/CNOT-kernel-SVM,quantum,1,0.4444444444444444,0.55,"{""clf__C"": 10.0, ""clf__scale"": 2.0}",18.38160219999918
65,quantum/CNOT-kernel-SVM,quantum,2,0.5555555555555556,0.75,"{""clf__C"": 0.1, ""clf__scale"": 0.5}",18.38160219999918
65,quantum/CNOT-kernel-SVM,quantum,3,0.4444444444444444,0.75,"{""clf__C"": 1.0, ""clf__scale"": 0.5}",18.38160219999918
65,quantum/CNOT-kernel-SVM,quantum,4,0.5555555555555556,0.6,"{""clf__C"": 1.0, ""clf__scale"": 0.5}",18.38160219999918
65,quantum/CNOT-kernel-SVM,quantum,5,0.4444444444444444,0.65,"{""clf__C"": 10.0, ""clf__scale"": 0.5}",18.38160219999918
65,quantum/CNOT-kernel-SVM,quantum,6,0.4444444444444444,0.55,"{""clf__C"": 1.0, ""clf__scale"": 0.5}",18.38160219999918
65,quantum/CNOT-kernel-SVM,quantum,7,0.5555555555555556,0.8,"{""clf__C"": 0.1, ""clf__scale"": 0.5}",18.38160219999918
65,quantum/CNOT-kernel-SVM,quantum,8,0.2222222222222222,0.25,"{""clf__C"": 10.0, ""clf__scale"": 1.0}",18.38160219999918
65,quantum/CNOT-kernel-SVM,quantum,9,0.5555555555555556,0.75,"{""clf__C"": 1.0, ""clf__scale"": 1.0}",18.38160219999918
65,quantum/CNOT-kernel-SVM,quantum,10,0.2222222222222222,0.4,"{""clf__C"": 10.0, ""clf__scale"": 0.5}",18.38160219999918
65,quantum/CNOT-kernel-SVM,quantum,11,0.5555555555555556,0.3,"{""clf__C"": 1.0, ""clf__scale"": 1.0}",18.38160219999918
65,quantum/CNOT-kernel-SVM,quantum,12,0.4444444444444444,0.7,"{""clf__C"": 10.0, ""clf__scale"": 0.5}",18.38160219999918
65,quantum/CNOT-kernel-SVM,quantum,13,0.7777777777777778,0.8,"{""clf__C"": 10.0, ""clf__scale"": 1.0}",18.38160219999918
65,quantum/CNOT-kernel-SVM,quantum,14,0.7777777777777778,0.75,"{""clf__C"": 1.0, ""clf__scale"": 0.5}",18.38160219999918
65,control/IQP-no-entangle,control,0,0.4444444444444444,0.6000000000000001,"{""clf__C"": 0.1, ""clf__scale"": 0.5}",16.957690699999148
65,control/IQP-no-entangle,control,1,0.6666666666666666,0.65,"{""clf__C"": 10.0, ""clf__scale"": 2.0}",16.957690699999148
65,control/IQP-no-entangle,control,2,0.5555555555555556,0.8,"{""clf__C"": 0.1, ""clf__scale"": 0.5}",16.957690699999148
65,control/IQP-no-entangle,control,3,0.5555555555555556,0.8,"{""clf__C"": 10.0, ""clf__scale"": 0.5}",16.957690699999148
65,control/IQP-no-entangle,control,4,0.5555555555555556,0.6,"{""clf__C"": 1.0, ""clf__scale"": 0.5}",16.957690699999148
65,control/IQP-no-entangle,control,5,0.5555555555555556,0.65,"{""clf__C"": 10.0, ""clf__scale"": 0.5}",16.957690699999148
65,control/IQP-no-entangle,control,6,0.5555555555555556,0.6,"{""clf__C"": 1.0, ""clf__scale"": 0.5}",16.957690699999148
65,control/IQP-no-entangle,control,7,0.6666666666666666,1.0,"{""clf__C"": 1.0, ""clf__scale"": 1.0}",16.957690699999148
65,control/IQP-no-entangle,control,8,0.4444444444444444,0.25,"{""clf__C"": 10.0, ""clf__scale"": 1.0}",16.957690699999148
65,control/IQP-no-entangle,control,9,0.4444444444444444,0.7,"{""clf__C"": 1.0, ""clf__scale"": 1.0}",16.957690699999148
65,control/IQP-no-entangle,control,10,0.4444444444444444,0.35,"{""clf__C"": 10.0, ""clf__scale"": 0.5}",16.957690699999148
65,control/IQP-no-entangle,control,11,0.5555555555555556,0.3,"{""clf__C"": 1.0, ""clf__scale"": 1.0}",16.957690699999148
65,control/IQP-no-entangle,control,12,0.5555555555555556,0.6,"{""clf__C"": 10.0, ""clf__scale"": 1.0}",16.957690699999148
65,control/IQP-no-entangle,control,13,0.7777777777777778,0.8,"{""clf__C"": 10.0, ""clf__scale"": 1.0}",16.957690699999148
65,control/IQP-no-entangle,control,14,0.7777777777777778,0.75,"{""clf__C"": 10.0, ""clf__scale"": 0.5}",16.957690699999148
65,control/PCA-matched-RBF,control,0,0.5555555555555556,0.45000000000000007,"{""clf__C"": 10.0, ""clf__gamma"": 0.1}",13.439772400000948
65,control/PCA-matched-RBF,control,1,0.7777777777777778,0.8,"{""clf__C"": 10.0, ""clf__gamma"": 0.01}",13.439772400000948
65,control/PCA-matched-RBF,control,2,0.5555555555555556,0.75,"{""clf__C"": 0.1, ""clf__gamma"": ""scale""}",13.439772400000948
65,control/PCA-matched-RBF,control,3,0.4444444444444444,0.7,"{""clf__C"": 1.0, ""clf__gamma"": ""scale""}",13.439772400000948
65,control/PCA-matched-RBF,control,4,0.5555555555555556,0.6,"{""clf__C"": 10.0, ""clf__gamma"": 0.1}",13.439772400000948
65,control/PCA-matched-RBF,control,5,0.5555555555555556,0.65,"{""clf__C"": 10.0, ""clf__gamma"": 0.1}",13.439772400000948
65,control/PCA-matched-RBF,control,6,0.5555555555555556,0.6,"{""clf__C"": 10.0, ""clf__gamma"": 0.01}",13.439772400000948
65,control/PCA-matched-RBF,control,7,0.5555555555555556,0.85,"{""clf__C"": 0.1, ""clf__gamma"": ""scale""}",13.439772400000948
65,control/PCA-matched-RBF,control,8,0.2222222222222222,0.3,"{""clf__C"": 10.0, ""clf__gamma"": ""scale""}",13.439772400000948
65,control/PCA-matched-RBF,control,9,0.5555555555555556,0.7,"{""clf__C"": 1.0, ""clf__gamma"": ""scale""}",13.439772400000948
65,control/PCA-matched-RBF,control,10,0.2222222222222222,0.35,"{""clf__C"": 1.0, ""clf__gamma"": 0.1}",13.439772400000948
65,control/PCA-matched-RBF,control,11,0.4444444444444444,0.25,"{""clf__C"": 1.0, ""clf__gamma"": ""scale""}",13.439772400000948
65,control/PCA-matched-RBF,control,12,0.6666666666666666,0.8,"{""clf__C"": 10.0, ""clf__gamma"": 0.01}",13.439772400000948
65,control/PCA-matched-RBF,control,13,0.5555555555555556,1.0,"{""clf__C"": 0.1, ""clf__gamma"": ""scale""}",13.439772400000948
65,control/PCA-matched-RBF,control,14,0.6666666666666666,0.75,"{""clf__C"": 10.0, ""clf__gamma"": 0.1}",13.439772400000948
65,control/PCA-matched-linear,control,0,0.4444444444444444,0.7,"{""clf__C"": 0.1}",4.8065953999994235
65,control/PCA-matched-linear,control,1,0.7777777777777778,0.8,"{""clf__C"": 0.1}",4.8065953999994235
65,control/PCA-matched-linear,control,2,0.7777777777777778,0.8,"{""clf__C"": 1.0}",4.8065953999994235
65,control/PCA-matched-linear,control,3,0.5555555555555556,0.75,"{""clf__C"": 1.0}",4.8065953999994235
65,control/PCA-matched-linear,control,4,0.5555555555555556,0.75,"{""clf__C"": 10.0}",4.8065953999994235
65,control/PCA-matched-linear,control,5,0.5555555555555556,0.6,"{""clf__C"": 0.1}",4.8065953999994235
65,control/PCA-matched-linear,control,6,0.5555555555555556,0.55,"{""clf__C"": 0.1}",4.8065953999994235
65,control/PCA-matched-linear,control,7,0.5555555555555556,1.0,"{""clf__C"": 10.0}",4.8065953999994235
65,control/PCA-matched-linear,control,8,0.4444444444444444,0.39999999999999997,"{""clf__C"": 1.0}",4.8065953999994235
65,control/PCA-matched-linear,control,9,0.7777777777777778,0.9500000000000001,"{""clf__C"": 10.0}",4.8065953999994235
65,control/PCA-matched-linear,control,10,0.4444444444444444,0.35,"{""clf__C"": 1.0}",4.8065953999994235
65,control/PCA-matched-linear,control,11,0.4444444444444444,0.35,"{""clf__C"": 10.0}",4.8065953999994235
65,control/PCA-matched-linear,control,12,0.5555555555555556,0.8,"{""clf__C"": 1.0}",4.8065953999994235
65,control/PCA-matched-linear,control,13,0.8888888888888888,0.9500000000000001,"{""clf__C"": 10.0}",4.8065953999994235
65,control/PCA-matched-linear,control,14,0.6666666666666666,0.8,"{""clf__C"": 1.0}",4.8065953999994235
65,control/logeuclid-TS+LR,control,0,0.6666666666666666,0.9,"{""clf__C"": 1.0}",4.231317800000397
65,control/logeuclid-TS+LR,control,1,0.7777777777777778,0.8,"{""clf__C"": 10.0}",4.231317800000397
65,control/logeuclid-TS+LR,control,2,0.7777777777777778,0.85,"{""clf__C"": 10.0}",4.231317800000397
65,control/logeuclid-TS+LR,control,3,0.5555555555555556,0.7000000000000001,"{""clf__C"": 1.0}",4.231317800000397
65,control/logeuclid-TS+LR,control,4,0.5555555555555556,0.4,"{""clf__C"": 10.0}",4.231317800000397
65,control/logeuclid-TS+LR,control,5,0.8888888888888888,0.95,"{""clf__C"": 10.0}",4.231317800000397
65,control/logeuclid-TS+LR,control,6,0.4444444444444444,0.5,"{""clf__C"": 10.0}",4.231317800000397
65,control/logeuclid-TS+LR,control,7,0.8888888888888888,0.9,"{""clf__C"": 10.0}",4.231317800000397
65,control/logeuclid-TS+LR,control,8,0.4444444444444444,0.5,"{""clf__C"": 10.0}",4.231317800000397
65,control/logeuclid-TS+LR,control,9,0.5555555555555556,0.65,"{""clf__C"": 10.0}",4.231317800000397
65,control/logeuclid-TS+LR,control,10,0.6666666666666666,0.9,"{""clf__C"": 10.0}",4.231317800000397
65,control/logeuclid-TS+LR,control,11,0.7777777777777778,0.7000000000000001,"{""clf__C"": 10.0}",4.231317800000397
65,control/logeuclid-TS+LR,control,12,0.6666666666666666,0.75,"{""clf__C"": 1.0}",4.231317800000397
65,control/logeuclid-TS+LR,control,13,0.8888888888888888,0.8,"{""clf__C"": 1.0}",4.231317800000397
65,control/logeuclid-TS+LR,control,14,0.4444444444444444,0.3,"{""clf__C"": 10.0}",4.231317800000397
65,control/riemann-kernel-SVM,control,0,0.6666666666666666,0.9,"{""clf__C"": 10.0}",4.378783899999689
65,control/riemann-kernel-SVM,control,1,0.6666666666666666,0.85,"{""clf__C"": 1.0}",4.378783899999689
65,control/riemann-kernel-SVM,control,2,0.6666666666666666,0.85,"{""clf__C"": 1.0}",4.378783899999689
65,control/riemann-kernel-SVM,control,3,0.4444444444444444,0.8,"{""clf__C"": 1.0}",4.378783899999689
65,control/riemann-kernel-SVM,control,4,0.4444444444444444,0.5,"{""clf__C"": 1.0}",4.378783899999689
65,control/riemann-kernel-SVM,control,5,0.4444444444444444,0.95,"{""clf__C"": 0.1}",4.378783899999689
65,control/riemann-kernel-SVM,control,6,0.5555555555555556,0.65,"{""clf__C"": 1.0}",4.378783899999689
65,control/riemann-kernel-SVM,control,7,0.7777777777777778,1.0,"{""clf__C"": 10.0}",4.378783899999689
65,control/riemann-kernel-SVM,control,8,0.3333333333333333,0.4,"{""clf__C"": 1.0}",4.378783899999689
65,control/riemann-kernel-SVM,control,9,0.4444444444444444,0.5,"{""clf__C"": 10.0}",4.378783899999689
65,control/riemann-kernel-SVM,control,10,0.8888888888888888,0.9,"{""clf__C"": 10.0}",4.378783899999689
65,control/riemann-kernel-SVM,control,11,0.6666666666666666,0.6,"{""clf__C"": 1.0}",4.378783899999689
65,control/riemann-kernel-SVM,control,12,0.7777777777777778,0.75,"{""clf__C"": 10.0}",4.378783899999689
65,control/riemann-kernel-SVM,control,13,0.7777777777777778,0.85,"{""clf__C"": 10.0}",4.378783899999689
65,control/riemann-kernel-SVM,control,14,0.3333333333333333,0.24999999999999997,"{""clf__C"": 10.0}",4.378783899999689
65,control/logeuclid-kernel-SVM,control,0,0.7777777777777778,0.9,"{""clf__C"": 10.0}",4.604579500000909
65,control/logeuclid-kernel-SVM,control,1,0.6666666666666666,0.9,"{""clf__C"": 10.0}",4.604579500000909
65,control/logeuclid-kernel-SVM,control,2,0.4444444444444444,0.7,"{""clf__C"": 10.0}",4.604579500000909
65,control/logeuclid-kernel-SVM,control,3,0.4444444444444444,0.8,"{""clf__C"": 1.0}",4.604579500000909
65,control/logeuclid-kernel-SVM,control,4,0.5555555555555556,0.6000000000000001,"{""clf__C"": 10.0}",4.604579500000909
65,control/logeuclid-kernel-SVM,control,5,0.8888888888888888,0.9,"{""clf__C"": 10.0}",4.604579500000909
65,control/logeuclid-kernel-SVM,control,6,0.6666666666666666,0.75,"{""clf__C"": 1.0}",4.604579500000909
65,control/logeuclid-kernel-SVM,control,7,0.7777777777777778,1.0,"{""clf__C"": 10.0}",4.604579500000909
65,control/logeuclid-kernel-SVM,control,8,0.2222222222222222,0.25,"{""clf__C"": 1.0}",4.604579500000909
65,control/logeuclid-kernel-SVM,control,9,0.3333333333333333,0.5,"{""clf__C"": 10.0}",4.604579500000909
65,control/logeuclid-kernel-SVM,control,10,0.5555555555555556,0.65,"{""clf__C"": 1.0}",4.604579500000909
65,control/logeuclid-kernel-SVM,control,11,0.6666666666666666,0.44999999999999996,"{""clf__C"": 1.0}",4.604579500000909
65,control/logeuclid-kernel-SVM,control,12,0.4444444444444444,0.5499999999999999,"{""clf__C"": 1.0}",4.604579500000909
65,control/logeuclid-kernel-SVM,control,13,0.6666666666666666,0.9,"{""clf__C"": 10.0}",4.604579500000909
65,control/logeuclid-kernel-SVM,control,14,0.2222222222222222,0.24999999999999997,"{""clf__C"": 10.0}",4.604579500000909
66,classical/logvar+LDA,classical,0,0.5555555555555556,0.6,{},0.0856859000014083
66,classical/logvar+LDA,classical,1,0.6666666666666666,0.55,{},0.0856859000014083
66,classical/logvar+LDA,classical,2,0.5555555555555556,0.45000000000000007,{},0.0856859000014083
66,classical/logvar+LDA,classical,3,0.5555555555555556,0.6,{},0.0856859000014083
66,classical/logvar+LDA,classical,4,0.5555555555555556,0.5499999999999999,{},0.0856859000014083
66,classical/logvar+LDA,classical,5,0.7777777777777778,0.9500000000000001,{},0.0856859000014083
66,classical/logvar+LDA,classical,6,0.3333333333333333,0.3,{},0.0856859000014083
66,classical/logvar+LDA,classical,7,0.6666666666666666,0.55,{},0.0856859000014083
66,classical/logvar+LDA,classical,8,0.2222222222222222,0.5,{},0.0856859000014083
66,classical/logvar+LDA,classical,9,0.6666666666666666,0.7,{},0.0856859000014083
66,classical/logvar+LDA,classical,10,0.4444444444444444,0.35,{},0.0856859000014083
66,classical/logvar+LDA,classical,11,0.2222222222222222,0.29999999999999993,{},0.0856859000014083
66,classical/logvar+LDA,classical,12,0.6666666666666666,0.5499999999999999,{},0.0856859000014083
66,classical/logvar+LDA,classical,13,0.8888888888888888,0.9,{},0.0856859000014083
66,classical/logvar+LDA,classical,14,0.4444444444444444,0.55,{},0.0856859000014083
66,classical/CSP+LDA,classical,0,0.8888888888888888,0.8500000000000001,"{""csp__nfilter"": 2}",3.7572655999993003
66,classical/CSP+LDA,classical,1,0.3333333333333333,0.6000000000000001,"{""csp__nfilter"": 6}",3.7572655999993003
66,classical/CSP+LDA,classical,2,0.4444444444444444,0.30000000000000004,"{""csp__nfilter"": 4}",3.7572655999993003
66,classical/CSP+LDA,classical,3,0.4444444444444444,0.55,"{""csp__nfilter"": 2}",3.7572655999993003
66,classical/CSP+LDA,classical,4,0.5555555555555556,0.65,"{""csp__nfilter"": 6}",3.7572655999993003
66,classical/CSP+LDA,classical,5,0.4444444444444444,0.5,"{""csp__nfilter"": 6}",3.7572655999993003
66,classical/CSP+LDA,classical,6,0.3333333333333333,0.19999999999999996,"{""csp__nfilter"": 6}",3.7572655999993003
66,classical/CSP+LDA,classical,7,0.4444444444444444,0.45,"{""csp__nfilter"": 2}",3.7572655999993003
66,classical/CSP+LDA,classical,8,0.3333333333333333,0.3,"{""csp__nfilter"": 2}",3.7572655999993003
66,classical/CSP+LDA,classical,9,0.4444444444444444,0.6499999999999999,"{""csp__nfilter"": 6}",3.7572655999993003
66,classical/CSP+LDA,classical,10,0.3333333333333333,0.19999999999999998,"{""csp__nfilter"": 6}",3.7572655999993003
66,classical/CSP+LDA,classical,11,0.2222222222222222,0.19999999999999996,"{""csp__nfilter"": 2}",3.7572655999993003
66,classical/CSP+LDA,classical,12,0.3333333333333333,0.45,"{""csp__nfilter"": 2}",3.7572655999993003
66,classical/CSP+LDA,classical,13,0.2222222222222222,0.4,"{""csp__nfilter"": 4}",3.7572655999993003
66,classical/CSP+LDA,classical,14,0.5555555555555556,0.5499999999999999,"{""csp__nfilter"": 6}",3.7572655999993003
66,classical/MDM,classical,0,0.7777777777777778,0.6,{},0.47799599999962084
66,classical/MDM,classical,1,0.5555555555555556,0.44999999999999996,{},0.47799599999962084
66,classical/MDM,classical,2,0.4444444444444444,0.4,{},0.47799599999962084
66,classical/MDM,classical,3,0.4444444444444444,0.55,{},0.47799599999962084
66,classical/MDM,classical,4,0.6666666666666666,0.55,{},0.47799599999962084
66,classical/MDM,classical,5,0.6666666666666666,0.7000000000000001,{},0.47799599999962084
66,classical/MDM,classical,6,0.4444444444444444,0.4,{},0.47799599999962084
66,classical/MDM,classical,7,0.5555555555555556,0.65,{},0.47799599999962084
66,classical/MDM,classical,8,0.4444444444444444,0.5,{},0.47799599999962084
66,classical/MDM,classical,9,0.6666666666666666,0.5499999999999999,{},0.47799599999962084
66,classical/MDM,classical,10,0.5555555555555556,0.45,{},0.47799599999962084
66,classical/MDM,classical,11,0.6666666666666666,0.5,{},0.47799599999962084
66,classical/MDM,classical,12,0.3333333333333333,0.39999999999999997,{},0.47799599999962084
66,classical/MDM,classical,13,0.5555555555555556,0.65,{},0.47799599999962084
66,classical/MDM,classical,14,0.5555555555555556,0.65,{},0.47799599999962084
66,classical/TS+LR,classical,0,0.4444444444444444,0.65,"{""clf__C"": 1.0}",4.845209600000089
66,classical/TS+LR,classical,1,0.3333333333333333,0.45,"{""clf__C"": 0.1}",4.845209600000089
66,classical/TS+LR,classical,2,0.4444444444444444,0.3,"{""clf__C"": 1.0}",4.845209600000089
66,classical/TS+LR,classical,3,0.3333333333333333,0.25,"{""clf__C"": 0.1}",4.845209600000089
66,classical/TS+LR,classical,4,0.6666666666666666,0.6,"{""clf__C"": 0.1}",4.845209600000089
66,classical/TS+LR,classical,5,0.5555555555555556,0.55,"{""clf__C"": 0.1}",4.845209600000089
66,classical/TS+LR,classical,6,0.3333333333333333,0.19999999999999996,"{""clf__C"": 0.1}",4.845209600000089
66,classical/TS+LR,classical,7,0.2222222222222222,0.35,"{""clf__C"": 10.0}",4.845209600000089
66,classical/TS+LR,classical,8,0.2222222222222222,0.30000000000000004,"{""clf__C"": 1.0}",4.845209600000089
66,classical/TS+LR,classical,9,0.5555555555555556,0.30000000000000004,"{""clf__C"": 1.0}",4.845209600000089
66,classical/TS+LR,classical,10,0.4444444444444444,0.24999999999999997,"{""clf__C"": 10.0}",4.845209600000089
66,classical/TS+LR,classical,11,0.5555555555555556,0.55,"{""clf__C"": 0.1}",4.845209600000089
66,classical/TS+LR,classical,12,0.5555555555555556,0.55,"{""clf__C"": 0.1}",4.845209600000089
66,classical/TS+LR,classical,13,0.5555555555555556,0.65,"{""clf__C"": 0.1}",4.845209600000089
66,classical/TS+LR,classical,14,0.3333333333333333,0.25,"{""clf__C"": 1.0}",4.845209600000089
66,classical/TS+RBF-SVM,classical,0,0.6666666666666666,0.75,"{""clf__C"": 10.0, ""clf__gamma"": 0.1}",12.799885299999005
66,classical/TS+RBF-SVM,classical,1,0.3333333333333333,0.6000000000000001,"{""clf__C"": 1.0, ""clf__gamma"": 0.01}",12.799885299999005
66,classical/TS+RBF-SVM,classical,2,0.3333333333333333,0.4,"{""clf__C"": 10.0, ""clf__gamma"": ""scale""}",12.799885299999005
66,classical/TS+RBF-SVM,classical,3,0.5555555555555556,0.49999999999999994,"{""clf__C"": 1.0, ""clf__gamma"": 0.01}",12.799885299999005
66,classical/TS+RBF-SVM,classical,4,0.8888888888888888,1.0,"{""clf__C"": 1.0, ""clf__gamma"": ""scale""}",12.799885299999005
66,classical/TS+RBF-SVM,classical,5,0.5555555555555556,0.85,"{""clf__C"": 10.0, ""clf__gamma"": 0.1}",12.799885299999005
66,classical/TS+RBF-SVM,classical,6,0.2222222222222222,0.29999999999999993,"{""clf__C"": 1.0, ""clf__gamma"": 0.01}",12.799885299999005
66,classical/TS+RBF-SVM,classical,7,0.5555555555555556,0.65,"{""clf__C"": 10.0, ""clf__gamma"": ""scale""}",12.799885299999005
66,classical/TS+RBF-SVM,classical,8,0.5555555555555556,0.5,"{""clf__C"": 1.0, ""clf__gamma"": ""scale""}",12.799885299999005
66,classical/TS+RBF-SVM,classical,9,0.4444444444444444,0.5499999999999999,"{""clf__C"": 10.0, ""clf__gamma"": ""scale""}",12.799885299999005
66,classical/TS+RBF-SVM,classical,10,0.4444444444444444,0.35,"{""clf__C"": 10.0, ""clf__gamma"": ""scale""}",12.799885299999005
66,classical/TS+RBF-SVM,classical,11,0.6666666666666666,0.75,"{""clf__C"": 1.0, ""clf__gamma"": ""scale""}",12.799885299999005
66,classical/TS+RBF-SVM,classical,12,0.6666666666666666,0.8,"{""clf__C"": 10.0, ""clf__gamma"": ""scale""}",12.799885299999005
66,classical/TS+RBF-SVM,classical,13,0.7777777777777778,0.8,"{""clf__C"": 10.0, ""clf__gamma"": 0.1}",12.799885299999005
66,classical/TS+RBF-SVM,classical,14,0.6666666666666666,0.6000000000000001,"{""clf__C"": 10.0, ""clf__gamma"": ""scale""}",12.799885299999005
66,quantum/HS-overlap-SVM,quantum,0,0.5555555555555556,0.8,"{""clf__C"": 10.0}",3.7937337000003026
66,quantum/HS-overlap-SVM,quantum,1,0.4444444444444444,0.49999999999999994,"{""clf__C"": 10.0}",3.7937337000003026
66,quantum/HS-overlap-SVM,quantum,2,0.6666666666666666,0.45000000000000007,"{""clf__C"": 0.1}",3.7937337000003026
66,quantum/HS-overlap-SVM,quantum,3,0.5555555555555556,0.55,"{""clf__C"": 10.0}",3.7937337000003026
66,quantum/HS-overlap-SVM,quantum,4,0.6666666666666666,0.6,"{""clf__C"": 10.0}",3.7937337000003026
66,quantum/HS-overlap-SVM,quantum,5,0.4444444444444444,0.7,"{""clf__C"": 0.1}",3.7937337000003026
66,quantum/HS-overlap-SVM,quantum,6,0.4444444444444444,0.5,"{""clf__C"": 0.1}",3.7937337000003026
66,quantum/HS-overlap-SVM,quantum,7,0.6666666666666666,0.65,"{""clf__C"": 10.0}",3.7937337000003026
66,quantum/HS-overlap-SVM,quantum,8,0.3333333333333333,0.45,"{""clf__C"": 10.0}",3.7937337000003026
66,quantum/HS-overlap-SVM,quantum,9,0.7777777777777778,0.8,"{""clf__C"": 0.1}",3.7937337000003026
66,quantum/HS-overlap-SVM,quantum,10,0.4444444444444444,0.4,"{""clf__C"": 10.0}",3.7937337000003026
66,quantum/HS-overlap-SVM,quantum,11,0.3333333333333333,0.39999999999999997,"{""clf__C"": 10.0}",3.7937337000003026
66,quantum/HS-overlap-SVM,quantum,12,0.3333333333333333,0.35,"{""clf__C"": 0.1}",3.7937337000003026
66,quantum/HS-overlap-SVM,quantum,13,0.7777777777777778,0.7500000000000001,"{""clf__C"": 0.1}",3.7937337000003026
66,quantum/HS-overlap-SVM,quantum,14,0.6666666666666666,0.65,"{""clf__C"": 10.0}",3.7937337000003026
66,quantum/Fidelity-SVM,quantum,0,0.4444444444444444,0.85,"{""clf__C"": 0.1}",5.311492800001361
66,quantum/Fidelity-SVM,quantum,1,0.5555555555555556,0.35,"{""clf__C"": 10.0}",5.311492800001361
66,quantum/Fidelity-SVM,quantum,2,0.7777777777777778,0.6499999999999999,"{""clf__C"": 10.0}",5.311492800001361
66,quantum/Fidelity-SVM,quantum,3,0.5555555555555556,0.5,"{""clf__C"": 10.0}",5.311492800001361
66,quantum/Fidelity-SVM,quantum,4,0.5555555555555556,0.5499999999999999,"{""clf__C"": 10.0}",5.311492800001361
66,quantum/Fidelity-SVM,quantum,5,0.4444444444444444,0.7,"{""clf__C"": 0.1}",5.311492800001361
66,quantum/Fidelity-SVM,quantum,6,0.4444444444444444,0.5,"{""clf__C"": 0.1}",5.311492800001361
66,quantum/Fidelity-SVM,quantum,7,0.5555555555555556,0.6,"{""clf__C"": 10.0}",5.311492800001361
66,quantum/Fidelity-SVM,quantum,8,0.5555555555555556,0.4,"{""clf__C"": 0.1}",5.311492800001361
66,quantum/Fidelity-SVM,quantum,9,0.7777777777777778,0.9,"{""clf__C"": 0.1}",5.311492800001361
66,quantum/Fidelity-SVM,quantum,10,0.4444444444444444,0.45,"{""clf__C"": 10.0}",5.311492800001361
66,quantum/Fidelity-SVM,quantum,11,0.3333333333333333,0.35,"{""clf__C"": 10.0}",5.311492800001361
66,quantum/Fidelity-SVM,quantum,12,0.4444444444444444,0.30000000000000004,"{""clf__C"": 0.1}",5.311492800001361
66,quantum/Fidelity-SVM,quantum,13,0.6666666666666666,0.6,"{""clf__C"": 10.0}",5.311492800001361
66,quantum/Fidelity-SVM,quantum,14,0.6666666666666666,0.49999999999999994,"{""clf__C"": 0.1}",5.311492800001361
66,quantum/HS-RBF-SVM,quantum,0,0.8888888888888888,0.8,"{""clf__C"": 1.0, ""clf__gamma_mult"": 4.0}",10.653083499999411
66,quantum/HS-RBF-SVM,quantum,1,0.4444444444444444,0.55,"{""clf__C"": 10.0, ""clf__gamma_mult"": 0.25}",10.653083499999411
66,quantum/HS-RBF-SVM,quantum,2,0.6666666666666666,0.5,"{""clf__C"": 1.0, ""clf__gamma_mult"": 4.0}",10.653083499999411
66,quantum/HS-RBF-SVM,quantum,3,0.5555555555555556,0.5,"{""clf__C"": 10.0, ""clf__gamma_mult"": 1.0}",10.653083499999411
66,quantum/HS-RBF-SVM,quantum,4,0.6666666666666666,0.7,"{""clf__C"": 10.0, ""clf__gamma_mult"": 1.0}",10.653083499999411
66,quantum/HS-RBF-SVM,quantum,5,0.5555555555555556,0.7,"{""clf__C"": 1.0, ""clf__gamma_mult"": 4.0}",10.653083499999411
66,quantum/HS-RBF-SVM,quantum,6,0.3333333333333333,0.45,"{""clf__C"": 1.0, ""clf__gamma_mult"": 4.0}",10.653083499999411
66,quantum/HS-RBF-SVM,quantum,7,0.6666666666666666,0.5,"{""clf__C"": 1.0, ""clf__gamma_mult"": 4.0}",10.653083499999411
66,quantum/HS-RBF-SVM,quantum,8,0.3333333333333333,0.6,"{""clf__C"": 1.0, ""clf__gamma_mult"": 1.0}",10.653083499999411
66,quantum/HS-RBF-SVM,quantum,9,0.7777777777777778,0.7500000000000001,"{""clf__C"": 10.0, ""clf__gamma_mult"": 1.0}",10.653083499999411
66,quantum/HS-RBF-SVM,quantum,10,0.5555555555555556,0.45,"{""clf__C"": 1.0, ""clf__gamma_mult"": 1.0}",10.653083499999411
66,quantum/HS-RBF-SVM,quantum,11,0.4444444444444444,0.44999999999999996,"{""clf__C"": 1.0, ""clf__gamma_mult"": 1.0}",10.653083499999411
66,quantum/HS-RBF-SVM,quantum,12,0.4444444444444444,0.45,"{""clf__C"": 1.0, ""clf__gamma_mult"": 1.0}",10.653083499999411
66,quantum/HS-RBF-SVM,quantum,13,0.7777777777777778,0.9,"{""clf__C"": 1.0, ""clf__gamma_mult"": 1.0}",10.653083499999411
66,quantum/HS-RBF-SVM,quantum,14,0.7777777777777778,0.6000000000000001,"{""clf__C"": 1.0, ""clf__gamma_mult"": 4.0}",10.653083499999411
66,quantum/Bures-RBF-SVM,quantum,0,0.7777777777777778,0.8,"{""clf__C"": 1.0, ""clf__gamma_mult"": 4.0}",14.164576399998623
66,quantum/Bures-RBF-SVM,quantum,1,0.3333333333333333,0.45,"{""clf__C"": 10.0, ""clf__gamma_mult"": 1.0}",14.164576399998623
66,quantum/Bures-RBF-SVM,quantum,2,0.6666666666666666,0.45,"{""clf__C"": 1.0, ""clf__gamma_mult"": 4.0}",14.164576399998623
66,quantum/Bures-RBF-SVM,quantum,3,0.6666666666666666,0.55,"{""clf__C"": 10.0, ""clf__gamma_mult"": 0.25}",14.164576399998623
66,quantum/Bures-RBF-SVM,quantum,4,0.5555555555555556,0.6,"{""clf__C"": 1.0, ""clf__gamma_mult"": 4.0}",14.164576399998623
66,quantum/Bures-RBF-SVM,quantum,5,0.6666666666666666,0.7,"{""clf__C"": 1.0, ""clf__gamma_mult"": 1.0}",14.164576399998623
66,quantum/Bures-RBF-SVM,quantum,6,0.4444444444444444,0.45,"{""clf__C"": 1.0, ""clf__gamma_mult"": 4.0}",14.164576399998623
66,quantum/Bures-RBF-SVM,quantum,7,0.6666666666666666,0.55,"{""clf__C"": 1.0, ""clf__gamma_mult"": 1.0}",14.164576399998623
66,quantum/Bures-RBF-SVM,quantum,8,0.5555555555555556,0.7500000000000001,"{""clf__C"": 10.0, ""clf__gamma_mult"": 1.0}",14.164576399998623
66,quantum/Bures-RBF-SVM,quantum,9,0.6666666666666666,0.6,"{""clf__C"": 10.0, ""clf__gamma_mult"": 4.0}",14.164576399998623
66,quantum/Bures-RBF-SVM,quantum,10,0.4444444444444444,0.55,"{""clf__C"": 10.0, ""clf__gamma_mult"": 1.0}",14.164576399998623
66,quantum/Bures-RBF-SVM,quantum,11,0.4444444444444444,0.44999999999999996,"{""clf__C"": 1.0, ""clf__gamma_mult"": 1.0}",14.164576399998623
66,quantum/Bures-RBF-SVM,quantum,12,0.5555555555555556,0.65,"{""clf__C"": 10.0, ""clf__gamma_mult"": 1.0}",14.164576399998623
66,quantum/Bures-RBF-SVM,quantum,13,0.6666666666666666,0.8,"{""clf__C"": 1.0, ""clf__gamma_mult"": 1.0}",14.164576399998623
66,quantum/Bures-RBF-SVM,quantum,14,0.7777777777777778,0.6500000000000001,"{""clf__C"": 10.0, ""clf__gamma_mult"": 0.25}",14.164576399998623
66,quantum/QRE-RBF-SVM,quantum,0,0.7777777777777778,0.8,"{""clf__C"": 1.0, ""clf__gamma_mult"": 1.0}",12.578701399999773
66,quantum/QRE-RBF-SVM,quantum,1,0.6666666666666666,0.45,"{""clf__C"": 1.0, ""clf__gamma_mult"": 1.0}",12.578701399999773
66,quantum/QRE-RBF-SVM,quantum,2,0.6666666666666666,0.45,"{""clf__C"": 1.0, ""clf__gamma_mult"": 4.0}",12.578701399999773
66,quantum/QRE-RBF-SVM,quantum,3,0.6666666666666666,0.55,"{""clf__C"": 10.0, ""clf__gamma_mult"": 0.25}",12.578701399999773
66,quantum/QRE-RBF-SVM,quantum,4,0.5555555555555556,0.6,"{""clf__C"": 1.0, ""clf__gamma_mult"": 4.0}",12.578701399999773
66,quantum/QRE-RBF-SVM,quantum,5,0.5555555555555556,0.7,"{""clf__C"": 1.0, ""clf__gamma_mult"": 4.0}",12.578701399999773
66,quantum/QRE-RBF-SVM,quantum,6,0.3333333333333333,0.45,"{""clf__C"": 1.0, ""clf__gamma_mult"": 4.0}",12.578701399999773
66,quantum/QRE-RBF-SVM,quantum,7,0.6666666666666666,0.6,"{""clf__C"": 1.0, ""clf__gamma_mult"": 1.0}",12.578701399999773
66,quantum/QRE-RBF-SVM,quantum,8,0.5555555555555556,0.6,"{""clf__C"": 1.0, ""clf__gamma_mult"": 1.0}",12.578701399999773
66,quantum/QRE-RBF-SVM,quantum,9,0.5555555555555556,0.6,"{""clf__C"": 10.0, ""clf__gamma_mult"": 4.0}",12.578701399999773
66,quantum/QRE-RBF-SVM,quantum,10,0.4444444444444444,0.55,"{""clf__C"": 10.0, ""clf__gamma_mult"": 1.0}",12.578701399999773
66,quantum/QRE-RBF-SVM,quantum,11,0.3333333333333333,0.44999999999999996,"{""clf__C"": 1.0, ""clf__gamma_mult"": 1.0}",12.578701399999773
66,quantum/QRE-RBF-SVM,quantum,12,0.5555555555555556,0.5,"{""clf__C"": 10.0, ""clf__gamma_mult"": 1.0}",12.578701399999773
66,quantum/QRE-RBF-SVM,quantum,13,0.6666666666666666,0.8,"{""clf__C"": 1.0, ""clf__gamma_mult"": 1.0}",12.578701399999773
66,quantum/QRE-RBF-SVM,quantum,14,0.7777777777777778,0.6000000000000001,"{""clf__C"": 1.0, ""clf__gamma_mult"": 4.0}",12.578701399999773
66,quantum/HS-overlap-ref-SVM,quantum,0,0.4444444444444444,0.9,"{""clf__C"": 0.1}",4.643423499999699
66,quantum/HS-overlap-ref-SVM,quantum,1,0.3333333333333333,0.5,"{""clf__C"": 10.0}",4.643423499999699
66,quantum/HS-overlap-ref-SVM,quantum,2,0.4444444444444444,0.4,"{""clf__C"": 10.0}",4.643423499999699
66,quantum/HS-overlap-ref-SVM,quantum,3,0.4444444444444444,0.30000000000000004,"{""clf__C"": 10.0}",4.643423499999699
66,quantum/HS-overlap-ref-SVM,quantum,4,0.5555555555555556,0.55,"{""clf__C"": 10.0}",4.643423499999699
66,quantum/HS-overlap-ref-SVM,quantum,5,0.4444444444444444,0.6,"{""clf__C"": 0.1}",4.643423499999699
66,quantum/HS-overlap-ref-SVM,quantum,6,0.3333333333333333,0.39999999999999997,"{""clf__C"": 10.0}",4.643423499999699
66,quantum/HS-overlap-ref-SVM,quantum,7,0.5555555555555556,0.7,"{""clf__C"": 0.1}",4.643423499999699
66,quantum/HS-overlap-ref-SVM,quantum,8,0.3333333333333333,0.25,"{""clf__C"": 10.0}",4.643423499999699
66,quantum/HS-overlap-ref-SVM,quantum,9,0.4444444444444444,0.35000000000000003,"{""clf__C"": 10.0}",4.643423499999699
66,quantum/HS-overlap-ref-SVM,quantum,10,0.3333333333333333,0.25,"{""clf__C"": 10.0}",4.643423499999699
66,quantum/HS-overlap-ref-SVM,quantum,11,0.4444444444444444,0.6000000000000001,"{""clf__C"": 0.1}",4.643423499999699
66,quantum/HS-overlap-ref-SVM,quantum,12,0.6666666666666666,0.9,"{""clf__C"": 0.1}",4.643423499999699
66,quantum/HS-overlap-ref-SVM,quantum,13,0.4444444444444444,0.5,"{""clf__C"": 0.1}",4.643423499999699
66,quantum/HS-overlap-ref-SVM,quantum,14,0.4444444444444444,0.35,"{""clf__C"": 10.0}",4.643423499999699
66,quantum/Fidelity-ref-SVM,quantum,0,0.4444444444444444,0.9,"{""clf__C"": 0.1}",6.330856299999141
66,quantum/Fidelity-ref-SVM,quantum,1,0.3333333333333333,0.6,"{""clf__C"": 10.0}",6.330856299999141
66,quantum/Fidelity-ref-SVM,quantum,2,0.4444444444444444,0.25,"{""clf__C"": 0.1}",6.330856299999141
66,quantum/Fidelity-ref-SVM,quantum,3,0.4444444444444444,0.4,"{""clf__C"": 10.0}",6.330856299999141
66,quantum/Fidelity-ref-SVM,quantum,4,0.6666666666666666,0.75,"{""clf__C"": 10.0}",6.330856299999141
66,quantum/Fidelity-ref-SVM,quantum,5,0.5555555555555556,0.65,"{""clf__C"": 10.0}",6.330856299999141
66,quantum/Fidelity-ref-SVM,quantum,6,0.3333333333333333,0.35,"{""clf__C"": 10.0}",6.330856299999141
66,quantum/Fidelity-ref-SVM,quantum,7,0.6666666666666666,0.65,"{""clf__C"": 0.1}",6.330856299999141
66,quantum/Fidelity-ref-SVM,quantum,8,0.4444444444444444,0.4,"{""clf__C"": 10.0}",6.330856299999141
66,quantum/Fidelity-ref-SVM,quantum,9,0.4444444444444444,0.5,"{""clf__C"": 10.0}",6.330856299999141
66,quantum/Fidelity-ref-SVM,quantum,10,0.3333333333333333,0.35,"{""clf__C"": 10.0}",6.330856299999141
66,quantum/Fidelity-ref-SVM,quantum,11,0.6666666666666666,0.6000000000000001,"{""clf__C"": 10.0}",6.330856299999141
66,quantum/Fidelity-ref-SVM,quantum,12,0.6666666666666666,0.8500000000000001,"{""clf__C"": 0.1}",6.330856299999141
66,quantum/Fidelity-ref-SVM,quantum,13,0.6666666666666666,0.55,"{""clf__C"": 10.0}",6.330856299999141
66,quantum/Fidelity-ref-SVM,quantum,14,0.5555555555555556,0.49999999999999994,"{""clf__C"": 10.0}",6.330856299999141
66,quantum/HS-RBF-ref-SVM,quantum,0,0.4444444444444444,0.9,"{""clf__C"": 0.1, ""clf__gamma_mult"": 0.25}",13.046370500000194
66,quantum/HS-RBF-ref-SVM,quantum,1,0.3333333333333333,0.5,"{""clf__C"": 10.0, ""clf__gamma_mult"": 0.25}",13.046370500000194
66,quantum/HS-RBF-ref-SVM,quantum,2,0.4444444444444444,0.44999999999999996,"{""clf__C"": 1.0, ""clf__gamma_mult"": 1.0}",13.046370500000194
66,quantum/HS-RBF-ref-SVM,quantum,3,0.4444444444444444,0.4,"{""clf__C"": 10.0, ""clf__gamma_mult"": 4.0}",13.046370500000194
66,quantum/HS-RBF-ref-SVM,quantum,4,0.4444444444444444,0.5,"{""clf__C"": 10.0, ""clf__gamma_mult"": 1.0}",13.046370500000194
66,quantum/HS-RBF-ref-SVM,quantum,5,0.4444444444444444,0.65,"{""clf__C"": 0.1, ""clf__gamma_mult"": 0.25}",13.046370500000194
66,quantum/HS-RBF-ref-SVM,quantum,6,0.3333333333333333,0.35,"{""clf__C"": 1.0, ""clf__gamma_mult"": 1.0}",13.046370500000194
66,quantum/HS-RBF-ref-SVM,quantum,7,0.6666666666666666,0.85,"{""clf__C"": 1.0, ""clf__gamma_mult"": 4.0}",13.046370500000194
66,quantum/HS-RBF-ref-SVM,quantum,8,0.3333333333333333,0.25,"{""clf__C"": 10.0, ""clf__gamma_mult"": 0.25}",13.046370500000194
66,quantum/HS-RBF-ref-SVM,quantum,9,0.3333333333333333,0.3,"{""clf__C"": 10.0, ""clf__gamma_mult"": 4.0}",13.046370500000194
66,quantum/HS-RBF-ref-SVM,quantum,10,0.2222222222222222,0.25,"{""clf__C"": 10.0, ""clf__gamma_mult"": 1.0}",13.046370500000194
66,quantum/HS-RBF-ref-SVM,quantum,11,0.5555555555555556,0.7000000000000001,"{""clf__C"": 1.0, ""clf__gamma_mult"": 4.0}",13.046370500000194
66,quantum/HS-RBF-ref-SVM,quantum,12,0.6666666666666666,0.75,"{""clf__C"": 10.0, ""clf__gamma_mult"": 4.0}",13.046370500000194
66,quantum/HS-RBF-ref-SVM,quantum,13,0.4444444444444444,0.55,"{""clf__C"": 1.0, ""clf__gamma_mult"": 1.0}",13.046370500000194
66,quantum/HS-RBF-ref-SVM,quantum,14,0.5555555555555556,0.5499999999999999,"{""clf__C"": 10.0, ""clf__gamma_mult"": 4.0}",13.046370500000194
66,quantum/Bures-RBF-ref-SVM,quantum,0,0.4444444444444444,0.9,"{""clf__C"": 0.1, ""clf__gamma_mult"": 0.25}",17.104921500000273
66,quantum/Bures-RBF-ref-SVM,quantum,1,0.3333333333333333,0.45,"{""clf__C"": 10.0, ""clf__gamma_mult"": 0.25}",17.104921500000273
66,quantum/Bures-RBF-ref-SVM,quantum,2,0.4444444444444444,0.4,"{""clf__C"": 1.0, ""clf__gamma_mult"": 1.0}",17.104921500000273
66,quantum/Bures-RBF-ref-SVM,quantum,3,0.5555555555555556,0.45,"{""clf__C"": 10.0, ""clf__gamma_mult"": 4.0}",17.104921500000273
66,quantum/Bures-RBF-ref-SVM,quantum,4,0.7777777777777778,0.95,"{""clf__C"": 1.0, ""clf__gamma_mult"": 4.0}",17.104921500000273
66,quantum/Bures-RBF-ref-SVM,quantum,5,0.6666666666666666,0.85,"{""clf__C"": 10.0, ""clf__gamma_mult"": 4.0}",17.104921500000273
66,quantum/Bures-RBF-ref-SVM,quantum,6,0.3333333333333333,0.3,"{""clf__C"": 10.0, ""clf__gamma_mult"": 0.25}",17.104921500000273
66,quantum/Bures-RBF-ref-SVM,quantum,7,0.6666666666666666,0.65,"{""clf__C"": 0.1, ""clf__gamma_mult"": 0.25}",17.104921500000273
66,quantum/Bures-RBF-ref-SVM,quantum,8,0.4444444444444444,0.4,"{""clf__C"": 1.0, ""clf__gamma_mult"": 1.0}",17.104921500000273
66,quantum/Bures-RBF-ref-SVM,quantum,9,0.3333333333333333,0.4,"{""clf__C"": 10.0, ""clf__gamma_mult"": 4.0}",17.104921500000273
66,quantum/Bures-RBF-ref-SVM,quantum,10,0.3333333333333333,0.25,"{""clf__C"": 10.0, ""clf__gamma_mult"": 0.25}",17.104921500000273
66,quantum/Bures-RBF-ref-SVM,quantum,11,0.6666666666666666,0.6000000000000001,"{""clf__C"": 1.0, ""clf__gamma_mult"": 1.0}",17.104921500000273
66,quantum/Bures-RBF-ref-SVM,quantum,12,0.6666666666666666,0.8,"{""clf__C"": 10.0, ""clf__gamma_mult"": 4.0}",17.104921500000273
66,quantum/Bures-RBF-ref-SVM,quantum,13,0.3333333333333333,0.55,"{""clf__C"": 1.0, ""clf__gamma_mult"": 1.0}",17.104921500000273
66,quantum/Bures-RBF-ref-SVM,quantum,14,0.5555555555555556,0.5499999999999999,"{""clf__C"": 10.0, ""clf__gamma_mult"": 4.0}",17.104921500000273
66,quantum/QRE-RBF-ref-SVM,quantum,0,0.4444444444444444,0.9,"{""clf__C"": 0.1, ""clf__gamma_mult"": 0.25}",14.885295500000211
66,quantum/QRE-RBF-ref-SVM,quantum,1,0.3333333333333333,0.45,"{""clf__C"": 10.0, ""clf__gamma_mult"": 0.25}",14.885295500000211
66,quantum/QRE-RBF-ref-SVM,quantum,2,0.4444444444444444,0.4,"{""clf__C"": 1.0, ""clf__gamma_mult"": 1.0}",14.885295500000211
66,quantum/QRE-RBF-ref-SVM,quantum,3,0.5555555555555556,0.45,"{""clf__C"": 10.0, ""clf__gamma_mult"": 4.0}",14.885295500000211
66,quantum/QRE-RBF-ref-SVM,quantum,4,0.5555555555555556,0.45,"{""clf__C"": 10.0, ""clf__gamma_mult"": 1.0}",14.885295500000211
66,quantum/QRE-RBF-ref-SVM,quantum,5,0.6666666666666666,0.85,"{""clf__C"": 10.0, ""clf__gamma_mult"": 4.0}",14.885295500000211
66,quantum/QRE-RBF-ref-SVM,quantum,6,0.3333333333333333,0.3,"{""clf__C"": 10.0, ""clf__gamma_mult"": 0.25}",14.885295500000211
66,quantum/QRE-RBF-ref-SVM,quantum,7,0.6666666666666666,0.8,"{""clf__C"": 10.0, ""clf__gamma_mult"": 4.0}",14.885295500000211
66,quantum/QRE-RBF-ref-SVM,quantum,8,0.4444444444444444,0.4,"{""clf__C"": 1.0, ""clf__gamma_mult"": 1.0}",14.885295500000211
66,quantum/QRE-RBF-ref-SVM,quantum,9,0.3333333333333333,0.4,"{""clf__C"": 10.0, ""clf__gamma_mult"": 4.0}",14.885295500000211
66,quantum/QRE-RBF-ref-SVM,quantum,10,0.3333333333333333,0.3,"{""clf__C"": 10.0, ""clf__gamma_mult"": 0.25}",14.885295500000211
66,quantum/QRE-RBF-ref-SVM,quantum,11,0.6666666666666666,0.6000000000000001,"{""clf__C"": 1.0, ""clf__gamma_mult"": 1.0}",14.885295500000211
66,quantum/QRE-RBF-ref-SVM,quantum,12,0.6666666666666666,0.8,"{""clf__C"": 10.0, ""clf__gamma_mult"": 4.0}",14.885295500000211
66,quantum/QRE-RBF-ref-SVM,quantum,13,0.3333333333333333,0.55,"{""clf__C"": 1.0, ""clf__gamma_mult"": 1.0}",14.885295500000211
66,quantum/QRE-RBF-ref-SVM,quantum,14,0.5555555555555556,0.5499999999999999,"{""clf__C"": 10.0, ""clf__gamma_mult"": 4.0}",14.885295500000211
66,quantum/IQP-kernel-SVM,quantum,0,0.4444444444444444,0.45,"{""clf__C"": 10.0, ""clf__scale"": 2.0}",20.78754889999982
66,quantum/IQP-kernel-SVM,quantum,1,0.4444444444444444,0.5,"{""clf__C"": 10.0, ""clf__scale"": 2.0}",20.78754889999982
66,quantum/IQP-kernel-SVM,quantum,2,0.5555555555555556,0.75,"{""clf__C"": 10.0, ""clf__scale"": 0.5}",20.78754889999982
66,quantum/IQP-kernel-SVM,quantum,3,0.6666666666666666,0.8,"{""clf__C"": 10.0, ""clf__scale"": 0.5}",20.78754889999982
66,quantum/IQP-kernel-SVM,quantum,4,0.6666666666666666,0.7,"{""clf__C"": 10.0, ""clf__scale"": 1.0}",20.78754889999982
66,quantum/IQP-kernel-SVM,quantum,5,0.2222222222222222,0.35,"{""clf__C"": 10.0, ""clf__scale"": 2.0}",20.78754889999982
66,quantum/IQP-kernel-SVM,quantum,6,0.4444444444444444,0.25,"{""clf__C"": 1.0, ""clf__scale"": 0.5}",20.78754889999982
66,quantum/IQP-kernel-SVM,quantum,7,0.5555555555555556,0.5,"{""clf__C"": 10.0, ""clf__scale"": 0.5}",20.78754889999982
66,quantum/IQP-kernel-SVM,quantum,8,0.4444444444444444,0.45000000000000007,"{""clf__C"": 10.0, ""clf__scale"": 0.5}",20.78754889999982
66,quantum/IQP-kernel-SVM,quantum,9,0.3333333333333333,0.3,"{""clf__C"": 10.0, ""clf__scale"": 1.0}",20.78754889999982
66,quantum/IQP-kernel-SVM,quantum,10,0.5555555555555556,0.65,"{""clf__C"": 10.0, ""clf__scale"": 0.5}",20.78754889999982
66,quantum/IQP-kernel-SVM,quantum,11,0.4444444444444444,0.39999999999999997,"{""clf__C"": 1.0, ""clf__scale"": 0.5}",20.78754889999982
66,quantum/IQP-kernel-SVM,quantum,12,0.8888888888888888,0.9,"{""clf__C"": 10.0, ""clf__scale"": 0.5}",20.78754889999982
66,quantum/IQP-kernel-SVM,quantum,13,0.6666666666666666,0.75,"{""clf__C"": 10.0, ""clf__scale"": 0.5}",20.78754889999982
66,quantum/IQP-kernel-SVM,quantum,14,0.6666666666666666,0.65,"{""clf__C"": 1.0, ""clf__scale"": 0.5}",20.78754889999982
66,quantum/CNOT-kernel-SVM,quantum,0,0.5555555555555556,0.8500000000000001,"{""clf__C"": 10.0, ""clf__scale"": 1.0}",18.56751169999916
66,quantum/CNOT-kernel-SVM,quantum,1,0.4444444444444444,0.6,"{""clf__C"": 10.0, ""clf__scale"": 0.5}",18.56751169999916
66,quantum/CNOT-kernel-SVM,quantum,2,0.7777777777777778,0.7500000000000001,"{""clf__C"": 10.0, ""clf__scale"": 1.0}",18.56751169999916
66,quantum/CNOT-kernel-SVM,quantum,3,0.6666666666666666,0.8,"{""clf__C"": 10.0, ""clf__scale"": 1.0}",18.56751169999916
66,quantum/CNOT-kernel-SVM,quantum,4,0.6666666666666666,0.85,"{""clf__C"": 10.0, ""clf__scale"": 1.0}",18.56751169999916
66,quantum/CNOT-kernel-SVM,quantum,5,0.7777777777777778,0.85,"{""clf__C"": 10.0, ""clf__scale"": 1.0}",18.56751169999916
66,quantum/CNOT-kernel-SVM,quantum,6,0.3333333333333333,0.35,"{""clf__C"": 1.0, ""clf__scale"": 0.5}",18.56751169999916
66,quantum/CNOT-kernel-SVM,quantum,7,0.6666666666666666,0.65,"{""clf__C"": 10.0, ""clf__scale"": 0.5}",18.56751169999916
66,quantum/CNOT-kernel-SVM,quantum,8,0.4444444444444444,0.35,"{""clf__C"": 1.0, ""clf__scale"": 2.0}",18.56751169999916
66,quantum/CNOT-kernel-SVM,quantum,9,0.5555555555555556,0.75,"{""clf__C"": 10.0, ""clf__scale"": 1.0}",18.56751169999916
66,quantum/CNOT-kernel-SVM,quantum,10,0.3333333333333333,0.6500000000000001,"{""clf__C"": 10.0, ""clf__scale"": 0.5}",18.56751169999916
66,quantum/CNOT-kernel-SVM,quantum,11,0.4444444444444444,0.6000000000000001,"{""clf__C"": 1.0, ""clf__scale"": 1.0}",18.56751169999916
66,quantum/CNOT-kernel-SVM,quantum,12,0.7777777777777778,0.85,"{""clf__C"": 10.0, ""clf__scale"": 1.0}",18.56751169999916
66,quantum/CNOT-kernel-SVM,quantum,13,0.6666666666666666,0.65,"{""clf__C"": 10.0, ""clf__scale"": 0.5}",18.56751169999916
66,quantum/CNOT-kernel-SVM,quantum,14,0.5555555555555556,0.7,"{""clf__C"": 10.0, ""clf__scale"": 0.5}",18.56751169999916
66,control/IQP-no-entangle,control,0,0.4444444444444444,0.65,"{""clf__C"": 10.0, ""clf__scale"": 1.0}",17.27588089999881
66,control/IQP-no-entangle,control,1,0.4444444444444444,0.55,"{""clf__C"": 10.0, ""clf__scale"": 0.5}",17.27588089999881
66,control/IQP-no-entangle,control,2,0.6666666666666666,0.6000000000000001,"{""clf__C"": 10.0, ""clf__scale"": 1.0}",17.27588089999881
66,control/IQP-no-entangle,control,3,0.5555555555555556,0.7,"{""clf__C"": 1.0, ""clf__scale"": 2.0}",17.27588089999881
66,control/IQP-no-entangle,control,4,0.5555555555555556,0.7,"{""clf__C"": 10.0, ""clf__scale"": 1.0}",17.27588089999881
66,control/IQP-no-entangle,control,5,0.4444444444444444,0.39999999999999997,"{""clf__C"": 10.0, ""clf__scale"": 2.0}",17.27588089999881
66,control/IQP-no-entangle,control,6,0.4444444444444444,0.35,"{""clf__C"": 10.0, ""clf__scale"": 0.5}",17.27588089999881
66,control/IQP-no-entangle,control,7,0.3333333333333333,0.4,"{""clf__C"": 10.0, ""clf__scale"": 1.0}",17.27588089999881
66,control/IQP-no-entangle,control,8,0.4444444444444444,0.35000000000000003,"{""clf__C"": 1.0, ""clf__scale"": 2.0}",17.27588089999881
66,control/IQP-no-entangle,control,9,0.5555555555555556,0.7000000000000001,"{""clf__C"": 10.0, ""clf__scale"": 1.0}",17.27588089999881
66,control/IQP-no-entangle,control,10,0.3333333333333333,0.5499999999999999,"{""clf__C"": 1.0, ""clf__scale"": 1.0}",17.27588089999881
66,control/IQP-no-entangle,control,11,0.4444444444444444,0.45,"{""clf__C"": 1.0, ""clf__scale"": 1.0}",17.27588089999881
66,control/IQP-no-entangle,control,12,0.7777777777777778,0.85,"{""clf__C"": 10.0, ""clf__scale"": 1.0}",17.27588089999881
66,control/IQP-no-entangle,control,13,0.6666666666666666,0.75,"{""clf__C"": 10.0, ""clf__scale"": 1.0}",17.27588089999881
66,control/IQP-no-entangle,control,14,0.4444444444444444,0.6000000000000001,"{""clf__C"": 1.0, ""clf__scale"": 2.0}",17.27588089999881
66,control/PCA-matched-RBF,control,0,0.4444444444444444,0.6,"{""clf__C"": 10.0, ""clf__gamma"": ""scale""}",13.839391999999862
66,control/PCA-matched-RBF,control,1,0.5555555555555556,0.6,"{""clf__C"": 1.0, ""clf__gamma"": ""scale""}",13.839391999999862
66,control/PCA-matched-RBF,control,2,0.4444444444444444,0.45,"{""clf__C"": 10.0, ""clf__gamma"": 0.01}",13.839391999999862
66,control/PCA-matched-RBF,control,3,0.5555555555555556,0.8,"{""clf__C"": 1.0, ""clf__gamma"": ""scale""}",13.839391999999862
66,control/PCA-matched-RBF,control,4,0.5555555555555556,0.75,"{""clf__C"": 10.0, ""clf__gamma"": ""scale""}",13.839391999999862
66,control/PCA-matched-RBF,control,5,0.7777777777777778,0.85,"{""clf__C"": 10.0, ""clf__gamma"": ""scale""}",13.839391999999862
66,control/PCA-matched-RBF,control,6,0.3333333333333333,0.25,"{""clf__C"": 1.0, ""clf__gamma"": 0.1}",13.839391999999862
66,control/PCA-matched-RBF,control,7,0.3333333333333333,0.45,"{""clf__C"": 10.0, ""clf__gamma"": ""scale""}",13.839391999999862
66,control/PCA-matched-RBF,control,8,0.4444444444444444,0.4,"{""clf__C"": 10.0, ""clf__gamma"": ""scale""}",13.839391999999862
66,control/PCA-matched-RBF,control,9,0.5555555555555556,0.7500000000000001,"{""clf__C"": 10.0, ""clf__gamma"": ""scale""}",13.839391999999862
66,control/PCA-matched-RBF,control,10,0.5555555555555556,0.7,"{""clf__C"": 10.0, ""clf__gamma"": ""scale""}",13.839391999999862
66,control/PCA-matched-RBF,control,11,0.5555555555555556,0.5499999999999999,"{""clf__C"": 1.0, ""clf__gamma"": ""scale""}",13.839391999999862
66,control/PCA-matched-RBF,control,12,0.5555555555555556,0.8,"{""clf__C"": 0.1, ""clf__gamma"": ""scale""}",13.839391999999862
66,control/PCA-matched-RBF,control,13,0.6666666666666666,0.8,"{""clf__C"": 10.0, ""clf__gamma"": ""scale""}",13.839391999999862
66,control/PCA-matched-RBF,control,14,0.6666666666666666,0.75,"{""clf__C"": 10.0, ""clf__gamma"": 0.1}",13.839391999999862
66,control/PCA-matched-linear,control,0,0.4444444444444444,0.7,"{""clf__C"": 0.1}",4.927851999998893
66,control/PCA-matched-linear,control,1,0.5555555555555556,0.65,"{""clf__C"": 0.1}",4.927851999998893
66,control/PCA-matched-linear,control,2,0.4444444444444444,0.4,"{""clf__C"": 0.1}",4.927851999998893
66,control/PCA-matched-linear,control,3,0.4444444444444444,0.44999999999999996,"{""clf__C"": 1.0}",4.927851999998893
66,control/PCA-matched-linear,control,4,0.4444444444444444,0.7,"{""clf__C"": 0.1}",4.927851999998893
66,control/PCA-matched-linear,control,5,0.5555555555555556,0.5,"{""clf__C"": 10.0}",4.927851999998893
66,control/PCA-matched-linear,control,6,0.3333333333333333,0.24999999999999997,"{""clf__C"": 0.1}",4.927851999998893
66,control/PCA-matched-linear,control,7,0.5555555555555556,0.6,"{""clf__C"": 1.0}",4.927851999998893
66,control/PCA-matched-linear,control,8,0.7777777777777778,0.75,"{""clf__C"": 1.0}",4.927851999998893
66,control/PCA-matched-linear,control,9,0.5555555555555556,0.55,"{""clf__C"": 1.0}",4.927851999998893
66,control/PCA-matched-linear,control,10,0.4444444444444444,0.5,"{""clf__C"": 1.0}",4.927851999998893
66,control/PCA-matched-linear,control,11,0.4444444444444444,0.30000000000000004,"{""clf__C"": 1.0}",4.927851999998893
66,control/PCA-matched-linear,control,12,0.5555555555555556,0.7,"{""clf__C"": 0.1}",4.927851999998893
66,control/PCA-matched-linear,control,13,0.6666666666666666,0.6,"{""clf__C"": 10.0}",4.927851999998893
66,control/PCA-matched-linear,control,14,0.5555555555555556,0.65,"{""clf__C"": 10.0}",4.927851999998893
66,control/logeuclid-TS+LR,control,0,0.5555555555555556,0.7000000000000001,"{""clf__C"": 0.1}",4.293841300001077
66,control/logeuclid-TS+LR,control,1,0.4444444444444444,0.5,"{""clf__C"": 10.0}",4.293841300001077
66,control/logeuclid-TS+LR,control,2,0.5555555555555556,0.75,"{""clf__C"": 0.1}",4.293841300001077
66,control/logeuclid-TS+LR,control,3,0.5555555555555556,0.55,"{""clf__C"": 0.1}",4.293841300001077
66,control/logeuclid-TS+LR,control,4,0.6666666666666666,0.75,"{""clf__C"": 1.0}",4.293841300001077
66,control/logeuclid-TS+LR,control,5,0.6666666666666666,0.7,"{""clf__C"": 1.0}",4.293841300001077
66,control/logeuclid-TS+LR,control,6,0.3333333333333333,0.24999999999999997,"{""clf__C"": 10.0}",4.293841300001077
66,control/logeuclid-TS+LR,control,7,0.6666666666666666,0.5,"{""clf__C"": 0.1}",4.293841300001077
66,control/logeuclid-TS+LR,control,8,0.3333333333333333,0.4,"{""clf__C"": 0.1}",4.293841300001077
66,control/logeuclid-TS+LR,control,9,0.4444444444444444,0.35,"{""clf__C"": 10.0}",4.293841300001077
66,control/logeuclid-TS+LR,control,10,0.2222222222222222,0.35,"{""clf__C"": 10.0}",4.293841300001077
66,control/logeuclid-TS+LR,control,11,0.3333333333333333,0.29999999999999993,"{""clf__C"": 0.1}",4.293841300001077
66,control/logeuclid-TS+LR,control,12,0.4444444444444444,0.4,"{""clf__C"": 0.1}",4.293841300001077
66,control/logeuclid-TS+LR,control,13,0.5555555555555556,0.7,"{""clf__C"": 10.0}",4.293841300001077
66,control/logeuclid-TS+LR,control,14,0.6666666666666666,0.49999999999999994,"{""clf__C"": 1.0}",4.293841300001077
66,control/riemann-kernel-SVM,control,0,0.4444444444444444,0.85,"{""clf__C"": 0.1}",4.591708699999799
66,control/riemann-kernel-SVM,control,1,0.3333333333333333,0.4,"{""clf__C"": 10.0}",4.591708699999799
66,control/riemann-kernel-SVM,control,2,0.4444444444444444,0.4,"{""clf__C"": 0.1}",4.591708699999799
66,control/riemann-kernel-SVM,control,3,0.3333333333333333,0.25,"{""clf__C"": 1.0}",4.591708699999799
66,control/riemann-kernel-SVM,control,4,0.6666666666666666,0.65,"{""clf__C"": 1.0}",4.591708699999799
66,control/riemann-kernel-SVM,control,5,0.4444444444444444,0.6,"{""clf__C"": 0.1}",4.591708699999799
66,control/riemann-kernel-SVM,control,6,0.3333333333333333,0.29999999999999993,"{""clf__C"": 1.0}",4.591708699999799
66,control/riemann-kernel-SVM,control,7,0.4444444444444444,0.65,"{""clf__C"": 1.0}",4.591708699999799
66,control/riemann-kernel-SVM,control,8,0.3333333333333333,0.25,"{""clf__C"": 1.0}",4.591708699999799
66,control/riemann-kernel-SVM,control,9,0.5555555555555556,0.55,"{""clf__C"": 10.0}",4.591708699999799
66,control/riemann-kernel-SVM,control,10,0.3333333333333333,0.44999999999999996,"{""clf__C"": 10.0}",4.591708699999799
66,control/riemann-kernel-SVM,control,11,0.4444444444444444,0.6000000000000001,"{""clf__C"": 0.1}",4.591708699999799
66,control/riemann-kernel-SVM,control,12,0.6666666666666666,0.75,"{""clf__C"": 10.0}",4.591708699999799
66,control/riemann-kernel-SVM,control,13,0.5555555555555556,0.6,"{""clf__C"": 10.0}",4.591708699999799
66,control/riemann-kernel-SVM,control,14,0.4444444444444444,0.4,"{""clf__C"": 10.0}",4.591708699999799
66,control/logeuclid-kernel-SVM,control,0,0.4444444444444444,1.0,"{""clf__C"": 0.1}",4.516327500001353
66,control/logeuclid-kernel-SVM,control,1,0.5555555555555556,0.44999999999999996,"{""clf__C"": 10.0}",4.516327500001353
66,control/logeuclid-kernel-SVM,control,2,0.6666666666666666,0.49999999999999994,"{""clf__C"": 10.0}",4.516327500001353
66,control/logeuclid-kernel-SVM,control,3,0.4444444444444444,0.3,"{""clf__C"": 1.0}",4.516327500001353
66,control/logeuclid-kernel-SVM,control,4,0.8888888888888888,0.75,"{""clf__C"": 10.0}",4.516327500001353
66,control/logeuclid-kernel-SVM,control,5,0.5555555555555556,0.6,"{""clf__C"": 1.0}",4.516327500001353
66,control/logeuclid-kernel-SVM,control,6,0.4444444444444444,0.29999999999999993,"{""clf__C"": 1.0}",4.516327500001353
66,control/logeuclid-kernel-SVM,control,7,0.5555555555555556,0.6,"{""clf__C"": 10.0}",4.516327500001353
66,control/logeuclid-kernel-SVM,control,8,0.4444444444444444,0.4,"{""clf__C"": 1.0}",4.516327500001353
66,control/logeuclid-kernel-SVM,control,9,0.5555555555555556,0.6000000000000001,"{""clf__C"": 10.0}",4.516327500001353
66,control/logeuclid-kernel-SVM,control,10,0.3333333333333333,0.45,"{""clf__C"": 10.0}",4.516327500001353
66,control/logeuclid-kernel-SVM,control,11,0.4444444444444444,0.6000000000000001,"{""clf__C"": 0.1}",4.516327500001353
66,control/logeuclid-kernel-SVM,control,12,0.5555555555555556,0.7,"{""clf__C"": 1.0}",4.516327500001353
66,control/logeuclid-kernel-SVM,control,13,0.4444444444444444,0.55,"{""clf__C"": 1.0}",4.516327500001353
66,control/logeuclid-kernel-SVM,control,14,0.4444444444444444,0.49999999999999994,"{""clf__C"": 10.0}",4.516327500001353
