subject,pipeline,group,fold,accuracy,auc,best_params,fit_seconds_total
1,classical/logvar+LDA,classical,0,0.525,0.5850000000000001,{},0.10325209999973595
1,classical/logvar+LDA,classical,1,0.5,0.5249999999999999,{},0.10325209999973595
1,classical/logvar+LDA,classical,2,0.725,0.8,{},0.10325209999973595
1,classical/logvar+LDA,classical,3,0.675,0.6625,{},0.10325209999973595
1,classical/logvar+LDA,classical,4,0.725,0.7525000000000001,{},0.10325209999973595
1,classical/logvar+LDA,classical,5,0.675,0.79,{},0.10325209999973595
1,classical/logvar+LDA,classical,6,0.65,0.63,{},0.10325209999973595
1,classical/logvar+LDA,classical,7,0.75,0.75,{},0.10325209999973595
1,classical/logvar+LDA,classical,8,0.7,0.6825,{},0.10325209999973595
1,classical/logvar+LDA,classical,9,0.6,0.675,{},0.10325209999973595
1,classical/logvar+LDA,classical,10,0.625,0.6325000000000001,{},0.10325209999973595
1,classical/logvar+LDA,classical,11,0.55,0.5125,{},0.10325209999973595
1,classical/logvar+LDA,classical,12,0.575,0.6325000000000001,{},0.10325209999973595
1,classical/logvar+LDA,classical,13,0.7,0.7000000000000001,{},0.10325209999973595
1,classical/logvar+LDA,classical,14,0.775,0.795,{},0.10325209999973595
1,classical/CSP+LDA,classical,0,0.75,0.7875,"{""csp__nfilter"": 6}",8.658523799999784
1,classical/CSP+LDA,classical,1,0.6,0.62,"{""csp__nfilter"": 2}",8.658523799999784
1,classical/CSP+LDA,classical,2,0.85,0.9125,"{""csp__nfilter"": 2}",8.658523799999784
1,classical/CSP+LDA,classical,3,0.725,0.79,"{""csp__nfilter"": 4}",8.658523799999784
1,classical/CSP+LDA,classical,4,0.775,0.845,"{""csp__nfilter"": 4}",8.658523799999784
1,classical/CSP+LDA,classical,5,0.725,0.8525,"{""csp__nfilter"": 6}",8.658523799999784
1,classical/CSP+LDA,classical,6,0.75,0.805,"{""csp__nfilter"": 6}",8.658523799999784
1,classical/CSP+LDA,classical,7,0.75,0.8674999999999999,"{""csp__nfilter"": 6}",8.658523799999784
1,classical/CSP+LDA,classical,8,0.775,0.8524999999999999,"{""csp__nfilter"": 4}",8.658523799999784
1,classical/CSP+LDA,classical,9,0.7,0.6950000000000001,"{""csp__nfilter"": 2}",8.658523799999784
1,classical/CSP+LDA,classical,10,0.7,0.79,"{""csp__nfilter"": 2}",8.658523799999784
1,classical/CSP+LDA,classical,11,0.625,0.72,"{""csp__nfilter"": 4}",8.658523799999784
1,classical/CSP+LDA,classical,12,0.725,0.7625,"{""csp__nfilter"": 4}",8.658523799999784
1,classical/CSP+LDA,classical,13,0.725,0.81,"{""csp__nfilter"": 4}",8.658523799999784
1,classical/CSP+LDA,classical,14,0.825,0.92,"{""csp__nfilter"": 4}",8.658523799999784
1,classical/MDM,classical,0,0.675,0.7875,{},0.9950000999997428
1,classical/MDM,classical,1,0.65,0.6725,{},0.9950000999997428
1,classical/MDM,classical,2,0.825,0.9225,{},0.9950000999997428
1,classical/MDM,classical,3,0.725,0.7375,{},0.9950000999997428
1,classical/MDM,classical,4,0.825,0.8075000000000001,{},0.9950000999997428
1,classical/MDM,classical,5,0.775,0.87,{},0.9950000999997428
1,classical/MDM,classical,6,0.75,0.7625,{},0.9950000999997428
1,classical/MDM,classical,7,0.825,0.8674999999999999,{},0.9950000999997428
1,classical/MDM,classical,8,0.725,0.8025,{},0.9950000999997428
1,classical/MDM,classical,9,0.725,0.7525000000000001,{},0.9950000999997428
1,classical/MDM,classical,10,0.75,0.8350000000000001,{},0.9950000999997428
1,classical/MDM,classical,11,0.65,0.7225,{},0.9950000999997428
1,classical/MDM,classical,12,0.675,0.705,{},0.9950000999997428
1,classical/MDM,classical,13,0.825,0.8250000000000001,{},0.9950000999997428
1,classical/MDM,classical,14,0.875,0.9375,{},0.9950000999997428
1,classical/TS+LR,classical,0,0.75,0.875,"{""clf__C"": 0.1}",10.24077539999962
1,classical/TS+LR,classical,1,0.575,0.7074999999999999,"{""clf__C"": 0.1}",10.24077539999962
1,classical/TS+LR,classical,2,0.9,0.9824999999999999,"{""clf__C"": 0.1}",10.24077539999962
1,classical/TS+LR,classical,3,0.8,0.8225000000000001,"{""clf__C"": 0.1}",10.24077539999962
1,classical/TS+LR,classical,4,0.825,0.9149999999999999,"{""clf__C"": 0.1}",10.24077539999962
1,classical/TS+LR,classical,5,0.875,0.9325,"{""clf__C"": 0.1}",10.24077539999962
1,classical/TS+LR,classical,6,0.8,0.8699999999999999,"{""clf__C"": 1.0}",10.24077539999962
1,classical/TS+LR,classical,7,0.75,0.81,"{""clf__C"": 1.0}",10.24077539999962
1,classical/TS+LR,classical,8,0.775,0.9025000000000001,"{""clf__C"": 0.1}",10.24077539999962
1,classical/TS+LR,classical,9,0.8,0.855,"{""clf__C"": 0.1}",10.24077539999962
1,classical/TS+LR,classical,10,0.75,0.9175,"{""clf__C"": 0.1}",10.24077539999962
1,classical/TS+LR,classical,11,0.7,0.7425,"{""clf__C"": 0.1}",10.24077539999962
1,classical/TS+LR,classical,12,0.85,0.8825000000000001,"{""clf__C"": 0.1}",10.24077539999962
1,classical/TS+LR,classical,13,0.75,0.8325,"{""clf__C"": 0.1}",10.24077539999962
1,classical/TS+LR,classical,14,0.9,0.9199999999999999,"{""clf__C"": 1.0}",10.24077539999962
1,classical/TS+RBF-SVM,classical,0,0.65,0.7825,"{""clf__C"": 0.1, ""clf__gamma"": 0.01}",28.042193499999485
1,classical/TS+RBF-SVM,classical,1,0.625,0.6575,"{""clf__C"": 0.1, ""clf__gamma"": ""scale""}",28.042193499999485
1,classical/TS+RBF-SVM,classical,2,0.9,0.9675,"{""clf__C"": 1.0, ""clf__gamma"": 0.01}",28.042193499999485
1,classical/TS+RBF-SVM,classical,3,0.725,0.8300000000000001,"{""clf__C"": 1.0, ""clf__gamma"": 0.01}",28.042193499999485
1,classical/TS+RBF-SVM,classical,4,0.8,0.85,"{""clf__C"": 1.0, ""clf__gamma"": ""scale""}",28.042193499999485
1,classical/TS+RBF-SVM,classical,5,0.825,0.8725,"{""clf__C"": 0.1, ""clf__gamma"": ""scale""}",28.042193499999485
1,classical/TS+RBF-SVM,classical,6,0.7,0.775,"{""clf__C"": 0.1, ""clf__gamma"": ""scale""}",28.042193499999485
1,classical/TS+RBF-SVM,classical,7,0.775,0.8099999999999999,"{""clf__C"": 10.0, ""clf__gamma"": 0.01}",28.042193499999485
1,classical/TS+RBF-SVM,classical,8,0.8,0.8624999999999999,"{""clf__C"": 10.0, ""clf__gamma"": 0.01}",28.042193499999485
1,classical/TS+RBF-SVM,classical,9,0.725,0.77,"{""clf__C"": 0.1, ""clf__gamma"": ""scale""}",28.042193499999485
1,classical/TS+RBF-SVM,classical,10,0.775,0.8400000000000001,"{""clf__C"": 0.1, ""clf__gamma"": 0.01}",28.042193499999485
1,classical/TS+RBF-SVM,classical,11,0.65,0.7374999999999999,"{""clf__C"": 1.0, ""clf__gamma"": ""scale""}",28.042193499999485
1,classical/TS+RBF-SVM,classical,12,0.7,0.7999999999999999,"{""clf__C"": 1.0, ""clf__gamma"": 0.01}",28.042193499999485
1,classical/TS+RBF-SVM,classical,13,0.725,0.7775000000000001,"{""clf__C"": 10.0, ""clf__gamma"": 0.01}",28.042193499999485
1,classical/TS+RBF-SVM,classical,14,0.875,0.8975000000000001,"{""clf__C"": 10.0, ""clf__gamma"": 0.01}",28.042193499999485
1,quantum/HS-overlap-SVM,quantum,0,0.65,0.78,"{""clf__C"": 10.0}",9.11926719999974
1,quantum/HS-overlap-SVM,quantum,1,0.525,0.6,"{""clf__C"": 10.0}",9.11926719999974
1,quantum/HS-overlap-SVM,quantum,2,0.8,0.905,"{""clf__C"": 10.0}",9.11926719999974
1,quantum/HS-overlap-SVM,quantum,3,0.775,0.7575000000000001,"{""clf__C"": 10.0}",9.11926719999974
1,quantum/HS-overlap-SVM,quantum,4,0.8,0.8175,"{""clf__C"": 10.0}",9.11926719999974
1,quantum/HS-overlap-SVM,quantum,5,0.725,0.89,"{""clf__C"": 10.0}",9.11926719999974
1,quantum/HS-overlap-SVM,quantum,6,0.6,0.7125,"{""clf__C"": 10.0}",9.11926719999974
1,quantum/HS-overlap-SVM,quantum,7,0.825,0.8725,"{""clf__C"": 10.0}",9.11926719999974
1,quantum/HS-overlap-SVM,quantum,8,0.75,0.7525000000000001,"{""clf__C"": 10.0}",9.11926719999974
1,quantum/HS-overlap-SVM,quantum,9,0.725,0.715,"{""clf__C"": 10.0}",9.11926719999974
1,quantum/HS-overlap-SVM,quantum,10,0.675,0.81,"{""clf__C"": 10.0}",9.11926719999974
1,quantum/HS-overlap-SVM,quantum,11,0.7,0.685,"{""clf__C"": 10.0}",9.11926719999974
1,quantum/HS-overlap-SVM,quantum,12,0.675,0.6975,"{""clf__C"": 10.0}",9.11926719999974
1,quantum/HS-overlap-SVM,quantum,13,0.8,0.8274999999999999,"{""clf__C"": 10.0}",9.11926719999974
1,quantum/HS-overlap-SVM,quantum,14,0.825,0.89,"{""clf__C"": 10.0}",9.11926719999974
1,quantum/Fidelity-SVM,quantum,0,0.65,0.79,"{""clf__C"": 10.0}",21.188582799999494
1,quantum/Fidelity-SVM,quantum,1,0.5,0.6025,"{""clf__C"": 10.0}",21.188582799999494
1,quantum/Fidelity-SVM,quantum,2,0.875,0.9125000000000001,"{""clf__C"": 10.0}",21.188582799999494
1,quantum/Fidelity-SVM,quantum,3,0.675,0.73,"{""clf__C"": 10.0}",21.188582799999494
1,quantum/Fidelity-SVM,quantum,4,0.85,0.8650000000000001,"{""clf__C"": 10.0}",21.188582799999494
1,quantum/Fidelity-SVM,quantum,5,0.8,0.9099999999999999,"{""clf__C"": 10.0}",21.188582799999494
1,quantum/Fidelity-SVM,quantum,6,0.675,0.7274999999999999,"{""clf__C"": 10.0}",21.188582799999494
1,quantum/Fidelity-SVM,quantum,7,0.75,0.8700000000000001,"{""clf__C"": 10.0}",21.188582799999494
1,quantum/Fidelity-SVM,quantum,8,0.8,0.7875,"{""clf__C"": 10.0}",21.188582799999494
1,quantum/Fidelity-SVM,quantum,9,0.7,0.73,"{""clf__C"": 10.0}",21.188582799999494
1,quantum/Fidelity-SVM,quantum,10,0.75,0.8225,"{""clf__C"": 10.0}",21.188582799999494
1,quantum/Fidelity-SVM,quantum,11,0.625,0.7025,"{""clf__C"": 10.0}",21.188582799999494
1,quantum/Fidelity-SVM,quantum,12,0.75,0.7424999999999999,"{""clf__C"": 10.0}",21.188582799999494
1,quantum/Fidelity-SVM,quantum,13,0.75,0.805,"{""clf__C"": 10.0}",21.188582799999494
1,quantum/Fidelity-SVM,quantum,14,0.8,0.91,"{""clf__C"": 10.0}",21.188582799999494
1,quantum/HS-RBF-SVM,quantum,0,0.8,0.8475,"{""clf__C"": 10.0, ""clf__gamma_mult"": 1.0}",26.550388999999996
1,quantum/HS-RBF-SVM,quantum,1,0.6,0.675,"{""clf__C"": 10.0, ""clf__gamma_mult"": 0.25}",26.550388999999996
1,quantum/HS-RBF-SVM,quantum,2,0.775,0.8174999999999999,"{""clf__C"": 10.0, ""clf__gamma_mult"": 1.0}",26.550388999999996
1,quantum/HS-RBF-SVM,quantum,3,0.75,0.785,"{""clf__C"": 10.0, ""clf__gamma_mult"": 1.0}",26.550388999999996
1,quantum/HS-RBF-SVM,quantum,4,0.725,0.825,"{""clf__C"": 10.0, ""clf__gamma_mult"": 1.0}",26.550388999999996
1,quantum/HS-RBF-SVM,quantum,5,0.8,0.9175,"{""clf__C"": 10.0, ""clf__gamma_mult"": 1.0}",26.550388999999996
1,quantum/HS-RBF-SVM,quantum,6,0.775,0.83,"{""clf__C"": 10.0, ""clf__gamma_mult"": 1.0}",26.550388999999996
1,quantum/HS-RBF-SVM,quantum,7,0.775,0.89,"{""clf__C"": 10.0, ""clf__gamma_mult"": 0.25}",26.550388999999996
1,quantum/HS-RBF-SVM,quantum,8,0.775,0.8325,"{""clf__C"": 10.0, ""clf__gamma_mult"": 0.25}",26.550388999999996
1,quantum/HS-RBF-SVM,quantum,9,0.775,0.7749999999999999,"{""clf__C"": 10.0, ""clf__gamma_mult"": 1.0}",26.550388999999996
1,quantum/HS-RBF-SVM,quantum,10,0.75,0.7875,"{""clf__C"": 10.0, ""clf__gamma_mult"": 1.0}",26.550388999999996
1,quantum/HS-RBF-SVM,quantum,11,0.7,0.7975,"{""clf__C"": 10.0, ""clf__gamma_mult"": 0.25}",26.550388999999996
1,quantum/HS-RBF-SVM,quantum,12,0.725,0.7825,"{""clf__C"": 10.0, ""clf__gamma_mult"": 1.0}",26.550388999999996
1,quantum/HS-RBF-SVM,quantum,13,0.8,0.7949999999999999,"{""clf__C"": 10.0, ""clf__gamma_mult"": 1.0}",26.550388999999996
1,quantum/HS-RBF-SVM,quantum,14,0.85,0.9025,"{""clf__C"": 10.0, ""clf__gamma_mult"": 1.0}",26.550388999999996
1,quantum/Bures-RBF-SVM,quantum,0,0.8,0.895,"{""clf__C"": 10.0, ""clf__gamma_mult"": 0.25}",56.24339920000057
1,quantum/Bures-RBF-SVM,quantum,1,0.675,0.73,"{""clf__C"": 10.0, ""clf__gamma_mult"": 1.0}",56.24339920000057
1,quantum/Bures-RBF-SVM,quantum,2,0.825,0.9375,"{""clf__C"": 10.0, ""clf__gamma_mult"": 0.25}",56.24339920000057
1,quantum/Bures-RBF-SVM,quantum,3,0.75,0.7899999999999999,"{""clf__C"": 10.0, ""clf__gamma_mult"": 0.25}",56.24339920000057
1,quantum/Bures-RBF-SVM,quantum,4,0.8,0.8825000000000001,"{""clf__C"": 10.0, ""clf__gamma_mult"": 0.25}",56.24339920000057
1,quantum/Bures-RBF-SVM,quantum,5,0.825,0.9075,"{""clf__C"": 10.0, ""clf__gamma_mult"": 0.25}",56.24339920000057
1,quantum/Bures-RBF-SVM,quantum,6,0.775,0.825,"{""clf__C"": 10.0, ""clf__gamma_mult"": 0.25}",56.24339920000057
1,quantum/Bures-RBF-SVM,quantum,7,0.75,0.805,"{""clf__C"": 10.0, ""clf__gamma_mult"": 1.0}",56.24339920000057
1,quantum/Bures-RBF-SVM,quantum,8,0.75,0.835,"{""clf__C"": 10.0, ""clf__gamma_mult"": 1.0}",56.24339920000057
1,quantum/Bures-RBF-SVM,quantum,9,0.675,0.7575,"{""clf__C"": 10.0, ""clf__gamma_mult"": 1.0}",56.24339920000057
1,quantum/Bures-RBF-SVM,quantum,10,0.825,0.8574999999999999,"{""clf__C"": 10.0, ""clf__gamma_mult"": 0.25}",56.24339920000057
1,quantum/Bures-RBF-SVM,quantum,11,0.625,0.7549999999999999,"{""clf__C"": 10.0, ""clf__gamma_mult"": 0.25}",56.24339920000057
1,quantum/Bures-RBF-SVM,quantum,12,0.775,0.8175,"{""clf__C"": 10.0, ""clf__gamma_mult"": 0.25}",56.24339920000057
1,quantum/Bures-RBF-SVM,quantum,13,0.7,0.73,"{""clf__C"": 10.0, ""clf__gamma_mult"": 1.0}",56.24339920000057
1,quantum/Bures-RBF-SVM,quantum,14,0.875,0.9175,"{""clf__C"": 10.0, ""clf__gamma_mult"": 0.25}",56.24339920000057
1,quantum/HS-overlap-ref-SVM,quantum,0,0.75,0.87,"{""clf__C"": 10.0}",10.388613900000564
1,quantum/HS-overlap-ref-SVM,quantum,1,0.7,0.74,"{""clf__C"": 10.0}",10.388613900000564
1,quantum/HS-overlap-ref-SVM,quantum,2,0.9,0.9875,"{""clf__C"": 10.0}",10.388613900000564
1,quantum/HS-overlap-ref-SVM,quantum,3,0.725,0.8075,"{""clf__C"": 10.0}",10.388613900000564
1,quantum/HS-overlap-ref-SVM,quantum,4,0.85,0.8775,"{""clf__C"": 10.0}",10.388613900000564
1,quantum/HS-overlap-ref-SVM,quantum,5,0.85,0.8925,"{""clf__C"": 10.0}",10.388613900000564
1,quantum/HS-overlap-ref-SVM,quantum,6,0.725,0.835,"{""clf__C"": 10.0}",10.388613900000564
1,quantum/HS-overlap-ref-SVM,quantum,7,0.75,0.8500000000000001,"{""clf__C"": 10.0}",10.388613900000564
1,quantum/HS-overlap-ref-SVM,quantum,8,0.85,0.93,"{""clf__C"": 10.0}",10.388613900000564
1,quantum/HS-overlap-ref-SVM,quantum,9,0.75,0.8099999999999999,"{""clf__C"": 10.0}",10.388613900000564
1,quantum/HS-overlap-ref-SVM,quantum,10,0.8,0.8925,"{""clf__C"": 10.0}",10.388613900000564
1,quantum/HS-overlap-ref-SVM,quantum,11,0.675,0.7324999999999999,"{""clf__C"": 10.0}",10.388613900000564
1,quantum/HS-overlap-ref-SVM,quantum,12,0.725,0.845,"{""clf__C"": 10.0}",10.388613900000564
1,quantum/HS-overlap-ref-SVM,quantum,13,0.725,0.7975,"{""clf__C"": 10.0}",10.388613900000564
1,quantum/HS-overlap-ref-SVM,quantum,14,0.9,0.9425,"{""clf__C"": 10.0}",10.388613900000564
1,quantum/Fidelity-ref-SVM,quantum,0,0.775,0.8575,"{""clf__C"": 10.0}",25.363401099999464
1,quantum/Fidelity-ref-SVM,quantum,1,0.7,0.725,"{""clf__C"": 10.0}",25.363401099999464
1,quantum/Fidelity-ref-SVM,quantum,2,0.925,0.985,"{""clf__C"": 10.0}",25.363401099999464
1,quantum/Fidelity-ref-SVM,quantum,3,0.7,0.8025,"{""clf__C"": 10.0}",25.363401099999464
1,quantum/Fidelity-ref-SVM,quantum,4,0.825,0.9025,"{""clf__C"": 10.0}",25.363401099999464
1,quantum/Fidelity-ref-SVM,quantum,5,0.825,0.9025,"{""clf__C"": 10.0}",25.363401099999464
1,quantum/Fidelity-ref-SVM,quantum,6,0.75,0.83,"{""clf__C"": 10.0}",25.363401099999464
1,quantum/Fidelity-ref-SVM,quantum,7,0.725,0.8525,"{""clf__C"": 10.0}",25.363401099999464
1,quantum/Fidelity-ref-SVM,quantum,8,0.8,0.9049999999999999,"{""clf__C"": 10.0}",25.363401099999464
1,quantum/Fidelity-ref-SVM,quantum,9,0.775,0.8175,"{""clf__C"": 10.0}",25.363401099999464
1,quantum/Fidelity-ref-SVM,quantum,10,0.75,0.895,"{""clf__C"": 10.0}",25.363401099999464
1,quantum/Fidelity-ref-SVM,quantum,11,0.725,0.7425,"{""clf__C"": 10.0}",25.363401099999464
1,quantum/Fidelity-ref-SVM,quantum,12,0.75,0.8350000000000001,"{""clf__C"": 10.0}",25.363401099999464
1,quantum/Fidelity-ref-SVM,quantum,13,0.725,0.8,"{""clf__C"": 10.0}",25.363401099999464
1,quantum/Fidelity-ref-SVM,quantum,14,0.875,0.935,"{""clf__C"": 10.0}",25.363401099999464
1,quantum/HS-RBF-ref-SVM,quantum,0,0.8,0.8975,"{""clf__C"": 10.0, ""clf__gamma_mult"": 0.25}",29.39309200000025
1,quantum/HS-RBF-ref-SVM,quantum,1,0.675,0.7225,"{""clf__C"": 10.0, ""clf__gamma_mult"": 0.25}",29.39309200000025
1,quantum/HS-RBF-ref-SVM,quantum,2,0.85,0.9199999999999999,"{""clf__C"": 10.0, ""clf__gamma_mult"": 1.0}",29.39309200000025
1,quantum/HS-RBF-ref-SVM,quantum,3,0.75,0.7925,"{""clf__C"": 10.0, ""clf__gamma_mult"": 0.25}",29.39309200000025
1,quantum/HS-RBF-ref-SVM,quantum,4,0.875,0.895,"{""clf__C"": 10.0, ""clf__gamma_mult"": 0.25}",29.39309200000025
1,quantum/HS-RBF-ref-SVM,quantum,5,0.825,0.8500000000000001,"{""clf__C"": 10.0, ""clf__gamma_mult"": 1.0}",29.39309200000025
1,quantum/HS-RBF-ref-SVM,quantum,6,0.75,0.8675,"{""clf__C"": 10.0, ""clf__gamma_mult"": 0.25}",29.39309200000025
1,quantum/HS-RBF-ref-SVM,quantum,7,0.75,0.845,"{""clf__C"": 10.0, ""clf__gamma_mult"": 0.25}",29.39309200000025
1,quantum/HS-RBF-ref-SVM,quantum,8,0.775,0.9149999999999999,"{""clf__C"": 10.0, ""clf__gamma_mult"": 0.25}",29.39309200000025
1,quantum/HS-RBF-ref-SVM,quantum,9,0.775,0.8150000000000001,"{""clf__C"": 10.0, ""clf__gamma_mult"": 0.25}",29.39309200000025
1,quantum/HS-RBF-ref-SVM,quantum,10,0.775,0.9275,"{""clf__C"": 10.0, ""clf__gamma_mult"": 0.25}",29.39309200000025
1,quantum/HS-RBF-ref-SVM,quantum,11,0.7,0.7725,"{""clf__C"": 10.0, ""clf__gamma_mult"": 0.25}",29.39309200000025
1,quantum/HS-RBF-ref-SVM,quantum,12,0.65,0.7350000000000001,"{""clf__C"": 10.0, ""clf__gamma_mult"": 1.0}",29.39309200000025
1,quantum/HS-RBF-ref-SVM,quantum,13,0.775,0.8049999999999999,"{""clf__C"": 10.0, ""clf__gamma_mult"": 0.25}",29.39309200000025
1,quantum/HS-RBF-ref-SVM,quantum,14,0.875,0.9299999999999999,"{""clf__C"": 10.0, ""clf__gamma_mult"": 0.25}",29.39309200000025
1,quantum/Bures-RBF-ref-SVM,quantum,0,0.825,0.9025000000000001,"{""clf__C"": 10.0, ""clf__gamma_mult"": 0.25}",65.02289860000019
1,quantum/Bures-RBF-ref-SVM,quantum,1,0.675,0.725,"{""clf__C"": 10.0, ""clf__gamma_mult"": 0.25}",65.02289860000019
1,quantum/Bures-RBF-ref-SVM,quantum,2,0.85,0.9725,"{""clf__C"": 10.0, ""clf__gamma_mult"": 0.25}",65.02289860000019
1,quantum/Bures-RBF-ref-SVM,quantum,3,0.725,0.7975,"{""clf__C"": 10.0, ""clf__gamma_mult"": 0.25}",65.02289860000019
1,quantum/Bures-RBF-ref-SVM,quantum,4,0.875,0.8975,"{""clf__C"": 10.0, ""clf__gamma_mult"": 0.25}",65.02289860000019
1,quantum/Bures-RBF-ref-SVM,quantum,5,0.825,0.8725,"{""clf__C"": 10.0, ""clf__gamma_mult"": 1.0}",65.02289860000019
1,quantum/Bures-RBF-ref-SVM,quantum,6,0.775,0.8574999999999999,"{""clf__C"": 10.0, ""clf__gamma_mult"": 0.25}",65.02289860000019
1,quantum/Bures-RBF-ref-SVM,quantum,7,0.725,0.835,"{""clf__C"": 10.0, ""clf__gamma_mult"": 0.25}",65.02289860000019
1,quantum/Bures-RBF-ref-SVM,quantum,8,0.8,0.9375,"{""clf__C"": 10.0, ""clf__gamma_mult"": 0.25}",65.02289860000019
1,quantum/Bures-RBF-ref-SVM,quantum,9,0.775,0.8175,"{""clf__C"": 10.0, ""clf__gamma_mult"": 0.25}",65.02289860000019
1,quantum/Bures-RBF-ref-SVM,quantum,10,0.775,0.9275,"{""clf__C"": 10.0, ""clf__gamma_mult"": 0.25}",65.02289860000019
1,quantum/Bures-RBF-ref-SVM,quantum,11,0.675,0.7325,"{""clf__C"": 10.0, ""clf__gamma_mult"": 0.25}",65.02289860000019
1,quantum/Bures-RBF-ref-SVM,quantum,12,0.85,0.84,"{""clf__C"": 10.0, ""clf__gamma_mult"": 0.25}",65.02289860000019
1,quantum/Bures-RBF-ref-SVM,quantum,13,0.8,0.7975000000000001,"{""clf__C"": 10.0, ""clf__gamma_mult"": 0.25}",65.02289860000019
1,quantum/Bures-RBF-ref-SVM,quantum,14,0.875,0.94,"{""clf__C"": 10.0, ""clf__gamma_mult"": 0.25}",65.02289860000019
1,quantum/QRE-RBF-SVM,quantum,0,0.8,0.9000000000000001,"{""clf__C"": 10.0, ""clf__gamma_mult"": 0.25}",32.87594310000077
1,quantum/QRE-RBF-SVM,quantum,1,0.675,0.7424999999999999,"{""clf__C"": 10.0, ""clf__gamma_mult"": 1.0}",32.87594310000077
1,quantum/QRE-RBF-SVM,quantum,2,0.85,0.9175,"{""clf__C"": 10.0, ""clf__gamma_mult"": 0.25}",32.87594310000077
1,quantum/QRE-RBF-SVM,quantum,3,0.75,0.8049999999999999,"{""clf__C"": 10.0, ""clf__gamma_mult"": 0.25}",32.87594310000077
1,quantum/QRE-RBF-SVM,quantum,4,0.775,0.885,"{""clf__C"": 10.0, ""clf__gamma_mult"": 0.25}",32.87594310000077
1,quantum/QRE-RBF-SVM,quantum,5,0.85,0.9275,"{""clf__C"": 10.0, ""clf__gamma_mult"": 0.25}",32.87594310000077
1,quantum/QRE-RBF-SVM,quantum,6,0.75,0.845,"{""clf__C"": 10.0, ""clf__gamma_mult"": 0.25}",32.87594310000077
1,quantum/QRE-RBF-SVM,quantum,7,0.725,0.7975000000000001,"{""clf__C"": 10.0, ""clf__gamma_mult"": 1.0}",32.87594310000077
1,quantum/QRE-RBF-SVM,quantum,8,0.75,0.8375,"{""clf__C"": 10.0, ""clf__gamma_mult"": 1.0}",32.87594310000077
1,quantum/QRE-RBF-SVM,quantum,9,0.775,0.8525,"{""clf__C"": 10.0, ""clf__gamma_mult"": 0.25}",32.87594310000077
1,quantum/QRE-RBF-SVM,quantum,10,0.825,0.88,"{""clf__C"": 10.0, ""clf__gamma_mult"": 0.25}",32.87594310000077
1,quantum/QRE-RBF-SVM,quantum,11,0.65,0.7675,"{""clf__C"": 10.0, ""clf__gamma_mult"": 0.25}",32.87594310000077
1,quantum/QRE-RBF-SVM,quantum,12,0.8,0.8150000000000001,"{""clf__C"": 10.0, ""clf__gamma_mult"": 0.25}",32.87594310000077
1,quantum/QRE-RBF-SVM,quantum,13,0.7,0.7225,"{""clf__C"": 10.0, ""clf__gamma_mult"": 1.0}",32.87594310000077
1,quantum/QRE-RBF-SVM,quantum,14,0.85,0.9400000000000001,"{""clf__C"": 10.0, ""clf__gamma_mult"": 0.25}",32.87594310000077
1,quantum/QRE-RBF-ref-SVM,quantum,0,0.85,0.9125000000000001,"{""clf__C"": 10.0, ""clf__gamma_mult"": 0.25}",41.56957860000057
1,quantum/QRE-RBF-ref-SVM,quantum,1,0.65,0.72,"{""clf__C"": 10.0, ""clf__gamma_mult"": 0.25}",41.56957860000057
1,quantum/QRE-RBF-ref-SVM,quantum,2,0.85,0.9725,"{""clf__C"": 10.0, ""clf__gamma_mult"": 0.25}",41.56957860000057
1,quantum/QRE-RBF-ref-SVM,quantum,3,0.725,0.8075,"{""clf__C"": 10.0, ""clf__gamma_mult"": 1.0}",41.56957860000057
1,quantum/QRE-RBF-ref-SVM,quantum,4,0.875,0.895,"{""clf__C"": 10.0, ""clf__gamma_mult"": 0.25}",41.56957860000057
1,quantum/QRE-RBF-ref-SVM,quantum,5,0.85,0.875,"{""clf__C"": 10.0, ""clf__gamma_mult"": 1.0}",41.56957860000057
1,quantum/QRE-RBF-ref-SVM,quantum,6,0.75,0.865,"{""clf__C"": 10.0, ""clf__gamma_mult"": 0.25}",41.56957860000057
1,quantum/QRE-RBF-ref-SVM,quantum,7,0.725,0.835,"{""clf__C"": 10.0, ""clf__gamma_mult"": 0.25}",41.56957860000057
1,quantum/QRE-RBF-ref-SVM,quantum,8,0.825,0.9249999999999999,"{""clf__C"": 10.0, ""clf__gamma_mult"": 0.25}",41.56957860000057
1,quantum/QRE-RBF-ref-SVM,quantum,9,0.775,0.8175,"{""clf__C"": 10.0, ""clf__gamma_mult"": 0.25}",41.56957860000057
1,quantum/QRE-RBF-ref-SVM,quantum,10,0.775,0.9300000000000002,"{""clf__C"": 10.0, ""clf__gamma_mult"": 0.25}",41.56957860000057
1,quantum/QRE-RBF-ref-SVM,quantum,11,0.675,0.7375,"{""clf__C"": 10.0, ""clf__gamma_mult"": 0.25}",41.56957860000057
1,quantum/QRE-RBF-ref-SVM,quantum,12,0.85,0.8399999999999999,"{""clf__C"": 10.0, ""clf__gamma_mult"": 0.25}",41.56957860000057
1,quantum/QRE-RBF-ref-SVM,quantum,13,0.775,0.8049999999999999,"{""clf__C"": 10.0, ""clf__gamma_mult"": 0.25}",41.56957860000057
1,quantum/QRE-RBF-ref-SVM,quantum,14,0.875,0.94,"{""clf__C"": 10.0, ""clf__gamma_mult"": 0.25}",41.56957860000057
1,quantum/IQP-kernel-SVM,quantum,0,0.7,0.7250000000000001,"{""clf__C"": 10.0, ""clf__scale"": 0.5}",34.59013809999942
1,quantum/IQP-kernel-SVM,quantum,1,0.6,0.6025,"{""clf__C"": 10.0, ""clf__scale"": 1.0}",34.59013809999942
1,quantum/IQP-kernel-SVM,quantum,2,0.65,0.6375,"{""clf__C"": 10.0, ""clf__scale"": 2.0}",34.59013809999942
1,quantum/IQP-kernel-SVM,quantum,3,0.65,0.685,"{""clf__C"": 10.0, ""clf__scale"": 0.5}",34.59013809999942
1,quantum/IQP-kernel-SVM,quantum,4,0.7,0.7125,"{""clf__C"": 10.0, ""clf__scale"": 0.5}",34.59013809999942
1,quantum/IQP-kernel-SVM,quantum,5,0.7,0.7899999999999999,"{""clf__C"": 10.0, ""clf__scale"": 0.5}",34.59013809999942
1,quantum/IQP-kernel-SVM,quantum,6,0.675,0.7125,"{""clf__C"": 10.0, ""clf__scale"": 0.5}",34.59013809999942
1,quantum/IQP-kernel-SVM,quantum,7,0.55,0.5675,"{""clf__C"": 10.0, ""clf__scale"": 1.0}",34.59013809999942
1,quantum/IQP-kernel-SVM,quantum,8,0.55,0.6425,"{""clf__C"": 10.0, ""clf__scale"": 1.0}",34.59013809999942
1,quantum/IQP-kernel-SVM,quantum,9,0.575,0.5925,"{""clf__C"": 10.0, ""clf__scale"": 0.5}",34.59013809999942
1,quantum/IQP-kernel-SVM,quantum,10,0.65,0.74,"{""clf__C"": 10.0, ""clf__scale"": 1.0}",34.59013809999942
1,quantum/IQP-kernel-SVM,quantum,11,0.6,0.5874999999999999,"{""clf__C"": 10.0, ""clf__scale"": 0.5}",34.59013809999942
1,quantum/IQP-kernel-SVM,quantum,12,0.55,0.585,"{""clf__C"": 10.0, ""clf__scale"": 0.5}",34.59013809999942
1,quantum/IQP-kernel-SVM,quantum,13,0.7,0.7074999999999999,"{""clf__C"": 10.0, ""clf__scale"": 0.5}",34.59013809999942
1,quantum/IQP-kernel-SVM,quantum,14,0.55,0.58,"{""clf__C"": 10.0, ""clf__scale"": 1.0}",34.59013809999942
1,quantum/CNOT-kernel-SVM,quantum,0,0.675,0.735,"{""clf__C"": 10.0, ""clf__scale"": 0.5}",33.15224960000069
1,quantum/CNOT-kernel-SVM,quantum,1,0.575,0.615,"{""clf__C"": 10.0, ""clf__scale"": 1.0}",33.15224960000069
1,quantum/CNOT-kernel-SVM,quantum,2,0.75,0.74,"{""clf__C"": 10.0, ""clf__scale"": 1.0}",33.15224960000069
1,quantum/CNOT-kernel-SVM,quantum,3,0.675,0.66,"{""clf__C"": 10.0, ""clf__scale"": 1.0}",33.15224960000069
1,quantum/CNOT-kernel-SVM,quantum,4,0.7,0.7775,"{""clf__C"": 1.0, ""clf__scale"": 1.0}",33.15224960000069
1,quantum/CNOT-kernel-SVM,quantum,5,0.725,0.7575,"{""clf__C"": 10.0, ""clf__scale"": 1.0}",33.15224960000069
1,quantum/CNOT-kernel-SVM,quantum,6,0.65,0.7150000000000001,"{""clf__C"": 10.0, ""clf__scale"": 0.5}",33.15224960000069
1,quantum/CNOT-kernel-SVM,quantum,7,0.7,0.76,"{""clf__C"": 10.0, ""clf__scale"": 1.0}",33.15224960000069
1,quantum/CNOT-kernel-SVM,quantum,8,0.65,0.69,"{""clf__C"": 10.0, ""clf__scale"": 1.0}",33.15224960000069
1,quantum/CNOT-kernel-SVM,quantum,9,0.625,0.6675000000000001,"{""clf__C"": 10.0, ""clf__scale"": 0.5}",33.15224960000069
1,quantum/CNOT-kernel-SVM,quantum,10,0.675,0.7324999999999999,"{""clf__C"": 10.0, ""clf__scale"": 0.5}",33.15224960000069
1,quantum/CNOT-kernel-SVM,quantum,11,0.625,0.6075,"{""clf__C"": 10.0, ""clf__scale"": 1.0}",33.15224960000069
1,quantum/CNOT-kernel-SVM,quantum,12,0.525,0.5775,"{""clf__C"": 10.0, ""clf__scale"": 1.0}",33.15224960000069
1,quantum/CNOT-kernel-SVM,quantum,13,0.8,0.7050000000000001,"{""clf__C"": 10.0, ""clf__scale"": 1.0}",33.15224960000069
1,quantum/CNOT-kernel-SVM,quantum,14,0.5,0.5549999999999999,"{""clf__C"": 10.0, ""clf__scale"": 2.0}",33.15224960000069
1,control/IQP-no-entangle,control,0,0.65,0.7424999999999999,"{""clf__C"": 10.0, ""clf__scale"": 0.5}",32.66858919999959
1,control/IQP-no-entangle,control,1,0.55,0.5775,"{""clf__C"": 10.0, ""clf__scale"": 0.5}",32.66858919999959
1,control/IQP-no-entangle,control,2,0.825,0.8325,"{""clf__C"": 10.0, ""clf__scale"": 0.5}",32.66858919999959
1,control/IQP-no-entangle,control,3,0.7,0.68,"{""clf__C"": 10.0, ""clf__scale"": 1.0}",32.66858919999959
1,control/IQP-no-entangle,control,4,0.75,0.7825,"{""clf__C"": 10.0, ""clf__scale"": 1.0}",32.66858919999959
1,control/IQP-no-entangle,control,5,0.625,0.7075,"{""clf__C"": 10.0, ""clf__scale"": 1.0}",32.66858919999959
1,control/IQP-no-entangle,control,6,0.625,0.7175,"{""clf__C"": 10.0, ""clf__scale"": 0.5}",32.66858919999959
1,control/IQP-no-entangle,control,7,0.7,0.7525000000000001,"{""clf__C"": 10.0, ""clf__scale"": 1.0}",32.66858919999959
1,control/IQP-no-entangle,control,8,0.75,0.7875000000000001,"{""clf__C"": 10.0, ""clf__scale"": 0.5}",32.66858919999959
1,control/IQP-no-entangle,control,9,0.6,0.6025,"{""clf__C"": 10.0, ""clf__scale"": 1.0}",32.66858919999959
1,control/IQP-no-entangle,control,10,0.7,0.7199999999999999,"{""clf__C"": 10.0, ""clf__scale"": 0.5}",32.66858919999959
1,control/IQP-no-entangle,control,11,0.6,0.6425,"{""clf__C"": 10.0, ""clf__scale"": 1.0}",32.66858919999959
1,control/IQP-no-entangle,control,12,0.55,0.605,"{""clf__C"": 10.0, ""clf__scale"": 1.0}",32.66858919999959
1,control/IQP-no-entangle,control,13,0.775,0.7,"{""clf__C"": 10.0, ""clf__scale"": 1.0}",32.66858919999959
1,control/IQP-no-entangle,control,14,0.775,0.8574999999999999,"{""clf__C"": 10.0, ""clf__scale"": 0.5}",32.66858919999959
1,control/PCA-matched-RBF,control,0,0.675,0.7224999999999999,"{""clf__C"": 0.1, ""clf__gamma"": 0.1}",28.538824000000204
1,control/PCA-matched-RBF,control,1,0.525,0.5325,"{""clf__C"": 1.0, ""clf__gamma"": 0.1}",28.538824000000204
1,control/PCA-matched-RBF,control,2,0.725,0.8575,"{""clf__C"": 0.1, ""clf__gamma"": 0.01}",28.538824000000204
1,control/PCA-matched-RBF,control,3,0.7,0.6799999999999999,"{""clf__C"": 1.0, ""clf__gamma"": 0.01}",28.538824000000204
1,control/PCA-matched-RBF,control,4,0.725,0.7675,"{""clf__C"": 10.0, ""clf__gamma"": 0.1}",28.538824000000204
1,control/PCA-matched-RBF,control,5,0.7,0.84,"{""clf__C"": 0.1, ""clf__gamma"": 0.1}",28.538824000000204
1,control/PCA-matched-RBF,control,6,0.625,0.7124999999999999,"{""clf__C"": 0.1, ""clf__gamma"": 0.1}",28.538824000000204
1,control/PCA-matched-RBF,control,7,0.725,0.815,"{""clf__C"": 0.1, ""clf__gamma"": 0.01}",28.538824000000204
1,control/PCA-matched-RBF,control,8,0.725,0.75,"{""clf__C"": 10.0, ""clf__gamma"": 0.01}",28.538824000000204
1,control/PCA-matched-RBF,control,9,0.65,0.6799999999999999,"{""clf__C"": 0.1, ""clf__gamma"": ""scale""}",28.538824000000204
1,control/PCA-matched-RBF,control,10,0.725,0.7175,"{""clf__C"": 0.1, ""clf__gamma"": 0.1}",28.538824000000204
1,control/PCA-matched-RBF,control,11,0.65,0.7025,"{""clf__C"": 10.0, ""clf__gamma"": 0.01}",28.538824000000204
1,control/PCA-matched-RBF,control,12,0.625,0.64,"{""clf__C"": 0.1, ""clf__gamma"": 0.1}",28.538824000000204
1,control/PCA-matched-RBF,control,13,0.8,0.795,"{""clf__C"": 0.1, ""clf__gamma"": 0.01}",28.538824000000204
1,control/PCA-matched-RBF,control,14,0.825,0.8674999999999999,"{""clf__C"": 1.0, ""clf__gamma"": 0.01}",28.538824000000204
1,control/PCA-matched-linear,control,0,0.65,0.72,"{""clf__C"": 0.1}",10.30821940000078
1,control/PCA-matched-linear,control,1,0.5,0.53,"{""clf__C"": 0.1}",10.30821940000078
1,control/PCA-matched-linear,control,2,0.85,0.885,"{""clf__C"": 1.0}",10.30821940000078
1,control/PCA-matched-linear,control,3,0.725,0.7274999999999999,"{""clf__C"": 1.0}",10.30821940000078
1,control/PCA-matched-linear,control,4,0.775,0.7699999999999999,"{""clf__C"": 1.0}",10.30821940000078
1,control/PCA-matched-linear,control,5,0.7,0.835,"{""clf__C"": 10.0}",10.30821940000078
1,control/PCA-matched-linear,control,6,0.625,0.72,"{""clf__C"": 1.0}",10.30821940000078
1,control/PCA-matched-linear,control,7,0.7,0.8225,"{""clf__C"": 0.1}",10.30821940000078
1,control/PCA-matched-linear,control,8,0.725,0.75,"{""clf__C"": 10.0}",10.30821940000078
1,control/PCA-matched-linear,control,9,0.65,0.7025,"{""clf__C"": 1.0}",10.30821940000078
1,control/PCA-matched-linear,control,10,0.7,0.705,"{""clf__C"": 10.0}",10.30821940000078
1,control/PCA-matched-linear,control,11,0.6,0.6975,"{""clf__C"": 0.1}",10.30821940000078
1,control/PCA-matched-linear,control,12,0.6,0.655,"{""clf__C"": 0.1}",10.30821940000078
1,control/PCA-matched-linear,control,13,0.825,0.7899999999999999,"{""clf__C"": 10.0}",10.30821940000078
1,control/PCA-matched-linear,control,14,0.8,0.8724999999999999,"{""clf__C"": 0.1}",10.30821940000078
1,control/logeuclid-TS+LR,control,0,0.675,0.7749999999999999,"{""clf__C"": 0.1}",9.233104599999933
1,control/logeuclid-TS+LR,control,1,0.625,0.685,"{""clf__C"": 10.0}",9.233104599999933
1,control/logeuclid-TS+LR,control,2,0.85,0.9,"{""clf__C"": 0.1}",9.233104599999933
1,control/logeuclid-TS+LR,control,3,0.65,0.7625000000000001,"{""clf__C"": 10.0}",9.233104599999933
1,control/logeuclid-TS+LR,control,4,0.775,0.8474999999999999,"{""clf__C"": 1.0}",9.233104599999933
1,control/logeuclid-TS+LR,control,5,0.85,0.9175,"{""clf__C"": 10.0}",9.233104599999933
1,control/logeuclid-TS+LR,control,6,0.625,0.7224999999999998,"{""clf__C"": 0.1}",9.233104599999933
1,control/logeuclid-TS+LR,control,7,0.75,0.8674999999999999,"{""clf__C"": 10.0}",9.233104599999933
1,control/logeuclid-TS+LR,control,8,0.775,0.8475,"{""clf__C"": 10.0}",9.233104599999933
1,control/logeuclid-TS+LR,control,9,0.725,0.7699999999999999,"{""clf__C"": 1.0}",9.233104599999933
1,control/logeuclid-TS+LR,control,10,0.75,0.7975,"{""clf__C"": 0.1}",9.233104599999933
1,control/logeuclid-TS+LR,control,11,0.675,0.715,"{""clf__C"": 1.0}",9.233104599999933
1,control/logeuclid-TS+LR,control,12,0.725,0.7725,"{""clf__C"": 1.0}",9.233104599999933
1,control/logeuclid-TS+LR,control,13,0.75,0.805,"{""clf__C"": 10.0}",9.233104599999933
1,control/logeuclid-TS+LR,control,14,0.825,0.9099999999999999,"{""clf__C"": 0.1}",9.233104599999933
1,control/riemann-kernel-SVM,control,0,0.725,0.8275,"{""clf__C"": 10.0}",10.473330299999361
1,control/riemann-kernel-SVM,control,1,0.6,0.7375,"{""clf__C"": 10.0}",10.473330299999361
1,control/riemann-kernel-SVM,control,2,0.925,0.97,"{""clf__C"": 10.0}",10.473330299999361
1,control/riemann-kernel-SVM,control,3,0.75,0.77,"{""clf__C"": 1.0}",10.473330299999361
1,control/riemann-kernel-SVM,control,4,0.8,0.89,"{""clf__C"": 10.0}",10.473330299999361
1,control/riemann-kernel-SVM,control,5,0.875,0.905,"{""clf__C"": 10.0}",10.473330299999361
1,control/riemann-kernel-SVM,control,6,0.8,0.8799999999999999,"{""clf__C"": 10.0}",10.473330299999361
1,control/riemann-kernel-SVM,control,7,0.725,0.785,"{""clf__C"": 10.0}",10.473330299999361
1,control/riemann-kernel-SVM,control,8,0.8,0.9225,"{""clf__C"": 10.0}",10.473330299999361
1,control/riemann-kernel-SVM,control,9,0.8,0.8724999999999999,"{""clf__C"": 10.0}",10.473330299999361
1,control/riemann-kernel-SVM,control,10,0.8,0.925,"{""clf__C"": 10.0}",10.473330299999361
1,control/riemann-kernel-SVM,control,11,0.625,0.7475,"{""clf__C"": 10.0}",10.473330299999361
1,control/riemann-kernel-SVM,control,12,0.825,0.8549999999999999,"{""clf__C"": 10.0}",10.473330299999361
1,control/riemann-kernel-SVM,control,13,0.7,0.8049999999999999,"{""clf__C"": 1.0}",10.473330299999361
1,control/riemann-kernel-SVM,control,14,0.825,0.9099999999999999,"{""clf__C"": 10.0}",10.473330299999361
1,control/logeuclid-kernel-SVM,control,0,0.8,0.8474999999999999,"{""clf__C"": 10.0}",10.470872599999893
1,control/logeuclid-kernel-SVM,control,1,0.65,0.6950000000000001,"{""clf__C"": 10.0}",10.470872599999893
1,control/logeuclid-kernel-SVM,control,2,0.85,0.9475,"{""clf__C"": 10.0}",10.470872599999893
1,control/logeuclid-kernel-SVM,control,3,0.725,0.76,"{""clf__C"": 10.0}",10.470872599999893
1,control/logeuclid-kernel-SVM,control,4,0.775,0.8800000000000001,"{""clf__C"": 10.0}",10.470872599999893
1,control/logeuclid-kernel-SVM,control,5,0.85,0.915,"{""clf__C"": 10.0}",10.470872599999893
1,control/logeuclid-kernel-SVM,control,6,0.75,0.835,"{""clf__C"": 10.0}",10.470872599999893
1,control/logeuclid-kernel-SVM,control,7,0.75,0.78,"{""clf__C"": 10.0}",10.470872599999893
1,control/logeuclid-kernel-SVM,control,8,0.825,0.8975000000000001,"{""clf__C"": 10.0}",10.470872599999893
1,control/logeuclid-kernel-SVM,control,9,0.85,0.8725,"{""clf__C"": 10.0}",10.470872599999893
1,control/logeuclid-kernel-SVM,control,10,0.8,0.9049999999999999,"{""clf__C"": 10.0}",10.470872599999893
1,control/logeuclid-kernel-SVM,control,11,0.675,0.74,"{""clf__C"": 10.0}",10.470872599999893
1,control/logeuclid-kernel-SVM,control,12,0.775,0.8474999999999999,"{""clf__C"": 10.0}",10.470872599999893
1,control/logeuclid-kernel-SVM,control,13,0.75,0.7575,"{""clf__C"": 10.0}",10.470872599999893
1,control/logeuclid-kernel-SVM,control,14,0.85,0.9199999999999999,"{""clf__C"": 10.0}",10.470872599999893
2,classical/logvar+LDA,classical,0,0.4,0.3575,{},0.10779210000055173
2,classical/logvar+LDA,classical,1,0.5,0.56,{},0.10779210000055173
2,classical/logvar+LDA,classical,2,0.475,0.3525,{},0.10779210000055173
2,classical/logvar+LDA,classical,3,0.45,0.5025,{},0.10779210000055173
2,classical/logvar+LDA,classical,4,0.65,0.7274999999999999,{},0.10779210000055173
2,classical/logvar+LDA,classical,5,0.5,0.4625,{},0.10779210000055173
2,classical/logvar+LDA,classical,6,0.6,0.6000000000000001,{},0.10779210000055173
2,classical/logvar+LDA,classical,7,0.55,0.495,{},0.10779210000055173
2,classical/logvar+LDA,classical,8,0.4,0.42,{},0.10779210000055173
2,classical/logvar+LDA,classical,9,0.575,0.5974999999999999,{},0.10779210000055173
2,classical/logvar+LDA,classical,10,0.55,0.5525,{},0.10779210000055173
2,classical/logvar+LDA,classical,11,0.5,0.5075000000000001,{},0.10779210000055173
2,classical/logvar+LDA,classical,12,0.45,0.43,{},0.10779210000055173
2,classical/logvar+LDA,classical,13,0.475,0.40249999999999997,{},0.10779210000055173
2,classical/logvar+LDA,classical,14,0.5,0.515,{},0.10779210000055173
2,classical/CSP+LDA,classical,0,0.5,0.4425,"{""csp__nfilter"": 2}",8.77499329999955
2,classical/CSP+LDA,classical,1,0.475,0.53,"{""csp__nfilter"": 2}",8.77499329999955
2,classical/CSP+LDA,classical,2,0.375,0.2675,"{""csp__nfilter"": 4}",8.77499329999955
2,classical/CSP+LDA,classical,3,0.35,0.35000000000000003,"{""csp__nfilter"": 2}",8.77499329999955
2,classical/CSP+LDA,classical,4,0.525,0.5475,"{""csp__nfilter"": 2}",8.77499329999955
2,classical/CSP+LDA,classical,5,0.375,0.4525,"{""csp__nfilter"": 2}",8.77499329999955
2,classical/CSP+LDA,classical,6,0.525,0.5425,"{""csp__nfilter"": 2}",8.77499329999955
2,classical/CSP+LDA,classical,7,0.425,0.40499999999999997,"{""csp__nfilter"": 4}",8.77499329999955
2,classical/CSP+LDA,classical,8,0.425,0.415,"{""csp__nfilter"": 6}",8.77499329999955
2,classical/CSP+LDA,classical,9,0.525,0.5125,"{""csp__nfilter"": 2}",8.77499329999955
2,classical/CSP+LDA,classical,10,0.475,0.45499999999999996,"{""csp__nfilter"": 6}",8.77499329999955
2,classical/CSP+LDA,classical,11,0.45,0.46,"{""csp__nfilter"": 2}",8.77499329999955
2,classical/CSP+LDA,classical,12,0.375,0.34500000000000003,"{""csp__nfilter"": 6}",8.77499329999955
2,classical/CSP+LDA,classical,13,0.525,0.4225,"{""csp__nfilter"": 4}",8.77499329999955
2,classical/CSP+LDA,classical,14,0.45,0.43,"{""csp__nfilter"": 2}",8.77499329999955
2,classical/MDM,classical,0,0.425,0.405,{},1.0386501000002681
2,classical/MDM,classical,1,0.525,0.47250000000000003,{},1.0386501000002681
2,classical/MDM,classical,2,0.35,0.3175,{},1.0386501000002681
2,classical/MDM,classical,3,0.475,0.4175,{},1.0386501000002681
2,classical/MDM,classical,4,0.4,0.48,{},1.0386501000002681
2,classical/MDM,classical,5,0.525,0.44749999999999995,{},1.0386501000002681
2,classical/MDM,classical,6,0.5,0.4675,{},1.0386501000002681
2,classical/MDM,classical,7,0.45,0.48749999999999993,{},1.0386501000002681
2,classical/MDM,classical,8,0.475,0.415,{},1.0386501000002681
2,classical/MDM,classical,9,0.5,0.43999999999999995,{},1.0386501000002681
2,classical/MDM,classical,10,0.45,0.39999999999999997,{},1.0386501000002681
2,classical/MDM,classical,11,0.475,0.44999999999999996,{},1.0386501000002681
2,classical/MDM,classical,12,0.475,0.41,{},1.0386501000002681
2,classical/MDM,classical,13,0.425,0.42999999999999994,{},1.0386501000002681
2,classical/MDM,classical,14,0.45,0.41,{},1.0386501000002681
2,classical/TS+LR,classical,0,0.475,0.4025,"{""clf__C"": 10.0}",10.707492300000013
2,classical/TS+LR,classical,1,0.5,0.46499999999999997,"{""clf__C"": 0.1}",10.707492300000013
2,classical/TS+LR,classical,2,0.45,0.28250000000000003,"{""clf__C"": 10.0}",10.707492300000013
2,classical/TS+LR,classical,3,0.425,0.44999999999999996,"{""clf__C"": 0.1}",10.707492300000013
2,classical/TS+LR,classical,4,0.575,0.6199999999999999,"{""clf__C"": 10.0}",10.707492300000013
2,classical/TS+LR,classical,5,0.5,0.5,"{""clf__C"": 1.0}",10.707492300000013
2,classical/TS+LR,classical,6,0.5,0.5075000000000001,"{""clf__C"": 10.0}",10.707492300000013
2,classical/TS+LR,classical,7,0.475,0.43000000000000005,"{""clf__C"": 10.0}",10.707492300000013
2,classical/TS+LR,classical,8,0.475,0.45,"{""clf__C"": 1.0}",10.707492300000013
2,classical/TS+LR,classical,9,0.4,0.35750000000000004,"{""clf__C"": 0.1}",10.707492300000013
2,classical/TS+LR,classical,10,0.4,0.49,"{""clf__C"": 1.0}",10.707492300000013
2,classical/TS+LR,classical,11,0.575,0.5575,"{""clf__C"": 1.0}",10.707492300000013
2,classical/TS+LR,classical,12,0.45,0.40249999999999997,"{""clf__C"": 1.0}",10.707492300000013
2,classical/TS+LR,classical,13,0.35,0.4325,"{""clf__C"": 10.0}",10.707492300000013
2,classical/TS+LR,classical,14,0.525,0.5475,"{""clf__C"": 0.1}",10.707492300000013
2,classical/TS+RBF-SVM,classical,0,0.45,0.3825,"{""clf__C"": 0.1, ""clf__gamma"": 0.01}",28.159882700000708
2,classical/TS+RBF-SVM,classical,1,0.525,0.525,"{""clf__C"": 10.0, ""clf__gamma"": 0.1}",28.159882700000708
2,classical/TS+RBF-SVM,classical,2,0.3,0.2975,"{""clf__C"": 1.0, ""clf__gamma"": 0.01}",28.159882700000708
2,classical/TS+RBF-SVM,classical,3,0.475,0.4525,"{""clf__C"": 10.0, ""clf__gamma"": 0.01}",28.159882700000708
2,classical/TS+RBF-SVM,classical,4,0.45,0.48,"{""clf__C"": 10.0, ""clf__gamma"": ""scale""}",28.159882700000708
2,classical/TS+RBF-SVM,classical,5,0.425,0.49250000000000005,"{""clf__C"": 0.1, ""clf__gamma"": ""scale""}",28.159882700000708
2,classical/TS+RBF-SVM,classical,6,0.475,0.565,"{""clf__C"": 0.1, ""clf__gamma"": 0.1}",28.159882700000708
2,classical/TS+RBF-SVM,classical,7,0.425,0.43000000000000005,"{""clf__C"": 0.1, ""clf__gamma"": ""scale""}",28.159882700000708
2,classical/TS+RBF-SVM,classical,8,0.425,0.395,"{""clf__C"": 1.0, ""clf__gamma"": ""scale""}",28.159882700000708
2,classical/TS+RBF-SVM,classical,9,0.45,0.4625,"{""clf__C"": 0.1, ""clf__gamma"": ""scale""}",28.159882700000708
2,classical/TS+RBF-SVM,classical,10,0.45,0.5375,"{""clf__C"": 10.0, ""clf__gamma"": 0.01}",28.159882700000708
2,classical/TS+RBF-SVM,classical,11,0.45,0.47750000000000004,"{""clf__C"": 10.0, ""clf__gamma"": 0.01}",28.159882700000708
2,classical/TS+RBF-SVM,classical,12,0.475,0.4625,"{""clf__C"": 1.0, ""clf__gamma"": 0.01}",28.159882700000708
2,classical/TS+RBF-SVM,classical,13,0.45,0.38249999999999995,"{""clf__C"": 1.0, ""clf__gamma"": 0.01}",28.159882700000708
2,classical/TS+RBF-SVM,classical,14,0.575,0.5650000000000001,"{""clf__C"": 10.0, ""clf__gamma"": 0.01}",28.159882700000708
2,quantum/HS-overlap-SVM,quantum,0,0.525,0.43,"{""clf__C"": 0.1}",9.465260400000261
2,quantum/HS-overlap-SVM,quantum,1,0.45,0.49249999999999994,"{""clf__C"": 0.1}",9.465260400000261
2,quantum/HS-overlap-SVM,quantum,2,0.35,0.2775,"{""clf__C"": 10.0}",9.465260400000261
2,quantum/HS-overlap-SVM,quantum,3,0.4,0.49750000000000005,"{""clf__C"": 10.0}",9.465260400000261
2,quantum/HS-overlap-SVM,quantum,4,0.475,0.52,"{""clf__C"": 0.1}",9.465260400000261
2,quantum/HS-overlap-SVM,quantum,5,0.475,0.44999999999999996,"{""clf__C"": 0.1}",9.465260400000261
2,quantum/HS-overlap-SVM,quantum,6,0.45,0.46249999999999997,"{""clf__C"": 0.1}",9.465260400000261
2,quantum/HS-overlap-SVM,quantum,7,0.475,0.4475,"{""clf__C"": 0.1}",9.465260400000261
2,quantum/HS-overlap-SVM,quantum,8,0.4,0.4425,"{""clf__C"": 0.1}",9.465260400000261
2,quantum/HS-overlap-SVM,quantum,9,0.525,0.535,"{""clf__C"": 0.1}",9.465260400000261
2,quantum/HS-overlap-SVM,quantum,10,0.425,0.46,"{""clf__C"": 0.1}",9.465260400000261
2,quantum/HS-overlap-SVM,quantum,11,0.4,0.47000000000000003,"{""clf__C"": 0.1}",9.465260400000261
2,quantum/HS-overlap-SVM,quantum,12,0.375,0.4425,"{""clf__C"": 0.1}",9.465260400000261
2,quantum/HS-overlap-SVM,quantum,13,0.375,0.33,"{""clf__C"": 0.1}",9.465260400000261
2,quantum/HS-overlap-SVM,quantum,14,0.5,0.47750000000000004,"{""clf__C"": 0.1}",9.465260400000261
2,quantum/Fidelity-SVM,quantum,0,0.475,0.4275,"{""clf__C"": 0.1}",22.459418999999798
2,quantum/Fidelity-SVM,quantum,1,0.55,0.5275,"{""clf__C"": 0.1}",22.459418999999798
2,quantum/Fidelity-SVM,quantum,2,0.3,0.22000000000000003,"{""clf__C"": 10.0}",22.459418999999798
2,quantum/Fidelity-SVM,quantum,3,0.525,0.495,"{""clf__C"": 10.0}",22.459418999999798
2,quantum/Fidelity-SVM,quantum,4,0.475,0.5425,"{""clf__C"": 0.1}",22.459418999999798
2,quantum/Fidelity-SVM,quantum,5,0.45,0.505,"{""clf__C"": 0.1}",22.459418999999798
2,quantum/Fidelity-SVM,quantum,6,0.55,0.4975,"{""clf__C"": 10.0}",22.459418999999798
2,quantum/Fidelity-SVM,quantum,7,0.4,0.47000000000000003,"{""clf__C"": 0.1}",22.459418999999798
2,quantum/Fidelity-SVM,quantum,8,0.45,0.475,"{""clf__C"": 0.1}",22.459418999999798
2,quantum/Fidelity-SVM,quantum,9,0.55,0.5475,"{""clf__C"": 0.1}",22.459418999999798
2,quantum/Fidelity-SVM,quantum,10,0.45,0.48,"{""clf__C"": 0.1}",22.459418999999798
2,quantum/Fidelity-SVM,quantum,11,0.475,0.4725,"{""clf__C"": 0.1}",22.459418999999798
2,quantum/Fidelity-SVM,quantum,12,0.45,0.49999999999999994,"{""clf__C"": 0.1}",22.459418999999798
2,quantum/Fidelity-SVM,quantum,13,0.425,0.36000000000000004,"{""clf__C"": 10.0}",22.459418999999798
2,quantum/Fidelity-SVM,quantum,14,0.525,0.5325,"{""clf__C"": 0.1}",22.459418999999798
2,quantum/HS-RBF-SVM,quantum,0,0.525,0.5025,"{""clf__C"": 10.0, ""clf__gamma_mult"": 4.0}",26.2409245000008
2,quantum/HS-RBF-SVM,quantum,1,0.475,0.40499999999999997,"{""clf__C"": 10.0, ""clf__gamma_mult"": 4.0}",26.2409245000008
2,quantum/HS-RBF-SVM,quantum,2,0.45,0.445,"{""clf__C"": 10.0, ""clf__gamma_mult"": 4.0}",26.2409245000008
2,quantum/HS-RBF-SVM,quantum,3,0.5,0.45499999999999996,"{""clf__C"": 10.0, ""clf__gamma_mult"": 4.0}",26.2409245000008
2,quantum/HS-RBF-SVM,quantum,4,0.425,0.3875,"{""clf__C"": 10.0, ""clf__gamma_mult"": 4.0}",26.2409245000008
2,quantum/HS-RBF-SVM,quantum,5,0.475,0.4675,"{""clf__C"": 10.0, ""clf__gamma_mult"": 4.0}",26.2409245000008
2,quantum/HS-RBF-SVM,quantum,6,0.575,0.63,"{""clf__C"": 10.0, ""clf__gamma_mult"": 4.0}",26.2409245000008
2,quantum/HS-RBF-SVM,quantum,7,0.5,0.425,"{""clf__C"": 10.0, ""clf__gamma_mult"": 4.0}",26.2409245000008
2,quantum/HS-RBF-SVM,quantum,8,0.475,0.43999999999999995,"{""clf__C"": 10.0, ""clf__gamma_mult"": 4.0}",26.2409245000008
2,quantum/HS-RBF-SVM,quantum,9,0.4,0.355,"{""clf__C"": 10.0, ""clf__gamma_mult"": 4.0}",26.2409245000008
2,quantum/HS-RBF-SVM,quantum,10,0.5,0.4475,"{""clf__C"": 10.0, ""clf__gamma_mult"": 1.0}",26.2409245000008
2,quantum/HS-RBF-SVM,quantum,11,0.5,0.48250000000000004,"{""clf__C"": 10.0, ""clf__gamma_mult"": 4.0}",26.2409245000008
2,quantum/HS-RBF-SVM,quantum,12,0.325,0.30749999999999994,"{""clf__C"": 10.0, ""clf__gamma_mult"": 4.0}",26.2409245000008
2,quantum/HS-RBF-SVM,quantum,13,0.475,0.44499999999999995,"{""clf__C"": 10.0, ""clf__gamma_mult"": 4.0}",26.2409245000008
2,quantum/HS-RBF-SVM,quantum,14,0.425,0.4175,"{""clf__C"": 10.0, ""clf__gamma_mult"": 4.0}",26.2409245000008
2,quantum/Bures-RBF-SVM,quantum,0,0.375,0.32249999999999995,"{""clf__C"": 10.0, ""clf__gamma_mult"": 1.0}",58.494063999999526
2,quantum/Bures-RBF-SVM,quantum,1,0.45,0.38249999999999995,"{""clf__C"": 10.0, ""clf__gamma_mult"": 1.0}",58.494063999999526
2,quantum/Bures-RBF-SVM,quantum,2,0.45,0.37999999999999995,"{""clf__C"": 10.0, ""clf__gamma_mult"": 1.0}",58.494063999999526
2,quantum/Bures-RBF-SVM,quantum,3,0.4,0.4125,"{""clf__C"": 10.0, ""clf__gamma_mult"": 4.0}",58.494063999999526
2,quantum/Bures-RBF-SVM,quantum,4,0.4,0.41250000000000003,"{""clf__C"": 10.0, ""clf__gamma_mult"": 1.0}",58.494063999999526
2,quantum/Bures-RBF-SVM,quantum,5,0.4,0.41250000000000003,"{""clf__C"": 10.0, ""clf__gamma_mult"": 4.0}",58.494063999999526
2,quantum/Bures-RBF-SVM,quantum,6,0.525,0.5125,"{""clf__C"": 10.0, ""clf__gamma_mult"": 1.0}",58.494063999999526
2,quantum/Bures-RBF-SVM,quantum,7,0.425,0.44249999999999995,"{""clf__C"": 10.0, ""clf__gamma_mult"": 1.0}",58.494063999999526
2,quantum/Bures-RBF-SVM,quantum,8,0.325,0.28250000000000003,"{""clf__C"": 10.0, ""clf__gamma_mult"": 4.0}",58.494063999999526
2,quantum/Bures-RBF-SVM,quantum,9,0.4,0.35500000000000004,"{""clf__C"": 10.0, ""clf__gamma_mult"": 4.0}",58.494063999999526
2,quantum/Bures-RBF-SVM,quantum,10,0.475,0.43999999999999995,"{""clf__C"": 10.0, ""clf__gamma_mult"": 1.0}",58.494063999999526
2,quantum/Bures-RBF-SVM,quantum,11,0.425,0.43500000000000005,"{""clf__C"": 10.0, ""clf__gamma_mult"": 4.0}",58.494063999999526
2,quantum/Bures-RBF-SVM,quantum,12,0.3,0.2225,"{""clf__C"": 10.0, ""clf__gamma_mult"": 4.0}",58.494063999999526
2,quantum/Bures-RBF-SVM,quantum,13,0.3,0.29500000000000004,"{""clf__C"": 10.0, ""clf__gamma_mult"": 1.0}",58.494063999999526
2,quantum/Bures-RBF-SVM,quantum,14,0.525,0.5225,"{""clf__C"": 10.0, ""clf__gamma_mult"": 1.0}",58.494063999999526
2,quantum/HS-overlap-ref-SVM,quantum,0,0.45,0.4525,"{""clf__C"": 10.0}",11.409636800000044
2,quantum/HS-overlap-ref-SVM,quantum,1,0.45,0.4825,"{""clf__C"": 10.0}",11.409636800000044
2,quantum/HS-overlap-ref-SVM,quantum,2,0.375,0.2725,"{""clf__C"": 10.0}",11.409636800000044
2,quantum/HS-overlap-ref-SVM,quantum,3,0.5,0.545,"{""clf__C"": 10.0}",11.409636800000044
2,quantum/HS-overlap-ref-SVM,quantum,4,0.575,0.5175000000000001,"{""clf__C"": 10.0}",11.409636800000044
2,quantum/HS-overlap-ref-SVM,quantum,5,0.525,0.54,"{""clf__C"": 10.0}",11.409636800000044
2,quantum/HS-overlap-ref-SVM,quantum,6,0.525,0.5525000000000001,"{""clf__C"": 10.0}",11.409636800000044
2,quantum/HS-overlap-ref-SVM,quantum,7,0.375,0.375,"{""clf__C"": 10.0}",11.409636800000044
2,quantum/HS-overlap-ref-SVM,quantum,8,0.4,0.3725,"{""clf__C"": 10.0}",11.409636800000044
2,quantum/HS-overlap-ref-SVM,quantum,9,0.375,0.385,"{""clf__C"": 10.0}",11.409636800000044
2,quantum/HS-overlap-ref-SVM,quantum,10,0.475,0.51,"{""clf__C"": 10.0}",11.409636800000044
2,quantum/HS-overlap-ref-SVM,quantum,11,0.575,0.5275000000000001,"{""clf__C"": 10.0}",11.409636800000044
2,quantum/HS-overlap-ref-SVM,quantum,12,0.45,0.4125,"{""clf__C"": 10.0}",11.409636800000044
2,quantum/HS-overlap-ref-SVM,quantum,13,0.425,0.3675,"{""clf__C"": 10.0}",11.409636800000044
2,quantum/HS-overlap-ref-SVM,quantum,14,0.525,0.5974999999999999,"{""clf__C"": 10.0}",11.409636800000044
2,quantum/Fidelity-ref-SVM,quantum,0,0.4,0.475,"{""clf__C"": 10.0}",25.793181199999708
2,quantum/Fidelity-ref-SVM,quantum,1,0.45,0.47250000000000003,"{""clf__C"": 10.0}",25.793181199999708
2,quantum/Fidelity-ref-SVM,quantum,2,0.4,0.2525,"{""clf__C"": 10.0}",25.793181199999708
2,quantum/Fidelity-ref-SVM,quantum,3,0.55,0.5325,"{""clf__C"": 10.0}",25.793181199999708
2,quantum/Fidelity-ref-SVM,quantum,4,0.425,0.5025,"{""clf__C"": 0.1}",25.793181199999708
2,quantum/Fidelity-ref-SVM,quantum,5,0.5,0.505,"{""clf__C"": 10.0}",25.793181199999708
2,quantum/Fidelity-ref-SVM,quantum,6,0.45,0.5625,"{""clf__C"": 10.0}",25.793181199999708
2,quantum/Fidelity-ref-SVM,quantum,7,0.45,0.395,"{""clf__C"": 10.0}",25.793181199999708
2,quantum/Fidelity-ref-SVM,quantum,8,0.425,0.38,"{""clf__C"": 10.0}",25.793181199999708
2,quantum/Fidelity-ref-SVM,quantum,9,0.475,0.44749999999999995,"{""clf__C"": 10.0}",25.793181199999708
2,quantum/Fidelity-ref-SVM,quantum,10,0.575,0.5275,"{""clf__C"": 10.0}",25.793181199999708
2,quantum/Fidelity-ref-SVM,quantum,11,0.55,0.5349999999999999,"{""clf__C"": 10.0}",25.793181199999708
2,quantum/Fidelity-ref-SVM,quantum,12,0.475,0.46,"{""clf__C"": 10.0}",25.793181199999708
2,quantum/Fidelity-ref-SVM,quantum,13,0.375,0.3625,"{""clf__C"": 10.0}",25.793181199999708
2,quantum/Fidelity-ref-SVM,quantum,14,0.55,0.5549999999999999,"{""clf__C"": 10.0}",25.793181199999708
2,quantum/HS-RBF-ref-SVM,quantum,0,0.45,0.455,"{""clf__C"": 10.0, ""clf__gamma_mult"": 1.0}",30.82507699999951
2,quantum/HS-RBF-ref-SVM,quantum,1,0.525,0.4775,"{""clf__C"": 10.0, ""clf__gamma_mult"": 1.0}",30.82507699999951
2,quantum/HS-RBF-ref-SVM,quantum,2,0.4,0.3325,"{""clf__C"": 10.0, ""clf__gamma_mult"": 0.25}",30.82507699999951
2,quantum/HS-RBF-ref-SVM,quantum,3,0.55,0.5625,"{""clf__C"": 10.0, ""clf__gamma_mult"": 1.0}",30.82507699999951
2,quantum/HS-RBF-ref-SVM,quantum,4,0.425,0.41,"{""clf__C"": 10.0, ""clf__gamma_mult"": 1.0}",30.82507699999951
2,quantum/HS-RBF-ref-SVM,quantum,5,0.6,0.5249999999999999,"{""clf__C"": 10.0, ""clf__gamma_mult"": 1.0}",30.82507699999951
2,quantum/HS-RBF-ref-SVM,quantum,6,0.5,0.48750000000000004,"{""clf__C"": 10.0, ""clf__gamma_mult"": 1.0}",30.82507699999951
2,quantum/HS-RBF-ref-SVM,quantum,7,0.4,0.4175,"{""clf__C"": 10.0, ""clf__gamma_mult"": 1.0}",30.82507699999951
2,quantum/HS-RBF-ref-SVM,quantum,8,0.4,0.3725,"{""clf__C"": 10.0, ""clf__gamma_mult"": 0.25}",30.82507699999951
2,quantum/HS-RBF-ref-SVM,quantum,9,0.425,0.42,"{""clf__C"": 10.0, ""clf__gamma_mult"": 1.0}",30.82507699999951
2,quantum/HS-RBF-ref-SVM,quantum,10,0.375,0.3975,"{""clf__C"": 10.0, ""clf__gamma_mult"": 1.0}",30.82507699999951
2,quantum/HS-RBF-ref-SVM,quantum,11,0.475,0.49250000000000005,"{""clf__C"": 10.0, ""clf__gamma_mult"": 1.0}",30.82507699999951
2,quantum/HS-RBF-ref-SVM,quantum,12,0.35,0.28,"{""clf__C"": 10.0, ""clf__gamma_mult"": 1.0}",30.82507699999951
2,quantum/HS-RBF-ref-SVM,quantum,13,0.4,0.3775,"{""clf__C"": 10.0, ""clf__gamma_mult"": 1.0}",30.82507699999951
2,quantum/HS-RBF-ref-SVM,quantum,14,0.525,0.5725,"{""clf__C"": 10.0, ""clf__gamma_mult"": 1.0}",30.82507699999951
2,quantum/Bures-RBF-ref-SVM,quantum,0,0.55,0.4699999999999999,"{""clf__C"": 10.0, ""clf__gamma_mult"": 1.0}",65.79407260000062
2,quantum/Bures-RBF-ref-SVM,quantum,1,0.525,0.465,"{""clf__C"": 10.0, ""clf__gamma_mult"": 1.0}",65.79407260000062
2,quantum/Bures-RBF-ref-SVM,quantum,2,0.4,0.3025,"{""clf__C"": 10.0, ""clf__gamma_mult"": 0.25}",65.79407260000062
2,quantum/Bures-RBF-ref-SVM,quantum,3,0.525,0.54,"{""clf__C"": 10.0, ""clf__gamma_mult"": 1.0}",65.79407260000062
2,quantum/Bures-RBF-ref-SVM,quantum,4,0.5,0.44,"{""clf__C"": 10.0, ""clf__gamma_mult"": 1.0}",65.79407260000062
2,quantum/Bures-RBF-ref-SVM,quantum,5,0.55,0.5425,"{""clf__C"": 10.0, ""clf__gamma_mult"": 1.0}",65.79407260000062
2,quantum/Bures-RBF-ref-SVM,quantum,6,0.475,0.485,"{""clf__C"": 10.0, ""clf__gamma_mult"": 1.0}",65.79407260000062
2,quantum/Bures-RBF-ref-SVM,quantum,7,0.4,0.4225,"{""clf__C"": 10.0, ""clf__gamma_mult"": 1.0}",65.79407260000062
2,quantum/Bures-RBF-ref-SVM,quantum,8,0.4,0.3125,"{""clf__C"": 10.0, ""clf__gamma_mult"": 1.0}",65.79407260000062
2,quantum/Bures-RBF-ref-SVM,quantum,9,0.5,0.45499999999999996,"{""clf__C"": 10.0, ""clf__gamma_mult"": 1.0}",65.79407260000062
2,quantum/Bures-RBF-ref-SVM,quantum,10,0.35,0.4,"{""clf__C"": 10.0, ""clf__gamma_mult"": 1.0}",65.79407260000062
2,quantum/Bures-RBF-ref-SVM,quantum,11,0.5,0.49500000000000005,"{""clf__C"": 10.0, ""clf__gamma_mult"": 1.0}",65.79407260000062
2,quantum/Bures-RBF-ref-SVM,quantum,12,0.325,0.32499999999999996,"{""clf__C"": 10.0, ""clf__gamma_mult"": 1.0}",65.79407260000062
2,quantum/Bures-RBF-ref-SVM,quantum,13,0.425,0.3475,"{""clf__C"": 10.0, ""clf__gamma_mult"": 1.0}",65.79407260000062
2,quantum/Bures-RBF-ref-SVM,quantum,14,0.525,0.55,"{""clf__C"": 10.0, ""clf__gamma_mult"": 1.0}",65.79407260000062
2,quantum/QRE-RBF-SVM,quantum,0,0.475,0.36749999999999994,"{""clf__C"": 10.0, ""clf__gamma_mult"": 1.0}",32.45514980000007
2,quantum/QRE-RBF-SVM,quantum,1,0.475,0.3875,"{""clf__C"": 10.0, ""clf__gamma_mult"": 1.0}",32.45514980000007
2,quantum/QRE-RBF-SVM,quantum,2,0.475,0.4125,"{""clf__C"": 10.0, ""clf__gamma_mult"": 1.0}",32.45514980000007
2,quantum/QRE-RBF-SVM,quantum,3,0.425,0.41250000000000003,"{""clf__C"": 10.0, ""clf__gamma_mult"": 4.0}",32.45514980000007
2,quantum/QRE-RBF-SVM,quantum,4,0.425,0.4875,"{""clf__C"": 10.0, ""clf__gamma_mult"": 1.0}",32.45514980000007
2,quantum/QRE-RBF-SVM,quantum,5,0.425,0.4675,"{""clf__C"": 10.0, ""clf__gamma_mult"": 1.0}",32.45514980000007
2,quantum/QRE-RBF-SVM,quantum,6,0.5,0.5499999999999999,"{""clf__C"": 10.0, ""clf__gamma_mult"": 1.0}",32.45514980000007
2,quantum/QRE-RBF-SVM,quantum,7,0.45,0.4475,"{""clf__C"": 10.0, ""clf__gamma_mult"": 1.0}",32.45514980000007
2,quantum/QRE-RBF-SVM,quantum,8,0.35,0.3225,"{""clf__C"": 10.0, ""clf__gamma_mult"": 1.0}",32.45514980000007
2,quantum/QRE-RBF-SVM,quantum,9,0.425,0.3375,"{""clf__C"": 10.0, ""clf__gamma_mult"": 4.0}",32.45514980000007
2,quantum/QRE-RBF-SVM,quantum,10,0.5,0.45249999999999996,"{""clf__C"": 10.0, ""clf__gamma_mult"": 1.0}",32.45514980000007
2,quantum/QRE-RBF-SVM,quantum,11,0.5,0.43250000000000005,"{""clf__C"": 10.0, ""clf__gamma_mult"": 4.0}",32.45514980000007
2,quantum/QRE-RBF-SVM,quantum,12,0.35,0.24750000000000003,"{""clf__C"": 10.0, ""clf__gamma_mult"": 1.0}",32.45514980000007
2,quantum/QRE-RBF-SVM,quantum,13,0.375,0.28750000000000003,"{""clf__C"": 10.0, ""clf__gamma_mult"": 1.0}",32.45514980000007
2,quantum/QRE-RBF-SVM,quantum,14,0.5,0.5175000000000001,"{""clf__C"": 10.0, ""clf__gamma_mult"": 1.0}",32.45514980000007
2,quantum/QRE-RBF-ref-SVM,quantum,0,0.525,0.4725,"{""clf__C"": 10.0, ""clf__gamma_mult"": 1.0}",36.14031909999994
2,quantum/QRE-RBF-ref-SVM,quantum,1,0.5,0.46499999999999997,"{""clf__C"": 10.0, ""clf__gamma_mult"": 1.0}",36.14031909999994
2,quantum/QRE-RBF-ref-SVM,quantum,2,0.4,0.31000000000000005,"{""clf__C"": 10.0, ""clf__gamma_mult"": 0.25}",36.14031909999994
2,quantum/QRE-RBF-ref-SVM,quantum,3,0.525,0.5475,"{""clf__C"": 10.0, ""clf__gamma_mult"": 1.0}",36.14031909999994
2,quantum/QRE-RBF-ref-SVM,quantum,4,0.425,0.42,"{""clf__C"": 10.0, ""clf__gamma_mult"": 1.0}",36.14031909999994
2,quantum/QRE-RBF-ref-SVM,quantum,5,0.575,0.53,"{""clf__C"": 10.0, ""clf__gamma_mult"": 1.0}",36.14031909999994
2,quantum/QRE-RBF-ref-SVM,quantum,6,0.475,0.48,"{""clf__C"": 10.0, ""clf__gamma_mult"": 1.0}",36.14031909999994
2,quantum/QRE-RBF-ref-SVM,quantum,7,0.4,0.4175,"{""clf__C"": 10.0, ""clf__gamma_mult"": 1.0}",36.14031909999994
2,quantum/QRE-RBF-ref-SVM,quantum,8,0.35,0.30750000000000005,"{""clf__C"": 10.0, ""clf__gamma_mult"": 1.0}",36.14031909999994
2,quantum/QRE-RBF-ref-SVM,quantum,9,0.525,0.4525,"{""clf__C"": 10.0, ""clf__gamma_mult"": 1.0}",36.14031909999994
2,quantum/QRE-RBF-ref-SVM,quantum,10,0.35,0.40249999999999997,"{""clf__C"": 10.0, ""clf__gamma_mult"": 1.0}",36.14031909999994
2,quantum/QRE-RBF-ref-SVM,quantum,11,0.525,0.48750000000000004,"{""clf__C"": 10.0, ""clf__gamma_mult"": 1.0}",36.14031909999994
2,quantum/QRE-RBF-ref-SVM,quantum,12,0.35,0.315,"{""clf__C"": 10.0, ""clf__gamma_mult"": 1.0}",36.14031909999994
2,quantum/QRE-RBF-ref-SVM,quantum,13,0.425,0.34500000000000003,"{""clf__C"": 10.0, ""clf__gamma_mult"": 1.0}",36.14031909999994
2,quantum/QRE-RBF-ref-SVM,quantum,14,0.525,0.54,"{""clf__C"": 10.0, ""clf__gamma_mult"": 1.0}",36.14031909999994
2,quantum/IQP-kernel-SVM,quantum,0,0.375,0.2825,"{""clf__C"": 10.0, ""clf__scale"": 2.0}",33.79211900000064
2,quantum/IQP-kernel-SVM,quantum,1,0.575,0.5574999999999999,"{""clf__C"": 10.0, ""clf__scale"": 2.0}",33.79211900000064
2,quantum/IQP-kernel-SVM,quantum,2,0.275,0.23750000000000002,"{""clf__C"": 10.0, ""clf__scale"": 2.0}",33.79211900000064
2,quantum/IQP-kernel-SVM,quantum,3,0.55,0.5599999999999999,"{""clf__C"": 10.0, ""clf__scale"": 2.0}",33.79211900000064
2,quantum/IQP-kernel-SVM,quantum,4,0.675,0.615,"{""clf__C"": 10.0, ""clf__scale"": 2.0}",33.79211900000064
2,quantum/IQP-kernel-SVM,quantum,5,0.5,0.43,"{""clf__C"": 10.0, ""clf__scale"": 2.0}",33.79211900000064
2,quantum/IQP-kernel-SVM,quantum,6,0.45,0.47250000000000003,"{""clf__C"": 10.0, ""clf__scale"": 2.0}",33.79211900000064
2,quantum/IQP-kernel-SVM,quantum,7,0.525,0.5575,"{""clf__C"": 10.0, ""clf__scale"": 2.0}",33.79211900000064
2,quantum/IQP-kernel-SVM,quantum,8,0.425,0.47250000000000003,"{""clf__C"": 10.0, ""clf__scale"": 2.0}",33.79211900000064
2,quantum/IQP-kernel-SVM,quantum,9,0.5,0.47,"{""clf__C"": 10.0, ""clf__scale"": 2.0}",33.79211900000064
2,quantum/IQP-kernel-SVM,quantum,10,0.575,0.5325,"{""clf__C"": 10.0, ""clf__scale"": 2.0}",33.79211900000064
2,quantum/IQP-kernel-SVM,quantum,11,0.425,0.4475,"{""clf__C"": 10.0, ""clf__scale"": 2.0}",33.79211900000064
2,quantum/IQP-kernel-SVM,quantum,12,0.575,0.5850000000000001,"{""clf__C"": 10.0, ""clf__scale"": 2.0}",33.79211900000064
2,quantum/IQP-kernel-SVM,quantum,13,0.4,0.425,"{""clf__C"": 10.0, ""clf__scale"": 2.0}",33.79211900000064
2,quantum/IQP-kernel-SVM,quantum,14,0.325,0.34249999999999997,"{""clf__C"": 10.0, ""clf__scale"": 2.0}",33.79211900000064
2,quantum/CNOT-kernel-SVM,quantum,0,0.5,0.43500000000000005,"{""clf__C"": 10.0, ""clf__scale"": 2.0}",31.876334399999905
2,quantum/CNOT-kernel-SVM,quantum,1,0.5,0.5025,"{""clf__C"": 10.0, ""clf__scale"": 2.0}",31.876334399999905
2,quantum/CNOT-kernel-SVM,quantum,2,0.625,0.5525,"{""clf__C"": 10.0, ""clf__scale"": 2.0}",31.876334399999905
2,quantum/CNOT-kernel-SVM,quantum,3,0.5,0.605,"{""clf__C"": 10.0, ""clf__scale"": 2.0}",31.876334399999905
2,quantum/CNOT-kernel-SVM,quantum,4,0.55,0.5475,"{""clf__C"": 10.0, ""clf__scale"": 2.0}",31.876334399999905
2,quantum/CNOT-kernel-SVM,quantum,5,0.5,0.47000000000000003,"{""clf__C"": 10.0, ""clf__scale"": 2.0}",31.876334399999905
2,quantum/CNOT-kernel-SVM,quantum,6,0.45,0.43,"{""clf__C"": 10.0, ""clf__scale"": 2.0}",31.876334399999905
2,quantum/CNOT-kernel-SVM,quantum,7,0.65,0.6775,"{""clf__C"": 10.0, ""clf__scale"": 2.0}",31.876334399999905
2,quantum/CNOT-kernel-SVM,quantum,8,0.45,0.44249999999999995,"{""clf__C"": 10.0, ""clf__scale"": 2.0}",31.876334399999905
2,quantum/CNOT-kernel-SVM,quantum,9,0.525,0.6725,"{""clf__C"": 10.0, ""clf__scale"": 2.0}",31.876334399999905
2,quantum/CNOT-kernel-SVM,quantum,10,0.425,0.505,"{""clf__C"": 10.0, ""clf__scale"": 2.0}",31.876334399999905
2,quantum/CNOT-kernel-SVM,quantum,11,0.45,0.45,"{""clf__C"": 10.0, ""clf__scale"": 2.0}",31.876334399999905
2,quantum/CNOT-kernel-SVM,quantum,12,0.475,0.3875,"{""clf__C"": 10.0, ""clf__scale"": 2.0}",31.876334399999905
2,quantum/CNOT-kernel-SVM,quantum,13,0.4,0.455,"{""clf__C"": 10.0, ""clf__scale"": 2.0}",31.876334399999905
2,quantum/CNOT-kernel-SVM,quantum,14,0.55,0.5525,"{""clf__C"": 10.0, ""clf__scale"": 2.0}",31.876334399999905
2,control/IQP-no-entangle,control,0,0.425,0.4025,"{""clf__C"": 10.0, ""clf__scale"": 2.0}",33.205831400000534
2,control/IQP-no-entangle,control,1,0.45,0.4575,"{""clf__C"": 10.0, ""clf__scale"": 2.0}",33.205831400000534
2,control/IQP-no-entangle,control,2,0.525,0.5549999999999999,"{""clf__C"": 10.0, ""clf__scale"": 2.0}",33.205831400000534
2,control/IQP-no-entangle,control,3,0.6,0.5974999999999999,"{""clf__C"": 10.0, ""clf__scale"": 2.0}",33.205831400000534
2,control/IQP-no-entangle,control,4,0.475,0.475,"{""clf__C"": 10.0, ""clf__scale"": 2.0}",33.205831400000534
2,control/IQP-no-entangle,control,5,0.55,0.5149999999999999,"{""clf__C"": 10.0, ""clf__scale"": 2.0}",33.205831400000534
2,control/IQP-no-entangle,control,6,0.475,0.4175,"{""clf__C"": 10.0, ""clf__scale"": 2.0}",33.205831400000534
2,control/IQP-no-entangle,control,7,0.575,0.5774999999999999,"{""clf__C"": 10.0, ""clf__scale"": 2.0}",33.205831400000534
2,control/IQP-no-entangle,control,8,0.375,0.47250000000000003,"{""clf__C"": 10.0, ""clf__scale"": 2.0}",33.205831400000534
2,control/IQP-no-entangle,control,9,0.45,0.5925,"{""clf__C"": 10.0, ""clf__scale"": 2.0}",33.205831400000534
2,control/IQP-no-entangle,control,10,0.4,0.375,"{""clf__C"": 10.0, ""clf__scale"": 2.0}",33.205831400000534
2,control/IQP-no-entangle,control,11,0.55,0.54,"{""clf__C"": 10.0, ""clf__scale"": 2.0}",33.205831400000534
2,control/IQP-no-entangle,control,12,0.375,0.28500000000000003,"{""clf__C"": 10.0, ""clf__scale"": 2.0}",33.205831400000534
2,control/IQP-no-entangle,control,13,0.4,0.445,"{""clf__C"": 10.0, ""clf__scale"": 2.0}",33.205831400000534
2,control/IQP-no-entangle,control,14,0.65,0.585,"{""clf__C"": 10.0, ""clf__scale"": 2.0}",33.205831400000534
2,control/PCA-matched-RBF,control,0,0.525,0.53,"{""clf__C"": 0.1, ""clf__gamma"": 0.1}",30.347770399999717
2,control/PCA-matched-RBF,control,1,0.5,0.515,"{""clf__C"": 0.1, ""clf__gamma"": ""scale""}",30.347770399999717
2,control/PCA-matched-RBF,control,2,0.425,0.3725,"{""clf__C"": 10.0, ""clf__gamma"": 0.1}",30.347770399999717
2,control/PCA-matched-RBF,control,3,0.6,0.625,"{""clf__C"": 10.0, ""clf__gamma"": ""scale""}",30.347770399999717
2,control/PCA-matched-RBF,control,4,0.475,0.4475,"{""clf__C"": 10.0, ""clf__gamma"": ""scale""}",30.347770399999717
2,control/PCA-matched-RBF,control,5,0.5,0.53,"{""clf__C"": 1.0, ""clf__gamma"": 0.1}",30.347770399999717
2,control/PCA-matched-RBF,control,6,0.625,0.6475,"{""clf__C"": 10.0, ""clf__gamma"": 0.1}",30.347770399999717
2,control/PCA-matched-RBF,control,7,0.55,0.5025,"{""clf__C"": 0.1, ""clf__gamma"": 0.1}",30.347770399999717
2,control/PCA-matched-RBF,control,8,0.55,0.5275,"{""clf__C"": 0.1, ""clf__gamma"": 0.1}",30.347770399999717
2,control/PCA-matched-RBF,control,9,0.525,0.5900000000000001,"{""clf__C"": 10.0, ""clf__gamma"": 0.1}",30.347770399999717
2,control/PCA-matched-RBF,control,10,0.5,0.49000000000000005,"{""clf__C"": 10.0, ""clf__gamma"": ""scale""}",30.347770399999717
2,control/PCA-matched-RBF,control,11,0.6,0.53,"{""clf__C"": 10.0, ""clf__gamma"": 0.1}",30.347770399999717
2,control/PCA-matched-RBF,control,12,0.525,0.6200000000000001,"{""clf__C"": 10.0, ""clf__gamma"": 0.01}",30.347770399999717
2,control/PCA-matched-RBF,control,13,0.5,0.3875,"{""clf__C"": 1.0, ""clf__gamma"": ""scale""}",30.347770399999717
2,control/PCA-matched-RBF,control,14,0.55,0.6625,"{""clf__C"": 10.0, ""clf__gamma"": 0.1}",30.347770399999717
2,control/PCA-matched-linear,control,0,0.55,0.4925,"{""clf__C"": 10.0}",11.044288899999628
2,control/PCA-matched-linear,control,1,0.5,0.5275,"{""clf__C"": 0.1}",11.044288899999628
2,control/PCA-matched-linear,control,2,0.4,0.2975,"{""clf__C"": 10.0}",11.044288899999628
2,control/PCA-matched-linear,control,3,0.475,0.5575000000000001,"{""clf__C"": 10.0}",11.044288899999628
2,control/PCA-matched-linear,control,4,0.6,0.625,"{""clf__C"": 10.0}",11.044288899999628
2,control/PCA-matched-linear,control,5,0.5,0.52,"{""clf__C"": 1.0}",11.044288899999628
2,control/PCA-matched-linear,control,6,0.575,0.625,"{""clf__C"": 10.0}",11.044288899999628
2,control/PCA-matched-linear,control,7,0.55,0.49750000000000005,"{""clf__C"": 0.1}",11.044288899999628
2,control/PCA-matched-linear,control,8,0.525,0.515,"{""clf__C"": 10.0}",11.044288899999628
2,control/PCA-matched-linear,control,9,0.475,0.5349999999999999,"{""clf__C"": 1.0}",11.044288899999628
2,control/PCA-matched-linear,control,10,0.475,0.4525,"{""clf__C"": 10.0}",11.044288899999628
2,control/PCA-matched-linear,control,11,0.6,0.6075,"{""clf__C"": 0.1}",11.044288899999628
2,control/PCA-matched-linear,control,12,0.475,0.605,"{""clf__C"": 0.1}",11.044288899999628
2,control/PCA-matched-linear,control,13,0.575,0.47,"{""clf__C"": 1.0}",11.044288899999628
2,control/PCA-matched-linear,control,14,0.55,0.4375,"{""clf__C"": 1.0}",11.044288899999628
2,control/logeuclid-TS+LR,control,0,0.325,0.3325,"{""clf__C"": 0.1}",9.889558400000169
2,control/logeuclid-TS+LR,control,1,0.45,0.49750000000000005,"{""clf__C"": 1.0}",9.889558400000169
2,control/logeuclid-TS+LR,control,2,0.4,0.345,"{""clf__C"": 1.0}",9.889558400000169
2,control/logeuclid-TS+LR,control,3,0.5,0.505,"{""clf__C"": 1.0}",9.889558400000169
2,control/logeuclid-TS+LR,control,4,0.625,0.6525,"{""clf__C"": 1.0}",9.889558400000169
2,control/logeuclid-TS+LR,control,5,0.45,0.44999999999999996,"{""clf__C"": 0.1}",9.889558400000169
2,control/logeuclid-TS+LR,control,6,0.525,0.585,"{""clf__C"": 10.0}",9.889558400000169
2,control/logeuclid-TS+LR,control,7,0.575,0.505,"{""clf__C"": 0.1}",9.889558400000169
2,control/logeuclid-TS+LR,control,8,0.375,0.4475,"{""clf__C"": 1.0}",9.889558400000169
2,control/logeuclid-TS+LR,control,9,0.425,0.395,"{""clf__C"": 10.0}",9.889558400000169
2,control/logeuclid-TS+LR,control,10,0.5,0.5025,"{""clf__C"": 1.0}",9.889558400000169
2,control/logeuclid-TS+LR,control,11,0.55,0.47500000000000003,"{""clf__C"": 0.1}",9.889558400000169
2,control/logeuclid-TS+LR,control,12,0.475,0.4675,"{""clf__C"": 10.0}",9.889558400000169
2,control/logeuclid-TS+LR,control,13,0.4,0.455,"{""clf__C"": 1.0}",9.889558400000169
2,control/logeuclid-TS+LR,control,14,0.575,0.5375000000000001,"{""clf__C"": 1.0}",9.889558400000169
2,control/riemann-kernel-SVM,control,0,0.525,0.475,"{""clf__C"": 10.0}",10.937922000000071
2,control/riemann-kernel-SVM,control,1,0.575,0.5225,"{""clf__C"": 10.0}",10.937922000000071
2,control/riemann-kernel-SVM,control,2,0.425,0.3225,"{""clf__C"": 10.0}",10.937922000000071
2,control/riemann-kernel-SVM,control,3,0.5,0.495,"{""clf__C"": 10.0}",10.937922000000071
2,control/riemann-kernel-SVM,control,4,0.6,0.5974999999999999,"{""clf__C"": 10.0}",10.937922000000071
2,control/riemann-kernel-SVM,control,5,0.5,0.43999999999999995,"{""clf__C"": 10.0}",10.937922000000071
2,control/riemann-kernel-SVM,control,6,0.575,0.5075000000000001,"{""clf__C"": 10.0}",10.937922000000071
2,control/riemann-kernel-SVM,control,7,0.525,0.48,"{""clf__C"": 10.0}",10.937922000000071
2,control/riemann-kernel-SVM,control,8,0.475,0.42750000000000005,"{""clf__C"": 10.0}",10.937922000000071
2,control/riemann-kernel-SVM,control,9,0.425,0.34750000000000003,"{""clf__C"": 10.0}",10.937922000000071
2,control/riemann-kernel-SVM,control,10,0.4,0.46,"{""clf__C"": 10.0}",10.937922000000071
2,control/riemann-kernel-SVM,control,11,0.575,0.5575,"{""clf__C"": 10.0}",10.937922000000071
2,control/riemann-kernel-SVM,control,12,0.425,0.4175,"{""clf__C"": 10.0}",10.937922000000071
2,control/riemann-kernel-SVM,control,13,0.45,0.4525,"{""clf__C"": 10.0}",10.937922000000071
2,control/riemann-kernel-SVM,control,14,0.575,0.5825,"{""clf__C"": 10.0}",10.937922000000071
2,control/logeuclid-kernel-SVM,control,0,0.425,0.36500000000000005,"{""clf__C"": 10.0}",10.590762599999834
2,control/logeuclid-kernel-SVM,control,1,0.45,0.46749999999999997,"{""clf__C"": 10.0}",10.590762599999834
2,control/logeuclid-kernel-SVM,control,2,0.35,0.21,"{""clf__C"": 10.0}",10.590762599999834
2,control/logeuclid-kernel-SVM,control,3,0.5,0.4775,"{""clf__C"": 10.0}",10.590762599999834
2,control/logeuclid-kernel-SVM,control,4,0.65,0.61,"{""clf__C"": 10.0}",10.590762599999834
2,control/logeuclid-kernel-SVM,control,5,0.55,0.4875,"{""clf__C"": 10.0}",10.590762599999834
2,control/logeuclid-kernel-SVM,control,6,0.525,0.4825,"{""clf__C"": 10.0}",10.590762599999834
2,control/logeuclid-kernel-SVM,control,7,0.425,0.44,"{""clf__C"": 10.0}",10.590762599999834
2,control/logeuclid-kernel-SVM,control,8,0.475,0.3975,"{""clf__C"": 10.0}",10.590762599999834
2,control/logeuclid-kernel-SVM,control,9,0.375,0.36250000000000004,"{""clf__C"": 10.0}",10.590762599999834
2,control/logeuclid-kernel-SVM,control,10,0.425,0.39749999999999996,"{""clf__C"": 10.0}",10.590762599999834
2,control/logeuclid-kernel-SVM,control,11,0.45,0.40499999999999997,"{""clf__C"": 10.0}",10.590762599999834
2,control/logeuclid-kernel-SVM,control,12,0.35,0.385,"{""clf__C"": 10.0}",10.590762599999834
2,control/logeuclid-kernel-SVM,control,13,0.45,0.41500000000000004,"{""clf__C"": 10.0}",10.590762599999834
2,control/logeuclid-kernel-SVM,control,14,0.525,0.5225,"{""clf__C"": 10.0}",10.590762599999834
3,classical/logvar+LDA,classical,0,0.65,0.7075,{},0.10719940000035422
3,classical/logvar+LDA,classical,1,0.775,0.8475,{},0.10719940000035422
3,classical/logvar+LDA,classical,2,0.65,0.7225,{},0.10719940000035422
3,classical/logvar+LDA,classical,3,0.7,0.7174999999999999,{},0.10719940000035422
3,classical/logvar+LDA,classical,4,0.775,0.8475,{},0.10719940000035422
3,classical/logvar+LDA,classical,5,0.6,0.7100000000000001,{},0.10719940000035422
3,classical/logvar+LDA,classical,6,0.775,0.85,{},0.10719940000035422
3,classical/logvar+LDA,classical,7,0.525,0.61,{},0.10719940000035422
3,classical/logvar+LDA,classical,8,0.75,0.78,{},0.10719940000035422
3,classical/logvar+LDA,classical,9,0.825,0.9,{},0.10719940000035422
3,classical/logvar+LDA,classical,10,0.75,0.7475,{},0.10719940000035422
3,classical/logvar+LDA,classical,11,0.725,0.82,{},0.10719940000035422
3,classical/logvar+LDA,classical,12,0.65,0.695,{},0.10719940000035422
3,classical/logvar+LDA,classical,13,0.725,0.7799999999999999,{},0.10719940000035422
3,classical/logvar+LDA,classical,14,0.675,0.7575000000000001,{},0.10719940000035422
3,classical/CSP+LDA,classical,0,0.75,0.865,"{""csp__nfilter"": 6}",8.563456800000495
3,classical/CSP+LDA,classical,1,0.75,0.8400000000000001,"{""csp__nfilter"": 4}",8.563456800000495
3,classical/CSP+LDA,classical,2,0.8,0.87,"{""csp__nfilter"": 6}",8.563456800000495
3,classical/CSP+LDA,classical,3,0.65,0.7825,"{""csp__nfilter"": 6}",8.563456800000495
3,classical/CSP+LDA,classical,4,0.925,0.935,"{""csp__nfilter"": 6}",8.563456800000495
3,classical/CSP+LDA,classical,5,0.775,0.835,"{""csp__nfilter"": 6}",8.563456800000495
3,classical/CSP+LDA,classical,6,0.775,0.9025,"{""csp__nfilter"": 6}",8.563456800000495
3,classical/CSP+LDA,classical,7,0.725,0.7525000000000001,"{""csp__nfilter"": 6}",8.563456800000495
3,classical/CSP+LDA,classical,8,0.7,0.835,"{""csp__nfilter"": 6}",8.563456800000495
3,classical/CSP+LDA,classical,9,0.85,0.945,"{""csp__nfilter"": 6}",8.563456800000495
3,classical/CSP+LDA,classical,10,0.65,0.7575,"{""csp__nfilter"": 6}",8.563456800000495
3,classical/CSP+LDA,classical,11,0.85,0.935,"{""csp__nfilter"": 6}",8.563456800000495
3,classical/CSP+LDA,classical,12,0.825,0.9225,"{""csp__nfilter"": 6}",8.563456800000495
3,classical/CSP+LDA,classical,13,0.725,0.8225,"{""csp__nfilter"": 4}",8.563456800000495
3,classical/CSP+LDA,classical,14,0.75,0.815,"{""csp__nfilter"": 6}",8.563456800000495
3,classical/MDM,classical,0,0.725,0.87,{},1.060582500000237
3,classical/MDM,classical,1,0.7,0.8200000000000001,{},1.060582500000237
3,classical/MDM,classical,2,0.8,0.85,{},1.060582500000237
3,classical/MDM,classical,3,0.675,0.77,{},1.060582500000237
3,classical/MDM,classical,4,0.85,0.9174999999999999,{},1.060582500000237
3,classical/MDM,classical,5,0.75,0.8025000000000001,{},1.060582500000237
3,classical/MDM,classical,6,0.7,0.885,{},1.060582500000237
3,classical/MDM,classical,7,0.75,0.81,{},1.060582500000237
3,classical/MDM,classical,8,0.725,0.8225,{},1.060582500000237
3,classical/MDM,classical,9,0.8,0.9075,{},1.060582500000237
3,classical/MDM,classical,10,0.7,0.755,{},1.060582500000237
3,classical/MDM,classical,11,0.825,0.8574999999999999,{},1.060582500000237
3,classical/MDM,classical,12,0.85,0.9450000000000001,{},1.060582500000237
3,classical/MDM,classical,13,0.75,0.8125,{},1.060582500000237
3,classical/MDM,classical,14,0.675,0.8375000000000001,{},1.060582500000237
3,classical/TS+LR,classical,0,0.75,0.85,"{""clf__C"": 0.1}",10.479786800000511
3,classical/TS+LR,classical,1,0.8,0.87,"{""clf__C"": 1.0}",10.479786800000511
3,classical/TS+LR,classical,2,0.825,0.9025000000000001,"{""clf__C"": 10.0}",10.479786800000511
3,classical/TS+LR,classical,3,0.7,0.845,"{""clf__C"": 0.1}",10.479786800000511
3,classical/TS+LR,classical,4,0.825,0.9025000000000001,"{""clf__C"": 1.0}",10.479786800000511
3,classical/TS+LR,classical,5,0.8,0.8375,"{""clf__C"": 10.0}",10.479786800000511
3,classical/TS+LR,classical,6,0.725,0.8575,"{""clf__C"": 1.0}",10.479786800000511
3,classical/TS+LR,classical,7,0.7,0.7725000000000001,"{""clf__C"": 10.0}",10.479786800000511
3,classical/TS+LR,classical,8,0.775,0.895,"{""clf__C"": 0.1}",10.479786800000511
3,classical/TS+LR,classical,9,0.9,0.9375,"{""clf__C"": 1.0}",10.479786800000511
3,classical/TS+LR,classical,10,0.75,0.7775,"{""clf__C"": 0.1}",10.479786800000511
3,classical/TS+LR,classical,11,0.85,0.9075,"{""clf__C"": 0.1}",10.479786800000511
3,classical/TS+LR,classical,12,0.875,0.9525,"{""clf__C"": 1.0}",10.479786800000511
3,classical/TS+LR,classical,13,0.75,0.865,"{""clf__C"": 1.0}",10.479786800000511
3,classical/TS+LR,classical,14,0.8,0.88,"{""clf__C"": 1.0}",10.479786800000511
3,classical/TS+RBF-SVM,classical,0,0.75,0.8775,"{""clf__C"": 1.0, ""clf__gamma"": 0.01}",28.61304310000014
3,classical/TS+RBF-SVM,classical,1,0.725,0.8400000000000001,"{""clf__C"": 10.0, ""clf__gamma"": ""scale""}",28.61304310000014
3,classical/TS+RBF-SVM,classical,2,0.85,0.9425,"{""clf__C"": 10.0, ""clf__gamma"": ""scale""}",28.61304310000014
3,classical/TS+RBF-SVM,classical,3,0.725,0.8175000000000001,"{""clf__C"": 1.0, ""clf__gamma"": 0.01}",28.61304310000014
3,classical/TS+RBF-SVM,classical,4,0.875,0.9675,"{""clf__C"": 10.0, ""clf__gamma"": 0.01}",28.61304310000014
3,classical/TS+RBF-SVM,classical,5,0.8,0.9075,"{""clf__C"": 10.0, ""clf__gamma"": 0.01}",28.61304310000014
3,classical/TS+RBF-SVM,classical,6,0.8,0.8300000000000001,"{""clf__C"": 1.0, ""clf__gamma"": ""scale""}",28.61304310000014
3,classical/TS+RBF-SVM,classical,7,0.725,0.8225,"{""clf__C"": 10.0, ""clf__gamma"": 0.01}",28.61304310000014
3,classical/TS+RBF-SVM,classical,8,0.775,0.8975000000000001,"{""clf__C"": 1.0, ""clf__gamma"": 0.01}",28.61304310000014
3,classical/TS+RBF-SVM,classical,9,0.875,0.9575,"{""clf__C"": 1.0, ""clf__gamma"": 0.01}",28.61304310000014
3,classical/TS+RBF-SVM,classical,10,0.725,0.8175000000000001,"{""clf__C"": 10.0, ""clf__gamma"": 0.01}",28.61304310000014
3,classical/TS+RBF-SVM,classical,11,0.85,0.9049999999999999,"{""clf__C"": 10.0, ""clf__gamma"": 0.01}",28.61304310000014
3,classical/TS+RBF-SVM,classical,12,0.85,0.9649999999999999,"{""clf__C"": 10.0, ""clf__gamma"": 0.01}",28.61304310000014
3,classical/TS+RBF-SVM,classical,13,0.8,0.9275,"{""clf__C"": 10.0, ""clf__gamma"": 0.01}",28.61304310000014
3,classical/TS+RBF-SVM,classical,14,0.75,0.8025000000000001,"{""clf__C"": 0.1, ""clf__gamma"": 0.01}",28.61304310000014
3,quantum/HS-overlap-SVM,quantum,0,0.65,0.765,"{""clf__C"": 10.0}",9.581029699999817
3,quantum/HS-overlap-SVM,quantum,1,0.675,0.8425,"{""clf__C"": 10.0}",9.581029699999817
3,quantum/HS-overlap-SVM,quantum,2,0.725,0.8125,"{""clf__C"": 10.0}",9.581029699999817
3,quantum/HS-overlap-SVM,quantum,3,0.7,0.735,"{""clf__C"": 10.0}",9.581029699999817
3,quantum/HS-overlap-SVM,quantum,4,0.825,0.8925,"{""clf__C"": 10.0}",9.581029699999817
3,quantum/HS-overlap-SVM,quantum,5,0.65,0.7725,"{""clf__C"": 10.0}",9.581029699999817
3,quantum/HS-overlap-SVM,quantum,6,0.75,0.8274999999999999,"{""clf__C"": 10.0}",9.581029699999817
3,quantum/HS-overlap-SVM,quantum,7,0.7,0.7124999999999999,"{""clf__C"": 10.0}",9.581029699999817
3,quantum/HS-overlap-SVM,quantum,8,0.8,0.8074999999999999,"{""clf__C"": 10.0}",9.581029699999817
3,quantum/HS-overlap-SVM,quantum,9,0.7,0.875,"{""clf__C"": 10.0}",9.581029699999817
3,quantum/HS-overlap-SVM,quantum,10,0.725,0.7399999999999999,"{""clf__C"": 10.0}",9.581029699999817
3,quantum/HS-overlap-SVM,quantum,11,0.825,0.8999999999999999,"{""clf__C"": 10.0}",9.581029699999817
3,quantum/HS-overlap-SVM,quantum,12,0.625,0.775,"{""clf__C"": 10.0}",9.581029699999817
3,quantum/HS-overlap-SVM,quantum,13,0.725,0.8150000000000001,"{""clf__C"": 10.0}",9.581029699999817
3,quantum/HS-overlap-SVM,quantum,14,0.65,0.7575,"{""clf__C"": 10.0}",9.581029699999817
3,quantum/Fidelity-SVM,quantum,0,0.675,0.7875,"{""clf__C"": 10.0}",21.74372239999957
3,quantum/Fidelity-SVM,quantum,1,0.8,0.8524999999999999,"{""clf__C"": 10.0}",21.74372239999957
3,quantum/Fidelity-SVM,quantum,2,0.725,0.8625,"{""clf__C"": 10.0}",21.74372239999957
3,quantum/Fidelity-SVM,quantum,3,0.675,0.7675000000000001,"{""clf__C"": 10.0}",21.74372239999957
3,quantum/Fidelity-SVM,quantum,4,0.85,0.9249999999999999,"{""clf__C"": 10.0}",21.74372239999957
3,quantum/Fidelity-SVM,quantum,5,0.725,0.7949999999999999,"{""clf__C"": 10.0}",21.74372239999957
3,quantum/Fidelity-SVM,quantum,6,0.75,0.8475,"{""clf__C"": 10.0}",21.74372239999957
3,quantum/Fidelity-SVM,quantum,7,0.725,0.735,"{""clf__C"": 10.0}",21.74372239999957
3,quantum/Fidelity-SVM,quantum,8,0.825,0.83,"{""clf__C"": 10.0}",21.74372239999957
3,quantum/Fidelity-SVM,quantum,9,0.775,0.9075,"{""clf__C"": 10.0}",21.74372239999957
3,quantum/Fidelity-SVM,quantum,10,0.75,0.7525000000000001,"{""clf__C"": 10.0}",21.74372239999957
3,quantum/Fidelity-SVM,quantum,11,0.8,0.895,"{""clf__C"": 10.0}",21.74372239999957
3,quantum/Fidelity-SVM,quantum,12,0.75,0.8425,"{""clf__C"": 10.0}",21.74372239999957
3,quantum/Fidelity-SVM,quantum,13,0.8,0.855,"{""clf__C"": 10.0}",21.74372239999957
3,quantum/Fidelity-SVM,quantum,14,0.725,0.78,"{""clf__C"": 10.0}",21.74372239999957
3,quantum/HS-RBF-SVM,quantum,0,0.675,0.7449999999999999,"{""clf__C"": 10.0, ""clf__gamma_mult"": 0.25}",27.87254009999924
3,quantum/HS-RBF-SVM,quantum,1,0.7,0.7825,"{""clf__C"": 10.0, ""clf__gamma_mult"": 4.0}",27.87254009999924
3,quantum/HS-RBF-SVM,quantum,2,0.825,0.875,"{""clf__C"": 10.0, ""clf__gamma_mult"": 4.0}",27.87254009999924
3,quantum/HS-RBF-SVM,quantum,3,0.75,0.8224999999999999,"{""clf__C"": 10.0, ""clf__gamma_mult"": 1.0}",27.87254009999924
3,quantum/HS-RBF-SVM,quantum,4,0.775,0.8775,"{""clf__C"": 10.0, ""clf__gamma_mult"": 1.0}",27.87254009999924
3,quantum/HS-RBF-SVM,quantum,5,0.675,0.7925,"{""clf__C"": 10.0, ""clf__gamma_mult"": 1.0}",27.87254009999924
3,quantum/HS-RBF-SVM,quantum,6,0.65,0.74,"{""clf__C"": 10.0, ""clf__gamma_mult"": 1.0}",27.87254009999924
3,quantum/HS-RBF-SVM,quantum,7,0.7,0.7675,"{""clf__C"": 10.0, ""clf__gamma_mult"": 1.0}",27.87254009999924
3,quantum/HS-RBF-SVM,quantum,8,0.75,0.7625,"{""clf__C"": 10.0, ""clf__gamma_mult"": 4.0}",27.87254009999924
3,quantum/HS-RBF-SVM,quantum,9,0.675,0.7375,"{""clf__C"": 10.0, ""clf__gamma_mult"": 4.0}",27.87254009999924
3,quantum/HS-RBF-SVM,quantum,10,0.55,0.5800000000000001,"{""clf__C"": 10.0, ""clf__gamma_mult"": 4.0}",27.87254009999924
3,quantum/HS-RBF-SVM,quantum,11,0.825,0.8775,"{""clf__C"": 10.0, ""clf__gamma_mult"": 0.25}",27.87254009999924
3,quantum/HS-RBF-SVM,quantum,12,0.725,0.815,"{""clf__C"": 10.0, ""clf__gamma_mult"": 1.0}",27.87254009999924
3,quantum/HS-RBF-SVM,quantum,13,0.8,0.92,"{""clf__C"": 10.0, ""clf__gamma_mult"": 1.0}",27.87254009999924
3,quantum/HS-RBF-SVM,quantum,14,0.725,0.7875,"{""clf__C"": 10.0, ""clf__gamma_mult"": 0.25}",27.87254009999924
3,quantum/Bures-RBF-SVM,quantum,0,0.65,0.81,"{""clf__C"": 10.0, ""clf__gamma_mult"": 0.25}",56.84667249999984
3,quantum/Bures-RBF-SVM,quantum,1,0.7,0.8525,"{""clf__C"": 10.0, ""clf__gamma_mult"": 1.0}",56.84667249999984
3,quantum/Bures-RBF-SVM,quantum,2,0.75,0.885,"{""clf__C"": 10.0, ""clf__gamma_mult"": 1.0}",56.84667249999984
3,quantum/Bures-RBF-SVM,quantum,3,0.775,0.8575,"{""clf__C"": 10.0, ""clf__gamma_mult"": 1.0}",56.84667249999984
3,quantum/Bures-RBF-SVM,quantum,4,0.825,0.9425,"{""clf__C"": 10.0, ""clf__gamma_mult"": 1.0}",56.84667249999984
3,quantum/Bures-RBF-SVM,quantum,5,0.775,0.8375,"{""clf__C"": 10.0, ""clf__gamma_mult"": 1.0}",56.84667249999984
3,quantum/Bures-RBF-SVM,quantum,6,0.7,0.82,"{""clf__C"": 10.0, ""clf__gamma_mult"": 1.0}",56.84667249999984
3,quantum/Bures-RBF-SVM,quantum,7,0.8,0.8225,"{""clf__C"": 10.0, ""clf__gamma_mult"": 0.25}",56.84667249999984
3,quantum/Bures-RBF-SVM,quantum,8,0.8,0.9075000000000001,"{""clf__C"": 10.0, ""clf__gamma_mult"": 0.25}",56.84667249999984
3,quantum/Bures-RBF-SVM,quantum,9,0.75,0.875,"{""clf__C"": 10.0, ""clf__gamma_mult"": 1.0}",56.84667249999984
3,quantum/Bures-RBF-SVM,quantum,10,0.675,0.7625,"{""clf__C"": 10.0, ""clf__gamma_mult"": 1.0}",56.84667249999984
3,quantum/Bures-RBF-SVM,quantum,11,0.85,0.8725,"{""clf__C"": 10.0, ""clf__gamma_mult"": 0.25}",56.84667249999984
3,quantum/Bures-RBF-SVM,quantum,12,0.8,0.925,"{""clf__C"": 10.0, ""clf__gamma_mult"": 1.0}",56.84667249999984
3,quantum/Bures-RBF-SVM,quantum,13,0.8,0.9099999999999999,"{""clf__C"": 10.0, ""clf__gamma_mult"": 1.0}",56.84667249999984
3,quantum/Bures-RBF-SVM,quantum,14,0.725,0.845,"{""clf__C"": 10.0, ""clf__gamma_mult"": 1.0}",56.84667249999984
3,quantum/HS-overlap-ref-SVM,quantum,0,0.875,0.8975,"{""clf__C"": 10.0}",11.401122199999918
3,quantum/HS-overlap-ref-SVM,quantum,1,0.75,0.8674999999999999,"{""clf__C"": 10.0}",11.401122199999918
3,quantum/HS-overlap-ref-SVM,quantum,2,0.825,0.9025,"{""clf__C"": 10.0}",11.401122199999918
3,quantum/HS-overlap-ref-SVM,quantum,3,0.75,0.8999999999999999,"{""clf__C"": 10.0}",11.401122199999918
3,quantum/HS-overlap-ref-SVM,quantum,4,0.9,0.9425,"{""clf__C"": 10.0}",11.401122199999918
3,quantum/HS-overlap-ref-SVM,quantum,5,0.825,0.87,"{""clf__C"": 10.0}",11.401122199999918
3,quantum/HS-overlap-ref-SVM,quantum,6,0.825,0.89,"{""clf__C"": 10.0}",11.401122199999918
3,quantum/HS-overlap-ref-SVM,quantum,7,0.725,0.8275,"{""clf__C"": 10.0}",11.401122199999918
3,quantum/HS-overlap-ref-SVM,quantum,8,0.8,0.9099999999999999,"{""clf__C"": 10.0}",11.401122199999918
3,quantum/HS-overlap-ref-SVM,quantum,9,0.8,0.9400000000000001,"{""clf__C"": 10.0}",11.401122199999918
3,quantum/HS-overlap-ref-SVM,quantum,10,0.75,0.8150000000000001,"{""clf__C"": 10.0}",11.401122199999918
3,quantum/HS-overlap-ref-SVM,quantum,11,0.85,0.9275,"{""clf__C"": 10.0}",11.401122199999918
3,quantum/HS-overlap-ref-SVM,quantum,12,0.9,0.96,"{""clf__C"": 10.0}",11.401122199999918
3,quantum/HS-overlap-ref-SVM,quantum,13,0.8,0.8899999999999999,"{""clf__C"": 10.0}",11.401122199999918
3,quantum/HS-overlap-ref-SVM,quantum,14,0.775,0.865,"{""clf__C"": 10.0}",11.401122199999918
3,quantum/Fidelity-ref-SVM,quantum,0,0.825,0.8825,"{""clf__C"": 10.0}",25.602656500000194
3,quantum/Fidelity-ref-SVM,quantum,1,0.825,0.89,"{""clf__C"": 10.0}",25.602656500000194
3,quantum/Fidelity-ref-SVM,quantum,2,0.825,0.9,"{""clf__C"": 10.0}",25.602656500000194
3,quantum/Fidelity-ref-SVM,quantum,3,0.775,0.895,"{""clf__C"": 10.0}",25.602656500000194
3,quantum/Fidelity-ref-SVM,quantum,4,0.9,0.9425,"{""clf__C"": 10.0}",25.602656500000194
3,quantum/Fidelity-ref-SVM,quantum,5,0.8,0.88,"{""clf__C"": 10.0}",25.602656500000194
3,quantum/Fidelity-ref-SVM,quantum,6,0.825,0.895,"{""clf__C"": 10.0}",25.602656500000194
3,quantum/Fidelity-ref-SVM,quantum,7,0.75,0.8125,"{""clf__C"": 10.0}",25.602656500000194
3,quantum/Fidelity-ref-SVM,quantum,8,0.8,0.9125000000000001,"{""clf__C"": 10.0}",25.602656500000194
3,quantum/Fidelity-ref-SVM,quantum,9,0.825,0.9425,"{""clf__C"": 10.0}",25.602656500000194
3,quantum/Fidelity-ref-SVM,quantum,10,0.775,0.8400000000000001,"{""clf__C"": 10.0}",25.602656500000194
3,quantum/Fidelity-ref-SVM,quantum,11,0.85,0.9199999999999999,"{""clf__C"": 10.0}",25.602656500000194
3,quantum/Fidelity-ref-SVM,quantum,12,0.925,0.9625,"{""clf__C"": 10.0}",25.602656500000194
3,quantum/Fidelity-ref-SVM,quantum,13,0.775,0.8775,"{""clf__C"": 10.0}",25.602656500000194
3,quantum/Fidelity-ref-SVM,quantum,14,0.775,0.8999999999999999,"{""clf__C"": 10.0}",25.602656500000194
3,quantum/HS-RBF-ref-SVM,quantum,0,0.875,0.8899999999999999,"{""clf__C"": 10.0, ""clf__gamma_mult"": 0.25}",31.222037000000455
3,quantum/HS-RBF-ref-SVM,quantum,1,0.7,0.8625,"{""clf__C"": 10.0, ""clf__gamma_mult"": 1.0}",31.222037000000455
3,quantum/HS-RBF-ref-SVM,quantum,2,0.825,0.9175,"{""clf__C"": 10.0, ""clf__gamma_mult"": 1.0}",31.222037000000455
3,quantum/HS-RBF-ref-SVM,quantum,3,0.85,0.9025,"{""clf__C"": 10.0, ""clf__gamma_mult"": 1.0}",31.222037000000455
3,quantum/HS-RBF-ref-SVM,quantum,4,0.875,0.9675,"{""clf__C"": 10.0, ""clf__gamma_mult"": 1.0}",31.222037000000455
3,quantum/HS-RBF-ref-SVM,quantum,5,0.825,0.89,"{""clf__C"": 10.0, ""clf__gamma_mult"": 1.0}",31.222037000000455
3,quantum/HS-RBF-ref-SVM,quantum,6,0.775,0.8300000000000001,"{""clf__C"": 10.0, ""clf__gamma_mult"": 1.0}",31.222037000000455
3,quantum/HS-RBF-ref-SVM,quantum,7,0.775,0.8499999999999999,"{""clf__C"": 10.0, ""clf__gamma_mult"": 1.0}",31.222037000000455
3,quantum/HS-RBF-ref-SVM,quantum,8,0.825,0.9125,"{""clf__C"": 10.0, ""clf__gamma_mult"": 0.25}",31.222037000000455
3,quantum/HS-RBF-ref-SVM,quantum,9,0.85,0.9175,"{""clf__C"": 10.0, ""clf__gamma_mult"": 1.0}",31.222037000000455
3,quantum/HS-RBF-ref-SVM,quantum,10,0.725,0.845,"{""clf__C"": 10.0, ""clf__gamma_mult"": 0.25}",31.222037000000455
3,quantum/HS-RBF-ref-SVM,quantum,11,0.875,0.8775,"{""clf__C"": 10.0, ""clf__gamma_mult"": 1.0}",31.222037000000455
3,quantum/HS-RBF-ref-SVM,quantum,12,0.925,0.96,"{""clf__C"": 10.0, ""clf__gamma_mult"": 0.25}",31.222037000000455
3,quantum/HS-RBF-ref-SVM,quantum,13,0.825,0.935,"{""clf__C"": 10.0, ""clf__gamma_mult"": 1.0}",31.222037000000455
3,quantum/HS-RBF-ref-SVM,quantum,14,0.825,0.87,"{""clf__C"": 10.0, ""clf__gamma_mult"": 0.25}",31.222037000000455
3,quantum/Bures-RBF-ref-SVM,quantum,0,0.85,0.9,"{""clf__C"": 10.0, ""clf__gamma_mult"": 0.25}",69.97821019999992
3,quantum/Bures-RBF-ref-SVM,quantum,1,0.725,0.8625,"{""clf__C"": 10.0, ""clf__gamma_mult"": 1.0}",69.97821019999992
3,quantum/Bures-RBF-ref-SVM,quantum,2,0.85,0.9299999999999999,"{""clf__C"": 10.0, ""clf__gamma_mult"": 1.0}",69.97821019999992
3,quantum/Bures-RBF-ref-SVM,quantum,3,0.85,0.9175,"{""clf__C"": 10.0, ""clf__gamma_mult"": 1.0}",69.97821019999992
3,quantum/Bures-RBF-ref-SVM,quantum,4,0.875,0.97,"{""clf__C"": 10.0, ""clf__gamma_mult"": 1.0}",69.97821019999992
3,quantum/Bures-RBF-ref-SVM,quantum,5,0.8,0.8999999999999999,"{""clf__C"": 10.0, ""clf__gamma_mult"": 1.0}",69.97821019999992
3,quantum/Bures-RBF-ref-SVM,quantum,6,0.8,0.835,"{""clf__C"": 10.0, ""clf__gamma_mult"": 1.0}",69.97821019999992
3,quantum/Bures-RBF-ref-SVM,quantum,7,0.75,0.8425,"{""clf__C"": 10.0, ""clf__gamma_mult"": 1.0}",69.97821019999992
3,quantum/Bures-RBF-ref-SVM,quantum,8,0.825,0.9025000000000001,"{""clf__C"": 1.0, ""clf__gamma_mult"": 1.0}",69.97821019999992
3,quantum/Bures-RBF-ref-SVM,quantum,9,0.8,0.9325000000000001,"{""clf__C"": 10.0, ""clf__gamma_mult"": 1.0}",69.97821019999992
3,quantum/Bures-RBF-ref-SVM,quantum,10,0.75,0.8425,"{""clf__C"": 10.0, ""clf__gamma_mult"": 0.25}",69.97821019999992
3,quantum/Bures-RBF-ref-SVM,quantum,11,0.85,0.8875,"{""clf__C"": 10.0, ""clf__gamma_mult"": 1.0}",69.97821019999992
3,quantum/Bures-RBF-ref-SVM,quantum,12,0.9,0.9750000000000001,"{""clf__C"": 10.0, ""clf__gamma_mult"": 1.0}",69.97821019999992
3,quantum/Bures-RBF-ref-SVM,quantum,13,0.925,0.9475,"{""clf__C"": 10.0, ""clf__gamma_mult"": 1.0}",69.97821019999992
3,quantum/Bures-RBF-ref-SVM,quantum,14,0.775,0.8975,"{""clf__C"": 1.0, ""clf__gamma_mult"": 1.0}",69.97821019999992
3,quantum/QRE-RBF-SVM,quantum,0,0.725,0.8075,"{""clf__C"": 10.0, ""clf__gamma_mult"": 1.0}",35.53141169999981
3,quantum/QRE-RBF-SVM,quantum,1,0.75,0.8525,"{""clf__C"": 10.0, ""clf__gamma_mult"": 1.0}",35.53141169999981
3,quantum/QRE-RBF-SVM,quantum,2,0.85,0.9325000000000001,"{""clf__C"": 10.0, ""clf__gamma_mult"": 0.25}",35.53141169999981
3,quantum/QRE-RBF-SVM,quantum,3,0.725,0.845,"{""clf__C"": 10.0, ""clf__gamma_mult"": 0.25}",35.53141169999981
3,quantum/QRE-RBF-SVM,quantum,4,0.875,0.9650000000000001,"{""clf__C"": 10.0, ""clf__gamma_mult"": 1.0}",35.53141169999981
3,quantum/QRE-RBF-SVM,quantum,5,0.775,0.8325,"{""clf__C"": 10.0, ""clf__gamma_mult"": 1.0}",35.53141169999981
3,quantum/QRE-RBF-SVM,quantum,6,0.8,0.8875,"{""clf__C"": 10.0, ""clf__gamma_mult"": 0.25}",35.53141169999981
3,quantum/QRE-RBF-SVM,quantum,7,0.775,0.8150000000000001,"{""clf__C"": 10.0, ""clf__gamma_mult"": 0.25}",35.53141169999981
3,quantum/QRE-RBF-SVM,quantum,8,0.775,0.905,"{""clf__C"": 10.0, ""clf__gamma_mult"": 0.25}",35.53141169999981
3,quantum/QRE-RBF-SVM,quantum,9,0.75,0.8800000000000001,"{""clf__C"": 10.0, ""clf__gamma_mult"": 1.0}",35.53141169999981
3,quantum/QRE-RBF-SVM,quantum,10,0.7,0.79,"{""clf__C"": 10.0, ""clf__gamma_mult"": 1.0}",35.53141169999981
3,quantum/QRE-RBF-SVM,quantum,11,0.85,0.8825000000000001,"{""clf__C"": 10.0, ""clf__gamma_mult"": 0.25}",35.53141169999981
3,quantum/QRE-RBF-SVM,quantum,12,0.825,0.9299999999999999,"{""clf__C"": 10.0, ""clf__gamma_mult"": 0.25}",35.53141169999981
3,quantum/QRE-RBF-SVM,quantum,13,0.85,0.9075,"{""clf__C"": 10.0, ""clf__gamma_mult"": 0.25}",35.53141169999981
3,quantum/QRE-RBF-SVM,quantum,14,0.75,0.845,"{""clf__C"": 10.0, ""clf__gamma_mult"": 0.25}",35.53141169999981
3,quantum/QRE-RBF-ref-SVM,quantum,0,0.875,0.895,"{""clf__C"": 10.0, ""clf__gamma_mult"": 0.25}",38.93976289999955
3,quantum/QRE-RBF-ref-SVM,quantum,1,0.725,0.865,"{""clf__C"": 10.0, ""clf__gamma_mult"": 1.0}",38.93976289999955
3,quantum/QRE-RBF-ref-SVM,quantum,2,0.85,0.9324999999999999,"{""clf__C"": 10.0, ""clf__gamma_mult"": 1.0}",38.93976289999955
3,quantum/QRE-RBF-ref-SVM,quantum,3,0.85,0.9125,"{""clf__C"": 10.0, ""clf__gamma_mult"": 1.0}",38.93976289999955
3,quantum/QRE-RBF-ref-SVM,quantum,4,0.875,0.97,"{""clf__C"": 10.0, ""clf__gamma_mult"": 1.0}",38.93976289999955
3,quantum/QRE-RBF-ref-SVM,quantum,5,0.825,0.895,"{""clf__C"": 10.0, ""clf__gamma_mult"": 1.0}",38.93976289999955
3,quantum/QRE-RBF-ref-SVM,quantum,6,0.8,0.835,"{""clf__C"": 10.0, ""clf__gamma_mult"": 1.0}",38.93976289999955
3,quantum/QRE-RBF-ref-SVM,quantum,7,0.775,0.845,"{""clf__C"": 10.0, ""clf__gamma_mult"": 1.0}",38.93976289999955
3,quantum/QRE-RBF-ref-SVM,quantum,8,0.85,0.9349999999999999,"{""clf__C"": 10.0, ""clf__gamma_mult"": 0.25}",38.93976289999955
3,quantum/QRE-RBF-ref-SVM,quantum,9,0.825,0.9275,"{""clf__C"": 10.0, ""clf__gamma_mult"": 1.0}",38.93976289999955
3,quantum/QRE-RBF-ref-SVM,quantum,10,0.725,0.845,"{""clf__C"": 10.0, ""clf__gamma_mult"": 0.25}",38.93976289999955
3,quantum/QRE-RBF-ref-SVM,quantum,11,0.85,0.89,"{""clf__C"": 10.0, ""clf__gamma_mult"": 1.0}",38.93976289999955
3,quantum/QRE-RBF-ref-SVM,quantum,12,0.9,0.9750000000000001,"{""clf__C"": 10.0, ""clf__gamma_mult"": 1.0}",38.93976289999955
3,quantum/QRE-RBF-ref-SVM,quantum,13,0.925,0.9400000000000001,"{""clf__C"": 10.0, ""clf__gamma_mult"": 1.0}",38.93976289999955
3,quantum/QRE-RBF-ref-SVM,quantum,14,0.775,0.8925,"{""clf__C"": 1.0, ""clf__gamma_mult"": 1.0}",38.93976289999955
3,quantum/IQP-kernel-SVM,quantum,0,0.675,0.7,"{""clf__C"": 1.0, ""clf__scale"": 0.5}",36.1386708
3,quantum/IQP-kernel-SVM,quantum,1,0.65,0.67,"{""clf__C"": 10.0, ""clf__scale"": 1.0}",36.1386708
3,quantum/IQP-kernel-SVM,quantum,2,0.7,0.7775,"{""clf__C"": 10.0, ""clf__scale"": 0.5}",36.1386708
3,quantum/IQP-kernel-SVM,quantum,3,0.65,0.7275,"{""clf__C"": 1.0, ""clf__scale"": 0.5}",36.1386708
3,quantum/IQP-kernel-SVM,quantum,4,0.825,0.9275,"{""clf__C"": 10.0, ""clf__scale"": 0.5}",36.1386708
3,quantum/IQP-kernel-SVM,quantum,5,0.75,0.8025,"{""clf__C"": 1.0, ""clf__scale"": 0.5}",36.1386708
3,quantum/IQP-kernel-SVM,quantum,6,0.725,0.7549999999999999,"{""clf__C"": 10.0, ""clf__scale"": 0.5}",36.1386708
3,quantum/IQP-kernel-SVM,quantum,7,0.7,0.7475,"{""clf__C"": 10.0, ""clf__scale"": 0.5}",36.1386708
3,quantum/IQP-kernel-SVM,quantum,8,0.775,0.8125,"{""clf__C"": 1.0, ""clf__scale"": 0.5}",36.1386708
3,quantum/IQP-kernel-SVM,quantum,9,0.8,0.8999999999999999,"{""clf__C"": 10.0, ""clf__scale"": 0.5}",36.1386708
3,quantum/IQP-kernel-SVM,quantum,10,0.675,0.7374999999999999,"{""clf__C"": 1.0, ""clf__scale"": 0.5}",36.1386708
3,quantum/IQP-kernel-SVM,quantum,11,0.75,0.8425,"{""clf__C"": 10.0, ""clf__scale"": 0.5}",36.1386708
3,quantum/IQP-kernel-SVM,quantum,12,0.775,0.865,"{""clf__C"": 1.0, ""clf__scale"": 0.5}",36.1386708
3,quantum/IQP-kernel-SVM,quantum,13,0.675,0.7974999999999999,"{""clf__C"": 10.0, ""clf__scale"": 0.5}",36.1386708
3,quantum/IQP-kernel-SVM,quantum,14,0.7,0.7775,"{""clf__C"": 10.0, ""clf__scale"": 0.5}",36.1386708
3,quantum/CNOT-kernel-SVM,quantum,0,0.625,0.7224999999999999,"{""clf__C"": 10.0, ""clf__scale"": 0.5}",38.41546639999979
3,quantum/CNOT-kernel-SVM,quantum,1,0.7,0.7949999999999999,"{""clf__C"": 10.0, ""clf__scale"": 0.5}",38.41546639999979
3,quantum/CNOT-kernel-SVM,quantum,2,0.7,0.8475,"{""clf__C"": 10.0, ""clf__scale"": 1.0}",38.41546639999979
3,quantum/CNOT-kernel-SVM,quantum,3,0.725,0.725,"{""clf__C"": 10.0, ""clf__scale"": 1.0}",38.41546639999979
3,quantum/CNOT-kernel-SVM,quantum,4,0.85,0.9225,"{""clf__C"": 10.0, ""clf__scale"": 0.5}",38.41546639999979
3,quantum/CNOT-kernel-SVM,quantum,5,0.675,0.8075,"{""clf__C"": 10.0, ""clf__scale"": 0.5}",38.41546639999979
3,quantum/CNOT-kernel-SVM,quantum,6,0.7,0.7625,"{""clf__C"": 10.0, ""clf__scale"": 1.0}",38.41546639999979
3,quantum/CNOT-kernel-SVM,quantum,7,0.625,0.7225,"{""clf__C"": 10.0, ""clf__scale"": 0.5}",38.41546639999979
3,quantum/CNOT-kernel-SVM,quantum,8,0.8,0.8625,"{""clf__C"": 10.0, ""clf__scale"": 0.5}",38.41546639999979
3,quantum/CNOT-kernel-SVM,quantum,9,0.825,0.9099999999999999,"{""clf__C"": 1.0, ""clf__scale"": 1.0}",38.41546639999979
3,quantum/CNOT-kernel-SVM,quantum,10,0.7,0.705,"{""clf__C"": 10.0, ""clf__scale"": 0.5}",38.41546639999979
3,quantum/CNOT-kernel-SVM,quantum,11,0.825,0.9099999999999999,"{""clf__C"": 10.0, ""clf__scale"": 0.5}",38.41546639999979
3,quantum/CNOT-kernel-SVM,quantum,12,0.8,0.8925000000000001,"{""clf__C"": 10.0, ""clf__scale"": 0.5}",38.41546639999979
3,quantum/CNOT-kernel-SVM,quantum,13,0.675,0.7375,"{""clf__C"": 10.0, ""clf__scale"": 1.0}",38.41546639999979
3,quantum/CNOT-kernel-SVM,quantum,14,0.675,0.7575,"{""clf__C"": 10.0, ""clf__scale"": 0.5}",38.41546639999979
3,control/IQP-no-entangle,control,0,0.65,0.7575000000000001,"{""clf__C"": 10.0, ""clf__scale"": 0.5}",35.12589070000013
3,control/IQP-no-entangle,control,1,0.75,0.8075,"{""clf__C"": 10.0, ""clf__scale"": 0.5}",35.12589070000013
3,control/IQP-no-entangle,control,2,0.75,0.8374999999999999,"{""clf__C"": 10.0, ""clf__scale"": 0.5}",35.12589070000013
3,control/IQP-no-entangle,control,3,0.675,0.735,"{""clf__C"": 10.0, ""clf__scale"": 0.5}",35.12589070000013
3,control/IQP-no-entangle,control,4,0.875,0.94,"{""clf__C"": 10.0, ""clf__scale"": 1.0}",35.12589070000013
3,control/IQP-no-entangle,control,5,0.725,0.8175000000000001,"{""clf__C"": 1.0, ""clf__scale"": 1.0}",35.12589070000013
3,control/IQP-no-entangle,control,6,0.7,0.7675,"{""clf__C"": 10.0, ""clf__scale"": 1.0}",35.12589070000013
3,control/IQP-no-entangle,control,7,0.625,0.7225,"{""clf__C"": 10.0, ""clf__scale"": 0.5}",35.12589070000013
3,control/IQP-no-entangle,control,8,0.75,0.8374999999999999,"{""clf__C"": 10.0, ""clf__scale"": 0.5}",35.12589070000013
3,control/IQP-no-entangle,control,9,0.825,0.9225,"{""clf__C"": 10.0, ""clf__scale"": 0.5}",35.12589070000013
3,control/IQP-no-entangle,control,10,0.675,0.6924999999999999,"{""clf__C"": 10.0, ""clf__scale"": 0.5}",35.12589070000013
3,control/IQP-no-entangle,control,11,0.825,0.9075,"{""clf__C"": 10.0, ""clf__scale"": 0.5}",35.12589070000013
3,control/IQP-no-entangle,control,12,0.775,0.895,"{""clf__C"": 10.0, ""clf__scale"": 0.5}",35.12589070000013
3,control/IQP-no-entangle,control,13,0.675,0.7725,"{""clf__C"": 10.0, ""clf__scale"": 0.5}",35.12589070000013
3,control/IQP-no-entangle,control,14,0.7,0.7725,"{""clf__C"": 10.0, ""clf__scale"": 0.5}",35.12589070000013
3,control/PCA-matched-RBF,control,0,0.7,0.7975,"{""clf__C"": 1.0, ""clf__gamma"": ""scale""}",33.96289119999983
3,control/PCA-matched-RBF,control,1,0.65,0.7725,"{""clf__C"": 0.1, ""clf__gamma"": 0.01}",33.96289119999983
3,control/PCA-matched-RBF,control,2,0.8,0.86,"{""clf__C"": 10.0, ""clf__gamma"": 0.01}",33.96289119999983
3,control/PCA-matched-RBF,control,3,0.65,0.7525,"{""clf__C"": 1.0, ""clf__gamma"": 0.1}",33.96289119999983
3,control/PCA-matched-RBF,control,4,0.875,0.9249999999999999,"{""clf__C"": 0.1, ""clf__gamma"": ""scale""}",33.96289119999983
3,control/PCA-matched-RBF,control,5,0.725,0.7825,"{""clf__C"": 10.0, ""clf__gamma"": ""scale""}",33.96289119999983
3,control/PCA-matched-RBF,control,6,0.675,0.7575000000000001,"{""clf__C"": 10.0, ""clf__gamma"": ""scale""}",33.96289119999983
3,control/PCA-matched-RBF,control,7,0.65,0.7,"{""clf__C"": 10.0, ""clf__gamma"": 0.01}",33.96289119999983
3,control/PCA-matched-RBF,control,8,0.7,0.835,"{""clf__C"": 0.1, ""clf__gamma"": 0.01}",33.96289119999983
3,control/PCA-matched-RBF,control,9,0.825,0.9075,"{""clf__C"": 0.1, ""clf__gamma"": 0.01}",33.96289119999983
3,control/PCA-matched-RBF,control,10,0.7,0.715,"{""clf__C"": 0.1, ""clf__gamma"": ""scale""}",33.96289119999983
3,control/PCA-matched-RBF,control,11,0.8,0.875,"{""clf__C"": 0.1, ""clf__gamma"": ""scale""}",33.96289119999983
3,control/PCA-matched-RBF,control,12,0.8,0.9175000000000001,"{""clf__C"": 0.1, ""clf__gamma"": ""scale""}",33.96289119999983
3,control/PCA-matched-RBF,control,13,0.75,0.8049999999999999,"{""clf__C"": 0.1, ""clf__gamma"": ""scale""}",33.96289119999983
3,control/PCA-matched-RBF,control,14,0.7,0.7875000000000001,"{""clf__C"": 1.0, ""clf__gamma"": ""scale""}",33.96289119999983
3,control/PCA-matched-linear,control,0,0.725,0.7675000000000001,"{""clf__C"": 1.0}",11.699199599999702
3,control/PCA-matched-linear,control,1,0.725,0.7749999999999999,"{""clf__C"": 1.0}",11.699199599999702
3,control/PCA-matched-linear,control,2,0.8,0.8524999999999999,"{""clf__C"": 1.0}",11.699199599999702
3,control/PCA-matched-linear,control,3,0.65,0.785,"{""clf__C"": 1.0}",11.699199599999702
3,control/PCA-matched-linear,control,4,0.9,0.945,"{""clf__C"": 0.1}",11.699199599999702
3,control/PCA-matched-linear,control,5,0.75,0.815,"{""clf__C"": 10.0}",11.699199599999702
3,control/PCA-matched-linear,control,6,0.725,0.8275,"{""clf__C"": 0.1}",11.699199599999702
3,control/PCA-matched-linear,control,7,0.6,0.6975,"{""clf__C"": 1.0}",11.699199599999702
3,control/PCA-matched-linear,control,8,0.725,0.8374999999999999,"{""clf__C"": 0.1}",11.699199599999702
3,control/PCA-matched-linear,control,9,0.825,0.915,"{""clf__C"": 1.0}",11.699199599999702
3,control/PCA-matched-linear,control,10,0.65,0.7125,"{""clf__C"": 10.0}",11.699199599999702
3,control/PCA-matched-linear,control,11,0.8,0.8975000000000001,"{""clf__C"": 0.1}",11.699199599999702
3,control/PCA-matched-linear,control,12,0.775,0.8825000000000001,"{""clf__C"": 1.0}",11.699199599999702
3,control/PCA-matched-linear,control,13,0.725,0.8049999999999999,"{""clf__C"": 0.1}",11.699199599999702
3,control/PCA-matched-linear,control,14,0.675,0.7475,"{""clf__C"": 1.0}",11.699199599999702
3,control/logeuclid-TS+LR,control,0,0.7,0.7725,"{""clf__C"": 1.0}",9.96179200000006
3,control/logeuclid-TS+LR,control,1,0.775,0.8425,"{""clf__C"": 10.0}",9.96179200000006
3,control/logeuclid-TS+LR,control,2,0.8,0.9025,"{""clf__C"": 10.0}",9.96179200000006
3,control/logeuclid-TS+LR,control,3,0.75,0.8675,"{""clf__C"": 10.0}",9.96179200000006
3,control/logeuclid-TS+LR,control,4,0.9,0.9525,"{""clf__C"": 10.0}",9.96179200000006
3,control/logeuclid-TS+LR,control,5,0.7,0.81,"{""clf__C"": 1.0}",9.96179200000006
3,control/logeuclid-TS+LR,control,6,0.825,0.895,"{""clf__C"": 10.0}",9.96179200000006
3,control/logeuclid-TS+LR,control,7,0.7,0.79,"{""clf__C"": 10.0}",9.96179200000006
3,control/logeuclid-TS+LR,control,8,0.825,0.845,"{""clf__C"": 1.0}",9.96179200000006
3,control/logeuclid-TS+LR,control,9,0.825,0.9275,"{""clf__C"": 10.0}",9.96179200000006
3,control/logeuclid-TS+LR,control,10,0.675,0.7500000000000001,"{""clf__C"": 10.0}",9.96179200000006
3,control/logeuclid-TS+LR,control,11,0.825,0.9249999999999999,"{""clf__C"": 10.0}",9.96179200000006
3,control/logeuclid-TS+LR,control,12,0.725,0.865,"{""clf__C"": 1.0}",9.96179200000006
3,control/logeuclid-TS+LR,control,13,0.775,0.88,"{""clf__C"": 10.0}",9.96179200000006
3,control/logeuclid-TS+LR,control,14,0.8,0.8400000000000001,"{""clf__C"": 10.0}",9.96179200000006
3,control/riemann-kernel-SVM,control,0,0.8,0.8875,"{""clf__C"": 1.0}",12.026815399999577
3,control/riemann-kernel-SVM,control,1,0.75,0.8724999999999999,"{""clf__C"": 1.0}",12.026815399999577
3,control/riemann-kernel-SVM,control,2,0.825,0.8975,"{""clf__C"": 10.0}",12.026815399999577
3,control/riemann-kernel-SVM,control,3,0.775,0.8975,"{""clf__C"": 1.0}",12.026815399999577
3,control/riemann-kernel-SVM,control,4,0.8,0.895,"{""clf__C"": 10.0}",12.026815399999577
3,control/riemann-kernel-SVM,control,5,0.8,0.865,"{""clf__C"": 1.0}",12.026815399999577
3,control/riemann-kernel-SVM,control,6,0.775,0.86,"{""clf__C"": 10.0}",12.026815399999577
3,control/riemann-kernel-SVM,control,7,0.725,0.78,"{""clf__C"": 1.0}",12.026815399999577
3,control/riemann-kernel-SVM,control,8,0.8,0.915,"{""clf__C"": 1.0}",12.026815399999577
3,control/riemann-kernel-SVM,control,9,0.825,0.9424999999999999,"{""clf__C"": 10.0}",12.026815399999577
3,control/riemann-kernel-SVM,control,10,0.7,0.78,"{""clf__C"": 10.0}",12.026815399999577
3,control/riemann-kernel-SVM,control,11,0.825,0.905,"{""clf__C"": 1.0}",12.026815399999577
3,control/riemann-kernel-SVM,control,12,0.9,0.9525000000000001,"{""clf__C"": 1.0}",12.026815399999577
3,control/riemann-kernel-SVM,control,13,0.75,0.8725,"{""clf__C"": 1.0}",12.026815399999577
3,control/riemann-kernel-SVM,control,14,0.8,0.8925000000000001,"{""clf__C"": 10.0}",12.026815399999577
3,control/logeuclid-kernel-SVM,control,0,0.825,0.8875,"{""clf__C"": 1.0}",11.396644500000548
3,control/logeuclid-kernel-SVM,control,1,0.775,0.8625,"{""clf__C"": 1.0}",11.396644500000548
3,control/logeuclid-kernel-SVM,control,2,0.85,0.9125,"{""clf__C"": 10.0}",11.396644500000548
3,control/logeuclid-kernel-SVM,control,3,0.8,0.9075,"{""clf__C"": 1.0}",11.396644500000548
3,control/logeuclid-kernel-SVM,control,4,0.825,0.9075,"{""clf__C"": 10.0}",11.396644500000548
3,control/logeuclid-kernel-SVM,control,5,0.775,0.8525,"{""clf__C"": 10.0}",11.396644500000548
3,control/logeuclid-kernel-SVM,control,6,0.8,0.905,"{""clf__C"": 1.0}",11.396644500000548
3,control/logeuclid-kernel-SVM,control,7,0.675,0.79,"{""clf__C"": 10.0}",11.396644500000548
3,control/logeuclid-kernel-SVM,control,8,0.825,0.9025,"{""clf__C"": 10.0}",11.396644500000548
3,control/logeuclid-kernel-SVM,control,9,0.825,0.9425000000000001,"{""clf__C"": 10.0}",11.396644500000548
3,control/logeuclid-kernel-SVM,control,10,0.8,0.8225,"{""clf__C"": 10.0}",11.396644500000548
3,control/logeuclid-kernel-SVM,control,11,0.85,0.95,"{""clf__C"": 10.0}",11.396644500000548
3,control/logeuclid-kernel-SVM,control,12,0.9,0.9675,"{""clf__C"": 1.0}",11.396644500000548
3,control/logeuclid-kernel-SVM,control,13,0.8,0.8825000000000001,"{""clf__C"": 1.0}",11.396644500000548
3,control/logeuclid-kernel-SVM,control,14,0.775,0.9024999999999999,"{""clf__C"": 1.0}",11.396644500000548
4,classical/logvar+LDA,classical,0,0.6,0.67,{},0.11674700000003213
4,classical/logvar+LDA,classical,1,0.625,0.6875,{},0.11674700000003213
4,classical/logvar+LDA,classical,2,0.575,0.615,{},0.11674700000003213
4,classical/logvar+LDA,classical,3,0.675,0.6449999999999999,{},0.11674700000003213
4,classical/logvar+LDA,classical,4,0.55,0.6525,{},0.11674700000003213
4,classical/logvar+LDA,classical,5,0.6,0.6025,{},0.11674700000003213
4,classical/logvar+LDA,classical,6,0.475,0.5425,{},0.11674700000003213
4,classical/logvar+LDA,classical,7,0.5,0.5375000000000001,{},0.11674700000003213
4,classical/logvar+LDA,classical,8,0.525,0.535,{},0.11674700000003213
4,classical/logvar+LDA,classical,9,0.725,0.8300000000000001,{},0.11674700000003213
4,classical/logvar+LDA,classical,10,0.625,0.6975,{},0.11674700000003213
4,classical/logvar+LDA,classical,11,0.575,0.555,{},0.11674700000003213
4,classical/logvar+LDA,classical,12,0.55,0.5874999999999999,{},0.11674700000003213
4,classical/logvar+LDA,classical,13,0.65,0.7050000000000001,{},0.11674700000003213
4,classical/logvar+LDA,classical,14,0.7,0.72,{},0.11674700000003213
4,classical/CSP+LDA,classical,0,0.825,0.8625,"{""csp__nfilter"": 4}",9.0037925000006
4,classical/CSP+LDA,classical,1,0.85,0.9199999999999999,"{""csp__nfilter"": 4}",9.0037925000006
4,classical/CSP+LDA,classical,2,0.7,0.8724999999999999,"{""csp__nfilter"": 4}",9.0037925000006
4,classical/CSP+LDA,classical,3,0.7,0.845,"{""csp__nfilter"": 4}",9.0037925000006
4,classical/CSP+LDA,classical,4,0.825,0.8375,"{""csp__nfilter"": 6}",9.0037925000006
4,classical/CSP+LDA,classical,5,0.775,0.835,"{""csp__nfilter"": 4}",9.0037925000006
4,classical/CSP+LDA,classical,6,0.625,0.7575,"{""csp__nfilter"": 4}",9.0037925000006
4,classical/CSP+LDA,classical,7,0.7,0.7775000000000001,"{""csp__nfilter"": 6}",9.0037925000006
4,classical/CSP+LDA,classical,8,0.825,0.895,"{""csp__nfilter"": 4}",9.0037925000006
4,classical/CSP+LDA,classical,9,0.925,0.9724999999999999,"{""csp__nfilter"": 6}",9.0037925000006
4,classical/CSP+LDA,classical,10,0.825,0.8524999999999999,"{""csp__nfilter"": 4}",9.0037925000006
4,classical/CSP+LDA,classical,11,0.725,0.8125,"{""csp__nfilter"": 4}",9.0037925000006
4,classical/CSP+LDA,classical,12,0.8,0.9450000000000001,"{""csp__nfilter"": 4}",9.0037925000006
4,classical/CSP+LDA,classical,13,0.85,0.9450000000000001,"{""csp__nfilter"": 4}",9.0037925000006
4,classical/CSP+LDA,classical,14,0.7,0.7349999999999999,"{""csp__nfilter"": 4}",9.0037925000006
4,classical/MDM,classical,0,0.775,0.8775,{},1.1681502000001274
4,classical/MDM,classical,1,0.9,0.9575,{},1.1681502000001274
4,classical/MDM,classical,2,0.6,0.76,{},1.1681502000001274
4,classical/MDM,classical,3,0.575,0.73,{},1.1681502000001274
4,classical/MDM,classical,4,0.75,0.8175,{},1.1681502000001274
4,classical/MDM,classical,5,0.7,0.8099999999999999,{},1.1681502000001274
4,classical/MDM,classical,6,0.6,0.6225,{},1.1681502000001274
4,classical/MDM,classical,7,0.75,0.8375,{},1.1681502000001274
4,classical/MDM,classical,8,0.8,0.88,{},1.1681502000001274
4,classical/MDM,classical,9,0.775,0.9025,{},1.1681502000001274
4,classical/MDM,classical,10,0.775,0.8425,{},1.1681502000001274
4,classical/MDM,classical,11,0.65,0.7424999999999999,{},1.1681502000001274
4,classical/MDM,classical,12,0.75,0.885,{},1.1681502000001274
4,classical/MDM,classical,13,0.775,0.88,{},1.1681502000001274
4,classical/MDM,classical,14,0.75,0.7775,{},1.1681502000001274
4,classical/TS+LR,classical,0,0.725,0.82,"{""clf__C"": 0.1}",10.738634899999852
4,classical/TS+LR,classical,1,0.875,0.9425,"{""clf__C"": 0.1}",10.738634899999852
4,classical/TS+LR,classical,2,0.775,0.8250000000000001,"{""clf__C"": 0.1}",10.738634899999852
4,classical/TS+LR,classical,3,0.75,0.82,"{""clf__C"": 0.1}",10.738634899999852
4,classical/TS+LR,classical,4,0.825,0.875,"{""clf__C"": 1.0}",10.738634899999852
4,classical/TS+LR,classical,5,0.775,0.8125,"{""clf__C"": 0.1}",10.738634899999852
4,classical/TS+LR,classical,6,0.675,0.82,"{""clf__C"": 0.1}",10.738634899999852
4,classical/TS+LR,classical,7,0.7,0.8200000000000001,"{""clf__C"": 0.1}",10.738634899999852
4,classical/TS+LR,classical,8,0.8,0.88,"{""clf__C"": 0.1}",10.738634899999852
4,classical/TS+LR,classical,9,0.85,0.9250000000000002,"{""clf__C"": 1.0}",10.738634899999852
4,classical/TS+LR,classical,10,0.75,0.8200000000000001,"{""clf__C"": 1.0}",10.738634899999852
4,classical/TS+LR,classical,11,0.7,0.835,"{""clf__C"": 0.1}",10.738634899999852
4,classical/TS+LR,classical,12,0.775,0.875,"{""clf__C"": 0.1}",10.738634899999852
4,classical/TS+LR,classical,13,0.825,0.9025,"{""clf__C"": 0.1}",10.738634899999852
4,classical/TS+LR,classical,14,0.75,0.725,"{""clf__C"": 1.0}",10.738634899999852
4,classical/TS+RBF-SVM,classical,0,0.725,0.8424999999999999,"{""clf__C"": 1.0, ""clf__gamma"": ""scale""}",29.15693569999985
4,classical/TS+RBF-SVM,classical,1,0.875,0.955,"{""clf__C"": 1.0, ""clf__gamma"": ""scale""}",29.15693569999985
4,classical/TS+RBF-SVM,classical,2,0.725,0.84,"{""clf__C"": 1.0, ""clf__gamma"": 0.01}",29.15693569999985
4,classical/TS+RBF-SVM,classical,3,0.775,0.8450000000000001,"{""clf__C"": 1.0, ""clf__gamma"": ""scale""}",29.15693569999985
4,classical/TS+RBF-SVM,classical,4,0.825,0.8625,"{""clf__C"": 10.0, ""clf__gamma"": 0.01}",29.15693569999985
4,classical/TS+RBF-SVM,classical,5,0.825,0.8575,"{""clf__C"": 1.0, ""clf__gamma"": 0.01}",29.15693569999985
4,classical/TS+RBF-SVM,classical,6,0.725,0.8175,"{""clf__C"": 1.0, ""clf__gamma"": ""scale""}",29.15693569999985
4,classical/TS+RBF-SVM,classical,7,0.7,0.8075,"{""clf__C"": 1.0, ""clf__gamma"": ""scale""}",29.15693569999985
4,classical/TS+RBF-SVM,classical,8,0.775,0.85,"{""clf__C"": 1.0, ""clf__gamma"": ""scale""}",29.15693569999985
4,classical/TS+RBF-SVM,classical,9,0.875,0.9750000000000001,"{""clf__C"": 10.0, ""clf__gamma"": ""scale""}",29.15693569999985
4,classical/TS+RBF-SVM,classical,10,0.8,0.8999999999999999,"{""clf__C"": 1.0, ""clf__gamma"": 0.01}",29.15693569999985
4,classical/TS+RBF-SVM,classical,11,0.8,0.905,"{""clf__C"": 1.0, ""clf__gamma"": ""scale""}",29.15693569999985
4,classical/TS+RBF-SVM,classical,12,0.8,0.8849999999999999,"{""clf__C"": 1.0, ""clf__gamma"": ""scale""}",29.15693569999985
4,classical/TS+RBF-SVM,classical,13,0.8,0.8825,"{""clf__C"": 10.0, ""clf__gamma"": ""scale""}",29.15693569999985
4,classical/TS+RBF-SVM,classical,14,0.675,0.765,"{""clf__C"": 10.0, ""clf__gamma"": ""scale""}",29.15693569999985
4,quantum/HS-overlap-SVM,quantum,0,0.675,0.8500000000000001,"{""clf__C"": 0.1}",9.714877200000046
4,quantum/HS-overlap-SVM,quantum,1,0.625,0.7074999999999999,"{""clf__C"": 0.1}",9.714877200000046
4,quantum/HS-overlap-SVM,quantum,2,0.55,0.6675,"{""clf__C"": 0.1}",9.714877200000046
4,quantum/HS-overlap-SVM,quantum,3,0.525,0.56,"{""clf__C"": 0.1}",9.714877200000046
4,quantum/HS-overlap-SVM,quantum,4,0.675,0.6975,"{""clf__C"": 0.1}",9.714877200000046
4,quantum/HS-overlap-SVM,quantum,5,0.55,0.6775,"{""clf__C"": 0.1}",9.714877200000046
4,quantum/HS-overlap-SVM,quantum,6,0.475,0.51,"{""clf__C"": 0.1}",9.714877200000046
4,quantum/HS-overlap-SVM,quantum,7,0.575,0.555,"{""clf__C"": 0.1}",9.714877200000046
4,quantum/HS-overlap-SVM,quantum,8,0.675,0.7875000000000001,"{""clf__C"": 0.1}",9.714877200000046
4,quantum/HS-overlap-SVM,quantum,9,0.625,0.7549999999999999,"{""clf__C"": 0.1}",9.714877200000046
4,quantum/HS-overlap-SVM,quantum,10,0.625,0.6824999999999999,"{""clf__C"": 0.1}",9.714877200000046
4,quantum/HS-overlap-SVM,quantum,11,0.6,0.6075,"{""clf__C"": 0.1}",9.714877200000046
4,quantum/HS-overlap-SVM,quantum,12,0.65,0.7675000000000001,"{""clf__C"": 0.1}",9.714877200000046
4,quantum/HS-overlap-SVM,quantum,13,0.525,0.5925,"{""clf__C"": 0.1}",9.714877200000046
4,quantum/HS-overlap-SVM,quantum,14,0.55,0.565,"{""clf__C"": 0.1}",9.714877200000046
4,quantum/Fidelity-SVM,quantum,0,0.85,0.8724999999999999,"{""clf__C"": 10.0}",22.35376449999967
4,quantum/Fidelity-SVM,quantum,1,0.75,0.875,"{""clf__C"": 10.0}",22.35376449999967
4,quantum/Fidelity-SVM,quantum,2,0.6,0.84,"{""clf__C"": 10.0}",22.35376449999967
4,quantum/Fidelity-SVM,quantum,3,0.65,0.7749999999999999,"{""clf__C"": 10.0}",22.35376449999967
4,quantum/Fidelity-SVM,quantum,4,0.7,0.79,"{""clf__C"": 10.0}",22.35376449999967
4,quantum/Fidelity-SVM,quantum,5,0.725,0.8250000000000001,"{""clf__C"": 10.0}",22.35376449999967
4,quantum/Fidelity-SVM,quantum,6,0.7,0.7600000000000001,"{""clf__C"": 10.0}",22.35376449999967
4,quantum/Fidelity-SVM,quantum,7,0.7,0.7025,"{""clf__C"": 10.0}",22.35376449999967
4,quantum/Fidelity-SVM,quantum,8,0.775,0.855,"{""clf__C"": 10.0}",22.35376449999967
4,quantum/Fidelity-SVM,quantum,9,0.875,0.9625,"{""clf__C"": 10.0}",22.35376449999967
4,quantum/Fidelity-SVM,quantum,10,0.825,0.885,"{""clf__C"": 10.0}",22.35376449999967
4,quantum/Fidelity-SVM,quantum,11,0.65,0.82,"{""clf__C"": 10.0}",22.35376449999967
4,quantum/Fidelity-SVM,quantum,12,0.75,0.91,"{""clf__C"": 10.0}",22.35376449999967
4,quantum/Fidelity-SVM,quantum,13,0.75,0.835,"{""clf__C"": 10.0}",22.35376449999967
4,quantum/Fidelity-SVM,quantum,14,0.625,0.7099999999999999,"{""clf__C"": 10.0}",22.35376449999967
4,quantum/HS-RBF-SVM,quantum,0,0.6,0.705,"{""clf__C"": 10.0, ""clf__gamma_mult"": 1.0}",29.022520800000166
4,quantum/HS-RBF-SVM,quantum,1,0.725,0.77,"{""clf__C"": 10.0, ""clf__gamma_mult"": 1.0}",29.022520800000166
4,quantum/HS-RBF-SVM,quantum,2,0.625,0.7225,"{""clf__C"": 10.0, ""clf__gamma_mult"": 1.0}",29.022520800000166
4,quantum/HS-RBF-SVM,quantum,3,0.575,0.645,"{""clf__C"": 10.0, ""clf__gamma_mult"": 1.0}",29.022520800000166
4,quantum/HS-RBF-SVM,quantum,4,0.775,0.825,"{""clf__C"": 10.0, ""clf__gamma_mult"": 1.0}",29.022520800000166
4,quantum/HS-RBF-SVM,quantum,5,0.65,0.6825,"{""clf__C"": 10.0, ""clf__gamma_mult"": 1.0}",29.022520800000166
4,quantum/HS-RBF-SVM,quantum,6,0.575,0.5925,"{""clf__C"": 10.0, ""clf__gamma_mult"": 1.0}",29.022520800000166
4,quantum/HS-RBF-SVM,quantum,7,0.675,0.705,"{""clf__C"": 10.0, ""clf__gamma_mult"": 1.0}",29.022520800000166
4,quantum/HS-RBF-SVM,quantum,8,0.725,0.8300000000000001,"{""clf__C"": 10.0, ""clf__gamma_mult"": 1.0}",29.022520800000166
4,quantum/HS-RBF-SVM,quantum,9,0.65,0.775,"{""clf__C"": 10.0, ""clf__gamma_mult"": 1.0}",29.022520800000166
4,quantum/HS-RBF-SVM,quantum,10,0.775,0.845,"{""clf__C"": 10.0, ""clf__gamma_mult"": 1.0}",29.022520800000166
4,quantum/HS-RBF-SVM,quantum,11,0.6,0.7150000000000001,"{""clf__C"": 10.0, ""clf__gamma_mult"": 1.0}",29.022520800000166
4,quantum/HS-RBF-SVM,quantum,12,0.75,0.815,"{""clf__C"": 10.0, ""clf__gamma_mult"": 1.0}",29.022520800000166
4,quantum/HS-RBF-SVM,quantum,13,0.5,0.575,"{""clf__C"": 10.0, ""clf__gamma_mult"": 4.0}",29.022520800000166
4,quantum/HS-RBF-SVM,quantum,14,0.5,0.5974999999999999,"{""clf__C"": 10.0, ""clf__gamma_mult"": 1.0}",29.022520800000166
4,quantum/Bures-RBF-SVM,quantum,0,0.775,0.7875,"{""clf__C"": 10.0, ""clf__gamma_mult"": 0.25}",57.890983600000254
4,quantum/Bures-RBF-SVM,quantum,1,0.85,0.8625,"{""clf__C"": 10.0, ""clf__gamma_mult"": 1.0}",57.890983600000254
4,quantum/Bures-RBF-SVM,quantum,2,0.65,0.8375,"{""clf__C"": 10.0, ""clf__gamma_mult"": 0.25}",57.890983600000254
4,quantum/Bures-RBF-SVM,quantum,3,0.675,0.7274999999999999,"{""clf__C"": 10.0, ""clf__gamma_mult"": 1.0}",57.890983600000254
4,quantum/Bures-RBF-SVM,quantum,4,0.75,0.8025000000000001,"{""clf__C"": 10.0, ""clf__gamma_mult"": 1.0}",57.890983600000254
4,quantum/Bures-RBF-SVM,quantum,5,0.75,0.7825000000000001,"{""clf__C"": 10.0, ""clf__gamma_mult"": 1.0}",57.890983600000254
4,quantum/Bures-RBF-SVM,quantum,6,0.675,0.7525000000000001,"{""clf__C"": 10.0, ""clf__gamma_mult"": 0.25}",57.890983600000254
4,quantum/Bures-RBF-SVM,quantum,7,0.675,0.75,"{""clf__C"": 10.0, ""clf__gamma_mult"": 1.0}",57.890983600000254
4,quantum/Bures-RBF-SVM,quantum,8,0.8,0.8600000000000001,"{""clf__C"": 10.0, ""clf__gamma_mult"": 0.25}",57.890983600000254
4,quantum/Bures-RBF-SVM,quantum,9,0.875,0.9750000000000001,"{""clf__C"": 10.0, ""clf__gamma_mult"": 0.25}",57.890983600000254
4,quantum/Bures-RBF-SVM,quantum,10,0.775,0.8500000000000001,"{""clf__C"": 10.0, ""clf__gamma_mult"": 1.0}",57.890983600000254
4,quantum/Bures-RBF-SVM,quantum,11,0.675,0.87,"{""clf__C"": 10.0, ""clf__gamma_mult"": 0.25}",57.890983600000254
4,quantum/Bures-RBF-SVM,quantum,12,0.75,0.8550000000000001,"{""clf__C"": 10.0, ""clf__gamma_mult"": 1.0}",57.890983600000254
4,quantum/Bures-RBF-SVM,quantum,13,0.825,0.8175,"{""clf__C"": 10.0, ""clf__gamma_mult"": 0.25}",57.890983600000254
4,quantum/Bures-RBF-SVM,quantum,14,0.625,0.6475,"{""clf__C"": 10.0, ""clf__gamma_mult"": 1.0}",57.890983600000254
4,quantum/HS-overlap-ref-SVM,quantum,0,0.775,0.8125,"{""clf__C"": 10.0}",12.341947599999912
4,quantum/HS-overlap-ref-SVM,quantum,1,0.85,0.9099999999999999,"{""clf__C"": 10.0}",12.341947599999912
4,quantum/HS-overlap-ref-SVM,quantum,2,0.725,0.8674999999999999,"{""clf__C"": 10.0}",12.341947599999912
4,quantum/HS-overlap-ref-SVM,quantum,3,0.725,0.8225,"{""clf__C"": 10.0}",12.341947599999912
4,quantum/HS-overlap-ref-SVM,quantum,4,0.825,0.86,"{""clf__C"": 10.0}",12.341947599999912
4,quantum/HS-overlap-ref-SVM,quantum,5,0.75,0.77,"{""clf__C"": 10.0}",12.341947599999912
4,quantum/HS-overlap-ref-SVM,quantum,6,0.65,0.7474999999999999,"{""clf__C"": 10.0}",12.341947599999912
4,quantum/HS-overlap-ref-SVM,quantum,7,0.75,0.765,"{""clf__C"": 10.0}",12.341947599999912
4,quantum/HS-overlap-ref-SVM,quantum,8,0.775,0.8474999999999999,"{""clf__C"": 10.0}",12.341947599999912
4,quantum/HS-overlap-ref-SVM,quantum,9,0.9,0.98,"{""clf__C"": 10.0}",12.341947599999912
4,quantum/HS-overlap-ref-SVM,quantum,10,0.725,0.8499999999999999,"{""clf__C"": 10.0}",12.341947599999912
4,quantum/HS-overlap-ref-SVM,quantum,11,0.775,0.8625,"{""clf__C"": 10.0}",12.341947599999912
4,quantum/HS-overlap-ref-SVM,quantum,12,0.85,0.8799999999999999,"{""clf__C"": 10.0}",12.341947599999912
4,quantum/HS-overlap-ref-SVM,quantum,13,0.875,0.94,"{""clf__C"": 10.0}",12.341947599999912
4,quantum/HS-overlap-ref-SVM,quantum,14,0.675,0.715,"{""clf__C"": 10.0}",12.341947599999912
4,quantum/Fidelity-ref-SVM,quantum,0,0.8,0.8175000000000001,"{""clf__C"": 10.0}",28.006077100000766
4,quantum/Fidelity-ref-SVM,quantum,1,0.85,0.9175,"{""clf__C"": 10.0}",28.006077100000766
4,quantum/Fidelity-ref-SVM,quantum,2,0.7,0.8625,"{""clf__C"": 10.0}",28.006077100000766
4,quantum/Fidelity-ref-SVM,quantum,3,0.725,0.8625,"{""clf__C"": 10.0}",28.006077100000766
4,quantum/Fidelity-ref-SVM,quantum,4,0.825,0.86,"{""clf__C"": 10.0}",28.006077100000766
4,quantum/Fidelity-ref-SVM,quantum,5,0.75,0.7975,"{""clf__C"": 10.0}",28.006077100000766
4,quantum/Fidelity-ref-SVM,quantum,6,0.7,0.7725,"{""clf__C"": 10.0}",28.006077100000766
4,quantum/Fidelity-ref-SVM,quantum,7,0.75,0.7825000000000001,"{""clf__C"": 10.0}",28.006077100000766
4,quantum/Fidelity-ref-SVM,quantum,8,0.8,0.85,"{""clf__C"": 10.0}",28.006077100000766
4,quantum/Fidelity-ref-SVM,quantum,9,0.925,0.9924999999999999,"{""clf__C"": 10.0}",28.006077100000766
4,quantum/Fidelity-ref-SVM,quantum,10,0.75,0.865,"{""clf__C"": 10.0}",28.006077100000766
4,quantum/Fidelity-ref-SVM,quantum,11,0.725,0.8525,"{""clf__C"": 10.0}",28.006077100000766
4,quantum/Fidelity-ref-SVM,quantum,12,0.825,0.9025,"{""clf__C"": 10.0}",28.006077100000766
4,quantum/Fidelity-ref-SVM,quantum,13,0.9,0.9575,"{""clf__C"": 10.0}",28.006077100000766
4,quantum/Fidelity-ref-SVM,quantum,14,0.725,0.7225,"{""clf__C"": 10.0}",28.006077100000766
4,quantum/HS-RBF-ref-SVM,quantum,0,0.8,0.8174999999999999,"{""clf__C"": 10.0, ""clf__gamma_mult"": 0.25}",33.65572139999949
4,quantum/HS-RBF-ref-SVM,quantum,1,0.825,0.8925,"{""clf__C"": 10.0, ""clf__gamma_mult"": 1.0}",33.65572139999949
4,quantum/HS-RBF-ref-SVM,quantum,2,0.75,0.8474999999999999,"{""clf__C"": 10.0, ""clf__gamma_mult"": 0.25}",33.65572139999949
4,quantum/HS-RBF-ref-SVM,quantum,3,0.775,0.81,"{""clf__C"": 10.0, ""clf__gamma_mult"": 0.25}",33.65572139999949
4,quantum/HS-RBF-ref-SVM,quantum,4,0.775,0.8375,"{""clf__C"": 10.0, ""clf__gamma_mult"": 1.0}",33.65572139999949
4,quantum/HS-RBF-ref-SVM,quantum,5,0.8,0.7925,"{""clf__C"": 10.0, ""clf__gamma_mult"": 0.25}",33.65572139999949
4,quantum/HS-RBF-ref-SVM,quantum,6,0.7,0.7825,"{""clf__C"": 10.0, ""clf__gamma_mult"": 0.25}",33.65572139999949
4,quantum/HS-RBF-ref-SVM,quantum,7,0.7,0.7849999999999999,"{""clf__C"": 10.0, ""clf__gamma_mult"": 1.0}",33.65572139999949
4,quantum/HS-RBF-ref-SVM,quantum,8,0.8,0.8975,"{""clf__C"": 10.0, ""clf__gamma_mult"": 0.25}",33.65572139999949
4,quantum/HS-RBF-ref-SVM,quantum,9,0.925,0.9650000000000001,"{""clf__C"": 10.0, ""clf__gamma_mult"": 0.25}",33.65572139999949
4,quantum/HS-RBF-ref-SVM,quantum,10,0.75,0.755,"{""clf__C"": 10.0, ""clf__gamma_mult"": 1.0}",33.65572139999949
4,quantum/HS-RBF-ref-SVM,quantum,11,0.775,0.8875,"{""clf__C"": 10.0, ""clf__gamma_mult"": 0.25}",33.65572139999949
4,quantum/HS-RBF-ref-SVM,quantum,12,0.85,0.8800000000000001,"{""clf__C"": 10.0, ""clf__gamma_mult"": 0.25}",33.65572139999949
4,quantum/HS-RBF-ref-SVM,quantum,13,0.9,0.9349999999999999,"{""clf__C"": 10.0, ""clf__gamma_mult"": 0.25}",33.65572139999949
4,quantum/HS-RBF-ref-SVM,quantum,14,0.7,0.7349999999999999,"{""clf__C"": 10.0, ""clf__gamma_mult"": 0.25}",33.65572139999949
4,quantum/Bures-RBF-ref-SVM,quantum,0,0.8,0.81,"{""clf__C"": 10.0, ""clf__gamma_mult"": 0.25}",73.644722
4,quantum/Bures-RBF-ref-SVM,quantum,1,0.825,0.9025,"{""clf__C"": 10.0, ""clf__gamma_mult"": 1.0}",73.644722
4,quantum/Bures-RBF-ref-SVM,quantum,2,0.725,0.855,"{""clf__C"": 10.0, ""clf__gamma_mult"": 0.25}",73.644722
4,quantum/Bures-RBF-ref-SVM,quantum,3,0.8,0.825,"{""clf__C"": 10.0, ""clf__gamma_mult"": 0.25}",73.644722
4,quantum/Bures-RBF-ref-SVM,quantum,4,0.775,0.8425,"{""clf__C"": 10.0, ""clf__gamma_mult"": 1.0}",73.644722
4,quantum/Bures-RBF-ref-SVM,quantum,5,0.75,0.7975,"{""clf__C"": 10.0, ""clf__gamma_mult"": 0.25}",73.644722
4,quantum/Bures-RBF-ref-SVM,quantum,6,0.725,0.7975,"{""clf__C"": 10.0, ""clf__gamma_mult"": 0.25}",73.644722
4,quantum/Bures-RBF-ref-SVM,quantum,7,0.725,0.8,"{""clf__C"": 10.0, ""clf__gamma_mult"": 1.0}",73.644722
4,quantum/Bures-RBF-ref-SVM,quantum,8,0.825,0.8875,"{""clf__C"": 10.0, ""clf__gamma_mult"": 0.25}",73.644722
4,quantum/Bures-RBF-ref-SVM,quantum,9,0.825,0.9575,"{""clf__C"": 10.0, ""clf__gamma_mult"": 1.0}",73.644722
4,quantum/Bures-RBF-ref-SVM,quantum,10,0.775,0.775,"{""clf__C"": 10.0, ""clf__gamma_mult"": 1.0}",73.644722
4,quantum/Bures-RBF-ref-SVM,quantum,11,0.775,0.88,"{""clf__C"": 10.0, ""clf__gamma_mult"": 0.25}",73.644722
4,quantum/Bures-RBF-ref-SVM,quantum,12,0.85,0.88,"{""clf__C"": 10.0, ""clf__gamma_mult"": 0.25}",73.644722
4,quantum/Bures-RBF-ref-SVM,quantum,13,0.8,0.895,"{""clf__C"": 10.0, ""clf__gamma_mult"": 1.0}",73.644722
4,quantum/Bures-RBF-ref-SVM,quantum,14,0.675,0.7424999999999999,"{""clf__C"": 10.0, ""clf__gamma_mult"": 1.0}",73.644722
4,quantum/QRE-RBF-SVM,quantum,0,0.75,0.7925,"{""clf__C"": 10.0, ""clf__gamma_mult"": 0.25}",34.56637010000031
4,quantum/QRE-RBF-SVM,quantum,1,0.8,0.8624999999999999,"{""clf__C"": 10.0, ""clf__gamma_mult"": 1.0}",34.56637010000031
4,quantum/QRE-RBF-SVM,quantum,2,0.65,0.8325,"{""clf__C"": 10.0, ""clf__gamma_mult"": 0.25}",34.56637010000031
4,quantum/QRE-RBF-SVM,quantum,3,0.625,0.695,"{""clf__C"": 10.0, ""clf__gamma_mult"": 1.0}",34.56637010000031
4,quantum/QRE-RBF-SVM,quantum,4,0.725,0.8174999999999999,"{""clf__C"": 10.0, ""clf__gamma_mult"": 1.0}",34.56637010000031
4,quantum/QRE-RBF-SVM,quantum,5,0.725,0.7424999999999999,"{""clf__C"": 10.0, ""clf__gamma_mult"": 1.0}",34.56637010000031
4,quantum/QRE-RBF-SVM,quantum,6,0.65,0.7325,"{""clf__C"": 10.0, ""clf__gamma_mult"": 0.25}",34.56637010000031
4,quantum/QRE-RBF-SVM,quantum,7,0.675,0.7625,"{""clf__C"": 10.0, ""clf__gamma_mult"": 1.0}",34.56637010000031
4,quantum/QRE-RBF-SVM,quantum,8,0.8,0.8625,"{""clf__C"": 10.0, ""clf__gamma_mult"": 0.25}",34.56637010000031
4,quantum/QRE-RBF-SVM,quantum,9,0.8,0.875,"{""clf__C"": 10.0, ""clf__gamma_mult"": 1.0}",34.56637010000031
4,quantum/QRE-RBF-SVM,quantum,10,0.825,0.8674999999999999,"{""clf__C"": 10.0, ""clf__gamma_mult"": 0.25}",34.56637010000031
4,quantum/QRE-RBF-SVM,quantum,11,0.675,0.8474999999999999,"{""clf__C"": 10.0, ""clf__gamma_mult"": 0.25}",34.56637010000031
4,quantum/QRE-RBF-SVM,quantum,12,0.75,0.825,"{""clf__C"": 10.0, ""clf__gamma_mult"": 1.0}",34.56637010000031
4,quantum/QRE-RBF-SVM,quantum,13,0.8,0.8374999999999999,"{""clf__C"": 10.0, ""clf__gamma_mult"": 0.25}",34.56637010000031
4,quantum/QRE-RBF-SVM,quantum,14,0.6,0.65,"{""clf__C"": 10.0, ""clf__gamma_mult"": 1.0}",34.56637010000031
4,quantum/QRE-RBF-ref-SVM,quantum,0,0.8,0.815,"{""clf__C"": 10.0, ""clf__gamma_mult"": 0.25}",38.284765600000355
4,quantum/QRE-RBF-ref-SVM,quantum,1,0.875,0.93,"{""clf__C"": 10.0, ""clf__gamma_mult"": 0.25}",38.284765600000355
4,quantum/QRE-RBF-ref-SVM,quantum,2,0.725,0.8625,"{""clf__C"": 10.0, ""clf__gamma_mult"": 0.25}",38.284765600000355
4,quantum/QRE-RBF-ref-SVM,quantum,3,0.8,0.8225,"{""clf__C"": 10.0, ""clf__gamma_mult"": 0.25}",38.284765600000355
4,quantum/QRE-RBF-ref-SVM,quantum,4,0.775,0.8450000000000001,"{""clf__C"": 10.0, ""clf__gamma_mult"": 1.0}",38.284765600000355
4,quantum/QRE-RBF-ref-SVM,quantum,5,0.75,0.7975,"{""clf__C"": 10.0, ""clf__gamma_mult"": 0.25}",38.284765600000355
4,quantum/QRE-RBF-ref-SVM,quantum,6,0.7,0.79,"{""clf__C"": 10.0, ""clf__gamma_mult"": 0.25}",38.284765600000355
4,quantum/QRE-RBF-ref-SVM,quantum,7,0.7,0.8,"{""clf__C"": 10.0, ""clf__gamma_mult"": 1.0}",38.284765600000355
4,quantum/QRE-RBF-ref-SVM,quantum,8,0.8,0.89,"{""clf__C"": 10.0, ""clf__gamma_mult"": 0.25}",38.284765600000355
4,quantum/QRE-RBF-ref-SVM,quantum,9,0.8,0.9550000000000001,"{""clf__C"": 10.0, ""clf__gamma_mult"": 1.0}",38.284765600000355
4,quantum/QRE-RBF-ref-SVM,quantum,10,0.775,0.7825,"{""clf__C"": 10.0, ""clf__gamma_mult"": 1.0}",38.284765600000355
4,quantum/QRE-RBF-ref-SVM,quantum,11,0.775,0.8775,"{""clf__C"": 10.0, ""clf__gamma_mult"": 0.25}",38.284765600000355
4,quantum/QRE-RBF-ref-SVM,quantum,12,0.85,0.88,"{""clf__C"": 10.0, ""clf__gamma_mult"": 0.25}",38.284765600000355
4,quantum/QRE-RBF-ref-SVM,quantum,13,0.825,0.8925,"{""clf__C"": 10.0, ""clf__gamma_mult"": 1.0}",38.284765600000355
4,quantum/QRE-RBF-ref-SVM,quantum,14,0.675,0.7399999999999999,"{""clf__C"": 10.0, ""clf__gamma_mult"": 0.25}",38.284765600000355
4,quantum/IQP-kernel-SVM,quantum,0,0.8,0.8875000000000001,"{""clf__C"": 10.0, ""clf__scale"": 0.5}",35.59640750000017
4,quantum/IQP-kernel-SVM,quantum,1,0.7,0.695,"{""clf__C"": 10.0, ""clf__scale"": 1.0}",35.59640750000017
4,quantum/IQP-kernel-SVM,quantum,2,0.75,0.7975000000000001,"{""clf__C"": 10.0, ""clf__scale"": 0.5}",35.59640750000017
4,quantum/IQP-kernel-SVM,quantum,3,0.625,0.635,"{""clf__C"": 10.0, ""clf__scale"": 0.5}",35.59640750000017
4,quantum/IQP-kernel-SVM,quantum,4,0.725,0.7825,"{""clf__C"": 10.0, ""clf__scale"": 0.5}",35.59640750000017
4,quantum/IQP-kernel-SVM,quantum,5,0.725,0.7849999999999999,"{""clf__C"": 10.0, ""clf__scale"": 0.5}",35.59640750000017
4,quantum/IQP-kernel-SVM,quantum,6,0.65,0.7349999999999999,"{""clf__C"": 10.0, ""clf__scale"": 1.0}",35.59640750000017
4,quantum/IQP-kernel-SVM,quantum,7,0.675,0.71,"{""clf__C"": 10.0, ""clf__scale"": 0.5}",35.59640750000017
4,quantum/IQP-kernel-SVM,quantum,8,0.7,0.7925,"{""clf__C"": 10.0, ""clf__scale"": 1.0}",35.59640750000017
4,quantum/IQP-kernel-SVM,quantum,9,0.825,0.9075,"{""clf__C"": 10.0, ""clf__scale"": 0.5}",35.59640750000017
4,quantum/IQP-kernel-SVM,quantum,10,0.65,0.74,"{""clf__C"": 10.0, ""clf__scale"": 1.0}",35.59640750000017
4,quantum/IQP-kernel-SVM,quantum,11,0.75,0.8424999999999999,"{""clf__C"": 10.0, ""clf__scale"": 0.5}",35.59640750000017
4,quantum/IQP-kernel-SVM,quantum,12,0.775,0.8725,"{""clf__C"": 10.0, ""clf__scale"": 1.0}",35.59640750000017
4,quantum/IQP-kernel-SVM,quantum,13,0.75,0.8099999999999999,"{""clf__C"": 10.0, ""clf__scale"": 0.5}",35.59640750000017
4,quantum/IQP-kernel-SVM,quantum,14,0.625,0.685,"{""clf__C"": 10.0, ""clf__scale"": 0.5}",35.59640750000017
4,quantum/CNOT-kernel-SVM,quantum,0,0.8,0.88,"{""clf__C"": 10.0, ""clf__scale"": 1.0}",38.07173739999962
4,quantum/CNOT-kernel-SVM,quantum,1,0.85,0.8775,"{""clf__C"": 10.0, ""clf__scale"": 0.5}",38.07173739999962
4,quantum/CNOT-kernel-SVM,quantum,2,0.7,0.795,"{""clf__C"": 10.0, ""clf__scale"": 1.0}",38.07173739999962
4,quantum/CNOT-kernel-SVM,quantum,3,0.575,0.6775,"{""clf__C"": 10.0, ""clf__scale"": 0.5}",38.07173739999962
4,quantum/CNOT-kernel-SVM,quantum,4,0.725,0.8075,"{""clf__C"": 10.0, ""clf__scale"": 1.0}",38.07173739999962
4,quantum/CNOT-kernel-SVM,quantum,5,0.75,0.825,"{""clf__C"": 10.0, ""clf__scale"": 1.0}",38.07173739999962
4,quantum/CNOT-kernel-SVM,quantum,6,0.725,0.765,"{""clf__C"": 10.0, ""clf__scale"": 0.5}",38.07173739999962
4,quantum/CNOT-kernel-SVM,quantum,7,0.675,0.725,"{""clf__C"": 10.0, ""clf__scale"": 1.0}",38.07173739999962
4,quantum/CNOT-kernel-SVM,quantum,8,0.825,0.8425,"{""clf__C"": 10.0, ""clf__scale"": 1.0}",38.07173739999962
4,quantum/CNOT-kernel-SVM,quantum,9,0.825,0.9275,"{""clf__C"": 10.0, ""clf__scale"": 0.5}",38.07173739999962
4,quantum/CNOT-kernel-SVM,quantum,10,0.8,0.895,"{""clf__C"": 10.0, ""clf__scale"": 1.0}",38.07173739999962
4,quantum/CNOT-kernel-SVM,quantum,11,0.7,0.8125,"{""clf__C"": 10.0, ""clf__scale"": 1.0}",38.07173739999962
4,quantum/CNOT-kernel-SVM,quantum,12,0.775,0.8725,"{""clf__C"": 10.0, ""clf__scale"": 0.5}",38.07173739999962
4,quantum/CNOT-kernel-SVM,quantum,13,0.7,0.74,"{""clf__C"": 10.0, ""clf__scale"": 1.0}",38.07173739999962
4,quantum/CNOT-kernel-SVM,quantum,14,0.65,0.7025,"{""clf__C"": 10.0, ""clf__scale"": 0.5}",38.07173739999962
4,control/IQP-no-entangle,control,0,0.825,0.9075,"{""clf__C"": 10.0, ""clf__scale"": 1.0}",36.94485219999933
4,control/IQP-no-entangle,control,1,0.825,0.8325,"{""clf__C"": 10.0, ""clf__scale"": 1.0}",36.94485219999933
4,control/IQP-no-entangle,control,2,0.725,0.7975,"{""clf__C"": 10.0, ""clf__scale"": 1.0}",36.94485219999933
4,control/IQP-no-entangle,control,3,0.6,0.6825,"{""clf__C"": 10.0, ""clf__scale"": 0.5}",36.94485219999933
4,control/IQP-no-entangle,control,4,0.725,0.8025,"{""clf__C"": 10.0, ""clf__scale"": 1.0}",36.94485219999933
4,control/IQP-no-entangle,control,5,0.725,0.8175000000000001,"{""clf__C"": 10.0, ""clf__scale"": 0.5}",36.94485219999933
4,control/IQP-no-entangle,control,6,0.725,0.755,"{""clf__C"": 10.0, ""clf__scale"": 1.0}",36.94485219999933
4,control/IQP-no-entangle,control,7,0.725,0.715,"{""clf__C"": 10.0, ""clf__scale"": 1.0}",36.94485219999933
4,control/IQP-no-entangle,control,8,0.825,0.8475,"{""clf__C"": 10.0, ""clf__scale"": 1.0}",36.94485219999933
4,control/IQP-no-entangle,control,9,0.825,0.9375,"{""clf__C"": 10.0, ""clf__scale"": 0.5}",36.94485219999933
4,control/IQP-no-entangle,control,10,0.825,0.875,"{""clf__C"": 10.0, ""clf__scale"": 0.5}",36.94485219999933
4,control/IQP-no-entangle,control,11,0.7,0.8125,"{""clf__C"": 10.0, ""clf__scale"": 1.0}",36.94485219999933
4,control/IQP-no-entangle,control,12,0.725,0.8325,"{""clf__C"": 10.0, ""clf__scale"": 1.0}",36.94485219999933
4,control/IQP-no-entangle,control,13,0.75,0.75,"{""clf__C"": 10.0, ""clf__scale"": 1.0}",36.94485219999933
4,control/IQP-no-entangle,control,14,0.65,0.6924999999999999,"{""clf__C"": 10.0, ""clf__scale"": 0.5}",36.94485219999933
4,control/PCA-matched-RBF,control,0,0.775,0.8925,"{""clf__C"": 10.0, ""clf__gamma"": 0.1}",33.33311380000032
4,control/PCA-matched-RBF,control,1,0.775,0.8725,"{""clf__C"": 10.0, ""clf__gamma"": 0.01}",33.33311380000032
4,control/PCA-matched-RBF,control,2,0.675,0.8400000000000001,"{""clf__C"": 1.0, ""clf__gamma"": 0.1}",33.33311380000032
4,control/PCA-matched-RBF,control,3,0.65,0.6825,"{""clf__C"": 10.0, ""clf__gamma"": ""scale""}",33.33311380000032
4,control/PCA-matched-RBF,control,4,0.75,0.8125,"{""clf__C"": 10.0, ""clf__gamma"": 0.01}",33.33311380000032
4,control/PCA-matched-RBF,control,5,0.775,0.815,"{""clf__C"": 10.0, ""clf__gamma"": 0.01}",33.33311380000032
4,control/PCA-matched-RBF,control,6,0.675,0.7400000000000001,"{""clf__C"": 1.0, ""clf__gamma"": 0.1}",33.33311380000032
4,control/PCA-matched-RBF,control,7,0.65,0.735,"{""clf__C"": 1.0, ""clf__gamma"": 0.1}",33.33311380000032
4,control/PCA-matched-RBF,control,8,0.825,0.8724999999999999,"{""clf__C"": 0.1, ""clf__gamma"": ""scale""}",33.33311380000032
4,control/PCA-matched-RBF,control,9,0.875,0.9475,"{""clf__C"": 1.0, ""clf__gamma"": 0.1}",33.33311380000032
4,control/PCA-matched-RBF,control,10,0.8,0.8450000000000001,"{""clf__C"": 10.0, ""clf__gamma"": 0.01}",33.33311380000032
4,control/PCA-matched-RBF,control,11,0.75,0.8274999999999999,"{""clf__C"": 1.0, ""clf__gamma"": 0.1}",33.33311380000032
4,control/PCA-matched-RBF,control,12,0.75,0.8925,"{""clf__C"": 1.0, ""clf__gamma"": 0.1}",33.33311380000032
4,control/PCA-matched-RBF,control,13,0.75,0.8,"{""clf__C"": 1.0, ""clf__gamma"": ""scale""}",33.33311380000032
4,control/PCA-matched-RBF,control,14,0.6,0.685,"{""clf__C"": 1.0, ""clf__gamma"": 0.1}",33.33311380000032
4,control/PCA-matched-linear,control,0,0.775,0.875,"{""clf__C"": 1.0}",12.258100099999865
4,control/PCA-matched-linear,control,1,0.775,0.8750000000000001,"{""clf__C"": 1.0}",12.258100099999865
4,control/PCA-matched-linear,control,2,0.675,0.8400000000000001,"{""clf__C"": 1.0}",12.258100099999865
4,control/PCA-matched-linear,control,3,0.75,0.7975,"{""clf__C"": 10.0}",12.258100099999865
4,control/PCA-matched-linear,control,4,0.75,0.8049999999999999,"{""clf__C"": 10.0}",12.258100099999865
4,control/PCA-matched-linear,control,5,0.775,0.815,"{""clf__C"": 10.0}",12.258100099999865
4,control/PCA-matched-linear,control,6,0.675,0.7675000000000001,"{""clf__C"": 0.1}",12.258100099999865
4,control/PCA-matched-linear,control,7,0.7,0.7625,"{""clf__C"": 1.0}",12.258100099999865
4,control/PCA-matched-linear,control,8,0.8,0.875,"{""clf__C"": 0.1}",12.258100099999865
4,control/PCA-matched-linear,control,9,0.9,0.9475,"{""clf__C"": 10.0}",12.258100099999865
4,control/PCA-matched-linear,control,10,0.825,0.8650000000000001,"{""clf__C"": 1.0}",12.258100099999865
4,control/PCA-matched-linear,control,11,0.7,0.8099999999999999,"{""clf__C"": 0.1}",12.258100099999865
4,control/PCA-matched-linear,control,12,0.75,0.8949999999999999,"{""clf__C"": 1.0}",12.258100099999865
4,control/PCA-matched-linear,control,13,0.85,0.8624999999999999,"{""clf__C"": 0.1}",12.258100099999865
4,control/PCA-matched-linear,control,14,0.625,0.6699999999999999,"{""clf__C"": 10.0}",12.258100099999865
4,control/logeuclid-TS+LR,control,0,0.775,0.825,"{""clf__C"": 10.0}",10.61229640000056
4,control/logeuclid-TS+LR,control,1,0.8,0.915,"{""clf__C"": 10.0}",10.61229640000056
4,control/logeuclid-TS+LR,control,2,0.7,0.825,"{""clf__C"": 10.0}",10.61229640000056
4,control/logeuclid-TS+LR,control,3,0.65,0.75,"{""clf__C"": 10.0}",10.61229640000056
4,control/logeuclid-TS+LR,control,4,0.725,0.8125,"{""clf__C"": 10.0}",10.61229640000056
4,control/logeuclid-TS+LR,control,5,0.725,0.7225,"{""clf__C"": 10.0}",10.61229640000056
4,control/logeuclid-TS+LR,control,6,0.65,0.7175,"{""clf__C"": 1.0}",10.61229640000056
4,control/logeuclid-TS+LR,control,7,0.65,0.7975,"{""clf__C"": 10.0}",10.61229640000056
4,control/logeuclid-TS+LR,control,8,0.8,0.855,"{""clf__C"": 10.0}",10.61229640000056
4,control/logeuclid-TS+LR,control,9,0.85,0.9500000000000001,"{""clf__C"": 10.0}",10.61229640000056
4,control/logeuclid-TS+LR,control,10,0.825,0.885,"{""clf__C"": 10.0}",10.61229640000056
4,control/logeuclid-TS+LR,control,11,0.7,0.8,"{""clf__C"": 1.0}",10.61229640000056
4,control/logeuclid-TS+LR,control,12,0.725,0.855,"{""clf__C"": 10.0}",10.61229640000056
4,control/logeuclid-TS+LR,control,13,0.775,0.8775,"{""clf__C"": 10.0}",10.61229640000056
4,control/logeuclid-TS+LR,control,14,0.65,0.715,"{""clf__C"": 10.0}",10.61229640000056
4,control/riemann-kernel-SVM,control,0,0.8,0.8275,"{""clf__C"": 10.0}",12.222236000000521
4,control/riemann-kernel-SVM,control,1,0.85,0.93,"{""clf__C"": 10.0}",12.222236000000521
4,control/riemann-kernel-SVM,control,2,0.725,0.8400000000000001,"{""clf__C"": 1.0}",12.222236000000521
4,control/riemann-kernel-SVM,control,3,0.775,0.8374999999999999,"{""clf__C"": 10.0}",12.222236000000521
4,control/riemann-kernel-SVM,control,4,0.825,0.8649999999999999,"{""clf__C"": 10.0}",12.222236000000521
4,control/riemann-kernel-SVM,control,5,0.725,0.77,"{""clf__C"": 10.0}",12.222236000000521
4,control/riemann-kernel-SVM,control,6,0.75,0.8325,"{""clf__C"": 10.0}",12.222236000000521
4,control/riemann-kernel-SVM,control,7,0.75,0.82,"{""clf__C"": 10.0}",12.222236000000521
4,control/riemann-kernel-SVM,control,8,0.8,0.87,"{""clf__C"": 1.0}",12.222236000000521
4,control/riemann-kernel-SVM,control,9,0.9,0.9050000000000001,"{""clf__C"": 10.0}",12.222236000000521
4,control/riemann-kernel-SVM,control,10,0.725,0.785,"{""clf__C"": 10.0}",12.222236000000521
4,control/riemann-kernel-SVM,control,11,0.725,0.89,"{""clf__C"": 10.0}",12.222236000000521
4,control/riemann-kernel-SVM,control,12,0.775,0.8699999999999999,"{""clf__C"": 10.0}",12.222236000000521
4,control/riemann-kernel-SVM,control,13,0.825,0.9225,"{""clf__C"": 1.0}",12.222236000000521
4,control/riemann-kernel-SVM,control,14,0.725,0.7224999999999999,"{""clf__C"": 10.0}",12.222236000000521
4,control/logeuclid-kernel-SVM,control,0,0.7,0.8125,"{""clf__C"": 10.0}",12.396455399999468
4,control/logeuclid-kernel-SVM,control,1,0.875,0.9225,"{""clf__C"": 10.0}",12.396455399999468
4,control/logeuclid-kernel-SVM,control,2,0.65,0.8025,"{""clf__C"": 1.0}",12.396455399999468
4,control/logeuclid-kernel-SVM,control,3,0.75,0.8600000000000001,"{""clf__C"": 10.0}",12.396455399999468
4,control/logeuclid-kernel-SVM,control,4,0.8,0.875,"{""clf__C"": 10.0}",12.396455399999468
4,control/logeuclid-kernel-SVM,control,5,0.75,0.8300000000000001,"{""clf__C"": 10.0}",12.396455399999468
4,control/logeuclid-kernel-SVM,control,6,0.675,0.8350000000000001,"{""clf__C"": 10.0}",12.396455399999468
4,control/logeuclid-kernel-SVM,control,7,0.7,0.8075,"{""clf__C"": 1.0}",12.396455399999468
4,control/logeuclid-kernel-SVM,control,8,0.825,0.8625,"{""clf__C"": 1.0}",12.396455399999468
4,control/logeuclid-kernel-SVM,control,9,0.875,0.9275,"{""clf__C"": 10.0}",12.396455399999468
4,control/logeuclid-kernel-SVM,control,10,0.7,0.8200000000000001,"{""clf__C"": 10.0}",12.396455399999468
4,control/logeuclid-kernel-SVM,control,11,0.725,0.865,"{""clf__C"": 1.0}",12.396455399999468
4,control/logeuclid-kernel-SVM,control,12,0.8,0.8825,"{""clf__C"": 10.0}",12.396455399999468
4,control/logeuclid-kernel-SVM,control,13,0.775,0.92,"{""clf__C"": 10.0}",12.396455399999468
4,control/logeuclid-kernel-SVM,control,14,0.725,0.745,"{""clf__C"": 10.0}",12.396455399999468
5,classical/logvar+LDA,classical,0,0.575,0.6024999999999999,{},0.10198469999977533
5,classical/logvar+LDA,classical,1,0.65,0.5575,{},0.10198469999977533
5,classical/logvar+LDA,classical,2,0.45,0.51,{},0.10198469999977533
5,classical/logvar+LDA,classical,3,0.6,0.62,{},0.10198469999977533
5,classical/logvar+LDA,classical,4,0.6,0.605,{},0.10198469999977533
5,classical/logvar+LDA,classical,5,0.525,0.5349999999999999,{},0.10198469999977533
5,classical/logvar+LDA,classical,6,0.75,0.8200000000000001,{},0.10198469999977533
5,classical/logvar+LDA,classical,7,0.5,0.5025,{},0.10198469999977533
5,classical/logvar+LDA,classical,8,0.475,0.455,{},0.10198469999977533
5,classical/logvar+LDA,classical,9,0.5,0.46499999999999997,{},0.10198469999977533
5,classical/logvar+LDA,classical,10,0.6,0.625,{},0.10198469999977533
5,classical/logvar+LDA,classical,11,0.6,0.5925,{},0.10198469999977533
5,classical/logvar+LDA,classical,12,0.575,0.5525,{},0.10198469999977533
5,classical/logvar+LDA,classical,13,0.55,0.5149999999999999,{},0.10198469999977533
5,classical/logvar+LDA,classical,14,0.55,0.495,{},0.10198469999977533
5,classical/CSP+LDA,classical,0,0.6,0.615,"{""csp__nfilter"": 4}",10.603293299999677
5,classical/CSP+LDA,classical,1,0.625,0.7125,"{""csp__nfilter"": 2}",10.603293299999677
5,classical/CSP+LDA,classical,2,0.6,0.6425000000000001,"{""csp__nfilter"": 4}",10.603293299999677
5,classical/CSP+LDA,classical,3,0.55,0.5725,"{""csp__nfilter"": 4}",10.603293299999677
5,classical/CSP+LDA,classical,4,0.65,0.6699999999999999,"{""csp__nfilter"": 2}",10.603293299999677
5,classical/CSP+LDA,classical,5,0.55,0.635,"{""csp__nfilter"": 6}",10.603293299999677
5,classical/CSP+LDA,classical,6,0.725,0.8,"{""csp__nfilter"": 4}",10.603293299999677
5,classical/CSP+LDA,classical,7,0.575,0.6425,"{""csp__nfilter"": 4}",10.603293299999677
5,classical/CSP+LDA,classical,8,0.5,0.49749999999999994,"{""csp__nfilter"": 2}",10.603293299999677
5,classical/CSP+LDA,classical,9,0.525,0.5375,"{""csp__nfilter"": 6}",10.603293299999677
5,classical/CSP+LDA,classical,10,0.65,0.6475,"{""csp__nfilter"": 2}",10.603293299999677
5,classical/CSP+LDA,classical,11,0.575,0.665,"{""csp__nfilter"": 6}",10.603293299999677
5,classical/CSP+LDA,classical,12,0.5,0.5674999999999999,"{""csp__nfilter"": 6}",10.603293299999677
5,classical/CSP+LDA,classical,13,0.625,0.675,"{""csp__nfilter"": 2}",10.603293299999677
5,classical/CSP+LDA,classical,14,0.65,0.6475,"{""csp__nfilter"": 2}",10.603293299999677
5,classical/MDM,classical,0,0.575,0.6525,{},1.2509385999992446
5,classical/MDM,classical,1,0.6,0.615,{},1.2509385999992446
5,classical/MDM,classical,2,0.6,0.5549999999999999,{},1.2509385999992446
5,classical/MDM,classical,3,0.525,0.57,{},1.2509385999992446
5,classical/MDM,classical,4,0.575,0.6049999999999999,{},1.2509385999992446
5,classical/MDM,classical,5,0.55,0.5325,{},1.2509385999992446
5,classical/MDM,classical,6,0.7,0.7725,{},1.2509385999992446
5,classical/MDM,classical,7,0.575,0.6099999999999999,{},1.2509385999992446
5,classical/MDM,classical,8,0.525,0.4875,{},1.2509385999992446
5,classical/MDM,classical,9,0.5,0.45250000000000007,{},1.2509385999992446
5,classical/MDM,classical,10,0.625,0.565,{},1.2509385999992446
5,classical/MDM,classical,11,0.575,0.6675,{},1.2509385999992446
5,classical/MDM,classical,12,0.575,0.6025,{},1.2509385999992446
5,classical/MDM,classical,13,0.45,0.525,{},1.2509385999992446
5,classical/MDM,classical,14,0.525,0.565,{},1.2509385999992446
5,classical/TS+LR,classical,0,0.625,0.625,"{""clf__C"": 1.0}",11.657316100000571
5,classical/TS+LR,classical,1,0.55,0.5475,"{""clf__C"": 1.0}",11.657316100000571
5,classical/TS+LR,classical,2,0.625,0.69,"{""clf__C"": 1.0}",11.657316100000571
5,classical/TS+LR,classical,3,0.5,0.5675,"{""clf__C"": 0.1}",11.657316100000571
5,classical/TS+LR,classical,4,0.6,0.6775,"{""clf__C"": 1.0}",11.657316100000571
5,classical/TS+LR,classical,5,0.575,0.6000000000000001,"{""clf__C"": 1.0}",11.657316100000571
5,classical/TS+LR,classical,6,0.55,0.6025,"{""clf__C"": 10.0}",11.657316100000571
5,classical/TS+LR,classical,7,0.6,0.68,"{""clf__C"": 0.1}",11.657316100000571
5,classical/TS+LR,classical,8,0.475,0.465,"{""clf__C"": 1.0}",11.657316100000571
5,classical/TS+LR,classical,9,0.6,0.5275,"{""clf__C"": 0.1}",11.657316100000571
5,classical/TS+LR,classical,10,0.625,0.64,"{""clf__C"": 1.0}",11.657316100000571
5,classical/TS+LR,classical,11,0.65,0.6925,"{""clf__C"": 1.0}",11.657316100000571
5,classical/TS+LR,classical,12,0.55,0.5575,"{""clf__C"": 10.0}",11.657316100000571
5,classical/TS+LR,classical,13,0.575,0.6225,"{""clf__C"": 0.1}",11.657316100000571
5,classical/TS+LR,classical,14,0.625,0.5675,"{""clf__C"": 1.0}",11.657316100000571
5,classical/TS+RBF-SVM,classical,0,0.475,0.5549999999999999,"{""clf__C"": 1.0, ""clf__gamma"": 0.01}",32.75737570000001
5,classical/TS+RBF-SVM,classical,1,0.6,0.6475,"{""clf__C"": 1.0, ""clf__gamma"": 0.01}",32.75737570000001
5,classical/TS+RBF-SVM,classical,2,0.55,0.5475,"{""clf__C"": 1.0, ""clf__gamma"": ""scale""}",32.75737570000001
5,classical/TS+RBF-SVM,classical,3,0.5,0.5225,"{""clf__C"": 1.0, ""clf__gamma"": ""scale""}",32.75737570000001
5,classical/TS+RBF-SVM,classical,4,0.625,0.645,"{""clf__C"": 1.0, ""clf__gamma"": 0.01}",32.75737570000001
5,classical/TS+RBF-SVM,classical,5,0.55,0.5775,"{""clf__C"": 1.0, ""clf__gamma"": 0.01}",32.75737570000001
5,classical/TS+RBF-SVM,classical,6,0.575,0.6025,"{""clf__C"": 1.0, ""clf__gamma"": 0.1}",32.75737570000001
5,classical/TS+RBF-SVM,classical,7,0.65,0.65,"{""clf__C"": 1.0, ""clf__gamma"": 0.01}",32.75737570000001
5,classical/TS+RBF-SVM,classical,8,0.425,0.4175,"{""clf__C"": 0.1, ""clf__gamma"": 0.1}",32.75737570000001
5,classical/TS+RBF-SVM,classical,9,0.5,0.54,"{""clf__C"": 1.0, ""clf__gamma"": 0.01}",32.75737570000001
5,classical/TS+RBF-SVM,classical,10,0.45,0.515,"{""clf__C"": 1.0, ""clf__gamma"": 0.1}",32.75737570000001
5,classical/TS+RBF-SVM,classical,11,0.45,0.5325,"{""clf__C"": 1.0, ""clf__gamma"": ""scale""}",32.75737570000001
5,classical/TS+RBF-SVM,classical,12,0.575,0.6125,"{""clf__C"": 1.0, ""clf__gamma"": 0.01}",32.75737570000001
5,classical/TS+RBF-SVM,classical,13,0.5,0.55,"{""clf__C"": 0.1, ""clf__gamma"": ""scale""}",32.75737570000001
5,classical/TS+RBF-SVM,classical,14,0.475,0.4925,"{""clf__C"": 10.0, ""clf__gamma"": ""scale""}",32.75737570000001
5,quantum/HS-overlap-SVM,quantum,0,0.6,0.61,"{""clf__C"": 0.1}",10.944065499999851
5,quantum/HS-overlap-SVM,quantum,1,0.55,0.6675,"{""clf__C"": 0.1}",10.944065499999851
5,quantum/HS-overlap-SVM,quantum,2,0.5,0.6224999999999999,"{""clf__C"": 0.1}",10.944065499999851
5,quantum/HS-overlap-SVM,quantum,3,0.55,0.5925,"{""clf__C"": 0.1}",10.944065499999851
5,quantum/HS-overlap-SVM,quantum,4,0.55,0.565,"{""clf__C"": 0.1}",10.944065499999851
5,quantum/HS-overlap-SVM,quantum,5,0.5,0.5874999999999999,"{""clf__C"": 0.1}",10.944065499999851
5,quantum/HS-overlap-SVM,quantum,6,0.65,0.7949999999999999,"{""clf__C"": 0.1}",10.944065499999851
5,quantum/HS-overlap-SVM,quantum,7,0.65,0.64,"{""clf__C"": 0.1}",10.944065499999851
5,quantum/HS-overlap-SVM,quantum,8,0.525,0.5075000000000001,"{""clf__C"": 0.1}",10.944065499999851
5,quantum/HS-overlap-SVM,quantum,9,0.475,0.3975,"{""clf__C"": 0.1}",10.944065499999851
5,quantum/HS-overlap-SVM,quantum,10,0.525,0.5425,"{""clf__C"": 0.1}",10.944065499999851
5,quantum/HS-overlap-SVM,quantum,11,0.5,0.5775000000000001,"{""clf__C"": 0.1}",10.944065499999851
5,quantum/HS-overlap-SVM,quantum,12,0.575,0.5925,"{""clf__C"": 0.1}",10.944065499999851
5,quantum/HS-overlap-SVM,quantum,13,0.6,0.5725,"{""clf__C"": 0.1}",10.944065499999851
5,quantum/HS-overlap-SVM,quantum,14,0.625,0.65,"{""clf__C"": 0.1}",10.944065499999851
5,quantum/Fidelity-SVM,quantum,0,0.625,0.6425000000000001,"{""clf__C"": 0.1}",26.37417909999931
5,quantum/Fidelity-SVM,quantum,1,0.575,0.65,"{""clf__C"": 0.1}",26.37417909999931
5,quantum/Fidelity-SVM,quantum,2,0.575,0.5725,"{""clf__C"": 10.0}",26.37417909999931
5,quantum/Fidelity-SVM,quantum,3,0.55,0.5625,"{""clf__C"": 10.0}",26.37417909999931
5,quantum/Fidelity-SVM,quantum,4,0.6,0.6575000000000001,"{""clf__C"": 10.0}",26.37417909999931
5,quantum/Fidelity-SVM,quantum,5,0.5,0.575,"{""clf__C"": 10.0}",26.37417909999931
5,quantum/Fidelity-SVM,quantum,6,0.675,0.7925,"{""clf__C"": 0.1}",26.37417909999931
5,quantum/Fidelity-SVM,quantum,7,0.675,0.6875,"{""clf__C"": 0.1}",26.37417909999931
5,quantum/Fidelity-SVM,quantum,8,0.525,0.5525,"{""clf__C"": 10.0}",26.37417909999931
5,quantum/Fidelity-SVM,quantum,9,0.475,0.47750000000000004,"{""clf__C"": 10.0}",26.37417909999931
5,quantum/Fidelity-SVM,quantum,10,0.65,0.6325,"{""clf__C"": 10.0}",26.37417909999931
5,quantum/Fidelity-SVM,quantum,11,0.5,0.62,"{""clf__C"": 10.0}",26.37417909999931
5,quantum/Fidelity-SVM,quantum,12,0.6,0.615,"{""clf__C"": 0.1}",26.37417909999931
5,quantum/Fidelity-SVM,quantum,13,0.65,0.6325000000000001,"{""clf__C"": 10.0}",26.37417909999931
5,quantum/Fidelity-SVM,quantum,14,0.625,0.65,"{""clf__C"": 10.0}",26.37417909999931
5,quantum/HS-RBF-SVM,quantum,0,0.55,0.47750000000000004,"{""clf__C"": 10.0, ""clf__gamma_mult"": 1.0}",30.439020300000266
5,quantum/HS-RBF-SVM,quantum,1,0.475,0.5674999999999999,"{""clf__C"": 10.0, ""clf__gamma_mult"": 4.0}",30.439020300000266
5,quantum/HS-RBF-SVM,quantum,2,0.5,0.5175,"{""clf__C"": 10.0, ""clf__gamma_mult"": 4.0}",30.439020300000266
5,quantum/HS-RBF-SVM,quantum,3,0.5,0.5,"{""clf__C"": 10.0, ""clf__gamma_mult"": 4.0}",30.439020300000266
5,quantum/HS-RBF-SVM,quantum,4,0.55,0.5549999999999999,"{""clf__C"": 10.0, ""clf__gamma_mult"": 4.0}",30.439020300000266
5,quantum/HS-RBF-SVM,quantum,5,0.6,0.6325000000000001,"{""clf__C"": 10.0, ""clf__gamma_mult"": 4.0}",30.439020300000266
5,quantum/HS-RBF-SVM,quantum,6,0.475,0.5425,"{""clf__C"": 10.0, ""clf__gamma_mult"": 4.0}",30.439020300000266
5,quantum/HS-RBF-SVM,quantum,7,0.475,0.49250000000000005,"{""clf__C"": 10.0, ""clf__gamma_mult"": 1.0}",30.439020300000266
5,quantum/HS-RBF-SVM,quantum,8,0.5,0.515,"{""clf__C"": 10.0, ""clf__gamma_mult"": 4.0}",30.439020300000266
5,quantum/HS-RBF-SVM,quantum,9,0.475,0.47750000000000004,"{""clf__C"": 10.0, ""clf__gamma_mult"": 4.0}",30.439020300000266
5,quantum/HS-RBF-SVM,quantum,10,0.425,0.5025,"{""clf__C"": 10.0, ""clf__gamma_mult"": 4.0}",30.439020300000266
5,quantum/HS-RBF-SVM,quantum,11,0.5,0.5525,"{""clf__C"": 10.0, ""clf__gamma_mult"": 1.0}",30.439020300000266
5,quantum/HS-RBF-SVM,quantum,12,0.5,0.5149999999999999,"{""clf__C"": 10.0, ""clf__gamma_mult"": 4.0}",30.439020300000266
5,quantum/HS-RBF-SVM,quantum,13,0.5,0.4075,"{""clf__C"": 10.0, ""clf__gamma_mult"": 4.0}",30.439020300000266
5,quantum/HS-RBF-SVM,quantum,14,0.425,0.415,"{""clf__C"": 10.0, ""clf__gamma_mult"": 4.0}",30.439020300000266
5,quantum/Bures-RBF-SVM,quantum,0,0.5,0.51,"{""clf__C"": 10.0, ""clf__gamma_mult"": 1.0}",68.17499299999963
5,quantum/Bures-RBF-SVM,quantum,1,0.575,0.6449999999999999,"{""clf__C"": 10.0, ""clf__gamma_mult"": 4.0}",68.17499299999963
5,quantum/Bures-RBF-SVM,quantum,2,0.525,0.535,"{""clf__C"": 10.0, ""clf__gamma_mult"": 1.0}",68.17499299999963
5,quantum/Bures-RBF-SVM,quantum,3,0.475,0.46499999999999997,"{""clf__C"": 10.0, ""clf__gamma_mult"": 1.0}",68.17499299999963
5,quantum/Bures-RBF-SVM,quantum,4,0.55,0.5825,"{""clf__C"": 10.0, ""clf__gamma_mult"": 1.0}",68.17499299999963
5,quantum/Bures-RBF-SVM,quantum,5,0.525,0.62,"{""clf__C"": 10.0, ""clf__gamma_mult"": 1.0}",68.17499299999963
5,quantum/Bures-RBF-SVM,quantum,6,0.575,0.6200000000000001,"{""clf__C"": 10.0, ""clf__gamma_mult"": 1.0}",68.17499299999963
5,quantum/Bures-RBF-SVM,quantum,7,0.55,0.59,"{""clf__C"": 10.0, ""clf__gamma_mult"": 1.0}",68.17499299999963
5,quantum/Bures-RBF-SVM,quantum,8,0.575,0.5625,"{""clf__C"": 10.0, ""clf__gamma_mult"": 1.0}",68.17499299999963
5,quantum/Bures-RBF-SVM,quantum,9,0.6,0.5725,"{""clf__C"": 10.0, ""clf__gamma_mult"": 0.25}",68.17499299999963
5,quantum/Bures-RBF-SVM,quantum,10,0.5,0.4775,"{""clf__C"": 10.0, ""clf__gamma_mult"": 4.0}",68.17499299999963
5,quantum/Bures-RBF-SVM,quantum,11,0.475,0.5349999999999999,"{""clf__C"": 10.0, ""clf__gamma_mult"": 1.0}",68.17499299999963
5,quantum/Bures-RBF-SVM,quantum,12,0.575,0.5999999999999999,"{""clf__C"": 10.0, ""clf__gamma_mult"": 0.25}",68.17499299999963
5,quantum/Bures-RBF-SVM,quantum,13,0.575,0.6325000000000001,"{""clf__C"": 10.0, ""clf__gamma_mult"": 4.0}",68.17499299999963
5,quantum/Bures-RBF-SVM,quantum,14,0.55,0.5425,"{""clf__C"": 10.0, ""clf__gamma_mult"": 1.0}",68.17499299999963
5,quantum/HS-overlap-ref-SVM,quantum,0,0.525,0.54,"{""clf__C"": 10.0}",12.358109000000695
5,quantum/HS-overlap-ref-SVM,quantum,1,0.5,0.5700000000000001,"{""clf__C"": 10.0}",12.358109000000695
5,quantum/HS-overlap-ref-SVM,quantum,2,0.7,0.6499999999999999,"{""clf__C"": 10.0}",12.358109000000695
5,quantum/HS-overlap-ref-SVM,quantum,3,0.5,0.505,"{""clf__C"": 10.0}",12.358109000000695
5,quantum/HS-overlap-ref-SVM,quantum,4,0.625,0.6675000000000001,"{""clf__C"": 10.0}",12.358109000000695
5,quantum/HS-overlap-ref-SVM,quantum,5,0.6,0.6125,"{""clf__C"": 10.0}",12.358109000000695
5,quantum/HS-overlap-ref-SVM,quantum,6,0.7,0.7175,"{""clf__C"": 10.0}",12.358109000000695
5,quantum/HS-overlap-ref-SVM,quantum,7,0.475,0.61,"{""clf__C"": 10.0}",12.358109000000695
5,quantum/HS-overlap-ref-SVM,quantum,8,0.525,0.485,"{""clf__C"": 10.0}",12.358109000000695
5,quantum/HS-overlap-ref-SVM,quantum,9,0.525,0.49249999999999994,"{""clf__C"": 10.0}",12.358109000000695
5,quantum/HS-overlap-ref-SVM,quantum,10,0.55,0.6074999999999999,"{""clf__C"": 10.0}",12.358109000000695
5,quantum/HS-overlap-ref-SVM,quantum,11,0.55,0.7075,"{""clf__C"": 10.0}",12.358109000000695
5,quantum/HS-overlap-ref-SVM,quantum,12,0.475,0.56,"{""clf__C"": 10.0}",12.358109000000695
5,quantum/HS-overlap-ref-SVM,quantum,13,0.675,0.7125,"{""clf__C"": 10.0}",12.358109000000695
5,quantum/HS-overlap-ref-SVM,quantum,14,0.5,0.5425,"{""clf__C"": 10.0}",12.358109000000695
5,quantum/Fidelity-ref-SVM,quantum,0,0.55,0.5675000000000001,"{""clf__C"": 10.0}",29.497034099999837
5,quantum/Fidelity-ref-SVM,quantum,1,0.575,0.6124999999999999,"{""clf__C"": 10.0}",29.497034099999837
5,quantum/Fidelity-ref-SVM,quantum,2,0.675,0.645,"{""clf__C"": 10.0}",29.497034099999837
5,quantum/Fidelity-ref-SVM,quantum,3,0.5,0.5149999999999999,"{""clf__C"": 10.0}",29.497034099999837
5,quantum/Fidelity-ref-SVM,quantum,4,0.65,0.675,"{""clf__C"": 10.0}",29.497034099999837
5,quantum/Fidelity-ref-SVM,quantum,5,0.65,0.5900000000000001,"{""clf__C"": 10.0}",29.497034099999837
5,quantum/Fidelity-ref-SVM,quantum,6,0.725,0.7575,"{""clf__C"": 10.0}",29.497034099999837
5,quantum/Fidelity-ref-SVM,quantum,7,0.575,0.6399999999999999,"{""clf__C"": 10.0}",29.497034099999837
5,quantum/Fidelity-ref-SVM,quantum,8,0.525,0.515,"{""clf__C"": 10.0}",29.497034099999837
5,quantum/Fidelity-ref-SVM,quantum,9,0.55,0.47,"{""clf__C"": 10.0}",29.497034099999837
5,quantum/Fidelity-ref-SVM,quantum,10,0.6,0.6,"{""clf__C"": 10.0}",29.497034099999837
5,quantum/Fidelity-ref-SVM,quantum,11,0.55,0.6699999999999999,"{""clf__C"": 10.0}",29.497034099999837
5,quantum/Fidelity-ref-SVM,quantum,12,0.45,0.5875,"{""clf__C"": 10.0}",29.497034099999837
5,quantum/Fidelity-ref-SVM,quantum,13,0.625,0.6699999999999999,"{""clf__C"": 10.0}",29.497034099999837
5,quantum/Fidelity-ref-SVM,quantum,14,0.525,0.5775,"{""clf__C"": 10.0}",29.497034099999837
5,quantum/HS-RBF-ref-SVM,quantum,0,0.525,0.47,"{""clf__C"": 10.0, ""clf__gamma_mult"": 1.0}",37.068906600000446
5,quantum/HS-RBF-ref-SVM,quantum,1,0.575,0.575,"{""clf__C"": 10.0, ""clf__gamma_mult"": 1.0}",37.068906600000446
5,quantum/HS-RBF-ref-SVM,quantum,2,0.6,0.5475,"{""clf__C"": 10.0, ""clf__gamma_mult"": 1.0}",37.068906600000446
5,quantum/HS-RBF-ref-SVM,quantum,3,0.55,0.465,"{""clf__C"": 10.0, ""clf__gamma_mult"": 1.0}",37.068906600000446
5,quantum/HS-RBF-ref-SVM,quantum,4,0.625,0.5974999999999999,"{""clf__C"": 10.0, ""clf__gamma_mult"": 1.0}",37.068906600000446
5,quantum/HS-RBF-ref-SVM,quantum,5,0.675,0.6375000000000001,"{""clf__C"": 10.0, ""clf__gamma_mult"": 1.0}",37.068906600000446
5,quantum/HS-RBF-ref-SVM,quantum,6,0.55,0.6275000000000001,"{""clf__C"": 10.0, ""clf__gamma_mult"": 1.0}",37.068906600000446
5,quantum/HS-RBF-ref-SVM,quantum,7,0.625,0.555,"{""clf__C"": 10.0, ""clf__gamma_mult"": 1.0}",37.068906600000446
5,quantum/HS-RBF-ref-SVM,quantum,8,0.525,0.52,"{""clf__C"": 10.0, ""clf__gamma_mult"": 1.0}",37.068906600000446
5,quantum/HS-RBF-ref-SVM,quantum,9,0.525,0.53,"{""clf__C"": 10.0, ""clf__gamma_mult"": 1.0}",37.068906600000446
5,quantum/HS-RBF-ref-SVM,quantum,10,0.45,0.5149999999999999,"{""clf__C"": 10.0, ""clf__gamma_mult"": 1.0}",37.068906600000446
5,quantum/HS-RBF-ref-SVM,quantum,11,0.475,0.5774999999999999,"{""clf__C"": 10.0, ""clf__gamma_mult"": 1.0}",37.068906600000446
5,quantum/HS-RBF-ref-SVM,quantum,12,0.55,0.5175,"{""clf__C"": 10.0, ""clf__gamma_mult"": 1.0}",37.068906600000446
5,quantum/HS-RBF-ref-SVM,quantum,13,0.5,0.525,"{""clf__C"": 10.0, ""clf__gamma_mult"": 1.0}",37.068906600000446
5,quantum/HS-RBF-ref-SVM,quantum,14,0.425,0.4325,"{""clf__C"": 10.0, ""clf__gamma_mult"": 1.0}",37.068906600000446
5,quantum/Bures-RBF-ref-SVM,quantum,0,0.525,0.475,"{""clf__C"": 10.0, ""clf__gamma_mult"": 1.0}",76.56562550000035
5,quantum/Bures-RBF-ref-SVM,quantum,1,0.575,0.6125,"{""clf__C"": 10.0, ""clf__gamma_mult"": 1.0}",76.56562550000035
5,quantum/Bures-RBF-ref-SVM,quantum,2,0.55,0.5449999999999999,"{""clf__C"": 10.0, ""clf__gamma_mult"": 1.0}",76.56562550000035
5,quantum/Bures-RBF-ref-SVM,quantum,3,0.55,0.4975,"{""clf__C"": 10.0, ""clf__gamma_mult"": 1.0}",76.56562550000035
5,quantum/Bures-RBF-ref-SVM,quantum,4,0.575,0.615,"{""clf__C"": 10.0, ""clf__gamma_mult"": 1.0}",76.56562550000035
5,quantum/Bures-RBF-ref-SVM,quantum,5,0.625,0.6225,"{""clf__C"": 10.0, ""clf__gamma_mult"": 1.0}",76.56562550000035
5,quantum/Bures-RBF-ref-SVM,quantum,6,0.575,0.605,"{""clf__C"": 10.0, ""clf__gamma_mult"": 1.0}",76.56562550000035
5,quantum/Bures-RBF-ref-SVM,quantum,7,0.625,0.5700000000000001,"{""clf__C"": 10.0, ""clf__gamma_mult"": 1.0}",76.56562550000035
5,quantum/Bures-RBF-ref-SVM,quantum,8,0.5,0.49500000000000005,"{""clf__C"": 10.0, ""clf__gamma_mult"": 1.0}",76.56562550000035
5,quantum/Bures-RBF-ref-SVM,quantum,9,0.5,0.5399999999999999,"{""clf__C"": 10.0, ""clf__gamma_mult"": 1.0}",76.56562550000035
5,quantum/Bures-RBF-ref-SVM,quantum,10,0.425,0.5025,"{""clf__C"": 10.0, ""clf__gamma_mult"": 1.0}",76.56562550000035
5,quantum/Bures-RBF-ref-SVM,quantum,11,0.55,0.5875,"{""clf__C"": 10.0, ""clf__gamma_mult"": 1.0}",76.56562550000035
5,quantum/Bures-RBF-ref-SVM,quantum,12,0.5,0.515,"{""clf__C"": 10.0, ""clf__gamma_mult"": 1.0}",76.56562550000035
5,quantum/Bures-RBF-ref-SVM,quantum,13,0.525,0.5349999999999999,"{""clf__C"": 10.0, ""clf__gamma_mult"": 1.0}",76.56562550000035
5,quantum/Bures-RBF-ref-SVM,quantum,14,0.45,0.45999999999999996,"{""clf__C"": 10.0, ""clf__gamma_mult"": 1.0}",76.56562550000035
5,quantum/QRE-RBF-SVM,quantum,0,0.525,0.51,"{""clf__C"": 10.0, ""clf__gamma_mult"": 1.0}",39.14923110000018
5,quantum/QRE-RBF-SVM,quantum,1,0.575,0.5475000000000001,"{""clf__C"": 10.0, ""clf__gamma_mult"": 1.0}",39.14923110000018
5,quantum/QRE-RBF-SVM,quantum,2,0.625,0.57,"{""clf__C"": 10.0, ""clf__gamma_mult"": 4.0}",39.14923110000018
5,quantum/QRE-RBF-SVM,quantum,3,0.525,0.46,"{""clf__C"": 10.0, ""clf__gamma_mult"": 1.0}",39.14923110000018
5,quantum/QRE-RBF-SVM,quantum,4,0.55,0.5825,"{""clf__C"": 10.0, ""clf__gamma_mult"": 4.0}",39.14923110000018
5,quantum/QRE-RBF-SVM,quantum,5,0.575,0.625,"{""clf__C"": 10.0, ""clf__gamma_mult"": 1.0}",39.14923110000018
5,quantum/QRE-RBF-SVM,quantum,6,0.575,0.5825,"{""clf__C"": 10.0, ""clf__gamma_mult"": 1.0}",39.14923110000018
5,quantum/QRE-RBF-SVM,quantum,7,0.55,0.57,"{""clf__C"": 10.0, ""clf__gamma_mult"": 1.0}",39.14923110000018
5,quantum/QRE-RBF-SVM,quantum,8,0.5,0.545,"{""clf__C"": 10.0, ""clf__gamma_mult"": 1.0}",39.14923110000018
5,quantum/QRE-RBF-SVM,quantum,9,0.65,0.6074999999999999,"{""clf__C"": 10.0, ""clf__gamma_mult"": 1.0}",39.14923110000018
5,quantum/QRE-RBF-SVM,quantum,10,0.55,0.49,"{""clf__C"": 10.0, ""clf__gamma_mult"": 4.0}",39.14923110000018
5,quantum/QRE-RBF-SVM,quantum,11,0.45,0.5149999999999999,"{""clf__C"": 10.0, ""clf__gamma_mult"": 1.0}",39.14923110000018
5,quantum/QRE-RBF-SVM,quantum,12,0.525,0.5425,"{""clf__C"": 10.0, ""clf__gamma_mult"": 1.0}",39.14923110000018
5,quantum/QRE-RBF-SVM,quantum,13,0.575,0.585,"{""clf__C"": 10.0, ""clf__gamma_mult"": 4.0}",39.14923110000018
5,quantum/QRE-RBF-SVM,quantum,14,0.525,0.51,"{""clf__C"": 10.0, ""clf__gamma_mult"": 1.0}",39.14923110000018
5,quantum/QRE-RBF-ref-SVM,quantum,0,0.525,0.4825,"{""clf__C"": 10.0, ""clf__gamma_mult"": 1.0}",42.697211400000015
5,quantum/QRE-RBF-ref-SVM,quantum,1,0.575,0.6000000000000001,"{""clf__C"": 10.0, ""clf__gamma_mult"": 1.0}",42.697211400000015
5,quantum/QRE-RBF-ref-SVM,quantum,2,0.55,0.5375,"{""clf__C"": 10.0, ""clf__gamma_mult"": 1.0}",42.697211400000015
5,quantum/QRE-RBF-ref-SVM,quantum,3,0.575,0.4775,"{""clf__C"": 10.0, ""clf__gamma_mult"": 1.0}",42.697211400000015
5,quantum/QRE-RBF-ref-SVM,quantum,4,0.575,0.615,"{""clf__C"": 10.0, ""clf__gamma_mult"": 1.0}",42.697211400000015
5,quantum/QRE-RBF-ref-SVM,quantum,5,0.65,0.6275000000000001,"{""clf__C"": 10.0, ""clf__gamma_mult"": 1.0}",42.697211400000015
5,quantum/QRE-RBF-ref-SVM,quantum,6,0.575,0.615,"{""clf__C"": 10.0, ""clf__gamma_mult"": 1.0}",42.697211400000015
5,quantum/QRE-RBF-ref-SVM,quantum,7,0.625,0.5675,"{""clf__C"": 10.0, ""clf__gamma_mult"": 1.0}",42.697211400000015
5,quantum/QRE-RBF-ref-SVM,quantum,8,0.525,0.49,"{""clf__C"": 10.0, ""clf__gamma_mult"": 1.0}",42.697211400000015
5,quantum/QRE-RBF-ref-SVM,quantum,9,0.525,0.5425,"{""clf__C"": 10.0, ""clf__gamma_mult"": 1.0}",42.697211400000015
5,quantum/QRE-RBF-ref-SVM,quantum,10,0.45,0.505,"{""clf__C"": 10.0, ""clf__gamma_mult"": 1.0}",42.697211400000015
5,quantum/QRE-RBF-ref-SVM,quantum,11,0.525,0.5725,"{""clf__C"": 10.0, ""clf__gamma_mult"": 1.0}",42.697211400000015
5,quantum/QRE-RBF-ref-SVM,quantum,12,0.525,0.5125,"{""clf__C"": 10.0, ""clf__gamma_mult"": 1.0}",42.697211400000015
5,quantum/QRE-RBF-ref-SVM,quantum,13,0.525,0.5449999999999999,"{""clf__C"": 10.0, ""clf__gamma_mult"": 1.0}",42.697211400000015
5,quantum/QRE-RBF-ref-SVM,quantum,14,0.5,0.44499999999999995,"{""clf__C"": 10.0, ""clf__gamma_mult"": 1.0}",42.697211400000015
5,quantum/IQP-kernel-SVM,quantum,0,0.35,0.3825,"{""clf__C"": 10.0, ""clf__scale"": 2.0}",38.7848297999999
5,quantum/IQP-kernel-SVM,quantum,1,0.425,0.495,"{""clf__C"": 10.0, ""clf__scale"": 2.0}",38.7848297999999
5,quantum/IQP-kernel-SVM,quantum,2,0.5,0.515,"{""clf__C"": 10.0, ""clf__scale"": 2.0}",38.7848297999999
5,quantum/IQP-kernel-SVM,quantum,3,0.45,0.5325,"{""clf__C"": 10.0, ""clf__scale"": 2.0}",38.7848297999999
5,quantum/IQP-kernel-SVM,quantum,4,0.6,0.5525,"{""clf__C"": 10.0, ""clf__scale"": 2.0}",38.7848297999999
5,quantum/IQP-kernel-SVM,quantum,5,0.375,0.36250000000000004,"{""clf__C"": 10.0, ""clf__scale"": 2.0}",38.7848297999999
5,quantum/IQP-kernel-SVM,quantum,6,0.425,0.47000000000000003,"{""clf__C"": 10.0, ""clf__scale"": 2.0}",38.7848297999999
5,quantum/IQP-kernel-SVM,quantum,7,0.475,0.505,"{""clf__C"": 10.0, ""clf__scale"": 2.0}",38.7848297999999
5,quantum/IQP-kernel-SVM,quantum,8,0.425,0.41000000000000003,"{""clf__C"": 10.0, ""clf__scale"": 2.0}",38.7848297999999
5,quantum/IQP-kernel-SVM,quantum,9,0.45,0.3425,"{""clf__C"": 10.0, ""clf__scale"": 2.0}",38.7848297999999
5,quantum/IQP-kernel-SVM,quantum,10,0.3,0.2475,"{""clf__C"": 10.0, ""clf__scale"": 2.0}",38.7848297999999
5,quantum/IQP-kernel-SVM,quantum,11,0.575,0.5675,"{""clf__C"": 10.0, ""clf__scale"": 2.0}",38.7848297999999
5,quantum/IQP-kernel-SVM,quantum,12,0.525,0.6124999999999999,"{""clf__C"": 10.0, ""clf__scale"": 2.0}",38.7848297999999
5,quantum/IQP-kernel-SVM,quantum,13,0.425,0.35250000000000004,"{""clf__C"": 10.0, ""clf__scale"": 2.0}",38.7848297999999
5,quantum/IQP-kernel-SVM,quantum,14,0.425,0.43500000000000005,"{""clf__C"": 10.0, ""clf__scale"": 2.0}",38.7848297999999
5,quantum/CNOT-kernel-SVM,quantum,0,0.5,0.48250000000000004,"{""clf__C"": 10.0, ""clf__scale"": 2.0}",36.95156640000005
5,quantum/CNOT-kernel-SVM,quantum,1,0.55,0.63,"{""clf__C"": 10.0, ""clf__scale"": 2.0}",36.95156640000005
5,quantum/CNOT-kernel-SVM,quantum,2,0.5,0.4425,"{""clf__C"": 10.0, ""clf__scale"": 2.0}",36.95156640000005
5,quantum/CNOT-kernel-SVM,quantum,3,0.375,0.3875,"{""clf__C"": 10.0, ""clf__scale"": 2.0}",36.95156640000005
5,quantum/CNOT-kernel-SVM,quantum,4,0.5,0.5349999999999999,"{""clf__C"": 10.0, ""clf__scale"": 2.0}",36.95156640000005
5,quantum/CNOT-kernel-SVM,quantum,5,0.475,0.43,"{""clf__C"": 10.0, ""clf__scale"": 2.0}",36.95156640000005
5,quantum/CNOT-kernel-SVM,quantum,6,0.425,0.47,"{""clf__C"": 10.0, ""clf__scale"": 2.0}",36.95156640000005
5,quantum/CNOT-kernel-SVM,quantum,7,0.525,0.6100000000000001,"{""clf__C"": 10.0, ""clf__scale"": 2.0}",36.95156640000005
5,quantum/CNOT-kernel-SVM,quantum,8,0.475,0.525,"{""clf__C"": 10.0, ""clf__scale"": 2.0}",36.95156640000005
5,quantum/CNOT-kernel-SVM,quantum,9,0.625,0.6799999999999999,"{""clf__C"": 10.0, ""clf__scale"": 2.0}",36.95156640000005
5,quantum/CNOT-kernel-SVM,quantum,10,0.45,0.4175,"{""clf__C"": 10.0, ""clf__scale"": 2.0}",36.95156640000005
5,quantum/CNOT-kernel-SVM,quantum,11,0.45,0.45,"{""clf__C"": 10.0, ""clf__scale"": 2.0}",36.95156640000005
5,quantum/CNOT-kernel-SVM,quantum,12,0.55,0.54,"{""clf__C"": 10.0, ""clf__scale"": 2.0}",36.95156640000005
5,quantum/CNOT-kernel-SVM,quantum,13,0.625,0.6375,"{""clf__C"": 10.0, ""clf__scale"": 2.0}",36.95156640000005
5,quantum/CNOT-kernel-SVM,quantum,14,0.425,0.45,"{""clf__C"": 10.0, ""clf__scale"": 2.0}",36.95156640000005
5,control/IQP-no-entangle,control,0,0.425,0.4275,"{""clf__C"": 10.0, ""clf__scale"": 2.0}",39.73598589999983
5,control/IQP-no-entangle,control,1,0.55,0.5475,"{""clf__C"": 10.0, ""clf__scale"": 2.0}",39.73598589999983
5,control/IQP-no-entangle,control,2,0.475,0.49750000000000005,"{""clf__C"": 10.0, ""clf__scale"": 2.0}",39.73598589999983
5,control/IQP-no-entangle,control,3,0.625,0.5475,"{""clf__C"": 10.0, ""clf__scale"": 2.0}",39.73598589999983
5,control/IQP-no-entangle,control,4,0.575,0.5325,"{""clf__C"": 10.0, ""clf__scale"": 2.0}",39.73598589999983
5,control/IQP-no-entangle,control,5,0.525,0.5,"{""clf__C"": 10.0, ""clf__scale"": 2.0}",39.73598589999983
5,control/IQP-no-entangle,control,6,0.7,0.6725,"{""clf__C"": 10.0, ""clf__scale"": 2.0}",39.73598589999983
5,control/IQP-no-entangle,control,7,0.45,0.5049999999999999,"{""clf__C"": 10.0, ""clf__scale"": 2.0}",39.73598589999983
5,control/IQP-no-entangle,control,8,0.425,0.3125,"{""clf__C"": 10.0, ""clf__scale"": 2.0}",39.73598589999983
5,control/IQP-no-entangle,control,9,0.5,0.53,"{""clf__C"": 10.0, ""clf__scale"": 2.0}",39.73598589999983
5,control/IQP-no-entangle,control,10,0.4,0.4475,"{""clf__C"": 10.0, ""clf__scale"": 2.0}",39.73598589999983
5,control/IQP-no-entangle,control,11,0.45,0.42000000000000004,"{""clf__C"": 10.0, ""clf__scale"": 2.0}",39.73598589999983
5,control/IQP-no-entangle,control,12,0.575,0.535,"{""clf__C"": 10.0, ""clf__scale"": 2.0}",39.73598589999983
5,control/IQP-no-entangle,control,13,0.4,0.37000000000000005,"{""clf__C"": 10.0, ""clf__scale"": 2.0}",39.73598589999983
5,control/IQP-no-entangle,control,14,0.475,0.48,"{""clf__C"": 10.0, ""clf__scale"": 2.0}",39.73598589999983
5,control/PCA-matched-RBF,control,0,0.6,0.6174999999999999,"{""clf__C"": 0.1, ""clf__gamma"": 0.01}",39.48524459999953
5,control/PCA-matched-RBF,control,1,0.625,0.665,"{""clf__C"": 0.1, ""clf__gamma"": 0.01}",39.48524459999953
5,control/PCA-matched-RBF,control,2,0.525,0.5774999999999999,"{""clf__C"": 0.1, ""clf__gamma"": 0.01}",39.48524459999953
5,control/PCA-matched-RBF,control,3,0.475,0.6275000000000001,"{""clf__C"": 10.0, ""clf__gamma"": 0.01}",39.48524459999953
5,control/PCA-matched-RBF,control,4,0.475,0.5825,"{""clf__C"": 10.0, ""clf__gamma"": 0.1}",39.48524459999953
5,control/PCA-matched-RBF,control,5,0.55,0.5875,"{""clf__C"": 10.0, ""clf__gamma"": 0.01}",39.48524459999953
5,control/PCA-matched-RBF,control,6,0.575,0.685,"{""clf__C"": 0.1, ""clf__gamma"": 0.01}",39.48524459999953
5,control/PCA-matched-RBF,control,7,0.6,0.5975,"{""clf__C"": 0.1, ""clf__gamma"": 0.01}",39.48524459999953
5,control/PCA-matched-RBF,control,8,0.5,0.51,"{""clf__C"": 10.0, ""clf__gamma"": 0.01}",39.48524459999953
5,control/PCA-matched-RBF,control,9,0.475,0.5075000000000001,"{""clf__C"": 0.1, ""clf__gamma"": 0.01}",39.48524459999953
5,control/PCA-matched-RBF,control,10,0.5,0.44249999999999995,"{""clf__C"": 1.0, ""clf__gamma"": ""scale""}",39.48524459999953
5,control/PCA-matched-RBF,control,11,0.55,0.6025,"{""clf__C"": 10.0, ""clf__gamma"": 0.01}",39.48524459999953
5,control/PCA-matched-RBF,control,12,0.675,0.6799999999999999,"{""clf__C"": 0.1, ""clf__gamma"": 0.1}",39.48524459999953
5,control/PCA-matched-RBF,control,13,0.5,0.5875,"{""clf__C"": 1.0, ""clf__gamma"": 0.1}",39.48524459999953
5,control/PCA-matched-RBF,control,14,0.575,0.615,"{""clf__C"": 10.0, ""clf__gamma"": 0.1}",39.48524459999953
5,control/PCA-matched-linear,control,0,0.575,0.59,"{""clf__C"": 0.1}",13.737191000000166
5,control/PCA-matched-linear,control,1,0.625,0.6675,"{""clf__C"": 0.1}",13.737191000000166
5,control/PCA-matched-linear,control,2,0.55,0.5700000000000001,"{""clf__C"": 0.1}",13.737191000000166
5,control/PCA-matched-linear,control,3,0.5,0.6225,"{""clf__C"": 0.1}",13.737191000000166
5,control/PCA-matched-linear,control,4,0.575,0.585,"{""clf__C"": 1.0}",13.737191000000166
5,control/PCA-matched-linear,control,5,0.55,0.585,"{""clf__C"": 1.0}",13.737191000000166
5,control/PCA-matched-linear,control,6,0.625,0.6975,"{""clf__C"": 10.0}",13.737191000000166
5,control/PCA-matched-linear,control,7,0.55,0.6225,"{""clf__C"": 0.1}",13.737191000000166
5,control/PCA-matched-linear,control,8,0.6,0.5375,"{""clf__C"": 1.0}",13.737191000000166
5,control/PCA-matched-linear,control,9,0.475,0.4975,"{""clf__C"": 10.0}",13.737191000000166
5,control/PCA-matched-linear,control,10,0.575,0.555,"{""clf__C"": 0.1}",13.737191000000166
5,control/PCA-matched-linear,control,11,0.55,0.5925,"{""clf__C"": 1.0}",13.737191000000166
5,control/PCA-matched-linear,control,12,0.675,0.6950000000000001,"{""clf__C"": 10.0}",13.737191000000166
5,control/PCA-matched-linear,control,13,0.475,0.6100000000000001,"{""clf__C"": 1.0}",13.737191000000166
5,control/PCA-matched-linear,control,14,0.675,0.7125,"{""clf__C"": 10.0}",13.737191000000166
5,control/logeuclid-TS+LR,control,0,0.575,0.5725,"{""clf__C"": 10.0}",12.46471769999971
5,control/logeuclid-TS+LR,control,1,0.625,0.6475,"{""clf__C"": 0.1}",12.46471769999971
5,control/logeuclid-TS+LR,control,2,0.55,0.63,"{""clf__C"": 0.1}",12.46471769999971
5,control/logeuclid-TS+LR,control,3,0.475,0.5125,"{""clf__C"": 10.0}",12.46471769999971
5,control/logeuclid-TS+LR,control,4,0.6,0.6275,"{""clf__C"": 0.1}",12.46471769999971
5,control/logeuclid-TS+LR,control,5,0.525,0.5825,"{""clf__C"": 0.1}",12.46471769999971
5,control/logeuclid-TS+LR,control,6,0.675,0.73,"{""clf__C"": 10.0}",12.46471769999971
5,control/logeuclid-TS+LR,control,7,0.6,0.6375,"{""clf__C"": 0.1}",12.46471769999971
5,control/logeuclid-TS+LR,control,8,0.45,0.445,"{""clf__C"": 1.0}",12.46471769999971
5,control/logeuclid-TS+LR,control,9,0.425,0.43749999999999994,"{""clf__C"": 0.1}",12.46471769999971
5,control/logeuclid-TS+LR,control,10,0.55,0.635,"{""clf__C"": 1.0}",12.46471769999971
5,control/logeuclid-TS+LR,control,11,0.45,0.6025,"{""clf__C"": 0.1}",12.46471769999971
5,control/logeuclid-TS+LR,control,12,0.5,0.5525,"{""clf__C"": 10.0}",12.46471769999971
5,control/logeuclid-TS+LR,control,13,0.525,0.6000000000000001,"{""clf__C"": 1.0}",12.46471769999971
5,control/logeuclid-TS+LR,control,14,0.575,0.6,"{""clf__C"": 10.0}",12.46471769999971
5,control/riemann-kernel-SVM,control,0,0.6,0.5874999999999999,"{""clf__C"": 10.0}",14.005192599999646
5,control/riemann-kernel-SVM,control,1,0.5,0.5175,"{""clf__C"": 10.0}",14.005192599999646
5,control/riemann-kernel-SVM,control,2,0.675,0.675,"{""clf__C"": 10.0}",14.005192599999646
5,control/riemann-kernel-SVM,control,3,0.6,0.57,"{""clf__C"": 10.0}",14.005192599999646
5,control/riemann-kernel-SVM,control,4,0.625,0.6799999999999999,"{""clf__C"": 10.0}",14.005192599999646
5,control/riemann-kernel-SVM,control,5,0.575,0.605,"{""clf__C"": 10.0}",14.005192599999646
5,control/riemann-kernel-SVM,control,6,0.525,0.6325,"{""clf__C"": 10.0}",14.005192599999646
5,control/riemann-kernel-SVM,control,7,0.575,0.6375,"{""clf__C"": 10.0}",14.005192599999646
5,control/riemann-kernel-SVM,control,8,0.475,0.4625,"{""clf__C"": 10.0}",14.005192599999646
5,control/riemann-kernel-SVM,control,9,0.525,0.5349999999999999,"{""clf__C"": 10.0}",14.005192599999646
5,control/riemann-kernel-SVM,control,10,0.6,0.6525000000000001,"{""clf__C"": 10.0}",14.005192599999646
5,control/riemann-kernel-SVM,control,11,0.625,0.6875,"{""clf__C"": 10.0}",14.005192599999646
5,control/riemann-kernel-SVM,control,12,0.525,0.55,"{""clf__C"": 10.0}",14.005192599999646
5,control/riemann-kernel-SVM,control,13,0.525,0.6124999999999999,"{""clf__C"": 10.0}",14.005192599999646
5,control/riemann-kernel-SVM,control,14,0.55,0.55,"{""clf__C"": 10.0}",14.005192599999646
5,control/logeuclid-kernel-SVM,control,0,0.475,0.545,"{""clf__C"": 10.0}",13.663114099999802
5,control/logeuclid-kernel-SVM,control,1,0.5,0.52,"{""clf__C"": 10.0}",13.663114099999802
5,control/logeuclid-kernel-SVM,control,2,0.65,0.6799999999999999,"{""clf__C"": 10.0}",13.663114099999802
5,control/logeuclid-kernel-SVM,control,3,0.6,0.5874999999999999,"{""clf__C"": 10.0}",13.663114099999802
5,control/logeuclid-kernel-SVM,control,4,0.625,0.6774999999999999,"{""clf__C"": 10.0}",13.663114099999802
5,control/logeuclid-kernel-SVM,control,5,0.575,0.6000000000000001,"{""clf__C"": 10.0}",13.663114099999802
5,control/logeuclid-kernel-SVM,control,6,0.55,0.645,"{""clf__C"": 10.0}",13.663114099999802
5,control/logeuclid-kernel-SVM,control,7,0.5,0.6375,"{""clf__C"": 10.0}",13.663114099999802
5,control/logeuclid-kernel-SVM,control,8,0.5,0.47,"{""clf__C"": 10.0}",13.663114099999802
5,control/logeuclid-kernel-SVM,control,9,0.525,0.5225000000000001,"{""clf__C"": 10.0}",13.663114099999802
5,control/logeuclid-kernel-SVM,control,10,0.625,0.6499999999999999,"{""clf__C"": 10.0}",13.663114099999802
5,control/logeuclid-kernel-SVM,control,11,0.65,0.6799999999999999,"{""clf__C"": 10.0}",13.663114099999802
5,control/logeuclid-kernel-SVM,control,12,0.525,0.5700000000000001,"{""clf__C"": 10.0}",13.663114099999802
5,control/logeuclid-kernel-SVM,control,13,0.5,0.6075,"{""clf__C"": 10.0}",13.663114099999802
5,control/logeuclid-kernel-SVM,control,14,0.475,0.5625,"{""clf__C"": 10.0}",13.663114099999802
6,classical/logvar+LDA,classical,0,0.475,0.565,{},0.14581769999949756
6,classical/logvar+LDA,classical,1,0.575,0.585,{},0.14581769999949756
6,classical/logvar+LDA,classical,2,0.575,0.6174999999999999,{},0.14581769999949756
6,classical/logvar+LDA,classical,3,0.5,0.5675,{},0.14581769999949756
6,classical/logvar+LDA,classical,4,0.675,0.7325,{},0.14581769999949756
6,classical/logvar+LDA,classical,5,0.625,0.6900000000000001,{},0.14581769999949756
6,classical/logvar+LDA,classical,6,0.55,0.585,{},0.14581769999949756
6,classical/logvar+LDA,classical,7,0.475,0.5375000000000001,{},0.14581769999949756
6,classical/logvar+LDA,classical,8,0.675,0.7199999999999999,{},0.14581769999949756
6,classical/logvar+LDA,classical,9,0.425,0.4125,{},0.14581769999949756
6,classical/logvar+LDA,classical,10,0.525,0.5325,{},0.14581769999949756
6,classical/logvar+LDA,classical,11,0.525,0.575,{},0.14581769999949756
6,classical/logvar+LDA,classical,12,0.6,0.6900000000000001,{},0.14581769999949756
6,classical/logvar+LDA,classical,13,0.5,0.53,{},0.14581769999949756
6,classical/logvar+LDA,classical,14,0.525,0.4525,{},0.14581769999949756
6,classical/CSP+LDA,classical,0,0.575,0.5625,"{""csp__nfilter"": 2}",11.045388499999717
6,classical/CSP+LDA,classical,1,0.575,0.6075,"{""csp__nfilter"": 2}",11.045388499999717
6,classical/CSP+LDA,classical,2,0.625,0.6475,"{""csp__nfilter"": 4}",11.045388499999717
6,classical/CSP+LDA,classical,3,0.625,0.7600000000000001,"{""csp__nfilter"": 6}",11.045388499999717
6,classical/CSP+LDA,classical,4,0.725,0.8075000000000001,"{""csp__nfilter"": 6}",11.045388499999717
6,classical/CSP+LDA,classical,5,0.675,0.6825,"{""csp__nfilter"": 6}",11.045388499999717
6,classical/CSP+LDA,classical,6,0.575,0.5575,"{""csp__nfilter"": 2}",11.045388499999717
6,classical/CSP+LDA,classical,7,0.45,0.52,"{""csp__nfilter"": 2}",11.045388499999717
6,classical/CSP+LDA,classical,8,0.675,0.695,"{""csp__nfilter"": 6}",11.045388499999717
6,classical/CSP+LDA,classical,9,0.5,0.56,"{""csp__nfilter"": 4}",11.045388499999717
6,classical/CSP+LDA,classical,10,0.625,0.6625,"{""csp__nfilter"": 2}",11.045388499999717
6,classical/CSP+LDA,classical,11,0.575,0.5225,"{""csp__nfilter"": 2}",11.045388499999717
6,classical/CSP+LDA,classical,12,0.7,0.7175,"{""csp__nfilter"": 6}",11.045388499999717
6,classical/CSP+LDA,classical,13,0.5,0.5425,"{""csp__nfilter"": 2}",11.045388499999717
6,classical/CSP+LDA,classical,14,0.525,0.565,"{""csp__nfilter"": 4}",11.045388499999717
6,classical/MDM,classical,0,0.575,0.585,{},1.3990734999997585
6,classical/MDM,classical,1,0.525,0.6025,{},1.3990734999997585
6,classical/MDM,classical,2,0.6,0.6825,{},1.3990734999997585
6,classical/MDM,classical,3,0.675,0.6724999999999999,{},1.3990734999997585
6,classical/MDM,classical,4,0.65,0.6775,{},1.3990734999997585
6,classical/MDM,classical,5,0.725,0.7675,{},1.3990734999997585
6,classical/MDM,classical,6,0.55,0.5475,{},1.3990734999997585
6,classical/MDM,classical,7,0.5,0.55,{},1.3990734999997585
6,classical/MDM,classical,8,0.725,0.7175,{},1.3990734999997585
6,classical/MDM,classical,9,0.55,0.5825,{},1.3990734999997585
6,classical/MDM,classical,10,0.725,0.7275,{},1.3990734999997585
6,classical/MDM,classical,11,0.6,0.56,{},1.3990734999997585
6,classical/MDM,classical,12,0.725,0.6525,{},1.3990734999997585
6,classical/MDM,classical,13,0.55,0.56,{},1.3990734999997585
6,classical/MDM,classical,14,0.575,0.5875,{},1.3990734999997585
6,classical/TS+LR,classical,0,0.55,0.6124999999999999,"{""clf__C"": 0.1}",12.755648500000461
6,classical/TS+LR,classical,1,0.575,0.625,"{""clf__C"": 0.1}",12.755648500000461
6,classical/TS+LR,classical,2,0.65,0.7274999999999999,"{""clf__C"": 0.1}",12.755648500000461
6,classical/TS+LR,classical,3,0.625,0.7050000000000001,"{""clf__C"": 0.1}",12.755648500000461
6,classical/TS+LR,classical,4,0.6,0.6900000000000001,"{""clf__C"": 0.1}",12.755648500000461
6,classical/TS+LR,classical,5,0.675,0.7449999999999999,"{""clf__C"": 0.1}",12.755648500000461
6,classical/TS+LR,classical,6,0.625,0.6775,"{""clf__C"": 0.1}",12.755648500000461
6,classical/TS+LR,classical,7,0.6,0.585,"{""clf__C"": 0.1}",12.755648500000461
6,classical/TS+LR,classical,8,0.675,0.6575,"{""clf__C"": 0.1}",12.755648500000461
6,classical/TS+LR,classical,9,0.625,0.6300000000000001,"{""clf__C"": 0.1}",12.755648500000461
6,classical/TS+LR,classical,10,0.575,0.6625,"{""clf__C"": 0.1}",12.755648500000461
6,classical/TS+LR,classical,11,0.575,0.635,"{""clf__C"": 0.1}",12.755648500000461
6,classical/TS+LR,classical,12,0.725,0.735,"{""clf__C"": 0.1}",12.755648500000461
6,classical/TS+LR,classical,13,0.625,0.6575000000000001,"{""clf__C"": 0.1}",12.755648500000461
6,classical/TS+LR,classical,14,0.575,0.5800000000000001,"{""clf__C"": 0.1}",12.755648500000461
6,classical/TS+RBF-SVM,classical,0,0.525,0.6174999999999999,"{""clf__C"": 0.1, ""clf__gamma"": ""scale""}",34.99066099999982
6,classical/TS+RBF-SVM,classical,1,0.625,0.59,"{""clf__C"": 1.0, ""clf__gamma"": 0.01}",34.99066099999982
6,classical/TS+RBF-SVM,classical,2,0.7,0.75,"{""clf__C"": 1.0, ""clf__gamma"": ""scale""}",34.99066099999982
6,classical/TS+RBF-SVM,classical,3,0.625,0.735,"{""clf__C"": 0.1, ""clf__gamma"": 0.01}",34.99066099999982
6,classical/TS+RBF-SVM,classical,4,0.625,0.7275,"{""clf__C"": 1.0, ""clf__gamma"": ""scale""}",34.99066099999982
6,classical/TS+RBF-SVM,classical,5,0.675,0.7275,"{""clf__C"": 0.1, ""clf__gamma"": 0.1}",34.99066099999982
6,classical/TS+RBF-SVM,classical,6,0.625,0.6475,"{""clf__C"": 1.0, ""clf__gamma"": 0.01}",34.99066099999982
6,classical/TS+RBF-SVM,classical,7,0.55,0.59,"{""clf__C"": 1.0, ""clf__gamma"": 0.01}",34.99066099999982
6,classical/TS+RBF-SVM,classical,8,0.725,0.69,"{""clf__C"": 1.0, ""clf__gamma"": 0.01}",34.99066099999982
6,classical/TS+RBF-SVM,classical,9,0.6,0.6575,"{""clf__C"": 1.0, ""clf__gamma"": ""scale""}",34.99066099999982
6,classical/TS+RBF-SVM,classical,10,0.675,0.7025000000000001,"{""clf__C"": 1.0, ""clf__gamma"": ""scale""}",34.99066099999982
6,classical/TS+RBF-SVM,classical,11,0.55,0.6224999999999999,"{""clf__C"": 0.1, ""clf__gamma"": 0.01}",34.99066099999982
6,classical/TS+RBF-SVM,classical,12,0.6,0.725,"{""clf__C"": 1.0, ""clf__gamma"": ""scale""}",34.99066099999982
6,classical/TS+RBF-SVM,classical,13,0.65,0.6825,"{""clf__C"": 1.0, ""clf__gamma"": 0.1}",34.99066099999982
6,classical/TS+RBF-SVM,classical,14,0.625,0.6725,"{""clf__C"": 0.1, ""clf__gamma"": 0.01}",34.99066099999982
6,quantum/HS-overlap-SVM,quantum,0,0.425,0.47,"{""clf__C"": 0.1}",10.736130700000103
6,quantum/HS-overlap-SVM,quantum,1,0.525,0.535,"{""clf__C"": 0.1}",10.736130700000103
6,quantum/HS-overlap-SVM,quantum,2,0.625,0.5475,"{""clf__C"": 0.1}",10.736130700000103
6,quantum/HS-overlap-SVM,quantum,3,0.6,0.56,"{""clf__C"": 0.1}",10.736130700000103
6,quantum/HS-overlap-SVM,quantum,4,0.475,0.5349999999999999,"{""clf__C"": 0.1}",10.736130700000103
6,quantum/HS-overlap-SVM,quantum,5,0.575,0.52,"{""clf__C"": 0.1}",10.736130700000103
6,quantum/HS-overlap-SVM,quantum,6,0.4,0.3775,"{""clf__C"": 0.1}",10.736130700000103
6,quantum/HS-overlap-SVM,quantum,7,0.475,0.5325,"{""clf__C"": 0.1}",10.736130700000103
6,quantum/HS-overlap-SVM,quantum,8,0.525,0.5599999999999999,"{""clf__C"": 0.1}",10.736130700000103
6,quantum/HS-overlap-SVM,quantum,9,0.275,0.3025,"{""clf__C"": 0.1}",10.736130700000103
6,quantum/HS-overlap-SVM,quantum,10,0.525,0.47,"{""clf__C"": 0.1}",10.736130700000103
6,quantum/HS-overlap-SVM,quantum,11,0.55,0.47,"{""clf__C"": 0.1}",10.736130700000103
6,quantum/HS-overlap-SVM,quantum,12,0.575,0.5675,"{""clf__C"": 0.1}",10.736130700000103
6,quantum/HS-overlap-SVM,quantum,13,0.475,0.39999999999999997,"{""clf__C"": 0.1}",10.736130700000103
6,quantum/HS-overlap-SVM,quantum,14,0.55,0.55,"{""clf__C"": 0.1}",10.736130700000103
6,quantum/Fidelity-SVM,quantum,0,0.525,0.5325,"{""clf__C"": 0.1}",23.453253900000163
6,quantum/Fidelity-SVM,quantum,1,0.625,0.5725,"{""clf__C"": 0.1}",23.453253900000163
6,quantum/Fidelity-SVM,quantum,2,0.65,0.64,"{""clf__C"": 0.1}",23.453253900000163
6,quantum/Fidelity-SVM,quantum,3,0.625,0.5925,"{""clf__C"": 0.1}",23.453253900000163
6,quantum/Fidelity-SVM,quantum,4,0.625,0.6225,"{""clf__C"": 0.1}",23.453253900000163
6,quantum/Fidelity-SVM,quantum,5,0.625,0.6125,"{""clf__C"": 0.1}",23.453253900000163
6,quantum/Fidelity-SVM,quantum,6,0.475,0.51,"{""clf__C"": 0.1}",23.453253900000163
6,quantum/Fidelity-SVM,quantum,7,0.5,0.49,"{""clf__C"": 10.0}",23.453253900000163
6,quantum/Fidelity-SVM,quantum,8,0.7,0.645,"{""clf__C"": 0.1}",23.453253900000163
6,quantum/Fidelity-SVM,quantum,9,0.525,0.4175,"{""clf__C"": 0.1}",23.453253900000163
6,quantum/Fidelity-SVM,quantum,10,0.6,0.5875,"{""clf__C"": 0.1}",23.453253900000163
6,quantum/Fidelity-SVM,quantum,11,0.5,0.475,"{""clf__C"": 0.1}",23.453253900000163
6,quantum/Fidelity-SVM,quantum,12,0.475,0.54,"{""clf__C"": 0.1}",23.453253900000163
6,quantum/Fidelity-SVM,quantum,13,0.5,0.5325,"{""clf__C"": 0.1}",23.453253900000163
6,quantum/Fidelity-SVM,quantum,14,0.625,0.6075000000000002,"{""clf__C"": 0.1}",23.453253900000163
6,quantum/HS-RBF-SVM,quantum,0,0.45,0.5125,"{""clf__C"": 10.0, ""clf__gamma_mult"": 1.0}",28.965425100000175
6,quantum/HS-RBF-SVM,quantum,1,0.575,0.56,"{""clf__C"": 10.0, ""clf__gamma_mult"": 1.0}",28.965425100000175
6,quantum/HS-RBF-SVM,quantum,2,0.475,0.53,"{""clf__C"": 10.0, ""clf__gamma_mult"": 1.0}",28.965425100000175
6,quantum/HS-RBF-SVM,quantum,3,0.45,0.4925,"{""clf__C"": 10.0, ""clf__gamma_mult"": 1.0}",28.965425100000175
6,quantum/HS-RBF-SVM,quantum,4,0.5,0.5175000000000001,"{""clf__C"": 10.0, ""clf__gamma_mult"": 1.0}",28.965425100000175
6,quantum/HS-RBF-SVM,quantum,5,0.55,0.6375,"{""clf__C"": 10.0, ""clf__gamma_mult"": 1.0}",28.965425100000175
6,quantum/HS-RBF-SVM,quantum,6,0.575,0.56,"{""clf__C"": 10.0, ""clf__gamma_mult"": 1.0}",28.965425100000175
6,quantum/HS-RBF-SVM,quantum,7,0.525,0.5700000000000001,"{""clf__C"": 10.0, ""clf__gamma_mult"": 1.0}",28.965425100000175
6,quantum/HS-RBF-SVM,quantum,8,0.6,0.6699999999999999,"{""clf__C"": 10.0, ""clf__gamma_mult"": 1.0}",28.965425100000175
6,quantum/HS-RBF-SVM,quantum,9,0.4,0.47,"{""clf__C"": 10.0, ""clf__gamma_mult"": 1.0}",28.965425100000175
6,quantum/HS-RBF-SVM,quantum,10,0.65,0.6799999999999999,"{""clf__C"": 10.0, ""clf__gamma_mult"": 1.0}",28.965425100000175
6,quantum/HS-RBF-SVM,quantum,11,0.5,0.4475,"{""clf__C"": 10.0, ""clf__gamma_mult"": 1.0}",28.965425100000175
6,quantum/HS-RBF-SVM,quantum,12,0.525,0.6275000000000001,"{""clf__C"": 10.0, ""clf__gamma_mult"": 1.0}",28.965425100000175
6,quantum/HS-RBF-SVM,quantum,13,0.55,0.5474999999999999,"{""clf__C"": 10.0, ""clf__gamma_mult"": 1.0}",28.965425100000175
6,quantum/HS-RBF-SVM,quantum,14,0.575,0.5775,"{""clf__C"": 10.0, ""clf__gamma_mult"": 1.0}",28.965425100000175
6,quantum/Bures-RBF-SVM,quantum,0,0.625,0.6025,"{""clf__C"": 10.0, ""clf__gamma_mult"": 1.0}",63.869267500000205
6,quantum/Bures-RBF-SVM,quantum,1,0.55,0.62,"{""clf__C"": 10.0, ""clf__gamma_mult"": 1.0}",63.869267500000205
6,quantum/Bures-RBF-SVM,quantum,2,0.5,0.5674999999999999,"{""clf__C"": 10.0, ""clf__gamma_mult"": 1.0}",63.869267500000205
6,quantum/Bures-RBF-SVM,quantum,3,0.475,0.5575000000000001,"{""clf__C"": 10.0, ""clf__gamma_mult"": 1.0}",63.869267500000205
6,quantum/Bures-RBF-SVM,quantum,4,0.6,0.6025,"{""clf__C"": 10.0, ""clf__gamma_mult"": 1.0}",63.869267500000205
6,quantum/Bures-RBF-SVM,quantum,5,0.6,0.7175,"{""clf__C"": 10.0, ""clf__gamma_mult"": 1.0}",63.869267500000205
6,quantum/Bures-RBF-SVM,quantum,6,0.525,0.5925,"{""clf__C"": 10.0, ""clf__gamma_mult"": 1.0}",63.869267500000205
6,quantum/Bures-RBF-SVM,quantum,7,0.525,0.6174999999999999,"{""clf__C"": 10.0, ""clf__gamma_mult"": 1.0}",63.869267500000205
6,quantum/Bures-RBF-SVM,quantum,8,0.575,0.6425,"{""clf__C"": 10.0, ""clf__gamma_mult"": 1.0}",63.869267500000205
6,quantum/Bures-RBF-SVM,quantum,9,0.4,0.45499999999999996,"{""clf__C"": 10.0, ""clf__gamma_mult"": 1.0}",63.869267500000205
6,quantum/Bures-RBF-SVM,quantum,10,0.65,0.63,"{""clf__C"": 10.0, ""clf__gamma_mult"": 1.0}",63.869267500000205
6,quantum/Bures-RBF-SVM,quantum,11,0.525,0.495,"{""clf__C"": 10.0, ""clf__gamma_mult"": 1.0}",63.869267500000205
6,quantum/Bures-RBF-SVM,quantum,12,0.575,0.645,"{""clf__C"": 10.0, ""clf__gamma_mult"": 1.0}",63.869267500000205
6,quantum/Bures-RBF-SVM,quantum,13,0.625,0.7,"{""clf__C"": 10.0, ""clf__gamma_mult"": 1.0}",63.869267500000205
6,quantum/Bures-RBF-SVM,quantum,14,0.55,0.5525,"{""clf__C"": 10.0, ""clf__gamma_mult"": 1.0}",63.869267500000205
6,quantum/HS-overlap-ref-SVM,quantum,0,0.575,0.64,"{""clf__C"": 10.0}",11.5578160999994
6,quantum/HS-overlap-ref-SVM,quantum,1,0.55,0.5475000000000001,"{""clf__C"": 10.0}",11.5578160999994
6,quantum/HS-overlap-ref-SVM,quantum,2,0.675,0.6975,"{""clf__C"": 10.0}",11.5578160999994
6,quantum/HS-overlap-ref-SVM,quantum,3,0.575,0.59,"{""clf__C"": 10.0}",11.5578160999994
6,quantum/HS-overlap-ref-SVM,quantum,4,0.55,0.56,"{""clf__C"": 10.0}",11.5578160999994
6,quantum/HS-overlap-ref-SVM,quantum,5,0.55,0.6399999999999999,"{""clf__C"": 10.0}",11.5578160999994
6,quantum/HS-overlap-ref-SVM,quantum,6,0.65,0.645,"{""clf__C"": 10.0}",11.5578160999994
6,quantum/HS-overlap-ref-SVM,quantum,7,0.5,0.5125000000000001,"{""clf__C"": 10.0}",11.5578160999994
6,quantum/HS-overlap-ref-SVM,quantum,8,0.45,0.48750000000000004,"{""clf__C"": 10.0}",11.5578160999994
6,quantum/HS-overlap-ref-SVM,quantum,9,0.7,0.7125,"{""clf__C"": 10.0}",11.5578160999994
6,quantum/HS-overlap-ref-SVM,quantum,10,0.5,0.61,"{""clf__C"": 10.0}",11.5578160999994
6,quantum/HS-overlap-ref-SVM,quantum,11,0.525,0.5375,"{""clf__C"": 10.0}",11.5578160999994
6,quantum/HS-overlap-ref-SVM,quantum,12,0.6,0.6925,"{""clf__C"": 10.0}",11.5578160999994
6,quantum/HS-overlap-ref-SVM,quantum,13,0.7,0.7050000000000001,"{""clf__C"": 10.0}",11.5578160999994
6,quantum/HS-overlap-ref-SVM,quantum,14,0.5,0.4799999999999999,"{""clf__C"": 10.0}",11.5578160999994
6,quantum/Fidelity-ref-SVM,quantum,0,0.6,0.625,"{""clf__C"": 10.0}",27.764044399999875
6,quantum/Fidelity-ref-SVM,quantum,1,0.6,0.5999999999999999,"{""clf__C"": 10.0}",27.764044399999875
6,quantum/Fidelity-ref-SVM,quantum,2,0.625,0.7024999999999999,"{""clf__C"": 10.0}",27.764044399999875
6,quantum/Fidelity-ref-SVM,quantum,3,0.525,0.6299999999999999,"{""clf__C"": 10.0}",27.764044399999875
6,quantum/Fidelity-ref-SVM,quantum,4,0.525,0.5700000000000001,"{""clf__C"": 10.0}",27.764044399999875
6,quantum/Fidelity-ref-SVM,quantum,5,0.6,0.665,"{""clf__C"": 10.0}",27.764044399999875
6,quantum/Fidelity-ref-SVM,quantum,6,0.65,0.6975,"{""clf__C"": 10.0}",27.764044399999875
6,quantum/Fidelity-ref-SVM,quantum,7,0.5,0.5225,"{""clf__C"": 10.0}",27.764044399999875
6,quantum/Fidelity-ref-SVM,quantum,8,0.55,0.53,"{""clf__C"": 10.0}",27.764044399999875
6,quantum/Fidelity-ref-SVM,quantum,9,0.675,0.7324999999999999,"{""clf__C"": 10.0}",27.764044399999875
6,quantum/Fidelity-ref-SVM,quantum,10,0.55,0.6,"{""clf__C"": 10.0}",27.764044399999875
6,quantum/Fidelity-ref-SVM,quantum,11,0.55,0.5325,"{""clf__C"": 10.0}",27.764044399999875
6,quantum/Fidelity-ref-SVM,quantum,12,0.6,0.6575000000000001,"{""clf__C"": 10.0}",27.764044399999875
6,quantum/Fidelity-ref-SVM,quantum,13,0.725,0.765,"{""clf__C"": 10.0}",27.764044399999875
6,quantum/Fidelity-ref-SVM,quantum,14,0.525,0.515,"{""clf__C"": 10.0}",27.764044399999875
6,quantum/HS-RBF-ref-SVM,quantum,0,0.6,0.6425,"{""clf__C"": 10.0, ""clf__gamma_mult"": 1.0}",34.27046699999937
6,quantum/HS-RBF-ref-SVM,quantum,1,0.65,0.5900000000000001,"{""clf__C"": 10.0, ""clf__gamma_mult"": 1.0}",34.27046699999937
6,quantum/HS-RBF-ref-SVM,quantum,2,0.65,0.6199999999999999,"{""clf__C"": 10.0, ""clf__gamma_mult"": 1.0}",34.27046699999937
6,quantum/HS-RBF-ref-SVM,quantum,3,0.55,0.6425,"{""clf__C"": 10.0, ""clf__gamma_mult"": 1.0}",34.27046699999937
6,quantum/HS-RBF-ref-SVM,quantum,4,0.55,0.53,"{""clf__C"": 10.0, ""clf__gamma_mult"": 1.0}",34.27046699999937
6,quantum/HS-RBF-ref-SVM,quantum,5,0.65,0.665,"{""clf__C"": 10.0, ""clf__gamma_mult"": 1.0}",34.27046699999937
6,quantum/HS-RBF-ref-SVM,quantum,6,0.575,0.6525,"{""clf__C"": 10.0, ""clf__gamma_mult"": 1.0}",34.27046699999937
6,quantum/HS-RBF-ref-SVM,quantum,7,0.525,0.55,"{""clf__C"": 10.0, ""clf__gamma_mult"": 1.0}",34.27046699999937
6,quantum/HS-RBF-ref-SVM,quantum,8,0.575,0.5549999999999999,"{""clf__C"": 10.0, ""clf__gamma_mult"": 1.0}",34.27046699999937
6,quantum/HS-RBF-ref-SVM,quantum,9,0.675,0.6725000000000001,"{""clf__C"": 10.0, ""clf__gamma_mult"": 1.0}",34.27046699999937
6,quantum/HS-RBF-ref-SVM,quantum,10,0.575,0.62,"{""clf__C"": 10.0, ""clf__gamma_mult"": 1.0}",34.27046699999937
6,quantum/HS-RBF-ref-SVM,quantum,11,0.5,0.495,"{""clf__C"": 10.0, ""clf__gamma_mult"": 1.0}",34.27046699999937
6,quantum/HS-RBF-ref-SVM,quantum,12,0.575,0.6375000000000001,"{""clf__C"": 10.0, ""clf__gamma_mult"": 1.0}",34.27046699999937
6,quantum/HS-RBF-ref-SVM,quantum,13,0.625,0.6875,"{""clf__C"": 10.0, ""clf__gamma_mult"": 1.0}",34.27046699999937
6,quantum/HS-RBF-ref-SVM,quantum,14,0.45,0.515,"{""clf__C"": 10.0, ""clf__gamma_mult"": 1.0}",34.27046699999937
6,quantum/Bures-RBF-ref-SVM,quantum,0,0.575,0.6425,"{""clf__C"": 10.0, ""clf__gamma_mult"": 1.0}",73.78224659999978
6,quantum/Bures-RBF-ref-SVM,quantum,1,0.7,0.6275,"{""clf__C"": 10.0, ""clf__gamma_mult"": 1.0}",73.78224659999978
6,quantum/Bures-RBF-ref-SVM,quantum,2,0.675,0.65,"{""clf__C"": 10.0, ""clf__gamma_mult"": 1.0}",73.78224659999978
6,quantum/Bures-RBF-ref-SVM,quantum,3,0.6,0.6825,"{""clf__C"": 10.0, ""clf__gamma_mult"": 1.0}",73.78224659999978
6,quantum/Bures-RBF-ref-SVM,quantum,4,0.575,0.5725,"{""clf__C"": 10.0, ""clf__gamma_mult"": 1.0}",73.78224659999978
6,quantum/Bures-RBF-ref-SVM,quantum,5,0.65,0.69,"{""clf__C"": 10.0, ""clf__gamma_mult"": 1.0}",73.78224659999978
6,quantum/Bures-RBF-ref-SVM,quantum,6,0.575,0.68,"{""clf__C"": 10.0, ""clf__gamma_mult"": 1.0}",73.78224659999978
6,quantum/Bures-RBF-ref-SVM,quantum,7,0.6,0.575,"{""clf__C"": 10.0, ""clf__gamma_mult"": 1.0}",73.78224659999978
6,quantum/Bures-RBF-ref-SVM,quantum,8,0.6,0.5900000000000001,"{""clf__C"": 10.0, ""clf__gamma_mult"": 1.0}",73.78224659999978
6,quantum/Bures-RBF-ref-SVM,quantum,9,0.725,0.7075,"{""clf__C"": 10.0, ""clf__gamma_mult"": 1.0}",73.78224659999978
6,quantum/Bures-RBF-ref-SVM,quantum,10,0.625,0.6575,"{""clf__C"": 10.0, ""clf__gamma_mult"": 1.0}",73.78224659999978
6,quantum/Bures-RBF-ref-SVM,quantum,11,0.5,0.5125000000000001,"{""clf__C"": 10.0, ""clf__gamma_mult"": 1.0}",73.78224659999978
6,quantum/Bures-RBF-ref-SVM,quantum,12,0.65,0.68,"{""clf__C"": 10.0, ""clf__gamma_mult"": 1.0}",73.78224659999978
6,quantum/Bures-RBF-ref-SVM,quantum,13,0.7,0.7125,"{""clf__C"": 10.0, ""clf__gamma_mult"": 1.0}",73.78224659999978
6,quantum/Bures-RBF-ref-SVM,quantum,14,0.475,0.53,"{""clf__C"": 10.0, ""clf__gamma_mult"": 1.0}",73.78224659999978
6,quantum/QRE-RBF-SVM,quantum,0,0.625,0.63,"{""clf__C"": 10.0, ""clf__gamma_mult"": 1.0}",37.57323009999982
6,quantum/QRE-RBF-SVM,quantum,1,0.575,0.59,"{""clf__C"": 10.0, ""clf__gamma_mult"": 1.0}",37.57323009999982
6,quantum/QRE-RBF-SVM,quantum,2,0.525,0.595,"{""clf__C"": 10.0, ""clf__gamma_mult"": 1.0}",37.57323009999982
6,quantum/QRE-RBF-SVM,quantum,3,0.525,0.5725,"{""clf__C"": 10.0, ""clf__gamma_mult"": 1.0}",37.57323009999982
6,quantum/QRE-RBF-SVM,quantum,4,0.575,0.5475,"{""clf__C"": 10.0, ""clf__gamma_mult"": 1.0}",37.57323009999982
6,quantum/QRE-RBF-SVM,quantum,5,0.625,0.72,"{""clf__C"": 10.0, ""clf__gamma_mult"": 1.0}",37.57323009999982
6,quantum/QRE-RBF-SVM,quantum,6,0.5,0.5925,"{""clf__C"": 10.0, ""clf__gamma_mult"": 1.0}",37.57323009999982
6,quantum/QRE-RBF-SVM,quantum,7,0.525,0.5875,"{""clf__C"": 10.0, ""clf__gamma_mult"": 1.0}",37.57323009999982
6,quantum/QRE-RBF-SVM,quantum,8,0.6,0.6174999999999999,"{""clf__C"": 10.0, ""clf__gamma_mult"": 1.0}",37.57323009999982
6,quantum/QRE-RBF-SVM,quantum,9,0.4,0.4925,"{""clf__C"": 10.0, ""clf__gamma_mult"": 1.0}",37.57323009999982
6,quantum/QRE-RBF-SVM,quantum,10,0.625,0.62,"{""clf__C"": 10.0, ""clf__gamma_mult"": 1.0}",37.57323009999982
6,quantum/QRE-RBF-SVM,quantum,11,0.575,0.47500000000000003,"{""clf__C"": 10.0, ""clf__gamma_mult"": 1.0}",37.57323009999982
6,quantum/QRE-RBF-SVM,quantum,12,0.575,0.5974999999999999,"{""clf__C"": 10.0, ""clf__gamma_mult"": 1.0}",37.57323009999982
6,quantum/QRE-RBF-SVM,quantum,13,0.65,0.6875,"{""clf__C"": 10.0, ""clf__gamma_mult"": 1.0}",37.57323009999982
6,quantum/QRE-RBF-SVM,quantum,14,0.5,0.5449999999999999,"{""clf__C"": 10.0, ""clf__gamma_mult"": 1.0}",37.57323009999982
6,quantum/QRE-RBF-ref-SVM,quantum,0,0.6,0.6375,"{""clf__C"": 10.0, ""clf__gamma_mult"": 1.0}",42.39895340000021
6,quantum/QRE-RBF-ref-SVM,quantum,1,0.7,0.635,"{""clf__C"": 10.0, ""clf__gamma_mult"": 1.0}",42.39895340000021
6,quantum/QRE-RBF-ref-SVM,quantum,2,0.675,0.6425,"{""clf__C"": 10.0, ""clf__gamma_mult"": 1.0}",42.39895340000021
6,quantum/QRE-RBF-ref-SVM,quantum,3,0.6,0.665,"{""clf__C"": 10.0, ""clf__gamma_mult"": 1.0}",42.39895340000021
6,quantum/QRE-RBF-ref-SVM,quantum,4,0.575,0.5774999999999999,"{""clf__C"": 10.0, ""clf__gamma_mult"": 1.0}",42.39895340000021
6,quantum/QRE-RBF-ref-SVM,quantum,5,0.625,0.6849999999999999,"{""clf__C"": 10.0, ""clf__gamma_mult"": 1.0}",42.39895340000021
6,quantum/QRE-RBF-ref-SVM,quantum,6,0.6,0.6925,"{""clf__C"": 10.0, ""clf__gamma_mult"": 1.0}",42.39895340000021
6,quantum/QRE-RBF-ref-SVM,quantum,7,0.6,0.5675000000000001,"{""clf__C"": 10.0, ""clf__gamma_mult"": 1.0}",42.39895340000021
6,quantum/QRE-RBF-ref-SVM,quantum,8,0.65,0.5875,"{""clf__C"": 10.0, ""clf__gamma_mult"": 1.0}",42.39895340000021
6,quantum/QRE-RBF-ref-SVM,quantum,9,0.725,0.7000000000000001,"{""clf__C"": 10.0, ""clf__gamma_mult"": 1.0}",42.39895340000021
6,quantum/QRE-RBF-ref-SVM,quantum,10,0.6,0.645,"{""clf__C"": 10.0, ""clf__gamma_mult"": 1.0}",42.39895340000021
6,quantum/QRE-RBF-ref-SVM,quantum,11,0.5,0.4925,"{""clf__C"": 10.0, ""clf__gamma_mult"": 1.0}",42.39895340000021
6,quantum/QRE-RBF-ref-SVM,quantum,12,0.625,0.6725,"{""clf__C"": 10.0, ""clf__gamma_mult"": 1.0}",42.39895340000021
6,quantum/QRE-RBF-ref-SVM,quantum,13,0.7,0.7100000000000001,"{""clf__C"": 10.0, ""clf__gamma_mult"": 1.0}",42.39895340000021
6,quantum/QRE-RBF-ref-SVM,quantum,14,0.475,0.5225,"{""clf__C"": 10.0, ""clf__gamma_mult"": 1.0}",42.39895340000021
6,quantum/IQP-kernel-SVM,quantum,0,0.525,0.5149999999999999,"{""clf__C"": 10.0, ""clf__scale"": 1.0}",39.41769629999999
6,quantum/IQP-kernel-SVM,quantum,1,0.55,0.575,"{""clf__C"": 10.0, ""clf__scale"": 1.0}",39.41769629999999
6,quantum/IQP-kernel-SVM,quantum,2,0.55,0.585,"{""clf__C"": 10.0, ""clf__scale"": 1.0}",39.41769629999999
6,quantum/IQP-kernel-SVM,quantum,3,0.675,0.6475,"{""clf__C"": 10.0, ""clf__scale"": 2.0}",39.41769629999999
6,quantum/IQP-kernel-SVM,quantum,4,0.475,0.5225,"{""clf__C"": 10.0, ""clf__scale"": 1.0}",39.41769629999999
6,quantum/IQP-kernel-SVM,quantum,5,0.475,0.5,"{""clf__C"": 10.0, ""clf__scale"": 1.0}",39.41769629999999
6,quantum/IQP-kernel-SVM,quantum,6,0.525,0.58,"{""clf__C"": 10.0, ""clf__scale"": 2.0}",39.41769629999999
6,quantum/IQP-kernel-SVM,quantum,7,0.475,0.475,"{""clf__C"": 10.0, ""clf__scale"": 2.0}",39.41769629999999
6,quantum/IQP-kernel-SVM,quantum,8,0.5,0.475,"{""clf__C"": 10.0, ""clf__scale"": 1.0}",39.41769629999999
6,quantum/IQP-kernel-SVM,quantum,9,0.675,0.625,"{""clf__C"": 10.0, ""clf__scale"": 1.0}",39.41769629999999
6,quantum/IQP-kernel-SVM,quantum,10,0.625,0.65,"{""clf__C"": 10.0, ""clf__scale"": 1.0}",39.41769629999999
6,quantum/IQP-kernel-SVM,quantum,11,0.525,0.41000000000000003,"{""clf__C"": 10.0, ""clf__scale"": 1.0}",39.41769629999999
6,quantum/IQP-kernel-SVM,quantum,12,0.425,0.3675,"{""clf__C"": 10.0, ""clf__scale"": 2.0}",39.41769629999999
6,quantum/IQP-kernel-SVM,quantum,13,0.5,0.4825,"{""clf__C"": 10.0, ""clf__scale"": 1.0}",39.41769629999999
6,quantum/IQP-kernel-SVM,quantum,14,0.575,0.5375000000000001,"{""clf__C"": 10.0, ""clf__scale"": 2.0}",39.41769629999999
6,quantum/CNOT-kernel-SVM,quantum,0,0.525,0.6174999999999999,"{""clf__C"": 10.0, ""clf__scale"": 2.0}",35.982424800000445
6,quantum/CNOT-kernel-SVM,quantum,1,0.625,0.68,"{""clf__C"": 10.0, ""clf__scale"": 1.0}",35.982424800000445
6,quantum/CNOT-kernel-SVM,quantum,2,0.775,0.865,"{""clf__C"": 10.0, ""clf__scale"": 2.0}",35.982424800000445
6,quantum/CNOT-kernel-SVM,quantum,3,0.625,0.605,"{""clf__C"": 10.0, ""clf__scale"": 2.0}",35.982424800000445
6,quantum/CNOT-kernel-SVM,quantum,4,0.55,0.575,"{""clf__C"": 10.0, ""clf__scale"": 2.0}",35.982424800000445
6,quantum/CNOT-kernel-SVM,quantum,5,0.6,0.63,"{""clf__C"": 10.0, ""clf__scale"": 2.0}",35.982424800000445
6,quantum/CNOT-kernel-SVM,quantum,6,0.6,0.5875,"{""clf__C"": 10.0, ""clf__scale"": 2.0}",35.982424800000445
6,quantum/CNOT-kernel-SVM,quantum,7,0.65,0.7050000000000001,"{""clf__C"": 10.0, ""clf__scale"": 2.0}",35.982424800000445
6,quantum/CNOT-kernel-SVM,quantum,8,0.55,0.5349999999999999,"{""clf__C"": 10.0, ""clf__scale"": 2.0}",35.982424800000445
6,quantum/CNOT-kernel-SVM,quantum,9,0.575,0.5900000000000001,"{""clf__C"": 10.0, ""clf__scale"": 2.0}",35.982424800000445
6,quantum/CNOT-kernel-SVM,quantum,10,0.625,0.7399999999999999,"{""clf__C"": 10.0, ""clf__scale"": 2.0}",35.982424800000445
6,quantum/CNOT-kernel-SVM,quantum,11,0.55,0.5650000000000001,"{""clf__C"": 10.0, ""clf__scale"": 2.0}",35.982424800000445
6,quantum/CNOT-kernel-SVM,quantum,12,0.55,0.54,"{""clf__C"": 10.0, ""clf__scale"": 2.0}",35.982424800000445
6,quantum/CNOT-kernel-SVM,quantum,13,0.55,0.575,"{""clf__C"": 10.0, ""clf__scale"": 2.0}",35.982424800000445
6,quantum/CNOT-kernel-SVM,quantum,14,0.5,0.5525,"{""clf__C"": 10.0, ""clf__scale"": 2.0}",35.982424800000445
6,control/IQP-no-entangle,control,0,0.525,0.5700000000000001,"{""clf__C"": 10.0, ""clf__scale"": 2.0}",34.82905810000011
6,control/IQP-no-entangle,control,1,0.55,0.6125,"{""clf__C"": 10.0, ""clf__scale"": 2.0}",34.82905810000011
6,control/IQP-no-entangle,control,2,0.625,0.7475,"{""clf__C"": 10.0, ""clf__scale"": 1.0}",34.82905810000011
6,control/IQP-no-entangle,control,3,0.775,0.7075,"{""clf__C"": 10.0, ""clf__scale"": 2.0}",34.82905810000011
6,control/IQP-no-entangle,control,4,0.6,0.6,"{""clf__C"": 10.0, ""clf__scale"": 1.0}",34.82905810000011
6,control/IQP-no-entangle,control,5,0.525,0.6225,"{""clf__C"": 10.0, ""clf__scale"": 1.0}",34.82905810000011
6,control/IQP-no-entangle,control,6,0.55,0.6075,"{""clf__C"": 10.0, ""clf__scale"": 2.0}",34.82905810000011
6,control/IQP-no-entangle,control,7,0.55,0.5425000000000001,"{""clf__C"": 10.0, ""clf__scale"": 2.0}",34.82905810000011
6,control/IQP-no-entangle,control,8,0.5,0.4325,"{""clf__C"": 10.0, ""clf__scale"": 2.0}",34.82905810000011
6,control/IQP-no-entangle,control,9,0.65,0.635,"{""clf__C"": 10.0, ""clf__scale"": 2.0}",34.82905810000011
6,control/IQP-no-entangle,control,10,0.575,0.6725,"{""clf__C"": 10.0, ""clf__scale"": 2.0}",34.82905810000011
6,control/IQP-no-entangle,control,11,0.525,0.5275,"{""clf__C"": 10.0, ""clf__scale"": 2.0}",34.82905810000011
6,control/IQP-no-entangle,control,12,0.4,0.5175,"{""clf__C"": 10.0, ""clf__scale"": 2.0}",34.82905810000011
6,control/IQP-no-entangle,control,13,0.55,0.61,"{""clf__C"": 10.0, ""clf__scale"": 2.0}",34.82905810000011
6,control/IQP-no-entangle,control,14,0.6,0.6075,"{""clf__C"": 10.0, ""clf__scale"": 2.0}",34.82905810000011
6,control/PCA-matched-RBF,control,0,0.475,0.5625,"{""clf__C"": 1.0, ""clf__gamma"": ""scale""}",32.863221200000226
6,control/PCA-matched-RBF,control,1,0.625,0.645,"{""clf__C"": 1.0, ""clf__gamma"": ""scale""}",32.863221200000226
6,control/PCA-matched-RBF,control,2,0.65,0.7125,"{""clf__C"": 1.0, ""clf__gamma"": ""scale""}",32.863221200000226
6,control/PCA-matched-RBF,control,3,0.675,0.685,"{""clf__C"": 0.1, ""clf__gamma"": ""scale""}",32.863221200000226
6,control/PCA-matched-RBF,control,4,0.7,0.6950000000000001,"{""clf__C"": 0.1, ""clf__gamma"": ""scale""}",32.863221200000226
6,control/PCA-matched-RBF,control,5,0.675,0.7424999999999999,"{""clf__C"": 10.0, ""clf__gamma"": 0.1}",32.863221200000226
6,control/PCA-matched-RBF,control,6,0.675,0.67,"{""clf__C"": 1.0, ""clf__gamma"": ""scale""}",32.863221200000226
6,control/PCA-matched-RBF,control,7,0.6,0.615,"{""clf__C"": 10.0, ""clf__gamma"": 0.1}",32.863221200000226
6,control/PCA-matched-RBF,control,8,0.525,0.47250000000000003,"{""clf__C"": 10.0, ""clf__gamma"": ""scale""}",32.863221200000226
6,control/PCA-matched-RBF,control,9,0.55,0.6,"{""clf__C"": 10.0, ""clf__gamma"": ""scale""}",32.863221200000226
6,control/PCA-matched-RBF,control,10,0.65,0.7175,"{""clf__C"": 10.0, ""clf__gamma"": ""scale""}",32.863221200000226
6,control/PCA-matched-RBF,control,11,0.425,0.4825,"{""clf__C"": 10.0, ""clf__gamma"": ""scale""}",32.863221200000226
6,control/PCA-matched-RBF,control,12,0.625,0.715,"{""clf__C"": 1.0, ""clf__gamma"": ""scale""}",32.863221200000226
6,control/PCA-matched-RBF,control,13,0.575,0.6200000000000001,"{""clf__C"": 10.0, ""clf__gamma"": ""scale""}",32.863221200000226
6,control/PCA-matched-RBF,control,14,0.55,0.6299999999999999,"{""clf__C"": 10.0, ""clf__gamma"": 0.1}",32.863221200000226
6,control/PCA-matched-linear,control,0,0.625,0.5774999999999999,"{""clf__C"": 0.1}",11.520365299999867
6,control/PCA-matched-linear,control,1,0.5,0.55,"{""clf__C"": 10.0}",11.520365299999867
6,control/PCA-matched-linear,control,2,0.675,0.67,"{""clf__C"": 10.0}",11.520365299999867
6,control/PCA-matched-linear,control,3,0.575,0.6499999999999999,"{""clf__C"": 0.1}",11.520365299999867
6,control/PCA-matched-linear,control,4,0.6,0.625,"{""clf__C"": 0.1}",11.520365299999867
6,control/PCA-matched-linear,control,5,0.65,0.675,"{""clf__C"": 1.0}",11.520365299999867
6,control/PCA-matched-linear,control,6,0.55,0.5675,"{""clf__C"": 10.0}",11.520365299999867
6,control/PCA-matched-linear,control,7,0.5,0.56,"{""clf__C"": 10.0}",11.520365299999867
6,control/PCA-matched-linear,control,8,0.475,0.575,"{""clf__C"": 1.0}",11.520365299999867
6,control/PCA-matched-linear,control,9,0.475,0.49749999999999994,"{""clf__C"": 0.1}",11.520365299999867
6,control/PCA-matched-linear,control,10,0.6,0.6924999999999999,"{""clf__C"": 0.1}",11.520365299999867
6,control/PCA-matched-linear,control,11,0.525,0.55,"{""clf__C"": 0.1}",11.520365299999867
6,control/PCA-matched-linear,control,12,0.475,0.52,"{""clf__C"": 0.1}",11.520365299999867
6,control/PCA-matched-linear,control,13,0.5,0.46499999999999997,"{""clf__C"": 1.0}",11.520365299999867
6,control/PCA-matched-linear,control,14,0.55,0.65,"{""clf__C"": 1.0}",11.520365299999867
6,control/logeuclid-TS+LR,control,0,0.575,0.5874999999999999,"{""clf__C"": 10.0}",10.66755000000012
6,control/logeuclid-TS+LR,control,1,0.5,0.5674999999999999,"{""clf__C"": 10.0}",10.66755000000012
6,control/logeuclid-TS+LR,control,2,0.6,0.7025,"{""clf__C"": 10.0}",10.66755000000012
6,control/logeuclid-TS+LR,control,3,0.675,0.69,"{""clf__C"": 1.0}",10.66755000000012
6,control/logeuclid-TS+LR,control,4,0.625,0.6675,"{""clf__C"": 1.0}",10.66755000000012
6,control/logeuclid-TS+LR,control,5,0.65,0.7424999999999999,"{""clf__C"": 10.0}",10.66755000000012
6,control/logeuclid-TS+LR,control,6,0.575,0.61,"{""clf__C"": 1.0}",10.66755000000012
6,control/logeuclid-TS+LR,control,7,0.525,0.5249999999999999,"{""clf__C"": 10.0}",10.66755000000012
6,control/logeuclid-TS+LR,control,8,0.65,0.685,"{""clf__C"": 10.0}",10.66755000000012
6,control/logeuclid-TS+LR,control,9,0.55,0.5349999999999999,"{""clf__C"": 1.0}",10.66755000000012
6,control/logeuclid-TS+LR,control,10,0.6,0.68,"{""clf__C"": 10.0}",10.66755000000012
6,control/logeuclid-TS+LR,control,11,0.6,0.62,"{""clf__C"": 10.0}",10.66755000000012
6,control/logeuclid-TS+LR,control,12,0.725,0.77,"{""clf__C"": 10.0}",10.66755000000012
6,control/logeuclid-TS+LR,control,13,0.6,0.5825,"{""clf__C"": 0.1}",10.66755000000012
6,control/logeuclid-TS+LR,control,14,0.55,0.4925,"{""clf__C"": 10.0}",10.66755000000012
6,control/riemann-kernel-SVM,control,0,0.575,0.625,"{""clf__C"": 10.0}",12.030104200000096
6,control/riemann-kernel-SVM,control,1,0.55,0.5700000000000001,"{""clf__C"": 10.0}",12.030104200000096
6,control/riemann-kernel-SVM,control,2,0.625,0.74,"{""clf__C"": 10.0}",12.030104200000096
6,control/riemann-kernel-SVM,control,3,0.675,0.6800000000000002,"{""clf__C"": 10.0}",12.030104200000096
6,control/riemann-kernel-SVM,control,4,0.625,0.645,"{""clf__C"": 10.0}",12.030104200000096
6,control/riemann-kernel-SVM,control,5,0.6,0.7150000000000001,"{""clf__C"": 10.0}",12.030104200000096
6,control/riemann-kernel-SVM,control,6,0.625,0.6799999999999999,"{""clf__C"": 10.0}",12.030104200000096
6,control/riemann-kernel-SVM,control,7,0.575,0.6125,"{""clf__C"": 10.0}",12.030104200000096
6,control/riemann-kernel-SVM,control,8,0.575,0.5925,"{""clf__C"": 10.0}",12.030104200000096
6,control/riemann-kernel-SVM,control,9,0.55,0.6225,"{""clf__C"": 10.0}",12.030104200000096
6,control/riemann-kernel-SVM,control,10,0.625,0.6425000000000001,"{""clf__C"": 10.0}",12.030104200000096
6,control/riemann-kernel-SVM,control,11,0.6,0.61,"{""clf__C"": 10.0}",12.030104200000096
6,control/riemann-kernel-SVM,control,12,0.7,0.745,"{""clf__C"": 10.0}",12.030104200000096
6,control/riemann-kernel-SVM,control,13,0.55,0.625,"{""clf__C"": 10.0}",12.030104200000096
6,control/riemann-kernel-SVM,control,14,0.575,0.5574999999999999,"{""clf__C"": 10.0}",12.030104200000096
6,control/logeuclid-kernel-SVM,control,0,0.6,0.61,"{""clf__C"": 10.0}",12.9129281000005
6,control/logeuclid-kernel-SVM,control,1,0.525,0.5875,"{""clf__C"": 10.0}",12.9129281000005
6,control/logeuclid-kernel-SVM,control,2,0.65,0.7125,"{""clf__C"": 10.0}",12.9129281000005
6,control/logeuclid-kernel-SVM,control,3,0.675,0.635,"{""clf__C"": 10.0}",12.9129281000005
6,control/logeuclid-kernel-SVM,control,4,0.6,0.63,"{""clf__C"": 10.0}",12.9129281000005
6,control/logeuclid-kernel-SVM,control,5,0.6,0.7224999999999999,"{""clf__C"": 10.0}",12.9129281000005
6,control/logeuclid-kernel-SVM,control,6,0.625,0.6749999999999999,"{""clf__C"": 10.0}",12.9129281000005
6,control/logeuclid-kernel-SVM,control,7,0.575,0.605,"{""clf__C"": 10.0}",12.9129281000005
6,control/logeuclid-kernel-SVM,control,8,0.575,0.6174999999999999,"{""clf__C"": 10.0}",12.9129281000005
6,control/logeuclid-kernel-SVM,control,9,0.525,0.605,"{""clf__C"": 10.0}",12.9129281000005
6,control/logeuclid-kernel-SVM,control,10,0.55,0.625,"{""clf__C"": 10.0}",12.9129281000005
6,control/logeuclid-kernel-SVM,control,11,0.6,0.5875,"{""clf__C"": 10.0}",12.9129281000005
6,control/logeuclid-kernel-SVM,control,12,0.675,0.7324999999999999,"{""clf__C"": 10.0}",12.9129281000005
6,control/logeuclid-kernel-SVM,control,13,0.6,0.6275,"{""clf__C"": 10.0}",12.9129281000005
6,control/logeuclid-kernel-SVM,control,14,0.6,0.5725,"{""clf__C"": 10.0}",12.9129281000005
7,classical/logvar+LDA,classical,0,0.5416666666666666,0.5104166666666667,{},0.15186229999926582
7,classical/logvar+LDA,classical,1,0.5833333333333334,0.515625,{},0.15186229999926582
7,classical/logvar+LDA,classical,2,0.5208333333333334,0.5555555555555556,{},0.15186229999926582
7,classical/logvar+LDA,classical,3,0.4166666666666667,0.42187499999999994,{},0.15186229999926582
7,classical/logvar+LDA,classical,4,0.5208333333333334,0.5885416666666667,{},0.15186229999926582
7,classical/logvar+LDA,classical,5,0.5833333333333334,0.5833333333333334,{},0.15186229999926582
7,classical/logvar+LDA,classical,6,0.4791666666666667,0.5,{},0.15186229999926582
7,classical/logvar+LDA,classical,7,0.5,0.5121527777777779,{},0.15186229999926582
7,classical/logvar+LDA,classical,8,0.5833333333333334,0.4965277777777778,{},0.15186229999926582
7,classical/logvar+LDA,classical,9,0.4791666666666667,0.5052083333333333,{},0.15186229999926582
7,classical/logvar+LDA,classical,10,0.4791666666666667,0.48263888888888884,{},0.15186229999926582
7,classical/logvar+LDA,classical,11,0.4583333333333333,0.3784722222222222,{},0.15186229999926582
7,classical/logvar+LDA,classical,12,0.4166666666666667,0.4618055555555555,{},0.15186229999926582
7,classical/logvar+LDA,classical,13,0.4375,0.38020833333333337,{},0.15186229999926582
7,classical/logvar+LDA,classical,14,0.5833333333333334,0.5520833333333334,{},0.15186229999926582
7,classical/CSP+LDA,classical,0,0.4166666666666667,0.4184027777777778,"{""csp__nfilter"": 4}",11.464893799999118
7,classical/CSP+LDA,classical,1,0.5416666666666666,0.5434027777777778,"{""csp__nfilter"": 4}",11.464893799999118
7,classical/CSP+LDA,classical,2,0.4791666666666667,0.5086805555555556,"{""csp__nfilter"": 4}",11.464893799999118
7,classical/CSP+LDA,classical,3,0.4583333333333333,0.453125,"{""csp__nfilter"": 6}",11.464893799999118
7,classical/CSP+LDA,classical,4,0.5,0.5347222222222223,"{""csp__nfilter"": 2}",11.464893799999118
7,classical/CSP+LDA,classical,5,0.3958333333333333,0.4184027777777778,"{""csp__nfilter"": 4}",11.464893799999118
7,classical/CSP+LDA,classical,6,0.4791666666666667,0.46527777777777773,"{""csp__nfilter"": 6}",11.464893799999118
7,classical/CSP+LDA,classical,7,0.5,0.4392361111111111,"{""csp__nfilter"": 2}",11.464893799999118
7,classical/CSP+LDA,classical,8,0.4583333333333333,0.5347222222222222,"{""csp__nfilter"": 2}",11.464893799999118
7,classical/CSP+LDA,classical,9,0.4375,0.4826388888888889,"{""csp__nfilter"": 2}",11.464893799999118
7,classical/CSP+LDA,classical,10,0.5,0.4618055555555556,"{""csp__nfilter"": 4}",11.464893799999118
7,classical/CSP+LDA,classical,11,0.3541666666666667,0.3645833333333333,"{""csp__nfilter"": 4}",11.464893799999118
7,classical/CSP+LDA,classical,12,0.3958333333333333,0.45486111111111105,"{""csp__nfilter"": 2}",11.464893799999118
7,classical/CSP+LDA,classical,13,0.5208333333333334,0.3975694444444445,"{""csp__nfilter"": 4}",11.464893799999118
7,classical/CSP+LDA,classical,14,0.5625,0.5677083333333334,"{""csp__nfilter"": 2}",11.464893799999118
7,classical/MDM,classical,0,0.5208333333333334,0.5069444444444444,{},1.3500558999985515
7,classical/MDM,classical,1,0.4583333333333333,0.578125,{},1.3500558999985515
7,classical/MDM,classical,2,0.5,0.5381944444444444,{},1.3500558999985515
7,classical/MDM,classical,3,0.4166666666666667,0.43229166666666663,{},1.3500558999985515
7,classical/MDM,classical,4,0.5,0.4895833333333333,{},1.3500558999985515
7,classical/MDM,classical,5,0.5416666666666666,0.5572916666666667,{},1.3500558999985515
7,classical/MDM,classical,6,0.4791666666666667,0.53125,{},1.3500558999985515
7,classical/MDM,classical,7,0.4166666666666667,0.4201388888888889,{},1.3500558999985515
7,classical/MDM,classical,8,0.5416666666666666,0.5538194444444444,{},1.3500558999985515
7,classical/MDM,classical,9,0.5416666666666666,0.5503472222222223,{},1.3500558999985515
7,classical/MDM,classical,10,0.5,0.4444444444444445,{},1.3500558999985515
7,classical/MDM,classical,11,0.4166666666666667,0.4114583333333333,{},1.3500558999985515
7,classical/MDM,classical,12,0.5416666666666666,0.5642361111111112,{},1.3500558999985515
7,classical/MDM,classical,13,0.4583333333333333,0.4201388888888889,{},1.3500558999985515
7,classical/MDM,classical,14,0.5625,0.6145833333333334,{},1.3500558999985515
7,classical/TS+LR,classical,0,0.5833333333333334,0.578125,"{""clf__C"": 0.1}",13.706187900001169
7,classical/TS+LR,classical,1,0.625,0.59375,"{""clf__C"": 0.1}",13.706187900001169
7,classical/TS+LR,classical,2,0.6666666666666666,0.6649305555555556,"{""clf__C"": 0.1}",13.706187900001169
7,classical/TS+LR,classical,3,0.5208333333333334,0.53125,"{""clf__C"": 1.0}",13.706187900001169
7,classical/TS+LR,classical,4,0.3958333333333333,0.38020833333333337,"{""clf__C"": 10.0}",13.706187900001169
7,classical/TS+LR,classical,5,0.6041666666666666,0.5659722222222222,"{""clf__C"": 1.0}",13.706187900001169
7,classical/TS+LR,classical,6,0.5416666666666666,0.4878472222222222,"{""clf__C"": 0.1}",13.706187900001169
7,classical/TS+LR,classical,7,0.5416666666666666,0.517361111111111,"{""clf__C"": 0.1}",13.706187900001169
7,classical/TS+LR,classical,8,0.5,0.5104166666666667,"{""clf__C"": 10.0}",13.706187900001169
7,classical/TS+LR,classical,9,0.6041666666666666,0.5555555555555556,"{""clf__C"": 0.1}",13.706187900001169
7,classical/TS+LR,classical,10,0.5625,0.5729166666666667,"{""clf__C"": 0.1}",13.706187900001169
7,classical/TS+LR,classical,11,0.5,0.48784722222222227,"{""clf__C"": 0.1}",13.706187900001169
7,classical/TS+LR,classical,12,0.6041666666666666,0.5625,"{""clf__C"": 1.0}",13.706187900001169
7,classical/TS+LR,classical,13,0.4375,0.4236111111111111,"{""clf__C"": 10.0}",13.706187900001169
7,classical/TS+LR,classical,14,0.3958333333333333,0.4583333333333333,"{""clf__C"": 1.0}",13.706187900001169
7,classical/TS+RBF-SVM,classical,0,0.4583333333333333,0.4774305555555556,"{""clf__C"": 1.0, ""clf__gamma"": 0.01}",38.67964970000139
7,classical/TS+RBF-SVM,classical,1,0.4583333333333333,0.4479166666666667,"{""clf__C"": 0.1, ""clf__gamma"": ""scale""}",38.67964970000139
7,classical/TS+RBF-SVM,classical,2,0.5833333333333334,0.626736111111111,"{""clf__C"": 0.1, ""clf__gamma"": ""scale""}",38.67964970000139
7,classical/TS+RBF-SVM,classical,3,0.5,0.5486111111111112,"{""clf__C"": 0.1, ""clf__gamma"": 0.01}",38.67964970000139
7,classical/TS+RBF-SVM,classical,4,0.5,0.5434027777777777,"{""clf__C"": 0.1, ""clf__gamma"": 0.01}",38.67964970000139
7,classical/TS+RBF-SVM,classical,5,0.5,0.4774305555555556,"{""clf__C"": 0.1, ""clf__gamma"": 0.1}",38.67964970000139
7,classical/TS+RBF-SVM,classical,6,0.4791666666666667,0.41666666666666663,"{""clf__C"": 10.0, ""clf__gamma"": 0.01}",38.67964970000139
7,classical/TS+RBF-SVM,classical,7,0.5208333333333334,0.48784722222222227,"{""clf__C"": 0.1, ""clf__gamma"": 0.01}",38.67964970000139
7,classical/TS+RBF-SVM,classical,8,0.3541666666666667,0.3732638888888889,"{""clf__C"": 1.0, ""clf__gamma"": 0.1}",38.67964970000139
7,classical/TS+RBF-SVM,classical,9,0.5,0.5381944444444445,"{""clf__C"": 0.1, ""clf__gamma"": 0.01}",38.67964970000139
7,classical/TS+RBF-SVM,classical,10,0.5208333333333334,0.6059027777777778,"{""clf__C"": 1.0, ""clf__gamma"": 0.01}",38.67964970000139
7,classical/TS+RBF-SVM,classical,11,0.5208333333333334,0.4930555555555556,"{""clf__C"": 1.0, ""clf__gamma"": 0.01}",38.67964970000139
7,classical/TS+RBF-SVM,classical,12,0.4791666666666667,0.49479166666666663,"{""clf__C"": 10.0, ""clf__gamma"": 0.01}",38.67964970000139
7,classical/TS+RBF-SVM,classical,13,0.4375,0.45312500000000006,"{""clf__C"": 1.0, ""clf__gamma"": 0.01}",38.67964970000139
7,classical/TS+RBF-SVM,classical,14,0.5625,0.3940972222222222,"{""clf__C"": 10.0, ""clf__gamma"": ""scale""}",38.67964970000139
7,quantum/HS-overlap-SVM,quantum,0,0.4166666666666667,0.4600694444444445,"{""clf__C"": 0.1}",13.02484540000114
7,quantum/HS-overlap-SVM,quantum,1,0.4791666666666667,0.47395833333333326,"{""clf__C"": 0.1}",13.02484540000114
7,quantum/HS-overlap-SVM,quantum,2,0.5,0.5520833333333333,"{""clf__C"": 0.1}",13.02484540000114
7,quantum/HS-overlap-SVM,quantum,3,0.5,0.3871527777777778,"{""clf__C"": 0.1}",13.02484540000114
7,quantum/HS-overlap-SVM,quantum,4,0.5625,0.5625,"{""clf__C"": 0.1}",13.02484540000114
7,quantum/HS-overlap-SVM,quantum,5,0.5208333333333334,0.5711805555555556,"{""clf__C"": 0.1}",13.02484540000114
7,quantum/HS-overlap-SVM,quantum,6,0.5208333333333334,0.4861111111111111,"{""clf__C"": 0.1}",13.02484540000114
7,quantum/HS-overlap-SVM,quantum,7,0.5208333333333334,0.4392361111111111,"{""clf__C"": 0.1}",13.02484540000114
7,quantum/HS-overlap-SVM,quantum,8,0.5,0.6614583333333334,"{""clf__C"": 0.1}",13.02484540000114
7,quantum/HS-overlap-SVM,quantum,9,0.5,0.48784722222222227,"{""clf__C"": 0.1}",13.02484540000114
7,quantum/HS-overlap-SVM,quantum,10,0.5208333333333334,0.45659722222222227,"{""clf__C"": 0.1}",13.02484540000114
7,quantum/HS-overlap-SVM,quantum,11,0.4583333333333333,0.46354166666666674,"{""clf__C"": 0.1}",13.02484540000114
7,quantum/HS-overlap-SVM,quantum,12,0.5625,0.5104166666666667,"{""clf__C"": 0.1}",13.02484540000114
7,quantum/HS-overlap-SVM,quantum,13,0.5,0.3506944444444445,"{""clf__C"": 0.1}",13.02484540000114
7,quantum/HS-overlap-SVM,quantum,14,0.5,0.6493055555555556,"{""clf__C"": 0.1}",13.02484540000114
7,quantum/Fidelity-SVM,quantum,0,0.375,0.3697916666666667,"{""clf__C"": 0.1}",32.86394350000046
7,quantum/Fidelity-SVM,quantum,1,0.4583333333333333,0.5017361111111112,"{""clf__C"": 0.1}",32.86394350000046
7,quantum/Fidelity-SVM,quantum,2,0.5,0.5746527777777778,"{""clf__C"": 0.1}",32.86394350000046
7,quantum/Fidelity-SVM,quantum,3,0.5,0.3524305555555555,"{""clf__C"": 0.1}",32.86394350000046
7,quantum/Fidelity-SVM,quantum,4,0.5,0.4791666666666667,"{""clf__C"": 0.1}",32.86394350000046
7,quantum/Fidelity-SVM,quantum,5,0.4166666666666667,0.4878472222222222,"{""clf__C"": 0.1}",32.86394350000046
7,quantum/Fidelity-SVM,quantum,6,0.5833333333333334,0.5260416666666667,"{""clf__C"": 0.1}",32.86394350000046
7,quantum/Fidelity-SVM,quantum,7,0.5,0.39236111111111105,"{""clf__C"": 0.1}",32.86394350000046
7,quantum/Fidelity-SVM,quantum,8,0.5208333333333334,0.5121527777777778,"{""clf__C"": 0.1}",32.86394350000046
7,quantum/Fidelity-SVM,quantum,9,0.4791666666666667,0.5121527777777777,"{""clf__C"": 0.1}",32.86394350000046
7,quantum/Fidelity-SVM,quantum,10,0.4583333333333333,0.4079861111111111,"{""clf__C"": 0.1}",32.86394350000046
7,quantum/Fidelity-SVM,quantum,11,0.4583333333333333,0.4270833333333333,"{""clf__C"": 0.1}",32.86394350000046
7,quantum/Fidelity-SVM,quantum,12,0.5208333333333334,0.5225694444444444,"{""clf__C"": 10.0}",32.86394350000046
7,quantum/Fidelity-SVM,quantum,13,0.5,0.34201388888888895,"{""clf__C"": 0.1}",32.86394350000046
7,quantum/Fidelity-SVM,quantum,14,0.4791666666666667,0.515625,"{""clf__C"": 0.1}",32.86394350000046
7,quantum/HS-RBF-SVM,quantum,0,0.5208333333333334,0.5399305555555556,"{""clf__C"": 10.0, ""clf__gamma_mult"": 4.0}",36.457709300000715
7,quantum/HS-RBF-SVM,quantum,1,0.5,0.5,"{""clf__C"": 10.0, ""clf__gamma_mult"": 4.0}",36.457709300000715
7,quantum/HS-RBF-SVM,quantum,2,0.5208333333333334,0.4913194444444444,"{""clf__C"": 10.0, ""clf__gamma_mult"": 4.0}",36.457709300000715
7,quantum/HS-RBF-SVM,quantum,3,0.5416666666666666,0.6493055555555556,"{""clf__C"": 10.0, ""clf__gamma_mult"": 4.0}",36.457709300000715
7,quantum/HS-RBF-SVM,quantum,4,0.625,0.6458333333333334,"{""clf__C"": 10.0, ""clf__gamma_mult"": 4.0}",36.457709300000715
7,quantum/HS-RBF-SVM,quantum,5,0.6666666666666666,0.6215277777777778,"{""clf__C"": 10.0, ""clf__gamma_mult"": 4.0}",36.457709300000715
7,quantum/HS-RBF-SVM,quantum,6,0.5208333333333334,0.5190972222222222,"{""clf__C"": 10.0, ""clf__gamma_mult"": 1.0}",36.457709300000715
7,quantum/HS-RBF-SVM,quantum,7,0.4791666666666667,0.4878472222222222,"{""clf__C"": 10.0, ""clf__gamma_mult"": 4.0}",36.457709300000715
7,quantum/HS-RBF-SVM,quantum,8,0.5833333333333334,0.6024305555555556,"{""clf__C"": 10.0, ""clf__gamma_mult"": 4.0}",36.457709300000715
7,quantum/HS-RBF-SVM,quantum,9,0.5833333333333334,0.579861111111111,"{""clf__C"": 10.0, ""clf__gamma_mult"": 4.0}",36.457709300000715
7,quantum/HS-RBF-SVM,quantum,10,0.5833333333333334,0.671875,"{""clf__C"": 10.0, ""clf__gamma_mult"": 4.0}",36.457709300000715
7,quantum/HS-RBF-SVM,quantum,11,0.5625,0.5920138888888888,"{""clf__C"": 10.0, ""clf__gamma_mult"": 4.0}",36.457709300000715
7,quantum/HS-RBF-SVM,quantum,12,0.5833333333333334,0.6440972222222222,"{""clf__C"": 10.0, ""clf__gamma_mult"": 4.0}",36.457709300000715
7,quantum/HS-RBF-SVM,quantum,13,0.4375,0.4704861111111111,"{""clf__C"": 10.0, ""clf__gamma_mult"": 4.0}",36.457709300000715
7,quantum/HS-RBF-SVM,quantum,14,0.4583333333333333,0.4791666666666667,"{""clf__C"": 10.0, ""clf__gamma_mult"": 4.0}",36.457709300000715
7,quantum/Bures-RBF-SVM,quantum,0,0.4583333333333333,0.41145833333333337,"{""clf__C"": 10.0, ""clf__gamma_mult"": 1.0}",85.43310370000108
7,quantum/Bures-RBF-SVM,quantum,1,0.5416666666666666,0.4895833333333333,"{""clf__C"": 10.0, ""clf__gamma_mult"": 1.0}",85.43310370000108
7,quantum/Bures-RBF-SVM,quantum,2,0.5625,0.5711805555555556,"{""clf__C"": 10.0, ""clf__gamma_mult"": 1.0}",85.43310370000108
7,quantum/Bures-RBF-SVM,quantum,3,0.5416666666666666,0.5434027777777777,"{""clf__C"": 10.0, ""clf__gamma_mult"": 1.0}",85.43310370000108
7,quantum/Bures-RBF-SVM,quantum,4,0.5416666666666666,0.609375,"{""clf__C"": 10.0, ""clf__gamma_mult"": 1.0}",85.43310370000108
7,quantum/Bures-RBF-SVM,quantum,5,0.6458333333333334,0.5868055555555556,"{""clf__C"": 10.0, ""clf__gamma_mult"": 1.0}",85.43310370000108
7,quantum/Bures-RBF-SVM,quantum,6,0.4166666666666667,0.43576388888888884,"{""clf__C"": 10.0, ""clf__gamma_mult"": 1.0}",85.43310370000108
7,quantum/Bures-RBF-SVM,quantum,7,0.4583333333333333,0.4565972222222222,"{""clf__C"": 10.0, ""clf__gamma_mult"": 1.0}",85.43310370000108
7,quantum/Bures-RBF-SVM,quantum,8,0.4375,0.4913194444444444,"{""clf__C"": 10.0, ""clf__gamma_mult"": 1.0}",85.43310370000108
7,quantum/Bures-RBF-SVM,quantum,9,0.5,0.4774305555555555,"{""clf__C"": 10.0, ""clf__gamma_mult"": 1.0}",85.43310370000108
7,quantum/Bures-RBF-SVM,quantum,10,0.625,0.5920138888888888,"{""clf__C"": 10.0, ""clf__gamma_mult"": 1.0}",85.43310370000108
7,quantum/Bures-RBF-SVM,quantum,11,0.4791666666666667,0.5364583333333334,"{""clf__C"": 10.0, ""clf__gamma_mult"": 1.0}",85.43310370000108
7,quantum/Bures-RBF-SVM,quantum,12,0.4583333333333333,0.49652777777777773,"{""clf__C"": 10.0, ""clf__gamma_mult"": 1.0}",85.43310370000108
7,quantum/Bures-RBF-SVM,quantum,13,0.5833333333333334,0.5711805555555556,"{""clf__C"": 10.0, ""clf__gamma_mult"": 1.0}",85.43310370000108
7,quantum/Bures-RBF-SVM,quantum,14,0.4166666666666667,0.3958333333333333,"{""clf__C"": 10.0, ""clf__gamma_mult"": 1.0}",85.43310370000108
7,quantum/HS-overlap-ref-SVM,quantum,0,0.5833333333333334,0.5659722222222222,"{""clf__C"": 10.0}",14.94913919999999
7,quantum/HS-overlap-ref-SVM,quantum,1,0.5208333333333334,0.6319444444444444,"{""clf__C"": 10.0}",14.94913919999999
7,quantum/HS-overlap-ref-SVM,quantum,2,0.625,0.6302083333333333,"{""clf__C"": 10.0}",14.94913919999999
7,quantum/HS-overlap-ref-SVM,quantum,3,0.5208333333333334,0.5277777777777778,"{""clf__C"": 10.0}",14.94913919999999
7,quantum/HS-overlap-ref-SVM,quantum,4,0.4583333333333333,0.484375,"{""clf__C"": 10.0}",14.94913919999999
7,quantum/HS-overlap-ref-SVM,quantum,5,0.5416666666666666,0.5677083333333334,"{""clf__C"": 10.0}",14.94913919999999
7,quantum/HS-overlap-ref-SVM,quantum,6,0.5208333333333334,0.4513888888888889,"{""clf__C"": 10.0}",14.94913919999999
7,quantum/HS-overlap-ref-SVM,quantum,7,0.5208333333333334,0.5625,"{""clf__C"": 10.0}",14.94913919999999
7,quantum/HS-overlap-ref-SVM,quantum,8,0.5,0.5,"{""clf__C"": 10.0}",14.94913919999999
7,quantum/HS-overlap-ref-SVM,quantum,9,0.5625,0.5416666666666666,"{""clf__C"": 10.0}",14.94913919999999
7,quantum/HS-overlap-ref-SVM,quantum,10,0.4166666666666667,0.5069444444444444,"{""clf__C"": 10.0}",14.94913919999999
7,quantum/HS-overlap-ref-SVM,quantum,11,0.5208333333333334,0.4895833333333333,"{""clf__C"": 10.0}",14.94913919999999
7,quantum/HS-overlap-ref-SVM,quantum,12,0.5,0.5659722222222222,"{""clf__C"": 10.0}",14.94913919999999
7,quantum/HS-overlap-ref-SVM,quantum,13,0.5208333333333334,0.4930555555555556,"{""clf__C"": 10.0}",14.94913919999999
7,quantum/HS-overlap-ref-SVM,quantum,14,0.5,0.5260416666666667,"{""clf__C"": 10.0}",14.94913919999999
7,quantum/Fidelity-ref-SVM,quantum,0,0.5833333333333334,0.5798611111111112,"{""clf__C"": 10.0}",38.24870850000116
7,quantum/Fidelity-ref-SVM,quantum,1,0.4791666666666667,0.5920138888888888,"{""clf__C"": 1.0}",38.24870850000116
7,quantum/Fidelity-ref-SVM,quantum,2,0.6041666666666666,0.6527777777777778,"{""clf__C"": 10.0}",38.24870850000116
7,quantum/Fidelity-ref-SVM,quantum,3,0.5208333333333334,0.5451388888888888,"{""clf__C"": 10.0}",38.24870850000116
7,quantum/Fidelity-ref-SVM,quantum,4,0.5416666666666666,0.5295138888888888,"{""clf__C"": 10.0}",38.24870850000116
7,quantum/Fidelity-ref-SVM,quantum,5,0.5416666666666666,0.6197916666666666,"{""clf__C"": 0.1}",38.24870850000116
7,quantum/Fidelity-ref-SVM,quantum,6,0.5416666666666666,0.4513888888888889,"{""clf__C"": 10.0}",38.24870850000116
7,quantum/Fidelity-ref-SVM,quantum,7,0.5416666666666666,0.5555555555555556,"{""clf__C"": 10.0}",38.24870850000116
7,quantum/Fidelity-ref-SVM,quantum,8,0.5208333333333334,0.5434027777777778,"{""clf__C"": 0.1}",38.24870850000116
7,quantum/Fidelity-ref-SVM,quantum,9,0.5208333333333334,0.5538194444444444,"{""clf__C"": 10.0}",38.24870850000116
7,quantum/Fidelity-ref-SVM,quantum,10,0.4791666666666667,0.5121527777777777,"{""clf__C"": 10.0}",38.24870850000116
7,quantum/Fidelity-ref-SVM,quantum,11,0.5,0.4427083333333333,"{""clf__C"": 10.0}",38.24870850000116
7,quantum/Fidelity-ref-SVM,quantum,12,0.5416666666666666,0.5607638888888888,"{""clf__C"": 10.0}",38.24870850000116
7,quantum/Fidelity-ref-SVM,quantum,13,0.5208333333333334,0.4913194444444444,"{""clf__C"": 10.0}",38.24870850000116
7,quantum/Fidelity-ref-SVM,quantum,14,0.5,0.625,"{""clf__C"": 0.1}",38.24870850000116
7,quantum/HS-RBF-ref-SVM,quantum,0,0.4791666666666667,0.4895833333333333,"{""clf__C"": 10.0, ""clf__gamma_mult"": 1.0}",42.67415700000129
7,quantum/HS-RBF-ref-SVM,quantum,1,0.5208333333333334,0.5381944444444444,"{""clf__C"": 10.0, ""clf__gamma_mult"": 1.0}",42.67415700000129
7,quantum/HS-RBF-ref-SVM,quantum,2,0.6041666666666666,0.6510416666666666,"{""clf__C"": 10.0, ""clf__gamma_mult"": 1.0}",42.67415700000129
7,quantum/HS-RBF-ref-SVM,quantum,3,0.5,0.48437500000000006,"{""clf__C"": 10.0, ""clf__gamma_mult"": 1.0}",42.67415700000129
7,quantum/HS-RBF-ref-SVM,quantum,4,0.5208333333333334,0.5034722222222223,"{""clf__C"": 10.0, ""clf__gamma_mult"": 1.0}",42.67415700000129
7,quantum/HS-RBF-ref-SVM,quantum,5,0.5625,0.6093750000000001,"{""clf__C"": 10.0, ""clf__gamma_mult"": 1.0}",42.67415700000129
7,quantum/HS-RBF-ref-SVM,quantum,6,0.5,0.4166666666666667,"{""clf__C"": 10.0, ""clf__gamma_mult"": 1.0}",42.67415700000129
7,quantum/HS-RBF-ref-SVM,quantum,7,0.5208333333333334,0.5260416666666667,"{""clf__C"": 10.0, ""clf__gamma_mult"": 1.0}",42.67415700000129
7,quantum/HS-RBF-ref-SVM,quantum,8,0.4166666666666667,0.4600694444444444,"{""clf__C"": 10.0, ""clf__gamma_mult"": 1.0}",42.67415700000129
7,quantum/HS-RBF-ref-SVM,quantum,9,0.5208333333333334,0.5173611111111112,"{""clf__C"": 10.0, ""clf__gamma_mult"": 1.0}",42.67415700000129
7,quantum/HS-RBF-ref-SVM,quantum,10,0.5,0.5034722222222223,"{""clf__C"": 10.0, ""clf__gamma_mult"": 1.0}",42.67415700000129
7,quantum/HS-RBF-ref-SVM,quantum,11,0.6041666666666666,0.5711805555555556,"{""clf__C"": 10.0, ""clf__gamma_mult"": 1.0}",42.67415700000129
7,quantum/HS-RBF-ref-SVM,quantum,12,0.4375,0.4253472222222222,"{""clf__C"": 10.0, ""clf__gamma_mult"": 1.0}",42.67415700000129
7,quantum/HS-RBF-ref-SVM,quantum,13,0.4583333333333333,0.5399305555555556,"{""clf__C"": 10.0, ""clf__gamma_mult"": 1.0}",42.67415700000129
7,quantum/HS-RBF-ref-SVM,quantum,14,0.5416666666666666,0.4461805555555556,"{""clf__C"": 10.0, ""clf__gamma_mult"": 1.0}",42.67415700000129
7,quantum/Bures-RBF-ref-SVM,quantum,0,0.4375,0.4670138888888889,"{""clf__C"": 10.0, ""clf__gamma_mult"": 1.0}",99.74924529999953
7,quantum/Bures-RBF-ref-SVM,quantum,1,0.5416666666666666,0.532986111111111,"{""clf__C"": 10.0, ""clf__gamma_mult"": 1.0}",99.74924529999953
7,quantum/Bures-RBF-ref-SVM,quantum,2,0.625,0.6666666666666666,"{""clf__C"": 10.0, ""clf__gamma_mult"": 1.0}",99.74924529999953
7,quantum/Bures-RBF-ref-SVM,quantum,3,0.4583333333333333,0.48437500000000006,"{""clf__C"": 10.0, ""clf__gamma_mult"": 1.0}",99.74924529999953
7,quantum/Bures-RBF-ref-SVM,quantum,4,0.4791666666666667,0.5121527777777778,"{""clf__C"": 10.0, ""clf__gamma_mult"": 1.0}",99.74924529999953
7,quantum/Bures-RBF-ref-SVM,quantum,5,0.5625,0.6111111111111112,"{""clf__C"": 10.0, ""clf__gamma_mult"": 1.0}",99.74924529999953
7,quantum/Bures-RBF-ref-SVM,quantum,6,0.4375,0.41666666666666663,"{""clf__C"": 10.0, ""clf__gamma_mult"": 1.0}",99.74924529999953
7,quantum/Bures-RBF-ref-SVM,quantum,7,0.5625,0.5399305555555556,"{""clf__C"": 10.0, ""clf__gamma_mult"": 1.0}",99.74924529999953
7,quantum/Bures-RBF-ref-SVM,quantum,8,0.4166666666666667,0.4201388888888889,"{""clf__C"": 10.0, ""clf__gamma_mult"": 1.0}",99.74924529999953
7,quantum/Bures-RBF-ref-SVM,quantum,9,0.5208333333333334,0.5121527777777778,"{""clf__C"": 10.0, ""clf__gamma_mult"": 1.0}",99.74924529999953
7,quantum/Bures-RBF-ref-SVM,quantum,10,0.5,0.517361111111111,"{""clf__C"": 10.0, ""clf__gamma_mult"": 1.0}",99.74924529999953
7,quantum/Bures-RBF-ref-SVM,quantum,11,0.5625,0.5451388888888888,"{""clf__C"": 10.0, ""clf__gamma_mult"": 1.0}",99.74924529999953
7,quantum/Bures-RBF-ref-SVM,quantum,12,0.4375,0.43923611111111116,"{""clf__C"": 10.0, ""clf__gamma_mult"": 1.0}",99.74924529999953
7,quantum/Bures-RBF-ref-SVM,quantum,13,0.4791666666666667,0.5329861111111112,"{""clf__C"": 10.0, ""clf__gamma_mult"": 1.0}",99.74924529999953
7,quantum/Bures-RBF-ref-SVM,quantum,14,0.5,0.45833333333333337,"{""clf__C"": 10.0, ""clf__gamma_mult"": 1.0}",99.74924529999953
7,quantum/QRE-RBF-SVM,quantum,0,0.4375,0.4548611111111111,"{""clf__C"": 10.0, ""clf__gamma_mult"": 1.0}",47.189868200001
7,quantum/QRE-RBF-SVM,quantum,1,0.5625,0.5503472222222223,"{""clf__C"": 10.0, ""clf__gamma_mult"": 1.0}",47.189868200001
7,quantum/QRE-RBF-SVM,quantum,2,0.5416666666666666,0.5850694444444444,"{""clf__C"": 10.0, ""clf__gamma_mult"": 1.0}",47.189868200001
7,quantum/QRE-RBF-SVM,quantum,3,0.5208333333333334,0.5277777777777778,"{""clf__C"": 10.0, ""clf__gamma_mult"": 1.0}",47.189868200001
7,quantum/QRE-RBF-SVM,quantum,4,0.5416666666666666,0.5625,"{""clf__C"": 10.0, ""clf__gamma_mult"": 1.0}",47.189868200001
7,quantum/QRE-RBF-SVM,quantum,5,0.6041666666666666,0.5677083333333334,"{""clf__C"": 10.0, ""clf__gamma_mult"": 1.0}",47.189868200001
7,quantum/QRE-RBF-SVM,quantum,6,0.4375,0.43749999999999994,"{""clf__C"": 10.0, ""clf__gamma_mult"": 1.0}",47.189868200001
7,quantum/QRE-RBF-SVM,quantum,7,0.4583333333333333,0.484375,"{""clf__C"": 10.0, ""clf__gamma_mult"": 1.0}",47.189868200001
7,quantum/QRE-RBF-SVM,quantum,8,0.4583333333333333,0.4913194444444444,"{""clf__C"": 10.0, ""clf__gamma_mult"": 1.0}",47.189868200001
7,quantum/QRE-RBF-SVM,quantum,9,0.5208333333333334,0.4930555555555555,"{""clf__C"": 10.0, ""clf__gamma_mult"": 1.0}",47.189868200001
7,quantum/QRE-RBF-SVM,quantum,10,0.5833333333333334,0.6250000000000001,"{""clf__C"": 10.0, ""clf__gamma_mult"": 1.0}",47.189868200001
7,quantum/QRE-RBF-SVM,quantum,11,0.4791666666666667,0.4982638888888889,"{""clf__C"": 10.0, ""clf__gamma_mult"": 1.0}",47.189868200001
7,quantum/QRE-RBF-SVM,quantum,12,0.4791666666666667,0.5190972222222223,"{""clf__C"": 10.0, ""clf__gamma_mult"": 1.0}",47.189868200001
7,quantum/QRE-RBF-SVM,quantum,13,0.5625,0.5763888888888888,"{""clf__C"": 10.0, ""clf__gamma_mult"": 1.0}",47.189868200001
7,quantum/QRE-RBF-SVM,quantum,14,0.375,0.3697916666666667,"{""clf__C"": 10.0, ""clf__gamma_mult"": 1.0}",47.189868200001
7,quantum/QRE-RBF-ref-SVM,quantum,0,0.4791666666666667,0.4670138888888889,"{""clf__C"": 10.0, ""clf__gamma_mult"": 1.0}",51.85117249999894
7,quantum/QRE-RBF-ref-SVM,quantum,1,0.5208333333333334,0.5416666666666666,"{""clf__C"": 10.0, ""clf__gamma_mult"": 1.0}",51.85117249999894
7,quantum/QRE-RBF-ref-SVM,quantum,2,0.625,0.6614583333333334,"{""clf__C"": 10.0, ""clf__gamma_mult"": 1.0}",51.85117249999894
7,quantum/QRE-RBF-ref-SVM,quantum,3,0.4583333333333333,0.48263888888888895,"{""clf__C"": 10.0, ""clf__gamma_mult"": 1.0}",51.85117249999894
7,quantum/QRE-RBF-ref-SVM,quantum,4,0.4791666666666667,0.5121527777777778,"{""clf__C"": 10.0, ""clf__gamma_mult"": 1.0}",51.85117249999894
7,quantum/QRE-RBF-ref-SVM,quantum,5,0.5625,0.6197916666666666,"{""clf__C"": 10.0, ""clf__gamma_mult"": 1.0}",51.85117249999894
7,quantum/QRE-RBF-ref-SVM,quantum,6,0.4583333333333333,0.4149305555555556,"{""clf__C"": 10.0, ""clf__gamma_mult"": 1.0}",51.85117249999894
7,quantum/QRE-RBF-ref-SVM,quantum,7,0.5625,0.5364583333333334,"{""clf__C"": 10.0, ""clf__gamma_mult"": 1.0}",51.85117249999894
7,quantum/QRE-RBF-ref-SVM,quantum,8,0.3958333333333333,0.42361111111111116,"{""clf__C"": 10.0, ""clf__gamma_mult"": 1.0}",51.85117249999894
7,quantum/QRE-RBF-ref-SVM,quantum,9,0.5208333333333334,0.5138888888888888,"{""clf__C"": 10.0, ""clf__gamma_mult"": 1.0}",51.85117249999894
7,quantum/QRE-RBF-ref-SVM,quantum,10,0.5,0.5138888888888888,"{""clf__C"": 10.0, ""clf__gamma_mult"": 1.0}",51.85117249999894
7,quantum/QRE-RBF-ref-SVM,quantum,11,0.5625,0.5416666666666666,"{""clf__C"": 10.0, ""clf__gamma_mult"": 1.0}",51.85117249999894
7,quantum/QRE-RBF-ref-SVM,quantum,12,0.4375,0.4392361111111111,"{""clf__C"": 10.0, ""clf__gamma_mult"": 1.0}",51.85117249999894
7,quantum/QRE-RBF-ref-SVM,quantum,13,0.4791666666666667,0.5329861111111112,"{""clf__C"": 10.0, ""clf__gamma_mult"": 1.0}",51.85117249999894
7,quantum/QRE-RBF-ref-SVM,quantum,14,0.5208333333333334,0.4583333333333333,"{""clf__C"": 10.0, ""clf__gamma_mult"": 1.0}",51.85117249999894
7,quantum/IQP-kernel-SVM,quantum,0,0.375,0.34548611111111116,"{""clf__C"": 10.0, ""clf__scale"": 2.0}",44.55497009999999
7,quantum/IQP-kernel-SVM,quantum,1,0.5,0.44270833333333337,"{""clf__C"": 10.0, ""clf__scale"": 2.0}",44.55497009999999
7,quantum/IQP-kernel-SVM,quantum,2,0.4166666666666667,0.390625,"{""clf__C"": 10.0, ""clf__scale"": 2.0}",44.55497009999999
7,quantum/IQP-kernel-SVM,quantum,3,0.5,0.5538194444444444,"{""clf__C"": 10.0, ""clf__scale"": 2.0}",44.55497009999999
7,quantum/IQP-kernel-SVM,quantum,4,0.625,0.6180555555555556,"{""clf__C"": 10.0, ""clf__scale"": 2.0}",44.55497009999999
7,quantum/IQP-kernel-SVM,quantum,5,0.4166666666666667,0.4340277777777778,"{""clf__C"": 10.0, ""clf__scale"": 2.0}",44.55497009999999
7,quantum/IQP-kernel-SVM,quantum,6,0.5208333333333334,0.5190972222222222,"{""clf__C"": 10.0, ""clf__scale"": 2.0}",44.55497009999999
7,quantum/IQP-kernel-SVM,quantum,7,0.4791666666666667,0.4618055555555556,"{""clf__C"": 10.0, ""clf__scale"": 2.0}",44.55497009999999
7,quantum/IQP-kernel-SVM,quantum,8,0.5625,0.5642361111111112,"{""clf__C"": 10.0, ""clf__scale"": 2.0}",44.55497009999999
7,quantum/IQP-kernel-SVM,quantum,9,0.5416666666666666,0.609375,"{""clf__C"": 10.0, ""clf__scale"": 2.0}",44.55497009999999
7,quantum/IQP-kernel-SVM,quantum,10,0.5208333333333334,0.5121527777777777,"{""clf__C"": 10.0, ""clf__scale"": 2.0}",44.55497009999999
7,quantum/IQP-kernel-SVM,quantum,11,0.5,0.5520833333333333,"{""clf__C"": 10.0, ""clf__scale"": 2.0}",44.55497009999999
7,quantum/IQP-kernel-SVM,quantum,12,0.4375,0.3975694444444445,"{""clf__C"": 10.0, ""clf__scale"": 2.0}",44.55497009999999
7,quantum/IQP-kernel-SVM,quantum,13,0.5,0.4357638888888889,"{""clf__C"": 10.0, ""clf__scale"": 2.0}",44.55497009999999
7,quantum/IQP-kernel-SVM,quantum,14,0.4791666666666667,0.5121527777777778,"{""clf__C"": 10.0, ""clf__scale"": 2.0}",44.55497009999999
7,quantum/CNOT-kernel-SVM,quantum,0,0.5208333333333334,0.46875,"{""clf__C"": 10.0, ""clf__scale"": 2.0}",42.869279700000334
7,quantum/CNOT-kernel-SVM,quantum,1,0.4166666666666667,0.37673611111111116,"{""clf__C"": 10.0, ""clf__scale"": 2.0}",42.869279700000334
7,quantum/CNOT-kernel-SVM,quantum,2,0.5208333333333334,0.4947916666666667,"{""clf__C"": 10.0, ""clf__scale"": 2.0}",42.869279700000334
7,quantum/CNOT-kernel-SVM,quantum,3,0.5625,0.5798611111111112,"{""clf__C"": 10.0, ""clf__scale"": 2.0}",42.869279700000334
7,quantum/CNOT-kernel-SVM,quantum,4,0.5208333333333334,0.5086805555555556,"{""clf__C"": 10.0, ""clf__scale"": 2.0}",42.869279700000334
7,quantum/CNOT-kernel-SVM,quantum,5,0.5416666666666666,0.5989583333333334,"{""clf__C"": 10.0, ""clf__scale"": 2.0}",42.869279700000334
7,quantum/CNOT-kernel-SVM,quantum,6,0.4583333333333333,0.4826388888888889,"{""clf__C"": 10.0, ""clf__scale"": 2.0}",42.869279700000334
7,quantum/CNOT-kernel-SVM,quantum,7,0.4791666666666667,0.4010416666666667,"{""clf__C"": 10.0, ""clf__scale"": 2.0}",42.869279700000334
7,quantum/CNOT-kernel-SVM,quantum,8,0.4583333333333333,0.4878472222222222,"{""clf__C"": 10.0, ""clf__scale"": 2.0}",42.869279700000334
7,quantum/CNOT-kernel-SVM,quantum,9,0.4583333333333333,0.5225694444444444,"{""clf__C"": 10.0, ""clf__scale"": 2.0}",42.869279700000334
7,quantum/CNOT-kernel-SVM,quantum,10,0.5,0.53125,"{""clf__C"": 10.0, ""clf__scale"": 2.0}",42.869279700000334
7,quantum/CNOT-kernel-SVM,quantum,11,0.5416666666666666,0.5364583333333334,"{""clf__C"": 10.0, ""clf__scale"": 2.0}",42.869279700000334
7,quantum/CNOT-kernel-SVM,quantum,12,0.5208333333333334,0.6076388888888888,"{""clf__C"": 10.0, ""clf__scale"": 2.0}",42.869279700000334
7,quantum/CNOT-kernel-SVM,quantum,13,0.5416666666666666,0.4635416666666667,"{""clf__C"": 10.0, ""clf__scale"": 2.0}",42.869279700000334
7,quantum/CNOT-kernel-SVM,quantum,14,0.4583333333333333,0.4461805555555556,"{""clf__C"": 10.0, ""clf__scale"": 2.0}",42.869279700000334
7,control/IQP-no-entangle,control,0,0.5625,0.48958333333333337,"{""clf__C"": 10.0, ""clf__scale"": 2.0}",41.56196970000019
7,control/IQP-no-entangle,control,1,0.4791666666666667,0.4479166666666667,"{""clf__C"": 10.0, ""clf__scale"": 2.0}",41.56196970000019
7,control/IQP-no-entangle,control,2,0.4791666666666667,0.47916666666666663,"{""clf__C"": 10.0, ""clf__scale"": 2.0}",41.56196970000019
7,control/IQP-no-entangle,control,3,0.5625,0.5763888888888888,"{""clf__C"": 10.0, ""clf__scale"": 2.0}",41.56196970000019
7,control/IQP-no-entangle,control,4,0.4791666666666667,0.4427083333333333,"{""clf__C"": 10.0, ""clf__scale"": 2.0}",41.56196970000019
7,control/IQP-no-entangle,control,5,0.5625,0.5190972222222222,"{""clf__C"": 10.0, ""clf__scale"": 2.0}",41.56196970000019
7,control/IQP-no-entangle,control,6,0.4166666666666667,0.4079861111111111,"{""clf__C"": 10.0, ""clf__scale"": 2.0}",41.56196970000019
7,control/IQP-no-entangle,control,7,0.3333333333333333,0.3263888888888889,"{""clf__C"": 10.0, ""clf__scale"": 2.0}",41.56196970000019
7,control/IQP-no-entangle,control,8,0.5208333333333334,0.5746527777777779,"{""clf__C"": 10.0, ""clf__scale"": 2.0}",41.56196970000019
7,control/IQP-no-entangle,control,9,0.4583333333333333,0.5034722222222222,"{""clf__C"": 10.0, ""clf__scale"": 2.0}",41.56196970000019
7,control/IQP-no-entangle,control,10,0.5416666666666666,0.5520833333333333,"{""clf__C"": 10.0, ""clf__scale"": 2.0}",41.56196970000019
7,control/IQP-no-entangle,control,11,0.5416666666666666,0.515625,"{""clf__C"": 10.0, ""clf__scale"": 2.0}",41.56196970000019
7,control/IQP-no-entangle,control,12,0.5,0.515625,"{""clf__C"": 10.0, ""clf__scale"": 2.0}",41.56196970000019
7,control/IQP-no-entangle,control,13,0.5208333333333334,0.4809027777777778,"{""clf__C"": 10.0, ""clf__scale"": 2.0}",41.56196970000019
7,control/IQP-no-entangle,control,14,0.375,0.3923611111111111,"{""clf__C"": 10.0, ""clf__scale"": 2.0}",41.56196970000019
7,control/PCA-matched-RBF,control,0,0.3958333333333333,0.36979166666666663,"{""clf__C"": 10.0, ""clf__gamma"": 0.1}",38.951697700000295
7,control/PCA-matched-RBF,control,1,0.4375,0.4427083333333333,"{""clf__C"": 1.0, ""clf__gamma"": 0.1}",38.951697700000295
7,control/PCA-matched-RBF,control,2,0.4791666666666667,0.41145833333333337,"{""clf__C"": 0.1, ""clf__gamma"": 0.01}",38.951697700000295
7,control/PCA-matched-RBF,control,3,0.4375,0.3940972222222222,"{""clf__C"": 10.0, ""clf__gamma"": 0.01}",38.951697700000295
7,control/PCA-matched-RBF,control,4,0.4166666666666667,0.4409722222222222,"{""clf__C"": 1.0, ""clf__gamma"": 0.1}",38.951697700000295
7,control/PCA-matched-RBF,control,5,0.4791666666666667,0.4878472222222222,"{""clf__C"": 10.0, ""clf__gamma"": 0.01}",38.951697700000295
7,control/PCA-matched-RBF,control,6,0.3541666666666667,0.32986111111111116,"{""clf__C"": 10.0, ""clf__gamma"": 0.1}",38.951697700000295
7,control/PCA-matched-RBF,control,7,0.5208333333333334,0.3489583333333333,"{""clf__C"": 0.1, ""clf__gamma"": 0.01}",38.951697700000295
7,control/PCA-matched-RBF,control,8,0.5,0.4652777777777778,"{""clf__C"": 10.0, ""clf__gamma"": ""scale""}",38.951697700000295
7,control/PCA-matched-RBF,control,9,0.5416666666666666,0.4652777777777778,"{""clf__C"": 1.0, ""clf__gamma"": 0.1}",38.951697700000295
7,control/PCA-matched-RBF,control,10,0.5625,0.5295138888888888,"{""clf__C"": 10.0, ""clf__gamma"": ""scale""}",38.951697700000295
7,control/PCA-matched-RBF,control,11,0.4166666666666667,0.4201388888888889,"{""clf__C"": 10.0, ""clf__gamma"": 0.01}",38.951697700000295
7,control/PCA-matched-RBF,control,12,0.4375,0.4375,"{""clf__C"": 0.1, ""clf__gamma"": 0.01}",38.951697700000295
7,control/PCA-matched-RBF,control,13,0.5,0.4635416666666667,"{""clf__C"": 10.0, ""clf__gamma"": 0.01}",38.951697700000295
7,control/PCA-matched-RBF,control,14,0.4791666666666667,0.5,"{""clf__C"": 1.0, ""clf__gamma"": 0.1}",38.951697700000295
7,control/PCA-matched-linear,control,0,0.4375,0.3697916666666667,"{""clf__C"": 1.0}",13.970912900000258
7,control/PCA-matched-linear,control,1,0.4583333333333333,0.5121527777777778,"{""clf__C"": 0.1}",13.970912900000258
7,control/PCA-matched-linear,control,2,0.5,0.4288194444444444,"{""clf__C"": 0.1}",13.970912900000258
7,control/PCA-matched-linear,control,3,0.4583333333333333,0.3836805555555555,"{""clf__C"": 0.1}",13.970912900000258
7,control/PCA-matched-linear,control,4,0.4791666666666667,0.4809027777777778,"{""clf__C"": 10.0}",13.970912900000258
7,control/PCA-matched-linear,control,5,0.4791666666666667,0.4652777777777778,"{""clf__C"": 0.1}",13.970912900000258
7,control/PCA-matched-linear,control,6,0.5,0.48437500000000006,"{""clf__C"": 0.1}",13.970912900000258
7,control/PCA-matched-linear,control,7,0.5,0.3524305555555556,"{""clf__C"": 1.0}",13.970912900000258
7,control/PCA-matched-linear,control,8,0.4375,0.4513888888888889,"{""clf__C"": 10.0}",13.970912900000258
7,control/PCA-matched-linear,control,9,0.4583333333333333,0.47916666666666663,"{""clf__C"": 0.1}",13.970912900000258
7,control/PCA-matched-linear,control,10,0.4166666666666667,0.3680555555555556,"{""clf__C"": 0.1}",13.970912900000258
7,control/PCA-matched-linear,control,11,0.4375,0.4131944444444445,"{""clf__C"": 0.1}",13.970912900000258
7,control/PCA-matched-linear,control,12,0.5208333333333334,0.4704861111111111,"{""clf__C"": 10.0}",13.970912900000258
7,control/PCA-matched-linear,control,13,0.4791666666666667,0.4618055555555556,"{""clf__C"": 10.0}",13.970912900000258
7,control/PCA-matched-linear,control,14,0.4583333333333333,0.4774305555555556,"{""clf__C"": 1.0}",13.970912900000258
7,control/logeuclid-TS+LR,control,0,0.5,0.5225694444444444,"{""clf__C"": 1.0}",12.456015499999921
7,control/logeuclid-TS+LR,control,1,0.6041666666666666,0.6041666666666666,"{""clf__C"": 10.0}",12.456015499999921
7,control/logeuclid-TS+LR,control,2,0.5833333333333334,0.59375,"{""clf__C"": 1.0}",12.456015499999921
7,control/logeuclid-TS+LR,control,3,0.4583333333333333,0.46701388888888884,"{""clf__C"": 1.0}",12.456015499999921
7,control/logeuclid-TS+LR,control,4,0.4166666666666667,0.4027777777777778,"{""clf__C"": 10.0}",12.456015499999921
7,control/logeuclid-TS+LR,control,5,0.5625,0.5902777777777778,"{""clf__C"": 10.0}",12.456015499999921
7,control/logeuclid-TS+LR,control,6,0.5416666666666666,0.48784722222222227,"{""clf__C"": 10.0}",12.456015499999921
7,control/logeuclid-TS+LR,control,7,0.4583333333333333,0.5034722222222223,"{""clf__C"": 1.0}",12.456015499999921
7,control/logeuclid-TS+LR,control,8,0.5,0.5694444444444444,"{""clf__C"": 1.0}",12.456015499999921
7,control/logeuclid-TS+LR,control,9,0.5208333333333334,0.515625,"{""clf__C"": 1.0}",12.456015499999921
7,control/logeuclid-TS+LR,control,10,0.5833333333333334,0.5503472222222222,"{""clf__C"": 1.0}",12.456015499999921
7,control/logeuclid-TS+LR,control,11,0.4583333333333333,0.3715277777777778,"{""clf__C"": 1.0}",12.456015499999921
7,control/logeuclid-TS+LR,control,12,0.5416666666666666,0.5503472222222222,"{""clf__C"": 1.0}",12.456015499999921
7,control/logeuclid-TS+LR,control,13,0.5625,0.48263888888888895,"{""clf__C"": 1.0}",12.456015499999921
7,control/logeuclid-TS+LR,control,14,0.4791666666666667,0.4600694444444444,"{""clf__C"": 10.0}",12.456015499999921
7,control/riemann-kernel-SVM,control,0,0.5625,0.6076388888888888,"{""clf__C"": 10.0}",14.991186299999754
7,control/riemann-kernel-SVM,control,1,0.6041666666666666,0.6145833333333333,"{""clf__C"": 10.0}",14.991186299999754
7,control/riemann-kernel-SVM,control,2,0.6458333333333334,0.6961805555555556,"{""clf__C"": 10.0}",14.991186299999754
7,control/riemann-kernel-SVM,control,3,0.5416666666666666,0.5277777777777778,"{""clf__C"": 10.0}",14.991186299999754
7,control/riemann-kernel-SVM,control,4,0.4583333333333333,0.4131944444444444,"{""clf__C"": 10.0}",14.991186299999754
7,control/riemann-kernel-SVM,control,5,0.5208333333333334,0.6145833333333333,"{""clf__C"": 10.0}",14.991186299999754
7,control/riemann-kernel-SVM,control,6,0.4791666666666667,0.4878472222222222,"{""clf__C"": 10.0}",14.991186299999754
7,control/riemann-kernel-SVM,control,7,0.5833333333333334,0.5572916666666666,"{""clf__C"": 10.0}",14.991186299999754
7,control/riemann-kernel-SVM,control,8,0.5208333333333334,0.4965277777777778,"{""clf__C"": 10.0}",14.991186299999754
7,control/riemann-kernel-SVM,control,9,0.5208333333333334,0.5659722222222222,"{""clf__C"": 10.0}",14.991186299999754
7,control/riemann-kernel-SVM,control,10,0.5208333333333334,0.5677083333333334,"{""clf__C"": 10.0}",14.991186299999754
7,control/riemann-kernel-SVM,control,11,0.5416666666666666,0.4861111111111111,"{""clf__C"": 10.0}",14.991186299999754
7,control/riemann-kernel-SVM,control,12,0.5,0.5381944444444444,"{""clf__C"": 10.0}",14.991186299999754
7,control/riemann-kernel-SVM,control,13,0.4583333333333333,0.43923611111111105,"{""clf__C"": 10.0}",14.991186299999754
7,control/riemann-kernel-SVM,control,14,0.4166666666666667,0.4756944444444445,"{""clf__C"": 10.0}",14.991186299999754
7,control/logeuclid-kernel-SVM,control,0,0.5625,0.6163194444444444,"{""clf__C"": 10.0}",14.931167900000219
7,control/logeuclid-kernel-SVM,control,1,0.6041666666666666,0.5763888888888888,"{""clf__C"": 10.0}",14.931167900000219
7,control/logeuclid-kernel-SVM,control,2,0.7083333333333334,0.6840277777777778,"{""clf__C"": 10.0}",14.931167900000219
7,control/logeuclid-kernel-SVM,control,3,0.5625,0.5121527777777778,"{""clf__C"": 10.0}",14.931167900000219
7,control/logeuclid-kernel-SVM,control,4,0.5,0.4479166666666667,"{""clf__C"": 10.0}",14.931167900000219
7,control/logeuclid-kernel-SVM,control,5,0.5416666666666666,0.5833333333333333,"{""clf__C"": 10.0}",14.931167900000219
7,control/logeuclid-kernel-SVM,control,6,0.5416666666666666,0.515625,"{""clf__C"": 10.0}",14.931167900000219
7,control/logeuclid-kernel-SVM,control,7,0.6041666666666666,0.5729166666666667,"{""clf__C"": 10.0}",14.931167900000219
7,control/logeuclid-kernel-SVM,control,8,0.5833333333333334,0.5121527777777779,"{""clf__C"": 10.0}",14.931167900000219
7,control/logeuclid-kernel-SVM,control,9,0.5833333333333334,0.6284722222222221,"{""clf__C"": 10.0}",14.931167900000219
7,control/logeuclid-kernel-SVM,control,10,0.5625,0.53125,"{""clf__C"": 10.0}",14.931167900000219
7,control/logeuclid-kernel-SVM,control,11,0.5833333333333334,0.5260416666666666,"{""clf__C"": 10.0}",14.931167900000219
7,control/logeuclid-kernel-SVM,control,12,0.5416666666666666,0.5086805555555556,"{""clf__C"": 10.0}",14.931167900000219
7,control/logeuclid-kernel-SVM,control,13,0.4583333333333333,0.4322916666666667,"{""clf__C"": 10.0}",14.931167900000219
7,control/logeuclid-kernel-SVM,control,14,0.5416666666666666,0.5642361111111112,"{""clf__C"": 10.0}",14.931167900000219
8,classical/logvar+LDA,classical,0,0.575,0.6025,{},0.13168039999982284
8,classical/logvar+LDA,classical,1,0.55,0.4625,{},0.13168039999982284
8,classical/logvar+LDA,classical,2,0.4,0.405,{},0.13168039999982284
8,classical/logvar+LDA,classical,3,0.45,0.49,{},0.13168039999982284
8,classical/logvar+LDA,classical,4,0.45,0.375,{},0.13168039999982284
8,classical/logvar+LDA,classical,5,0.5,0.48500000000000004,{},0.13168039999982284
8,classical/logvar+LDA,classical,6,0.6,0.595,{},0.13168039999982284
8,classical/logvar+LDA,classical,7,0.475,0.5225,{},0.13168039999982284
8,classical/logvar+LDA,classical,8,0.35,0.345,{},0.13168039999982284
8,classical/logvar+LDA,classical,9,0.4,0.39749999999999996,{},0.13168039999982284
8,classical/logvar+LDA,classical,10,0.325,0.315,{},0.13168039999982284
8,classical/logvar+LDA,classical,11,0.5,0.4675,{},0.13168039999982284
8,classical/logvar+LDA,classical,12,0.45,0.45249999999999996,{},0.13168039999982284
8,classical/logvar+LDA,classical,13,0.5,0.5,{},0.13168039999982284
8,classical/logvar+LDA,classical,14,0.6,0.565,{},0.13168039999982284
8,classical/CSP+LDA,classical,0,0.575,0.6,"{""csp__nfilter"": 6}",10.554872900000191
8,classical/CSP+LDA,classical,1,0.4,0.4525,"{""csp__nfilter"": 6}",10.554872900000191
8,classical/CSP+LDA,classical,2,0.475,0.445,"{""csp__nfilter"": 6}",10.554872900000191
8,classical/CSP+LDA,classical,3,0.45,0.39999999999999997,"{""csp__nfilter"": 2}",10.554872900000191
8,classical/CSP+LDA,classical,4,0.475,0.41000000000000003,"{""csp__nfilter"": 4}",10.554872900000191
8,classical/CSP+LDA,classical,5,0.5,0.385,"{""csp__nfilter"": 4}",10.554872900000191
8,classical/CSP+LDA,classical,6,0.5,0.4125,"{""csp__nfilter"": 2}",10.554872900000191
8,classical/CSP+LDA,classical,7,0.425,0.4225,"{""csp__nfilter"": 2}",10.554872900000191
8,classical/CSP+LDA,classical,8,0.325,0.21000000000000002,"{""csp__nfilter"": 6}",10.554872900000191
8,classical/CSP+LDA,classical,9,0.5,0.4825,"{""csp__nfilter"": 4}",10.554872900000191
8,classical/CSP+LDA,classical,10,0.425,0.35500000000000004,"{""csp__nfilter"": 6}",10.554872900000191
8,classical/CSP+LDA,classical,11,0.5,0.5375000000000001,"{""csp__nfilter"": 6}",10.554872900000191
8,classical/CSP+LDA,classical,12,0.525,0.52,"{""csp__nfilter"": 2}",10.554872900000191
8,classical/CSP+LDA,classical,13,0.425,0.3175,"{""csp__nfilter"": 2}",10.554872900000191
8,classical/CSP+LDA,classical,14,0.5,0.4925,"{""csp__nfilter"": 6}",10.554872900000191
8,classical/MDM,classical,0,0.525,0.585,{},1.440611699999863
8,classical/MDM,classical,1,0.525,0.4925,{},1.440611699999863
8,classical/MDM,classical,2,0.4,0.38999999999999996,{},1.440611699999863
8,classical/MDM,classical,3,0.45,0.4275,{},1.440611699999863
8,classical/MDM,classical,4,0.425,0.4724999999999999,{},1.440611699999863
8,classical/MDM,classical,5,0.45,0.41250000000000003,{},1.440611699999863
8,classical/MDM,classical,6,0.45,0.3775,{},1.440611699999863
8,classical/MDM,classical,7,0.4,0.395,{},1.440611699999863
8,classical/MDM,classical,8,0.3,0.21750000000000003,{},1.440611699999863
8,classical/MDM,classical,9,0.4,0.3825,{},1.440611699999863
8,classical/MDM,classical,10,0.4,0.3375,{},1.440611699999863
8,classical/MDM,classical,11,0.5,0.5449999999999999,{},1.440611699999863
8,classical/MDM,classical,12,0.55,0.5325,{},1.440611699999863
8,classical/MDM,classical,13,0.425,0.345,{},1.440611699999863
8,classical/MDM,classical,14,0.45,0.4275,{},1.440611699999863
8,classical/TS+LR,classical,0,0.55,0.61,"{""clf__C"": 10.0}",12.003350200000568
8,classical/TS+LR,classical,1,0.525,0.505,"{""clf__C"": 0.1}",12.003350200000568
8,classical/TS+LR,classical,2,0.475,0.515,"{""clf__C"": 10.0}",12.003350200000568
8,classical/TS+LR,classical,3,0.525,0.47750000000000004,"{""clf__C"": 0.1}",12.003350200000568
8,classical/TS+LR,classical,4,0.45,0.49999999999999994,"{""clf__C"": 10.0}",12.003350200000568
8,classical/TS+LR,classical,5,0.425,0.4125,"{""clf__C"": 0.1}",12.003350200000568
8,classical/TS+LR,classical,6,0.55,0.5175000000000001,"{""clf__C"": 10.0}",12.003350200000568
8,classical/TS+LR,classical,7,0.4,0.40750000000000003,"{""clf__C"": 0.1}",12.003350200000568
8,classical/TS+LR,classical,8,0.375,0.42,"{""clf__C"": 1.0}",12.003350200000568
8,classical/TS+LR,classical,9,0.45,0.41500000000000004,"{""clf__C"": 0.1}",12.003350200000568
8,classical/TS+LR,classical,10,0.475,0.41000000000000003,"{""clf__C"": 1.0}",12.003350200000568
8,classical/TS+LR,classical,11,0.475,0.5125,"{""clf__C"": 0.1}",12.003350200000568
8,classical/TS+LR,classical,12,0.575,0.54,"{""clf__C"": 1.0}",12.003350200000568
8,classical/TS+LR,classical,13,0.35,0.3075,"{""clf__C"": 0.1}",12.003350200000568
8,classical/TS+LR,classical,14,0.475,0.4525,"{""clf__C"": 0.1}",12.003350200000568
8,classical/TS+RBF-SVM,classical,0,0.575,0.585,"{""clf__C"": 10.0, ""clf__gamma"": ""scale""}",33.216622600000846
8,classical/TS+RBF-SVM,classical,1,0.525,0.51,"{""clf__C"": 1.0, ""clf__gamma"": 0.1}",33.216622600000846
8,classical/TS+RBF-SVM,classical,2,0.525,0.4325,"{""clf__C"": 1.0, ""clf__gamma"": 0.01}",33.216622600000846
8,classical/TS+RBF-SVM,classical,3,0.5,0.4875,"{""clf__C"": 10.0, ""clf__gamma"": 0.01}",33.216622600000846
8,classical/TS+RBF-SVM,classical,4,0.5,0.5125,"{""clf__C"": 0.1, ""clf__gamma"": 0.1}",33.216622600000846
8,classical/TS+RBF-SVM,classical,5,0.5,0.4225,"{""clf__C"": 1.0, ""clf__gamma"": 0.01}",33.216622600000846
8,classical/TS+RBF-SVM,classical,6,0.525,0.48499999999999993,"{""clf__C"": 0.1, ""clf__gamma"": 0.1}",33.216622600000846
8,classical/TS+RBF-SVM,classical,7,0.4,0.41250000000000003,"{""clf__C"": 10.0, ""clf__gamma"": 0.01}",33.216622600000846
8,classical/TS+RBF-SVM,classical,8,0.375,0.3425,"{""clf__C"": 10.0, ""clf__gamma"": 0.1}",33.216622600000846
8,classical/TS+RBF-SVM,classical,9,0.5,0.4325,"{""clf__C"": 0.1, ""clf__gamma"": 0.1}",33.216622600000846
8,classical/TS+RBF-SVM,classical,10,0.425,0.415,"{""clf__C"": 1.0, ""clf__gamma"": 0.01}",33.216622600000846
8,classical/TS+RBF-SVM,classical,11,0.5,0.4425,"{""clf__C"": 0.1, ""clf__gamma"": 0.1}",33.216622600000846
8,classical/TS+RBF-SVM,classical,12,0.55,0.455,"{""clf__C"": 1.0, ""clf__gamma"": 0.1}",33.216622600000846
8,classical/TS+RBF-SVM,classical,13,0.325,0.2975,"{""clf__C"": 1.0, ""clf__gamma"": 0.01}",33.216622600000846
8,classical/TS+RBF-SVM,classical,14,0.425,0.44999999999999996,"{""clf__C"": 1.0, ""clf__gamma"": 0.01}",33.216622600000846
8,quantum/HS-overlap-SVM,quantum,0,0.525,0.5700000000000001,"{""clf__C"": 0.1}",10.553654800000004
8,quantum/HS-overlap-SVM,quantum,1,0.525,0.44,"{""clf__C"": 0.1}",10.553654800000004
8,quantum/HS-overlap-SVM,quantum,2,0.425,0.44499999999999995,"{""clf__C"": 0.1}",10.553654800000004
8,quantum/HS-overlap-SVM,quantum,3,0.45,0.495,"{""clf__C"": 0.1}",10.553654800000004
8,quantum/HS-overlap-SVM,quantum,4,0.525,0.4725,"{""clf__C"": 0.1}",10.553654800000004
8,quantum/HS-overlap-SVM,quantum,5,0.525,0.45500000000000007,"{""clf__C"": 0.1}",10.553654800000004
8,quantum/HS-overlap-SVM,quantum,6,0.575,0.5575,"{""clf__C"": 0.1}",10.553654800000004
8,quantum/HS-overlap-SVM,quantum,7,0.525,0.5449999999999999,"{""clf__C"": 0.1}",10.553654800000004
8,quantum/HS-overlap-SVM,quantum,8,0.425,0.3375,"{""clf__C"": 0.1}",10.553654800000004
8,quantum/HS-overlap-SVM,quantum,9,0.425,0.4675,"{""clf__C"": 0.1}",10.553654800000004
8,quantum/HS-overlap-SVM,quantum,10,0.45,0.3375,"{""clf__C"": 0.1}",10.553654800000004
8,quantum/HS-overlap-SVM,quantum,11,0.55,0.5349999999999999,"{""clf__C"": 0.1}",10.553654800000004
8,quantum/HS-overlap-SVM,quantum,12,0.525,0.56,"{""clf__C"": 0.1}",10.553654800000004
8,quantum/HS-overlap-SVM,quantum,13,0.575,0.5,"{""clf__C"": 0.1}",10.553654800000004
8,quantum/HS-overlap-SVM,quantum,14,0.475,0.5549999999999999,"{""clf__C"": 0.1}",10.553654800000004
8,quantum/Fidelity-SVM,quantum,0,0.55,0.6825,"{""clf__C"": 0.1}",24.545429400001012
8,quantum/Fidelity-SVM,quantum,1,0.45,0.4575,"{""clf__C"": 0.1}",24.545429400001012
8,quantum/Fidelity-SVM,quantum,2,0.45,0.39499999999999996,"{""clf__C"": 0.1}",24.545429400001012
8,quantum/Fidelity-SVM,quantum,3,0.5,0.5225,"{""clf__C"": 0.1}",24.545429400001012
8,quantum/Fidelity-SVM,quantum,4,0.575,0.5225,"{""clf__C"": 0.1}",24.545429400001012
8,quantum/Fidelity-SVM,quantum,5,0.45,0.4675,"{""clf__C"": 0.1}",24.545429400001012
8,quantum/Fidelity-SVM,quantum,6,0.525,0.5349999999999999,"{""clf__C"": 0.1}",24.545429400001012
8,quantum/Fidelity-SVM,quantum,7,0.575,0.59,"{""clf__C"": 0.1}",24.545429400001012
8,quantum/Fidelity-SVM,quantum,8,0.4,0.30999999999999994,"{""clf__C"": 0.1}",24.545429400001012
8,quantum/Fidelity-SVM,quantum,9,0.5,0.52,"{""clf__C"": 0.1}",24.545429400001012
8,quantum/Fidelity-SVM,quantum,10,0.375,0.3625,"{""clf__C"": 0.1}",24.545429400001012
8,quantum/Fidelity-SVM,quantum,11,0.5,0.59,"{""clf__C"": 0.1}",24.545429400001012
8,quantum/Fidelity-SVM,quantum,12,0.575,0.585,"{""clf__C"": 0.1}",24.545429400001012
8,quantum/Fidelity-SVM,quantum,13,0.475,0.52,"{""clf__C"": 0.1}",24.545429400001012
8,quantum/Fidelity-SVM,quantum,14,0.6,0.575,"{""clf__C"": 0.1}",24.545429400001012
8,quantum/HS-RBF-SVM,quantum,0,0.4,0.4,"{""clf__C"": 10.0, ""clf__gamma_mult"": 1.0}",29.79068659999939
8,quantum/HS-RBF-SVM,quantum,1,0.3,0.22,"{""clf__C"": 10.0, ""clf__gamma_mult"": 4.0}",29.79068659999939
8,quantum/HS-RBF-SVM,quantum,2,0.5,0.37500000000000006,"{""clf__C"": 10.0, ""clf__gamma_mult"": 4.0}",29.79068659999939
8,quantum/HS-RBF-SVM,quantum,3,0.525,0.45999999999999996,"{""clf__C"": 10.0, ""clf__gamma_mult"": 4.0}",29.79068659999939
8,quantum/HS-RBF-SVM,quantum,4,0.475,0.485,"{""clf__C"": 10.0, ""clf__gamma_mult"": 4.0}",29.79068659999939
8,quantum/HS-RBF-SVM,quantum,5,0.325,0.275,"{""clf__C"": 10.0, ""clf__gamma_mult"": 1.0}",29.79068659999939
8,quantum/HS-RBF-SVM,quantum,6,0.5,0.45249999999999996,"{""clf__C"": 10.0, ""clf__gamma_mult"": 4.0}",29.79068659999939
8,quantum/HS-RBF-SVM,quantum,7,0.375,0.4125,"{""clf__C"": 10.0, ""clf__gamma_mult"": 4.0}",29.79068659999939
8,quantum/HS-RBF-SVM,quantum,8,0.35,0.3075,"{""clf__C"": 10.0, ""clf__gamma_mult"": 1.0}",29.79068659999939
8,quantum/HS-RBF-SVM,quantum,9,0.45,0.3825,"{""clf__C"": 10.0, ""clf__gamma_mult"": 4.0}",29.79068659999939
8,quantum/HS-RBF-SVM,quantum,10,0.575,0.52,"{""clf__C"": 10.0, ""clf__gamma_mult"": 4.0}",29.79068659999939
8,quantum/HS-RBF-SVM,quantum,11,0.35,0.40249999999999997,"{""clf__C"": 10.0, ""clf__gamma_mult"": 4.0}",29.79068659999939
8,quantum/HS-RBF-SVM,quantum,12,0.425,0.4075,"{""clf__C"": 10.0, ""clf__gamma_mult"": 1.0}",29.79068659999939
8,quantum/HS-RBF-SVM,quantum,13,0.55,0.51,"{""clf__C"": 10.0, ""clf__gamma_mult"": 4.0}",29.79068659999939
8,quantum/HS-RBF-SVM,quantum,14,0.475,0.5249999999999999,"{""clf__C"": 10.0, ""clf__gamma_mult"": 4.0}",29.79068659999939
8,quantum/Bures-RBF-SVM,quantum,0,0.5,0.5225,"{""clf__C"": 10.0, ""clf__gamma_mult"": 1.0}",63.89627509999991
8,quantum/Bures-RBF-SVM,quantum,1,0.35,0.36,"{""clf__C"": 10.0, ""clf__gamma_mult"": 1.0}",63.89627509999991
8,quantum/Bures-RBF-SVM,quantum,2,0.45,0.48250000000000004,"{""clf__C"": 10.0, ""clf__gamma_mult"": 1.0}",63.89627509999991
8,quantum/Bures-RBF-SVM,quantum,3,0.55,0.47750000000000004,"{""clf__C"": 10.0, ""clf__gamma_mult"": 1.0}",63.89627509999991
8,quantum/Bures-RBF-SVM,quantum,4,0.525,0.4775,"{""clf__C"": 10.0, ""clf__gamma_mult"": 1.0}",63.89627509999991
8,quantum/Bures-RBF-SVM,quantum,5,0.45,0.4475,"{""clf__C"": 10.0, ""clf__gamma_mult"": 1.0}",63.89627509999991
8,quantum/Bures-RBF-SVM,quantum,6,0.55,0.5375000000000001,"{""clf__C"": 10.0, ""clf__gamma_mult"": 1.0}",63.89627509999991
8,quantum/Bures-RBF-SVM,quantum,7,0.4,0.37250000000000005,"{""clf__C"": 10.0, ""clf__gamma_mult"": 1.0}",63.89627509999991
8,quantum/Bures-RBF-SVM,quantum,8,0.5,0.485,"{""clf__C"": 10.0, ""clf__gamma_mult"": 1.0}",63.89627509999991
8,quantum/Bures-RBF-SVM,quantum,9,0.325,0.2875,"{""clf__C"": 10.0, ""clf__gamma_mult"": 1.0}",63.89627509999991
8,quantum/Bures-RBF-SVM,quantum,10,0.45,0.47750000000000004,"{""clf__C"": 10.0, ""clf__gamma_mult"": 1.0}",63.89627509999991
8,quantum/Bures-RBF-SVM,quantum,11,0.5,0.5325,"{""clf__C"": 10.0, ""clf__gamma_mult"": 1.0}",63.89627509999991
8,quantum/Bures-RBF-SVM,quantum,12,0.375,0.39,"{""clf__C"": 10.0, ""clf__gamma_mult"": 1.0}",63.89627509999991
8,quantum/Bures-RBF-SVM,quantum,13,0.425,0.4125,"{""clf__C"": 10.0, ""clf__gamma_mult"": 1.0}",63.89627509999991
8,quantum/Bures-RBF-SVM,quantum,14,0.525,0.5700000000000001,"{""clf__C"": 10.0, ""clf__gamma_mult"": 1.0}",63.89627509999991
8,quantum/HS-overlap-ref-SVM,quantum,0,0.525,0.58,"{""clf__C"": 10.0}",11.855647800000952
8,quantum/HS-overlap-ref-SVM,quantum,1,0.475,0.5075,"{""clf__C"": 10.0}",11.855647800000952
8,quantum/HS-overlap-ref-SVM,quantum,2,0.45,0.45999999999999996,"{""clf__C"": 10.0}",11.855647800000952
8,quantum/HS-overlap-ref-SVM,quantum,3,0.5,0.49750000000000005,"{""clf__C"": 10.0}",11.855647800000952
8,quantum/HS-overlap-ref-SVM,quantum,4,0.5,0.49500000000000005,"{""clf__C"": 10.0}",11.855647800000952
8,quantum/HS-overlap-ref-SVM,quantum,5,0.425,0.35,"{""clf__C"": 10.0}",11.855647800000952
8,quantum/HS-overlap-ref-SVM,quantum,6,0.525,0.5025,"{""clf__C"": 10.0}",11.855647800000952
8,quantum/HS-overlap-ref-SVM,quantum,7,0.4,0.41,"{""clf__C"": 10.0}",11.855647800000952
8,quantum/HS-overlap-ref-SVM,quantum,8,0.375,0.3175,"{""clf__C"": 10.0}",11.855647800000952
8,quantum/HS-overlap-ref-SVM,quantum,9,0.425,0.39,"{""clf__C"": 10.0}",11.855647800000952
8,quantum/HS-overlap-ref-SVM,quantum,10,0.45,0.4,"{""clf__C"": 10.0}",11.855647800000952
8,quantum/HS-overlap-ref-SVM,quantum,11,0.525,0.59,"{""clf__C"": 10.0}",11.855647800000952
8,quantum/HS-overlap-ref-SVM,quantum,12,0.5,0.49749999999999994,"{""clf__C"": 10.0}",11.855647800000952
8,quantum/HS-overlap-ref-SVM,quantum,13,0.325,0.3375,"{""clf__C"": 10.0}",11.855647800000952
8,quantum/HS-overlap-ref-SVM,quantum,14,0.475,0.475,"{""clf__C"": 10.0}",11.855647800000952
8,quantum/Fidelity-ref-SVM,quantum,0,0.525,0.62,"{""clf__C"": 0.1}",28.3548193000006
8,quantum/Fidelity-ref-SVM,quantum,1,0.4,0.45000000000000007,"{""clf__C"": 10.0}",28.3548193000006
8,quantum/Fidelity-ref-SVM,quantum,2,0.5,0.4575,"{""clf__C"": 10.0}",28.3548193000006
8,quantum/Fidelity-ref-SVM,quantum,3,0.525,0.515,"{""clf__C"": 10.0}",28.3548193000006
8,quantum/Fidelity-ref-SVM,quantum,4,0.45,0.44500000000000006,"{""clf__C"": 0.1}",28.3548193000006
8,quantum/Fidelity-ref-SVM,quantum,5,0.45,0.37,"{""clf__C"": 10.0}",28.3548193000006
8,quantum/Fidelity-ref-SVM,quantum,6,0.425,0.4225,"{""clf__C"": 0.1}",28.3548193000006
8,quantum/Fidelity-ref-SVM,quantum,7,0.35,0.37999999999999995,"{""clf__C"": 0.1}",28.3548193000006
8,quantum/Fidelity-ref-SVM,quantum,8,0.325,0.2525,"{""clf__C"": 10.0}",28.3548193000006
8,quantum/Fidelity-ref-SVM,quantum,9,0.35,0.385,"{""clf__C"": 10.0}",28.3548193000006
8,quantum/Fidelity-ref-SVM,quantum,10,0.375,0.3525,"{""clf__C"": 10.0}",28.3548193000006
8,quantum/Fidelity-ref-SVM,quantum,11,0.525,0.505,"{""clf__C"": 10.0}",28.3548193000006
8,quantum/Fidelity-ref-SVM,quantum,12,0.475,0.5,"{""clf__C"": 0.1}",28.3548193000006
8,quantum/Fidelity-ref-SVM,quantum,13,0.35,0.325,"{""clf__C"": 10.0}",28.3548193000006
8,quantum/Fidelity-ref-SVM,quantum,14,0.425,0.4425,"{""clf__C"": 0.1}",28.3548193000006
8,quantum/HS-RBF-ref-SVM,quantum,0,0.575,0.5700000000000001,"{""clf__C"": 10.0, ""clf__gamma_mult"": 1.0}",33.25630789999923
8,quantum/HS-RBF-ref-SVM,quantum,1,0.45,0.5675,"{""clf__C"": 10.0, ""clf__gamma_mult"": 1.0}",33.25630789999923
8,quantum/HS-RBF-ref-SVM,quantum,2,0.475,0.4775,"{""clf__C"": 10.0, ""clf__gamma_mult"": 0.25}",33.25630789999923
8,quantum/HS-RBF-ref-SVM,quantum,3,0.525,0.4525,"{""clf__C"": 10.0, ""clf__gamma_mult"": 1.0}",33.25630789999923
8,quantum/HS-RBF-ref-SVM,quantum,4,0.6,0.575,"{""clf__C"": 10.0, ""clf__gamma_mult"": 1.0}",33.25630789999923
8,quantum/HS-RBF-ref-SVM,quantum,5,0.575,0.53,"{""clf__C"": 10.0, ""clf__gamma_mult"": 1.0}",33.25630789999923
8,quantum/HS-RBF-ref-SVM,quantum,6,0.7,0.6225,"{""clf__C"": 10.0, ""clf__gamma_mult"": 1.0}",33.25630789999923
8,quantum/HS-RBF-ref-SVM,quantum,7,0.425,0.4475,"{""clf__C"": 10.0, ""clf__gamma_mult"": 1.0}",33.25630789999923
8,quantum/HS-RBF-ref-SVM,quantum,8,0.6,0.5775,"{""clf__C"": 10.0, ""clf__gamma_mult"": 1.0}",33.25630789999923
8,quantum/HS-RBF-ref-SVM,quantum,9,0.375,0.3225,"{""clf__C"": 10.0, ""clf__gamma_mult"": 1.0}",33.25630789999923
8,quantum/HS-RBF-ref-SVM,quantum,10,0.575,0.49250000000000005,"{""clf__C"": 10.0, ""clf__gamma_mult"": 1.0}",33.25630789999923
8,quantum/HS-RBF-ref-SVM,quantum,11,0.5,0.575,"{""clf__C"": 10.0, ""clf__gamma_mult"": 1.0}",33.25630789999923
8,quantum/HS-RBF-ref-SVM,quantum,12,0.625,0.515,"{""clf__C"": 10.0, ""clf__gamma_mult"": 0.25}",33.25630789999923
8,quantum/HS-RBF-ref-SVM,quantum,13,0.55,0.495,"{""clf__C"": 10.0, ""clf__gamma_mult"": 1.0}",33.25630789999923
8,quantum/HS-RBF-ref-SVM,quantum,14,0.55,0.5725,"{""clf__C"": 10.0, ""clf__gamma_mult"": 1.0}",33.25630789999923
8,quantum/Bures-RBF-ref-SVM,quantum,0,0.575,0.6125,"{""clf__C"": 10.0, ""clf__gamma_mult"": 1.0}",73.93448689999968
8,quantum/Bures-RBF-ref-SVM,quantum,1,0.525,0.5974999999999999,"{""clf__C"": 10.0, ""clf__gamma_mult"": 1.0}",73.93448689999968
8,quantum/Bures-RBF-ref-SVM,quantum,2,0.575,0.595,"{""clf__C"": 10.0, ""clf__gamma_mult"": 1.0}",73.93448689999968
8,quantum/Bures-RBF-ref-SVM,quantum,3,0.525,0.48,"{""clf__C"": 10.0, ""clf__gamma_mult"": 1.0}",73.93448689999968
8,quantum/Bures-RBF-ref-SVM,quantum,4,0.625,0.61,"{""clf__C"": 10.0, ""clf__gamma_mult"": 1.0}",73.93448689999968
8,quantum/Bures-RBF-ref-SVM,quantum,5,0.6,0.5800000000000001,"{""clf__C"": 10.0, ""clf__gamma_mult"": 1.0}",73.93448689999968
8,quantum/Bures-RBF-ref-SVM,quantum,6,0.7,0.6275,"{""clf__C"": 10.0, ""clf__gamma_mult"": 1.0}",73.93448689999968
8,quantum/Bures-RBF-ref-SVM,quantum,7,0.425,0.46499999999999997,"{""clf__C"": 10.0, ""clf__gamma_mult"": 1.0}",73.93448689999968
8,quantum/Bures-RBF-ref-SVM,quantum,8,0.575,0.5800000000000001,"{""clf__C"": 10.0, ""clf__gamma_mult"": 1.0}",73.93448689999968
8,quantum/Bures-RBF-ref-SVM,quantum,9,0.45,0.33499999999999996,"{""clf__C"": 10.0, ""clf__gamma_mult"": 1.0}",73.93448689999968
8,quantum/Bures-RBF-ref-SVM,quantum,10,0.55,0.48,"{""clf__C"": 10.0, ""clf__gamma_mult"": 1.0}",73.93448689999968
8,quantum/Bures-RBF-ref-SVM,quantum,11,0.525,0.5925,"{""clf__C"": 10.0, ""clf__gamma_mult"": 1.0}",73.93448689999968
8,quantum/Bures-RBF-ref-SVM,quantum,12,0.55,0.505,"{""clf__C"": 10.0, ""clf__gamma_mult"": 1.0}",73.93448689999968
8,quantum/Bures-RBF-ref-SVM,quantum,13,0.575,0.5125000000000001,"{""clf__C"": 10.0, ""clf__gamma_mult"": 1.0}",73.93448689999968
8,quantum/Bures-RBF-ref-SVM,quantum,14,0.55,0.5775,"{""clf__C"": 10.0, ""clf__gamma_mult"": 1.0}",73.93448689999968
8,quantum/QRE-RBF-SVM,quantum,0,0.425,0.5125,"{""clf__C"": 10.0, ""clf__gamma_mult"": 1.0}",36.26481090000016
8,quantum/QRE-RBF-SVM,quantum,1,0.35,0.3625,"{""clf__C"": 10.0, ""clf__gamma_mult"": 1.0}",36.26481090000016
8,quantum/QRE-RBF-SVM,quantum,2,0.45,0.4625,"{""clf__C"": 10.0, ""clf__gamma_mult"": 1.0}",36.26481090000016
8,quantum/QRE-RBF-SVM,quantum,3,0.525,0.4675,"{""clf__C"": 10.0, ""clf__gamma_mult"": 1.0}",36.26481090000016
8,quantum/QRE-RBF-SVM,quantum,4,0.55,0.5125,"{""clf__C"": 10.0, ""clf__gamma_mult"": 1.0}",36.26481090000016
8,quantum/QRE-RBF-SVM,quantum,5,0.45,0.41000000000000003,"{""clf__C"": 10.0, ""clf__gamma_mult"": 1.0}",36.26481090000016
8,quantum/QRE-RBF-SVM,quantum,6,0.55,0.515,"{""clf__C"": 10.0, ""clf__gamma_mult"": 1.0}",36.26481090000016
8,quantum/QRE-RBF-SVM,quantum,7,0.325,0.3525,"{""clf__C"": 10.0, ""clf__gamma_mult"": 1.0}",36.26481090000016
8,quantum/QRE-RBF-SVM,quantum,8,0.45,0.4825,"{""clf__C"": 10.0, ""clf__gamma_mult"": 1.0}",36.26481090000016
8,quantum/QRE-RBF-SVM,quantum,9,0.3,0.27749999999999997,"{""clf__C"": 10.0, ""clf__gamma_mult"": 1.0}",36.26481090000016
8,quantum/QRE-RBF-SVM,quantum,10,0.475,0.47,"{""clf__C"": 10.0, ""clf__gamma_mult"": 1.0}",36.26481090000016
8,quantum/QRE-RBF-SVM,quantum,11,0.525,0.5149999999999999,"{""clf__C"": 10.0, ""clf__gamma_mult"": 1.0}",36.26481090000016
8,quantum/QRE-RBF-SVM,quantum,12,0.375,0.3975,"{""clf__C"": 10.0, ""clf__gamma_mult"": 1.0}",36.26481090000016
8,quantum/QRE-RBF-SVM,quantum,13,0.4,0.4,"{""clf__C"": 10.0, ""clf__gamma_mult"": 1.0}",36.26481090000016
8,quantum/QRE-RBF-SVM,quantum,14,0.575,0.565,"{""clf__C"": 10.0, ""clf__gamma_mult"": 1.0}",36.26481090000016
8,quantum/QRE-RBF-ref-SVM,quantum,0,0.575,0.5974999999999999,"{""clf__C"": 10.0, ""clf__gamma_mult"": 1.0}",39.69167500000003
8,quantum/QRE-RBF-ref-SVM,quantum,1,0.525,0.595,"{""clf__C"": 10.0, ""clf__gamma_mult"": 1.0}",39.69167500000003
8,quantum/QRE-RBF-ref-SVM,quantum,2,0.575,0.5900000000000001,"{""clf__C"": 10.0, ""clf__gamma_mult"": 1.0}",39.69167500000003
8,quantum/QRE-RBF-ref-SVM,quantum,3,0.525,0.47,"{""clf__C"": 10.0, ""clf__gamma_mult"": 1.0}",39.69167500000003
8,quantum/QRE-RBF-ref-SVM,quantum,4,0.65,0.61,"{""clf__C"": 10.0, ""clf__gamma_mult"": 1.0}",39.69167500000003
8,quantum/QRE-RBF-ref-SVM,quantum,5,0.6,0.565,"{""clf__C"": 10.0, ""clf__gamma_mult"": 1.0}",39.69167500000003
8,quantum/QRE-RBF-ref-SVM,quantum,6,0.675,0.6275,"{""clf__C"": 10.0, ""clf__gamma_mult"": 1.0}",39.69167500000003
8,quantum/QRE-RBF-ref-SVM,quantum,7,0.425,0.45749999999999996,"{""clf__C"": 10.0, ""clf__gamma_mult"": 1.0}",39.69167500000003
8,quantum/QRE-RBF-ref-SVM,quantum,8,0.55,0.5725,"{""clf__C"": 10.0, ""clf__gamma_mult"": 1.0}",39.69167500000003
8,quantum/QRE-RBF-ref-SVM,quantum,9,0.4,0.335,"{""clf__C"": 10.0, ""clf__gamma_mult"": 1.0}",39.69167500000003
8,quantum/QRE-RBF-ref-SVM,quantum,10,0.575,0.485,"{""clf__C"": 10.0, ""clf__gamma_mult"": 1.0}",39.69167500000003
8,quantum/QRE-RBF-ref-SVM,quantum,11,0.525,0.5825,"{""clf__C"": 10.0, ""clf__gamma_mult"": 1.0}",39.69167500000003
8,quantum/QRE-RBF-ref-SVM,quantum,12,0.525,0.485,"{""clf__C"": 10.0, ""clf__gamma_mult"": 1.0}",39.69167500000003
8,quantum/QRE-RBF-ref-SVM,quantum,13,0.6,0.515,"{""clf__C"": 10.0, ""clf__gamma_mult"": 1.0}",39.69167500000003
8,quantum/QRE-RBF-ref-SVM,quantum,14,0.575,0.585,"{""clf__C"": 10.0, ""clf__gamma_mult"": 1.0}",39.69167500000003
8,quantum/IQP-kernel-SVM,quantum,0,0.55,0.46499999999999997,"{""clf__C"": 10.0, ""clf__scale"": 2.0}",37.56041539999933
8,quantum/IQP-kernel-SVM,quantum,1,0.55,0.5525,"{""clf__C"": 10.0, ""clf__scale"": 2.0}",37.56041539999933
8,quantum/IQP-kernel-SVM,quantum,2,0.55,0.5575,"{""clf__C"": 10.0, ""clf__scale"": 2.0}",37.56041539999933
8,quantum/IQP-kernel-SVM,quantum,3,0.375,0.405,"{""clf__C"": 10.0, ""clf__scale"": 2.0}",37.56041539999933
8,quantum/IQP-kernel-SVM,quantum,4,0.35,0.28500000000000003,"{""clf__C"": 10.0, ""clf__scale"": 2.0}",37.56041539999933
8,quantum/IQP-kernel-SVM,quantum,5,0.525,0.5425,"{""clf__C"": 10.0, ""clf__scale"": 2.0}",37.56041539999933
8,quantum/IQP-kernel-SVM,quantum,6,0.5,0.5525,"{""clf__C"": 10.0, ""clf__scale"": 2.0}",37.56041539999933
8,quantum/IQP-kernel-SVM,quantum,7,0.475,0.46,"{""clf__C"": 10.0, ""clf__scale"": 2.0}",37.56041539999933
8,quantum/IQP-kernel-SVM,quantum,8,0.425,0.38749999999999996,"{""clf__C"": 10.0, ""clf__scale"": 2.0}",37.56041539999933
8,quantum/IQP-kernel-SVM,quantum,9,0.525,0.4725,"{""clf__C"": 10.0, ""clf__scale"": 2.0}",37.56041539999933
8,quantum/IQP-kernel-SVM,quantum,10,0.45,0.4725,"{""clf__C"": 10.0, ""clf__scale"": 2.0}",37.56041539999933
8,quantum/IQP-kernel-SVM,quantum,11,0.475,0.48750000000000004,"{""clf__C"": 10.0, ""clf__scale"": 2.0}",37.56041539999933
8,quantum/IQP-kernel-SVM,quantum,12,0.5,0.495,"{""clf__C"": 10.0, ""clf__scale"": 2.0}",37.56041539999933
8,quantum/IQP-kernel-SVM,quantum,13,0.475,0.43,"{""clf__C"": 10.0, ""clf__scale"": 2.0}",37.56041539999933
8,quantum/IQP-kernel-SVM,quantum,14,0.65,0.62,"{""clf__C"": 10.0, ""clf__scale"": 2.0}",37.56041539999933
8,quantum/CNOT-kernel-SVM,quantum,0,0.4,0.36,"{""clf__C"": 10.0, ""clf__scale"": 2.0}",34.70810539999911
8,quantum/CNOT-kernel-SVM,quantum,1,0.5,0.44749999999999995,"{""clf__C"": 10.0, ""clf__scale"": 2.0}",34.70810539999911
8,quantum/CNOT-kernel-SVM,quantum,2,0.475,0.4575,"{""clf__C"": 10.0, ""clf__scale"": 2.0}",34.70810539999911
8,quantum/CNOT-kernel-SVM,quantum,3,0.5,0.4825,"{""clf__C"": 10.0, ""clf__scale"": 2.0}",34.70810539999911
8,quantum/CNOT-kernel-SVM,quantum,4,0.35,0.355,"{""clf__C"": 10.0, ""clf__scale"": 2.0}",34.70810539999911
8,quantum/CNOT-kernel-SVM,quantum,5,0.475,0.5149999999999999,"{""clf__C"": 10.0, ""clf__scale"": 2.0}",34.70810539999911
8,quantum/CNOT-kernel-SVM,quantum,6,0.55,0.5575,"{""clf__C"": 10.0, ""clf__scale"": 2.0}",34.70810539999911
8,quantum/CNOT-kernel-SVM,quantum,7,0.4,0.38250000000000006,"{""clf__C"": 10.0, ""clf__scale"": 2.0}",34.70810539999911
8,quantum/CNOT-kernel-SVM,quantum,8,0.45,0.45,"{""clf__C"": 10.0, ""clf__scale"": 2.0}",34.70810539999911
8,quantum/CNOT-kernel-SVM,quantum,9,0.5,0.4775,"{""clf__C"": 10.0, ""clf__scale"": 2.0}",34.70810539999911
8,quantum/CNOT-kernel-SVM,quantum,10,0.4,0.475,"{""clf__C"": 10.0, ""clf__scale"": 2.0}",34.70810539999911
8,quantum/CNOT-kernel-SVM,quantum,11,0.5,0.5449999999999999,"{""clf__C"": 10.0, ""clf__scale"": 2.0}",34.70810539999911
8,quantum/CNOT-kernel-SVM,quantum,12,0.5,0.445,"{""clf__C"": 10.0, ""clf__scale"": 2.0}",34.70810539999911
8,quantum/CNOT-kernel-SVM,quantum,13,0.4,0.34750000000000003,"{""clf__C"": 10.0, ""clf__scale"": 2.0}",34.70810539999911
8,quantum/CNOT-kernel-SVM,quantum,14,0.525,0.5825,"{""clf__C"": 10.0, ""clf__scale"": 2.0}",34.70810539999911
8,control/IQP-no-entangle,control,0,0.45,0.35750000000000004,"{""clf__C"": 10.0, ""clf__scale"": 2.0}",33.967983900000036
8,control/IQP-no-entangle,control,1,0.45,0.4475,"{""clf__C"": 10.0, ""clf__scale"": 2.0}",33.967983900000036
8,control/IQP-no-entangle,control,2,0.575,0.565,"{""clf__C"": 10.0, ""clf__scale"": 2.0}",33.967983900000036
8,control/IQP-no-entangle,control,3,0.55,0.515,"{""clf__C"": 10.0, ""clf__scale"": 2.0}",33.967983900000036
8,control/IQP-no-entangle,control,4,0.45,0.49749999999999994,"{""clf__C"": 10.0, ""clf__scale"": 2.0}",33.967983900000036
8,control/IQP-no-entangle,control,5,0.575,0.57,"{""clf__C"": 10.0, ""clf__scale"": 2.0}",33.967983900000036
8,control/IQP-no-entangle,control,6,0.525,0.55,"{""clf__C"": 10.0, ""clf__scale"": 2.0}",33.967983900000036
8,control/IQP-no-entangle,control,7,0.575,0.5675,"{""clf__C"": 10.0, ""clf__scale"": 2.0}",33.967983900000036
8,control/IQP-no-entangle,control,8,0.55,0.5,"{""clf__C"": 10.0, ""clf__scale"": 2.0}",33.967983900000036
8,control/IQP-no-entangle,control,9,0.5,0.485,"{""clf__C"": 10.0, ""clf__scale"": 2.0}",33.967983900000036
8,control/IQP-no-entangle,control,10,0.475,0.4825,"{""clf__C"": 10.0, ""clf__scale"": 2.0}",33.967983900000036
8,control/IQP-no-entangle,control,11,0.475,0.46249999999999997,"{""clf__C"": 10.0, ""clf__scale"": 2.0}",33.967983900000036
8,control/IQP-no-entangle,control,12,0.5,0.41000000000000003,"{""clf__C"": 10.0, ""clf__scale"": 2.0}",33.967983900000036
8,control/IQP-no-entangle,control,13,0.325,0.33499999999999996,"{""clf__C"": 10.0, ""clf__scale"": 2.0}",33.967983900000036
8,control/IQP-no-entangle,control,14,0.475,0.525,"{""clf__C"": 10.0, ""clf__scale"": 2.0}",33.967983900000036
8,control/PCA-matched-RBF,control,0,0.45,0.45499999999999996,"{""clf__C"": 10.0, ""clf__gamma"": 0.1}",30.8684587000007
8,control/PCA-matched-RBF,control,1,0.425,0.4675,"{""clf__C"": 1.0, ""clf__gamma"": ""scale""}",30.8684587000007
8,control/PCA-matched-RBF,control,2,0.4,0.3775,"{""clf__C"": 0.1, ""clf__gamma"": 0.1}",30.8684587000007
8,control/PCA-matched-RBF,control,3,0.55,0.49500000000000005,"{""clf__C"": 10.0, ""clf__gamma"": ""scale""}",30.8684587000007
8,control/PCA-matched-RBF,control,4,0.55,0.47500000000000003,"{""clf__C"": 10.0, ""clf__gamma"": ""scale""}",30.8684587000007
8,control/PCA-matched-RBF,control,5,0.325,0.3275,"{""clf__C"": 1.0, ""clf__gamma"": 0.1}",30.8684587000007
8,control/PCA-matched-RBF,control,6,0.725,0.7325000000000002,"{""clf__C"": 10.0, ""clf__gamma"": ""scale""}",30.8684587000007
8,control/PCA-matched-RBF,control,7,0.425,0.4275,"{""clf__C"": 10.0, ""clf__gamma"": ""scale""}",30.8684587000007
8,control/PCA-matched-RBF,control,8,0.4,0.3375,"{""clf__C"": 1.0, ""clf__gamma"": ""scale""}",30.8684587000007
8,control/PCA-matched-RBF,control,9,0.525,0.46499999999999997,"{""clf__C"": 10.0, ""clf__gamma"": ""scale""}",30.8684587000007
8,control/PCA-matched-RBF,control,10,0.475,0.5525,"{""clf__C"": 10.0, ""clf__gamma"": ""scale""}",30.8684587000007
8,control/PCA-matched-RBF,control,11,0.425,0.45249999999999996,"{""clf__C"": 10.0, ""clf__gamma"": ""scale""}",30.8684587000007
8,control/PCA-matched-RBF,control,12,0.525,0.5425,"{""clf__C"": 10.0, ""clf__gamma"": ""scale""}",30.8684587000007
8,control/PCA-matched-RBF,control,13,0.425,0.3825,"{""clf__C"": 10.0, ""clf__gamma"": ""scale""}",30.8684587000007
8,control/PCA-matched-RBF,control,14,0.6,0.6799999999999999,"{""clf__C"": 10.0, ""clf__gamma"": ""scale""}",30.8684587000007
8,control/PCA-matched-linear,control,0,0.6,0.5675,"{""clf__C"": 10.0}",11.058164199999737
8,control/PCA-matched-linear,control,1,0.425,0.485,"{""clf__C"": 1.0}",11.058164199999737
8,control/PCA-matched-linear,control,2,0.375,0.3575,"{""clf__C"": 0.1}",11.058164199999737
8,control/PCA-matched-linear,control,3,0.525,0.45,"{""clf__C"": 0.1}",11.058164199999737
8,control/PCA-matched-linear,control,4,0.5,0.5025,"{""clf__C"": 10.0}",11.058164199999737
8,control/PCA-matched-linear,control,5,0.45,0.3775,"{""clf__C"": 10.0}",11.058164199999737
8,control/PCA-matched-linear,control,6,0.425,0.47250000000000003,"{""clf__C"": 0.1}",11.058164199999737
8,control/PCA-matched-linear,control,7,0.4,0.3725,"{""clf__C"": 1.0}",11.058164199999737
8,control/PCA-matched-linear,control,8,0.25,0.195,"{""clf__C"": 0.1}",11.058164199999737
8,control/PCA-matched-linear,control,9,0.5,0.4675,"{""clf__C"": 0.1}",11.058164199999737
8,control/PCA-matched-linear,control,10,0.45,0.43000000000000005,"{""clf__C"": 1.0}",11.058164199999737
8,control/PCA-matched-linear,control,11,0.475,0.5175,"{""clf__C"": 0.1}",11.058164199999737
8,control/PCA-matched-linear,control,12,0.475,0.51,"{""clf__C"": 0.1}",11.058164199999737
8,control/PCA-matched-linear,control,13,0.425,0.40249999999999997,"{""clf__C"": 1.0}",11.058164199999737
8,control/PCA-matched-linear,control,14,0.5,0.43999999999999995,"{""clf__C"": 1.0}",11.058164199999737
8,control/logeuclid-TS+LR,control,0,0.575,0.58,"{""clf__C"": 10.0}",10.189187799998763
8,control/logeuclid-TS+LR,control,1,0.45,0.46,"{""clf__C"": 1.0}",10.189187799998763
8,control/logeuclid-TS+LR,control,2,0.4,0.39,"{""clf__C"": 0.1}",10.189187799998763
8,control/logeuclid-TS+LR,control,3,0.4,0.49000000000000005,"{""clf__C"": 0.1}",10.189187799998763
8,control/logeuclid-TS+LR,control,4,0.5,0.41,"{""clf__C"": 10.0}",10.189187799998763
8,control/logeuclid-TS+LR,control,5,0.45,0.44999999999999996,"{""clf__C"": 1.0}",10.189187799998763
8,control/logeuclid-TS+LR,control,6,0.45,0.40249999999999997,"{""clf__C"": 10.0}",10.189187799998763
8,control/logeuclid-TS+LR,control,7,0.4,0.40499999999999997,"{""clf__C"": 10.0}",10.189187799998763
8,control/logeuclid-TS+LR,control,8,0.3,0.31,"{""clf__C"": 0.1}",10.189187799998763
8,control/logeuclid-TS+LR,control,9,0.425,0.3725,"{""clf__C"": 10.0}",10.189187799998763
8,control/logeuclid-TS+LR,control,10,0.375,0.34750000000000003,"{""clf__C"": 10.0}",10.189187799998763
8,control/logeuclid-TS+LR,control,11,0.475,0.5525,"{""clf__C"": 0.1}",10.189187799998763
8,control/logeuclid-TS+LR,control,12,0.525,0.46249999999999997,"{""clf__C"": 10.0}",10.189187799998763
8,control/logeuclid-TS+LR,control,13,0.325,0.28,"{""clf__C"": 10.0}",10.189187799998763
8,control/logeuclid-TS+LR,control,14,0.475,0.4975,"{""clf__C"": 10.0}",10.189187799998763
8,control/riemann-kernel-SVM,control,0,0.55,0.5925,"{""clf__C"": 10.0}",11.733479799999259
8,control/riemann-kernel-SVM,control,1,0.55,0.5475,"{""clf__C"": 10.0}",11.733479799999259
8,control/riemann-kernel-SVM,control,2,0.4,0.47,"{""clf__C"": 10.0}",11.733479799999259
8,control/riemann-kernel-SVM,control,3,0.475,0.4425,"{""clf__C"": 10.0}",11.733479799999259
8,control/riemann-kernel-SVM,control,4,0.45,0.45999999999999996,"{""clf__C"": 10.0}",11.733479799999259
8,control/riemann-kernel-SVM,control,5,0.425,0.41000000000000003,"{""clf__C"": 10.0}",11.733479799999259
8,control/riemann-kernel-SVM,control,6,0.525,0.47250000000000003,"{""clf__C"": 10.0}",11.733479799999259
8,control/riemann-kernel-SVM,control,7,0.375,0.41000000000000003,"{""clf__C"": 10.0}",11.733479799999259
8,control/riemann-kernel-SVM,control,8,0.4,0.405,"{""clf__C"": 10.0}",11.733479799999259
8,control/riemann-kernel-SVM,control,9,0.475,0.395,"{""clf__C"": 10.0}",11.733479799999259
8,control/riemann-kernel-SVM,control,10,0.375,0.365,"{""clf__C"": 10.0}",11.733479799999259
8,control/riemann-kernel-SVM,control,11,0.425,0.48,"{""clf__C"": 10.0}",11.733479799999259
8,control/riemann-kernel-SVM,control,12,0.5,0.55,"{""clf__C"": 10.0}",11.733479799999259
8,control/riemann-kernel-SVM,control,13,0.45,0.43,"{""clf__C"": 10.0}",11.733479799999259
8,control/riemann-kernel-SVM,control,14,0.5,0.46749999999999997,"{""clf__C"": 10.0}",11.733479799999259
8,control/logeuclid-kernel-SVM,control,0,0.5,0.5775,"{""clf__C"": 10.0}",11.4621573000004
8,control/logeuclid-kernel-SVM,control,1,0.525,0.5425,"{""clf__C"": 10.0}",11.4621573000004
8,control/logeuclid-kernel-SVM,control,2,0.475,0.495,"{""clf__C"": 10.0}",11.4621573000004
8,control/logeuclid-kernel-SVM,control,3,0.425,0.4475,"{""clf__C"": 10.0}",11.4621573000004
8,control/logeuclid-kernel-SVM,control,4,0.525,0.46749999999999997,"{""clf__C"": 10.0}",11.4621573000004
8,control/logeuclid-kernel-SVM,control,5,0.525,0.4,"{""clf__C"": 10.0}",11.4621573000004
8,control/logeuclid-kernel-SVM,control,6,0.55,0.505,"{""clf__C"": 10.0}",11.4621573000004
8,control/logeuclid-kernel-SVM,control,7,0.375,0.4,"{""clf__C"": 10.0}",11.4621573000004
8,control/logeuclid-kernel-SVM,control,8,0.425,0.38999999999999996,"{""clf__C"": 10.0}",11.4621573000004
8,control/logeuclid-kernel-SVM,control,9,0.475,0.395,"{""clf__C"": 10.0}",11.4621573000004
8,control/logeuclid-kernel-SVM,control,10,0.425,0.385,"{""clf__C"": 10.0}",11.4621573000004
8,control/logeuclid-kernel-SVM,control,11,0.425,0.455,"{""clf__C"": 10.0}",11.4621573000004
8,control/logeuclid-kernel-SVM,control,12,0.55,0.6000000000000001,"{""clf__C"": 10.0}",11.4621573000004
8,control/logeuclid-kernel-SVM,control,13,0.525,0.425,"{""clf__C"": 10.0}",11.4621573000004
8,control/logeuclid-kernel-SVM,control,14,0.5,0.485,"{""clf__C"": 10.0}",11.4621573000004
9,classical/logvar+LDA,classical,0,0.7291666666666666,0.7395833333333334,{},0.1439078999992489
9,classical/logvar+LDA,classical,1,0.7083333333333334,0.7118055555555556,{},0.1439078999992489
9,classical/logvar+LDA,classical,2,0.5833333333333334,0.6475694444444444,{},0.1439078999992489
9,classical/logvar+LDA,classical,3,0.6041666666666666,0.6197916666666667,{},0.1439078999992489
9,classical/logvar+LDA,classical,4,0.6458333333333334,0.6822916666666667,{},0.1439078999992489
9,classical/logvar+LDA,classical,5,0.6458333333333334,0.6701388888888888,{},0.1439078999992489
9,classical/logvar+LDA,classical,6,0.6666666666666666,0.75,{},0.1439078999992489
9,classical/logvar+LDA,classical,7,0.625,0.6875,{},0.1439078999992489
9,classical/logvar+LDA,classical,8,0.5416666666666666,0.5451388888888888,{},0.1439078999992489
9,classical/logvar+LDA,classical,9,0.6875,0.7152777777777778,{},0.1439078999992489
9,classical/logvar+LDA,classical,10,0.7291666666666666,0.765625,{},0.1439078999992489
9,classical/logvar+LDA,classical,11,0.6875,0.6892361111111112,{},0.1439078999992489
9,classical/logvar+LDA,classical,12,0.5625,0.6493055555555556,{},0.1439078999992489
9,classical/logvar+LDA,classical,13,0.5625,0.6510416666666666,{},0.1439078999992489
9,classical/logvar+LDA,classical,14,0.6458333333333334,0.6666666666666666,{},0.1439078999992489
9,classical/CSP+LDA,classical,0,0.6041666666666666,0.7326388888888888,"{""csp__nfilter"": 6}",11.19110610000098
9,classical/CSP+LDA,classical,1,0.6666666666666666,0.7447916666666666,"{""csp__nfilter"": 6}",11.19110610000098
9,classical/CSP+LDA,classical,2,0.75,0.8159722222222222,"{""csp__nfilter"": 2}",11.19110610000098
9,classical/CSP+LDA,classical,3,0.5833333333333334,0.7170138888888888,"{""csp__nfilter"": 4}",11.19110610000098
9,classical/CSP+LDA,classical,4,0.75,0.8871527777777778,"{""csp__nfilter"": 4}",11.19110610000098
9,classical/CSP+LDA,classical,5,0.7291666666666666,0.8090277777777778,"{""csp__nfilter"": 4}",11.19110610000098
9,classical/CSP+LDA,classical,6,0.625,0.7222222222222222,"{""csp__nfilter"": 4}",11.19110610000098
9,classical/CSP+LDA,classical,7,0.7291666666666666,0.8524305555555556,"{""csp__nfilter"": 4}",11.19110610000098
9,classical/CSP+LDA,classical,8,0.625,0.6631944444444444,"{""csp__nfilter"": 6}",11.19110610000098
9,classical/CSP+LDA,classical,9,0.7916666666666666,0.873263888888889,"{""csp__nfilter"": 4}",11.19110610000098
9,classical/CSP+LDA,classical,10,0.6875,0.7934027777777777,"{""csp__nfilter"": 4}",11.19110610000098
9,classical/CSP+LDA,classical,11,0.6666666666666666,0.7864583333333334,"{""csp__nfilter"": 4}",11.19110610000098
9,classical/CSP+LDA,classical,12,0.6666666666666666,0.7239583333333333,"{""csp__nfilter"": 2}",11.19110610000098
9,classical/CSP+LDA,classical,13,0.7708333333333334,0.7569444444444444,"{""csp__nfilter"": 2}",11.19110610000098
9,classical/CSP+LDA,classical,14,0.7083333333333334,0.8402777777777778,"{""csp__nfilter"": 4}",11.19110610000098
9,classical/MDM,classical,0,0.6666666666666666,0.78125,{},1.4070417000002635
9,classical/MDM,classical,1,0.6458333333333334,0.7291666666666666,{},1.4070417000002635
9,classical/MDM,classical,2,0.75,0.8142361111111112,{},1.4070417000002635
9,classical/MDM,classical,3,0.625,0.71875,{},1.4070417000002635
9,classical/MDM,classical,4,0.7083333333333334,0.8680555555555556,{},1.4070417000002635
9,classical/MDM,classical,5,0.7291666666666666,0.7760416666666667,{},1.4070417000002635
9,classical/MDM,classical,6,0.625,0.7048611111111112,{},1.4070417000002635
9,classical/MDM,classical,7,0.75,0.8454861111111112,{},1.4070417000002635
9,classical/MDM,classical,8,0.5,0.5503472222222222,{},1.4070417000002635
9,classical/MDM,classical,9,0.7916666666666666,0.8663194444444445,{},1.4070417000002635
9,classical/MDM,classical,10,0.6875,0.8333333333333334,{},1.4070417000002635
9,classical/MDM,classical,11,0.6666666666666666,0.7517361111111112,{},1.4070417000002635
9,classical/MDM,classical,12,0.625,0.7100694444444444,{},1.4070417000002635
9,classical/MDM,classical,13,0.6875,0.7048611111111112,{},1.4070417000002635
9,classical/MDM,classical,14,0.6875,0.8263888888888888,{},1.4070417000002635
9,classical/TS+LR,classical,0,0.625,0.7343750000000001,"{""clf__C"": 0.1}",13.367303999999422
9,classical/TS+LR,classical,1,0.7083333333333334,0.7465277777777778,"{""clf__C"": 0.1}",13.367303999999422
9,classical/TS+LR,classical,2,0.75,0.8489583333333333,"{""clf__C"": 0.1}",13.367303999999422
9,classical/TS+LR,classical,3,0.6458333333333334,0.7118055555555556,"{""clf__C"": 0.1}",13.367303999999422
9,classical/TS+LR,classical,4,0.75,0.8645833333333334,"{""clf__C"": 1.0}",13.367303999999422
9,classical/TS+LR,classical,5,0.6041666666666666,0.7187499999999999,"{""clf__C"": 10.0}",13.367303999999422
9,classical/TS+LR,classical,6,0.6458333333333334,0.7083333333333334,"{""clf__C"": 1.0}",13.367303999999422
9,classical/TS+LR,classical,7,0.75,0.8194444444444445,"{""clf__C"": 0.1}",13.367303999999422
9,classical/TS+LR,classical,8,0.625,0.6579861111111112,"{""clf__C"": 0.1}",13.367303999999422
9,classical/TS+LR,classical,9,0.75,0.8940972222222222,"{""clf__C"": 1.0}",13.367303999999422
9,classical/TS+LR,classical,10,0.625,0.720486111111111,"{""clf__C"": 0.1}",13.367303999999422
9,classical/TS+LR,classical,11,0.7083333333333334,0.7899305555555556,"{""clf__C"": 0.1}",13.367303999999422
9,classical/TS+LR,classical,12,0.6666666666666666,0.7725694444444444,"{""clf__C"": 0.1}",13.367303999999422
9,classical/TS+LR,classical,13,0.6875,0.8072916666666666,"{""clf__C"": 0.1}",13.367303999999422
9,classical/TS+LR,classical,14,0.75,0.7934027777777778,"{""clf__C"": 0.1}",13.367303999999422
9,classical/TS+RBF-SVM,classical,0,0.5625,0.6892361111111112,"{""clf__C"": 0.1, ""clf__gamma"": 0.01}",36.47767659999954
9,classical/TS+RBF-SVM,classical,1,0.6458333333333334,0.6753472222222222,"{""clf__C"": 10.0, ""clf__gamma"": ""scale""}",36.47767659999954
9,classical/TS+RBF-SVM,classical,2,0.7708333333333334,0.8489583333333333,"{""clf__C"": 0.1, ""clf__gamma"": 0.01}",36.47767659999954
9,classical/TS+RBF-SVM,classical,3,0.6041666666666666,0.7170138888888888,"{""clf__C"": 0.1, ""clf__gamma"": 0.01}",36.47767659999954
9,classical/TS+RBF-SVM,classical,4,0.7916666666666666,0.8680555555555556,"{""clf__C"": 1.0, ""clf__gamma"": ""scale""}",36.47767659999954
9,classical/TS+RBF-SVM,classical,5,0.6875,0.763888888888889,"{""clf__C"": 10.0, ""clf__gamma"": ""scale""}",36.47767659999954
9,classical/TS+RBF-SVM,classical,6,0.6666666666666666,0.6822916666666667,"{""clf__C"": 10.0, ""clf__gamma"": 0.01}",36.47767659999954
9,classical/TS+RBF-SVM,classical,7,0.7083333333333334,0.7499999999999999,"{""clf__C"": 10.0, ""clf__gamma"": ""scale""}",36.47767659999954
9,classical/TS+RBF-SVM,classical,8,0.5208333333333334,0.53125,"{""clf__C"": 0.1, ""clf__gamma"": 0.01}",36.47767659999954
9,classical/TS+RBF-SVM,classical,9,0.8125,0.8194444444444444,"{""clf__C"": 10.0, ""clf__gamma"": 0.01}",36.47767659999954
9,classical/TS+RBF-SVM,classical,10,0.6666666666666666,0.763888888888889,"{""clf__C"": 0.1, ""clf__gamma"": ""scale""}",36.47767659999954
9,classical/TS+RBF-SVM,classical,11,0.625,0.6267361111111112,"{""clf__C"": 10.0, ""clf__gamma"": ""scale""}",36.47767659999954
9,classical/TS+RBF-SVM,classical,12,0.7083333333333334,0.7552083333333333,"{""clf__C"": 10.0, ""clf__gamma"": 0.01}",36.47767659999954
9,classical/TS+RBF-SVM,classical,13,0.7083333333333334,0.7291666666666666,"{""clf__C"": 10.0, ""clf__gamma"": 0.01}",36.47767659999954
9,classical/TS+RBF-SVM,classical,14,0.7291666666666666,0.7795138888888888,"{""clf__C"": 1.0, ""clf__gamma"": 0.01}",36.47767659999954
9,quantum/HS-overlap-SVM,quantum,0,0.6875,0.7690972222222222,"{""clf__C"": 10.0}",12.475687199999811
9,quantum/HS-overlap-SVM,quantum,1,0.6666666666666666,0.7152777777777778,"{""clf__C"": 10.0}",12.475687199999811
9,quantum/HS-overlap-SVM,quantum,2,0.6458333333333334,0.7777777777777778,"{""clf__C"": 10.0}",12.475687199999811
9,quantum/HS-overlap-SVM,quantum,3,0.5625,0.6614583333333334,"{""clf__C"": 10.0}",12.475687199999811
9,quantum/HS-overlap-SVM,quantum,4,0.7083333333333334,0.829861111111111,"{""clf__C"": 10.0}",12.475687199999811
9,quantum/HS-overlap-SVM,quantum,5,0.6875,0.7777777777777778,"{""clf__C"": 10.0}",12.475687199999811
9,quantum/HS-overlap-SVM,quantum,6,0.625,0.7465277777777778,"{""clf__C"": 10.0}",12.475687199999811
9,quantum/HS-overlap-SVM,quantum,7,0.7083333333333334,0.782986111111111,"{""clf__C"": 10.0}",12.475687199999811
9,quantum/HS-overlap-SVM,quantum,8,0.5625,0.638888888888889,"{""clf__C"": 10.0}",12.475687199999811
9,quantum/HS-overlap-SVM,quantum,9,0.75,0.796875,"{""clf__C"": 10.0}",12.475687199999811
9,quantum/HS-overlap-SVM,quantum,10,0.7291666666666666,0.8020833333333333,"{""clf__C"": 10.0}",12.475687199999811
9,quantum/HS-overlap-SVM,quantum,11,0.6875,0.7586805555555556,"{""clf__C"": 10.0}",12.475687199999811
9,quantum/HS-overlap-SVM,quantum,12,0.6458333333333334,0.7673611111111112,"{""clf__C"": 10.0}",12.475687199999811
9,quantum/HS-overlap-SVM,quantum,13,0.7083333333333334,0.8038194444444444,"{""clf__C"": 10.0}",12.475687199999811
9,quantum/HS-overlap-SVM,quantum,14,0.6458333333333334,0.7118055555555556,"{""clf__C"": 10.0}",12.475687199999811
9,quantum/Fidelity-SVM,quantum,0,0.6458333333333334,0.7413194444444445,"{""clf__C"": 10.0}",33.16331039999932
9,quantum/Fidelity-SVM,quantum,1,0.6666666666666666,0.7256944444444445,"{""clf__C"": 10.0}",33.16331039999932
9,quantum/Fidelity-SVM,quantum,2,0.75,0.8246527777777778,"{""clf__C"": 10.0}",33.16331039999932
9,quantum/Fidelity-SVM,quantum,3,0.5833333333333334,0.7222222222222222,"{""clf__C"": 10.0}",33.16331039999932
9,quantum/Fidelity-SVM,quantum,4,0.8333333333333334,0.8819444444444444,"{""clf__C"": 10.0}",33.16331039999932
9,quantum/Fidelity-SVM,quantum,5,0.7291666666666666,0.8072916666666666,"{""clf__C"": 10.0}",33.16331039999932
9,quantum/Fidelity-SVM,quantum,6,0.6041666666666666,0.734375,"{""clf__C"": 10.0}",33.16331039999932
9,quantum/Fidelity-SVM,quantum,7,0.75,0.829861111111111,"{""clf__C"": 10.0}",33.16331039999932
9,quantum/Fidelity-SVM,quantum,8,0.6041666666666666,0.6770833333333333,"{""clf__C"": 10.0}",33.16331039999932
9,quantum/Fidelity-SVM,quantum,9,0.7916666666666666,0.8559027777777778,"{""clf__C"": 10.0}",33.16331039999932
9,quantum/Fidelity-SVM,quantum,10,0.7291666666666666,0.8229166666666666,"{""clf__C"": 10.0}",33.16331039999932
9,quantum/Fidelity-SVM,quantum,11,0.75,0.7864583333333334,"{""clf__C"": 10.0}",33.16331039999932
9,quantum/Fidelity-SVM,quantum,12,0.625,0.7951388888888888,"{""clf__C"": 10.0}",33.16331039999932
9,quantum/Fidelity-SVM,quantum,13,0.6875,0.8090277777777778,"{""clf__C"": 10.0}",33.16331039999932
9,quantum/Fidelity-SVM,quantum,14,0.6875,0.7430555555555556,"{""clf__C"": 10.0}",33.16331039999932
9,quantum/HS-RBF-SVM,quantum,0,0.6875,0.720486111111111,"{""clf__C"": 10.0, ""clf__gamma_mult"": 1.0}",36.044271100001424
9,quantum/HS-RBF-SVM,quantum,1,0.6875,0.6961805555555556,"{""clf__C"": 10.0, ""clf__gamma_mult"": 1.0}",36.044271100001424
9,quantum/HS-RBF-SVM,quantum,2,0.6875,0.7569444444444444,"{""clf__C"": 10.0, ""clf__gamma_mult"": 1.0}",36.044271100001424
9,quantum/HS-RBF-SVM,quantum,3,0.5833333333333334,0.6319444444444445,"{""clf__C"": 10.0, ""clf__gamma_mult"": 1.0}",36.044271100001424
9,quantum/HS-RBF-SVM,quantum,4,0.6666666666666666,0.7795138888888888,"{""clf__C"": 10.0, ""clf__gamma_mult"": 1.0}",36.044271100001424
9,quantum/HS-RBF-SVM,quantum,5,0.7083333333333334,0.7118055555555556,"{""clf__C"": 10.0, ""clf__gamma_mult"": 1.0}",36.044271100001424
9,quantum/HS-RBF-SVM,quantum,6,0.6041666666666666,0.6840277777777779,"{""clf__C"": 10.0, ""clf__gamma_mult"": 1.0}",36.044271100001424
9,quantum/HS-RBF-SVM,quantum,7,0.75,0.8003472222222222,"{""clf__C"": 10.0, ""clf__gamma_mult"": 1.0}",36.044271100001424
9,quantum/HS-RBF-SVM,quantum,8,0.6458333333333334,0.607638888888889,"{""clf__C"": 10.0, ""clf__gamma_mult"": 1.0}",36.044271100001424
9,quantum/HS-RBF-SVM,quantum,9,0.7083333333333334,0.8402777777777778,"{""clf__C"": 10.0, ""clf__gamma_mult"": 1.0}",36.044271100001424
9,quantum/HS-RBF-SVM,quantum,10,0.5208333333333334,0.6145833333333333,"{""clf__C"": 10.0, ""clf__gamma_mult"": 1.0}",36.044271100001424
9,quantum/HS-RBF-SVM,quantum,11,0.6875,0.7586805555555555,"{""clf__C"": 10.0, ""clf__gamma_mult"": 1.0}",36.044271100001424
9,quantum/HS-RBF-SVM,quantum,12,0.625,0.6927083333333334,"{""clf__C"": 10.0, ""clf__gamma_mult"": 1.0}",36.044271100001424
9,quantum/HS-RBF-SVM,quantum,13,0.6666666666666666,0.7465277777777777,"{""clf__C"": 10.0, ""clf__gamma_mult"": 1.0}",36.044271100001424
9,quantum/HS-RBF-SVM,quantum,14,0.5625,0.5972222222222222,"{""clf__C"": 10.0, ""clf__gamma_mult"": 1.0}",36.044271100001424
9,quantum/Bures-RBF-SVM,quantum,0,0.7083333333333334,0.732638888888889,"{""clf__C"": 10.0, ""clf__gamma_mult"": 1.0}",84.24505130000034
9,quantum/Bures-RBF-SVM,quantum,1,0.6458333333333334,0.7361111111111112,"{""clf__C"": 10.0, ""clf__gamma_mult"": 0.25}",84.24505130000034
9,quantum/Bures-RBF-SVM,quantum,2,0.7083333333333334,0.8263888888888888,"{""clf__C"": 10.0, ""clf__gamma_mult"": 0.25}",84.24505130000034
9,quantum/Bures-RBF-SVM,quantum,3,0.625,0.6909722222222222,"{""clf__C"": 10.0, ""clf__gamma_mult"": 0.25}",84.24505130000034
9,quantum/Bures-RBF-SVM,quantum,4,0.7916666666666666,0.8559027777777778,"{""clf__C"": 10.0, ""clf__gamma_mult"": 1.0}",84.24505130000034
9,quantum/Bures-RBF-SVM,quantum,5,0.6875,0.7743055555555556,"{""clf__C"": 10.0, ""clf__gamma_mult"": 0.25}",84.24505130000034
9,quantum/Bures-RBF-SVM,quantum,6,0.7083333333333334,0.71875,"{""clf__C"": 10.0, ""clf__gamma_mult"": 1.0}",84.24505130000034
9,quantum/Bures-RBF-SVM,quantum,7,0.7708333333333334,0.8420138888888888,"{""clf__C"": 10.0, ""clf__gamma_mult"": 0.25}",84.24505130000034
9,quantum/Bures-RBF-SVM,quantum,8,0.625,0.6875,"{""clf__C"": 10.0, ""clf__gamma_mult"": 0.25}",84.24505130000034
9,quantum/Bures-RBF-SVM,quantum,9,0.8125,0.8680555555555557,"{""clf__C"": 10.0, ""clf__gamma_mult"": 1.0}",84.24505130000034
9,quantum/Bures-RBF-SVM,quantum,10,0.5833333333333334,0.6267361111111112,"{""clf__C"": 10.0, ""clf__gamma_mult"": 1.0}",84.24505130000034
9,quantum/Bures-RBF-SVM,quantum,11,0.6666666666666666,0.7881944444444444,"{""clf__C"": 10.0, ""clf__gamma_mult"": 0.25}",84.24505130000034
9,quantum/Bures-RBF-SVM,quantum,12,0.6458333333333334,0.6840277777777778,"{""clf__C"": 10.0, ""clf__gamma_mult"": 1.0}",84.24505130000034
9,quantum/Bures-RBF-SVM,quantum,13,0.75,0.7725694444444444,"{""clf__C"": 10.0, ""clf__gamma_mult"": 1.0}",84.24505130000034
9,quantum/Bures-RBF-SVM,quantum,14,0.5833333333333334,0.6614583333333334,"{""clf__C"": 10.0, ""clf__gamma_mult"": 1.0}",84.24505130000034
9,quantum/HS-overlap-ref-SVM,quantum,0,0.625,0.7777777777777778,"{""clf__C"": 10.0}",14.552506599999106
9,quantum/HS-overlap-ref-SVM,quantum,1,0.6041666666666666,0.7361111111111112,"{""clf__C"": 10.0}",14.552506599999106
9,quantum/HS-overlap-ref-SVM,quantum,2,0.8125,0.8663194444444444,"{""clf__C"": 10.0}",14.552506599999106
9,quantum/HS-overlap-ref-SVM,quantum,3,0.6458333333333334,0.7152777777777778,"{""clf__C"": 10.0}",14.552506599999106
9,quantum/HS-overlap-ref-SVM,quantum,4,0.7916666666666666,0.8975694444444444,"{""clf__C"": 10.0}",14.552506599999106
9,quantum/HS-overlap-ref-SVM,quantum,5,0.6458333333333334,0.7777777777777778,"{""clf__C"": 10.0}",14.552506599999106
9,quantum/HS-overlap-ref-SVM,quantum,6,0.6458333333333334,0.765625,"{""clf__C"": 10.0}",14.552506599999106
9,quantum/HS-overlap-ref-SVM,quantum,7,0.7291666666666666,0.8246527777777778,"{""clf__C"": 10.0}",14.552506599999106
9,quantum/HS-overlap-ref-SVM,quantum,8,0.5833333333333334,0.6927083333333334,"{""clf__C"": 10.0}",14.552506599999106
9,quantum/HS-overlap-ref-SVM,quantum,9,0.75,0.9027777777777777,"{""clf__C"": 10.0}",14.552506599999106
9,quantum/HS-overlap-ref-SVM,quantum,10,0.625,0.736111111111111,"{""clf__C"": 10.0}",14.552506599999106
9,quantum/HS-overlap-ref-SVM,quantum,11,0.7708333333333334,0.8159722222222222,"{""clf__C"": 10.0}",14.552506599999106
9,quantum/HS-overlap-ref-SVM,quantum,12,0.7083333333333334,0.765625,"{""clf__C"": 10.0}",14.552506599999106
9,quantum/HS-overlap-ref-SVM,quantum,13,0.7291666666666666,0.8142361111111112,"{""clf__C"": 10.0}",14.552506599999106
9,quantum/HS-overlap-ref-SVM,quantum,14,0.6666666666666666,0.78125,"{""clf__C"": 10.0}",14.552506599999106
9,quantum/Fidelity-ref-SVM,quantum,0,0.625,0.7621527777777778,"{""clf__C"": 10.0}",37.066003900001306
9,quantum/Fidelity-ref-SVM,quantum,1,0.6875,0.75,"{""clf__C"": 10.0}",37.066003900001306
9,quantum/Fidelity-ref-SVM,quantum,2,0.7708333333333334,0.8524305555555555,"{""clf__C"": 10.0}",37.066003900001306
9,quantum/Fidelity-ref-SVM,quantum,3,0.6458333333333334,0.7204861111111112,"{""clf__C"": 10.0}",37.066003900001306
9,quantum/Fidelity-ref-SVM,quantum,4,0.8125,0.90625,"{""clf__C"": 10.0}",37.066003900001306
9,quantum/Fidelity-ref-SVM,quantum,5,0.7291666666666666,0.8038194444444445,"{""clf__C"": 10.0}",37.066003900001306
9,quantum/Fidelity-ref-SVM,quantum,6,0.6666666666666666,0.7847222222222222,"{""clf__C"": 10.0}",37.066003900001306
9,quantum/Fidelity-ref-SVM,quantum,7,0.7291666666666666,0.8211805555555555,"{""clf__C"": 10.0}",37.066003900001306
9,quantum/Fidelity-ref-SVM,quantum,8,0.5833333333333334,0.6927083333333334,"{""clf__C"": 10.0}",37.066003900001306
9,quantum/Fidelity-ref-SVM,quantum,9,0.7708333333333334,0.9010416666666666,"{""clf__C"": 10.0}",37.066003900001306
9,quantum/Fidelity-ref-SVM,quantum,10,0.6458333333333334,0.7534722222222222,"{""clf__C"": 10.0}",37.066003900001306
9,quantum/Fidelity-ref-SVM,quantum,11,0.7083333333333334,0.8090277777777778,"{""clf__C"": 10.0}",37.066003900001306
9,quantum/Fidelity-ref-SVM,quantum,12,0.7083333333333334,0.7569444444444444,"{""clf__C"": 10.0}",37.066003900001306
9,quantum/Fidelity-ref-SVM,quantum,13,0.7083333333333334,0.814236111111111,"{""clf__C"": 10.0}",37.066003900001306
9,quantum/Fidelity-ref-SVM,quantum,14,0.7083333333333334,0.7899305555555556,"{""clf__C"": 10.0}",37.066003900001306
9,quantum/HS-RBF-ref-SVM,quantum,0,0.6458333333333334,0.7777777777777778,"{""clf__C"": 10.0, ""clf__gamma_mult"": 0.25}",41.29158240000106
9,quantum/HS-RBF-ref-SVM,quantum,1,0.6458333333333334,0.734375,"{""clf__C"": 10.0, ""clf__gamma_mult"": 0.25}",41.29158240000106
9,quantum/HS-RBF-ref-SVM,quantum,2,0.75,0.8298611111111112,"{""clf__C"": 10.0, ""clf__gamma_mult"": 0.25}",41.29158240000106
9,quantum/HS-RBF-ref-SVM,quantum,3,0.6458333333333334,0.7152777777777778,"{""clf__C"": 10.0, ""clf__gamma_mult"": 0.25}",41.29158240000106
9,quantum/HS-RBF-ref-SVM,quantum,4,0.8125,0.857638888888889,"{""clf__C"": 10.0, ""clf__gamma_mult"": 1.0}",41.29158240000106
9,quantum/HS-RBF-ref-SVM,quantum,5,0.625,0.7499999999999999,"{""clf__C"": 10.0, ""clf__gamma_mult"": 0.25}",41.29158240000106
9,quantum/HS-RBF-ref-SVM,quantum,6,0.625,0.7430555555555556,"{""clf__C"": 10.0, ""clf__gamma_mult"": 0.25}",41.29158240000106
9,quantum/HS-RBF-ref-SVM,quantum,7,0.7291666666666666,0.8159722222222222,"{""clf__C"": 10.0, ""clf__gamma_mult"": 0.25}",41.29158240000106
9,quantum/HS-RBF-ref-SVM,quantum,8,0.6041666666666666,0.671875,"{""clf__C"": 10.0, ""clf__gamma_mult"": 0.25}",41.29158240000106
9,quantum/HS-RBF-ref-SVM,quantum,9,0.7916666666666666,0.8854166666666667,"{""clf__C"": 10.0, ""clf__gamma_mult"": 0.25}",41.29158240000106
9,quantum/HS-RBF-ref-SVM,quantum,10,0.6041666666666666,0.703125,"{""clf__C"": 10.0, ""clf__gamma_mult"": 0.25}",41.29158240000106
9,quantum/HS-RBF-ref-SVM,quantum,11,0.7083333333333334,0.795138888888889,"{""clf__C"": 10.0, ""clf__gamma_mult"": 1.0}",41.29158240000106
9,quantum/HS-RBF-ref-SVM,quantum,12,0.7083333333333334,0.78125,"{""clf__C"": 10.0, ""clf__gamma_mult"": 0.25}",41.29158240000106
9,quantum/HS-RBF-ref-SVM,quantum,13,0.6458333333333334,0.7100694444444444,"{""clf__C"": 10.0, ""clf__gamma_mult"": 1.0}",41.29158240000106
9,quantum/HS-RBF-ref-SVM,quantum,14,0.7083333333333334,0.78125,"{""clf__C"": 10.0, ""clf__gamma_mult"": 0.25}",41.29158240000106
9,quantum/Bures-RBF-ref-SVM,quantum,0,0.6458333333333334,0.7725694444444445,"{""clf__C"": 10.0, ""clf__gamma_mult"": 0.25}",97.53601810000146
9,quantum/Bures-RBF-ref-SVM,quantum,1,0.6458333333333334,0.7413194444444444,"{""clf__C"": 10.0, ""clf__gamma_mult"": 0.25}",97.53601810000146
9,quantum/Bures-RBF-ref-SVM,quantum,2,0.7291666666666666,0.8159722222222222,"{""clf__C"": 10.0, ""clf__gamma_mult"": 0.25}",97.53601810000146
9,quantum/Bures-RBF-ref-SVM,quantum,3,0.6041666666666666,0.7013888888888888,"{""clf__C"": 10.0, ""clf__gamma_mult"": 0.25}",97.53601810000146
9,quantum/Bures-RBF-ref-SVM,quantum,4,0.8541666666666666,0.8680555555555556,"{""clf__C"": 10.0, ""clf__gamma_mult"": 1.0}",97.53601810000146
9,quantum/Bures-RBF-ref-SVM,quantum,5,0.625,0.7552083333333334,"{""clf__C"": 10.0, ""clf__gamma_mult"": 0.25}",97.53601810000146
9,quantum/Bures-RBF-ref-SVM,quantum,6,0.6041666666666666,0.7465277777777779,"{""clf__C"": 10.0, ""clf__gamma_mult"": 0.25}",97.53601810000146
9,quantum/Bures-RBF-ref-SVM,quantum,7,0.6875,0.8072916666666666,"{""clf__C"": 10.0, ""clf__gamma_mult"": 0.25}",97.53601810000146
9,quantum/Bures-RBF-ref-SVM,quantum,8,0.5625,0.6701388888888891,"{""clf__C"": 10.0, ""clf__gamma_mult"": 0.25}",97.53601810000146
9,quantum/Bures-RBF-ref-SVM,quantum,9,0.7916666666666666,0.8888888888888888,"{""clf__C"": 10.0, ""clf__gamma_mult"": 0.25}",97.53601810000146
9,quantum/Bures-RBF-ref-SVM,quantum,10,0.6041666666666666,0.7065972222222222,"{""clf__C"": 10.0, ""clf__gamma_mult"": 0.25}",97.53601810000146
9,quantum/Bures-RBF-ref-SVM,quantum,11,0.7083333333333334,0.8177083333333333,"{""clf__C"": 10.0, ""clf__gamma_mult"": 0.25}",97.53601810000146
9,quantum/Bures-RBF-ref-SVM,quantum,12,0.7083333333333334,0.7638888888888888,"{""clf__C"": 10.0, ""clf__gamma_mult"": 0.25}",97.53601810000146
9,quantum/Bures-RBF-ref-SVM,quantum,13,0.5833333333333334,0.7152777777777779,"{""clf__C"": 10.0, ""clf__gamma_mult"": 1.0}",97.53601810000146
9,quantum/Bures-RBF-ref-SVM,quantum,14,0.7083333333333334,0.7847222222222222,"{""clf__C"": 10.0, ""clf__gamma_mult"": 0.25}",97.53601810000146
9,quantum/QRE-RBF-SVM,quantum,0,0.6666666666666666,0.7621527777777778,"{""clf__C"": 10.0, ""clf__gamma_mult"": 0.25}",46.20515010000054
9,quantum/QRE-RBF-SVM,quantum,1,0.6875,0.7274305555555556,"{""clf__C"": 10.0, ""clf__gamma_mult"": 0.25}",46.20515010000054
9,quantum/QRE-RBF-SVM,quantum,2,0.6875,0.7934027777777778,"{""clf__C"": 10.0, ""clf__gamma_mult"": 0.25}",46.20515010000054
9,quantum/QRE-RBF-SVM,quantum,3,0.6041666666666666,0.6701388888888888,"{""clf__C"": 10.0, ""clf__gamma_mult"": 0.25}",46.20515010000054
9,quantum/QRE-RBF-SVM,quantum,4,0.7916666666666666,0.8489583333333334,"{""clf__C"": 10.0, ""clf__gamma_mult"": 1.0}",46.20515010000054
9,quantum/QRE-RBF-SVM,quantum,5,0.6875,0.7586805555555556,"{""clf__C"": 10.0, ""clf__gamma_mult"": 0.25}",46.20515010000054
9,quantum/QRE-RBF-SVM,quantum,6,0.7083333333333334,0.7065972222222222,"{""clf__C"": 10.0, ""clf__gamma_mult"": 1.0}",46.20515010000054
9,quantum/QRE-RBF-SVM,quantum,7,0.7708333333333334,0.8246527777777778,"{""clf__C"": 10.0, ""clf__gamma_mult"": 0.25}",46.20515010000054
9,quantum/QRE-RBF-SVM,quantum,8,0.625,0.6857638888888888,"{""clf__C"": 10.0, ""clf__gamma_mult"": 0.25}",46.20515010000054
9,quantum/QRE-RBF-SVM,quantum,9,0.8125,0.8888888888888888,"{""clf__C"": 10.0, ""clf__gamma_mult"": 0.25}",46.20515010000054
9,quantum/QRE-RBF-SVM,quantum,10,0.5625,0.6354166666666667,"{""clf__C"": 10.0, ""clf__gamma_mult"": 1.0}",46.20515010000054
9,quantum/QRE-RBF-SVM,quantum,11,0.7083333333333334,0.7934027777777779,"{""clf__C"": 10.0, ""clf__gamma_mult"": 0.25}",46.20515010000054
9,quantum/QRE-RBF-SVM,quantum,12,0.6875,0.7118055555555557,"{""clf__C"": 10.0, ""clf__gamma_mult"": 1.0}",46.20515010000054
9,quantum/QRE-RBF-SVM,quantum,13,0.6666666666666666,0.765625,"{""clf__C"": 10.0, ""clf__gamma_mult"": 1.0}",46.20515010000054
9,quantum/QRE-RBF-SVM,quantum,14,0.5625,0.6510416666666666,"{""clf__C"": 10.0, ""clf__gamma_mult"": 1.0}",46.20515010000054
9,quantum/QRE-RBF-ref-SVM,quantum,0,0.6458333333333334,0.7725694444444444,"{""clf__C"": 10.0, ""clf__gamma_mult"": 0.25}",50.051003099999434
9,quantum/QRE-RBF-ref-SVM,quantum,1,0.6666666666666666,0.7447916666666667,"{""clf__C"": 10.0, ""clf__gamma_mult"": 0.25}",50.051003099999434
9,quantum/QRE-RBF-ref-SVM,quantum,2,0.7291666666666666,0.8090277777777777,"{""clf__C"": 10.0, ""clf__gamma_mult"": 0.25}",50.051003099999434
9,quantum/QRE-RBF-ref-SVM,quantum,3,0.5833333333333334,0.6927083333333333,"{""clf__C"": 10.0, ""clf__gamma_mult"": 0.25}",50.051003099999434
9,quantum/QRE-RBF-ref-SVM,quantum,4,0.8541666666666666,0.8732638888888888,"{""clf__C"": 10.0, ""clf__gamma_mult"": 1.0}",50.051003099999434
9,quantum/QRE-RBF-ref-SVM,quantum,5,0.6458333333333334,0.7690972222222222,"{""clf__C"": 10.0, ""clf__gamma_mult"": 0.25}",50.051003099999434
9,quantum/QRE-RBF-ref-SVM,quantum,6,0.6041666666666666,0.7256944444444444,"{""clf__C"": 10.0, ""clf__gamma_mult"": 0.25}",50.051003099999434
9,quantum/QRE-RBF-ref-SVM,quantum,7,0.6875,0.810763888888889,"{""clf__C"": 10.0, ""clf__gamma_mult"": 0.25}",50.051003099999434
9,quantum/QRE-RBF-ref-SVM,quantum,8,0.5625,0.6857638888888888,"{""clf__C"": 10.0, ""clf__gamma_mult"": 0.25}",50.051003099999434
9,quantum/QRE-RBF-ref-SVM,quantum,9,0.7708333333333334,0.8871527777777777,"{""clf__C"": 10.0, ""clf__gamma_mult"": 0.25}",50.051003099999434
9,quantum/QRE-RBF-ref-SVM,quantum,10,0.625,0.7065972222222222,"{""clf__C"": 10.0, ""clf__gamma_mult"": 0.25}",50.051003099999434
9,quantum/QRE-RBF-ref-SVM,quantum,11,0.7291666666666666,0.795138888888889,"{""clf__C"": 10.0, ""clf__gamma_mult"": 1.0}",50.051003099999434
9,quantum/QRE-RBF-ref-SVM,quantum,12,0.7083333333333334,0.7604166666666666,"{""clf__C"": 10.0, ""clf__gamma_mult"": 0.25}",50.051003099999434
9,quantum/QRE-RBF-ref-SVM,quantum,13,0.6041666666666666,0.7152777777777779,"{""clf__C"": 10.0, ""clf__gamma_mult"": 1.0}",50.051003099999434
9,quantum/QRE-RBF-ref-SVM,quantum,14,0.7291666666666666,0.78125,"{""clf__C"": 10.0, ""clf__gamma_mult"": 0.25}",50.051003099999434
9,quantum/IQP-kernel-SVM,quantum,0,0.5625,0.6267361111111112,"{""clf__C"": 10.0, ""clf__scale"": 1.0}",42.668081700001494
9,quantum/IQP-kernel-SVM,quantum,1,0.5,0.595486111111111,"{""clf__C"": 10.0, ""clf__scale"": 2.0}",42.668081700001494
9,quantum/IQP-kernel-SVM,quantum,2,0.4583333333333333,0.42187500000000006,"{""clf__C"": 10.0, ""clf__scale"": 2.0}",42.668081700001494
9,quantum/IQP-kernel-SVM,quantum,3,0.6041666666666666,0.6736111111111112,"{""clf__C"": 10.0, ""clf__scale"": 1.0}",42.668081700001494
9,quantum/IQP-kernel-SVM,quantum,4,0.6041666666666666,0.59375,"{""clf__C"": 10.0, ""clf__scale"": 1.0}",42.668081700001494
9,quantum/IQP-kernel-SVM,quantum,5,0.5625,0.6197916666666667,"{""clf__C"": 10.0, ""clf__scale"": 2.0}",42.668081700001494
9,quantum/IQP-kernel-SVM,quantum,6,0.5833333333333334,0.5607638888888888,"{""clf__C"": 10.0, ""clf__scale"": 2.0}",42.668081700001494
9,quantum/IQP-kernel-SVM,quantum,7,0.5625,0.6128472222222222,"{""clf__C"": 10.0, ""clf__scale"": 2.0}",42.668081700001494
9,quantum/IQP-kernel-SVM,quantum,8,0.5,0.4930555555555555,"{""clf__C"": 10.0, ""clf__scale"": 2.0}",42.668081700001494
9,quantum/IQP-kernel-SVM,quantum,9,0.5625,0.564236111111111,"{""clf__C"": 10.0, ""clf__scale"": 2.0}",42.668081700001494
9,quantum/IQP-kernel-SVM,quantum,10,0.6041666666666666,0.5729166666666666,"{""clf__C"": 10.0, ""clf__scale"": 1.0}",42.668081700001494
9,quantum/IQP-kernel-SVM,quantum,11,0.4166666666666667,0.4149305555555556,"{""clf__C"": 10.0, ""clf__scale"": 2.0}",42.668081700001494
9,quantum/IQP-kernel-SVM,quantum,12,0.4583333333333333,0.43923611111111116,"{""clf__C"": 10.0, ""clf__scale"": 1.0}",42.668081700001494
9,quantum/IQP-kernel-SVM,quantum,13,0.5625,0.5746527777777778,"{""clf__C"": 10.0, ""clf__scale"": 2.0}",42.668081700001494
9,quantum/IQP-kernel-SVM,quantum,14,0.6041666666666666,0.5885416666666667,"{""clf__C"": 10.0, ""clf__scale"": 2.0}",42.668081700001494
9,quantum/CNOT-kernel-SVM,quantum,0,0.4375,0.5295138888888888,"{""clf__C"": 10.0, ""clf__scale"": 2.0}",40.80871939999997
9,quantum/CNOT-kernel-SVM,quantum,1,0.5833333333333334,0.6215277777777778,"{""clf__C"": 10.0, ""clf__scale"": 2.0}",40.80871939999997
9,quantum/CNOT-kernel-SVM,quantum,2,0.5625,0.609375,"{""clf__C"": 10.0, ""clf__scale"": 2.0}",40.80871939999997
9,quantum/CNOT-kernel-SVM,quantum,3,0.5625,0.5920138888888888,"{""clf__C"": 10.0, ""clf__scale"": 2.0}",40.80871939999997
9,quantum/CNOT-kernel-SVM,quantum,4,0.6666666666666666,0.6649305555555556,"{""clf__C"": 10.0, ""clf__scale"": 2.0}",40.80871939999997
9,quantum/CNOT-kernel-SVM,quantum,5,0.625,0.685763888888889,"{""clf__C"": 10.0, ""clf__scale"": 1.0}",40.80871939999997
9,quantum/CNOT-kernel-SVM,quantum,6,0.5833333333333334,0.6024305555555556,"{""clf__C"": 10.0, ""clf__scale"": 2.0}",40.80871939999997
9,quantum/CNOT-kernel-SVM,quantum,7,0.4375,0.5017361111111112,"{""clf__C"": 10.0, ""clf__scale"": 2.0}",40.80871939999997
9,quantum/CNOT-kernel-SVM,quantum,8,0.5416666666666666,0.5503472222222222,"{""clf__C"": 10.0, ""clf__scale"": 1.0}",40.80871939999997
9,quantum/CNOT-kernel-SVM,quantum,9,0.4791666666666667,0.4600694444444444,"{""clf__C"": 10.0, ""clf__scale"": 2.0}",40.80871939999997
9,quantum/CNOT-kernel-SVM,quantum,10,0.5625,0.6510416666666667,"{""clf__C"": 10.0, ""clf__scale"": 2.0}",40.80871939999997
9,quantum/CNOT-kernel-SVM,quantum,11,0.5208333333333334,0.5104166666666667,"{""clf__C"": 10.0, ""clf__scale"": 2.0}",40.80871939999997
9,quantum/CNOT-kernel-SVM,quantum,12,0.5208333333333334,0.5815972222222222,"{""clf__C"": 10.0, ""clf__scale"": 2.0}",40.80871939999997
9,quantum/CNOT-kernel-SVM,quantum,13,0.625,0.5972222222222222,"{""clf__C"": 10.0, ""clf__scale"": 2.0}",40.80871939999997
9,quantum/CNOT-kernel-SVM,quantum,14,0.6875,0.7482638888888888,"{""clf__C"": 10.0, ""clf__scale"": 2.0}",40.80871939999997
9,control/IQP-no-entangle,control,0,0.5625,0.6111111111111112,"{""clf__C"": 10.0, ""clf__scale"": 1.0}",40.63414870000088
9,control/IQP-no-entangle,control,1,0.5625,0.560763888888889,"{""clf__C"": 10.0, ""clf__scale"": 2.0}",40.63414870000088
9,control/IQP-no-entangle,control,2,0.625,0.7378472222222222,"{""clf__C"": 10.0, ""clf__scale"": 2.0}",40.63414870000088
9,control/IQP-no-entangle,control,3,0.5833333333333334,0.6319444444444445,"{""clf__C"": 10.0, ""clf__scale"": 2.0}",40.63414870000088
9,control/IQP-no-entangle,control,4,0.6458333333333334,0.609375,"{""clf__C"": 10.0, ""clf__scale"": 2.0}",40.63414870000088
9,control/IQP-no-entangle,control,5,0.5833333333333334,0.5572916666666666,"{""clf__C"": 10.0, ""clf__scale"": 2.0}",40.63414870000088
9,control/IQP-no-entangle,control,6,0.4166666666666667,0.4756944444444444,"{""clf__C"": 10.0, ""clf__scale"": 2.0}",40.63414870000088
9,control/IQP-no-entangle,control,7,0.5416666666666666,0.5034722222222222,"{""clf__C"": 10.0, ""clf__scale"": 2.0}",40.63414870000088
9,control/IQP-no-entangle,control,8,0.5208333333333334,0.5572916666666666,"{""clf__C"": 10.0, ""clf__scale"": 1.0}",40.63414870000088
9,control/IQP-no-entangle,control,9,0.4375,0.4878472222222222,"{""clf__C"": 10.0, ""clf__scale"": 2.0}",40.63414870000088
9,control/IQP-no-entangle,control,10,0.7083333333333334,0.7222222222222222,"{""clf__C"": 10.0, ""clf__scale"": 1.0}",40.63414870000088
9,control/IQP-no-entangle,control,11,0.5,0.5,"{""clf__C"": 10.0, ""clf__scale"": 2.0}",40.63414870000088
9,control/IQP-no-entangle,control,12,0.6041666666666666,0.5798611111111112,"{""clf__C"": 10.0, ""clf__scale"": 1.0}",40.63414870000088
9,control/IQP-no-entangle,control,13,0.7083333333333334,0.7361111111111112,"{""clf__C"": 10.0, ""clf__scale"": 0.5}",40.63414870000088
9,control/IQP-no-entangle,control,14,0.5833333333333334,0.6319444444444444,"{""clf__C"": 10.0, ""clf__scale"": 2.0}",40.63414870000088
9,control/PCA-matched-RBF,control,0,0.5625,0.5989583333333334,"{""clf__C"": 1.0, ""clf__gamma"": ""scale""}",37.905944800000725
9,control/PCA-matched-RBF,control,1,0.6041666666666666,0.642361111111111,"{""clf__C"": 0.1, ""clf__gamma"": 0.01}",37.905944800000725
9,control/PCA-matched-RBF,control,2,0.6458333333333334,0.7604166666666667,"{""clf__C"": 10.0, ""clf__gamma"": 0.01}",37.905944800000725
9,control/PCA-matched-RBF,control,3,0.6458333333333334,0.7083333333333334,"{""clf__C"": 1.0, ""clf__gamma"": 0.01}",37.905944800000725
9,control/PCA-matched-RBF,control,4,0.7291666666666666,0.8402777777777777,"{""clf__C"": 0.1, ""clf__gamma"": ""scale""}",37.905944800000725
9,control/PCA-matched-RBF,control,5,0.7083333333333334,0.7604166666666666,"{""clf__C"": 1.0, ""clf__gamma"": 0.01}",37.905944800000725
9,control/PCA-matched-RBF,control,6,0.5625,0.5972222222222223,"{""clf__C"": 1.0, ""clf__gamma"": 0.01}",37.905944800000725
9,control/PCA-matched-RBF,control,7,0.8333333333333334,0.8368055555555556,"{""clf__C"": 0.1, ""clf__gamma"": 0.01}",37.905944800000725
9,control/PCA-matched-RBF,control,8,0.4791666666666667,0.5173611111111112,"{""clf__C"": 1.0, ""clf__gamma"": 0.01}",37.905944800000725
9,control/PCA-matched-RBF,control,9,0.6041666666666666,0.736111111111111,"{""clf__C"": 10.0, ""clf__gamma"": 0.01}",37.905944800000725
9,control/PCA-matched-RBF,control,10,0.6458333333333334,0.736111111111111,"{""clf__C"": 0.1, ""clf__gamma"": 0.01}",37.905944800000725
9,control/PCA-matched-RBF,control,11,0.7708333333333334,0.7361111111111112,"{""clf__C"": 0.1, ""clf__gamma"": 0.01}",37.905944800000725
9,control/PCA-matched-RBF,control,12,0.5416666666666666,0.6875,"{""clf__C"": 0.1, ""clf__gamma"": 0.01}",37.905944800000725
9,control/PCA-matched-RBF,control,13,0.6666666666666666,0.7065972222222222,"{""clf__C"": 0.1, ""clf__gamma"": 0.1}",37.905944800000725
9,control/PCA-matched-RBF,control,14,0.6041666666666666,0.7690972222222221,"{""clf__C"": 0.1, ""clf__gamma"": 0.1}",37.905944800000725
9,control/PCA-matched-linear,control,0,0.5625,0.6458333333333334,"{""clf__C"": 1.0}",13.587647800000923
9,control/PCA-matched-linear,control,1,0.5833333333333334,0.625,"{""clf__C"": 1.0}",13.587647800000923
9,control/PCA-matched-linear,control,2,0.6666666666666666,0.7725694444444444,"{""clf__C"": 0.1}",13.587647800000923
9,control/PCA-matched-linear,control,3,0.6666666666666666,0.6927083333333333,"{""clf__C"": 10.0}",13.587647800000923
9,control/PCA-matched-linear,control,4,0.7916666666666666,0.84375,"{""clf__C"": 0.1}",13.587647800000923
9,control/PCA-matched-linear,control,5,0.6875,0.7552083333333334,"{""clf__C"": 0.1}",13.587647800000923
9,control/PCA-matched-linear,control,6,0.5625,0.6128472222222222,"{""clf__C"": 1.0}",13.587647800000923
9,control/PCA-matched-linear,control,7,0.75,0.84375,"{""clf__C"": 1.0}",13.587647800000923
9,control/PCA-matched-linear,control,8,0.5416666666666666,0.5503472222222222,"{""clf__C"": 0.1}",13.587647800000923
9,control/PCA-matched-linear,control,9,0.625,0.736111111111111,"{""clf__C"": 10.0}",13.587647800000923
9,control/PCA-matched-linear,control,10,0.6875,0.7430555555555555,"{""clf__C"": 0.1}",13.587647800000923
9,control/PCA-matched-linear,control,11,0.6666666666666666,0.7395833333333333,"{""clf__C"": 1.0}",13.587647800000923
9,control/PCA-matched-linear,control,12,0.5416666666666666,0.6909722222222222,"{""clf__C"": 1.0}",13.587647800000923
9,control/PCA-matched-linear,control,13,0.625,0.720486111111111,"{""clf__C"": 0.1}",13.587647800000923
9,control/PCA-matched-linear,control,14,0.6666666666666666,0.765625,"{""clf__C"": 1.0}",13.587647800000923
9,control/logeuclid-TS+LR,control,0,0.6458333333333334,0.7708333333333334,"{""clf__C"": 10.0}",12.343362499999785
9,control/logeuclid-TS+LR,control,1,0.6458333333333334,0.6961805555555556,"{""clf__C"": 10.0}",12.343362499999785
9,control/logeuclid-TS+LR,control,2,0.7708333333333334,0.8506944444444444,"{""clf__C"": 10.0}",12.343362499999785
9,control/logeuclid-TS+LR,control,3,0.6875,0.6875,"{""clf__C"": 10.0}",12.343362499999785
9,control/logeuclid-TS+LR,control,4,0.7291666666666666,0.876736111111111,"{""clf__C"": 10.0}",12.343362499999785
9,control/logeuclid-TS+LR,control,5,0.75,0.7847222222222222,"{""clf__C"": 10.0}",12.343362499999785
9,control/logeuclid-TS+LR,control,6,0.6041666666666666,0.720486111111111,"{""clf__C"": 1.0}",12.343362499999785
9,control/logeuclid-TS+LR,control,7,0.7083333333333334,0.8506944444444444,"{""clf__C"": 10.0}",12.343362499999785
9,control/logeuclid-TS+LR,control,8,0.5208333333333334,0.6232638888888888,"{""clf__C"": 1.0}",12.343362499999785
9,control/logeuclid-TS+LR,control,9,0.7708333333333334,0.8697916666666666,"{""clf__C"": 10.0}",12.343362499999785
9,control/logeuclid-TS+LR,control,10,0.6666666666666666,0.7586805555555556,"{""clf__C"": 10.0}",12.343362499999785
9,control/logeuclid-TS+LR,control,11,0.6875,0.8072916666666666,"{""clf__C"": 10.0}",12.343362499999785
9,control/logeuclid-TS+LR,control,12,0.7083333333333334,0.7395833333333333,"{""clf__C"": 10.0}",12.343362499999785
9,control/logeuclid-TS+LR,control,13,0.6875,0.7604166666666667,"{""clf__C"": 10.0}",12.343362499999785
9,control/logeuclid-TS+LR,control,14,0.7083333333333334,0.7256944444444444,"{""clf__C"": 1.0}",12.343362499999785
9,control/riemann-kernel-SVM,control,0,0.6041666666666666,0.6961805555555556,"{""clf__C"": 10.0}",14.546887599999536
9,control/riemann-kernel-SVM,control,1,0.6875,0.7395833333333334,"{""clf__C"": 10.0}",14.546887599999536
9,control/riemann-kernel-SVM,control,2,0.7083333333333334,0.8506944444444444,"{""clf__C"": 1.0}",14.546887599999536
9,control/riemann-kernel-SVM,control,3,0.5625,0.6840277777777778,"{""clf__C"": 10.0}",14.546887599999536
9,control/riemann-kernel-SVM,control,4,0.7708333333333334,0.8298611111111112,"{""clf__C"": 10.0}",14.546887599999536
9,control/riemann-kernel-SVM,control,5,0.625,0.7031250000000001,"{""clf__C"": 10.0}",14.546887599999536
9,control/riemann-kernel-SVM,control,6,0.6666666666666666,0.7569444444444444,"{""clf__C"": 1.0}",14.546887599999536
9,control/riemann-kernel-SVM,control,7,0.7083333333333334,0.7725694444444444,"{""clf__C"": 10.0}",14.546887599999536
9,control/riemann-kernel-SVM,control,8,0.4791666666666667,0.6006944444444444,"{""clf__C"": 10.0}",14.546887599999536
9,control/riemann-kernel-SVM,control,9,0.7083333333333334,0.8697916666666667,"{""clf__C"": 10.0}",14.546887599999536
9,control/riemann-kernel-SVM,control,10,0.5833333333333334,0.6579861111111112,"{""clf__C"": 10.0}",14.546887599999536
9,control/riemann-kernel-SVM,control,11,0.6666666666666666,0.7951388888888888,"{""clf__C"": 10.0}",14.546887599999536
9,control/riemann-kernel-SVM,control,12,0.6875,0.7100694444444444,"{""clf__C"": 10.0}",14.546887599999536
9,control/riemann-kernel-SVM,control,13,0.6875,0.7638888888888888,"{""clf__C"": 10.0}",14.546887599999536
9,control/riemann-kernel-SVM,control,14,0.7291666666666666,0.7743055555555556,"{""clf__C"": 10.0}",14.546887599999536
9,control/logeuclid-kernel-SVM,control,0,0.6041666666666666,0.701388888888889,"{""clf__C"": 10.0}",14.571162100000947
9,control/logeuclid-kernel-SVM,control,1,0.7083333333333334,0.7378472222222222,"{""clf__C"": 10.0}",14.571162100000947
9,control/logeuclid-kernel-SVM,control,2,0.75,0.8055555555555556,"{""clf__C"": 10.0}",14.571162100000947
9,control/logeuclid-kernel-SVM,control,3,0.625,0.7152777777777778,"{""clf__C"": 10.0}",14.571162100000947
9,control/logeuclid-kernel-SVM,control,4,0.7916666666666666,0.828125,"{""clf__C"": 10.0}",14.571162100000947
9,control/logeuclid-kernel-SVM,control,5,0.6041666666666666,0.7204861111111112,"{""clf__C"": 10.0}",14.571162100000947
9,control/logeuclid-kernel-SVM,control,6,0.6666666666666666,0.703125,"{""clf__C"": 10.0}",14.571162100000947
9,control/logeuclid-kernel-SVM,control,7,0.7708333333333334,0.8003472222222222,"{""clf__C"": 10.0}",14.571162100000947
9,control/logeuclid-kernel-SVM,control,8,0.5625,0.6267361111111112,"{""clf__C"": 10.0}",14.571162100000947
9,control/logeuclid-kernel-SVM,control,9,0.75,0.8506944444444444,"{""clf__C"": 10.0}",14.571162100000947
9,control/logeuclid-kernel-SVM,control,10,0.625,0.6753472222222222,"{""clf__C"": 10.0}",14.571162100000947
9,control/logeuclid-kernel-SVM,control,11,0.6666666666666666,0.796875,"{""clf__C"": 10.0}",14.571162100000947
9,control/logeuclid-kernel-SVM,control,12,0.6458333333333334,0.71875,"{""clf__C"": 10.0}",14.571162100000947
9,control/logeuclid-kernel-SVM,control,13,0.6875,0.7690972222222222,"{""clf__C"": 10.0}",14.571162100000947
9,control/logeuclid-kernel-SVM,control,14,0.6875,0.7621527777777778,"{""clf__C"": 10.0}",14.571162100000947
