subject,pipeline,group,fold,accuracy,auc,best_params,fit_seconds_total
45,classical/logvar+LDA,classical,0,0.4444444444444444,0.55,{},0.11004989999992176
45,classical/logvar+LDA,classical,1,0.3333333333333333,0.25,{},0.11004989999992176
45,classical/logvar+LDA,classical,2,0.3333333333333333,0.39999999999999997,{},0.11004989999992176
45,classical/logvar+LDA,classical,3,0.5555555555555556,0.7,{},0.11004989999992176
45,classical/logvar+LDA,classical,4,0.2222222222222222,0.4,{},0.11004989999992176
45,classical/logvar+LDA,classical,5,0.7777777777777778,0.65,{},0.11004989999992176
45,classical/logvar+LDA,classical,6,0.3333333333333333,0.45000000000000007,{},0.11004989999992176
45,classical/logvar+LDA,classical,7,0.4444444444444444,0.6000000000000001,{},0.11004989999992176
45,classical/logvar+LDA,classical,8,0.2222222222222222,0.1,{},0.11004989999992176
45,classical/logvar+LDA,classical,9,0.2222222222222222,0.4,{},0.11004989999992176
45,classical/logvar+LDA,classical,10,0.1111111111111111,0.2,{},0.11004989999992176
45,classical/logvar+LDA,classical,11,0.4444444444444444,0.35,{},0.11004989999992176
45,classical/logvar+LDA,classical,12,0.4444444444444444,0.39999999999999997,{},0.11004989999992176
45,classical/logvar+LDA,classical,13,0.6666666666666666,0.5,{},0.11004989999992176
45,classical/logvar+LDA,classical,14,0.3333333333333333,0.35,{},0.11004989999992176
45,classical/CSP+LDA,classical,0,0.6666666666666666,0.9,"{""csp__nfilter"": 4}",4.293116299999838
45,classical/CSP+LDA,classical,1,0.3333333333333333,0.44999999999999996,"{""csp__nfilter"": 4}",4.293116299999838
45,classical/CSP+LDA,classical,2,0.4444444444444444,0.55,"{""csp__nfilter"": 4}",4.293116299999838
45,classical/CSP+LDA,classical,3,0.8888888888888888,0.95,"{""csp__nfilter"": 4}",4.293116299999838
45,classical/CSP+LDA,classical,4,0.7777777777777778,0.8500000000000001,"{""csp__nfilter"": 6}",4.293116299999838
45,classical/CSP+LDA,classical,5,0.8888888888888888,1.0,"{""csp__nfilter"": 6}",4.293116299999838
45,classical/CSP+LDA,classical,6,0.7777777777777778,0.8,"{""csp__nfilter"": 6}",4.293116299999838
45,classical/CSP+LDA,classical,7,0.8888888888888888,0.8500000000000001,"{""csp__nfilter"": 4}",4.293116299999838
45,classical/CSP+LDA,classical,8,0.6666666666666666,0.9,"{""csp__nfilter"": 4}",4.293116299999838
45,classical/CSP+LDA,classical,9,0.8888888888888888,0.8,"{""csp__nfilter"": 6}",4.293116299999838
45,classical/CSP+LDA,classical,10,0.3333333333333333,0.55,"{""csp__nfilter"": 6}",4.293116299999838
45,classical/CSP+LDA,classical,11,0.7777777777777778,0.8500000000000001,"{""csp__nfilter"": 4}",4.293116299999838
45,classical/CSP+LDA,classical,12,0.6666666666666666,0.6,"{""csp__nfilter"": 4}",4.293116299999838
45,classical/CSP+LDA,classical,13,0.5555555555555556,0.6,"{""csp__nfilter"": 6}",4.293116299999838
45,classical/CSP+LDA,classical,14,0.6666666666666666,0.9,"{""csp__nfilter"": 6}",4.293116299999838
45,classical/MDM,classical,0,0.6666666666666666,0.8,{},0.6624699000003602
45,classical/MDM,classical,1,0.3333333333333333,0.25,{},0.6624699000003602
45,classical/MDM,classical,2,0.2222222222222222,0.24999999999999997,{},0.6624699000003602
45,classical/MDM,classical,3,0.6666666666666666,0.85,{},0.6624699000003602
45,classical/MDM,classical,4,0.8888888888888888,0.9,{},0.6624699000003602
45,classical/MDM,classical,5,0.8888888888888888,0.9500000000000001,{},0.6624699000003602
45,classical/MDM,classical,6,0.2222222222222222,0.4,{},0.6624699000003602
45,classical/MDM,classical,7,0.4444444444444444,0.5,{},0.6624699000003602
45,classical/MDM,classical,8,0.4444444444444444,0.44999999999999996,{},0.6624699000003602
45,classical/MDM,classical,9,0.2222222222222222,0.4,{},0.6624699000003602
45,classical/MDM,classical,10,0.5555555555555556,0.30000000000000004,{},0.6624699000003602
45,classical/MDM,classical,11,0.6666666666666666,0.6,{},0.6624699000003602
45,classical/MDM,classical,12,0.5555555555555556,0.49999999999999994,{},0.6624699000003602
45,classical/MDM,classical,13,0.6666666666666666,0.75,{},0.6624699000003602
45,classical/MDM,classical,14,0.5555555555555556,0.5,{},0.6624699000003602
45,classical/TS+LR,classical,0,0.5555555555555556,0.7,"{""clf__C"": 1.0}",7.1071727999997165
45,classical/TS+LR,classical,1,0.4444444444444444,0.44999999999999996,"{""clf__C"": 0.1}",7.1071727999997165
45,classical/TS+LR,classical,2,0.5555555555555556,0.65,"{""clf__C"": 0.1}",7.1071727999997165
45,classical/TS+LR,classical,3,0.6666666666666666,0.9,"{""clf__C"": 10.0}",7.1071727999997165
45,classical/TS+LR,classical,4,0.6666666666666666,0.95,"{""clf__C"": 10.0}",7.1071727999997165
45,classical/TS+LR,classical,5,0.8888888888888888,0.9,"{""clf__C"": 0.1}",7.1071727999997165
45,classical/TS+LR,classical,6,0.4444444444444444,0.5,"{""clf__C"": 1.0}",7.1071727999997165
45,classical/TS+LR,classical,7,0.5555555555555556,0.8,"{""clf__C"": 0.1}",7.1071727999997165
45,classical/TS+LR,classical,8,0.6666666666666666,0.75,"{""clf__C"": 1.0}",7.1071727999997165
45,classical/TS+LR,classical,9,0.5555555555555556,0.7,"{""clf__C"": 1.0}",7.1071727999997165
45,classical/TS+LR,classical,10,0.5555555555555556,0.55,"{""clf__C"": 0.1}",7.1071727999997165
45,classical/TS+LR,classical,11,0.6666666666666666,0.85,"{""clf__C"": 0.1}",7.1071727999997165
45,classical/TS+LR,classical,12,0.4444444444444444,0.55,"{""clf__C"": 1.0}",7.1071727999997165
45,classical/TS+LR,classical,13,0.6666666666666666,0.65,"{""clf__C"": 1.0}",7.1071727999997165
45,classical/TS+LR,classical,14,0.6666666666666666,0.8,"{""clf__C"": 1.0}",7.1071727999997165
45,classical/TS+RBF-SVM,classical,0,0.5555555555555556,0.45,"{""clf__C"": 10.0, ""clf__gamma"": ""scale""}",18.41898130000027
45,classical/TS+RBF-SVM,classical,1,0.4444444444444444,0.35,"{""clf__C"": 10.0, ""clf__gamma"": ""scale""}",18.41898130000027
45,classical/TS+RBF-SVM,classical,2,0.4444444444444444,0.6,"{""clf__C"": 10.0, ""clf__gamma"": ""scale""}",18.41898130000027
45,classical/TS+RBF-SVM,classical,3,0.6666666666666666,0.85,"{""clf__C"": 1.0, ""clf__gamma"": ""scale""}",18.41898130000027
45,classical/TS+RBF-SVM,classical,4,0.6666666666666666,0.8,"{""clf__C"": 10.0, ""clf__gamma"": ""scale""}",18.41898130000027
45,classical/TS+RBF-SVM,classical,5,0.7777777777777778,0.9,"{""clf__C"": 10.0, ""clf__gamma"": ""scale""}",18.41898130000027
45,classical/TS+RBF-SVM,classical,6,0.4444444444444444,0.5499999999999999,"{""clf__C"": 10.0, ""clf__gamma"": ""scale""}",18.41898130000027
45,classical/TS+RBF-SVM,classical,7,0.6666666666666666,0.75,"{""clf__C"": 10.0, ""clf__gamma"": ""scale""}",18.41898130000027
45,classical/TS+RBF-SVM,classical,8,0.5555555555555556,0.65,"{""clf__C"": 1.0, ""clf__gamma"": ""scale""}",18.41898130000027
45,classical/TS+RBF-SVM,classical,9,0.3333333333333333,0.6,"{""clf__C"": 1.0, ""clf__gamma"": 0.01}",18.41898130000027
45,classical/TS+RBF-SVM,classical,10,0.5555555555555556,0.65,"{""clf__C"": 10.0, ""clf__gamma"": ""scale""}",18.41898130000027
45,classical/TS+RBF-SVM,classical,11,0.6666666666666666,0.85,"{""clf__C"": 10.0, ""clf__gamma"": ""scale""}",18.41898130000027
45,classical/TS+RBF-SVM,classical,12,0.4444444444444444,0.6,"{""clf__C"": 1.0, ""clf__gamma"": ""scale""}",18.41898130000027
45,classical/TS+RBF-SVM,classical,13,0.4444444444444444,0.6000000000000001,"{""clf__C"": 0.1, ""clf__gamma"": ""scale""}",18.41898130000027
45,classical/TS+RBF-SVM,classical,14,0.6666666666666666,0.75,"{""clf__C"": 10.0, ""clf__gamma"": ""scale""}",18.41898130000027
45,quantum/HS-overlap-SVM,quantum,0,0.5555555555555556,0.19999999999999998,"{""clf__C"": 0.1}",4.280466700000034
45,quantum/HS-overlap-SVM,quantum,1,0.1111111111111111,0.0,"{""clf__C"": 0.1}",4.280466700000034
45,quantum/HS-overlap-SVM,quantum,2,0.5555555555555556,0.25,"{""clf__C"": 0.1}",4.280466700000034
45,quantum/HS-overlap-SVM,quantum,3,0.4444444444444444,0.55,"{""clf__C"": 0.1}",4.280466700000034
45,quantum/HS-overlap-SVM,quantum,4,0.4444444444444444,0.44999999999999996,"{""clf__C"": 0.1}",4.280466700000034
45,quantum/HS-overlap-SVM,quantum,5,0.5555555555555556,0.6,"{""clf__C"": 0.1}",4.280466700000034
45,quantum/HS-overlap-SVM,quantum,6,0.4444444444444444,0.15,"{""clf__C"": 0.1}",4.280466700000034
45,quantum/HS-overlap-SVM,quantum,7,0.5555555555555556,0.5499999999999999,"{""clf__C"": 0.1}",4.280466700000034
45,quantum/HS-overlap-SVM,quantum,8,0.4444444444444444,0.25,"{""clf__C"": 0.1}",4.280466700000034
45,quantum/HS-overlap-SVM,quantum,9,0.4444444444444444,0.25,"{""clf__C"": 0.1}",4.280466700000034
45,quantum/HS-overlap-SVM,quantum,10,0.3333333333333333,0.1,"{""clf__C"": 0.1}",4.280466700000034
45,quantum/HS-overlap-SVM,quantum,11,0.5555555555555556,0.44999999999999996,"{""clf__C"": 0.1}",4.280466700000034
45,quantum/HS-overlap-SVM,quantum,12,0.5555555555555556,0.2,"{""clf__C"": 0.1}",4.280466700000034
45,quantum/HS-overlap-SVM,quantum,13,0.4444444444444444,0.5,"{""clf__C"": 0.1}",4.280466700000034
45,quantum/HS-overlap-SVM,quantum,14,0.4444444444444444,0.5,"{""clf__C"": 0.1}",4.280466700000034
45,quantum/Fidelity-SVM,quantum,0,0.5555555555555556,0.25,"{""clf__C"": 0.1}",7.569978499999706
45,quantum/Fidelity-SVM,quantum,1,0.3333333333333333,0.0,"{""clf__C"": 0.1}",7.569978499999706
45,quantum/Fidelity-SVM,quantum,2,0.3333333333333333,0.35,"{""clf__C"": 10.0}",7.569978499999706
45,quantum/Fidelity-SVM,quantum,3,0.4444444444444444,0.35000000000000003,"{""clf__C"": 0.1}",7.569978499999706
45,quantum/Fidelity-SVM,quantum,4,0.4444444444444444,0.55,"{""clf__C"": 0.1}",7.569978499999706
45,quantum/Fidelity-SVM,quantum,5,0.4444444444444444,0.65,"{""clf__C"": 0.1}",7.569978499999706
45,quantum/Fidelity-SVM,quantum,6,0.3333333333333333,0.19999999999999998,"{""clf__C"": 10.0}",7.569978499999706
45,quantum/Fidelity-SVM,quantum,7,0.4444444444444444,0.30000000000000004,"{""clf__C"": 0.1}",7.569978499999706
45,quantum/Fidelity-SVM,quantum,8,0.4444444444444444,0.2,"{""clf__C"": 0.1}",7.569978499999706
45,quantum/Fidelity-SVM,quantum,9,0.4444444444444444,0.45,"{""clf__C"": 0.1}",7.569978499999706
45,quantum/Fidelity-SVM,quantum,10,0.3333333333333333,0.1,"{""clf__C"": 0.1}",7.569978499999706
45,quantum/Fidelity-SVM,quantum,11,0.4444444444444444,0.3,"{""clf__C"": 0.1}",7.569978499999706
45,quantum/Fidelity-SVM,quantum,12,0.5555555555555556,0.39999999999999997,"{""clf__C"": 0.1}",7.569978499999706
45,quantum/Fidelity-SVM,quantum,13,0.4444444444444444,0.25,"{""clf__C"": 0.1}",7.569978499999706
45,quantum/Fidelity-SVM,quantum,14,0.4444444444444444,0.5,"{""clf__C"": 0.1}",7.569978499999706
45,quantum/HS-RBF-SVM,quantum,0,0.3333333333333333,0.44999999999999996,"{""clf__C"": 10.0, ""clf__gamma_mult"": 1.0}",12.378390199999558
45,quantum/HS-RBF-SVM,quantum,1,0.2222222222222222,0.15,"{""clf__C"": 1.0, ""clf__gamma_mult"": 1.0}",12.378390199999558
45,quantum/HS-RBF-SVM,quantum,2,0.6666666666666666,0.65,"{""clf__C"": 10.0, ""clf__gamma_mult"": 0.25}",12.378390199999558
45,quantum/HS-RBF-SVM,quantum,3,0.4444444444444444,0.6,"{""clf__C"": 10.0, ""clf__gamma_mult"": 0.25}",12.378390199999558
45,quantum/HS-RBF-SVM,quantum,4,0.6666666666666666,0.6,"{""clf__C"": 10.0, ""clf__gamma_mult"": 1.0}",12.378390199999558
45,quantum/HS-RBF-SVM,quantum,5,0.6666666666666666,0.7000000000000001,"{""clf__C"": 10.0, ""clf__gamma_mult"": 0.25}",12.378390199999558
45,quantum/HS-RBF-SVM,quantum,6,0.7777777777777778,0.6000000000000001,"{""clf__C"": 1.0, ""clf__gamma_mult"": 1.0}",12.378390199999558
45,quantum/HS-RBF-SVM,quantum,7,0.4444444444444444,0.5,"{""clf__C"": 10.0, ""clf__gamma_mult"": 1.0}",12.378390199999558
45,quantum/HS-RBF-SVM,quantum,8,0.5555555555555556,0.30000000000000004,"{""clf__C"": 1.0, ""clf__gamma_mult"": 1.0}",12.378390199999558
45,quantum/HS-RBF-SVM,quantum,9,0.5555555555555556,0.65,"{""clf__C"": 10.0, ""clf__gamma_mult"": 1.0}",12.378390199999558
45,quantum/HS-RBF-SVM,quantum,10,0.5555555555555556,0.35,"{""clf__C"": 1.0, ""clf__gamma_mult"": 1.0}",12.378390199999558
45,quantum/HS-RBF-SVM,quantum,11,0.4444444444444444,0.44999999999999996,"{""clf__C"": 10.0, ""clf__gamma_mult"": 0.25}",12.378390199999558
45,quantum/HS-RBF-SVM,quantum,12,0.4444444444444444,0.35,"{""clf__C"": 1.0, ""clf__gamma_mult"": 1.0}",12.378390199999558
45,quantum/HS-RBF-SVM,quantum,13,0.4444444444444444,0.4,"{""clf__C"": 0.1, ""clf__gamma_mult"": 0.25}",12.378390199999558
45,quantum/HS-RBF-SVM,quantum,14,0.5555555555555556,0.8,"{""clf__C"": 1.0, ""clf__gamma_mult"": 1.0}",12.378390199999558
45,quantum/Bures-RBF-SVM,quantum,0,0.3333333333333333,0.3,"{""clf__C"": 10.0, ""clf__gamma_mult"": 1.0}",20.11839629999986
45,quantum/Bures-RBF-SVM,quantum,1,0.3333333333333333,0.1,"{""clf__C"": 1.0, ""clf__gamma_mult"": 1.0}",20.11839629999986
45,quantum/Bures-RBF-SVM,quantum,2,0.5555555555555556,0.8,"{""clf__C"": 10.0, ""clf__gamma_mult"": 1.0}",20.11839629999986
45,quantum/Bures-RBF-SVM,quantum,3,0.4444444444444444,0.5,"{""clf__C"": 1.0, ""clf__gamma_mult"": 1.0}",20.11839629999986
45,quantum/Bures-RBF-SVM,quantum,4,0.4444444444444444,0.5,"{""clf__C"": 10.0, ""clf__gamma_mult"": 1.0}",20.11839629999986
45,quantum/Bures-RBF-SVM,quantum,5,0.5555555555555556,0.65,"{""clf__C"": 10.0, ""clf__gamma_mult"": 1.0}",20.11839629999986
45,quantum/Bures-RBF-SVM,quantum,6,0.6666666666666666,0.65,"{""clf__C"": 10.0, ""clf__gamma_mult"": 1.0}",20.11839629999986
45,quantum/Bures-RBF-SVM,quantum,7,0.3333333333333333,0.55,"{""clf__C"": 10.0, ""clf__gamma_mult"": 1.0}",20.11839629999986
45,quantum/Bures-RBF-SVM,quantum,8,0.3333333333333333,0.30000000000000004,"{""clf__C"": 1.0, ""clf__gamma_mult"": 1.0}",20.11839629999986
45,quantum/Bures-RBF-SVM,quantum,9,0.6666666666666666,0.7000000000000001,"{""clf__C"": 10.0, ""clf__gamma_mult"": 1.0}",20.11839629999986
45,quantum/Bures-RBF-SVM,quantum,10,0.2222222222222222,0.19999999999999998,"{""clf__C"": 1.0, ""clf__gamma_mult"": 1.0}",20.11839629999986
45,quantum/Bures-RBF-SVM,quantum,11,0.4444444444444444,0.6,"{""clf__C"": 10.0, ""clf__gamma_mult"": 1.0}",20.11839629999986
45,quantum/Bures-RBF-SVM,quantum,12,0.4444444444444444,0.4,"{""clf__C"": 10.0, ""clf__gamma_mult"": 1.0}",20.11839629999986
45,quantum/Bures-RBF-SVM,quantum,13,0.4444444444444444,0.35,"{""clf__C"": 1.0, ""clf__gamma_mult"": 1.0}",20.11839629999986
45,quantum/Bures-RBF-SVM,quantum,14,0.5555555555555556,0.6499999999999999,"{""clf__C"": 10.0, ""clf__gamma_mult"": 1.0}",20.11839629999986
45,quantum/QRE-RBF-SVM,quantum,0,0.3333333333333333,0.15,"{""clf__C"": 10.0, ""clf__gamma_mult"": 1.0}",15.04214729999967
45,quantum/QRE-RBF-SVM,quantum,1,0.2222222222222222,0.04999999999999999,"{""clf__C"": 1.0, ""clf__gamma_mult"": 1.0}",15.04214729999967
45,quantum/QRE-RBF-SVM,quantum,2,0.5555555555555556,0.8,"{""clf__C"": 10.0, ""clf__gamma_mult"": 1.0}",15.04214729999967
45,quantum/QRE-RBF-SVM,quantum,3,0.5555555555555556,0.5,"{""clf__C"": 1.0, ""clf__gamma_mult"": 1.0}",15.04214729999967
45,quantum/QRE-RBF-SVM,quantum,4,0.5555555555555556,0.55,"{""clf__C"": 10.0, ""clf__gamma_mult"": 0.25}",15.04214729999967
45,quantum/QRE-RBF-SVM,quantum,5,0.5555555555555556,0.75,"{""clf__C"": 1.0, ""clf__gamma_mult"": 1.0}",15.04214729999967
45,quantum/QRE-RBF-SVM,quantum,6,0.6666666666666666,0.5499999999999999,"{""clf__C"": 10.0, ""clf__gamma_mult"": 4.0}",15.04214729999967
45,quantum/QRE-RBF-SVM,quantum,7,0.4444444444444444,0.5,"{""clf__C"": 10.0, ""clf__gamma_mult"": 1.0}",15.04214729999967
45,quantum/QRE-RBF-SVM,quantum,8,0.4444444444444444,0.35000000000000003,"{""clf__C"": 1.0, ""clf__gamma_mult"": 1.0}",15.04214729999967
45,quantum/QRE-RBF-SVM,quantum,9,0.6666666666666666,0.7,"{""clf__C"": 10.0, ""clf__gamma_mult"": 1.0}",15.04214729999967
45,quantum/QRE-RBF-SVM,quantum,10,0.3333333333333333,0.25,"{""clf__C"": 1.0, ""clf__gamma_mult"": 1.0}",15.04214729999967
45,quantum/QRE-RBF-SVM,quantum,11,0.4444444444444444,0.49999999999999994,"{""clf__C"": 10.0, ""clf__gamma_mult"": 0.25}",15.04214729999967
45,quantum/QRE-RBF-SVM,quantum,12,0.3333333333333333,0.45,"{""clf__C"": 10.0, ""clf__gamma_mult"": 1.0}",15.04214729999967
45,quantum/QRE-RBF-SVM,quantum,13,0.4444444444444444,0.35,"{""clf__C"": 1.0, ""clf__gamma_mult"": 1.0}",15.04214729999967
45,quantum/QRE-RBF-SVM,quantum,14,0.5555555555555556,0.65,"{""clf__C"": 10.0, ""clf__gamma_mult"": 1.0}",15.04214729999967
45,quantum/HS-overlap-ref-SVM,quantum,0,0.6666666666666666,0.75,"{""clf__C"": 10.0}",6.6966591000000335
45,quantum/HS-overlap-ref-SVM,quantum,1,0.2222222222222222,0.39999999999999997,"{""clf__C"": 10.0}",6.6966591000000335
45,quantum/HS-overlap-ref-SVM,quantum,2,0.5555555555555556,0.65,"{""clf__C"": 10.0}",6.6966591000000335
45,quantum/HS-overlap-ref-SVM,quantum,3,0.8888888888888888,0.9,"{""clf__C"": 10.0}",6.6966591000000335
45,quantum/HS-overlap-ref-SVM,quantum,4,0.7777777777777778,0.9,"{""clf__C"": 10.0}",6.6966591000000335
45,quantum/HS-overlap-ref-SVM,quantum,5,0.7777777777777778,1.0,"{""clf__C"": 10.0}",6.6966591000000335
45,quantum/HS-overlap-ref-SVM,quantum,6,0.5555555555555556,0.6,"{""clf__C"": 10.0}",6.6966591000000335
45,quantum/HS-overlap-ref-SVM,quantum,7,0.7777777777777778,0.9,"{""clf__C"": 10.0}",6.6966591000000335
45,quantum/HS-overlap-ref-SVM,quantum,8,0.6666666666666666,0.75,"{""clf__C"": 10.0}",6.6966591000000335
45,quantum/HS-overlap-ref-SVM,quantum,9,0.6666666666666666,0.75,"{""clf__C"": 10.0}",6.6966591000000335
45,quantum/HS-overlap-ref-SVM,quantum,10,0.7777777777777778,0.85,"{""clf__C"": 10.0}",6.6966591000000335
45,quantum/HS-overlap-ref-SVM,quantum,11,0.6666666666666666,0.7000000000000001,"{""clf__C"": 10.0}",6.6966591000000335
45,quantum/HS-overlap-ref-SVM,quantum,12,0.6666666666666666,0.7000000000000001,"{""clf__C"": 10.0}",6.6966591000000335
45,quantum/HS-overlap-ref-SVM,quantum,13,0.5555555555555556,0.7500000000000001,"{""clf__C"": 10.0}",6.6966591000000335
45,quantum/HS-overlap-ref-SVM,quantum,14,0.7777777777777778,1.0,"{""clf__C"": 10.0}",6.6966591000000335
45,quantum/Fidelity-ref-SVM,quantum,0,0.6666666666666666,0.75,"{""clf__C"": 10.0}",10.790966200000184
45,quantum/Fidelity-ref-SVM,quantum,1,0.3333333333333333,0.3,"{""clf__C"": 10.0}",10.790966200000184
45,quantum/Fidelity-ref-SVM,quantum,2,0.5555555555555556,0.65,"{""clf__C"": 10.0}",10.790966200000184
45,quantum/Fidelity-ref-SVM,quantum,3,0.8888888888888888,0.95,"{""clf__C"": 10.0}",10.790966200000184
45,quantum/Fidelity-ref-SVM,quantum,4,0.6666666666666666,0.8,"{""clf__C"": 10.0}",10.790966200000184
45,quantum/Fidelity-ref-SVM,quantum,5,1.0,1.0,"{""clf__C"": 10.0}",10.790966200000184
45,quantum/Fidelity-ref-SVM,quantum,6,0.5555555555555556,0.6,"{""clf__C"": 10.0}",10.790966200000184
45,quantum/Fidelity-ref-SVM,quantum,7,0.6666666666666666,0.75,"{""clf__C"": 10.0}",10.790966200000184
45,quantum/Fidelity-ref-SVM,quantum,8,0.5555555555555556,0.8,"{""clf__C"": 10.0}",10.790966200000184
45,quantum/Fidelity-ref-SVM,quantum,9,0.5555555555555556,0.75,"{""clf__C"": 10.0}",10.790966200000184
45,quantum/Fidelity-ref-SVM,quantum,10,0.7777777777777778,0.6,"{""clf__C"": 10.0}",10.790966200000184
45,quantum/Fidelity-ref-SVM,quantum,11,0.7777777777777778,0.75,"{""clf__C"": 10.0}",10.790966200000184
45,quantum/Fidelity-ref-SVM,quantum,12,0.5555555555555556,0.6,"{""clf__C"": 10.0}",10.790966200000184
45,quantum/Fidelity-ref-SVM,quantum,13,0.4444444444444444,0.6000000000000001,"{""clf__C"": 0.1}",10.790966200000184
45,quantum/Fidelity-ref-SVM,quantum,14,0.7777777777777778,0.8,"{""clf__C"": 10.0}",10.790966200000184
45,quantum/HS-RBF-ref-SVM,quantum,0,0.7777777777777778,0.8,"{""clf__C"": 10.0, ""clf__gamma_mult"": 1.0}",18.734158300000217
45,quantum/HS-RBF-ref-SVM,quantum,1,0.2222222222222222,0.35,"{""clf__C"": 10.0, ""clf__gamma_mult"": 0.25}",18.734158300000217
45,quantum/HS-RBF-ref-SVM,quantum,2,0.5555555555555556,0.7000000000000001,"{""clf__C"": 10.0, ""clf__gamma_mult"": 1.0}",18.734158300000217
45,quantum/HS-RBF-ref-SVM,quantum,3,0.8888888888888888,0.85,"{""clf__C"": 10.0, ""clf__gamma_mult"": 1.0}",18.734158300000217
45,quantum/HS-RBF-ref-SVM,quantum,4,0.7777777777777778,0.8500000000000001,"{""clf__C"": 10.0, ""clf__gamma_mult"": 0.25}",18.734158300000217
45,quantum/HS-RBF-ref-SVM,quantum,5,0.8888888888888888,0.9500000000000001,"{""clf__C"": 10.0, ""clf__gamma_mult"": 1.0}",18.734158300000217
45,quantum/HS-RBF-ref-SVM,quantum,6,0.5555555555555556,0.8,"{""clf__C"": 10.0, ""clf__gamma_mult"": 1.0}",18.734158300000217
45,quantum/HS-RBF-ref-SVM,quantum,7,0.7777777777777778,0.85,"{""clf__C"": 10.0, ""clf__gamma_mult"": 0.25}",18.734158300000217
45,quantum/HS-RBF-ref-SVM,quantum,8,0.6666666666666666,0.75,"{""clf__C"": 10.0, ""clf__gamma_mult"": 1.0}",18.734158300000217
45,quantum/HS-RBF-ref-SVM,quantum,9,0.7777777777777778,0.55,"{""clf__C"": 10.0, ""clf__gamma_mult"": 1.0}",18.734158300000217
45,quantum/HS-RBF-ref-SVM,quantum,10,0.6666666666666666,0.85,"{""clf__C"": 10.0, ""clf__gamma_mult"": 0.25}",18.734158300000217
45,quantum/HS-RBF-ref-SVM,quantum,11,0.6666666666666666,0.7000000000000001,"{""clf__C"": 10.0, ""clf__gamma_mult"": 0.25}",18.734158300000217
45,quantum/HS-RBF-ref-SVM,quantum,12,0.5555555555555556,0.65,"{""clf__C"": 10.0, ""clf__gamma_mult"": 0.25}",18.734158300000217
45,quantum/HS-RBF-ref-SVM,quantum,13,0.5555555555555556,0.8,"{""clf__C"": 10.0, ""clf__gamma_mult"": 0.25}",18.734158300000217
45,quantum/HS-RBF-ref-SVM,quantum,14,0.7777777777777778,0.95,"{""clf__C"": 10.0, ""clf__gamma_mult"": 1.0}",18.734158300000217
45,quantum/Bures-RBF-ref-SVM,quantum,0,0.6666666666666666,0.75,"{""clf__C"": 10.0, ""clf__gamma_mult"": 0.25}",28.53365299999996
45,quantum/Bures-RBF-ref-SVM,quantum,1,0.2222222222222222,0.39999999999999997,"{""clf__C"": 10.0, ""clf__gamma_mult"": 0.25}",28.53365299999996
45,quantum/Bures-RBF-ref-SVM,quantum,2,0.5555555555555556,0.65,"{""clf__C"": 10.0, ""clf__gamma_mult"": 0.25}",28.53365299999996
45,quantum/Bures-RBF-ref-SVM,quantum,3,0.7777777777777778,0.85,"{""clf__C"": 10.0, ""clf__gamma_mult"": 1.0}",28.53365299999996
45,quantum/Bures-RBF-ref-SVM,quantum,4,0.6666666666666666,0.8500000000000001,"{""clf__C"": 10.0, ""clf__gamma_mult"": 1.0}",28.53365299999996
45,quantum/Bures-RBF-ref-SVM,quantum,5,0.8888888888888888,1.0,"{""clf__C"": 10.0, ""clf__gamma_mult"": 0.25}",28.53365299999996
45,quantum/Bures-RBF-ref-SVM,quantum,6,0.5555555555555556,0.75,"{""clf__C"": 10.0, ""clf__gamma_mult"": 1.0}",28.53365299999996
45,quantum/Bures-RBF-ref-SVM,quantum,7,0.7777777777777778,0.85,"{""clf__C"": 10.0, ""clf__gamma_mult"": 0.25}",28.53365299999996
45,quantum/Bures-RBF-ref-SVM,quantum,8,0.7777777777777778,0.8,"{""clf__C"": 10.0, ""clf__gamma_mult"": 1.0}",28.53365299999996
45,quantum/Bures-RBF-ref-SVM,quantum,9,0.7777777777777778,0.6,"{""clf__C"": 10.0, ""clf__gamma_mult"": 1.0}",28.53365299999996
45,quantum/Bures-RBF-ref-SVM,quantum,10,0.6666666666666666,0.8,"{""clf__C"": 10.0, ""clf__gamma_mult"": 1.0}",28.53365299999996
45,quantum/Bures-RBF-ref-SVM,quantum,11,0.6666666666666666,0.75,"{""clf__C"": 10.0, ""clf__gamma_mult"": 0.25}",28.53365299999996
45,quantum/Bures-RBF-ref-SVM,quantum,12,0.4444444444444444,0.6,"{""clf__C"": 10.0, ""clf__gamma_mult"": 1.0}",28.53365299999996
45,quantum/Bures-RBF-ref-SVM,quantum,13,0.6666666666666666,0.8,"{""clf__C"": 10.0, ""clf__gamma_mult"": 1.0}",28.53365299999996
45,quantum/Bures-RBF-ref-SVM,quantum,14,0.7777777777777778,0.95,"{""clf__C"": 10.0, ""clf__gamma_mult"": 1.0}",28.53365299999996
45,quantum/QRE-RBF-ref-SVM,quantum,0,0.6666666666666666,0.75,"{""clf__C"": 10.0, ""clf__gamma_mult"": 0.25}",21.565135100000134
45,quantum/QRE-RBF-ref-SVM,quantum,1,0.2222222222222222,0.39999999999999997,"{""clf__C"": 10.0, ""clf__gamma_mult"": 0.25}",21.565135100000134
45,quantum/QRE-RBF-ref-SVM,quantum,2,0.5555555555555556,0.65,"{""clf__C"": 10.0, ""clf__gamma_mult"": 0.25}",21.565135100000134
45,quantum/QRE-RBF-ref-SVM,quantum,3,0.7777777777777778,0.85,"{""clf__C"": 10.0, ""clf__gamma_mult"": 1.0}",21.565135100000134
45,quantum/QRE-RBF-ref-SVM,quantum,4,0.7777777777777778,0.8500000000000001,"{""clf__C"": 10.0, ""clf__gamma_mult"": 0.25}",21.565135100000134
45,quantum/QRE-RBF-ref-SVM,quantum,5,1.0,1.0,"{""clf__C"": 10.0, ""clf__gamma_mult"": 1.0}",21.565135100000134
45,quantum/QRE-RBF-ref-SVM,quantum,6,0.5555555555555556,0.75,"{""clf__C"": 10.0, ""clf__gamma_mult"": 1.0}",21.565135100000134
45,quantum/QRE-RBF-ref-SVM,quantum,7,0.7777777777777778,0.85,"{""clf__C"": 10.0, ""clf__gamma_mult"": 0.25}",21.565135100000134
45,quantum/QRE-RBF-ref-SVM,quantum,8,0.7777777777777778,0.8,"{""clf__C"": 10.0, ""clf__gamma_mult"": 1.0}",21.565135100000134
45,quantum/QRE-RBF-ref-SVM,quantum,9,0.7777777777777778,0.6,"{""clf__C"": 10.0, ""clf__gamma_mult"": 1.0}",21.565135100000134
45,quantum/QRE-RBF-ref-SVM,quantum,10,0.6666666666666666,0.8,"{""clf__C"": 10.0, ""clf__gamma_mult"": 1.0}",21.565135100000134
45,quantum/QRE-RBF-ref-SVM,quantum,11,0.6666666666666666,0.75,"{""clf__C"": 10.0, ""clf__gamma_mult"": 0.25}",21.565135100000134
45,quantum/QRE-RBF-ref-SVM,quantum,12,0.4444444444444444,0.6,"{""clf__C"": 10.0, ""clf__gamma_mult"": 1.0}",21.565135100000134
45,quantum/QRE-RBF-ref-SVM,quantum,13,0.5555555555555556,0.8,"{""clf__C"": 10.0, ""clf__gamma_mult"": 0.25}",21.565135100000134
45,quantum/QRE-RBF-ref-SVM,quantum,14,0.7777777777777778,0.95,"{""clf__C"": 10.0, ""clf__gamma_mult"": 1.0}",21.565135100000134
45,quantum/IQP-kernel-SVM,quantum,0,0.7777777777777778,0.9,"{""clf__C"": 10.0, ""clf__scale"": 0.5}",27.683657699999912
45,quantum/IQP-kernel-SVM,quantum,1,0.3333333333333333,0.25,"{""clf__C"": 10.0, ""clf__scale"": 0.5}",27.683657699999912
45,quantum/IQP-kernel-SVM,quantum,2,0.4444444444444444,0.14999999999999997,"{""clf__C"": 10.0, ""clf__scale"": 0.5}",27.683657699999912
45,quantum/IQP-kernel-SVM,quantum,3,0.6666666666666666,0.65,"{""clf__C"": 10.0, ""clf__scale"": 0.5}",27.683657699999912
45,quantum/IQP-kernel-SVM,quantum,4,0.6666666666666666,0.6,"{""clf__C"": 10.0, ""clf__scale"": 2.0}",27.683657699999912
45,quantum/IQP-kernel-SVM,quantum,5,0.4444444444444444,0.6000000000000001,"{""clf__C"": 1.0, ""clf__scale"": 2.0}",27.683657699999912
45,quantum/IQP-kernel-SVM,quantum,6,0.4444444444444444,0.8,"{""clf__C"": 10.0, ""clf__scale"": 0.5}",27.683657699999912
45,quantum/IQP-kernel-SVM,quantum,7,0.2222222222222222,0.15,"{""clf__C"": 10.0, ""clf__scale"": 1.0}",27.683657699999912
45,quantum/IQP-kernel-SVM,quantum,8,0.5555555555555556,0.45,"{""clf__C"": 10.0, ""clf__scale"": 1.0}",27.683657699999912
45,quantum/IQP-kernel-SVM,quantum,9,0.2222222222222222,0.3,"{""clf__C"": 1.0, ""clf__scale"": 1.0}",27.683657699999912
45,quantum/IQP-kernel-SVM,quantum,10,0.5555555555555556,0.4,"{""clf__C"": 10.0, ""clf__scale"": 1.0}",27.683657699999912
45,quantum/IQP-kernel-SVM,quantum,11,0.2222222222222222,0.25,"{""clf__C"": 10.0, ""clf__scale"": 2.0}",27.683657699999912
45,quantum/IQP-kernel-SVM,quantum,12,0.4444444444444444,0.45000000000000007,"{""clf__C"": 10.0, ""clf__scale"": 0.5}",27.683657699999912
45,quantum/IQP-kernel-SVM,quantum,13,0.5555555555555556,0.55,"{""clf__C"": 10.0, ""clf__scale"": 0.5}",27.683657699999912
45,quantum/IQP-kernel-SVM,quantum,14,0.4444444444444444,0.6499999999999999,"{""clf__C"": 0.1, ""clf__scale"": 0.5}",27.683657699999912
45,quantum/CNOT-kernel-SVM,quantum,0,0.7777777777777778,0.75,"{""clf__C"": 10.0, ""clf__scale"": 1.0}",24.282924399999956
45,quantum/CNOT-kernel-SVM,quantum,1,0.5555555555555556,0.2,"{""clf__C"": 1.0, ""clf__scale"": 1.0}",24.282924399999956
45,quantum/CNOT-kernel-SVM,quantum,2,0.1111111111111111,0.04999999999999999,"{""clf__C"": 10.0, ""clf__scale"": 2.0}",24.282924399999956
45,quantum/CNOT-kernel-SVM,quantum,3,0.5555555555555556,0.6000000000000001,"{""clf__C"": 10.0, ""clf__scale"": 0.5}",24.282924399999956
45,quantum/CNOT-kernel-SVM,quantum,4,0.5555555555555556,0.6,"{""clf__C"": 1.0, ""clf__scale"": 2.0}",24.282924399999956
45,quantum/CNOT-kernel-SVM,quantum,5,0.7777777777777778,0.9500000000000001,"{""clf__C"": 1.0, ""clf__scale"": 2.0}",24.282924399999956
45,quantum/CNOT-kernel-SVM,quantum,6,0.5555555555555556,0.6,"{""clf__C"": 1.0, ""clf__scale"": 0.5}",24.282924399999956
45,quantum/CNOT-kernel-SVM,quantum,7,0.3333333333333333,0.35,"{""clf__C"": 10.0, ""clf__scale"": 2.0}",24.282924399999956
45,quantum/CNOT-kernel-SVM,quantum,8,0.5555555555555556,0.55,"{""clf__C"": 10.0, ""clf__scale"": 2.0}",24.282924399999956
45,quantum/CNOT-kernel-SVM,quantum,9,0.4444444444444444,0.55,"{""clf__C"": 10.0, ""clf__scale"": 2.0}",24.282924399999956
45,quantum/CNOT-kernel-SVM,quantum,10,0.5555555555555556,0.6,"{""clf__C"": 10.0, ""clf__scale"": 1.0}",24.282924399999956
45,quantum/CNOT-kernel-SVM,quantum,11,0.4444444444444444,0.6000000000000001,"{""clf__C"": 1.0, ""clf__scale"": 2.0}",24.282924399999956
45,quantum/CNOT-kernel-SVM,quantum,12,0.3333333333333333,0.55,"{""clf__C"": 1.0, ""clf__scale"": 2.0}",24.282924399999956
45,quantum/CNOT-kernel-SVM,quantum,13,0.4444444444444444,0.35,"{""clf__C"": 10.0, ""clf__scale"": 1.0}",24.282924399999956
45,quantum/CNOT-kernel-SVM,quantum,14,0.7777777777777778,0.95,"{""clf__C"": 10.0, ""clf__scale"": 2.0}",24.282924399999956
45,control/IQP-no-entangle,control,0,0.6666666666666666,0.75,"{""clf__C"": 10.0, ""clf__scale"": 1.0}",22.858133199999884
45,control/IQP-no-entangle,control,1,0.4444444444444444,0.2,"{""clf__C"": 1.0, ""clf__scale"": 1.0}",22.858133199999884
45,control/IQP-no-entangle,control,2,0.2222222222222222,0.3,"{""clf__C"": 10.0, ""clf__scale"": 1.0}",22.858133199999884
45,control/IQP-no-entangle,control,3,0.6666666666666666,0.6000000000000001,"{""clf__C"": 1.0, ""clf__scale"": 1.0}",22.858133199999884
45,control/IQP-no-entangle,control,4,0.6666666666666666,0.7,"{""clf__C"": 10.0, ""clf__scale"": 2.0}",22.858133199999884
45,control/IQP-no-entangle,control,5,0.7777777777777778,1.0,"{""clf__C"": 10.0, ""clf__scale"": 1.0}",22.858133199999884
45,control/IQP-no-entangle,control,6,0.5555555555555556,0.5,"{""clf__C"": 10.0, ""clf__scale"": 1.0}",22.858133199999884
45,control/IQP-no-entangle,control,7,0.4444444444444444,0.55,"{""clf__C"": 10.0, ""clf__scale"": 1.0}",22.858133199999884
45,control/IQP-no-entangle,control,8,0.4444444444444444,0.45,"{""clf__C"": 10.0, ""clf__scale"": 0.5}",22.858133199999884
45,control/IQP-no-entangle,control,9,0.2222222222222222,0.35,"{""clf__C"": 1.0, ""clf__scale"": 1.0}",22.858133199999884
45,control/IQP-no-entangle,control,10,0.6666666666666666,0.7,"{""clf__C"": 10.0, ""clf__scale"": 1.0}",22.858133199999884
45,control/IQP-no-entangle,control,11,0.7777777777777778,0.9,"{""clf__C"": 10.0, ""clf__scale"": 2.0}",22.858133199999884
45,control/IQP-no-entangle,control,12,0.5555555555555556,0.6500000000000001,"{""clf__C"": 10.0, ""clf__scale"": 2.0}",22.858133199999884
45,control/IQP-no-entangle,control,13,0.6666666666666666,0.4,"{""clf__C"": 10.0, ""clf__scale"": 0.5}",22.858133199999884
45,control/IQP-no-entangle,control,14,0.6666666666666666,0.8,"{""clf__C"": 1.0, ""clf__scale"": 1.0}",22.858133199999884
45,control/PCA-matched-RBF,control,0,0.6666666666666666,0.8,"{""clf__C"": 10.0, ""clf__gamma"": ""scale""}",19.162837999999738
45,control/PCA-matched-RBF,control,1,0.2222222222222222,0.15,"{""clf__C"": 10.0, ""clf__gamma"": 0.01}",19.162837999999738
45,control/PCA-matched-RBF,control,2,0.3333333333333333,0.39999999999999997,"{""clf__C"": 10.0, ""clf__gamma"": 0.1}",19.162837999999738
45,control/PCA-matched-RBF,control,3,0.6666666666666666,0.65,"{""clf__C"": 10.0, ""clf__gamma"": 0.1}",19.162837999999738
45,control/PCA-matched-RBF,control,4,0.4444444444444444,0.3,"{""clf__C"": 10.0, ""clf__gamma"": ""scale""}",19.162837999999738
45,control/PCA-matched-RBF,control,5,0.7777777777777778,0.8,"{""clf__C"": 10.0, ""clf__gamma"": 0.1}",19.162837999999738
45,control/PCA-matched-RBF,control,6,0.4444444444444444,0.55,"{""clf__C"": 1.0, ""clf__gamma"": 0.1}",19.162837999999738
45,control/PCA-matched-RBF,control,7,0.5555555555555556,0.65,"{""clf__C"": 1.0, ""clf__gamma"": ""scale""}",19.162837999999738
45,control/PCA-matched-RBF,control,8,0.4444444444444444,0.3,"{""clf__C"": 1.0, ""clf__gamma"": ""scale""}",19.162837999999738
45,control/PCA-matched-RBF,control,9,0.4444444444444444,0.25,"{""clf__C"": 0.1, ""clf__gamma"": ""scale""}",19.162837999999738
45,control/PCA-matched-RBF,control,10,0.5555555555555556,0.7,"{""clf__C"": 1.0, ""clf__gamma"": ""scale""}",19.162837999999738
45,control/PCA-matched-RBF,control,11,0.5555555555555556,0.7,"{""clf__C"": 10.0, ""clf__gamma"": ""scale""}",19.162837999999738
45,control/PCA-matched-RBF,control,12,0.3333333333333333,0.35,"{""clf__C"": 10.0, ""clf__gamma"": 0.1}",19.162837999999738
45,control/PCA-matched-RBF,control,13,0.6666666666666666,0.4,"{""clf__C"": 10.0, ""clf__gamma"": 0.1}",19.162837999999738
45,control/PCA-matched-RBF,control,14,0.5555555555555556,0.75,"{""clf__C"": 1.0, ""clf__gamma"": ""scale""}",19.162837999999738
45,control/PCA-matched-linear,control,0,0.7777777777777778,0.8,"{""clf__C"": 1.0}",6.842747299999701
45,control/PCA-matched-linear,control,1,0.2222222222222222,0.1,"{""clf__C"": 1.0}",6.842747299999701
45,control/PCA-matched-linear,control,2,0.3333333333333333,0.44999999999999996,"{""clf__C"": 1.0}",6.842747299999701
45,control/PCA-matched-linear,control,3,0.6666666666666666,0.7,"{""clf__C"": 10.0}",6.842747299999701
45,control/PCA-matched-linear,control,4,0.5555555555555556,0.65,"{""clf__C"": 10.0}",6.842747299999701
45,control/PCA-matched-linear,control,5,0.6666666666666666,0.85,"{""clf__C"": 1.0}",6.842747299999701
45,control/PCA-matched-linear,control,6,0.4444444444444444,0.5499999999999999,"{""clf__C"": 0.1}",6.842747299999701
45,control/PCA-matched-linear,control,7,0.5555555555555556,0.6,"{""clf__C"": 0.1}",6.842747299999701
45,control/PCA-matched-linear,control,8,0.4444444444444444,0.75,"{""clf__C"": 10.0}",6.842747299999701
45,control/PCA-matched-linear,control,9,0.3333333333333333,0.3,"{""clf__C"": 0.1}",6.842747299999701
45,control/PCA-matched-linear,control,10,0.5555555555555556,0.4,"{""clf__C"": 0.1}",6.842747299999701
45,control/PCA-matched-linear,control,11,0.5555555555555556,0.65,"{""clf__C"": 1.0}",6.842747299999701
45,control/PCA-matched-linear,control,12,0.6666666666666666,0.5,"{""clf__C"": 1.0}",6.842747299999701
45,control/PCA-matched-linear,control,13,0.4444444444444444,0.5,"{""clf__C"": 10.0}",6.842747299999701
45,control/PCA-matched-linear,control,14,0.6666666666666666,0.65,"{""clf__C"": 0.1}",6.842747299999701
45,control/logeuclid-TS+LR,control,0,0.3333333333333333,0.35,"{""clf__C"": 10.0}",5.226203200000327
45,control/logeuclid-TS+LR,control,1,0.2222222222222222,0.25,"{""clf__C"": 10.0}",5.226203200000327
45,control/logeuclid-TS+LR,control,2,0.3333333333333333,0.55,"{""clf__C"": 1.0}",5.226203200000327
45,control/logeuclid-TS+LR,control,3,0.6666666666666666,0.7,"{""clf__C"": 10.0}",5.226203200000327
45,control/logeuclid-TS+LR,control,4,0.4444444444444444,0.55,"{""clf__C"": 10.0}",5.226203200000327
45,control/logeuclid-TS+LR,control,5,0.6666666666666666,0.8,"{""clf__C"": 10.0}",5.226203200000327
45,control/logeuclid-TS+LR,control,6,0.2222222222222222,0.3,"{""clf__C"": 1.0}",5.226203200000327
45,control/logeuclid-TS+LR,control,7,0.5555555555555556,0.4,"{""clf__C"": 1.0}",5.226203200000327
45,control/logeuclid-TS+LR,control,8,0.4444444444444444,0.5,"{""clf__C"": 10.0}",5.226203200000327
45,control/logeuclid-TS+LR,control,9,0.4444444444444444,0.45,"{""clf__C"": 1.0}",5.226203200000327
45,control/logeuclid-TS+LR,control,10,0.4444444444444444,0.5,"{""clf__C"": 10.0}",5.226203200000327
45,control/logeuclid-TS+LR,control,11,0.3333333333333333,0.35,"{""clf__C"": 0.1}",5.226203200000327
45,control/logeuclid-TS+LR,control,12,0.5555555555555556,0.3,"{""clf__C"": 10.0}",5.226203200000327
45,control/logeuclid-TS+LR,control,13,0.6666666666666666,0.75,"{""clf__C"": 10.0}",5.226203200000327
45,control/logeuclid-TS+LR,control,14,0.4444444444444444,0.44999999999999996,"{""clf__C"": 0.1}",5.226203200000327
45,control/riemann-kernel-SVM,control,0,0.7777777777777778,0.8,"{""clf__C"": 1.0}",6.856952999999976
45,control/riemann-kernel-SVM,control,1,0.4444444444444444,0.5,"{""clf__C"": 1.0}",6.856952999999976
45,control/riemann-kernel-SVM,control,2,0.5555555555555556,0.6,"{""clf__C"": 1.0}",6.856952999999976
45,control/riemann-kernel-SVM,control,3,0.8888888888888888,0.95,"{""clf__C"": 1.0}",6.856952999999976
45,control/riemann-kernel-SVM,control,4,0.7777777777777778,0.9,"{""clf__C"": 10.0}",6.856952999999976
45,control/riemann-kernel-SVM,control,5,0.7777777777777778,0.9,"{""clf__C"": 1.0}",6.856952999999976
45,control/riemann-kernel-SVM,control,6,0.5555555555555556,0.65,"{""clf__C"": 1.0}",6.856952999999976
45,control/riemann-kernel-SVM,control,7,0.6666666666666666,0.85,"{""clf__C"": 1.0}",6.856952999999976
45,control/riemann-kernel-SVM,control,8,0.6666666666666666,0.8,"{""clf__C"": 1.0}",6.856952999999976
45,control/riemann-kernel-SVM,control,9,0.6666666666666666,0.8,"{""clf__C"": 1.0}",6.856952999999976
45,control/riemann-kernel-SVM,control,10,0.7777777777777778,0.6,"{""clf__C"": 10.0}",6.856952999999976
45,control/riemann-kernel-SVM,control,11,0.7777777777777778,0.75,"{""clf__C"": 1.0}",6.856952999999976
45,control/riemann-kernel-SVM,control,12,0.5555555555555556,0.75,"{""clf__C"": 1.0}",6.856952999999976
45,control/riemann-kernel-SVM,control,13,0.6666666666666666,0.8,"{""clf__C"": 10.0}",6.856952999999976
45,control/riemann-kernel-SVM,control,14,0.7777777777777778,0.95,"{""clf__C"": 1.0}",6.856952999999976
45,control/logeuclid-kernel-SVM,control,0,0.7777777777777778,0.8,"{""clf__C"": 1.0}",6.58375789999991
45,control/logeuclid-kernel-SVM,control,1,0.4444444444444444,0.5,"{""clf__C"": 1.0}",6.58375789999991
45,control/logeuclid-kernel-SVM,control,2,0.6666666666666666,0.55,"{""clf__C"": 1.0}",6.58375789999991
45,control/logeuclid-kernel-SVM,control,3,0.8888888888888888,1.0,"{""clf__C"": 1.0}",6.58375789999991
45,control/logeuclid-kernel-SVM,control,4,0.7777777777777778,0.9,"{""clf__C"": 1.0}",6.58375789999991
45,control/logeuclid-kernel-SVM,control,5,0.8888888888888888,0.9500000000000001,"{""clf__C"": 1.0}",6.58375789999991
45,control/logeuclid-kernel-SVM,control,6,0.5555555555555556,0.65,"{""clf__C"": 10.0}",6.58375789999991
45,control/logeuclid-kernel-SVM,control,7,0.7777777777777778,0.8,"{""clf__C"": 1.0}",6.58375789999991
45,control/logeuclid-kernel-SVM,control,8,0.6666666666666666,0.8,"{""clf__C"": 1.0}",6.58375789999991
45,control/logeuclid-kernel-SVM,control,9,0.6666666666666666,0.8,"{""clf__C"": 1.0}",6.58375789999991
45,control/logeuclid-kernel-SVM,control,10,0.6666666666666666,0.65,"{""clf__C"": 1.0}",6.58375789999991
45,control/logeuclid-kernel-SVM,control,11,0.7777777777777778,0.85,"{""clf__C"": 1.0}",6.58375789999991
45,control/logeuclid-kernel-SVM,control,12,0.4444444444444444,0.7,"{""clf__C"": 10.0}",6.58375789999991
45,control/logeuclid-kernel-SVM,control,13,0.6666666666666666,0.8,"{""clf__C"": 1.0}",6.58375789999991
45,control/logeuclid-kernel-SVM,control,14,0.7777777777777778,0.9,"{""clf__C"": 1.0}",6.58375789999991
46,classical/logvar+LDA,classical,0,0.3333333333333333,0.35,{},0.13402110000015455
46,classical/logvar+LDA,classical,1,0.6666666666666666,0.65,{},0.13402110000015455
46,classical/logvar+LDA,classical,2,0.5555555555555556,0.7,{},0.13402110000015455
46,classical/logvar+LDA,classical,3,0.7777777777777778,1.0,{},0.13402110000015455
46,classical/logvar+LDA,classical,4,0.5555555555555556,0.65,{},0.13402110000015455
46,classical/logvar+LDA,classical,5,0.5555555555555556,0.8,{},0.13402110000015455
46,classical/logvar+LDA,classical,6,0.5555555555555556,0.5499999999999999,{},0.13402110000015455
46,classical/logvar+LDA,classical,7,0.5555555555555556,0.7,{},0.13402110000015455
46,classical/logvar+LDA,classical,8,0.5555555555555556,0.7,{},0.13402110000015455
46,classical/logvar+LDA,classical,9,0.1111111111111111,0.1,{},0.13402110000015455
46,classical/logvar+LDA,classical,10,0.6666666666666666,0.75,{},0.13402110000015455
46,classical/logvar+LDA,classical,11,0.8888888888888888,0.9500000000000001,{},0.13402110000015455
46,classical/logvar+LDA,classical,12,0.6666666666666666,0.65,{},0.13402110000015455
46,classical/logvar+LDA,classical,13,0.6666666666666666,0.85,{},0.13402110000015455
46,classical/logvar+LDA,classical,14,0.4444444444444444,0.5,{},0.13402110000015455
46,classical/CSP+LDA,classical,0,0.5555555555555556,0.15,"{""csp__nfilter"": 4}",4.219575000000077
46,classical/CSP+LDA,classical,1,0.3333333333333333,0.6,"{""csp__nfilter"": 6}",4.219575000000077
46,classical/CSP+LDA,classical,2,0.5555555555555556,0.55,"{""csp__nfilter"": 4}",4.219575000000077
46,classical/CSP+LDA,classical,3,0.7777777777777778,0.75,"{""csp__nfilter"": 2}",4.219575000000077
46,classical/CSP+LDA,classical,4,0.6666666666666666,0.65,"{""csp__nfilter"": 6}",4.219575000000077
46,classical/CSP+LDA,classical,5,0.4444444444444444,0.7,"{""csp__nfilter"": 2}",4.219575000000077
46,classical/CSP+LDA,classical,6,0.5555555555555556,0.44999999999999996,"{""csp__nfilter"": 6}",4.219575000000077
46,classical/CSP+LDA,classical,7,0.5555555555555556,0.75,"{""csp__nfilter"": 2}",4.219575000000077
46,classical/CSP+LDA,classical,8,0.6666666666666666,0.65,"{""csp__nfilter"": 6}",4.219575000000077
46,classical/CSP+LDA,classical,9,0.3333333333333333,0.2,"{""csp__nfilter"": 2}",4.219575000000077
46,classical/CSP+LDA,classical,10,0.6666666666666666,0.7,"{""csp__nfilter"": 4}",4.219575000000077
46,classical/CSP+LDA,classical,11,0.5555555555555556,0.65,"{""csp__nfilter"": 2}",4.219575000000077
46,classical/CSP+LDA,classical,12,0.3333333333333333,0.35,"{""csp__nfilter"": 2}",4.219575000000077
46,classical/CSP+LDA,classical,13,0.4444444444444444,0.65,"{""csp__nfilter"": 2}",4.219575000000077
46,classical/CSP+LDA,classical,14,0.4444444444444444,0.65,"{""csp__nfilter"": 6}",4.219575000000077
46,classical/MDM,classical,0,0.3333333333333333,0.24999999999999997,{},0.6753927999998268
46,classical/MDM,classical,1,0.6666666666666666,0.65,{},0.6753927999998268
46,classical/MDM,classical,2,0.3333333333333333,0.5,{},0.6753927999998268
46,classical/MDM,classical,3,0.7777777777777778,0.95,{},0.6753927999998268
46,classical/MDM,classical,4,0.5555555555555556,0.49999999999999994,{},0.6753927999998268
46,classical/MDM,classical,5,0.4444444444444444,0.7,{},0.6753927999998268
46,classical/MDM,classical,6,0.6666666666666666,0.65,{},0.6753927999998268
46,classical/MDM,classical,7,0.5555555555555556,0.8,{},0.6753927999998268
46,classical/MDM,classical,8,0.5555555555555556,0.65,{},0.6753927999998268
46,classical/MDM,classical,9,0.3333333333333333,0.25,{},0.6753927999998268
46,classical/MDM,classical,10,0.6666666666666666,0.6499999999999999,{},0.6753927999998268
46,classical/MDM,classical,11,0.6666666666666666,0.55,{},0.6753927999998268
46,classical/MDM,classical,12,0.5555555555555556,0.4,{},0.6753927999998268
46,classical/MDM,classical,13,0.4444444444444444,0.75,{},0.6753927999998268
46,classical/MDM,classical,14,0.5555555555555556,0.55,{},0.6753927999998268
46,classical/TS+LR,classical,0,0.3333333333333333,0.3,"{""clf__C"": 0.1}",6.705129599999964
46,classical/TS+LR,classical,1,0.6666666666666666,0.6,"{""clf__C"": 0.1}",6.705129599999964
46,classical/TS+LR,classical,2,0.3333333333333333,0.5,"{""clf__C"": 1.0}",6.705129599999964
46,classical/TS+LR,classical,3,0.6666666666666666,0.75,"{""clf__C"": 0.1}",6.705129599999964
46,classical/TS+LR,classical,4,0.5555555555555556,0.6,"{""clf__C"": 0.1}",6.705129599999964
46,classical/TS+LR,classical,5,0.5555555555555556,0.8,"{""clf__C"": 0.1}",6.705129599999964
46,classical/TS+LR,classical,6,0.4444444444444444,0.45,"{""clf__C"": 10.0}",6.705129599999964
46,classical/TS+LR,classical,7,0.6666666666666666,0.65,"{""clf__C"": 0.1}",6.705129599999964
46,classical/TS+LR,classical,8,0.4444444444444444,0.45,"{""clf__C"": 0.1}",6.705129599999964
46,classical/TS+LR,classical,9,0.5555555555555556,0.45,"{""clf__C"": 0.1}",6.705129599999964
46,classical/TS+LR,classical,10,0.5555555555555556,0.5499999999999999,"{""clf__C"": 0.1}",6.705129599999964
46,classical/TS+LR,classical,11,0.5555555555555556,0.5,"{""clf__C"": 0.1}",6.705129599999964
46,classical/TS+LR,classical,12,0.5555555555555556,0.6,"{""clf__C"": 1.0}",6.705129599999964
46,classical/TS+LR,classical,13,0.6666666666666666,0.65,"{""clf__C"": 0.1}",6.705129599999964
46,classical/TS+LR,classical,14,0.4444444444444444,0.6,"{""clf__C"": 0.1}",6.705129599999964
46,classical/TS+RBF-SVM,classical,0,0.3333333333333333,0.3,"{""clf__C"": 10.0, ""clf__gamma"": ""scale""}",18.22780260000036
46,classical/TS+RBF-SVM,classical,1,0.3333333333333333,0.39999999999999997,"{""clf__C"": 1.0, ""clf__gamma"": ""scale""}",18.22780260000036
46,classical/TS+RBF-SVM,classical,2,0.4444444444444444,0.6,"{""clf__C"": 10.0, ""clf__gamma"": ""scale""}",18.22780260000036
46,classical/TS+RBF-SVM,classical,3,0.4444444444444444,0.8,"{""clf__C"": 0.1, ""clf__gamma"": ""scale""}",18.22780260000036
46,classical/TS+RBF-SVM,classical,4,0.4444444444444444,0.65,"{""clf__C"": 0.1, ""clf__gamma"": ""scale""}",18.22780260000036
46,classical/TS+RBF-SVM,classical,5,0.5555555555555556,0.8,"{""clf__C"": 0.1, ""clf__gamma"": ""scale""}",18.22780260000036
46,classical/TS+RBF-SVM,classical,6,0.4444444444444444,0.45,"{""clf__C"": 10.0, ""clf__gamma"": ""scale""}",18.22780260000036
46,classical/TS+RBF-SVM,classical,7,0.6666666666666666,0.7,"{""clf__C"": 10.0, ""clf__gamma"": ""scale""}",18.22780260000036
46,classical/TS+RBF-SVM,classical,8,0.2222222222222222,0.35,"{""clf__C"": 10.0, ""clf__gamma"": ""scale""}",18.22780260000036
46,classical/TS+RBF-SVM,classical,9,0.4444444444444444,0.45,"{""clf__C"": 0.1, ""clf__gamma"": ""scale""}",18.22780260000036
46,classical/TS+RBF-SVM,classical,10,0.6666666666666666,0.6,"{""clf__C"": 10.0, ""clf__gamma"": ""scale""}",18.22780260000036
46,classical/TS+RBF-SVM,classical,11,0.5555555555555556,0.6,"{""clf__C"": 10.0, ""clf__gamma"": 0.01}",18.22780260000036
46,classical/TS+RBF-SVM,classical,12,0.5555555555555556,0.6,"{""clf__C"": 1.0, ""clf__gamma"": ""scale""}",18.22780260000036
46,classical/TS+RBF-SVM,classical,13,0.4444444444444444,0.55,"{""clf__C"": 0.1, ""clf__gamma"": ""scale""}",18.22780260000036
46,classical/TS+RBF-SVM,classical,14,0.4444444444444444,0.6,"{""clf__C"": 0.1, ""clf__gamma"": ""scale""}",18.22780260000036
46,quantum/HS-overlap-SVM,quantum,0,0.5555555555555556,0.35,"{""clf__C"": 10.0}",4.404934599999706
46,quantum/HS-overlap-SVM,quantum,1,0.6666666666666666,0.9,"{""clf__C"": 0.1}",4.404934599999706
46,quantum/HS-overlap-SVM,quantum,2,0.5555555555555556,0.7000000000000001,"{""clf__C"": 0.1}",4.404934599999706
46,quantum/HS-overlap-SVM,quantum,3,0.4444444444444444,0.9,"{""clf__C"": 0.1}",4.404934599999706
46,quantum/HS-overlap-SVM,quantum,4,0.4444444444444444,0.6,"{""clf__C"": 0.1}",4.404934599999706
46,quantum/HS-overlap-SVM,quantum,5,0.6666666666666666,0.7000000000000001,"{""clf__C"": 0.1}",4.404934599999706
46,quantum/HS-overlap-SVM,quantum,6,0.7777777777777778,0.6499999999999999,"{""clf__C"": 0.1}",4.404934599999706
46,quantum/HS-overlap-SVM,quantum,7,0.6666666666666666,0.8,"{""clf__C"": 0.1}",4.404934599999706
46,quantum/HS-overlap-SVM,quantum,8,0.4444444444444444,0.9,"{""clf__C"": 0.1}",4.404934599999706
46,quantum/HS-overlap-SVM,quantum,9,0.4444444444444444,0.25,"{""clf__C"": 10.0}",4.404934599999706
46,quantum/HS-overlap-SVM,quantum,10,0.7777777777777778,0.7,"{""clf__C"": 0.1}",4.404934599999706
46,quantum/HS-overlap-SVM,quantum,11,1.0,1.0,"{""clf__C"": 0.1}",4.404934599999706
46,quantum/HS-overlap-SVM,quantum,12,0.6666666666666666,0.5499999999999999,"{""clf__C"": 0.1}",4.404934599999706
46,quantum/HS-overlap-SVM,quantum,13,0.4444444444444444,0.85,"{""clf__C"": 0.1}",4.404934599999706
46,quantum/HS-overlap-SVM,quantum,14,0.5555555555555556,0.45,"{""clf__C"": 10.0}",4.404934599999706
46,quantum/Fidelity-SVM,quantum,0,0.4444444444444444,0.3,"{""clf__C"": 10.0}",7.717507299999852
46,quantum/Fidelity-SVM,quantum,1,0.5555555555555556,0.8,"{""clf__C"": 0.1}",7.717507299999852
46,quantum/Fidelity-SVM,quantum,2,0.7777777777777778,0.7,"{""clf__C"": 0.1}",7.717507299999852
46,quantum/Fidelity-SVM,quantum,3,0.4444444444444444,0.9,"{""clf__C"": 0.1}",7.717507299999852
46,quantum/Fidelity-SVM,quantum,4,0.4444444444444444,0.6,"{""clf__C"": 0.1}",7.717507299999852
46,quantum/Fidelity-SVM,quantum,5,0.6666666666666666,0.7000000000000001,"{""clf__C"": 10.0}",7.717507299999852
46,quantum/Fidelity-SVM,quantum,6,0.6666666666666666,0.7,"{""clf__C"": 0.1}",7.717507299999852
46,quantum/Fidelity-SVM,quantum,7,0.6666666666666666,0.65,"{""clf__C"": 0.1}",7.717507299999852
46,quantum/Fidelity-SVM,quantum,8,0.4444444444444444,0.75,"{""clf__C"": 0.1}",7.717507299999852
46,quantum/Fidelity-SVM,quantum,9,0.4444444444444444,0.3,"{""clf__C"": 10.0}",7.717507299999852
46,quantum/Fidelity-SVM,quantum,10,0.6666666666666666,0.65,"{""clf__C"": 0.1}",7.717507299999852
46,quantum/Fidelity-SVM,quantum,11,0.6666666666666666,0.8,"{""clf__C"": 0.1}",7.717507299999852
46,quantum/Fidelity-SVM,quantum,12,0.6666666666666666,0.55,"{""clf__C"": 0.1}",7.717507299999852
46,quantum/Fidelity-SVM,quantum,13,0.4444444444444444,0.8,"{""clf__C"": 0.1}",7.717507299999852
46,quantum/Fidelity-SVM,quantum,14,0.5555555555555556,0.55,"{""clf__C"": 10.0}",7.717507299999852
46,quantum/HS-RBF-SVM,quantum,0,0.4444444444444444,0.3,"{""clf__C"": 1.0, ""clf__gamma_mult"": 0.25}",12.341420700000072
46,quantum/HS-RBF-SVM,quantum,1,0.7777777777777778,0.8,"{""clf__C"": 1.0, ""clf__gamma_mult"": 0.25}",12.341420700000072
46,quantum/HS-RBF-SVM,quantum,2,0.6666666666666666,0.7,"{""clf__C"": 1.0, ""clf__gamma_mult"": 1.0}",12.341420700000072
46,quantum/HS-RBF-SVM,quantum,3,0.6666666666666666,0.95,"{""clf__C"": 1.0, ""clf__gamma_mult"": 1.0}",12.341420700000072
46,quantum/HS-RBF-SVM,quantum,4,0.5555555555555556,0.44999999999999996,"{""clf__C"": 1.0, ""clf__gamma_mult"": 1.0}",12.341420700000072
46,quantum/HS-RBF-SVM,quantum,5,0.6666666666666666,0.7,"{""clf__C"": 1.0, ""clf__gamma_mult"": 0.25}",12.341420700000072
46,quantum/HS-RBF-SVM,quantum,6,0.5555555555555556,0.55,"{""clf__C"": 10.0, ""clf__gamma_mult"": 4.0}",12.341420700000072
46,quantum/HS-RBF-SVM,quantum,7,0.5555555555555556,0.6000000000000001,"{""clf__C"": 10.0, ""clf__gamma_mult"": 0.25}",12.341420700000072
46,quantum/HS-RBF-SVM,quantum,8,0.6666666666666666,0.75,"{""clf__C"": 1.0, ""clf__gamma_mult"": 0.25}",12.341420700000072
46,quantum/HS-RBF-SVM,quantum,9,0.3333333333333333,0.35000000000000003,"{""clf__C"": 1.0, ""clf__gamma_mult"": 0.25}",12.341420700000072
46,quantum/HS-RBF-SVM,quantum,10,0.5555555555555556,0.6,"{""clf__C"": 1.0, ""clf__gamma_mult"": 1.0}",12.341420700000072
46,quantum/HS-RBF-SVM,quantum,11,0.7777777777777778,0.9500000000000001,"{""clf__C"": 1.0, ""clf__gamma_mult"": 0.25}",12.341420700000072
46,quantum/HS-RBF-SVM,quantum,12,0.4444444444444444,0.25,"{""clf__C"": 1.0, ""clf__gamma_mult"": 4.0}",12.341420700000072
46,quantum/HS-RBF-SVM,quantum,13,0.5555555555555556,0.75,"{""clf__C"": 1.0, ""clf__gamma_mult"": 0.25}",12.341420700000072
46,quantum/HS-RBF-SVM,quantum,14,0.5555555555555556,0.55,"{""clf__C"": 1.0, ""clf__gamma_mult"": 0.25}",12.341420700000072
46,quantum/Bures-RBF-SVM,quantum,0,0.4444444444444444,0.3,"{""clf__C"": 1.0, ""clf__gamma_mult"": 0.25}",20.214347199999793
46,quantum/Bures-RBF-SVM,quantum,1,0.8888888888888888,0.8,"{""clf__C"": 1.0, ""clf__gamma_mult"": 0.25}",20.214347199999793
46,quantum/Bures-RBF-SVM,quantum,2,0.5555555555555556,0.6,"{""clf__C"": 10.0, ""clf__gamma_mult"": 1.0}",20.214347199999793
46,quantum/Bures-RBF-SVM,quantum,3,0.6666666666666666,0.5,"{""clf__C"": 1.0, ""clf__gamma_mult"": 4.0}",20.214347199999793
46,quantum/Bures-RBF-SVM,quantum,4,0.5555555555555556,0.6,"{""clf__C"": 1.0, ""clf__gamma_mult"": 0.25}",20.214347199999793
46,quantum/Bures-RBF-SVM,quantum,5,0.5555555555555556,0.7000000000000001,"{""clf__C"": 0.1, ""clf__gamma_mult"": 0.25}",20.214347199999793
46,quantum/Bures-RBF-SVM,quantum,6,0.6666666666666666,0.6,"{""clf__C"": 10.0, ""clf__gamma_mult"": 1.0}",20.214347199999793
46,quantum/Bures-RBF-SVM,quantum,7,0.4444444444444444,0.45,"{""clf__C"": 10.0, ""clf__gamma_mult"": 1.0}",20.214347199999793
46,quantum/Bures-RBF-SVM,quantum,8,0.4444444444444444,0.75,"{""clf__C"": 1.0, ""clf__gamma_mult"": 0.25}",20.214347199999793
46,quantum/Bures-RBF-SVM,quantum,9,0.4444444444444444,0.39999999999999997,"{""clf__C"": 1.0, ""clf__gamma_mult"": 0.25}",20.214347199999793
46,quantum/Bures-RBF-SVM,quantum,10,0.4444444444444444,0.6,"{""clf__C"": 10.0, ""clf__gamma_mult"": 1.0}",20.214347199999793
46,quantum/Bures-RBF-SVM,quantum,11,0.6666666666666666,0.85,"{""clf__C"": 1.0, ""clf__gamma_mult"": 0.25}",20.214347199999793
46,quantum/Bures-RBF-SVM,quantum,12,0.3333333333333333,0.1,"{""clf__C"": 10.0, ""clf__gamma_mult"": 4.0}",20.214347199999793
46,quantum/Bures-RBF-SVM,quantum,13,0.4444444444444444,0.7,"{""clf__C"": 1.0, ""clf__gamma_mult"": 0.25}",20.214347199999793
46,quantum/Bures-RBF-SVM,quantum,14,0.4444444444444444,0.5,"{""clf__C"": 10.0, ""clf__gamma_mult"": 0.25}",20.214347199999793
46,quantum/QRE-RBF-SVM,quantum,0,0.4444444444444444,0.3,"{""clf__C"": 1.0, ""clf__gamma_mult"": 0.25}",15.105305399999452
46,quantum/QRE-RBF-SVM,quantum,1,0.8888888888888888,0.8,"{""clf__C"": 1.0, ""clf__gamma_mult"": 0.25}",15.105305399999452
46,quantum/QRE-RBF-SVM,quantum,2,0.5555555555555556,0.7,"{""clf__C"": 1.0, ""clf__gamma_mult"": 0.25}",15.105305399999452
46,quantum/QRE-RBF-SVM,quantum,3,0.6666666666666666,0.6,"{""clf__C"": 1.0, ""clf__gamma_mult"": 4.0}",15.105305399999452
46,quantum/QRE-RBF-SVM,quantum,4,0.5555555555555556,0.6,"{""clf__C"": 1.0, ""clf__gamma_mult"": 0.25}",15.105305399999452
46,quantum/QRE-RBF-SVM,quantum,5,0.5555555555555556,0.7000000000000001,"{""clf__C"": 0.1, ""clf__gamma_mult"": 0.25}",15.105305399999452
46,quantum/QRE-RBF-SVM,quantum,6,0.5555555555555556,0.5499999999999999,"{""clf__C"": 1.0, ""clf__gamma_mult"": 4.0}",15.105305399999452
46,quantum/QRE-RBF-SVM,quantum,7,0.4444444444444444,0.65,"{""clf__C"": 10.0, ""clf__gamma_mult"": 0.25}",15.105305399999452
46,quantum/QRE-RBF-SVM,quantum,8,0.5555555555555556,0.75,"{""clf__C"": 1.0, ""clf__gamma_mult"": 0.25}",15.105305399999452
46,quantum/QRE-RBF-SVM,quantum,9,0.2222222222222222,0.05,"{""clf__C"": 1.0, ""clf__gamma_mult"": 4.0}",15.105305399999452
46,quantum/QRE-RBF-SVM,quantum,10,0.4444444444444444,0.65,"{""clf__C"": 1.0, ""clf__gamma_mult"": 0.25}",15.105305399999452
46,quantum/QRE-RBF-SVM,quantum,11,0.6666666666666666,0.9,"{""clf__C"": 1.0, ""clf__gamma_mult"": 0.25}",15.105305399999452
46,quantum/QRE-RBF-SVM,quantum,12,0.3333333333333333,0.15,"{""clf__C"": 10.0, ""clf__gamma_mult"": 4.0}",15.105305399999452
46,quantum/QRE-RBF-SVM,quantum,13,0.4444444444444444,0.8,"{""clf__C"": 1.0, ""clf__gamma_mult"": 0.25}",15.105305399999452
46,quantum/QRE-RBF-SVM,quantum,14,0.4444444444444444,0.6,"{""clf__C"": 1.0, ""clf__gamma_mult"": 0.25}",15.105305399999452
46,quantum/HS-overlap-ref-SVM,quantum,0,0.3333333333333333,0.35,"{""clf__C"": 10.0}",6.7255121999996845
46,quantum/HS-overlap-ref-SVM,quantum,1,0.4444444444444444,0.39999999999999997,"{""clf__C"": 10.0}",6.7255121999996845
46,quantum/HS-overlap-ref-SVM,quantum,2,0.4444444444444444,0.5,"{""clf__C"": 10.0}",6.7255121999996845
46,quantum/HS-overlap-ref-SVM,quantum,3,0.7777777777777778,0.75,"{""clf__C"": 10.0}",6.7255121999996845
46,quantum/HS-overlap-ref-SVM,quantum,4,0.3333333333333333,0.45,"{""clf__C"": 10.0}",6.7255121999996845
46,quantum/HS-overlap-ref-SVM,quantum,5,0.5555555555555556,0.85,"{""clf__C"": 10.0}",6.7255121999996845
46,quantum/HS-overlap-ref-SVM,quantum,6,0.4444444444444444,0.5,"{""clf__C"": 10.0}",6.7255121999996845
46,quantum/HS-overlap-ref-SVM,quantum,7,0.5555555555555556,0.7,"{""clf__C"": 10.0}",6.7255121999996845
46,quantum/HS-overlap-ref-SVM,quantum,8,0.5555555555555556,0.5,"{""clf__C"": 10.0}",6.7255121999996845
46,quantum/HS-overlap-ref-SVM,quantum,9,0.3333333333333333,0.44999999999999996,"{""clf__C"": 1.0}",6.7255121999996845
46,quantum/HS-overlap-ref-SVM,quantum,10,0.6666666666666666,0.8,"{""clf__C"": 10.0}",6.7255121999996845
46,quantum/HS-overlap-ref-SVM,quantum,11,0.5555555555555556,0.55,"{""clf__C"": 10.0}",6.7255121999996845
46,quantum/HS-overlap-ref-SVM,quantum,12,0.5555555555555556,0.55,"{""clf__C"": 10.0}",6.7255121999996845
46,quantum/HS-overlap-ref-SVM,quantum,13,0.5555555555555556,0.55,"{""clf__C"": 10.0}",6.7255121999996845
46,quantum/HS-overlap-ref-SVM,quantum,14,0.4444444444444444,0.45,"{""clf__C"": 10.0}",6.7255121999996845
46,quantum/Fidelity-ref-SVM,quantum,0,0.3333333333333333,0.39999999999999997,"{""clf__C"": 10.0}",10.809977500000059
46,quantum/Fidelity-ref-SVM,quantum,1,0.5555555555555556,0.39999999999999997,"{""clf__C"": 10.0}",10.809977500000059
46,quantum/Fidelity-ref-SVM,quantum,2,0.3333333333333333,0.5,"{""clf__C"": 10.0}",10.809977500000059
46,quantum/Fidelity-ref-SVM,quantum,3,0.7777777777777778,0.8500000000000001,"{""clf__C"": 10.0}",10.809977500000059
46,quantum/Fidelity-ref-SVM,quantum,4,0.4444444444444444,0.5,"{""clf__C"": 10.0}",10.809977500000059
46,quantum/Fidelity-ref-SVM,quantum,5,0.5555555555555556,0.7,"{""clf__C"": 10.0}",10.809977500000059
46,quantum/Fidelity-ref-SVM,quantum,6,0.4444444444444444,0.6,"{""clf__C"": 10.0}",10.809977500000059
46,quantum/Fidelity-ref-SVM,quantum,7,0.7777777777777778,0.7,"{""clf__C"": 10.0}",10.809977500000059
46,quantum/Fidelity-ref-SVM,quantum,8,0.5555555555555556,0.55,"{""clf__C"": 10.0}",10.809977500000059
46,quantum/Fidelity-ref-SVM,quantum,9,0.3333333333333333,0.5,"{""clf__C"": 10.0}",10.809977500000059
46,quantum/Fidelity-ref-SVM,quantum,10,0.7777777777777778,0.75,"{""clf__C"": 0.1}",10.809977500000059
46,quantum/Fidelity-ref-SVM,quantum,11,0.6666666666666666,0.65,"{""clf__C"": 10.0}",10.809977500000059
46,quantum/Fidelity-ref-SVM,quantum,12,0.4444444444444444,0.6,"{""clf__C"": 10.0}",10.809977500000059
46,quantum/Fidelity-ref-SVM,quantum,13,0.4444444444444444,0.6,"{""clf__C"": 10.0}",10.809977500000059
46,quantum/Fidelity-ref-SVM,quantum,14,0.3333333333333333,0.55,"{""clf__C"": 10.0}",10.809977500000059
46,quantum/HS-RBF-ref-SVM,quantum,0,0.3333333333333333,0.44999999999999996,"{""clf__C"": 1.0, ""clf__gamma_mult"": 0.25}",18.52903189999961
46,quantum/HS-RBF-ref-SVM,quantum,1,0.4444444444444444,0.19999999999999998,"{""clf__C"": 1.0, ""clf__gamma_mult"": 1.0}",18.52903189999961
46,quantum/HS-RBF-ref-SVM,quantum,2,0.4444444444444444,0.5,"{""clf__C"": 10.0, ""clf__gamma_mult"": 0.25}",18.52903189999961
46,quantum/HS-RBF-ref-SVM,quantum,3,0.7777777777777778,0.75,"{""clf__C"": 10.0, ""clf__gamma_mult"": 0.25}",18.52903189999961
46,quantum/HS-RBF-ref-SVM,quantum,4,0.5555555555555556,0.55,"{""clf__C"": 1.0, ""clf__gamma_mult"": 1.0}",18.52903189999961
46,quantum/HS-RBF-ref-SVM,quantum,5,0.5555555555555556,0.7,"{""clf__C"": 1.0, ""clf__gamma_mult"": 0.25}",18.52903189999961
46,quantum/HS-RBF-ref-SVM,quantum,6,0.4444444444444444,0.5,"{""clf__C"": 10.0, ""clf__gamma_mult"": 0.25}",18.52903189999961
46,quantum/HS-RBF-ref-SVM,quantum,7,0.5555555555555556,0.6,"{""clf__C"": 10.0, ""clf__gamma_mult"": 0.25}",18.52903189999961
46,quantum/HS-RBF-ref-SVM,quantum,8,0.4444444444444444,0.45000000000000007,"{""clf__C"": 1.0, ""clf__gamma_mult"": 4.0}",18.52903189999961
46,quantum/HS-RBF-ref-SVM,quantum,9,0.3333333333333333,0.5,"{""clf__C"": 1.0, ""clf__gamma_mult"": 0.25}",18.52903189999961
46,quantum/HS-RBF-ref-SVM,quantum,10,0.2222222222222222,0.39999999999999997,"{""clf__C"": 10.0, ""clf__gamma_mult"": 0.25}",18.52903189999961
46,quantum/HS-RBF-ref-SVM,quantum,11,0.5555555555555556,0.5499999999999999,"{""clf__C"": 10.0, ""clf__gamma_mult"": 4.0}",18.52903189999961
46,quantum/HS-RBF-ref-SVM,quantum,12,0.5555555555555556,0.7000000000000001,"{""clf__C"": 10.0, ""clf__gamma_mult"": 0.25}",18.52903189999961
46,quantum/HS-RBF-ref-SVM,quantum,13,0.5555555555555556,0.6,"{""clf__C"": 1.0, ""clf__gamma_mult"": 0.25}",18.52903189999961
46,quantum/HS-RBF-ref-SVM,quantum,14,0.5555555555555556,0.55,"{""clf__C"": 1.0, ""clf__gamma_mult"": 0.25}",18.52903189999961
46,quantum/Bures-RBF-ref-SVM,quantum,0,0.3333333333333333,0.39999999999999997,"{""clf__C"": 1.0, ""clf__gamma_mult"": 1.0}",28.296137299999828
46,quantum/Bures-RBF-ref-SVM,quantum,1,0.5555555555555556,0.19999999999999998,"{""clf__C"": 1.0, ""clf__gamma_mult"": 1.0}",28.296137299999828
46,quantum/Bures-RBF-ref-SVM,quantum,2,0.4444444444444444,0.5,"{""clf__C"": 10.0, ""clf__gamma_mult"": 1.0}",28.296137299999828
46,quantum/Bures-RBF-ref-SVM,quantum,3,0.6666666666666666,0.75,"{""clf__C"": 10.0, ""clf__gamma_mult"": 0.25}",28.296137299999828
46,quantum/Bures-RBF-ref-SVM,quantum,4,0.6666666666666666,0.75,"{""clf__C"": 10.0, ""clf__gamma_mult"": 0.25}",28.296137299999828
46,quantum/Bures-RBF-ref-SVM,quantum,5,0.6666666666666666,0.85,"{""clf__C"": 10.0, ""clf__gamma_mult"": 0.25}",28.296137299999828
46,quantum/Bures-RBF-ref-SVM,quantum,6,0.4444444444444444,0.55,"{""clf__C"": 10.0, ""clf__gamma_mult"": 0.25}",28.296137299999828
46,quantum/Bures-RBF-ref-SVM,quantum,7,0.5555555555555556,0.65,"{""clf__C"": 10.0, ""clf__gamma_mult"": 0.25}",28.296137299999828
46,quantum/Bures-RBF-ref-SVM,quantum,8,0.4444444444444444,0.4,"{""clf__C"": 1.0, ""clf__gamma_mult"": 4.0}",28.296137299999828
46,quantum/Bures-RBF-ref-SVM,quantum,9,0.3333333333333333,0.35,"{""clf__C"": 1.0, ""clf__gamma_mult"": 0.25}",28.296137299999828
46,quantum/Bures-RBF-ref-SVM,quantum,10,0.4444444444444444,0.5,"{""clf__C"": 10.0, ""clf__gamma_mult"": 0.25}",28.296137299999828
46,quantum/Bures-RBF-ref-SVM,quantum,11,0.6666666666666666,0.5,"{""clf__C"": 1.0, ""clf__gamma_mult"": 0.25}",28.296137299999828
46,quantum/Bures-RBF-ref-SVM,quantum,12,0.5555555555555556,0.6,"{""clf__C"": 10.0, ""clf__gamma_mult"": 0.25}",28.296137299999828
46,quantum/Bures-RBF-ref-SVM,quantum,13,0.5555555555555556,0.45,"{""clf__C"": 1.0, ""clf__gamma_mult"": 1.0}",28.296137299999828
46,quantum/Bures-RBF-ref-SVM,quantum,14,0.4444444444444444,0.6,"{""clf__C"": 1.0, ""clf__gamma_mult"": 1.0}",28.296137299999828
46,quantum/QRE-RBF-ref-SVM,quantum,0,0.3333333333333333,0.39999999999999997,"{""clf__C"": 1.0, ""clf__gamma_mult"": 1.0}",21.418794300000627
46,quantum/QRE-RBF-ref-SVM,quantum,1,0.5555555555555556,0.24999999999999997,"{""clf__C"": 1.0, ""clf__gamma_mult"": 1.0}",21.418794300000627
46,quantum/QRE-RBF-ref-SVM,quantum,2,0.4444444444444444,0.5,"{""clf__C"": 10.0, ""clf__gamma_mult"": 1.0}",21.418794300000627
46,quantum/QRE-RBF-ref-SVM,quantum,3,0.7777777777777778,0.8,"{""clf__C"": 10.0, ""clf__gamma_mult"": 1.0}",21.418794300000627
46,quantum/QRE-RBF-ref-SVM,quantum,4,0.6666666666666666,0.75,"{""clf__C"": 10.0, ""clf__gamma_mult"": 0.25}",21.418794300000627
46,quantum/QRE-RBF-ref-SVM,quantum,5,0.6666666666666666,0.85,"{""clf__C"": 10.0, ""clf__gamma_mult"": 0.25}",21.418794300000627
46,quantum/QRE-RBF-ref-SVM,quantum,6,0.4444444444444444,0.55,"{""clf__C"": 10.0, ""clf__gamma_mult"": 0.25}",21.418794300000627
46,quantum/QRE-RBF-ref-SVM,quantum,7,0.5555555555555556,0.65,"{""clf__C"": 10.0, ""clf__gamma_mult"": 0.25}",21.418794300000627
46,quantum/QRE-RBF-ref-SVM,quantum,8,0.4444444444444444,0.4,"{""clf__C"": 1.0, ""clf__gamma_mult"": 4.0}",21.418794300000627
46,quantum/QRE-RBF-ref-SVM,quantum,9,0.3333333333333333,0.35,"{""clf__C"": 1.0, ""clf__gamma_mult"": 0.25}",21.418794300000627
46,quantum/QRE-RBF-ref-SVM,quantum,10,0.5555555555555556,0.6,"{""clf__C"": 10.0, ""clf__gamma_mult"": 1.0}",21.418794300000627
46,quantum/QRE-RBF-ref-SVM,quantum,11,0.6666666666666666,0.5,"{""clf__C"": 1.0, ""clf__gamma_mult"": 0.25}",21.418794300000627
46,quantum/QRE-RBF-ref-SVM,quantum,12,0.5555555555555556,0.7,"{""clf__C"": 10.0, ""clf__gamma_mult"": 4.0}",21.418794300000627
46,quantum/QRE-RBF-ref-SVM,quantum,13,0.5555555555555556,0.45,"{""clf__C"": 1.0, ""clf__gamma_mult"": 1.0}",21.418794300000627
46,quantum/QRE-RBF-ref-SVM,quantum,14,0.5555555555555556,0.5,"{""clf__C"": 1.0, ""clf__gamma_mult"": 0.25}",21.418794300000627
46,quantum/IQP-kernel-SVM,quantum,0,0.5555555555555556,0.45,"{""clf__C"": 1.0, ""clf__scale"": 0.5}",26.22190529999989
46,quantum/IQP-kernel-SVM,quantum,1,0.5555555555555556,0.5,"{""clf__C"": 1.0, ""clf__scale"": 2.0}",26.22190529999989
46,quantum/IQP-kernel-SVM,quantum,2,0.2222222222222222,0.1,"{""clf__C"": 10.0, ""clf__scale"": 0.5}",26.22190529999989
46,quantum/IQP-kernel-SVM,quantum,3,0.4444444444444444,0.44999999999999996,"{""clf__C"": 1.0, ""clf__scale"": 1.0}",26.22190529999989
46,quantum/IQP-kernel-SVM,quantum,4,0.5555555555555556,0.7,"{""clf__C"": 1.0, ""clf__scale"": 0.5}",26.22190529999989
46,quantum/IQP-kernel-SVM,quantum,5,0.1111111111111111,0.04999999999999999,"{""clf__C"": 1.0, ""clf__scale"": 2.0}",26.22190529999989
46,quantum/IQP-kernel-SVM,quantum,6,0.3333333333333333,0.3,"{""clf__C"": 10.0, ""clf__scale"": 2.0}",26.22190529999989
46,quantum/IQP-kernel-SVM,quantum,7,0.4444444444444444,0.39999999999999997,"{""clf__C"": 10.0, ""clf__scale"": 2.0}",26.22190529999989
46,quantum/IQP-kernel-SVM,quantum,8,0.3333333333333333,0.45,"{""clf__C"": 1.0, ""clf__scale"": 1.0}",26.22190529999989
46,quantum/IQP-kernel-SVM,quantum,9,0.4444444444444444,0.45,"{""clf__C"": 1.0, ""clf__scale"": 2.0}",26.22190529999989
46,quantum/IQP-kernel-SVM,quantum,10,0.5555555555555556,0.45,"{""clf__C"": 10.0, ""clf__scale"": 0.5}",26.22190529999989
46,quantum/IQP-kernel-SVM,quantum,11,0.4444444444444444,0.5,"{""clf__C"": 10.0, ""clf__scale"": 2.0}",26.22190529999989
46,quantum/IQP-kernel-SVM,quantum,12,0.4444444444444444,0.45,"{""clf__C"": 10.0, ""clf__scale"": 0.5}",26.22190529999989
46,quantum/IQP-kernel-SVM,quantum,13,0.5555555555555556,0.45,"{""clf__C"": 10.0, ""clf__scale"": 2.0}",26.22190529999989
46,quantum/IQP-kernel-SVM,quantum,14,0.5555555555555556,0.6,"{""clf__C"": 10.0, ""clf__scale"": 2.0}",26.22190529999989
46,quantum/CNOT-kernel-SVM,quantum,0,0.4444444444444444,0.44999999999999996,"{""clf__C"": 1.0, ""clf__scale"": 0.5}",24.23360049999974
46,quantum/CNOT-kernel-SVM,quantum,1,0.4444444444444444,0.04999999999999999,"{""clf__C"": 1.0, ""clf__scale"": 2.0}",24.23360049999974
46,quantum/CNOT-kernel-SVM,quantum,2,0.3333333333333333,0.35,"{""clf__C"": 10.0, ""clf__scale"": 0.5}",24.23360049999974
46,quantum/CNOT-kernel-SVM,quantum,3,0.4444444444444444,0.35000000000000003,"{""clf__C"": 10.0, ""clf__scale"": 0.5}",24.23360049999974
46,quantum/CNOT-kernel-SVM,quantum,4,0.5555555555555556,0.4,"{""clf__C"": 10.0, ""clf__scale"": 1.0}",24.23360049999974
46,quantum/CNOT-kernel-SVM,quantum,5,0.6666666666666666,0.7000000000000001,"{""clf__C"": 10.0, ""clf__scale"": 1.0}",24.23360049999974
46,quantum/CNOT-kernel-SVM,quantum,6,0.6666666666666666,0.7000000000000001,"{""clf__C"": 1.0, ""clf__scale"": 0.5}",24.23360049999974
46,quantum/CNOT-kernel-SVM,quantum,7,0.6666666666666666,0.6499999999999999,"{""clf__C"": 10.0, ""clf__scale"": 2.0}",24.23360049999974
46,quantum/CNOT-kernel-SVM,quantum,8,0.6666666666666666,0.55,"{""clf__C"": 1.0, ""clf__scale"": 1.0}",24.23360049999974
46,quantum/CNOT-kernel-SVM,quantum,9,0.2222222222222222,0.2,"{""clf__C"": 10.0, ""clf__scale"": 1.0}",24.23360049999974
46,quantum/CNOT-kernel-SVM,quantum,10,0.6666666666666666,0.45,"{""clf__C"": 10.0, ""clf__scale"": 0.5}",24.23360049999974
46,quantum/CNOT-kernel-SVM,quantum,11,0.3333333333333333,0.5,"{""clf__C"": 1.0, ""clf__scale"": 0.5}",24.23360049999974
46,quantum/CNOT-kernel-SVM,quantum,12,0.4444444444444444,0.65,"{""clf__C"": 1.0, ""clf__scale"": 1.0}",24.23360049999974
46,quantum/CNOT-kernel-SVM,quantum,13,0.4444444444444444,0.6000000000000001,"{""clf__C"": 1.0, ""clf__scale"": 0.5}",24.23360049999974
46,quantum/CNOT-kernel-SVM,quantum,14,0.4444444444444444,0.85,"{""clf__C"": 0.1, ""clf__scale"": 0.5}",24.23360049999974
46,control/IQP-no-entangle,control,0,0.4444444444444444,0.49999999999999994,"{""clf__C"": 1.0, ""clf__scale"": 0.5}",22.783516000000418
46,control/IQP-no-entangle,control,1,0.3333333333333333,0.15,"{""clf__C"": 1.0, ""clf__scale"": 2.0}",22.783516000000418
46,control/IQP-no-entangle,control,2,0.2222222222222222,0.15,"{""clf__C"": 10.0, ""clf__scale"": 1.0}",22.783516000000418
46,control/IQP-no-entangle,control,3,0.4444444444444444,0.5,"{""clf__C"": 1.0, ""clf__scale"": 2.0}",22.783516000000418
46,control/IQP-no-entangle,control,4,0.5555555555555556,0.4,"{""clf__C"": 10.0, ""clf__scale"": 1.0}",22.783516000000418
46,control/IQP-no-entangle,control,5,0.6666666666666666,0.7000000000000001,"{""clf__C"": 10.0, ""clf__scale"": 0.5}",22.783516000000418
46,control/IQP-no-entangle,control,6,0.5555555555555556,0.5499999999999999,"{""clf__C"": 10.0, ""clf__scale"": 0.5}",22.783516000000418
46,control/IQP-no-entangle,control,7,0.6666666666666666,0.45000000000000007,"{""clf__C"": 1.0, ""clf__scale"": 1.0}",22.783516000000418
46,control/IQP-no-entangle,control,8,0.4444444444444444,0.45,"{""clf__C"": 1.0, ""clf__scale"": 1.0}",22.783516000000418
46,control/IQP-no-entangle,control,9,0.2222222222222222,0.3,"{""clf__C"": 1.0, ""clf__scale"": 1.0}",22.783516000000418
46,control/IQP-no-entangle,control,10,0.5555555555555556,0.5,"{""clf__C"": 10.0, ""clf__scale"": 0.5}",22.783516000000418
46,control/IQP-no-entangle,control,11,0.5555555555555556,0.45,"{""clf__C"": 1.0, ""clf__scale"": 1.0}",22.783516000000418
46,control/IQP-no-entangle,control,12,0.4444444444444444,0.75,"{""clf__C"": 1.0, ""clf__scale"": 1.0}",22.783516000000418
46,control/IQP-no-entangle,control,13,0.3333333333333333,0.25,"{""clf__C"": 10.0, ""clf__scale"": 1.0}",22.783516000000418
46,control/IQP-no-entangle,control,14,0.4444444444444444,0.9,"{""clf__C"": 0.1, ""clf__scale"": 0.5}",22.783516000000418
46,control/PCA-matched-RBF,control,0,0.5555555555555556,0.45,"{""clf__C"": 1.0, ""clf__gamma"": ""scale""}",19.14504230000057
46,control/PCA-matched-RBF,control,1,0.4444444444444444,0.39999999999999997,"{""clf__C"": 1.0, ""clf__gamma"": ""scale""}",19.14504230000057
46,control/PCA-matched-RBF,control,2,0.4444444444444444,0.3,"{""clf__C"": 10.0, ""clf__gamma"": 0.01}",19.14504230000057
46,control/PCA-matched-RBF,control,3,0.4444444444444444,0.5,"{""clf__C"": 10.0, ""clf__gamma"": 0.1}",19.14504230000057
46,control/PCA-matched-RBF,control,4,0.6666666666666666,0.7,"{""clf__C"": 1.0, ""clf__gamma"": 0.1}",19.14504230000057
46,control/PCA-matched-RBF,control,5,0.6666666666666666,0.65,"{""clf__C"": 10.0, ""clf__gamma"": ""scale""}",19.14504230000057
46,control/PCA-matched-RBF,control,6,0.6666666666666666,0.5499999999999999,"{""clf__C"": 10.0, ""clf__gamma"": ""scale""}",19.14504230000057
46,control/PCA-matched-RBF,control,7,0.5555555555555556,0.65,"{""clf__C"": 0.1, ""clf__gamma"": ""scale""}",19.14504230000057
46,control/PCA-matched-RBF,control,8,0.5555555555555556,0.35000000000000003,"{""clf__C"": 10.0, ""clf__gamma"": ""scale""}",19.14504230000057
46,control/PCA-matched-RBF,control,9,0.4444444444444444,0.25,"{""clf__C"": 0.1, ""clf__gamma"": ""scale""}",19.14504230000057
46,control/PCA-matched-RBF,control,10,0.4444444444444444,0.45,"{""clf__C"": 1.0, ""clf__gamma"": 0.1}",19.14504230000057
46,control/PCA-matched-RBF,control,11,0.3333333333333333,0.39999999999999997,"{""clf__C"": 10.0, ""clf__gamma"": 0.01}",19.14504230000057
46,control/PCA-matched-RBF,control,12,0.4444444444444444,0.65,"{""clf__C"": 1.0, ""clf__gamma"": ""scale""}",19.14504230000057
46,control/PCA-matched-RBF,control,13,0.4444444444444444,0.45,"{""clf__C"": 0.1, ""clf__gamma"": ""scale""}",19.14504230000057
46,control/PCA-matched-RBF,control,14,0.4444444444444444,0.9,"{""clf__C"": 1.0, ""clf__gamma"": 0.1}",19.14504230000057
46,control/PCA-matched-linear,control,0,0.5555555555555556,0.39999999999999997,"{""clf__C"": 10.0}",6.951517800000147
46,control/PCA-matched-linear,control,1,0.7777777777777778,0.75,"{""clf__C"": 1.0}",6.951517800000147
46,control/PCA-matched-linear,control,2,0.4444444444444444,0.35,"{""clf__C"": 0.1}",6.951517800000147
46,control/PCA-matched-linear,control,3,0.4444444444444444,0.45,"{""clf__C"": 0.1}",6.951517800000147
46,control/PCA-matched-linear,control,4,0.6666666666666666,0.6499999999999999,"{""clf__C"": 0.1}",6.951517800000147
46,control/PCA-matched-linear,control,5,0.4444444444444444,0.6,"{""clf__C"": 1.0}",6.951517800000147
46,control/PCA-matched-linear,control,6,0.4444444444444444,0.55,"{""clf__C"": 10.0}",6.951517800000147
46,control/PCA-matched-linear,control,7,0.8888888888888888,0.9,"{""clf__C"": 0.1}",6.951517800000147
46,control/PCA-matched-linear,control,8,0.3333333333333333,0.4,"{""clf__C"": 1.0}",6.951517800000147
46,control/PCA-matched-linear,control,9,0.3333333333333333,0.35000000000000003,"{""clf__C"": 0.1}",6.951517800000147
46,control/PCA-matched-linear,control,10,0.4444444444444444,0.45,"{""clf__C"": 1.0}",6.951517800000147
46,control/PCA-matched-linear,control,11,0.4444444444444444,0.39999999999999997,"{""clf__C"": 1.0}",6.951517800000147
46,control/PCA-matched-linear,control,12,0.5555555555555556,0.6,"{""clf__C"": 10.0}",6.951517800000147
46,control/PCA-matched-linear,control,13,0.7777777777777778,0.8,"{""clf__C"": 1.0}",6.951517800000147
46,control/PCA-matched-linear,control,14,0.7777777777777778,0.95,"{""clf__C"": 10.0}",6.951517800000147
46,control/logeuclid-TS+LR,control,0,0.3333333333333333,0.35,"{""clf__C"": 0.1}",5.068129100000078
46,control/logeuclid-TS+LR,control,1,0.6666666666666666,0.8,"{""clf__C"": 0.1}",5.068129100000078
46,control/logeuclid-TS+LR,control,2,0.4444444444444444,0.7,"{""clf__C"": 0.1}",5.068129100000078
46,control/logeuclid-TS+LR,control,3,0.8888888888888888,0.8500000000000001,"{""clf__C"": 1.0}",5.068129100000078
46,control/logeuclid-TS+LR,control,4,0.5555555555555556,0.55,"{""clf__C"": 0.1}",5.068129100000078
46,control/logeuclid-TS+LR,control,5,0.5555555555555556,0.65,"{""clf__C"": 0.1}",5.068129100000078
46,control/logeuclid-TS+LR,control,6,0.5555555555555556,0.6,"{""clf__C"": 0.1}",5.068129100000078
46,control/logeuclid-TS+LR,control,7,0.4444444444444444,0.39999999999999997,"{""clf__C"": 1.0}",5.068129100000078
46,control/logeuclid-TS+LR,control,8,0.7777777777777778,0.7500000000000001,"{""clf__C"": 0.1}",5.068129100000078
46,control/logeuclid-TS+LR,control,9,0.3333333333333333,0.30000000000000004,"{""clf__C"": 10.0}",5.068129100000078
46,control/logeuclid-TS+LR,control,10,0.5555555555555556,0.65,"{""clf__C"": 0.1}",5.068129100000078
46,control/logeuclid-TS+LR,control,11,0.7777777777777778,0.8,"{""clf__C"": 10.0}",5.068129100000078
46,control/logeuclid-TS+LR,control,12,0.6666666666666666,0.7,"{""clf__C"": 0.1}",5.068129100000078
46,control/logeuclid-TS+LR,control,13,0.8888888888888888,0.85,"{""clf__C"": 0.1}",5.068129100000078
46,control/logeuclid-TS+LR,control,14,0.4444444444444444,0.35000000000000003,"{""clf__C"": 0.1}",5.068129100000078
46,control/riemann-kernel-SVM,control,0,0.2222222222222222,0.25,"{""clf__C"": 1.0}",6.672913899999912
46,control/riemann-kernel-SVM,control,1,0.5555555555555556,0.6,"{""clf__C"": 10.0}",6.672913899999912
46,control/riemann-kernel-SVM,control,2,0.5555555555555556,0.55,"{""clf__C"": 10.0}",6.672913899999912
46,control/riemann-kernel-SVM,control,3,0.7777777777777778,0.85,"{""clf__C"": 1.0}",6.672913899999912
46,control/riemann-kernel-SVM,control,4,0.6666666666666666,0.7,"{""clf__C"": 10.0}",6.672913899999912
46,control/riemann-kernel-SVM,control,5,0.6666666666666666,0.8,"{""clf__C"": 1.0}",6.672913899999912
46,control/riemann-kernel-SVM,control,6,0.5555555555555556,0.55,"{""clf__C"": 10.0}",6.672913899999912
46,control/riemann-kernel-SVM,control,7,0.6666666666666666,0.7,"{""clf__C"": 1.0}",6.672913899999912
46,control/riemann-kernel-SVM,control,8,0.3333333333333333,0.45,"{""clf__C"": 1.0}",6.672913899999912
46,control/riemann-kernel-SVM,control,9,0.3333333333333333,0.3,"{""clf__C"": 0.1}",6.672913899999912
46,control/riemann-kernel-SVM,control,10,0.7777777777777778,0.7000000000000001,"{""clf__C"": 1.0}",6.672913899999912
46,control/riemann-kernel-SVM,control,11,0.5555555555555556,0.7,"{""clf__C"": 10.0}",6.672913899999912
46,control/riemann-kernel-SVM,control,12,0.5555555555555556,0.75,"{""clf__C"": 1.0}",6.672913899999912
46,control/riemann-kernel-SVM,control,13,0.5555555555555556,0.65,"{""clf__C"": 1.0}",6.672913899999912
46,control/riemann-kernel-SVM,control,14,0.4444444444444444,0.44999999999999996,"{""clf__C"": 1.0}",6.672913899999912
46,control/logeuclid-kernel-SVM,control,0,0.3333333333333333,0.3,"{""clf__C"": 1.0}",6.76310790000025
46,control/logeuclid-kernel-SVM,control,1,0.5555555555555556,0.75,"{""clf__C"": 1.0}",6.76310790000025
46,control/logeuclid-kernel-SVM,control,2,0.4444444444444444,0.39999999999999997,"{""clf__C"": 1.0}",6.76310790000025
46,control/logeuclid-kernel-SVM,control,3,0.7777777777777778,0.9,"{""clf__C"": 1.0}",6.76310790000025
46,control/logeuclid-kernel-SVM,control,4,0.7777777777777778,0.8,"{""clf__C"": 1.0}",6.76310790000025
46,control/logeuclid-kernel-SVM,control,5,0.6666666666666666,0.75,"{""clf__C"": 1.0}",6.76310790000025
46,control/logeuclid-kernel-SVM,control,6,0.5555555555555556,0.49999999999999994,"{""clf__C"": 10.0}",6.76310790000025
46,control/logeuclid-kernel-SVM,control,7,0.7777777777777778,0.8,"{""clf__C"": 1.0}",6.76310790000025
46,control/logeuclid-kernel-SVM,control,8,0.6666666666666666,0.8,"{""clf__C"": 1.0}",6.76310790000025
46,control/logeuclid-kernel-SVM,control,9,0.4444444444444444,0.5,"{""clf__C"": 10.0}",6.76310790000025
46,control/logeuclid-kernel-SVM,control,10,0.5555555555555556,0.65,"{""clf__C"": 1.0}",6.76310790000025
46,control/logeuclid-kernel-SVM,control,11,0.7777777777777778,0.9,"{""clf__C"": 1.0}",6.76310790000025
46,control/logeuclid-kernel-SVM,control,12,0.7777777777777778,0.8,"{""clf__C"": 1.0}",6.76310790000025
46,control/logeuclid-kernel-SVM,control,13,0.4444444444444444,0.55,"{""clf__C"": 1.0}",6.76310790000025
46,control/logeuclid-kernel-SVM,control,14,0.5555555555555556,0.44999999999999996,"{""clf__C"": 1.0}",6.76310790000025
47,classical/logvar+LDA,classical,0,0.7777777777777778,0.65,{},0.11354890000075102
47,classical/logvar+LDA,classical,1,0.6666666666666666,0.8500000000000001,{},0.11354890000075102
47,classical/logvar+LDA,classical,2,0.3333333333333333,0.35,{},0.11354890000075102
47,classical/logvar+LDA,classical,3,0.7777777777777778,0.7000000000000001,{},0.11354890000075102
47,classical/logvar+LDA,classical,4,0.3333333333333333,0.30000000000000004,{},0.11354890000075102
47,classical/logvar+LDA,classical,5,0.6666666666666666,0.7000000000000001,{},0.11354890000075102
47,classical/logvar+LDA,classical,6,0.5555555555555556,0.55,{},0.11354890000075102
47,classical/logvar+LDA,classical,7,0.4444444444444444,0.65,{},0.11354890000075102
47,classical/logvar+LDA,classical,8,0.5555555555555556,0.65,{},0.11354890000075102
47,classical/logvar+LDA,classical,9,0.5555555555555556,0.45,{},0.11354890000075102
47,classical/logvar+LDA,classical,10,0.5555555555555556,0.45,{},0.11354890000075102
47,classical/logvar+LDA,classical,11,0.7777777777777778,0.8500000000000001,{},0.11354890000075102
47,classical/logvar+LDA,classical,12,0.4444444444444444,0.3,{},0.11354890000075102
47,classical/logvar+LDA,classical,13,0.5555555555555556,0.55,{},0.11354890000075102
47,classical/logvar+LDA,classical,14,0.6666666666666666,0.6499999999999999,{},0.11354890000075102
47,classical/CSP+LDA,classical,0,0.6666666666666666,0.75,"{""csp__nfilter"": 4}",4.179748800000198
47,classical/CSP+LDA,classical,1,0.8888888888888888,1.0,"{""csp__nfilter"": 2}",4.179748800000198
47,classical/CSP+LDA,classical,2,0.4444444444444444,0.45,"{""csp__nfilter"": 4}",4.179748800000198
47,classical/CSP+LDA,classical,3,0.4444444444444444,0.5,"{""csp__nfilter"": 6}",4.179748800000198
47,classical/CSP+LDA,classical,4,0.3333333333333333,0.4,"{""csp__nfilter"": 4}",4.179748800000198
47,classical/CSP+LDA,classical,5,0.5555555555555556,0.6,"{""csp__nfilter"": 2}",4.179748800000198
47,classical/CSP+LDA,classical,6,0.4444444444444444,0.45,"{""csp__nfilter"": 4}",4.179748800000198
47,classical/CSP+LDA,classical,7,0.7777777777777778,0.9,"{""csp__nfilter"": 2}",4.179748800000198
47,classical/CSP+LDA,classical,8,0.5555555555555556,0.7,"{""csp__nfilter"": 2}",4.179748800000198
47,classical/CSP+LDA,classical,9,0.5555555555555556,0.6499999999999999,"{""csp__nfilter"": 2}",4.179748800000198
47,classical/CSP+LDA,classical,10,0.5555555555555556,0.6,"{""csp__nfilter"": 2}",4.179748800000198
47,classical/CSP+LDA,classical,11,0.7777777777777778,0.9500000000000001,"{""csp__nfilter"": 2}",4.179748800000198
47,classical/CSP+LDA,classical,12,0.4444444444444444,0.39999999999999997,"{""csp__nfilter"": 2}",4.179748800000198
47,classical/CSP+LDA,classical,13,0.6666666666666666,0.75,"{""csp__nfilter"": 2}",4.179748800000198
47,classical/CSP+LDA,classical,14,0.4444444444444444,0.55,"{""csp__nfilter"": 2}",4.179748800000198
47,classical/MDM,classical,0,0.6666666666666666,0.6,{},0.6202986000007513
47,classical/MDM,classical,1,0.8888888888888888,1.0,{},0.6202986000007513
47,classical/MDM,classical,2,0.4444444444444444,0.39999999999999997,{},0.6202986000007513
47,classical/MDM,classical,3,0.7777777777777778,0.8,{},0.6202986000007513
47,classical/MDM,classical,4,0.3333333333333333,0.35000000000000003,{},0.6202986000007513
47,classical/MDM,classical,5,0.6666666666666666,0.7000000000000001,{},0.6202986000007513
47,classical/MDM,classical,6,0.6666666666666666,0.75,{},0.6202986000007513
47,classical/MDM,classical,7,0.6666666666666666,0.85,{},0.6202986000007513
47,classical/MDM,classical,8,0.5555555555555556,0.65,{},0.6202986000007513
47,classical/MDM,classical,9,0.5555555555555556,0.35,{},0.6202986000007513
47,classical/MDM,classical,10,0.5555555555555556,0.75,{},0.6202986000007513
47,classical/MDM,classical,11,0.8888888888888888,0.9,{},0.6202986000007513
47,classical/MDM,classical,12,0.4444444444444444,0.35,{},0.6202986000007513
47,classical/MDM,classical,13,0.5555555555555556,0.65,{},0.6202986000007513
47,classical/MDM,classical,14,0.5555555555555556,0.7,{},0.6202986000007513
47,classical/TS+LR,classical,0,0.3333333333333333,0.4,"{""clf__C"": 0.1}",6.434805299999425
47,classical/TS+LR,classical,1,0.4444444444444444,0.25,"{""clf__C"": 0.1}",6.434805299999425
47,classical/TS+LR,classical,2,0.3333333333333333,0.14999999999999997,"{""clf__C"": 0.1}",6.434805299999425
47,classical/TS+LR,classical,3,0.4444444444444444,0.45,"{""clf__C"": 0.1}",6.434805299999425
47,classical/TS+LR,classical,4,0.3333333333333333,0.3,"{""clf__C"": 1.0}",6.434805299999425
47,classical/TS+LR,classical,5,0.5555555555555556,0.35,"{""clf__C"": 0.1}",6.434805299999425
47,classical/TS+LR,classical,6,0.4444444444444444,0.35,"{""clf__C"": 0.1}",6.434805299999425
47,classical/TS+LR,classical,7,0.5555555555555556,0.5499999999999999,"{""clf__C"": 0.1}",6.434805299999425
47,classical/TS+LR,classical,8,0.1111111111111111,0.14999999999999997,"{""clf__C"": 0.1}",6.434805299999425
47,classical/TS+LR,classical,9,0.4444444444444444,0.35000000000000003,"{""clf__C"": 0.1}",6.434805299999425
47,classical/TS+LR,classical,10,0.3333333333333333,0.3,"{""clf__C"": 1.0}",6.434805299999425
47,classical/TS+LR,classical,11,0.5555555555555556,0.55,"{""clf__C"": 0.1}",6.434805299999425
47,classical/TS+LR,classical,12,0.4444444444444444,0.25,"{""clf__C"": 1.0}",6.434805299999425
47,classical/TS+LR,classical,13,0.5555555555555556,0.4,"{""clf__C"": 0.1}",6.434805299999425
47,classical/TS+LR,classical,14,0.3333333333333333,0.30000000000000004,"{""clf__C"": 10.0}",6.434805299999425
47,classical/TS+RBF-SVM,classical,0,0.5555555555555556,0.49999999999999994,"{""clf__C"": 0.1, ""clf__gamma"": ""scale""}",17.399096899999677
47,classical/TS+RBF-SVM,classical,1,0.5555555555555556,0.7,"{""clf__C"": 0.1, ""clf__gamma"": ""scale""}",17.399096899999677
47,classical/TS+RBF-SVM,classical,2,0.4444444444444444,0.19999999999999996,"{""clf__C"": 10.0, ""clf__gamma"": 0.01}",17.399096899999677
47,classical/TS+RBF-SVM,classical,3,0.5555555555555556,0.75,"{""clf__C"": 0.1, ""clf__gamma"": ""scale""}",17.399096899999677
47,classical/TS+RBF-SVM,classical,4,0.4444444444444444,0.25,"{""clf__C"": 0.1, ""clf__gamma"": ""scale""}",17.399096899999677
47,classical/TS+RBF-SVM,classical,5,0.5555555555555556,0.6,"{""clf__C"": 0.1, ""clf__gamma"": ""scale""}",17.399096899999677
47,classical/TS+RBF-SVM,classical,6,0.5555555555555556,0.45,"{""clf__C"": 0.1, ""clf__gamma"": ""scale""}",17.399096899999677
47,classical/TS+RBF-SVM,classical,7,0.5555555555555556,0.7,"{""clf__C"": 0.1, ""clf__gamma"": ""scale""}",17.399096899999677
47,classical/TS+RBF-SVM,classical,8,0.3333333333333333,0.24999999999999997,"{""clf__C"": 10.0, ""clf__gamma"": 0.01}",17.399096899999677
47,classical/TS+RBF-SVM,classical,9,0.4444444444444444,0.4,"{""clf__C"": 0.1, ""clf__gamma"": ""scale""}",17.399096899999677
47,classical/TS+RBF-SVM,classical,10,0.5555555555555556,0.3,"{""clf__C"": 0.1, ""clf__gamma"": ""scale""}",17.399096899999677
47,classical/TS+RBF-SVM,classical,11,0.5555555555555556,0.75,"{""clf__C"": 0.1, ""clf__gamma"": ""scale""}",17.399096899999677
47,classical/TS+RBF-SVM,classical,12,0.3333333333333333,0.2,"{""clf__C"": 1.0, ""clf__gamma"": ""scale""}",17.399096899999677
47,classical/TS+RBF-SVM,classical,13,0.5555555555555556,0.45000000000000007,"{""clf__C"": 0.1, ""clf__gamma"": ""scale""}",17.399096899999677
47,classical/TS+RBF-SVM,classical,14,0.4444444444444444,0.45,"{""clf__C"": 0.1, ""clf__gamma"": ""scale""}",17.399096899999677
47,quantum/HS-overlap-SVM,quantum,0,0.7777777777777778,0.7,"{""clf__C"": 10.0}",4.4601856999997835
47,quantum/HS-overlap-SVM,quantum,1,0.5555555555555556,1.0,"{""clf__C"": 0.1}",4.4601856999997835
47,quantum/HS-overlap-SVM,quantum,2,0.5555555555555556,0.4,"{""clf__C"": 10.0}",4.4601856999997835
47,quantum/HS-overlap-SVM,quantum,3,0.7777777777777778,0.75,"{""clf__C"": 10.0}",4.4601856999997835
47,quantum/HS-overlap-SVM,quantum,4,0.3333333333333333,0.30000000000000004,"{""clf__C"": 10.0}",4.4601856999997835
47,quantum/HS-overlap-SVM,quantum,5,0.6666666666666666,0.6,"{""clf__C"": 10.0}",4.4601856999997835
47,quantum/HS-overlap-SVM,quantum,6,0.7777777777777778,0.6499999999999999,"{""clf__C"": 10.0}",4.4601856999997835
47,quantum/HS-overlap-SVM,quantum,7,0.7777777777777778,0.75,"{""clf__C"": 10.0}",4.4601856999997835
47,quantum/HS-overlap-SVM,quantum,8,0.6666666666666666,0.75,"{""clf__C"": 10.0}",4.4601856999997835
47,quantum/HS-overlap-SVM,quantum,9,0.5555555555555556,0.45,"{""clf__C"": 10.0}",4.4601856999997835
47,quantum/HS-overlap-SVM,quantum,10,0.8888888888888888,0.85,"{""clf__C"": 10.0}",4.4601856999997835
47,quantum/HS-overlap-SVM,quantum,11,0.7777777777777778,0.9,"{""clf__C"": 10.0}",4.4601856999997835
47,quantum/HS-overlap-SVM,quantum,12,0.4444444444444444,0.35,"{""clf__C"": 10.0}",4.4601856999997835
47,quantum/HS-overlap-SVM,quantum,13,0.5555555555555556,0.6,"{""clf__C"": 10.0}",4.4601856999997835
47,quantum/HS-overlap-SVM,quantum,14,0.6666666666666666,0.6499999999999999,"{""clf__C"": 10.0}",4.4601856999997835
47,quantum/Fidelity-SVM,quantum,0,0.5555555555555556,0.7,"{""clf__C"": 0.1}",7.867315899999994
47,quantum/Fidelity-SVM,quantum,1,0.5555555555555556,1.0,"{""clf__C"": 0.1}",7.867315899999994
47,quantum/Fidelity-SVM,quantum,2,0.5555555555555556,0.35,"{""clf__C"": 10.0}",7.867315899999994
47,quantum/Fidelity-SVM,quantum,3,0.5555555555555556,0.7000000000000001,"{""clf__C"": 0.1}",7.867315899999994
47,quantum/Fidelity-SVM,quantum,4,0.3333333333333333,0.30000000000000004,"{""clf__C"": 10.0}",7.867315899999994
47,quantum/Fidelity-SVM,quantum,5,0.6666666666666666,0.6,"{""clf__C"": 10.0}",7.867315899999994
47,quantum/Fidelity-SVM,quantum,6,0.5555555555555556,0.6499999999999999,"{""clf__C"": 0.1}",7.867315899999994
47,quantum/Fidelity-SVM,quantum,7,0.7777777777777778,0.75,"{""clf__C"": 10.0}",7.867315899999994
47,quantum/Fidelity-SVM,quantum,8,0.6666666666666666,0.75,"{""clf__C"": 10.0}",7.867315899999994
47,quantum/Fidelity-SVM,quantum,9,0.5555555555555556,0.44999999999999996,"{""clf__C"": 10.0}",7.867315899999994
47,quantum/Fidelity-SVM,quantum,10,0.8888888888888888,0.85,"{""clf__C"": 10.0}",7.867315899999994
47,quantum/Fidelity-SVM,quantum,11,0.5555555555555556,0.9,"{""clf__C"": 0.1}",7.867315899999994
47,quantum/Fidelity-SVM,quantum,12,0.4444444444444444,0.35,"{""clf__C"": 10.0}",7.867315899999994
47,quantum/Fidelity-SVM,quantum,13,0.5555555555555556,0.6,"{""clf__C"": 10.0}",7.867315899999994
47,quantum/Fidelity-SVM,quantum,14,0.6666666666666666,0.6499999999999999,"{""clf__C"": 10.0}",7.867315899999994
47,quantum/HS-RBF-SVM,quantum,0,0.7777777777777778,0.7,"{""clf__C"": 1.0, ""clf__gamma_mult"": 0.25}",12.361865199999556
47,quantum/HS-RBF-SVM,quantum,1,0.6666666666666666,0.75,"{""clf__C"": 10.0, ""clf__gamma_mult"": 4.0}",12.361865199999556
47,quantum/HS-RBF-SVM,quantum,2,0.5555555555555556,0.35,"{""clf__C"": 1.0, ""clf__gamma_mult"": 0.25}",12.361865199999556
47,quantum/HS-RBF-SVM,quantum,3,0.7777777777777778,0.7,"{""clf__C"": 1.0, ""clf__gamma_mult"": 1.0}",12.361865199999556
47,quantum/HS-RBF-SVM,quantum,4,0.3333333333333333,0.25,"{""clf__C"": 1.0, ""clf__gamma_mult"": 1.0}",12.361865199999556
47,quantum/HS-RBF-SVM,quantum,5,0.6666666666666666,0.7,"{""clf__C"": 1.0, ""clf__gamma_mult"": 1.0}",12.361865199999556
47,quantum/HS-RBF-SVM,quantum,6,0.7777777777777778,0.7,"{""clf__C"": 1.0, ""clf__gamma_mult"": 1.0}",12.361865199999556
47,quantum/HS-RBF-SVM,quantum,7,0.7777777777777778,0.75,"{""clf__C"": 10.0, ""clf__gamma_mult"": 0.25}",12.361865199999556
47,quantum/HS-RBF-SVM,quantum,8,0.5555555555555556,0.4,"{""clf__C"": 1.0, ""clf__gamma_mult"": 1.0}",12.361865199999556
47,quantum/HS-RBF-SVM,quantum,9,0.5555555555555556,0.44999999999999996,"{""clf__C"": 10.0, ""clf__gamma_mult"": 4.0}",12.361865199999556
47,quantum/HS-RBF-SVM,quantum,10,0.7777777777777778,0.75,"{""clf__C"": 1.0, ""clf__gamma_mult"": 4.0}",12.361865199999556
47,quantum/HS-RBF-SVM,quantum,11,0.7777777777777778,0.6000000000000001,"{""clf__C"": 1.0, ""clf__gamma_mult"": 1.0}",12.361865199999556
47,quantum/HS-RBF-SVM,quantum,12,0.3333333333333333,0.09999999999999998,"{""clf__C"": 10.0, ""clf__gamma_mult"": 4.0}",12.361865199999556
47,quantum/HS-RBF-SVM,quantum,13,0.5555555555555556,0.3,"{""clf__C"": 1.0, ""clf__gamma_mult"": 0.25}",12.361865199999556
47,quantum/HS-RBF-SVM,quantum,14,0.7777777777777778,0.7,"{""clf__C"": 1.0, ""clf__gamma_mult"": 1.0}",12.361865199999556
47,quantum/Bures-RBF-SVM,quantum,0,0.7777777777777778,0.7,"{""clf__C"": 1.0, ""clf__gamma_mult"": 0.25}",20.56517370000074
47,quantum/Bures-RBF-SVM,quantum,1,0.6666666666666666,0.65,"{""clf__C"": 10.0, ""clf__gamma_mult"": 4.0}",20.56517370000074
47,quantum/Bures-RBF-SVM,quantum,2,0.5555555555555556,0.4,"{""clf__C"": 1.0, ""clf__gamma_mult"": 0.25}",20.56517370000074
47,quantum/Bures-RBF-SVM,quantum,3,0.7777777777777778,0.8,"{""clf__C"": 1.0, ""clf__gamma_mult"": 0.25}",20.56517370000074
47,quantum/Bures-RBF-SVM,quantum,4,0.3333333333333333,0.25,"{""clf__C"": 1.0, ""clf__gamma_mult"": 1.0}",20.56517370000074
47,quantum/Bures-RBF-SVM,quantum,5,0.6666666666666666,0.75,"{""clf__C"": 1.0, ""clf__gamma_mult"": 0.25}",20.56517370000074
47,quantum/Bures-RBF-SVM,quantum,6,0.6666666666666666,0.75,"{""clf__C"": 1.0, ""clf__gamma_mult"": 1.0}",20.56517370000074
47,quantum/Bures-RBF-SVM,quantum,7,0.7777777777777778,0.75,"{""clf__C"": 10.0, ""clf__gamma_mult"": 0.25}",20.56517370000074
47,quantum/Bures-RBF-SVM,quantum,8,0.5555555555555556,0.4,"{""clf__C"": 1.0, ""clf__gamma_mult"": 1.0}",20.56517370000074
47,quantum/Bures-RBF-SVM,quantum,9,0.5555555555555556,0.55,"{""clf__C"": 1.0, ""clf__gamma_mult"": 0.25}",20.56517370000074
47,quantum/Bures-RBF-SVM,quantum,10,0.6666666666666666,0.75,"{""clf__C"": 1.0, ""clf__gamma_mult"": 4.0}",20.56517370000074
47,quantum/Bures-RBF-SVM,quantum,11,0.7777777777777778,0.6000000000000001,"{""clf__C"": 1.0, ""clf__gamma_mult"": 1.0}",20.56517370000074
47,quantum/Bures-RBF-SVM,quantum,12,0.3333333333333333,0.09999999999999998,"{""clf__C"": 10.0, ""clf__gamma_mult"": 4.0}",20.56517370000074
47,quantum/Bures-RBF-SVM,quantum,13,0.5555555555555556,0.15,"{""clf__C"": 1.0, ""clf__gamma_mult"": 1.0}",20.56517370000074
47,quantum/Bures-RBF-SVM,quantum,14,0.7777777777777778,0.7,"{""clf__C"": 10.0, ""clf__gamma_mult"": 0.25}",20.56517370000074
47,quantum/QRE-RBF-SVM,quantum,0,0.7777777777777778,0.7,"{""clf__C"": 1.0, ""clf__gamma_mult"": 0.25}",15.727651899999728
47,quantum/QRE-RBF-SVM,quantum,1,0.6666666666666666,0.5,"{""clf__C"": 10.0, ""clf__gamma_mult"": 4.0}",15.727651899999728
47,quantum/QRE-RBF-SVM,quantum,2,0.5555555555555556,0.4,"{""clf__C"": 1.0, ""clf__gamma_mult"": 0.25}",15.727651899999728
47,quantum/QRE-RBF-SVM,quantum,3,0.7777777777777778,0.8,"{""clf__C"": 1.0, ""clf__gamma_mult"": 0.25}",15.727651899999728
47,quantum/QRE-RBF-SVM,quantum,4,0.3333333333333333,0.25,"{""clf__C"": 1.0, ""clf__gamma_mult"": 1.0}",15.727651899999728
47,quantum/QRE-RBF-SVM,quantum,5,0.6666666666666666,0.75,"{""clf__C"": 1.0, ""clf__gamma_mult"": 0.25}",15.727651899999728
47,quantum/QRE-RBF-SVM,quantum,6,0.6666666666666666,0.75,"{""clf__C"": 1.0, ""clf__gamma_mult"": 1.0}",15.727651899999728
47,quantum/QRE-RBF-SVM,quantum,7,0.7777777777777778,0.75,"{""clf__C"": 10.0, ""clf__gamma_mult"": 0.25}",15.727651899999728
47,quantum/QRE-RBF-SVM,quantum,8,0.5555555555555556,0.4,"{""clf__C"": 1.0, ""clf__gamma_mult"": 1.0}",15.727651899999728
47,quantum/QRE-RBF-SVM,quantum,9,0.5555555555555556,0.55,"{""clf__C"": 1.0, ""clf__gamma_mult"": 0.25}",15.727651899999728
47,quantum/QRE-RBF-SVM,quantum,10,0.6666666666666666,0.75,"{""clf__C"": 1.0, ""clf__gamma_mult"": 4.0}",15.727651899999728
47,quantum/QRE-RBF-SVM,quantum,11,0.7777777777777778,0.6000000000000001,"{""clf__C"": 1.0, ""clf__gamma_mult"": 1.0}",15.727651899999728
47,quantum/QRE-RBF-SVM,quantum,12,0.3333333333333333,0.19999999999999998,"{""clf__C"": 1.0, ""clf__gamma_mult"": 4.0}",15.727651899999728
47,quantum/QRE-RBF-SVM,quantum,13,0.5555555555555556,0.15,"{""clf__C"": 1.0, ""clf__gamma_mult"": 1.0}",15.727651899999728
47,quantum/QRE-RBF-SVM,quantum,14,0.7777777777777778,0.7,"{""clf__C"": 10.0, ""clf__gamma_mult"": 0.25}",15.727651899999728
47,quantum/HS-overlap-ref-SVM,quantum,0,0.5555555555555556,0.39999999999999997,"{""clf__C"": 0.1}",6.44547490000059
47,quantum/HS-overlap-ref-SVM,quantum,1,0.5555555555555556,0.49999999999999994,"{""clf__C"": 0.1}",6.44547490000059
47,quantum/HS-overlap-ref-SVM,quantum,2,0.3333333333333333,0.09999999999999998,"{""clf__C"": 10.0}",6.44547490000059
47,quantum/HS-overlap-ref-SVM,quantum,3,0.5555555555555556,0.75,"{""clf__C"": 0.1}",6.44547490000059
47,quantum/HS-overlap-ref-SVM,quantum,4,0.4444444444444444,0.25,"{""clf__C"": 0.1}",6.44547490000059
47,quantum/HS-overlap-ref-SVM,quantum,5,0.5555555555555556,0.45,"{""clf__C"": 10.0}",6.44547490000059
47,quantum/HS-overlap-ref-SVM,quantum,6,0.5555555555555556,0.5,"{""clf__C"": 0.1}",6.44547490000059
47,quantum/HS-overlap-ref-SVM,quantum,7,0.5555555555555556,0.6000000000000001,"{""clf__C"": 0.1}",6.44547490000059
47,quantum/HS-overlap-ref-SVM,quantum,8,0.5555555555555556,0.4,"{""clf__C"": 0.1}",6.44547490000059
47,quantum/HS-overlap-ref-SVM,quantum,9,0.4444444444444444,0.44999999999999996,"{""clf__C"": 0.1}",6.44547490000059
47,quantum/HS-overlap-ref-SVM,quantum,10,0.5555555555555556,0.3,"{""clf__C"": 0.1}",6.44547490000059
47,quantum/HS-overlap-ref-SVM,quantum,11,0.5555555555555556,0.7,"{""clf__C"": 0.1}",6.44547490000059
47,quantum/HS-overlap-ref-SVM,quantum,12,0.3333333333333333,0.44999999999999996,"{""clf__C"": 10.0}",6.44547490000059
47,quantum/HS-overlap-ref-SVM,quantum,13,0.5555555555555556,0.25,"{""clf__C"": 0.1}",6.44547490000059
47,quantum/HS-overlap-ref-SVM,quantum,14,0.4444444444444444,0.4,"{""clf__C"": 0.1}",6.44547490000059
47,quantum/Fidelity-ref-SVM,quantum,0,0.4444444444444444,0.39999999999999997,"{""clf__C"": 10.0}",10.536676900000202
47,quantum/Fidelity-ref-SVM,quantum,1,0.5555555555555556,0.49999999999999994,"{""clf__C"": 0.1}",10.536676900000202
47,quantum/Fidelity-ref-SVM,quantum,2,0.3333333333333333,0.19999999999999996,"{""clf__C"": 10.0}",10.536676900000202
47,quantum/Fidelity-ref-SVM,quantum,3,0.5555555555555556,0.65,"{""clf__C"": 0.1}",10.536676900000202
47,quantum/Fidelity-ref-SVM,quantum,4,0.4444444444444444,0.2,"{""clf__C"": 0.1}",10.536676900000202
47,quantum/Fidelity-ref-SVM,quantum,5,0.5555555555555556,0.65,"{""clf__C"": 0.1}",10.536676900000202
47,quantum/Fidelity-ref-SVM,quantum,6,0.5555555555555556,0.39999999999999997,"{""clf__C"": 0.1}",10.536676900000202
47,quantum/Fidelity-ref-SVM,quantum,7,0.7777777777777778,0.65,"{""clf__C"": 10.0}",10.536676900000202
47,quantum/Fidelity-ref-SVM,quantum,8,0.5555555555555556,0.4,"{""clf__C"": 0.1}",10.536676900000202
47,quantum/Fidelity-ref-SVM,quantum,9,0.4444444444444444,0.45,"{""clf__C"": 0.1}",10.536676900000202
47,quantum/Fidelity-ref-SVM,quantum,10,0.5555555555555556,0.3,"{""clf__C"": 0.1}",10.536676900000202
47,quantum/Fidelity-ref-SVM,quantum,11,0.5555555555555556,0.75,"{""clf__C"": 0.1}",10.536676900000202
47,quantum/Fidelity-ref-SVM,quantum,12,0.4444444444444444,0.35,"{""clf__C"": 10.0}",10.536676900000202
47,quantum/Fidelity-ref-SVM,quantum,13,0.5555555555555556,0.25,"{""clf__C"": 10.0}",10.536676900000202
47,quantum/Fidelity-ref-SVM,quantum,14,0.4444444444444444,0.45,"{""clf__C"": 0.1}",10.536676900000202
47,quantum/HS-RBF-ref-SVM,quantum,0,0.5555555555555556,0.39999999999999997,"{""clf__C"": 0.1, ""clf__gamma_mult"": 0.25}",17.657825199999934
47,quantum/HS-RBF-ref-SVM,quantum,1,0.5555555555555556,0.49999999999999994,"{""clf__C"": 0.1, ""clf__gamma_mult"": 0.25}",17.657825199999934
47,quantum/HS-RBF-ref-SVM,quantum,2,0.3333333333333333,0.09999999999999998,"{""clf__C"": 10.0, ""clf__gamma_mult"": 0.25}",17.657825199999934
47,quantum/HS-RBF-ref-SVM,quantum,3,0.5555555555555556,0.5499999999999999,"{""clf__C"": 10.0, ""clf__gamma_mult"": 1.0}",17.657825199999934
47,quantum/HS-RBF-ref-SVM,quantum,4,0.2222222222222222,0.15000000000000002,"{""clf__C"": 10.0, ""clf__gamma_mult"": 1.0}",17.657825199999934
47,quantum/HS-RBF-ref-SVM,quantum,5,0.5555555555555556,0.35,"{""clf__C"": 10.0, ""clf__gamma_mult"": 0.25}",17.657825199999934
47,quantum/HS-RBF-ref-SVM,quantum,6,0.4444444444444444,0.35000000000000003,"{""clf__C"": 10.0, ""clf__gamma_mult"": 1.0}",17.657825199999934
47,quantum/HS-RBF-ref-SVM,quantum,7,0.5555555555555556,0.75,"{""clf__C"": 1.0, ""clf__gamma_mult"": 4.0}",17.657825199999934
47,quantum/HS-RBF-ref-SVM,quantum,8,0.3333333333333333,0.24999999999999997,"{""clf__C"": 10.0, ""clf__gamma_mult"": 0.25}",17.657825199999934
47,quantum/HS-RBF-ref-SVM,quantum,9,0.4444444444444444,0.55,"{""clf__C"": 1.0, ""clf__gamma_mult"": 4.0}",17.657825199999934
47,quantum/HS-RBF-ref-SVM,quantum,10,0.3333333333333333,0.15,"{""clf__C"": 10.0, ""clf__gamma_mult"": 1.0}",17.657825199999934
47,quantum/HS-RBF-ref-SVM,quantum,11,0.5555555555555556,0.5,"{""clf__C"": 1.0, ""clf__gamma_mult"": 4.0}",17.657825199999934
47,quantum/HS-RBF-ref-SVM,quantum,12,0.3333333333333333,0.45,"{""clf__C"": 10.0, ""clf__gamma_mult"": 1.0}",17.657825199999934
47,quantum/HS-RBF-ref-SVM,quantum,13,0.5555555555555556,0.7,"{""clf__C"": 10.0, ""clf__gamma_mult"": 4.0}",17.657825199999934
47,quantum/HS-RBF-ref-SVM,quantum,14,0.4444444444444444,0.45,"{""clf__C"": 0.1, ""clf__gamma_mult"": 0.25}",17.657825199999934
47,quantum/Bures-RBF-ref-SVM,quantum,0,0.3333333333333333,0.35,"{""clf__C"": 10.0, ""clf__gamma_mult"": 0.25}",27.309745399999883
47,quantum/Bures-RBF-ref-SVM,quantum,1,0.5555555555555556,0.45,"{""clf__C"": 0.1, ""clf__gamma_mult"": 0.25}",27.309745399999883
47,quantum/Bures-RBF-ref-SVM,quantum,2,0.3333333333333333,0.09999999999999998,"{""clf__C"": 10.0, ""clf__gamma_mult"": 0.25}",27.309745399999883
47,quantum/Bures-RBF-ref-SVM,quantum,3,0.5555555555555556,0.5,"{""clf__C"": 10.0, ""clf__gamma_mult"": 1.0}",27.309745399999883
47,quantum/Bures-RBF-ref-SVM,quantum,4,0.2222222222222222,0.25,"{""clf__C"": 10.0, ""clf__gamma_mult"": 1.0}",27.309745399999883
47,quantum/Bures-RBF-ref-SVM,quantum,5,0.5555555555555556,0.39999999999999997,"{""clf__C"": 10.0, ""clf__gamma_mult"": 0.25}",27.309745399999883
47,quantum/Bures-RBF-ref-SVM,quantum,6,0.4444444444444444,0.3,"{""clf__C"": 10.0, ""clf__gamma_mult"": 0.25}",27.309745399999883
47,quantum/Bures-RBF-ref-SVM,quantum,7,0.5555555555555556,0.75,"{""clf__C"": 1.0, ""clf__gamma_mult"": 4.0}",27.309745399999883
47,quantum/Bures-RBF-ref-SVM,quantum,8,0.4444444444444444,0.35000000000000003,"{""clf__C"": 1.0, ""clf__gamma_mult"": 4.0}",27.309745399999883
47,quantum/Bures-RBF-ref-SVM,quantum,9,0.4444444444444444,0.6,"{""clf__C"": 1.0, ""clf__gamma_mult"": 4.0}",27.309745399999883
47,quantum/Bures-RBF-ref-SVM,quantum,10,0.3333333333333333,0.2,"{""clf__C"": 10.0, ""clf__gamma_mult"": 1.0}",27.309745399999883
47,quantum/Bures-RBF-ref-SVM,quantum,11,0.5555555555555556,0.6,"{""clf__C"": 1.0, ""clf__gamma_mult"": 4.0}",27.309745399999883
47,quantum/Bures-RBF-ref-SVM,quantum,12,0.4444444444444444,0.35,"{""clf__C"": 1.0, ""clf__gamma_mult"": 1.0}",27.309745399999883
47,quantum/Bures-RBF-ref-SVM,quantum,13,0.5555555555555556,0.7,"{""clf__C"": 10.0, ""clf__gamma_mult"": 4.0}",27.309745399999883
47,quantum/Bures-RBF-ref-SVM,quantum,14,0.4444444444444444,0.4,"{""clf__C"": 0.1, ""clf__gamma_mult"": 0.25}",27.309745399999883
47,quantum/QRE-RBF-ref-SVM,quantum,0,0.4444444444444444,0.35,"{""clf__C"": 10.0, ""clf__gamma_mult"": 0.25}",20.494064499999695
47,quantum/QRE-RBF-ref-SVM,quantum,1,0.5555555555555556,0.45,"{""clf__C"": 0.1, ""clf__gamma_mult"": 0.25}",20.494064499999695
47,quantum/QRE-RBF-ref-SVM,quantum,2,0.3333333333333333,0.09999999999999998,"{""clf__C"": 10.0, ""clf__gamma_mult"": 0.25}",20.494064499999695
47,quantum/QRE-RBF-ref-SVM,quantum,3,0.5555555555555556,0.5,"{""clf__C"": 10.0, ""clf__gamma_mult"": 1.0}",20.494064499999695
47,quantum/QRE-RBF-ref-SVM,quantum,4,0.2222222222222222,0.25,"{""clf__C"": 10.0, ""clf__gamma_mult"": 1.0}",20.494064499999695
47,quantum/QRE-RBF-ref-SVM,quantum,5,0.5555555555555556,0.35,"{""clf__C"": 10.0, ""clf__gamma_mult"": 0.25}",20.494064499999695
47,quantum/QRE-RBF-ref-SVM,quantum,6,0.4444444444444444,0.4,"{""clf__C"": 10.0, ""clf__gamma_mult"": 1.0}",20.494064499999695
47,quantum/QRE-RBF-ref-SVM,quantum,7,0.5555555555555556,0.75,"{""clf__C"": 1.0, ""clf__gamma_mult"": 4.0}",20.494064499999695
47,quantum/QRE-RBF-ref-SVM,quantum,8,0.4444444444444444,0.35000000000000003,"{""clf__C"": 1.0, ""clf__gamma_mult"": 4.0}",20.494064499999695
47,quantum/QRE-RBF-ref-SVM,quantum,9,0.4444444444444444,0.6,"{""clf__C"": 1.0, ""clf__gamma_mult"": 4.0}",20.494064499999695
47,quantum/QRE-RBF-ref-SVM,quantum,10,0.3333333333333333,0.15,"{""clf__C"": 10.0, ""clf__gamma_mult"": 1.0}",20.494064499999695
47,quantum/QRE-RBF-ref-SVM,quantum,11,0.5555555555555556,0.65,"{""clf__C"": 1.0, ""clf__gamma_mult"": 4.0}",20.494064499999695
47,quantum/QRE-RBF-ref-SVM,quantum,12,0.3333333333333333,0.5,"{""clf__C"": 10.0, ""clf__gamma_mult"": 0.25}",20.494064499999695
47,quantum/QRE-RBF-ref-SVM,quantum,13,0.5555555555555556,0.7,"{""clf__C"": 10.0, ""clf__gamma_mult"": 4.0}",20.494064499999695
47,quantum/QRE-RBF-ref-SVM,quantum,14,0.4444444444444444,0.4,"{""clf__C"": 0.1, ""clf__gamma_mult"": 0.25}",20.494064499999695
47,quantum/IQP-kernel-SVM,quantum,0,0.5555555555555556,0.7,"{""clf__C"": 1.0, ""clf__scale"": 0.5}",25.236815599999318
47,quantum/IQP-kernel-SVM,quantum,1,0.5555555555555556,0.55,"{""clf__C"": 1.0, ""clf__scale"": 1.0}",25.236815599999318
47,quantum/IQP-kernel-SVM,quantum,2,0.5555555555555556,0.6000000000000001,"{""clf__C"": 1.0, ""clf__scale"": 2.0}",25.236815599999318
47,quantum/IQP-kernel-SVM,quantum,3,0.5555555555555556,0.5,"{""clf__C"": 0.1, ""clf__scale"": 0.5}",25.236815599999318
47,quantum/IQP-kernel-SVM,quantum,4,0.3333333333333333,0.30000000000000004,"{""clf__C"": 10.0, ""clf__scale"": 0.5}",25.236815599999318
47,quantum/IQP-kernel-SVM,quantum,5,0.5555555555555556,0.75,"{""clf__C"": 0.1, ""clf__scale"": 0.5}",25.236815599999318
47,quantum/IQP-kernel-SVM,quantum,6,0.5555555555555556,0.6,"{""clf__C"": 10.0, ""clf__scale"": 2.0}",25.236815599999318
47,quantum/IQP-kernel-SVM,quantum,7,0.8888888888888888,0.8500000000000001,"{""clf__C"": 10.0, ""clf__scale"": 0.5}",25.236815599999318
47,quantum/IQP-kernel-SVM,quantum,8,0.4444444444444444,0.35000000000000003,"{""clf__C"": 10.0, ""clf__scale"": 2.0}",25.236815599999318
47,quantum/IQP-kernel-SVM,quantum,9,0.4444444444444444,0.45,"{""clf__C"": 1.0, ""clf__scale"": 0.5}",25.236815599999318
47,quantum/IQP-kernel-SVM,quantum,10,0.4444444444444444,0.5,"{""clf__C"": 1.0, ""clf__scale"": 1.0}",25.236815599999318
47,quantum/IQP-kernel-SVM,quantum,11,0.6666666666666666,0.7000000000000001,"{""clf__C"": 1.0, ""clf__scale"": 2.0}",25.236815599999318
47,quantum/IQP-kernel-SVM,quantum,12,0.3333333333333333,0.24999999999999997,"{""clf__C"": 1.0, ""clf__scale"": 0.5}",25.236815599999318
47,quantum/IQP-kernel-SVM,quantum,13,0.4444444444444444,0.45,"{""clf__C"": 1.0, ""clf__scale"": 0.5}",25.236815599999318
47,quantum/IQP-kernel-SVM,quantum,14,0.3333333333333333,0.25,"{""clf__C"": 1.0, ""clf__scale"": 2.0}",25.236815599999318
47,quantum/CNOT-kernel-SVM,quantum,0,0.5555555555555556,0.6,"{""clf__C"": 0.1, ""clf__scale"": 0.5}",23.03156880000006
47,quantum/CNOT-kernel-SVM,quantum,1,0.5555555555555556,1.0,"{""clf__C"": 0.1, ""clf__scale"": 0.5}",23.03156880000006
47,quantum/CNOT-kernel-SVM,quantum,2,0.2222222222222222,0.45,"{""clf__C"": 10.0, ""clf__scale"": 0.5}",23.03156880000006
47,quantum/CNOT-kernel-SVM,quantum,3,0.5555555555555556,0.7000000000000001,"{""clf__C"": 0.1, ""clf__scale"": 0.5}",23.03156880000006
47,quantum/CNOT-kernel-SVM,quantum,4,0.2222222222222222,0.15000000000000002,"{""clf__C"": 1.0, ""clf__scale"": 1.0}",23.03156880000006
47,quantum/CNOT-kernel-SVM,quantum,5,0.5555555555555556,0.7000000000000001,"{""clf__C"": 0.1, ""clf__scale"": 0.5}",23.03156880000006
47,quantum/CNOT-kernel-SVM,quantum,6,0.4444444444444444,0.25,"{""clf__C"": 10.0, ""clf__scale"": 0.5}",23.03156880000006
47,quantum/CNOT-kernel-SVM,quantum,7,0.6666666666666666,0.8,"{""clf__C"": 10.0, ""clf__scale"": 1.0}",23.03156880000006
47,quantum/CNOT-kernel-SVM,quantum,8,0.3333333333333333,0.39999999999999997,"{""clf__C"": 1.0, ""clf__scale"": 1.0}",23.03156880000006
47,quantum/CNOT-kernel-SVM,quantum,9,0.4444444444444444,0.4,"{""clf__C"": 0.1, ""clf__scale"": 0.5}",23.03156880000006
47,quantum/CNOT-kernel-SVM,quantum,10,0.2222222222222222,0.5,"{""clf__C"": 10.0, ""clf__scale"": 1.0}",23.03156880000006
47,quantum/CNOT-kernel-SVM,quantum,11,0.6666666666666666,0.8,"{""clf__C"": 10.0, ""clf__scale"": 0.5}",23.03156880000006
47,quantum/CNOT-kernel-SVM,quantum,12,0.3333333333333333,0.35,"{""clf__C"": 1.0, ""clf__scale"": 1.0}",23.03156880000006
47,quantum/CNOT-kernel-SVM,quantum,13,0.4444444444444444,0.5,"{""clf__C"": 1.0, ""clf__scale"": 1.0}",23.03156880000006
47,quantum/CNOT-kernel-SVM,quantum,14,0.4444444444444444,0.65,"{""clf__C"": 0.1, ""clf__scale"": 0.5}",23.03156880000006
47,control/IQP-no-entangle,control,0,0.5555555555555556,0.75,"{""clf__C"": 1.0, ""clf__scale"": 1.0}",21.731056999999964
47,control/IQP-no-entangle,control,1,0.6666666666666666,0.5499999999999999,"{""clf__C"": 1.0, ""clf__scale"": 2.0}",21.731056999999964
47,control/IQP-no-entangle,control,2,0.3333333333333333,0.4,"{""clf__C"": 10.0, ""clf__scale"": 0.5}",21.731056999999964
47,control/IQP-no-entangle,control,3,0.4444444444444444,0.25,"{""clf__C"": 10.0, ""clf__scale"": 2.0}",21.731056999999964
47,control/IQP-no-entangle,control,4,0.3333333333333333,0.2,"{""clf__C"": 1.0, ""clf__scale"": 1.0}",21.731056999999964
47,control/IQP-no-entangle,control,5,0.5555555555555556,0.7000000000000001,"{""clf__C"": 0.1, ""clf__scale"": 0.5}",21.731056999999964
47,control/IQP-no-entangle,control,6,0.3333333333333333,0.35,"{""clf__C"": 1.0, ""clf__scale"": 1.0}",21.731056999999964
47,control/IQP-no-entangle,control,7,0.7777777777777778,0.8500000000000001,"{""clf__C"": 1.0, ""clf__scale"": 1.0}",21.731056999999964
47,control/IQP-no-entangle,control,8,0.1111111111111111,0.15,"{""clf__C"": 1.0, ""clf__scale"": 2.0}",21.731056999999964
47,control/IQP-no-entangle,control,9,0.3333333333333333,0.25,"{""clf__C"": 10.0, ""clf__scale"": 2.0}",21.731056999999964
47,control/IQP-no-entangle,control,10,0.4444444444444444,0.4,"{""clf__C"": 1.0, ""clf__scale"": 2.0}",21.731056999999964
47,control/IQP-no-entangle,control,11,0.7777777777777778,0.85,"{""clf__C"": 10.0, ""clf__scale"": 1.0}",21.731056999999964
47,control/IQP-no-entangle,control,12,0.3333333333333333,0.39999999999999997,"{""clf__C"": 1.0, ""clf__scale"": 1.0}",21.731056999999964
47,control/IQP-no-entangle,control,13,0.5555555555555556,0.25,"{""clf__C"": 1.0, ""clf__scale"": 1.0}",21.731056999999964
47,control/IQP-no-entangle,control,14,0.4444444444444444,0.75,"{""clf__C"": 0.1, ""clf__scale"": 0.5}",21.731056999999964
47,control/PCA-matched-RBF,control,0,0.5555555555555556,0.7,"{""clf__C"": 0.1, ""clf__gamma"": ""scale""}",18.31170589999965
47,control/PCA-matched-RBF,control,1,0.5555555555555556,0.5499999999999999,"{""clf__C"": 0.1, ""clf__gamma"": ""scale""}",18.31170589999965
47,control/PCA-matched-RBF,control,2,0.5555555555555556,0.35,"{""clf__C"": 1.0, ""clf__gamma"": 0.1}",18.31170589999965
47,control/PCA-matched-RBF,control,3,0.5555555555555556,0.8,"{""clf__C"": 1.0, ""clf__gamma"": 0.1}",18.31170589999965
47,control/PCA-matched-RBF,control,4,0.2222222222222222,0.2,"{""clf__C"": 10.0, ""clf__gamma"": 0.1}",18.31170589999965
47,control/PCA-matched-RBF,control,5,0.5555555555555556,0.65,"{""clf__C"": 0.1, ""clf__gamma"": ""scale""}",18.31170589999965
47,control/PCA-matched-RBF,control,6,0.5555555555555556,0.44999999999999996,"{""clf__C"": 10.0, ""clf__gamma"": 0.01}",18.31170589999965
47,control/PCA-matched-RBF,control,7,0.5555555555555556,0.9500000000000001,"{""clf__C"": 0.1, ""clf__gamma"": ""scale""}",18.31170589999965
47,control/PCA-matched-RBF,control,8,0.3333333333333333,0.35,"{""clf__C"": 1.0, ""clf__gamma"": ""scale""}",18.31170589999965
47,control/PCA-matched-RBF,control,9,0.4444444444444444,0.35,"{""clf__C"": 10.0, ""clf__gamma"": 0.1}",18.31170589999965
47,control/PCA-matched-RBF,control,10,0.3333333333333333,0.35,"{""clf__C"": 10.0, ""clf__gamma"": 0.01}",18.31170589999965
47,control/PCA-matched-RBF,control,11,0.7777777777777778,0.9500000000000001,"{""clf__C"": 10.0, ""clf__gamma"": ""scale""}",18.31170589999965
47,control/PCA-matched-RBF,control,12,0.3333333333333333,0.35,"{""clf__C"": 10.0, ""clf__gamma"": 0.01}",18.31170589999965
47,control/PCA-matched-RBF,control,13,0.5555555555555556,0.39999999999999997,"{""clf__C"": 10.0, ""clf__gamma"": ""scale""}",18.31170589999965
47,control/PCA-matched-RBF,control,14,0.4444444444444444,0.7,"{""clf__C"": 0.1, ""clf__gamma"": ""scale""}",18.31170589999965
47,control/PCA-matched-linear,control,0,0.5555555555555556,0.6,"{""clf__C"": 10.0}",6.5543588000000454
47,control/PCA-matched-linear,control,1,0.5555555555555556,1.0,"{""clf__C"": 0.1}",6.5543588000000454
47,control/PCA-matched-linear,control,2,0.3333333333333333,0.39999999999999997,"{""clf__C"": 10.0}",6.5543588000000454
47,control/PCA-matched-linear,control,3,0.6666666666666666,0.7000000000000001,"{""clf__C"": 1.0}",6.5543588000000454
47,control/PCA-matched-linear,control,4,0.3333333333333333,0.4,"{""clf__C"": 1.0}",6.5543588000000454
47,control/PCA-matched-linear,control,5,0.6666666666666666,0.75,"{""clf__C"": 10.0}",6.5543588000000454
47,control/PCA-matched-linear,control,6,0.5555555555555556,0.6000000000000001,"{""clf__C"": 10.0}",6.5543588000000454
47,control/PCA-matched-linear,control,7,0.5555555555555556,0.65,"{""clf__C"": 0.1}",6.5543588000000454
47,control/PCA-matched-linear,control,8,0.5555555555555556,0.5499999999999999,"{""clf__C"": 10.0}",6.5543588000000454
47,control/PCA-matched-linear,control,9,0.5555555555555556,0.4,"{""clf__C"": 1.0}",6.5543588000000454
47,control/PCA-matched-linear,control,10,0.6666666666666666,0.3,"{""clf__C"": 0.1}",6.5543588000000454
47,control/PCA-matched-linear,control,11,0.5555555555555556,0.9,"{""clf__C"": 0.1}",6.5543588000000454
47,control/PCA-matched-linear,control,12,0.3333333333333333,0.35,"{""clf__C"": 0.1}",6.5543588000000454
47,control/PCA-matched-linear,control,13,0.5555555555555556,0.55,"{""clf__C"": 10.0}",6.5543588000000454
47,control/PCA-matched-linear,control,14,0.4444444444444444,0.65,"{""clf__C"": 1.0}",6.5543588000000454
47,control/logeuclid-TS+LR,control,0,0.6666666666666666,0.7,"{""clf__C"": 0.1}",5.128571000000193
47,control/logeuclid-TS+LR,control,1,0.7777777777777778,1.0,"{""clf__C"": 0.1}",5.128571000000193
47,control/logeuclid-TS+LR,control,2,0.3333333333333333,0.35,"{""clf__C"": 0.1}",5.128571000000193
47,control/logeuclid-TS+LR,control,3,0.7777777777777778,0.7000000000000001,"{""clf__C"": 0.1}",5.128571000000193
47,control/logeuclid-TS+LR,control,4,0.2222222222222222,0.30000000000000004,"{""clf__C"": 0.1}",5.128571000000193
47,control/logeuclid-TS+LR,control,5,0.6666666666666666,0.6500000000000001,"{""clf__C"": 0.1}",5.128571000000193
47,control/logeuclid-TS+LR,control,6,0.5555555555555556,0.55,"{""clf__C"": 0.1}",5.128571000000193
47,control/logeuclid-TS+LR,control,7,0.5555555555555556,0.65,"{""clf__C"": 0.1}",5.128571000000193
47,control/logeuclid-TS+LR,control,8,0.6666666666666666,0.49999999999999994,"{""clf__C"": 0.1}",5.128571000000193
47,control/logeuclid-TS+LR,control,9,0.5555555555555556,0.5,"{""clf__C"": 0.1}",5.128571000000193
47,control/logeuclid-TS+LR,control,10,0.5555555555555556,0.5,"{""clf__C"": 0.1}",5.128571000000193
47,control/logeuclid-TS+LR,control,11,0.7777777777777778,0.8500000000000001,"{""clf__C"": 0.1}",5.128571000000193
47,control/logeuclid-TS+LR,control,12,0.4444444444444444,0.25,"{""clf__C"": 0.1}",5.128571000000193
47,control/logeuclid-TS+LR,control,13,0.5555555555555556,0.6,"{""clf__C"": 0.1}",5.128571000000193
47,control/logeuclid-TS+LR,control,14,0.7777777777777778,0.6499999999999999,"{""clf__C"": 0.1}",5.128571000000193
47,control/riemann-kernel-SVM,control,0,0.4444444444444444,0.44999999999999996,"{""clf__C"": 1.0}",6.482069800000318
47,control/riemann-kernel-SVM,control,1,0.5555555555555556,0.9500000000000001,"{""clf__C"": 0.1}",6.482069800000318
47,control/riemann-kernel-SVM,control,2,0.4444444444444444,0.19999999999999998,"{""clf__C"": 1.0}",6.482069800000318
47,control/riemann-kernel-SVM,control,3,0.6666666666666666,0.6,"{""clf__C"": 1.0}",6.482069800000318
47,control/riemann-kernel-SVM,control,4,0.3333333333333333,0.30000000000000004,"{""clf__C"": 0.1}",6.482069800000318
47,control/riemann-kernel-SVM,control,5,0.4444444444444444,0.45,"{""clf__C"": 1.0}",6.482069800000318
47,control/riemann-kernel-SVM,control,6,0.3333333333333333,0.35000000000000003,"{""clf__C"": 1.0}",6.482069800000318
47,control/riemann-kernel-SVM,control,7,0.7777777777777778,0.7000000000000001,"{""clf__C"": 1.0}",6.482069800000318
47,control/riemann-kernel-SVM,control,8,0.4444444444444444,0.39999999999999997,"{""clf__C"": 1.0}",6.482069800000318
47,control/riemann-kernel-SVM,control,9,0.5555555555555556,0.3,"{""clf__C"": 0.1}",6.482069800000318
47,control/riemann-kernel-SVM,control,10,0.4444444444444444,0.35,"{""clf__C"": 10.0}",6.482069800000318
47,control/riemann-kernel-SVM,control,11,0.5555555555555556,0.9,"{""clf__C"": 0.1}",6.482069800000318
47,control/riemann-kernel-SVM,control,12,0.3333333333333333,0.3,"{""clf__C"": 0.1}",6.482069800000318
47,control/riemann-kernel-SVM,control,13,0.5555555555555556,0.35,"{""clf__C"": 1.0}",6.482069800000318
47,control/riemann-kernel-SVM,control,14,0.3333333333333333,0.4,"{""clf__C"": 1.0}",6.482069800000318
47,control/logeuclid-kernel-SVM,control,0,0.4444444444444444,0.45,"{""clf__C"": 10.0}",6.488516300000811
47,control/logeuclid-kernel-SVM,control,1,0.5555555555555556,0.85,"{""clf__C"": 0.1}",6.488516300000811
47,control/logeuclid-kernel-SVM,control,2,0.4444444444444444,0.19999999999999998,"{""clf__C"": 1.0}",6.488516300000811
47,control/logeuclid-kernel-SVM,control,3,0.5555555555555556,0.45,"{""clf__C"": 10.0}",6.488516300000811
47,control/logeuclid-kernel-SVM,control,4,0.3333333333333333,0.30000000000000004,"{""clf__C"": 0.1}",6.488516300000811
47,control/logeuclid-kernel-SVM,control,5,0.4444444444444444,0.44999999999999996,"{""clf__C"": 10.0}",6.488516300000811
47,control/logeuclid-kernel-SVM,control,6,0.4444444444444444,0.35,"{""clf__C"": 1.0}",6.488516300000811
47,control/logeuclid-kernel-SVM,control,7,0.6666666666666666,0.85,"{""clf__C"": 0.1}",6.488516300000811
47,control/logeuclid-kernel-SVM,control,8,0.5555555555555556,0.65,"{""clf__C"": 0.1}",6.488516300000811
47,control/logeuclid-kernel-SVM,control,9,0.5555555555555556,0.3,"{""clf__C"": 0.1}",6.488516300000811
47,control/logeuclid-kernel-SVM,control,10,0.5555555555555556,0.5,"{""clf__C"": 1.0}",6.488516300000811
47,control/logeuclid-kernel-SVM,control,11,0.6666666666666666,0.75,"{""clf__C"": 1.0}",6.488516300000811
47,control/logeuclid-kernel-SVM,control,12,0.3333333333333333,0.35,"{""clf__C"": 0.1}",6.488516300000811
47,control/logeuclid-kernel-SVM,control,13,0.5555555555555556,0.35,"{""clf__C"": 1.0}",6.488516300000811
47,control/logeuclid-kernel-SVM,control,14,0.4444444444444444,0.4,"{""clf__C"": 1.0}",6.488516300000811
48,classical/logvar+LDA,classical,0,0.6666666666666666,0.65,{},0.1088659999995798
48,classical/logvar+LDA,classical,1,0.6666666666666666,0.8500000000000001,{},0.1088659999995798
48,classical/logvar+LDA,classical,2,0.7777777777777778,0.6499999999999999,{},0.1088659999995798
48,classical/logvar+LDA,classical,3,0.4444444444444444,0.5499999999999999,{},0.1088659999995798
48,classical/logvar+LDA,classical,4,0.4444444444444444,0.5,{},0.1088659999995798
48,classical/logvar+LDA,classical,5,0.4444444444444444,0.65,{},0.1088659999995798
48,classical/logvar+LDA,classical,6,0.7777777777777778,0.9,{},0.1088659999995798
48,classical/logvar+LDA,classical,7,0.2222222222222222,0.0,{},0.1088659999995798
48,classical/logvar+LDA,classical,8,0.5555555555555556,0.6,{},0.1088659999995798
48,classical/logvar+LDA,classical,9,0.3333333333333333,0.3,{},0.1088659999995798
48,classical/logvar+LDA,classical,10,0.5555555555555556,0.55,{},0.1088659999995798
48,classical/logvar+LDA,classical,11,0.6666666666666666,0.9,{},0.1088659999995798
48,classical/logvar+LDA,classical,12,0.3333333333333333,0.35,{},0.1088659999995798
48,classical/logvar+LDA,classical,13,0.4444444444444444,0.45,{},0.1088659999995798
48,classical/logvar+LDA,classical,14,0.6666666666666666,0.75,{},0.1088659999995798
48,classical/CSP+LDA,classical,0,0.7777777777777778,0.75,"{""csp__nfilter"": 6}",4.1636016999991625
48,classical/CSP+LDA,classical,1,0.5555555555555556,0.8,"{""csp__nfilter"": 2}",4.1636016999991625
48,classical/CSP+LDA,classical,2,0.7777777777777778,1.0,"{""csp__nfilter"": 6}",4.1636016999991625
48,classical/CSP+LDA,classical,3,0.5555555555555556,0.65,"{""csp__nfilter"": 2}",4.1636016999991625
48,classical/CSP+LDA,classical,4,0.4444444444444444,0.6,"{""csp__nfilter"": 2}",4.1636016999991625
48,classical/CSP+LDA,classical,5,0.6666666666666666,0.95,"{""csp__nfilter"": 6}",4.1636016999991625
48,classical/CSP+LDA,classical,6,0.5555555555555556,0.65,"{""csp__nfilter"": 6}",4.1636016999991625
48,classical/CSP+LDA,classical,7,0.3333333333333333,0.5,"{""csp__nfilter"": 2}",4.1636016999991625
48,classical/CSP+LDA,classical,8,0.8888888888888888,1.0,"{""csp__nfilter"": 6}",4.1636016999991625
48,classical/CSP+LDA,classical,9,0.5555555555555556,0.6500000000000001,"{""csp__nfilter"": 2}",4.1636016999991625
48,classical/CSP+LDA,classical,10,0.6666666666666666,0.85,"{""csp__nfilter"": 6}",4.1636016999991625
48,classical/CSP+LDA,classical,11,0.7777777777777778,0.95,"{""csp__nfilter"": 6}",4.1636016999991625
48,classical/CSP+LDA,classical,12,0.5555555555555556,0.7,"{""csp__nfilter"": 4}",4.1636016999991625
48,classical/CSP+LDA,classical,13,0.5555555555555556,0.7000000000000001,"{""csp__nfilter"": 2}",4.1636016999991625
48,classical/CSP+LDA,classical,14,0.5555555555555556,0.45,"{""csp__nfilter"": 4}",4.1636016999991625
48,classical/MDM,classical,0,0.6666666666666666,0.6,{},0.6703754999998637
48,classical/MDM,classical,1,0.5555555555555556,0.7,{},0.6703754999998637
48,classical/MDM,classical,2,0.3333333333333333,0.6,{},0.6703754999998637
48,classical/MDM,classical,3,0.4444444444444444,0.6,{},0.6703754999998637
48,classical/MDM,classical,4,0.5555555555555556,0.5,{},0.6703754999998637
48,classical/MDM,classical,5,0.7777777777777778,0.8,{},0.6703754999998637
48,classical/MDM,classical,6,0.2222222222222222,0.5,{},0.6703754999998637
48,classical/MDM,classical,7,0.4444444444444444,0.45,{},0.6703754999998637
48,classical/MDM,classical,8,0.7777777777777778,0.9,{},0.6703754999998637
48,classical/MDM,classical,9,0.2222222222222222,0.45,{},0.6703754999998637
48,classical/MDM,classical,10,0.4444444444444444,0.6,{},0.6703754999998637
48,classical/MDM,classical,11,0.7777777777777778,0.8500000000000001,{},0.6703754999998637
48,classical/MDM,classical,12,0.7777777777777778,0.8,{},0.6703754999998637
48,classical/MDM,classical,13,0.4444444444444444,0.6,{},0.6703754999998637
48,classical/MDM,classical,14,0.4444444444444444,0.4,{},0.6703754999998637
48,classical/TS+LR,classical,0,0.6666666666666666,0.75,"{""clf__C"": 0.1}",6.970451899999716
48,classical/TS+LR,classical,1,0.7777777777777778,0.75,"{""clf__C"": 10.0}",6.970451899999716
48,classical/TS+LR,classical,2,0.7777777777777778,1.0,"{""clf__C"": 0.1}",6.970451899999716
48,classical/TS+LR,classical,3,0.5555555555555556,0.6000000000000001,"{""clf__C"": 0.1}",6.970451899999716
48,classical/TS+LR,classical,4,0.6666666666666666,0.75,"{""clf__C"": 1.0}",6.970451899999716
48,classical/TS+LR,classical,5,0.7777777777777778,0.95,"{""clf__C"": 10.0}",6.970451899999716
48,classical/TS+LR,classical,6,0.6666666666666666,0.9,"{""clf__C"": 0.1}",6.970451899999716
48,classical/TS+LR,classical,7,0.3333333333333333,0.55,"{""clf__C"": 10.0}",6.970451899999716
48,classical/TS+LR,classical,8,0.8888888888888888,0.9500000000000001,"{""clf__C"": 1.0}",6.970451899999716
48,classical/TS+LR,classical,9,0.8888888888888888,0.8,"{""clf__C"": 0.1}",6.970451899999716
48,classical/TS+LR,classical,10,0.7777777777777778,0.85,"{""clf__C"": 0.1}",6.970451899999716
48,classical/TS+LR,classical,11,0.7777777777777778,0.95,"{""clf__C"": 1.0}",6.970451899999716
48,classical/TS+LR,classical,12,0.7777777777777778,1.0,"{""clf__C"": 0.1}",6.970451899999716
48,classical/TS+LR,classical,13,0.8888888888888888,0.9500000000000001,"{""clf__C"": 0.1}",6.970451899999716
48,classical/TS+LR,classical,14,0.7777777777777778,0.9,"{""clf__C"": 0.1}",6.970451899999716
48,classical/TS+RBF-SVM,classical,0,0.6666666666666666,0.65,"{""clf__C"": 10.0, ""clf__gamma"": ""scale""}",18.791550400000233
48,classical/TS+RBF-SVM,classical,1,0.6666666666666666,0.85,"{""clf__C"": 10.0, ""clf__gamma"": ""scale""}",18.791550400000233
48,classical/TS+RBF-SVM,classical,2,0.8888888888888888,1.0,"{""clf__C"": 10.0, ""clf__gamma"": ""scale""}",18.791550400000233
48,classical/TS+RBF-SVM,classical,3,0.4444444444444444,0.7,"{""clf__C"": 1.0, ""clf__gamma"": ""scale""}",18.791550400000233
48,classical/TS+RBF-SVM,classical,4,0.5555555555555556,0.8,"{""clf__C"": 1.0, ""clf__gamma"": ""scale""}",18.791550400000233
48,classical/TS+RBF-SVM,classical,5,0.7777777777777778,1.0,"{""clf__C"": 10.0, ""clf__gamma"": 0.01}",18.791550400000233
48,classical/TS+RBF-SVM,classical,6,0.5555555555555556,0.65,"{""clf__C"": 1.0, ""clf__gamma"": ""scale""}",18.791550400000233
48,classical/TS+RBF-SVM,classical,7,0.5555555555555556,0.55,"{""clf__C"": 1.0, ""clf__gamma"": ""scale""}",18.791550400000233
48,classical/TS+RBF-SVM,classical,8,0.7777777777777778,0.8500000000000001,"{""clf__C"": 1.0, ""clf__gamma"": ""scale""}",18.791550400000233
48,classical/TS+RBF-SVM,classical,9,0.4444444444444444,0.8,"{""clf__C"": 0.1, ""clf__gamma"": ""scale""}",18.791550400000233
48,classical/TS+RBF-SVM,classical,10,0.6666666666666666,0.7500000000000001,"{""clf__C"": 1.0, ""clf__gamma"": ""scale""}",18.791550400000233
48,classical/TS+RBF-SVM,classical,11,0.7777777777777778,0.95,"{""clf__C"": 10.0, ""clf__gamma"": ""scale""}",18.791550400000233
48,classical/TS+RBF-SVM,classical,12,0.8888888888888888,1.0,"{""clf__C"": 1.0, ""clf__gamma"": ""scale""}",18.791550400000233
48,classical/TS+RBF-SVM,classical,13,0.7777777777777778,0.9500000000000001,"{""clf__C"": 10.0, ""clf__gamma"": ""scale""}",18.791550400000233
48,classical/TS+RBF-SVM,classical,14,0.7777777777777778,0.8,"{""clf__C"": 1.0, ""clf__gamma"": ""scale""}",18.791550400000233
48,quantum/HS-overlap-SVM,quantum,0,0.5555555555555556,0.65,"{""clf__C"": 10.0}",4.399460399999953
48,quantum/HS-overlap-SVM,quantum,1,0.5555555555555556,0.6500000000000001,"{""clf__C"": 10.0}",4.399460399999953
48,quantum/HS-overlap-SVM,quantum,2,0.7777777777777778,0.9,"{""clf__C"": 10.0}",4.399460399999953
48,quantum/HS-overlap-SVM,quantum,3,0.5555555555555556,0.44999999999999996,"{""clf__C"": 10.0}",4.399460399999953
48,quantum/HS-overlap-SVM,quantum,4,0.5555555555555556,0.85,"{""clf__C"": 10.0}",4.399460399999953
48,quantum/HS-overlap-SVM,quantum,5,0.7777777777777778,0.75,"{""clf__C"": 0.1}",4.399460399999953
48,quantum/HS-overlap-SVM,quantum,6,0.4444444444444444,0.45,"{""clf__C"": 10.0}",4.399460399999953
48,quantum/HS-overlap-SVM,quantum,7,0.3333333333333333,0.3,"{""clf__C"": 10.0}",4.399460399999953
48,quantum/HS-overlap-SVM,quantum,8,0.6666666666666666,0.8,"{""clf__C"": 10.0}",4.399460399999953
48,quantum/HS-overlap-SVM,quantum,9,0.3333333333333333,0.4,"{""clf__C"": 10.0}",4.399460399999953
48,quantum/HS-overlap-SVM,quantum,10,0.5555555555555556,0.65,"{""clf__C"": 10.0}",4.399460399999953
48,quantum/HS-overlap-SVM,quantum,11,0.7777777777777778,0.95,"{""clf__C"": 10.0}",4.399460399999953
48,quantum/HS-overlap-SVM,quantum,12,0.4444444444444444,0.45,"{""clf__C"": 10.0}",4.399460399999953
48,quantum/HS-overlap-SVM,quantum,13,0.4444444444444444,0.6,"{""clf__C"": 10.0}",4.399460399999953
48,quantum/HS-overlap-SVM,quantum,14,0.5555555555555556,0.7,"{""clf__C"": 10.0}",4.399460399999953
48,quantum/Fidelity-SVM,quantum,0,0.6666666666666666,0.7,"{""clf__C"": 10.0}",7.654625099999976
48,quantum/Fidelity-SVM,quantum,1,0.6666666666666666,0.65,"{""clf__C"": 10.0}",7.654625099999976
48,quantum/Fidelity-SVM,quantum,2,0.8888888888888888,0.95,"{""clf__C"": 10.0}",7.654625099999976
48,quantum/Fidelity-SVM,quantum,3,0.5555555555555556,0.65,"{""clf__C"": 10.0}",7.654625099999976
48,quantum/Fidelity-SVM,quantum,4,0.5555555555555556,0.7000000000000001,"{""clf__C"": 10.0}",7.654625099999976
48,quantum/Fidelity-SVM,quantum,5,0.6666666666666666,0.85,"{""clf__C"": 10.0}",7.654625099999976
48,quantum/Fidelity-SVM,quantum,6,0.6666666666666666,0.6,"{""clf__C"": 10.0}",7.654625099999976
48,quantum/Fidelity-SVM,quantum,7,0.3333333333333333,0.55,"{""clf__C"": 10.0}",7.654625099999976
48,quantum/Fidelity-SVM,quantum,8,0.6666666666666666,0.9,"{""clf__C"": 10.0}",7.654625099999976
48,quantum/Fidelity-SVM,quantum,9,0.4444444444444444,0.55,"{""clf__C"": 10.0}",7.654625099999976
48,quantum/Fidelity-SVM,quantum,10,0.6666666666666666,0.8,"{""clf__C"": 10.0}",7.654625099999976
48,quantum/Fidelity-SVM,quantum,11,1.0,1.0,"{""clf__C"": 10.0}",7.654625099999976
48,quantum/Fidelity-SVM,quantum,12,0.4444444444444444,0.55,"{""clf__C"": 10.0}",7.654625099999976
48,quantum/Fidelity-SVM,quantum,13,0.5555555555555556,0.6499999999999999,"{""clf__C"": 10.0}",7.654625099999976
48,quantum/Fidelity-SVM,quantum,14,0.6666666666666666,0.7,"{""clf__C"": 10.0}",7.654625099999976
48,quantum/HS-RBF-SVM,quantum,0,0.5555555555555556,0.5,"{""clf__C"": 10.0, ""clf__gamma_mult"": 1.0}",12.258918399999857
48,quantum/HS-RBF-SVM,quantum,1,0.5555555555555556,0.6000000000000001,"{""clf__C"": 10.0, ""clf__gamma_mult"": 0.25}",12.258918399999857
48,quantum/HS-RBF-SVM,quantum,2,0.7777777777777778,1.0,"{""clf__C"": 10.0, ""clf__gamma_mult"": 0.25}",12.258918399999857
48,quantum/HS-RBF-SVM,quantum,3,0.5555555555555556,0.65,"{""clf__C"": 10.0, ""clf__gamma_mult"": 0.25}",12.258918399999857
48,quantum/HS-RBF-SVM,quantum,4,0.5555555555555556,0.4,"{""clf__C"": 10.0, ""clf__gamma_mult"": 1.0}",12.258918399999857
48,quantum/HS-RBF-SVM,quantum,5,0.6666666666666666,0.75,"{""clf__C"": 10.0, ""clf__gamma_mult"": 0.25}",12.258918399999857
48,quantum/HS-RBF-SVM,quantum,6,0.4444444444444444,0.35,"{""clf__C"": 1.0, ""clf__gamma_mult"": 1.0}",12.258918399999857
48,quantum/HS-RBF-SVM,quantum,7,0.3333333333333333,0.4,"{""clf__C"": 10.0, ""clf__gamma_mult"": 0.25}",12.258918399999857
48,quantum/HS-RBF-SVM,quantum,8,0.4444444444444444,0.55,"{""clf__C"": 10.0, ""clf__gamma_mult"": 4.0}",12.258918399999857
48,quantum/HS-RBF-SVM,quantum,9,0.3333333333333333,0.45,"{""clf__C"": 1.0, ""clf__gamma_mult"": 1.0}",12.258918399999857
48,quantum/HS-RBF-SVM,quantum,10,0.5555555555555556,0.7,"{""clf__C"": 10.0, ""clf__gamma_mult"": 0.25}",12.258918399999857
48,quantum/HS-RBF-SVM,quantum,11,0.8888888888888888,1.0,"{""clf__C"": 10.0, ""clf__gamma_mult"": 0.25}",12.258918399999857
48,quantum/HS-RBF-SVM,quantum,12,0.4444444444444444,0.45,"{""clf__C"": 1.0, ""clf__gamma_mult"": 4.0}",12.258918399999857
48,quantum/HS-RBF-SVM,quantum,13,0.5555555555555556,0.6000000000000001,"{""clf__C"": 10.0, ""clf__gamma_mult"": 0.25}",12.258918399999857
48,quantum/HS-RBF-SVM,quantum,14,0.4444444444444444,0.65,"{""clf__C"": 1.0, ""clf__gamma_mult"": 0.25}",12.258918399999857
48,quantum/Bures-RBF-SVM,quantum,0,0.5555555555555556,0.6,"{""clf__C"": 1.0, ""clf__gamma_mult"": 1.0}",20.150630300000557
48,quantum/Bures-RBF-SVM,quantum,1,0.6666666666666666,0.7000000000000001,"{""clf__C"": 10.0, ""clf__gamma_mult"": 0.25}",20.150630300000557
48,quantum/Bures-RBF-SVM,quantum,2,0.8888888888888888,1.0,"{""clf__C"": 10.0, ""clf__gamma_mult"": 0.25}",20.150630300000557
48,quantum/Bures-RBF-SVM,quantum,3,0.4444444444444444,0.6,"{""clf__C"": 10.0, ""clf__gamma_mult"": 0.25}",20.150630300000557
48,quantum/Bures-RBF-SVM,quantum,4,0.5555555555555556,0.6,"{""clf__C"": 10.0, ""clf__gamma_mult"": 0.25}",20.150630300000557
48,quantum/Bures-RBF-SVM,quantum,5,0.5555555555555556,0.8500000000000001,"{""clf__C"": 10.0, ""clf__gamma_mult"": 0.25}",20.150630300000557
48,quantum/Bures-RBF-SVM,quantum,6,0.6666666666666666,0.8,"{""clf__C"": 10.0, ""clf__gamma_mult"": 0.25}",20.150630300000557
48,quantum/Bures-RBF-SVM,quantum,7,0.4444444444444444,0.25,"{""clf__C"": 10.0, ""clf__gamma_mult"": 4.0}",20.150630300000557
48,quantum/Bures-RBF-SVM,quantum,8,0.5555555555555556,0.6,"{""clf__C"": 10.0, ""clf__gamma_mult"": 4.0}",20.150630300000557
48,quantum/Bures-RBF-SVM,quantum,9,0.5555555555555556,0.6,"{""clf__C"": 10.0, ""clf__gamma_mult"": 1.0}",20.150630300000557
48,quantum/Bures-RBF-SVM,quantum,10,0.6666666666666666,0.8,"{""clf__C"": 10.0, ""clf__gamma_mult"": 1.0}",20.150630300000557
48,quantum/Bures-RBF-SVM,quantum,11,0.8888888888888888,1.0,"{""clf__C"": 10.0, ""clf__gamma_mult"": 0.25}",20.150630300000557
48,quantum/Bures-RBF-SVM,quantum,12,0.5555555555555556,0.7,"{""clf__C"": 10.0, ""clf__gamma_mult"": 0.25}",20.150630300000557
48,quantum/Bures-RBF-SVM,quantum,13,0.6666666666666666,0.75,"{""clf__C"": 10.0, ""clf__gamma_mult"": 0.25}",20.150630300000557
48,quantum/Bures-RBF-SVM,quantum,14,0.5555555555555556,0.65,"{""clf__C"": 10.0, ""clf__gamma_mult"": 0.25}",20.150630300000557
48,quantum/QRE-RBF-SVM,quantum,0,0.4444444444444444,0.6,"{""clf__C"": 1.0, ""clf__gamma_mult"": 1.0}",14.775011300000187
48,quantum/QRE-RBF-SVM,quantum,1,0.7777777777777778,0.7000000000000001,"{""clf__C"": 10.0, ""clf__gamma_mult"": 0.25}",14.775011300000187
48,quantum/QRE-RBF-SVM,quantum,2,0.8888888888888888,1.0,"{""clf__C"": 10.0, ""clf__gamma_mult"": 0.25}",14.775011300000187
48,quantum/QRE-RBF-SVM,quantum,3,0.5555555555555556,0.7000000000000001,"{""clf__C"": 10.0, ""clf__gamma_mult"": 1.0}",14.775011300000187
48,quantum/QRE-RBF-SVM,quantum,4,0.5555555555555556,0.7,"{""clf__C"": 10.0, ""clf__gamma_mult"": 0.25}",14.775011300000187
48,quantum/QRE-RBF-SVM,quantum,5,0.5555555555555556,0.8,"{""clf__C"": 10.0, ""clf__gamma_mult"": 1.0}",14.775011300000187
48,quantum/QRE-RBF-SVM,quantum,6,0.5555555555555556,0.55,"{""clf__C"": 1.0, ""clf__gamma_mult"": 4.0}",14.775011300000187
48,quantum/QRE-RBF-SVM,quantum,7,0.4444444444444444,0.25,"{""clf__C"": 10.0, ""clf__gamma_mult"": 4.0}",14.775011300000187
48,quantum/QRE-RBF-SVM,quantum,8,0.4444444444444444,0.6,"{""clf__C"": 10.0, ""clf__gamma_mult"": 4.0}",14.775011300000187
48,quantum/QRE-RBF-SVM,quantum,9,0.5555555555555556,0.6,"{""clf__C"": 10.0, ""clf__gamma_mult"": 1.0}",14.775011300000187
48,quantum/QRE-RBF-SVM,quantum,10,0.7777777777777778,0.7000000000000001,"{""clf__C"": 1.0, ""clf__gamma_mult"": 1.0}",14.775011300000187
48,quantum/QRE-RBF-SVM,quantum,11,0.8888888888888888,0.95,"{""clf__C"": 10.0, ""clf__gamma_mult"": 0.25}",14.775011300000187
48,quantum/QRE-RBF-SVM,quantum,12,0.5555555555555556,0.7,"{""clf__C"": 10.0, ""clf__gamma_mult"": 0.25}",14.775011300000187
48,quantum/QRE-RBF-SVM,quantum,13,0.6666666666666666,0.9,"{""clf__C"": 10.0, ""clf__gamma_mult"": 1.0}",14.775011300000187
48,quantum/QRE-RBF-SVM,quantum,14,0.7777777777777778,0.9,"{""clf__C"": 1.0, ""clf__gamma_mult"": 4.0}",14.775011300000187
48,quantum/HS-overlap-ref-SVM,quantum,0,0.6666666666666666,0.7,"{""clf__C"": 10.0}",7.015633099999832
48,quantum/HS-overlap-ref-SVM,quantum,1,0.7777777777777778,0.95,"{""clf__C"": 10.0}",7.015633099999832
48,quantum/HS-overlap-ref-SVM,quantum,2,0.7777777777777778,0.65,"{""clf__C"": 10.0}",7.015633099999832
48,quantum/HS-overlap-ref-SVM,quantum,3,0.5555555555555556,0.75,"{""clf__C"": 10.0}",7.015633099999832
48,quantum/HS-overlap-ref-SVM,quantum,4,0.7777777777777778,0.9500000000000001,"{""clf__C"": 10.0}",7.015633099999832
48,quantum/HS-overlap-ref-SVM,quantum,5,0.5555555555555556,0.85,"{""clf__C"": 10.0}",7.015633099999832
48,quantum/HS-overlap-ref-SVM,quantum,6,0.7777777777777778,0.6,"{""clf__C"": 10.0}",7.015633099999832
48,quantum/HS-overlap-ref-SVM,quantum,7,0.5555555555555556,0.8,"{""clf__C"": 10.0}",7.015633099999832
48,quantum/HS-overlap-ref-SVM,quantum,8,0.8888888888888888,0.8500000000000001,"{""clf__C"": 10.0}",7.015633099999832
48,quantum/HS-overlap-ref-SVM,quantum,9,0.5555555555555556,0.75,"{""clf__C"": 10.0}",7.015633099999832
48,quantum/HS-overlap-ref-SVM,quantum,10,0.5555555555555556,0.7,"{""clf__C"": 10.0}",7.015633099999832
48,quantum/HS-overlap-ref-SVM,quantum,11,0.8888888888888888,0.95,"{""clf__C"": 10.0}",7.015633099999832
48,quantum/HS-overlap-ref-SVM,quantum,12,0.8888888888888888,0.8500000000000001,"{""clf__C"": 10.0}",7.015633099999832
48,quantum/HS-overlap-ref-SVM,quantum,13,0.7777777777777778,0.8,"{""clf__C"": 10.0}",7.015633099999832
48,quantum/HS-overlap-ref-SVM,quantum,14,0.4444444444444444,0.5,"{""clf__C"": 10.0}",7.015633099999832
48,quantum/Fidelity-ref-SVM,quantum,0,0.6666666666666666,0.75,"{""clf__C"": 10.0}",10.874304500000108
48,quantum/Fidelity-ref-SVM,quantum,1,0.6666666666666666,0.9,"{""clf__C"": 10.0}",10.874304500000108
48,quantum/Fidelity-ref-SVM,quantum,2,1.0,1.0,"{""clf__C"": 10.0}",10.874304500000108
48,quantum/Fidelity-ref-SVM,quantum,3,0.5555555555555556,0.8,"{""clf__C"": 10.0}",10.874304500000108
48,quantum/Fidelity-ref-SVM,quantum,4,0.6666666666666666,0.9,"{""clf__C"": 10.0}",10.874304500000108
48,quantum/Fidelity-ref-SVM,quantum,5,0.8888888888888888,0.95,"{""clf__C"": 10.0}",10.874304500000108
48,quantum/Fidelity-ref-SVM,quantum,6,0.7777777777777778,0.8,"{""clf__C"": 10.0}",10.874304500000108
48,quantum/Fidelity-ref-SVM,quantum,7,0.4444444444444444,0.7,"{""clf__C"": 10.0}",10.874304500000108
48,quantum/Fidelity-ref-SVM,quantum,8,0.8888888888888888,1.0,"{""clf__C"": 10.0}",10.874304500000108
48,quantum/Fidelity-ref-SVM,quantum,9,0.5555555555555556,0.85,"{""clf__C"": 10.0}",10.874304500000108
48,quantum/Fidelity-ref-SVM,quantum,10,0.7777777777777778,0.9,"{""clf__C"": 10.0}",10.874304500000108
48,quantum/Fidelity-ref-SVM,quantum,11,0.8888888888888888,0.95,"{""clf__C"": 10.0}",10.874304500000108
48,quantum/Fidelity-ref-SVM,quantum,12,0.8888888888888888,0.95,"{""clf__C"": 10.0}",10.874304500000108
48,quantum/Fidelity-ref-SVM,quantum,13,0.7777777777777778,0.85,"{""clf__C"": 10.0}",10.874304500000108
48,quantum/Fidelity-ref-SVM,quantum,14,0.6666666666666666,0.85,"{""clf__C"": 10.0}",10.874304500000108
48,quantum/HS-RBF-ref-SVM,quantum,0,0.6666666666666666,0.7,"{""clf__C"": 10.0, ""clf__gamma_mult"": 0.25}",18.9328172000005
48,quantum/HS-RBF-ref-SVM,quantum,1,0.5555555555555556,0.75,"{""clf__C"": 10.0, ""clf__gamma_mult"": 0.25}",18.9328172000005
48,quantum/HS-RBF-ref-SVM,quantum,2,1.0,1.0,"{""clf__C"": 10.0, ""clf__gamma_mult"": 0.25}",18.9328172000005
48,quantum/HS-RBF-ref-SVM,quantum,3,0.6666666666666666,0.9,"{""clf__C"": 10.0, ""clf__gamma_mult"": 0.25}",18.9328172000005
48,quantum/HS-RBF-ref-SVM,quantum,4,0.7777777777777778,1.0,"{""clf__C"": 10.0, ""clf__gamma_mult"": 0.25}",18.9328172000005
48,quantum/HS-RBF-ref-SVM,quantum,5,0.6666666666666666,0.9,"{""clf__C"": 10.0, ""clf__gamma_mult"": 0.25}",18.9328172000005
48,quantum/HS-RBF-ref-SVM,quantum,6,0.7777777777777778,0.75,"{""clf__C"": 10.0, ""clf__gamma_mult"": 0.25}",18.9328172000005
48,quantum/HS-RBF-ref-SVM,quantum,7,0.4444444444444444,0.7,"{""clf__C"": 10.0, ""clf__gamma_mult"": 0.25}",18.9328172000005
48,quantum/HS-RBF-ref-SVM,quantum,8,0.8888888888888888,0.8,"{""clf__C"": 10.0, ""clf__gamma_mult"": 1.0}",18.9328172000005
48,quantum/HS-RBF-ref-SVM,quantum,9,0.5555555555555556,0.7,"{""clf__C"": 10.0, ""clf__gamma_mult"": 0.25}",18.9328172000005
48,quantum/HS-RBF-ref-SVM,quantum,10,0.5555555555555556,0.55,"{""clf__C"": 1.0, ""clf__gamma_mult"": 1.0}",18.9328172000005
48,quantum/HS-RBF-ref-SVM,quantum,11,0.7777777777777778,0.75,"{""clf__C"": 10.0, ""clf__gamma_mult"": 1.0}",18.9328172000005
48,quantum/HS-RBF-ref-SVM,quantum,12,0.6666666666666666,0.8500000000000001,"{""clf__C"": 10.0, ""clf__gamma_mult"": 0.25}",18.9328172000005
48,quantum/HS-RBF-ref-SVM,quantum,13,0.7777777777777778,0.8,"{""clf__C"": 10.0, ""clf__gamma_mult"": 0.25}",18.9328172000005
48,quantum/HS-RBF-ref-SVM,quantum,14,0.4444444444444444,0.6,"{""clf__C"": 10.0, ""clf__gamma_mult"": 0.25}",18.9328172000005
48,quantum/Bures-RBF-ref-SVM,quantum,0,0.6666666666666666,0.75,"{""clf__C"": 10.0, ""clf__gamma_mult"": 0.25}",28.6534673999995
48,quantum/Bures-RBF-ref-SVM,quantum,1,0.5555555555555556,0.8,"{""clf__C"": 10.0, ""clf__gamma_mult"": 1.0}",28.6534673999995
48,quantum/Bures-RBF-ref-SVM,quantum,2,1.0,1.0,"{""clf__C"": 10.0, ""clf__gamma_mult"": 0.25}",28.6534673999995
48,quantum/Bures-RBF-ref-SVM,quantum,3,0.5555555555555556,0.85,"{""clf__C"": 10.0, ""clf__gamma_mult"": 0.25}",28.6534673999995
48,quantum/Bures-RBF-ref-SVM,quantum,4,0.6666666666666666,0.9,"{""clf__C"": 10.0, ""clf__gamma_mult"": 0.25}",28.6534673999995
48,quantum/Bures-RBF-ref-SVM,quantum,5,0.7777777777777778,0.95,"{""clf__C"": 10.0, ""clf__gamma_mult"": 0.25}",28.6534673999995
48,quantum/Bures-RBF-ref-SVM,quantum,6,0.7777777777777778,0.75,"{""clf__C"": 10.0, ""clf__gamma_mult"": 0.25}",28.6534673999995
48,quantum/Bures-RBF-ref-SVM,quantum,7,0.3333333333333333,0.35,"{""clf__C"": 1.0, ""clf__gamma_mult"": 4.0}",28.6534673999995
48,quantum/Bures-RBF-ref-SVM,quantum,8,0.8888888888888888,0.8500000000000001,"{""clf__C"": 10.0, ""clf__gamma_mult"": 0.25}",28.6534673999995
48,quantum/Bures-RBF-ref-SVM,quantum,9,0.7777777777777778,0.85,"{""clf__C"": 10.0, ""clf__gamma_mult"": 0.25}",28.6534673999995
48,quantum/Bures-RBF-ref-SVM,quantum,10,0.7777777777777778,0.9,"{""clf__C"": 10.0, ""clf__gamma_mult"": 0.25}",28.6534673999995
48,quantum/Bures-RBF-ref-SVM,quantum,11,0.7777777777777778,0.95,"{""clf__C"": 10.0, ""clf__gamma_mult"": 1.0}",28.6534673999995
48,quantum/Bures-RBF-ref-SVM,quantum,12,0.8888888888888888,0.8500000000000001,"{""clf__C"": 10.0, ""clf__gamma_mult"": 0.25}",28.6534673999995
48,quantum/Bures-RBF-ref-SVM,quantum,13,0.7777777777777778,0.9,"{""clf__C"": 10.0, ""clf__gamma_mult"": 0.25}",28.6534673999995
48,quantum/Bures-RBF-ref-SVM,quantum,14,0.4444444444444444,0.7,"{""clf__C"": 10.0, ""clf__gamma_mult"": 0.25}",28.6534673999995
48,quantum/QRE-RBF-ref-SVM,quantum,0,0.6666666666666666,0.75,"{""clf__C"": 10.0, ""clf__gamma_mult"": 0.25}",22.14095030000044
48,quantum/QRE-RBF-ref-SVM,quantum,1,0.5555555555555556,0.75,"{""clf__C"": 10.0, ""clf__gamma_mult"": 1.0}",22.14095030000044
48,quantum/QRE-RBF-ref-SVM,quantum,2,1.0,1.0,"{""clf__C"": 10.0, ""clf__gamma_mult"": 0.25}",22.14095030000044
48,quantum/QRE-RBF-ref-SVM,quantum,3,0.5555555555555556,0.9,"{""clf__C"": 10.0, ""clf__gamma_mult"": 0.25}",22.14095030000044
48,quantum/QRE-RBF-ref-SVM,quantum,4,0.7777777777777778,0.9,"{""clf__C"": 10.0, ""clf__gamma_mult"": 0.25}",22.14095030000044
48,quantum/QRE-RBF-ref-SVM,quantum,5,0.7777777777777778,1.0,"{""clf__C"": 10.0, ""clf__gamma_mult"": 0.25}",22.14095030000044
48,quantum/QRE-RBF-ref-SVM,quantum,6,0.7777777777777778,0.75,"{""clf__C"": 10.0, ""clf__gamma_mult"": 1.0}",22.14095030000044
48,quantum/QRE-RBF-ref-SVM,quantum,7,0.3333333333333333,0.45,"{""clf__C"": 1.0, ""clf__gamma_mult"": 4.0}",22.14095030000044
48,quantum/QRE-RBF-ref-SVM,quantum,8,0.8888888888888888,0.8500000000000001,"{""clf__C"": 10.0, ""clf__gamma_mult"": 0.25}",22.14095030000044
48,quantum/QRE-RBF-ref-SVM,quantum,9,0.7777777777777778,0.85,"{""clf__C"": 10.0, ""clf__gamma_mult"": 0.25}",22.14095030000044
48,quantum/QRE-RBF-ref-SVM,quantum,10,0.7777777777777778,0.9,"{""clf__C"": 10.0, ""clf__gamma_mult"": 1.0}",22.14095030000044
48,quantum/QRE-RBF-ref-SVM,quantum,11,0.7777777777777778,0.9,"{""clf__C"": 10.0, ""clf__gamma_mult"": 1.0}",22.14095030000044
48,quantum/QRE-RBF-ref-SVM,quantum,12,0.8888888888888888,0.8500000000000001,"{""clf__C"": 10.0, ""clf__gamma_mult"": 0.25}",22.14095030000044
48,quantum/QRE-RBF-ref-SVM,quantum,13,0.7777777777777778,0.85,"{""clf__C"": 10.0, ""clf__gamma_mult"": 0.25}",22.14095030000044
48,quantum/QRE-RBF-ref-SVM,quantum,14,0.5555555555555556,0.65,"{""clf__C"": 10.0, ""clf__gamma_mult"": 0.25}",22.14095030000044
48,quantum/IQP-kernel-SVM,quantum,0,0.5555555555555556,0.8,"{""clf__C"": 10.0, ""clf__scale"": 0.5}",26.84790950000024
48,quantum/IQP-kernel-SVM,quantum,1,0.6666666666666666,0.75,"{""clf__C"": 1.0, ""clf__scale"": 0.5}",26.84790950000024
48,quantum/IQP-kernel-SVM,quantum,2,0.4444444444444444,0.6000000000000001,"{""clf__C"": 10.0, ""clf__scale"": 0.5}",26.84790950000024
48,quantum/IQP-kernel-SVM,quantum,3,0.5555555555555556,0.7000000000000001,"{""clf__C"": 10.0, ""clf__scale"": 1.0}",26.84790950000024
48,quantum/IQP-kernel-SVM,quantum,4,0.2222222222222222,0.09999999999999998,"{""clf__C"": 10.0, ""clf__scale"": 2.0}",26.84790950000024
48,quantum/IQP-kernel-SVM,quantum,5,0.6666666666666666,0.45000000000000007,"{""clf__C"": 1.0, ""clf__scale"": 0.5}",26.84790950000024
48,quantum/IQP-kernel-SVM,quantum,6,0.7777777777777778,0.85,"{""clf__C"": 1.0, ""clf__scale"": 0.5}",26.84790950000024
48,quantum/IQP-kernel-SVM,quantum,7,0.5555555555555556,0.5,"{""clf__C"": 1.0, ""clf__scale"": 1.0}",26.84790950000024
48,quantum/IQP-kernel-SVM,quantum,8,0.7777777777777778,0.75,"{""clf__C"": 10.0, ""clf__scale"": 1.0}",26.84790950000024
48,quantum/IQP-kernel-SVM,quantum,9,0.6666666666666666,0.75,"{""clf__C"": 10.0, ""clf__scale"": 0.5}",26.84790950000024
48,quantum/IQP-kernel-SVM,quantum,10,0.5555555555555556,0.7,"{""clf__C"": 1.0, ""clf__scale"": 0.5}",26.84790950000024
48,quantum/IQP-kernel-SVM,quantum,11,0.7777777777777778,0.8,"{""clf__C"": 10.0, ""clf__scale"": 0.5}",26.84790950000024
48,quantum/IQP-kernel-SVM,quantum,12,0.5555555555555556,0.8,"{""clf__C"": 1.0, ""clf__scale"": 0.5}",26.84790950000024
48,quantum/IQP-kernel-SVM,quantum,13,0.4444444444444444,0.55,"{""clf__C"": 10.0, ""clf__scale"": 1.0}",26.84790950000024
48,quantum/IQP-kernel-SVM,quantum,14,0.5555555555555556,0.7000000000000001,"{""clf__C"": 10.0, ""clf__scale"": 0.5}",26.84790950000024
48,quantum/CNOT-kernel-SVM,quantum,0,0.4444444444444444,0.55,"{""clf__C"": 1.0, ""clf__scale"": 0.5}",24.87610230000064
48,quantum/CNOT-kernel-SVM,quantum,1,0.4444444444444444,0.6,"{""clf__C"": 10.0, ""clf__scale"": 0.5}",24.87610230000064
48,quantum/CNOT-kernel-SVM,quantum,2,0.5555555555555556,0.5,"{""clf__C"": 10.0, ""clf__scale"": 0.5}",24.87610230000064
48,quantum/CNOT-kernel-SVM,quantum,3,0.6666666666666666,0.9,"{""clf__C"": 10.0, ""clf__scale"": 2.0}",24.87610230000064
48,quantum/CNOT-kernel-SVM,quantum,4,0.4444444444444444,0.6000000000000001,"{""clf__C"": 1.0, ""clf__scale"": 1.0}",24.87610230000064
48,quantum/CNOT-kernel-SVM,quantum,5,0.5555555555555556,0.75,"{""clf__C"": 10.0, ""clf__scale"": 0.5}",24.87610230000064
48,quantum/CNOT-kernel-SVM,quantum,6,0.6666666666666666,0.65,"{""clf__C"": 1.0, ""clf__scale"": 0.5}",24.87610230000064
48,quantum/CNOT-kernel-SVM,quantum,7,0.5555555555555556,0.5,"{""clf__C"": 10.0, ""clf__scale"": 0.5}",24.87610230000064
48,quantum/CNOT-kernel-SVM,quantum,8,0.5555555555555556,0.39999999999999997,"{""clf__C"": 10.0, ""clf__scale"": 2.0}",24.87610230000064
48,quantum/CNOT-kernel-SVM,quantum,9,0.4444444444444444,0.5,"{""clf__C"": 1.0, ""clf__scale"": 1.0}",24.87610230000064
48,quantum/CNOT-kernel-SVM,quantum,10,0.5555555555555556,0.45,"{""clf__C"": 1.0, ""clf__scale"": 2.0}",24.87610230000064
48,quantum/CNOT-kernel-SVM,quantum,11,0.4444444444444444,0.4,"{""clf__C"": 10.0, ""clf__scale"": 2.0}",24.87610230000064
48,quantum/CNOT-kernel-SVM,quantum,12,0.4444444444444444,0.65,"{""clf__C"": 1.0, ""clf__scale"": 1.0}",24.87610230000064
48,quantum/CNOT-kernel-SVM,quantum,13,0.6666666666666666,0.85,"{""clf__C"": 10.0, ""clf__scale"": 0.5}",24.87610230000064
48,quantum/CNOT-kernel-SVM,quantum,14,0.4444444444444444,0.4,"{""clf__C"": 1.0, ""clf__scale"": 0.5}",24.87610230000064
48,control/IQP-no-entangle,control,0,0.6666666666666666,0.65,"{""clf__C"": 10.0, ""clf__scale"": 0.5}",23.369860300000255
48,control/IQP-no-entangle,control,1,0.5555555555555556,0.65,"{""clf__C"": 10.0, ""clf__scale"": 0.5}",23.369860300000255
48,control/IQP-no-entangle,control,2,0.4444444444444444,0.55,"{""clf__C"": 10.0, ""clf__scale"": 0.5}",23.369860300000255
48,control/IQP-no-entangle,control,3,0.5555555555555556,0.75,"{""clf__C"": 1.0, ""clf__scale"": 1.0}",23.369860300000255
48,control/IQP-no-entangle,control,4,0.3333333333333333,0.5,"{""clf__C"": 10.0, ""clf__scale"": 1.0}",23.369860300000255
48,control/IQP-no-entangle,control,5,0.6666666666666666,0.75,"{""clf__C"": 1.0, ""clf__scale"": 0.5}",23.369860300000255
48,control/IQP-no-entangle,control,6,0.6666666666666666,0.7,"{""clf__C"": 1.0, ""clf__scale"": 0.5}",23.369860300000255
48,control/IQP-no-entangle,control,7,0.5555555555555556,0.45,"{""clf__C"": 10.0, ""clf__scale"": 0.5}",23.369860300000255
48,control/IQP-no-entangle,control,8,0.7777777777777778,0.9,"{""clf__C"": 10.0, ""clf__scale"": 1.0}",23.369860300000255
48,control/IQP-no-entangle,control,9,0.4444444444444444,0.45,"{""clf__C"": 1.0, ""clf__scale"": 1.0}",23.369860300000255
48,control/IQP-no-entangle,control,10,0.5555555555555556,0.55,"{""clf__C"": 10.0, ""clf__scale"": 0.5}",23.369860300000255
48,control/IQP-no-entangle,control,11,0.3333333333333333,0.25,"{""clf__C"": 10.0, ""clf__scale"": 2.0}",23.369860300000255
48,control/IQP-no-entangle,control,12,0.4444444444444444,0.6,"{""clf__C"": 1.0, ""clf__scale"": 1.0}",23.369860300000255
48,control/IQP-no-entangle,control,13,0.5555555555555556,0.7000000000000001,"{""clf__C"": 1.0, ""clf__scale"": 1.0}",23.369860300000255
48,control/IQP-no-entangle,control,14,0.5555555555555556,0.55,"{""clf__C"": 1.0, ""clf__scale"": 0.5}",23.369860300000255
48,control/PCA-matched-RBF,control,0,0.4444444444444444,0.45,"{""clf__C"": 1.0, ""clf__gamma"": ""scale""}",19.78490149999925
48,control/PCA-matched-RBF,control,1,0.4444444444444444,0.6000000000000001,"{""clf__C"": 10.0, ""clf__gamma"": ""scale""}",19.78490149999925
48,control/PCA-matched-RBF,control,2,0.4444444444444444,0.55,"{""clf__C"": 1.0, ""clf__gamma"": ""scale""}",19.78490149999925
48,control/PCA-matched-RBF,control,3,0.5555555555555556,0.7,"{""clf__C"": 1.0, ""clf__gamma"": ""scale""}",19.78490149999925
48,control/PCA-matched-RBF,control,4,0.3333333333333333,0.5,"{""clf__C"": 10.0, ""clf__gamma"": ""scale""}",19.78490149999925
48,control/PCA-matched-RBF,control,5,0.6666666666666666,0.8,"{""clf__C"": 1.0, ""clf__gamma"": 0.1}",19.78490149999925
48,control/PCA-matched-RBF,control,6,0.5555555555555556,0.6,"{""clf__C"": 10.0, ""clf__gamma"": 0.01}",19.78490149999925
48,control/PCA-matched-RBF,control,7,0.5555555555555556,0.55,"{""clf__C"": 1.0, ""clf__gamma"": 0.1}",19.78490149999925
48,control/PCA-matched-RBF,control,8,0.5555555555555556,0.7000000000000001,"{""clf__C"": 10.0, ""clf__gamma"": 0.01}",19.78490149999925
48,control/PCA-matched-RBF,control,9,0.5555555555555556,0.5,"{""clf__C"": 10.0, ""clf__gamma"": ""scale""}",19.78490149999925
48,control/PCA-matched-RBF,control,10,0.5555555555555556,0.6000000000000001,"{""clf__C"": 1.0, ""clf__gamma"": ""scale""}",19.78490149999925
48,control/PCA-matched-RBF,control,11,0.8888888888888888,0.85,"{""clf__C"": 1.0, ""clf__gamma"": 0.1}",19.78490149999925
48,control/PCA-matched-RBF,control,12,0.4444444444444444,0.65,"{""clf__C"": 10.0, ""clf__gamma"": ""scale""}",19.78490149999925
48,control/PCA-matched-RBF,control,13,0.5555555555555556,0.75,"{""clf__C"": 1.0, ""clf__gamma"": 0.1}",19.78490149999925
48,control/PCA-matched-RBF,control,14,0.3333333333333333,0.39999999999999997,"{""clf__C"": 1.0, ""clf__gamma"": ""scale""}",19.78490149999925
48,control/PCA-matched-linear,control,0,0.6666666666666666,0.44999999999999996,"{""clf__C"": 10.0}",7.115731300000334
48,control/PCA-matched-linear,control,1,0.5555555555555556,0.75,"{""clf__C"": 0.1}",7.115731300000334
48,control/PCA-matched-linear,control,2,0.5555555555555556,0.7,"{""clf__C"": 10.0}",7.115731300000334
48,control/PCA-matched-linear,control,3,0.4444444444444444,0.6500000000000001,"{""clf__C"": 1.0}",7.115731300000334
48,control/PCA-matched-linear,control,4,0.5555555555555556,0.6,"{""clf__C"": 10.0}",7.115731300000334
48,control/PCA-matched-linear,control,5,0.6666666666666666,0.85,"{""clf__C"": 0.1}",7.115731300000334
48,control/PCA-matched-linear,control,6,0.6666666666666666,0.7,"{""clf__C"": 0.1}",7.115731300000334
48,control/PCA-matched-linear,control,7,0.3333333333333333,0.5,"{""clf__C"": 0.1}",7.115731300000334
48,control/PCA-matched-linear,control,8,0.7777777777777778,0.8,"{""clf__C"": 10.0}",7.115731300000334
48,control/PCA-matched-linear,control,9,0.4444444444444444,0.6,"{""clf__C"": 1.0}",7.115731300000334
48,control/PCA-matched-linear,control,10,0.6666666666666666,0.75,"{""clf__C"": 10.0}",7.115731300000334
48,control/PCA-matched-linear,control,11,0.6666666666666666,0.9,"{""clf__C"": 10.0}",7.115731300000334
48,control/PCA-matched-linear,control,12,0.4444444444444444,0.7,"{""clf__C"": 10.0}",7.115731300000334
48,control/PCA-matched-linear,control,13,0.6666666666666666,0.75,"{""clf__C"": 0.1}",7.115731300000334
48,control/PCA-matched-linear,control,14,0.4444444444444444,0.49999999999999994,"{""clf__C"": 0.1}",7.115731300000334
48,control/logeuclid-TS+LR,control,0,0.5555555555555556,0.7,"{""clf__C"": 1.0}",5.120978299999479
48,control/logeuclid-TS+LR,control,1,0.6666666666666666,0.7000000000000001,"{""clf__C"": 1.0}",5.120978299999479
48,control/logeuclid-TS+LR,control,2,0.7777777777777778,0.8,"{""clf__C"": 0.1}",5.120978299999479
48,control/logeuclid-TS+LR,control,3,0.3333333333333333,0.5,"{""clf__C"": 10.0}",5.120978299999479
48,control/logeuclid-TS+LR,control,4,0.4444444444444444,0.5,"{""clf__C"": 1.0}",5.120978299999479
48,control/logeuclid-TS+LR,control,5,0.6666666666666666,0.7,"{""clf__C"": 10.0}",5.120978299999479
48,control/logeuclid-TS+LR,control,6,0.5555555555555556,0.7,"{""clf__C"": 10.0}",5.120978299999479
48,control/logeuclid-TS+LR,control,7,0.3333333333333333,0.4,"{""clf__C"": 1.0}",5.120978299999479
48,control/logeuclid-TS+LR,control,8,0.7777777777777778,0.75,"{""clf__C"": 1.0}",5.120978299999479
48,control/logeuclid-TS+LR,control,9,0.3333333333333333,0.5499999999999999,"{""clf__C"": 10.0}",5.120978299999479
48,control/logeuclid-TS+LR,control,10,0.6666666666666666,0.7,"{""clf__C"": 1.0}",5.120978299999479
48,control/logeuclid-TS+LR,control,11,0.7777777777777778,0.8,"{""clf__C"": 1.0}",5.120978299999479
48,control/logeuclid-TS+LR,control,12,0.5555555555555556,0.55,"{""clf__C"": 10.0}",5.120978299999479
48,control/logeuclid-TS+LR,control,13,0.6666666666666666,0.6499999999999999,"{""clf__C"": 1.0}",5.120978299999479
48,control/logeuclid-TS+LR,control,14,0.6666666666666666,0.4,"{""clf__C"": 0.1}",5.120978299999479
48,control/riemann-kernel-SVM,control,0,0.7777777777777778,1.0,"{""clf__C"": 1.0}",7.04876940000031
48,control/riemann-kernel-SVM,control,1,0.7777777777777778,0.9,"{""clf__C"": 1.0}",7.04876940000031
48,control/riemann-kernel-SVM,control,2,0.6666666666666666,1.0,"{""clf__C"": 1.0}",7.04876940000031
48,control/riemann-kernel-SVM,control,3,0.6666666666666666,0.75,"{""clf__C"": 0.1}",7.04876940000031
48,control/riemann-kernel-SVM,control,4,0.6666666666666666,0.8,"{""clf__C"": 1.0}",7.04876940000031
48,control/riemann-kernel-SVM,control,5,0.7777777777777778,1.0,"{""clf__C"": 1.0}",7.04876940000031
48,control/riemann-kernel-SVM,control,6,0.7777777777777778,0.95,"{""clf__C"": 1.0}",7.04876940000031
48,control/riemann-kernel-SVM,control,7,0.5555555555555556,0.75,"{""clf__C"": 1.0}",7.04876940000031
48,control/riemann-kernel-SVM,control,8,0.8888888888888888,1.0,"{""clf__C"": 1.0}",7.04876940000031
48,control/riemann-kernel-SVM,control,9,0.8888888888888888,1.0,"{""clf__C"": 1.0}",7.04876940000031
48,control/riemann-kernel-SVM,control,10,0.7777777777777778,0.85,"{""clf__C"": 1.0}",7.04876940000031
48,control/riemann-kernel-SVM,control,11,0.7777777777777778,0.95,"{""clf__C"": 1.0}",7.04876940000031
48,control/riemann-kernel-SVM,control,12,1.0,1.0,"{""clf__C"": 1.0}",7.04876940000031
48,control/riemann-kernel-SVM,control,13,0.8888888888888888,1.0,"{""clf__C"": 1.0}",7.04876940000031
48,control/riemann-kernel-SVM,control,14,0.5555555555555556,0.6,"{""clf__C"": 0.1}",7.04876940000031
48,control/logeuclid-kernel-SVM,control,0,1.0,1.0,"{""clf__C"": 1.0}",6.892987300000641
48,control/logeuclid-kernel-SVM,control,1,0.7777777777777778,0.85,"{""clf__C"": 10.0}",6.892987300000641
48,control/logeuclid-kernel-SVM,control,2,0.6666666666666666,1.0,"{""clf__C"": 1.0}",6.892987300000641
48,control/logeuclid-kernel-SVM,control,3,0.7777777777777778,1.0,"{""clf__C"": 1.0}",6.892987300000641
48,control/logeuclid-kernel-SVM,control,4,0.6666666666666666,0.8,"{""clf__C"": 1.0}",6.892987300000641
48,control/logeuclid-kernel-SVM,control,5,0.8888888888888888,1.0,"{""clf__C"": 1.0}",6.892987300000641
48,control/logeuclid-kernel-SVM,control,6,0.8888888888888888,0.95,"{""clf__C"": 1.0}",6.892987300000641
48,control/logeuclid-kernel-SVM,control,7,0.5555555555555556,0.75,"{""clf__C"": 1.0}",6.892987300000641
48,control/logeuclid-kernel-SVM,control,8,0.8888888888888888,1.0,"{""clf__C"": 1.0}",6.892987300000641
48,control/logeuclid-kernel-SVM,control,9,0.8888888888888888,1.0,"{""clf__C"": 1.0}",6.892987300000641
48,control/logeuclid-kernel-SVM,control,10,0.7777777777777778,0.9,"{""clf__C"": 1.0}",6.892987300000641
48,control/logeuclid-kernel-SVM,control,11,0.8888888888888888,1.0,"{""clf__C"": 1.0}",6.892987300000641
48,control/logeuclid-kernel-SVM,control,12,0.8888888888888888,0.95,"{""clf__C"": 1.0}",6.892987300000641
48,control/logeuclid-kernel-SVM,control,13,0.8888888888888888,1.0,"{""clf__C"": 10.0}",6.892987300000641
48,control/logeuclid-kernel-SVM,control,14,0.8888888888888888,1.0,"{""clf__C"": 1.0}",6.892987300000641
49,classical/logvar+LDA,classical,0,0.7777777777777778,0.75,{},0.11274580000008427
49,classical/logvar+LDA,classical,1,0.7777777777777778,0.8,{},0.11274580000008427
49,classical/logvar+LDA,classical,2,0.6666666666666666,0.85,{},0.11274580000008427
49,classical/logvar+LDA,classical,3,0.7777777777777778,0.9,{},0.11274580000008427
49,classical/logvar+LDA,classical,4,0.5555555555555556,0.4,{},0.11274580000008427
49,classical/logvar+LDA,classical,5,0.8888888888888888,0.8500000000000001,{},0.11274580000008427
49,classical/logvar+LDA,classical,6,0.6666666666666666,0.6500000000000001,{},0.11274580000008427
49,classical/logvar+LDA,classical,7,0.7777777777777778,0.8,{},0.11274580000008427
49,classical/logvar+LDA,classical,8,0.4444444444444444,0.55,{},0.11274580000008427
49,classical/logvar+LDA,classical,9,0.6666666666666666,0.75,{},0.11274580000008427
49,classical/logvar+LDA,classical,10,0.6666666666666666,0.7,{},0.11274580000008427
49,classical/logvar+LDA,classical,11,0.7777777777777778,0.85,{},0.11274580000008427
49,classical/logvar+LDA,classical,12,0.6666666666666666,0.75,{},0.11274580000008427
49,classical/logvar+LDA,classical,13,0.6666666666666666,0.75,{},0.11274580000008427
49,classical/logvar+LDA,classical,14,0.4444444444444444,0.55,{},0.11274580000008427
49,classical/CSP+LDA,classical,0,0.8888888888888888,0.9500000000000001,"{""csp__nfilter"": 4}",4.1983227000000625
49,classical/CSP+LDA,classical,1,0.8888888888888888,0.9500000000000001,"{""csp__nfilter"": 6}",4.1983227000000625
49,classical/CSP+LDA,classical,2,0.6666666666666666,0.8,"{""csp__nfilter"": 6}",4.1983227000000625
49,classical/CSP+LDA,classical,3,0.8888888888888888,1.0,"{""csp__nfilter"": 6}",4.1983227000000625
49,classical/CSP+LDA,classical,4,0.7777777777777778,0.9,"{""csp__nfilter"": 6}",4.1983227000000625
49,classical/CSP+LDA,classical,5,0.7777777777777778,0.9,"{""csp__nfilter"": 2}",4.1983227000000625
49,classical/CSP+LDA,classical,6,0.8888888888888888,1.0,"{""csp__nfilter"": 6}",4.1983227000000625
49,classical/CSP+LDA,classical,7,0.8888888888888888,1.0,"{""csp__nfilter"": 6}",4.1983227000000625
49,classical/CSP+LDA,classical,8,0.8888888888888888,1.0,"{""csp__nfilter"": 6}",4.1983227000000625
49,classical/CSP+LDA,classical,9,0.6666666666666666,0.6500000000000001,"{""csp__nfilter"": 4}",4.1983227000000625
49,classical/CSP+LDA,classical,10,1.0,1.0,"{""csp__nfilter"": 4}",4.1983227000000625
49,classical/CSP+LDA,classical,11,0.8888888888888888,1.0,"{""csp__nfilter"": 6}",4.1983227000000625
49,classical/CSP+LDA,classical,12,0.8888888888888888,0.9500000000000001,"{""csp__nfilter"": 4}",4.1983227000000625
49,classical/CSP+LDA,classical,13,0.8888888888888888,0.95,"{""csp__nfilter"": 6}",4.1983227000000625
49,classical/CSP+LDA,classical,14,0.7777777777777778,0.7,"{""csp__nfilter"": 4}",4.1983227000000625
49,classical/MDM,classical,0,0.7777777777777778,0.9500000000000001,{},0.6642316999996183
49,classical/MDM,classical,1,0.8888888888888888,1.0,{},0.6642316999996183
49,classical/MDM,classical,2,0.7777777777777778,0.8,{},0.6642316999996183
49,classical/MDM,classical,3,1.0,1.0,{},0.6642316999996183
49,classical/MDM,classical,4,0.8888888888888888,0.8500000000000001,{},0.6642316999996183
49,classical/MDM,classical,5,1.0,1.0,{},0.6642316999996183
49,classical/MDM,classical,6,0.7777777777777778,0.9,{},0.6642316999996183
49,classical/MDM,classical,7,0.8888888888888888,0.9500000000000001,{},0.6642316999996183
49,classical/MDM,classical,8,0.8888888888888888,1.0,{},0.6642316999996183
49,classical/MDM,classical,9,0.6666666666666666,0.7000000000000001,{},0.6642316999996183
49,classical/MDM,classical,10,1.0,1.0,{},0.6642316999996183
49,classical/MDM,classical,11,0.8888888888888888,1.0,{},0.6642316999996183
49,classical/MDM,classical,12,0.8888888888888888,0.9500000000000001,{},0.6642316999996183
49,classical/MDM,classical,13,0.7777777777777778,0.95,{},0.6642316999996183
49,classical/MDM,classical,14,0.6666666666666666,0.7,{},0.6642316999996183
49,classical/TS+LR,classical,0,0.8888888888888888,1.0,"{""clf__C"": 0.1}",6.840675000000374
49,classical/TS+LR,classical,1,0.8888888888888888,1.0,"{""clf__C"": 0.1}",6.840675000000374
49,classical/TS+LR,classical,2,0.5555555555555556,0.6000000000000001,"{""clf__C"": 10.0}",6.840675000000374
49,classical/TS+LR,classical,3,0.8888888888888888,0.95,"{""clf__C"": 0.1}",6.840675000000374
49,classical/TS+LR,classical,4,0.8888888888888888,0.8500000000000001,"{""clf__C"": 1.0}",6.840675000000374
49,classical/TS+LR,classical,5,0.8888888888888888,0.9500000000000001,"{""clf__C"": 0.1}",6.840675000000374
49,classical/TS+LR,classical,6,0.8888888888888888,1.0,"{""clf__C"": 0.1}",6.840675000000374
49,classical/TS+LR,classical,7,0.8888888888888888,0.9500000000000001,"{""clf__C"": 0.1}",6.840675000000374
49,classical/TS+LR,classical,8,0.8888888888888888,0.8500000000000001,"{""clf__C"": 0.1}",6.840675000000374
49,classical/TS+LR,classical,9,0.6666666666666666,0.8,"{""clf__C"": 1.0}",6.840675000000374
49,classical/TS+LR,classical,10,0.7777777777777778,0.85,"{""clf__C"": 0.1}",6.840675000000374
49,classical/TS+LR,classical,11,0.8888888888888888,1.0,"{""clf__C"": 0.1}",6.840675000000374
49,classical/TS+LR,classical,12,1.0,1.0,"{""clf__C"": 0.1}",6.840675000000374
49,classical/TS+LR,classical,13,0.7777777777777778,0.95,"{""clf__C"": 10.0}",6.840675000000374
49,classical/TS+LR,classical,14,0.8888888888888888,0.8500000000000001,"{""clf__C"": 1.0}",6.840675000000374
49,classical/TS+RBF-SVM,classical,0,0.7777777777777778,1.0,"{""clf__C"": 10.0, ""clf__gamma"": ""scale""}",17.897428999999647
49,classical/TS+RBF-SVM,classical,1,0.8888888888888888,1.0,"{""clf__C"": 1.0, ""clf__gamma"": ""scale""}",17.897428999999647
49,classical/TS+RBF-SVM,classical,2,0.7777777777777778,0.6000000000000001,"{""clf__C"": 10.0, ""clf__gamma"": ""scale""}",17.897428999999647
49,classical/TS+RBF-SVM,classical,3,0.6666666666666666,0.95,"{""clf__C"": 1.0, ""clf__gamma"": ""scale""}",17.897428999999647
49,classical/TS+RBF-SVM,classical,4,0.8888888888888888,0.8500000000000001,"{""clf__C"": 10.0, ""clf__gamma"": ""scale""}",17.897428999999647
49,classical/TS+RBF-SVM,classical,5,0.8888888888888888,0.9500000000000001,"{""clf__C"": 10.0, ""clf__gamma"": ""scale""}",17.897428999999647
49,classical/TS+RBF-SVM,classical,6,0.6666666666666666,1.0,"{""clf__C"": 10.0, ""clf__gamma"": ""scale""}",17.897428999999647
49,classical/TS+RBF-SVM,classical,7,0.8888888888888888,0.9500000000000001,"{""clf__C"": 1.0, ""clf__gamma"": 0.01}",17.897428999999647
49,classical/TS+RBF-SVM,classical,8,0.8888888888888888,0.8500000000000001,"{""clf__C"": 10.0, ""clf__gamma"": ""scale""}",17.897428999999647
49,classical/TS+RBF-SVM,classical,9,0.7777777777777778,0.9,"{""clf__C"": 1.0, ""clf__gamma"": 0.01}",17.897428999999647
49,classical/TS+RBF-SVM,classical,10,0.7777777777777778,0.8,"{""clf__C"": 1.0, ""clf__gamma"": ""scale""}",17.897428999999647
49,classical/TS+RBF-SVM,classical,11,0.8888888888888888,1.0,"{""clf__C"": 10.0, ""clf__gamma"": ""scale""}",17.897428999999647
49,classical/TS+RBF-SVM,classical,12,1.0,1.0,"{""clf__C"": 1.0, ""clf__gamma"": ""scale""}",17.897428999999647
49,classical/TS+RBF-SVM,classical,13,0.7777777777777778,0.95,"{""clf__C"": 10.0, ""clf__gamma"": ""scale""}",17.897428999999647
49,classical/TS+RBF-SVM,classical,14,0.7777777777777778,0.8500000000000001,"{""clf__C"": 1.0, ""clf__gamma"": ""scale""}",17.897428999999647
49,quantum/HS-overlap-SVM,quantum,0,0.5555555555555556,0.75,"{""clf__C"": 10.0}",4.422085000000152
49,quantum/HS-overlap-SVM,quantum,1,0.6666666666666666,0.44999999999999996,"{""clf__C"": 10.0}",4.422085000000152
49,quantum/HS-overlap-SVM,quantum,2,0.6666666666666666,0.6,"{""clf__C"": 0.1}",4.422085000000152
49,quantum/HS-overlap-SVM,quantum,3,0.4444444444444444,0.6,"{""clf__C"": 0.1}",4.422085000000152
49,quantum/HS-overlap-SVM,quantum,4,0.5555555555555556,0.85,"{""clf__C"": 10.0}",4.422085000000152
49,quantum/HS-overlap-SVM,quantum,5,0.5555555555555556,0.8,"{""clf__C"": 10.0}",4.422085000000152
49,quantum/HS-overlap-SVM,quantum,6,0.7777777777777778,0.9500000000000001,"{""clf__C"": 0.1}",4.422085000000152
49,quantum/HS-overlap-SVM,quantum,7,0.5555555555555556,0.5,"{""clf__C"": 10.0}",4.422085000000152
49,quantum/HS-overlap-SVM,quantum,8,0.4444444444444444,0.6000000000000001,"{""clf__C"": 10.0}",4.422085000000152
49,quantum/HS-overlap-SVM,quantum,9,0.4444444444444444,0.7,"{""clf__C"": 10.0}",4.422085000000152
49,quantum/HS-overlap-SVM,quantum,10,0.8888888888888888,0.8,"{""clf__C"": 0.1}",4.422085000000152
49,quantum/HS-overlap-SVM,quantum,11,0.4444444444444444,0.5,"{""clf__C"": 10.0}",4.422085000000152
49,quantum/HS-overlap-SVM,quantum,12,0.5555555555555556,0.75,"{""clf__C"": 10.0}",4.422085000000152
49,quantum/HS-overlap-SVM,quantum,13,0.4444444444444444,0.7500000000000001,"{""clf__C"": 0.1}",4.422085000000152
49,quantum/HS-overlap-SVM,quantum,14,0.4444444444444444,0.5,"{""clf__C"": 10.0}",4.422085000000152
49,quantum/Fidelity-SVM,quantum,0,0.7777777777777778,0.9,"{""clf__C"": 10.0}",7.578741899999841
49,quantum/Fidelity-SVM,quantum,1,0.6666666666666666,0.8,"{""clf__C"": 10.0}",7.578741899999841
49,quantum/Fidelity-SVM,quantum,2,0.6666666666666666,0.7,"{""clf__C"": 0.1}",7.578741899999841
49,quantum/Fidelity-SVM,quantum,3,0.4444444444444444,1.0,"{""clf__C"": 10.0}",7.578741899999841
49,quantum/Fidelity-SVM,quantum,4,0.6666666666666666,0.75,"{""clf__C"": 10.0}",7.578741899999841
49,quantum/Fidelity-SVM,quantum,5,0.6666666666666666,1.0,"{""clf__C"": 10.0}",7.578741899999841
49,quantum/Fidelity-SVM,quantum,6,1.0,1.0,"{""clf__C"": 10.0}",7.578741899999841
49,quantum/Fidelity-SVM,quantum,7,0.5555555555555556,0.7000000000000001,"{""clf__C"": 10.0}",7.578741899999841
49,quantum/Fidelity-SVM,quantum,8,0.6666666666666666,0.75,"{""clf__C"": 10.0}",7.578741899999841
49,quantum/Fidelity-SVM,quantum,9,0.5555555555555556,0.7,"{""clf__C"": 10.0}",7.578741899999841
49,quantum/Fidelity-SVM,quantum,10,0.8888888888888888,1.0,"{""clf__C"": 0.1}",7.578741899999841
49,quantum/Fidelity-SVM,quantum,11,0.7777777777777778,0.75,"{""clf__C"": 10.0}",7.578741899999841
49,quantum/Fidelity-SVM,quantum,12,0.7777777777777778,0.9,"{""clf__C"": 10.0}",7.578741899999841
49,quantum/Fidelity-SVM,quantum,13,0.5555555555555556,0.8,"{""clf__C"": 10.0}",7.578741899999841
49,quantum/Fidelity-SVM,quantum,14,0.4444444444444444,0.6500000000000001,"{""clf__C"": 10.0}",7.578741899999841
49,quantum/HS-RBF-SVM,quantum,0,0.7777777777777778,0.8,"{""clf__C"": 10.0, ""clf__gamma_mult"": 0.25}",12.32740880000074
49,quantum/HS-RBF-SVM,quantum,1,0.6666666666666666,0.6500000000000001,"{""clf__C"": 10.0, ""clf__gamma_mult"": 0.25}",12.32740880000074
49,quantum/HS-RBF-SVM,quantum,2,0.4444444444444444,0.6,"{""clf__C"": 10.0, ""clf__gamma_mult"": 4.0}",12.32740880000074
49,quantum/HS-RBF-SVM,quantum,3,0.5555555555555556,0.6,"{""clf__C"": 10.0, ""clf__gamma_mult"": 0.25}",12.32740880000074
49,quantum/HS-RBF-SVM,quantum,4,0.5555555555555556,0.85,"{""clf__C"": 1.0, ""clf__gamma_mult"": 1.0}",12.32740880000074
49,quantum/HS-RBF-SVM,quantum,5,0.5555555555555556,0.55,"{""clf__C"": 10.0, ""clf__gamma_mult"": 4.0}",12.32740880000074
49,quantum/HS-RBF-SVM,quantum,6,0.8888888888888888,0.8500000000000001,"{""clf__C"": 10.0, ""clf__gamma_mult"": 4.0}",12.32740880000074
49,quantum/HS-RBF-SVM,quantum,7,0.6666666666666666,0.7,"{""clf__C"": 10.0, ""clf__gamma_mult"": 0.25}",12.32740880000074
49,quantum/HS-RBF-SVM,quantum,8,0.8888888888888888,0.8,"{""clf__C"": 10.0, ""clf__gamma_mult"": 0.25}",12.32740880000074
49,quantum/HS-RBF-SVM,quantum,9,0.7777777777777778,0.75,"{""clf__C"": 10.0, ""clf__gamma_mult"": 0.25}",12.32740880000074
49,quantum/HS-RBF-SVM,quantum,10,0.4444444444444444,0.30000000000000004,"{""clf__C"": 10.0, ""clf__gamma_mult"": 4.0}",12.32740880000074
49,quantum/HS-RBF-SVM,quantum,11,0.7777777777777778,0.75,"{""clf__C"": 10.0, ""clf__gamma_mult"": 0.25}",12.32740880000074
49,quantum/HS-RBF-SVM,quantum,12,0.6666666666666666,0.8,"{""clf__C"": 1.0, ""clf__gamma_mult"": 4.0}",12.32740880000074
49,quantum/HS-RBF-SVM,quantum,13,0.7777777777777778,0.8500000000000001,"{""clf__C"": 10.0, ""clf__gamma_mult"": 0.25}",12.32740880000074
49,quantum/HS-RBF-SVM,quantum,14,0.5555555555555556,0.6000000000000001,"{""clf__C"": 10.0, ""clf__gamma_mult"": 4.0}",12.32740880000074
49,quantum/Bures-RBF-SVM,quantum,0,1.0,1.0,"{""clf__C"": 10.0, ""clf__gamma_mult"": 0.25}",19.907806700000037
49,quantum/Bures-RBF-SVM,quantum,1,0.7777777777777778,0.8,"{""clf__C"": 10.0, ""clf__gamma_mult"": 0.25}",19.907806700000037
49,quantum/Bures-RBF-SVM,quantum,2,0.6666666666666666,0.8,"{""clf__C"": 10.0, ""clf__gamma_mult"": 0.25}",19.907806700000037
49,quantum/Bures-RBF-SVM,quantum,3,0.8888888888888888,0.95,"{""clf__C"": 10.0, ""clf__gamma_mult"": 0.25}",19.907806700000037
49,quantum/Bures-RBF-SVM,quantum,4,0.7777777777777778,0.95,"{""clf__C"": 10.0, ""clf__gamma_mult"": 0.25}",19.907806700000037
49,quantum/Bures-RBF-SVM,quantum,5,0.8888888888888888,1.0,"{""clf__C"": 10.0, ""clf__gamma_mult"": 0.25}",19.907806700000037
49,quantum/Bures-RBF-SVM,quantum,6,0.8888888888888888,1.0,"{""clf__C"": 10.0, ""clf__gamma_mult"": 0.25}",19.907806700000037
49,quantum/Bures-RBF-SVM,quantum,7,0.8888888888888888,0.9500000000000001,"{""clf__C"": 10.0, ""clf__gamma_mult"": 0.25}",19.907806700000037
49,quantum/Bures-RBF-SVM,quantum,8,0.7777777777777778,0.9,"{""clf__C"": 10.0, ""clf__gamma_mult"": 0.25}",19.907806700000037
49,quantum/Bures-RBF-SVM,quantum,9,0.7777777777777778,0.9,"{""clf__C"": 10.0, ""clf__gamma_mult"": 0.25}",19.907806700000037
49,quantum/Bures-RBF-SVM,quantum,10,0.8888888888888888,0.9500000000000001,"{""clf__C"": 10.0, ""clf__gamma_mult"": 0.25}",19.907806700000037
49,quantum/Bures-RBF-SVM,quantum,11,0.8888888888888888,0.8,"{""clf__C"": 10.0, ""clf__gamma_mult"": 0.25}",19.907806700000037
49,quantum/Bures-RBF-SVM,quantum,12,0.8888888888888888,1.0,"{""clf__C"": 10.0, ""clf__gamma_mult"": 0.25}",19.907806700000037
49,quantum/Bures-RBF-SVM,quantum,13,0.8888888888888888,0.95,"{""clf__C"": 10.0, ""clf__gamma_mult"": 0.25}",19.907806700000037
49,quantum/Bures-RBF-SVM,quantum,14,0.7777777777777778,0.8500000000000001,"{""clf__C"": 10.0, ""clf__gamma_mult"": 0.25}",19.907806700000037
49,quantum/QRE-RBF-SVM,quantum,0,1.0,1.0,"{""clf__C"": 10.0, ""clf__gamma_mult"": 0.25}",14.618887300000097
49,quantum/QRE-RBF-SVM,quantum,1,0.7777777777777778,0.85,"{""clf__C"": 10.0, ""clf__gamma_mult"": 0.25}",14.618887300000097
49,quantum/QRE-RBF-SVM,quantum,2,0.6666666666666666,0.9,"{""clf__C"": 10.0, ""clf__gamma_mult"": 0.25}",14.618887300000097
49,quantum/QRE-RBF-SVM,quantum,3,0.7777777777777778,0.95,"{""clf__C"": 10.0, ""clf__gamma_mult"": 0.25}",14.618887300000097
49,quantum/QRE-RBF-SVM,quantum,4,0.7777777777777778,0.95,"{""clf__C"": 10.0, ""clf__gamma_mult"": 0.25}",14.618887300000097
49,quantum/QRE-RBF-SVM,quantum,5,1.0,1.0,"{""clf__C"": 10.0, ""clf__gamma_mult"": 0.25}",14.618887300000097
49,quantum/QRE-RBF-SVM,quantum,6,0.8888888888888888,1.0,"{""clf__C"": 10.0, ""clf__gamma_mult"": 0.25}",14.618887300000097
49,quantum/QRE-RBF-SVM,quantum,7,0.8888888888888888,0.9500000000000001,"{""clf__C"": 10.0, ""clf__gamma_mult"": 0.25}",14.618887300000097
49,quantum/QRE-RBF-SVM,quantum,8,0.7777777777777778,0.9,"{""clf__C"": 10.0, ""clf__gamma_mult"": 0.25}",14.618887300000097
49,quantum/QRE-RBF-SVM,quantum,9,0.7777777777777778,0.9,"{""clf__C"": 10.0, ""clf__gamma_mult"": 0.25}",14.618887300000097
49,quantum/QRE-RBF-SVM,quantum,10,0.8888888888888888,0.9500000000000001,"{""clf__C"": 10.0, ""clf__gamma_mult"": 0.25}",14.618887300000097
49,quantum/QRE-RBF-SVM,quantum,11,0.8888888888888888,0.85,"{""clf__C"": 10.0, ""clf__gamma_mult"": 0.25}",14.618887300000097
49,quantum/QRE-RBF-SVM,quantum,12,0.8888888888888888,1.0,"{""clf__C"": 10.0, ""clf__gamma_mult"": 0.25}",14.618887300000097
49,quantum/QRE-RBF-SVM,quantum,13,0.8888888888888888,0.95,"{""clf__C"": 10.0, ""clf__gamma_mult"": 0.25}",14.618887300000097
49,quantum/QRE-RBF-SVM,quantum,14,0.7777777777777778,0.8,"{""clf__C"": 10.0, ""clf__gamma_mult"": 0.25}",14.618887300000097
49,quantum/HS-overlap-ref-SVM,quantum,0,0.8888888888888888,1.0,"{""clf__C"": 10.0}",6.633518699999513
49,quantum/HS-overlap-ref-SVM,quantum,1,0.8888888888888888,1.0,"{""clf__C"": 10.0}",6.633518699999513
49,quantum/HS-overlap-ref-SVM,quantum,2,0.7777777777777778,0.6,"{""clf__C"": 10.0}",6.633518699999513
49,quantum/HS-overlap-ref-SVM,quantum,3,1.0,1.0,"{""clf__C"": 10.0}",6.633518699999513
49,quantum/HS-overlap-ref-SVM,quantum,4,0.8888888888888888,0.9,"{""clf__C"": 10.0}",6.633518699999513
49,quantum/HS-overlap-ref-SVM,quantum,5,1.0,1.0,"{""clf__C"": 10.0}",6.633518699999513
49,quantum/HS-overlap-ref-SVM,quantum,6,0.6666666666666666,0.9,"{""clf__C"": 10.0}",6.633518699999513
49,quantum/HS-overlap-ref-SVM,quantum,7,0.8888888888888888,1.0,"{""clf__C"": 10.0}",6.633518699999513
49,quantum/HS-overlap-ref-SVM,quantum,8,0.8888888888888888,0.9,"{""clf__C"": 10.0}",6.633518699999513
49,quantum/HS-overlap-ref-SVM,quantum,9,0.7777777777777778,0.9,"{""clf__C"": 10.0}",6.633518699999513
49,quantum/HS-overlap-ref-SVM,quantum,10,0.7777777777777778,0.9500000000000001,"{""clf__C"": 10.0}",6.633518699999513
49,quantum/HS-overlap-ref-SVM,quantum,11,0.8888888888888888,1.0,"{""clf__C"": 10.0}",6.633518699999513
49,quantum/HS-overlap-ref-SVM,quantum,12,1.0,1.0,"{""clf__C"": 10.0}",6.633518699999513
49,quantum/HS-overlap-ref-SVM,quantum,13,0.8888888888888888,1.0,"{""clf__C"": 10.0}",6.633518699999513
49,quantum/HS-overlap-ref-SVM,quantum,14,0.8888888888888888,0.8500000000000001,"{""clf__C"": 10.0}",6.633518699999513
49,quantum/Fidelity-ref-SVM,quantum,0,0.8888888888888888,1.0,"{""clf__C"": 10.0}",10.617067400000451
49,quantum/Fidelity-ref-SVM,quantum,1,0.8888888888888888,1.0,"{""clf__C"": 10.0}",10.617067400000451
49,quantum/Fidelity-ref-SVM,quantum,2,0.7777777777777778,0.75,"{""clf__C"": 10.0}",10.617067400000451
49,quantum/Fidelity-ref-SVM,quantum,3,1.0,1.0,"{""clf__C"": 10.0}",10.617067400000451
49,quantum/Fidelity-ref-SVM,quantum,4,0.8888888888888888,0.9,"{""clf__C"": 10.0}",10.617067400000451
49,quantum/Fidelity-ref-SVM,quantum,5,1.0,1.0,"{""clf__C"": 10.0}",10.617067400000451
49,quantum/Fidelity-ref-SVM,quantum,6,0.8888888888888888,1.0,"{""clf__C"": 10.0}",10.617067400000451
49,quantum/Fidelity-ref-SVM,quantum,7,0.8888888888888888,1.0,"{""clf__C"": 10.0}",10.617067400000451
49,quantum/Fidelity-ref-SVM,quantum,8,0.8888888888888888,1.0,"{""clf__C"": 10.0}",10.617067400000451
49,quantum/Fidelity-ref-SVM,quantum,9,0.7777777777777778,0.7500000000000001,"{""clf__C"": 10.0}",10.617067400000451
49,quantum/Fidelity-ref-SVM,quantum,10,0.7777777777777778,0.9500000000000001,"{""clf__C"": 10.0}",10.617067400000451
49,quantum/Fidelity-ref-SVM,quantum,11,0.8888888888888888,1.0,"{""clf__C"": 10.0}",10.617067400000451
49,quantum/Fidelity-ref-SVM,quantum,12,1.0,1.0,"{""clf__C"": 10.0}",10.617067400000451
49,quantum/Fidelity-ref-SVM,quantum,13,0.8888888888888888,0.9,"{""clf__C"": 10.0}",10.617067400000451
49,quantum/Fidelity-ref-SVM,quantum,14,0.8888888888888888,0.8,"{""clf__C"": 10.0}",10.617067400000451
49,quantum/HS-RBF-ref-SVM,quantum,0,0.8888888888888888,0.9500000000000001,"{""clf__C"": 10.0, ""clf__gamma_mult"": 0.25}",18.12775049999982
49,quantum/HS-RBF-ref-SVM,quantum,1,0.8888888888888888,1.0,"{""clf__C"": 10.0, ""clf__gamma_mult"": 0.25}",18.12775049999982
49,quantum/HS-RBF-ref-SVM,quantum,2,0.7777777777777778,0.6,"{""clf__C"": 10.0, ""clf__gamma_mult"": 0.25}",18.12775049999982
49,quantum/HS-RBF-ref-SVM,quantum,3,0.8888888888888888,1.0,"{""clf__C"": 10.0, ""clf__gamma_mult"": 0.25}",18.12775049999982
49,quantum/HS-RBF-ref-SVM,quantum,4,0.8888888888888888,0.9,"{""clf__C"": 1.0, ""clf__gamma_mult"": 1.0}",18.12775049999982
49,quantum/HS-RBF-ref-SVM,quantum,5,1.0,1.0,"{""clf__C"": 10.0, ""clf__gamma_mult"": 0.25}",18.12775049999982
49,quantum/HS-RBF-ref-SVM,quantum,6,0.6666666666666666,0.85,"{""clf__C"": 10.0, ""clf__gamma_mult"": 0.25}",18.12775049999982
49,quantum/HS-RBF-ref-SVM,quantum,7,0.8888888888888888,0.9500000000000001,"{""clf__C"": 10.0, ""clf__gamma_mult"": 0.25}",18.12775049999982
49,quantum/HS-RBF-ref-SVM,quantum,8,0.8888888888888888,0.9,"{""clf__C"": 10.0, ""clf__gamma_mult"": 0.25}",18.12775049999982
49,quantum/HS-RBF-ref-SVM,quantum,9,0.7777777777777778,0.8,"{""clf__C"": 1.0, ""clf__gamma_mult"": 1.0}",18.12775049999982
49,quantum/HS-RBF-ref-SVM,quantum,10,0.7777777777777778,0.9500000000000001,"{""clf__C"": 10.0, ""clf__gamma_mult"": 0.25}",18.12775049999982
49,quantum/HS-RBF-ref-SVM,quantum,11,0.8888888888888888,1.0,"{""clf__C"": 10.0, ""clf__gamma_mult"": 0.25}",18.12775049999982
49,quantum/HS-RBF-ref-SVM,quantum,12,1.0,1.0,"{""clf__C"": 10.0, ""clf__gamma_mult"": 0.25}",18.12775049999982
49,quantum/HS-RBF-ref-SVM,quantum,13,0.8888888888888888,0.95,"{""clf__C"": 10.0, ""clf__gamma_mult"": 0.25}",18.12775049999982
49,quantum/HS-RBF-ref-SVM,quantum,14,0.6666666666666666,0.7500000000000001,"{""clf__C"": 1.0, ""clf__gamma_mult"": 1.0}",18.12775049999982
49,quantum/Bures-RBF-ref-SVM,quantum,0,0.8888888888888888,0.9500000000000001,"{""clf__C"": 10.0, ""clf__gamma_mult"": 0.25}",27.927701899999192
49,quantum/Bures-RBF-ref-SVM,quantum,1,0.8888888888888888,1.0,"{""clf__C"": 10.0, ""clf__gamma_mult"": 0.25}",27.927701899999192
49,quantum/Bures-RBF-ref-SVM,quantum,2,0.7777777777777778,0.6499999999999999,"{""clf__C"": 1.0, ""clf__gamma_mult"": 1.0}",27.927701899999192
49,quantum/Bures-RBF-ref-SVM,quantum,3,1.0,1.0,"{""clf__C"": 1.0, ""clf__gamma_mult"": 1.0}",27.927701899999192
49,quantum/Bures-RBF-ref-SVM,quantum,4,0.8888888888888888,0.9,"{""clf__C"": 10.0, ""clf__gamma_mult"": 0.25}",27.927701899999192
49,quantum/Bures-RBF-ref-SVM,quantum,5,1.0,1.0,"{""clf__C"": 10.0, ""clf__gamma_mult"": 0.25}",27.927701899999192
49,quantum/Bures-RBF-ref-SVM,quantum,6,0.6666666666666666,0.9500000000000001,"{""clf__C"": 10.0, ""clf__gamma_mult"": 0.25}",27.927701899999192
49,quantum/Bures-RBF-ref-SVM,quantum,7,0.8888888888888888,0.9500000000000001,"{""clf__C"": 10.0, ""clf__gamma_mult"": 0.25}",27.927701899999192
49,quantum/Bures-RBF-ref-SVM,quantum,8,0.8888888888888888,1.0,"{""clf__C"": 1.0, ""clf__gamma_mult"": 1.0}",27.927701899999192
49,quantum/Bures-RBF-ref-SVM,quantum,9,0.7777777777777778,0.8,"{""clf__C"": 1.0, ""clf__gamma_mult"": 1.0}",27.927701899999192
49,quantum/Bures-RBF-ref-SVM,quantum,10,0.7777777777777778,0.9,"{""clf__C"": 10.0, ""clf__gamma_mult"": 0.25}",27.927701899999192
49,quantum/Bures-RBF-ref-SVM,quantum,11,0.8888888888888888,1.0,"{""clf__C"": 10.0, ""clf__gamma_mult"": 0.25}",27.927701899999192
49,quantum/Bures-RBF-ref-SVM,quantum,12,1.0,1.0,"{""clf__C"": 10.0, ""clf__gamma_mult"": 0.25}",27.927701899999192
49,quantum/Bures-RBF-ref-SVM,quantum,13,0.8888888888888888,0.95,"{""clf__C"": 10.0, ""clf__gamma_mult"": 0.25}",27.927701899999192
49,quantum/Bures-RBF-ref-SVM,quantum,14,0.7777777777777778,0.8,"{""clf__C"": 10.0, ""clf__gamma_mult"": 0.25}",27.927701899999192
49,quantum/QRE-RBF-ref-SVM,quantum,0,0.8888888888888888,0.9500000000000001,"{""clf__C"": 10.0, ""clf__gamma_mult"": 0.25}",21.3726286000001
49,quantum/QRE-RBF-ref-SVM,quantum,1,0.8888888888888888,1.0,"{""clf__C"": 10.0, ""clf__gamma_mult"": 0.25}",21.3726286000001
49,quantum/QRE-RBF-ref-SVM,quantum,2,0.7777777777777778,0.6499999999999999,"{""clf__C"": 1.0, ""clf__gamma_mult"": 1.0}",21.3726286000001
49,quantum/QRE-RBF-ref-SVM,quantum,3,1.0,1.0,"{""clf__C"": 1.0, ""clf__gamma_mult"": 1.0}",21.3726286000001
49,quantum/QRE-RBF-ref-SVM,quantum,4,0.8888888888888888,0.9,"{""clf__C"": 10.0, ""clf__gamma_mult"": 0.25}",21.3726286000001
49,quantum/QRE-RBF-ref-SVM,quantum,5,1.0,1.0,"{""clf__C"": 10.0, ""clf__gamma_mult"": 0.25}",21.3726286000001
49,quantum/QRE-RBF-ref-SVM,quantum,6,0.6666666666666666,0.9500000000000001,"{""clf__C"": 10.0, ""clf__gamma_mult"": 0.25}",21.3726286000001
49,quantum/QRE-RBF-ref-SVM,quantum,7,0.8888888888888888,0.9500000000000001,"{""clf__C"": 10.0, ""clf__gamma_mult"": 0.25}",21.3726286000001
49,quantum/QRE-RBF-ref-SVM,quantum,8,0.8888888888888888,1.0,"{""clf__C"": 1.0, ""clf__gamma_mult"": 1.0}",21.3726286000001
49,quantum/QRE-RBF-ref-SVM,quantum,9,0.7777777777777778,0.7500000000000001,"{""clf__C"": 1.0, ""clf__gamma_mult"": 1.0}",21.3726286000001
49,quantum/QRE-RBF-ref-SVM,quantum,10,0.7777777777777778,0.9500000000000001,"{""clf__C"": 10.0, ""clf__gamma_mult"": 0.25}",21.3726286000001
49,quantum/QRE-RBF-ref-SVM,quantum,11,0.8888888888888888,1.0,"{""clf__C"": 10.0, ""clf__gamma_mult"": 0.25}",21.3726286000001
49,quantum/QRE-RBF-ref-SVM,quantum,12,1.0,1.0,"{""clf__C"": 10.0, ""clf__gamma_mult"": 0.25}",21.3726286000001
49,quantum/QRE-RBF-ref-SVM,quantum,13,0.8888888888888888,0.95,"{""clf__C"": 10.0, ""clf__gamma_mult"": 0.25}",21.3726286000001
49,quantum/QRE-RBF-ref-SVM,quantum,14,0.7777777777777778,0.8500000000000001,"{""clf__C"": 10.0, ""clf__gamma_mult"": 0.25}",21.3726286000001
49,quantum/IQP-kernel-SVM,quantum,0,1.0,1.0,"{""clf__C"": 1.0, ""clf__scale"": 0.5}",25.947921699999824
49,quantum/IQP-kernel-SVM,quantum,1,0.5555555555555556,0.7,"{""clf__C"": 10.0, ""clf__scale"": 0.5}",25.947921699999824
49,quantum/IQP-kernel-SVM,quantum,2,0.4444444444444444,0.6,"{""clf__C"": 10.0, ""clf__scale"": 0.5}",25.947921699999824
49,quantum/IQP-kernel-SVM,quantum,3,0.7777777777777778,0.85,"{""clf__C"": 1.0, ""clf__scale"": 0.5}",25.947921699999824
49,quantum/IQP-kernel-SVM,quantum,4,0.8888888888888888,0.8500000000000001,"{""clf__C"": 1.0, ""clf__scale"": 0.5}",25.947921699999824
49,quantum/IQP-kernel-SVM,quantum,5,0.7777777777777778,0.9,"{""clf__C"": 1.0, ""clf__scale"": 0.5}",25.947921699999824
49,quantum/IQP-kernel-SVM,quantum,6,0.6666666666666666,0.8,"{""clf__C"": 10.0, ""clf__scale"": 0.5}",25.947921699999824
49,quantum/IQP-kernel-SVM,quantum,7,0.6666666666666666,0.8,"{""clf__C"": 1.0, ""clf__scale"": 1.0}",25.947921699999824
49,quantum/IQP-kernel-SVM,quantum,8,0.8888888888888888,1.0,"{""clf__C"": 1.0, ""clf__scale"": 0.5}",25.947921699999824
49,quantum/IQP-kernel-SVM,quantum,9,0.6666666666666666,0.6000000000000001,"{""clf__C"": 10.0, ""clf__scale"": 0.5}",25.947921699999824
49,quantum/IQP-kernel-SVM,quantum,10,0.7777777777777778,0.75,"{""clf__C"": 10.0, ""clf__scale"": 0.5}",25.947921699999824
49,quantum/IQP-kernel-SVM,quantum,11,0.8888888888888888,0.9500000000000001,"{""clf__C"": 1.0, ""clf__scale"": 0.5}",25.947921699999824
49,quantum/IQP-kernel-SVM,quantum,12,0.8888888888888888,0.9,"{""clf__C"": 1.0, ""clf__scale"": 0.5}",25.947921699999824
49,quantum/IQP-kernel-SVM,quantum,13,0.6666666666666666,0.75,"{""clf__C"": 10.0, ""clf__scale"": 0.5}",25.947921699999824
49,quantum/IQP-kernel-SVM,quantum,14,0.7777777777777778,0.8,"{""clf__C"": 1.0, ""clf__scale"": 0.5}",25.947921699999824
49,quantum/CNOT-kernel-SVM,quantum,0,1.0,1.0,"{""clf__C"": 1.0, ""clf__scale"": 0.5}",23.840329900000143
49,quantum/CNOT-kernel-SVM,quantum,1,0.8888888888888888,1.0,"{""clf__C"": 1.0, ""clf__scale"": 1.0}",23.840329900000143
49,quantum/CNOT-kernel-SVM,quantum,2,0.7777777777777778,0.65,"{""clf__C"": 1.0, ""clf__scale"": 1.0}",23.840329900000143
49,quantum/CNOT-kernel-SVM,quantum,3,0.8888888888888888,1.0,"{""clf__C"": 10.0, ""clf__scale"": 1.0}",23.840329900000143
49,quantum/CNOT-kernel-SVM,quantum,4,0.8888888888888888,0.8500000000000001,"{""clf__C"": 1.0, ""clf__scale"": 0.5}",23.840329900000143
49,quantum/CNOT-kernel-SVM,quantum,5,0.7777777777777778,0.9,"{""clf__C"": 10.0, ""clf__scale"": 0.5}",23.840329900000143
49,quantum/CNOT-kernel-SVM,quantum,6,0.8888888888888888,1.0,"{""clf__C"": 1.0, ""clf__scale"": 1.0}",23.840329900000143
49,quantum/CNOT-kernel-SVM,quantum,7,0.8888888888888888,0.8,"{""clf__C"": 1.0, ""clf__scale"": 1.0}",23.840329900000143
49,quantum/CNOT-kernel-SVM,quantum,8,0.8888888888888888,0.95,"{""clf__C"": 1.0, ""clf__scale"": 1.0}",23.840329900000143
49,quantum/CNOT-kernel-SVM,quantum,9,0.7777777777777778,0.7500000000000001,"{""clf__C"": 1.0, ""clf__scale"": 1.0}",23.840329900000143
49,quantum/CNOT-kernel-SVM,quantum,10,0.6666666666666666,0.75,"{""clf__C"": 1.0, ""clf__scale"": 1.0}",23.840329900000143
49,quantum/CNOT-kernel-SVM,quantum,11,0.8888888888888888,0.9500000000000001,"{""clf__C"": 1.0, ""clf__scale"": 0.5}",23.840329900000143
49,quantum/CNOT-kernel-SVM,quantum,12,0.8888888888888888,0.9500000000000001,"{""clf__C"": 1.0, ""clf__scale"": 0.5}",23.840329900000143
49,quantum/CNOT-kernel-SVM,quantum,13,0.7777777777777778,0.8500000000000001,"{""clf__C"": 1.0, ""clf__scale"": 1.0}",23.840329900000143
49,quantum/CNOT-kernel-SVM,quantum,14,0.8888888888888888,0.8,"{""clf__C"": 1.0, ""clf__scale"": 1.0}",23.840329900000143
49,control/IQP-no-entangle,control,0,0.8888888888888888,1.0,"{""clf__C"": 1.0, ""clf__scale"": 0.5}",22.35763560000032
49,control/IQP-no-entangle,control,1,0.8888888888888888,0.9500000000000001,"{""clf__C"": 1.0, ""clf__scale"": 0.5}",22.35763560000032
49,control/IQP-no-entangle,control,2,0.7777777777777778,0.75,"{""clf__C"": 1.0, ""clf__scale"": 0.5}",22.35763560000032
49,control/IQP-no-entangle,control,3,0.7777777777777778,1.0,"{""clf__C"": 1.0, ""clf__scale"": 1.0}",22.35763560000032
49,control/IQP-no-entangle,control,4,0.8888888888888888,0.8,"{""clf__C"": 1.0, ""clf__scale"": 1.0}",22.35763560000032
49,control/IQP-no-entangle,control,5,0.7777777777777778,0.9,"{""clf__C"": 10.0, ""clf__scale"": 1.0}",22.35763560000032
49,control/IQP-no-entangle,control,6,1.0,1.0,"{""clf__C"": 1.0, ""clf__scale"": 0.5}",22.35763560000032
49,control/IQP-no-entangle,control,7,0.8888888888888888,0.85,"{""clf__C"": 1.0, ""clf__scale"": 1.0}",22.35763560000032
49,control/IQP-no-entangle,control,8,0.8888888888888888,0.95,"{""clf__C"": 1.0, ""clf__scale"": 1.0}",22.35763560000032
49,control/IQP-no-entangle,control,9,0.7777777777777778,0.8,"{""clf__C"": 1.0, ""clf__scale"": 0.5}",22.35763560000032
49,control/IQP-no-entangle,control,10,0.7777777777777778,0.75,"{""clf__C"": 10.0, ""clf__scale"": 1.0}",22.35763560000032
49,control/IQP-no-entangle,control,11,0.8888888888888888,0.9500000000000001,"{""clf__C"": 1.0, ""clf__scale"": 0.5}",22.35763560000032
49,control/IQP-no-entangle,control,12,0.8888888888888888,0.9,"{""clf__C"": 10.0, ""clf__scale"": 0.5}",22.35763560000032
49,control/IQP-no-entangle,control,13,0.7777777777777778,0.9,"{""clf__C"": 1.0, ""clf__scale"": 1.0}",22.35763560000032
49,control/IQP-no-entangle,control,14,0.8888888888888888,0.8500000000000001,"{""clf__C"": 1.0, ""clf__scale"": 0.5}",22.35763560000032
49,control/PCA-matched-RBF,control,0,0.7777777777777778,0.9,"{""clf__C"": 10.0, ""clf__gamma"": ""scale""}",18.893116700000064
49,control/PCA-matched-RBF,control,1,0.8888888888888888,1.0,"{""clf__C"": 1.0, ""clf__gamma"": ""scale""}",18.893116700000064
49,control/PCA-matched-RBF,control,2,0.7777777777777778,0.8,"{""clf__C"": 1.0, ""clf__gamma"": 0.1}",18.893116700000064
49,control/PCA-matched-RBF,control,3,0.7777777777777778,1.0,"{""clf__C"": 10.0, ""clf__gamma"": ""scale""}",18.893116700000064
49,control/PCA-matched-RBF,control,4,0.8888888888888888,0.8500000000000001,"{""clf__C"": 1.0, ""clf__gamma"": 0.1}",18.893116700000064
49,control/PCA-matched-RBF,control,5,0.7777777777777778,1.0,"{""clf__C"": 10.0, ""clf__gamma"": 0.01}",18.893116700000064
49,control/PCA-matched-RBF,control,6,0.7777777777777778,1.0,"{""clf__C"": 1.0, ""clf__gamma"": ""scale""}",18.893116700000064
49,control/PCA-matched-RBF,control,7,0.8888888888888888,0.9,"{""clf__C"": 1.0, ""clf__gamma"": 0.1}",18.893116700000064
49,control/PCA-matched-RBF,control,8,0.8888888888888888,0.9,"{""clf__C"": 10.0, ""clf__gamma"": 0.01}",18.893116700000064
49,control/PCA-matched-RBF,control,9,0.7777777777777778,0.8,"{""clf__C"": 1.0, ""clf__gamma"": ""scale""}",18.893116700000064
49,control/PCA-matched-RBF,control,10,0.7777777777777778,0.8,"{""clf__C"": 10.0, ""clf__gamma"": ""scale""}",18.893116700000064
49,control/PCA-matched-RBF,control,11,0.8888888888888888,0.9500000000000001,"{""clf__C"": 1.0, ""clf__gamma"": 0.1}",18.893116700000064
49,control/PCA-matched-RBF,control,12,0.8888888888888888,0.9500000000000001,"{""clf__C"": 1.0, ""clf__gamma"": 0.1}",18.893116700000064
49,control/PCA-matched-RBF,control,13,0.7777777777777778,0.8500000000000001,"{""clf__C"": 1.0, ""clf__gamma"": ""scale""}",18.893116700000064
49,control/PCA-matched-RBF,control,14,0.8888888888888888,0.8500000000000001,"{""clf__C"": 10.0, ""clf__gamma"": 0.01}",18.893116700000064
49,control/PCA-matched-linear,control,0,1.0,1.0,"{""clf__C"": 10.0}",6.800274799999897
49,control/PCA-matched-linear,control,1,0.8888888888888888,0.9500000000000001,"{""clf__C"": 0.1}",6.800274799999897
49,control/PCA-matched-linear,control,2,0.6666666666666666,0.9,"{""clf__C"": 0.1}",6.800274799999897
49,control/PCA-matched-linear,control,3,0.7777777777777778,0.95,"{""clf__C"": 1.0}",6.800274799999897
49,control/PCA-matched-linear,control,4,0.8888888888888888,0.8500000000000001,"{""clf__C"": 10.0}",6.800274799999897
49,control/PCA-matched-linear,control,5,0.7777777777777778,1.0,"{""clf__C"": 0.1}",6.800274799999897
49,control/PCA-matched-linear,control,6,0.5555555555555556,1.0,"{""clf__C"": 1.0}",6.800274799999897
49,control/PCA-matched-linear,control,7,0.8888888888888888,0.9,"{""clf__C"": 1.0}",6.800274799999897
49,control/PCA-matched-linear,control,8,0.8888888888888888,0.9,"{""clf__C"": 0.1}",6.800274799999897
49,control/PCA-matched-linear,control,9,0.7777777777777778,0.8,"{""clf__C"": 0.1}",6.800274799999897
49,control/PCA-matched-linear,control,10,0.8888888888888888,0.9,"{""clf__C"": 0.1}",6.800274799999897
49,control/PCA-matched-linear,control,11,0.8888888888888888,0.9500000000000001,"{""clf__C"": 10.0}",6.800274799999897
49,control/PCA-matched-linear,control,12,0.8888888888888888,0.9500000000000001,"{""clf__C"": 0.1}",6.800274799999897
49,control/PCA-matched-linear,control,13,0.7777777777777778,0.8500000000000001,"{""clf__C"": 0.1}",6.800274799999897
49,control/PCA-matched-linear,control,14,0.7777777777777778,0.8500000000000001,"{""clf__C"": 0.1}",6.800274799999897
49,control/logeuclid-TS+LR,control,0,0.7777777777777778,0.9500000000000001,"{""clf__C"": 1.0}",5.1160626999999295
49,control/logeuclid-TS+LR,control,1,0.7777777777777778,0.9500000000000001,"{""clf__C"": 10.0}",5.1160626999999295
49,control/logeuclid-TS+LR,control,2,0.7777777777777778,0.8,"{""clf__C"": 0.1}",5.1160626999999295
49,control/logeuclid-TS+LR,control,3,0.6666666666666666,0.85,"{""clf__C"": 10.0}",5.1160626999999295
49,control/logeuclid-TS+LR,control,4,0.7777777777777778,0.75,"{""clf__C"": 0.1}",5.1160626999999295
49,control/logeuclid-TS+LR,control,5,0.7777777777777778,0.85,"{""clf__C"": 1.0}",5.1160626999999295
49,control/logeuclid-TS+LR,control,6,0.7777777777777778,0.9500000000000001,"{""clf__C"": 10.0}",5.1160626999999295
49,control/logeuclid-TS+LR,control,7,0.7777777777777778,0.7000000000000001,"{""clf__C"": 0.1}",5.1160626999999295
49,control/logeuclid-TS+LR,control,8,0.6666666666666666,0.8,"{""clf__C"": 0.1}",5.1160626999999295
49,control/logeuclid-TS+LR,control,9,0.6666666666666666,0.9,"{""clf__C"": 10.0}",5.1160626999999295
49,control/logeuclid-TS+LR,control,10,0.7777777777777778,1.0,"{""clf__C"": 10.0}",5.1160626999999295
49,control/logeuclid-TS+LR,control,11,0.7777777777777778,0.75,"{""clf__C"": 0.1}",5.1160626999999295
49,control/logeuclid-TS+LR,control,12,0.8888888888888888,1.0,"{""clf__C"": 1.0}",5.1160626999999295
49,control/logeuclid-TS+LR,control,13,0.6666666666666666,0.9,"{""clf__C"": 1.0}",5.1160626999999295
49,control/logeuclid-TS+LR,control,14,0.5555555555555556,0.8,"{""clf__C"": 1.0}",5.1160626999999295
49,control/riemann-kernel-SVM,control,0,0.8888888888888888,0.9500000000000001,"{""clf__C"": 1.0}",6.643269299999702
49,control/riemann-kernel-SVM,control,1,0.8888888888888888,1.0,"{""clf__C"": 0.1}",6.643269299999702
49,control/riemann-kernel-SVM,control,2,0.6666666666666666,0.9,"{""clf__C"": 0.1}",6.643269299999702
49,control/riemann-kernel-SVM,control,3,0.7777777777777778,0.95,"{""clf__C"": 1.0}",6.643269299999702
49,control/riemann-kernel-SVM,control,4,0.8888888888888888,0.9,"{""clf__C"": 1.0}",6.643269299999702
49,control/riemann-kernel-SVM,control,5,1.0,1.0,"{""clf__C"": 0.1}",6.643269299999702
49,control/riemann-kernel-SVM,control,6,0.8888888888888888,0.9500000000000001,"{""clf__C"": 10.0}",6.643269299999702
49,control/riemann-kernel-SVM,control,7,0.8888888888888888,0.9500000000000001,"{""clf__C"": 1.0}",6.643269299999702
49,control/riemann-kernel-SVM,control,8,0.8888888888888888,1.0,"{""clf__C"": 0.1}",6.643269299999702
49,control/riemann-kernel-SVM,control,9,0.6666666666666666,0.7000000000000001,"{""clf__C"": 0.1}",6.643269299999702
49,control/riemann-kernel-SVM,control,10,0.7777777777777778,0.9,"{""clf__C"": 1.0}",6.643269299999702
49,control/riemann-kernel-SVM,control,11,0.8888888888888888,1.0,"{""clf__C"": 1.0}",6.643269299999702
49,control/riemann-kernel-SVM,control,12,0.8888888888888888,1.0,"{""clf__C"": 0.1}",6.643269299999702
49,control/riemann-kernel-SVM,control,13,0.8888888888888888,1.0,"{""clf__C"": 1.0}",6.643269299999702
49,control/riemann-kernel-SVM,control,14,0.7777777777777778,0.8500000000000001,"{""clf__C"": 1.0}",6.643269299999702
49,control/logeuclid-kernel-SVM,control,0,0.7777777777777778,0.9,"{""clf__C"": 10.0}",6.5326193000000785
49,control/logeuclid-kernel-SVM,control,1,0.8888888888888888,1.0,"{""clf__C"": 0.1}",6.5326193000000785
49,control/logeuclid-kernel-SVM,control,2,0.7777777777777778,0.7,"{""clf__C"": 1.0}",6.5326193000000785
49,control/logeuclid-kernel-SVM,control,3,0.7777777777777778,0.95,"{""clf__C"": 1.0}",6.5326193000000785
49,control/logeuclid-kernel-SVM,control,4,0.8888888888888888,0.8500000000000001,"{""clf__C"": 0.1}",6.5326193000000785
49,control/logeuclid-kernel-SVM,control,5,0.8888888888888888,0.9500000000000001,"{""clf__C"": 10.0}",6.5326193000000785
49,control/logeuclid-kernel-SVM,control,6,0.6666666666666666,0.85,"{""clf__C"": 10.0}",6.5326193000000785
49,control/logeuclid-kernel-SVM,control,7,0.8888888888888888,0.9500000000000001,"{""clf__C"": 10.0}",6.5326193000000785
49,control/logeuclid-kernel-SVM,control,8,0.8888888888888888,1.0,"{""clf__C"": 0.1}",6.5326193000000785
49,control/logeuclid-kernel-SVM,control,9,0.6666666666666666,0.7500000000000001,"{""clf__C"": 1.0}",6.5326193000000785
49,control/logeuclid-kernel-SVM,control,10,0.7777777777777778,0.9500000000000001,"{""clf__C"": 1.0}",6.5326193000000785
49,control/logeuclid-kernel-SVM,control,11,0.8888888888888888,1.0,"{""clf__C"": 1.0}",6.5326193000000785
49,control/logeuclid-kernel-SVM,control,12,0.8888888888888888,1.0,"{""clf__C"": 0.1}",6.5326193000000785
49,control/logeuclid-kernel-SVM,control,13,0.8888888888888888,0.95,"{""clf__C"": 10.0}",6.5326193000000785
49,control/logeuclid-kernel-SVM,control,14,0.6666666666666666,0.75,"{""clf__C"": 10.0}",6.5326193000000785
50,classical/logvar+LDA,classical,0,0.6666666666666666,0.55,{},0.10458120000021154
50,classical/logvar+LDA,classical,1,0.3333333333333333,0.30000000000000004,{},0.10458120000021154
50,classical/logvar+LDA,classical,2,0.4444444444444444,0.35,{},0.10458120000021154
50,classical/logvar+LDA,classical,3,0.5555555555555556,0.45,{},0.10458120000021154
50,classical/logvar+LDA,classical,4,0.4444444444444444,0.5499999999999999,{},0.10458120000021154
50,classical/logvar+LDA,classical,5,0.4444444444444444,0.45,{},0.10458120000021154
50,classical/logvar+LDA,classical,6,0.1111111111111111,0.2,{},0.10458120000021154
50,classical/logvar+LDA,classical,7,0.3333333333333333,0.30000000000000004,{},0.10458120000021154
50,classical/logvar+LDA,classical,8,0.6666666666666666,0.65,{},0.10458120000021154
50,classical/logvar+LDA,classical,9,0.3333333333333333,0.35,{},0.10458120000021154
50,classical/logvar+LDA,classical,10,0.6666666666666666,0.7,{},0.10458120000021154
50,classical/logvar+LDA,classical,11,0.7777777777777778,0.7,{},0.10458120000021154
50,classical/logvar+LDA,classical,12,0.4444444444444444,0.5,{},0.10458120000021154
50,classical/logvar+LDA,classical,13,0.4444444444444444,0.45000000000000007,{},0.10458120000021154
50,classical/logvar+LDA,classical,14,0.2222222222222222,0.25,{},0.10458120000021154
50,classical/CSP+LDA,classical,0,0.5555555555555556,0.45,"{""csp__nfilter"": 2}",4.262688000000708
50,classical/CSP+LDA,classical,1,0.4444444444444444,0.45,"{""csp__nfilter"": 6}",4.262688000000708
50,classical/CSP+LDA,classical,2,0.3333333333333333,0.35,"{""csp__nfilter"": 4}",4.262688000000708
50,classical/CSP+LDA,classical,3,0.4444444444444444,0.5,"{""csp__nfilter"": 4}",4.262688000000708
50,classical/CSP+LDA,classical,4,0.5555555555555556,0.6,"{""csp__nfilter"": 4}",4.262688000000708
50,classical/CSP+LDA,classical,5,0.4444444444444444,0.45000000000000007,"{""csp__nfilter"": 4}",4.262688000000708
50,classical/CSP+LDA,classical,6,0.7777777777777778,0.7000000000000001,"{""csp__nfilter"": 2}",4.262688000000708
50,classical/CSP+LDA,classical,7,0.4444444444444444,0.29999999999999993,"{""csp__nfilter"": 6}",4.262688000000708
50,classical/CSP+LDA,classical,8,0.6666666666666666,0.75,"{""csp__nfilter"": 4}",4.262688000000708
50,classical/CSP+LDA,classical,9,0.5555555555555556,0.5499999999999999,"{""csp__nfilter"": 6}",4.262688000000708
50,classical/CSP+LDA,classical,10,0.5555555555555556,0.75,"{""csp__nfilter"": 4}",4.262688000000708
50,classical/CSP+LDA,classical,11,0.7777777777777778,0.8,"{""csp__nfilter"": 2}",4.262688000000708
50,classical/CSP+LDA,classical,12,0.3333333333333333,0.35000000000000003,"{""csp__nfilter"": 6}",4.262688000000708
50,classical/CSP+LDA,classical,13,0.3333333333333333,0.3,"{""csp__nfilter"": 2}",4.262688000000708
50,classical/CSP+LDA,classical,14,0.4444444444444444,0.3,"{""csp__nfilter"": 2}",4.262688000000708
50,classical/MDM,classical,0,0.5555555555555556,0.65,{},0.6497435000001133
50,classical/MDM,classical,1,0.3333333333333333,0.25,{},0.6497435000001133
50,classical/MDM,classical,2,0.3333333333333333,0.19999999999999996,{},0.6497435000001133
50,classical/MDM,classical,3,0.4444444444444444,0.3,{},0.6497435000001133
50,classical/MDM,classical,4,0.2222222222222222,0.5,{},0.6497435000001133
50,classical/MDM,classical,5,0.5555555555555556,0.65,{},0.6497435000001133
50,classical/MDM,classical,6,0.5555555555555556,0.4,{},0.6497435000001133
50,classical/MDM,classical,7,0.3333333333333333,0.3,{},0.6497435000001133
50,classical/MDM,classical,8,0.6666666666666666,0.85,{},0.6497435000001133
50,classical/MDM,classical,9,0.5555555555555556,0.6,{},0.6497435000001133
50,classical/MDM,classical,10,0.4444444444444444,0.55,{},0.6497435000001133
50,classical/MDM,classical,11,0.6666666666666666,0.6,{},0.6497435000001133
50,classical/MDM,classical,12,0.4444444444444444,0.6,{},0.6497435000001133
50,classical/MDM,classical,13,0.4444444444444444,0.35,{},0.6497435000001133
50,classical/MDM,classical,14,0.3333333333333333,0.09999999999999998,{},0.6497435000001133
50,classical/TS+LR,classical,0,0.6666666666666666,0.7,"{""clf__C"": 0.1}",6.402913699999772
50,classical/TS+LR,classical,1,0.5555555555555556,0.6,"{""clf__C"": 0.1}",6.402913699999772
50,classical/TS+LR,classical,2,0.2222222222222222,0.1,"{""clf__C"": 10.0}",6.402913699999772
50,classical/TS+LR,classical,3,0.5555555555555556,0.3,"{""clf__C"": 1.0}",6.402913699999772
50,classical/TS+LR,classical,4,0.3333333333333333,0.55,"{""clf__C"": 10.0}",6.402913699999772
50,classical/TS+LR,classical,5,0.6666666666666666,0.6,"{""clf__C"": 0.1}",6.402913699999772
50,classical/TS+LR,classical,6,0.7777777777777778,0.6,"{""clf__C"": 10.0}",6.402913699999772
50,classical/TS+LR,classical,7,0.4444444444444444,0.6000000000000001,"{""clf__C"": 1.0}",6.402913699999772
50,classical/TS+LR,classical,8,0.6666666666666666,0.85,"{""clf__C"": 0.1}",6.402913699999772
50,classical/TS+LR,classical,9,0.7777777777777778,0.7,"{""clf__C"": 10.0}",6.402913699999772
50,classical/TS+LR,classical,10,0.7777777777777778,0.6499999999999999,"{""clf__C"": 0.1}",6.402913699999772
50,classical/TS+LR,classical,11,0.5555555555555556,0.65,"{""clf__C"": 0.1}",6.402913699999772
50,classical/TS+LR,classical,12,0.4444444444444444,0.5,"{""clf__C"": 10.0}",6.402913699999772
50,classical/TS+LR,classical,13,0.5555555555555556,0.6,"{""clf__C"": 0.1}",6.402913699999772
50,classical/TS+LR,classical,14,0.4444444444444444,0.2,"{""clf__C"": 0.1}",6.402913699999772
50,classical/TS+RBF-SVM,classical,0,0.4444444444444444,0.49999999999999994,"{""clf__C"": 0.1, ""clf__gamma"": ""scale""}",17.345356900000297
50,classical/TS+RBF-SVM,classical,1,0.4444444444444444,0.45,"{""clf__C"": 10.0, ""clf__gamma"": ""scale""}",17.345356900000297
50,classical/TS+RBF-SVM,classical,2,0.2222222222222222,0.2,"{""clf__C"": 10.0, ""clf__gamma"": ""scale""}",17.345356900000297
50,classical/TS+RBF-SVM,classical,3,0.5555555555555556,0.5,"{""clf__C"": 10.0, ""clf__gamma"": ""scale""}",17.345356900000297
50,classical/TS+RBF-SVM,classical,4,0.4444444444444444,0.5,"{""clf__C"": 10.0, ""clf__gamma"": ""scale""}",17.345356900000297
50,classical/TS+RBF-SVM,classical,5,0.5555555555555556,0.65,"{""clf__C"": 10.0, ""clf__gamma"": ""scale""}",17.345356900000297
50,classical/TS+RBF-SVM,classical,6,0.5555555555555556,0.6000000000000001,"{""clf__C"": 10.0, ""clf__gamma"": ""scale""}",17.345356900000297
50,classical/TS+RBF-SVM,classical,7,0.4444444444444444,0.49999999999999994,"{""clf__C"": 10.0, ""clf__gamma"": ""scale""}",17.345356900000297
50,classical/TS+RBF-SVM,classical,8,0.6666666666666666,0.7,"{""clf__C"": 0.1, ""clf__gamma"": ""scale""}",17.345356900000297
50,classical/TS+RBF-SVM,classical,9,0.6666666666666666,0.6499999999999999,"{""clf__C"": 10.0, ""clf__gamma"": ""scale""}",17.345356900000297
50,classical/TS+RBF-SVM,classical,10,0.4444444444444444,0.5,"{""clf__C"": 1.0, ""clf__gamma"": ""scale""}",17.345356900000297
50,classical/TS+RBF-SVM,classical,11,0.4444444444444444,0.45,"{""clf__C"": 1.0, ""clf__gamma"": ""scale""}",17.345356900000297
50,classical/TS+RBF-SVM,classical,12,0.5555555555555556,0.35,"{""clf__C"": 10.0, ""clf__gamma"": ""scale""}",17.345356900000297
50,classical/TS+RBF-SVM,classical,13,0.5555555555555556,0.7000000000000001,"{""clf__C"": 10.0, ""clf__gamma"": ""scale""}",17.345356900000297
50,classical/TS+RBF-SVM,classical,14,0.3333333333333333,0.15,"{""clf__C"": 10.0, ""clf__gamma"": ""scale""}",17.345356900000297
50,quantum/HS-overlap-SVM,quantum,0,0.4444444444444444,0.45,"{""clf__C"": 0.1}",4.442340899999181
50,quantum/HS-overlap-SVM,quantum,1,0.4444444444444444,0.15000000000000002,"{""clf__C"": 0.1}",4.442340899999181
50,quantum/HS-overlap-SVM,quantum,2,0.4444444444444444,0.15,"{""clf__C"": 0.1}",4.442340899999181
50,quantum/HS-overlap-SVM,quantum,3,0.5555555555555556,0.24999999999999997,"{""clf__C"": 0.1}",4.442340899999181
50,quantum/HS-overlap-SVM,quantum,4,0.2222222222222222,0.5,"{""clf__C"": 0.1}",4.442340899999181
50,quantum/HS-overlap-SVM,quantum,5,0.4444444444444444,0.05,"{""clf__C"": 0.1}",4.442340899999181
50,quantum/HS-overlap-SVM,quantum,6,0.4444444444444444,0.25,"{""clf__C"": 0.1}",4.442340899999181
50,quantum/HS-overlap-SVM,quantum,7,0.5555555555555556,0.44999999999999996,"{""clf__C"": 0.1}",4.442340899999181
50,quantum/HS-overlap-SVM,quantum,8,0.5555555555555556,0.35000000000000003,"{""clf__C"": 0.1}",4.442340899999181
50,quantum/HS-overlap-SVM,quantum,9,0.3333333333333333,0.44999999999999996,"{""clf__C"": 0.1}",4.442340899999181
50,quantum/HS-overlap-SVM,quantum,10,0.4444444444444444,0.75,"{""clf__C"": 0.1}",4.442340899999181
50,quantum/HS-overlap-SVM,quantum,11,0.4444444444444444,0.4,"{""clf__C"": 0.1}",4.442340899999181
50,quantum/HS-overlap-SVM,quantum,12,0.4444444444444444,0.45,"{""clf__C"": 0.1}",4.442340899999181
50,quantum/HS-overlap-SVM,quantum,13,0.5555555555555556,0.6,"{""clf__C"": 0.1}",4.442340899999181
50,quantum/HS-overlap-SVM,quantum,14,0.3333333333333333,0.5,"{""clf__C"": 0.1}",4.442340899999181
50,quantum/Fidelity-SVM,quantum,0,0.4444444444444444,0.35,"{""clf__C"": 0.1}",7.797789400000511
50,quantum/Fidelity-SVM,quantum,1,0.4444444444444444,0.05,"{""clf__C"": 0.1}",7.797789400000511
50,quantum/Fidelity-SVM,quantum,2,0.2222222222222222,0.15,"{""clf__C"": 0.1}",7.797789400000511
50,quantum/Fidelity-SVM,quantum,3,0.4444444444444444,0.6,"{""clf__C"": 0.1}",7.797789400000511
50,quantum/Fidelity-SVM,quantum,4,0.4444444444444444,0.35,"{""clf__C"": 0.1}",7.797789400000511
50,quantum/Fidelity-SVM,quantum,5,0.4444444444444444,0.2,"{""clf__C"": 0.1}",7.797789400000511
50,quantum/Fidelity-SVM,quantum,6,0.4444444444444444,0.25,"{""clf__C"": 0.1}",7.797789400000511
50,quantum/Fidelity-SVM,quantum,7,0.2222222222222222,0.2,"{""clf__C"": 0.1}",7.797789400000511
50,quantum/Fidelity-SVM,quantum,8,0.4444444444444444,0.4,"{""clf__C"": 0.1}",7.797789400000511
50,quantum/Fidelity-SVM,quantum,9,0.4444444444444444,0.35000000000000003,"{""clf__C"": 0.1}",7.797789400000511
50,quantum/Fidelity-SVM,quantum,10,0.4444444444444444,0.75,"{""clf__C"": 0.1}",7.797789400000511
50,quantum/Fidelity-SVM,quantum,11,0.4444444444444444,0.2,"{""clf__C"": 0.1}",7.797789400000511
50,quantum/Fidelity-SVM,quantum,12,0.2222222222222222,0.35,"{""clf__C"": 0.1}",7.797789400000511
50,quantum/Fidelity-SVM,quantum,13,0.4444444444444444,0.35,"{""clf__C"": 0.1}",7.797789400000511
50,quantum/Fidelity-SVM,quantum,14,0.3333333333333333,0.55,"{""clf__C"": 0.1}",7.797789400000511
50,quantum/HS-RBF-SVM,quantum,0,0.4444444444444444,0.4,"{""clf__C"": 10.0, ""clf__gamma_mult"": 1.0}",12.437625700000353
50,quantum/HS-RBF-SVM,quantum,1,0.1111111111111111,0.0,"{""clf__C"": 1.0, ""clf__gamma_mult"": 0.25}",12.437625700000353
50,quantum/HS-RBF-SVM,quantum,2,0.3333333333333333,0.19999999999999998,"{""clf__C"": 1.0, ""clf__gamma_mult"": 0.25}",12.437625700000353
50,quantum/HS-RBF-SVM,quantum,3,0.2222222222222222,0.24999999999999997,"{""clf__C"": 10.0, ""clf__gamma_mult"": 4.0}",12.437625700000353
50,quantum/HS-RBF-SVM,quantum,4,0.4444444444444444,0.19999999999999998,"{""clf__C"": 1.0, ""clf__gamma_mult"": 0.25}",12.437625700000353
50,quantum/HS-RBF-SVM,quantum,5,0.4444444444444444,0.1,"{""clf__C"": 0.1, ""clf__gamma_mult"": 0.25}",12.437625700000353
50,quantum/HS-RBF-SVM,quantum,6,0.2222222222222222,0.25,"{""clf__C"": 10.0, ""clf__gamma_mult"": 0.25}",12.437625700000353
50,quantum/HS-RBF-SVM,quantum,7,0.4444444444444444,0.24999999999999997,"{""clf__C"": 10.0, ""clf__gamma_mult"": 0.25}",12.437625700000353
50,quantum/HS-RBF-SVM,quantum,8,0.4444444444444444,0.30000000000000004,"{""clf__C"": 0.1, ""clf__gamma_mult"": 0.25}",12.437625700000353
50,quantum/HS-RBF-SVM,quantum,9,0.5555555555555556,0.55,"{""clf__C"": 10.0, ""clf__gamma_mult"": 1.0}",12.437625700000353
50,quantum/HS-RBF-SVM,quantum,10,0.3333333333333333,0.35,"{""clf__C"": 10.0, ""clf__gamma_mult"": 1.0}",12.437625700000353
50,quantum/HS-RBF-SVM,quantum,11,0.4444444444444444,0.44999999999999996,"{""clf__C"": 1.0, ""clf__gamma_mult"": 4.0}",12.437625700000353
50,quantum/HS-RBF-SVM,quantum,12,0.7777777777777778,0.6000000000000001,"{""clf__C"": 10.0, ""clf__gamma_mult"": 4.0}",12.437625700000353
50,quantum/HS-RBF-SVM,quantum,13,0.4444444444444444,0.4,"{""clf__C"": 10.0, ""clf__gamma_mult"": 1.0}",12.437625700000353
50,quantum/HS-RBF-SVM,quantum,14,0.3333333333333333,0.3,"{""clf__C"": 10.0, ""clf__gamma_mult"": 1.0}",12.437625700000353
50,quantum/Bures-RBF-SVM,quantum,0,0.4444444444444444,0.4,"{""clf__C"": 10.0, ""clf__gamma_mult"": 1.0}",20.45092039999963
50,quantum/Bures-RBF-SVM,quantum,1,0.1111111111111111,0.0,"{""clf__C"": 1.0, ""clf__gamma_mult"": 0.25}",20.45092039999963
50,quantum/Bures-RBF-SVM,quantum,2,0.3333333333333333,0.19999999999999998,"{""clf__C"": 1.0, ""clf__gamma_mult"": 0.25}",20.45092039999963
50,quantum/Bures-RBF-SVM,quantum,3,0.2222222222222222,0.24999999999999997,"{""clf__C"": 10.0, ""clf__gamma_mult"": 4.0}",20.45092039999963
50,quantum/Bures-RBF-SVM,quantum,4,0.4444444444444444,0.25,"{""clf__C"": 1.0, ""clf__gamma_mult"": 0.25}",20.45092039999963
50,quantum/Bures-RBF-SVM,quantum,5,0.4444444444444444,0.1,"{""clf__C"": 0.1, ""clf__gamma_mult"": 0.25}",20.45092039999963
50,quantum/Bures-RBF-SVM,quantum,6,0.2222222222222222,0.25,"{""clf__C"": 10.0, ""clf__gamma_mult"": 0.25}",20.45092039999963
50,quantum/Bures-RBF-SVM,quantum,7,0.2222222222222222,0.35,"{""clf__C"": 1.0, ""clf__gamma_mult"": 4.0}",20.45092039999963
50,quantum/Bures-RBF-SVM,quantum,8,0.4444444444444444,0.30000000000000004,"{""clf__C"": 0.1, ""clf__gamma_mult"": 0.25}",20.45092039999963
50,quantum/Bures-RBF-SVM,quantum,9,0.4444444444444444,0.5,"{""clf__C"": 10.0, ""clf__gamma_mult"": 1.0}",20.45092039999963
50,quantum/Bures-RBF-SVM,quantum,10,0.3333333333333333,0.3,"{""clf__C"": 10.0, ""clf__gamma_mult"": 1.0}",20.45092039999963
50,quantum/Bures-RBF-SVM,quantum,11,0.4444444444444444,0.4,"{""clf__C"": 1.0, ""clf__gamma_mult"": 4.0}",20.45092039999963
50,quantum/Bures-RBF-SVM,quantum,12,0.6666666666666666,0.6000000000000001,"{""clf__C"": 10.0, ""clf__gamma_mult"": 4.0}",20.45092039999963
50,quantum/Bures-RBF-SVM,quantum,13,0.4444444444444444,0.35,"{""clf__C"": 10.0, ""clf__gamma_mult"": 4.0}",20.45092039999963
50,quantum/Bures-RBF-SVM,quantum,14,0.3333333333333333,0.5,"{""clf__C"": 10.0, ""clf__gamma_mult"": 4.0}",20.45092039999963
50,quantum/QRE-RBF-SVM,quantum,0,0.4444444444444444,0.4,"{""clf__C"": 10.0, ""clf__gamma_mult"": 1.0}",15.92609800000082
50,quantum/QRE-RBF-SVM,quantum,1,0.1111111111111111,0.05,"{""clf__C"": 1.0, ""clf__gamma_mult"": 0.25}",15.92609800000082
50,quantum/QRE-RBF-SVM,quantum,2,0.6666666666666666,0.5499999999999999,"{""clf__C"": 10.0, ""clf__gamma_mult"": 4.0}",15.92609800000082
50,quantum/QRE-RBF-SVM,quantum,3,0.2222222222222222,0.24999999999999997,"{""clf__C"": 10.0, ""clf__gamma_mult"": 4.0}",15.92609800000082
50,quantum/QRE-RBF-SVM,quantum,4,0.2222222222222222,0.3,"{""clf__C"": 0.1, ""clf__gamma_mult"": 0.25}",15.92609800000082
50,quantum/QRE-RBF-SVM,quantum,5,0.3333333333333333,0.25,"{""clf__C"": 10.0, ""clf__gamma_mult"": 4.0}",15.92609800000082
50,quantum/QRE-RBF-SVM,quantum,6,0.2222222222222222,0.25,"{""clf__C"": 10.0, ""clf__gamma_mult"": 0.25}",15.92609800000082
50,quantum/QRE-RBF-SVM,quantum,7,0.2222222222222222,0.35,"{""clf__C"": 1.0, ""clf__gamma_mult"": 4.0}",15.92609800000082
50,quantum/QRE-RBF-SVM,quantum,8,0.5555555555555556,0.30000000000000004,"{""clf__C"": 0.1, ""clf__gamma_mult"": 0.25}",15.92609800000082
50,quantum/QRE-RBF-SVM,quantum,9,0.5555555555555556,0.5,"{""clf__C"": 10.0, ""clf__gamma_mult"": 1.0}",15.92609800000082
50,quantum/QRE-RBF-SVM,quantum,10,0.2222222222222222,0.3,"{""clf__C"": 10.0, ""clf__gamma_mult"": 1.0}",15.92609800000082
50,quantum/QRE-RBF-SVM,quantum,11,0.4444444444444444,0.4,"{""clf__C"": 1.0, ""clf__gamma_mult"": 4.0}",15.92609800000082
50,quantum/QRE-RBF-SVM,quantum,12,0.2222222222222222,0.35,"{""clf__C"": 10.0, ""clf__gamma_mult"": 0.25}",15.92609800000082
50,quantum/QRE-RBF-SVM,quantum,13,0.5555555555555556,0.44999999999999996,"{""clf__C"": 10.0, ""clf__gamma_mult"": 1.0}",15.92609800000082
50,quantum/QRE-RBF-SVM,quantum,14,0.3333333333333333,0.3,"{""clf__C"": 10.0, ""clf__gamma_mult"": 1.0}",15.92609800000082
50,quantum/HS-overlap-ref-SVM,quantum,0,0.5555555555555556,0.65,"{""clf__C"": 10.0}",6.236251899999843
50,quantum/HS-overlap-ref-SVM,quantum,1,0.3333333333333333,0.5,"{""clf__C"": 10.0}",6.236251899999843
50,quantum/HS-overlap-ref-SVM,quantum,2,0.4444444444444444,0.2,"{""clf__C"": 10.0}",6.236251899999843
50,quantum/HS-overlap-ref-SVM,quantum,3,0.5555555555555556,0.4,"{""clf__C"": 10.0}",6.236251899999843
50,quantum/HS-overlap-ref-SVM,quantum,4,0.3333333333333333,0.35,"{""clf__C"": 10.0}",6.236251899999843
50,quantum/HS-overlap-ref-SVM,quantum,5,0.6666666666666666,0.6,"{""clf__C"": 10.0}",6.236251899999843
50,quantum/HS-overlap-ref-SVM,quantum,6,0.5555555555555556,0.30000000000000004,"{""clf__C"": 10.0}",6.236251899999843
50,quantum/HS-overlap-ref-SVM,quantum,7,0.4444444444444444,0.5,"{""clf__C"": 10.0}",6.236251899999843
50,quantum/HS-overlap-ref-SVM,quantum,8,0.5555555555555556,0.85,"{""clf__C"": 10.0}",6.236251899999843
50,quantum/HS-overlap-ref-SVM,quantum,9,0.5555555555555556,0.49999999999999994,"{""clf__C"": 10.0}",6.236251899999843
50,quantum/HS-overlap-ref-SVM,quantum,10,0.6666666666666666,0.6,"{""clf__C"": 10.0}",6.236251899999843
50,quantum/HS-overlap-ref-SVM,quantum,11,0.6666666666666666,0.45000000000000007,"{""clf__C"": 10.0}",6.236251899999843
50,quantum/HS-overlap-ref-SVM,quantum,12,0.4444444444444444,0.39999999999999997,"{""clf__C"": 10.0}",6.236251899999843
50,quantum/HS-overlap-ref-SVM,quantum,13,0.6666666666666666,0.65,"{""clf__C"": 10.0}",6.236251899999843
50,quantum/HS-overlap-ref-SVM,quantum,14,0.2222222222222222,0.24999999999999997,"{""clf__C"": 10.0}",6.236251899999843
50,quantum/Fidelity-ref-SVM,quantum,0,0.4444444444444444,0.65,"{""clf__C"": 0.1}",10.493692100000771
50,quantum/Fidelity-ref-SVM,quantum,1,0.4444444444444444,0.35000000000000003,"{""clf__C"": 0.1}",10.493692100000771
50,quantum/Fidelity-ref-SVM,quantum,2,0.4444444444444444,0.14999999999999997,"{""clf__C"": 0.1}",10.493692100000771
50,quantum/Fidelity-ref-SVM,quantum,3,0.4444444444444444,0.3,"{""clf__C"": 10.0}",10.493692100000771
50,quantum/Fidelity-ref-SVM,quantum,4,0.3333333333333333,0.4,"{""clf__C"": 10.0}",10.493692100000771
50,quantum/Fidelity-ref-SVM,quantum,5,0.4444444444444444,0.55,"{""clf__C"": 0.1}",10.493692100000771
50,quantum/Fidelity-ref-SVM,quantum,6,0.4444444444444444,0.35000000000000003,"{""clf__C"": 10.0}",10.493692100000771
50,quantum/Fidelity-ref-SVM,quantum,7,0.5555555555555556,0.5499999999999999,"{""clf__C"": 0.1}",10.493692100000771
50,quantum/Fidelity-ref-SVM,quantum,8,0.7777777777777778,0.8,"{""clf__C"": 0.1}",10.493692100000771
50,quantum/Fidelity-ref-SVM,quantum,9,0.5555555555555556,0.5,"{""clf__C"": 0.1}",10.493692100000771
50,quantum/Fidelity-ref-SVM,quantum,10,0.4444444444444444,0.65,"{""clf__C"": 10.0}",10.493692100000771
50,quantum/Fidelity-ref-SVM,quantum,11,0.4444444444444444,0.5,"{""clf__C"": 0.1}",10.493692100000771
50,quantum/Fidelity-ref-SVM,quantum,12,0.4444444444444444,0.5,"{""clf__C"": 0.1}",10.493692100000771
50,quantum/Fidelity-ref-SVM,quantum,13,0.5555555555555556,0.5,"{""clf__C"": 0.1}",10.493692100000771
50,quantum/Fidelity-ref-SVM,quantum,14,0.4444444444444444,0.2,"{""clf__C"": 10.0}",10.493692100000771
50,quantum/HS-RBF-ref-SVM,quantum,0,0.5555555555555556,0.6,"{""clf__C"": 10.0, ""clf__gamma_mult"": 0.25}",17.644905500000277
50,quantum/HS-RBF-ref-SVM,quantum,1,0.3333333333333333,0.5,"{""clf__C"": 10.0, ""clf__gamma_mult"": 1.0}",17.644905500000277
50,quantum/HS-RBF-ref-SVM,quantum,2,0.4444444444444444,0.25,"{""clf__C"": 10.0, ""clf__gamma_mult"": 1.0}",17.644905500000277
50,quantum/HS-RBF-ref-SVM,quantum,3,0.3333333333333333,0.35000000000000003,"{""clf__C"": 10.0, ""clf__gamma_mult"": 0.25}",17.644905500000277
50,quantum/HS-RBF-ref-SVM,quantum,4,0.6666666666666666,0.5499999999999999,"{""clf__C"": 10.0, ""clf__gamma_mult"": 1.0}",17.644905500000277
50,quantum/HS-RBF-ref-SVM,quantum,5,0.7777777777777778,0.8,"{""clf__C"": 10.0, ""clf__gamma_mult"": 1.0}",17.644905500000277
50,quantum/HS-RBF-ref-SVM,quantum,6,0.4444444444444444,0.4,"{""clf__C"": 1.0, ""clf__gamma_mult"": 1.0}",17.644905500000277
50,quantum/HS-RBF-ref-SVM,quantum,7,0.6666666666666666,0.65,"{""clf__C"": 10.0, ""clf__gamma_mult"": 1.0}",17.644905500000277
50,quantum/HS-RBF-ref-SVM,quantum,8,0.6666666666666666,0.85,"{""clf__C"": 10.0, ""clf__gamma_mult"": 1.0}",17.644905500000277
50,quantum/HS-RBF-ref-SVM,quantum,9,0.6666666666666666,0.65,"{""clf__C"": 10.0, ""clf__gamma_mult"": 0.25}",17.644905500000277
50,quantum/HS-RBF-ref-SVM,quantum,10,0.5555555555555556,0.7,"{""clf__C"": 10.0, ""clf__gamma_mult"": 1.0}",17.644905500000277
50,quantum/HS-RBF-ref-SVM,quantum,11,0.5555555555555556,0.5,"{""clf__C"": 10.0, ""clf__gamma_mult"": 0.25}",17.644905500000277
50,quantum/HS-RBF-ref-SVM,quantum,12,0.4444444444444444,0.5,"{""clf__C"": 10.0, ""clf__gamma_mult"": 0.25}",17.644905500000277
50,quantum/HS-RBF-ref-SVM,quantum,13,0.6666666666666666,0.8,"{""clf__C"": 10.0, ""clf__gamma_mult"": 4.0}",17.644905500000277
50,quantum/HS-RBF-ref-SVM,quantum,14,0.3333333333333333,0.3,"{""clf__C"": 10.0, ""clf__gamma_mult"": 0.25}",17.644905500000277
50,quantum/Bures-RBF-ref-SVM,quantum,0,0.5555555555555556,0.65,"{""clf__C"": 10.0, ""clf__gamma_mult"": 0.25}",27.375870899999427
50,quantum/Bures-RBF-ref-SVM,quantum,1,0.4444444444444444,0.5,"{""clf__C"": 10.0, ""clf__gamma_mult"": 1.0}",27.375870899999427
50,quantum/Bures-RBF-ref-SVM,quantum,2,0.4444444444444444,0.19999999999999998,"{""clf__C"": 10.0, ""clf__gamma_mult"": 1.0}",27.375870899999427
50,quantum/Bures-RBF-ref-SVM,quantum,3,0.5555555555555556,0.5,"{""clf__C"": 10.0, ""clf__gamma_mult"": 1.0}",27.375870899999427
50,quantum/Bures-RBF-ref-SVM,quantum,4,0.5555555555555556,0.6,"{""clf__C"": 10.0, ""clf__gamma_mult"": 1.0}",27.375870899999427
50,quantum/Bures-RBF-ref-SVM,quantum,5,0.6666666666666666,0.7,"{""clf__C"": 10.0, ""clf__gamma_mult"": 0.25}",27.375870899999427
50,quantum/Bures-RBF-ref-SVM,quantum,6,0.4444444444444444,0.4,"{""clf__C"": 1.0, ""clf__gamma_mult"": 1.0}",27.375870899999427
50,quantum/Bures-RBF-ref-SVM,quantum,7,0.6666666666666666,0.5499999999999999,"{""clf__C"": 10.0, ""clf__gamma_mult"": 1.0}",27.375870899999427
50,quantum/Bures-RBF-ref-SVM,quantum,8,0.6666666666666666,0.85,"{""clf__C"": 10.0, ""clf__gamma_mult"": 1.0}",27.375870899999427
50,quantum/Bures-RBF-ref-SVM,quantum,9,0.6666666666666666,0.7000000000000001,"{""clf__C"": 10.0, ""clf__gamma_mult"": 0.25}",27.375870899999427
50,quantum/Bures-RBF-ref-SVM,quantum,10,0.5555555555555556,0.65,"{""clf__C"": 10.0, ""clf__gamma_mult"": 1.0}",27.375870899999427
50,quantum/Bures-RBF-ref-SVM,quantum,11,0.5555555555555556,0.55,"{""clf__C"": 10.0, ""clf__gamma_mult"": 1.0}",27.375870899999427
50,quantum/Bures-RBF-ref-SVM,quantum,12,0.4444444444444444,0.6,"{""clf__C"": 10.0, ""clf__gamma_mult"": 0.25}",27.375870899999427
50,quantum/Bures-RBF-ref-SVM,quantum,13,0.6666666666666666,0.8,"{""clf__C"": 10.0, ""clf__gamma_mult"": 4.0}",27.375870899999427
50,quantum/Bures-RBF-ref-SVM,quantum,14,0.4444444444444444,0.3,"{""clf__C"": 10.0, ""clf__gamma_mult"": 0.25}",27.375870899999427
50,quantum/QRE-RBF-ref-SVM,quantum,0,0.5555555555555556,0.7,"{""clf__C"": 10.0, ""clf__gamma_mult"": 0.25}",21.016653399999996
50,quantum/QRE-RBF-ref-SVM,quantum,1,0.4444444444444444,0.5,"{""clf__C"": 10.0, ""clf__gamma_mult"": 0.25}",21.016653399999996
50,quantum/QRE-RBF-ref-SVM,quantum,2,0.4444444444444444,0.19999999999999998,"{""clf__C"": 10.0, ""clf__gamma_mult"": 1.0}",21.016653399999996
50,quantum/QRE-RBF-ref-SVM,quantum,3,0.5555555555555556,0.45,"{""clf__C"": 10.0, ""clf__gamma_mult"": 1.0}",21.016653399999996
50,quantum/QRE-RBF-ref-SVM,quantum,4,0.5555555555555556,0.6,"{""clf__C"": 10.0, ""clf__gamma_mult"": 1.0}",21.016653399999996
50,quantum/QRE-RBF-ref-SVM,quantum,5,0.6666666666666666,0.7,"{""clf__C"": 10.0, ""clf__gamma_mult"": 0.25}",21.016653399999996
50,quantum/QRE-RBF-ref-SVM,quantum,6,0.4444444444444444,0.4,"{""clf__C"": 1.0, ""clf__gamma_mult"": 1.0}",21.016653399999996
50,quantum/QRE-RBF-ref-SVM,quantum,7,0.6666666666666666,0.5499999999999999,"{""clf__C"": 10.0, ""clf__gamma_mult"": 1.0}",21.016653399999996
50,quantum/QRE-RBF-ref-SVM,quantum,8,0.6666666666666666,0.9,"{""clf__C"": 10.0, ""clf__gamma_mult"": 1.0}",21.016653399999996
50,quantum/QRE-RBF-ref-SVM,quantum,9,0.6666666666666666,0.7000000000000001,"{""clf__C"": 10.0, ""clf__gamma_mult"": 0.25}",21.016653399999996
50,quantum/QRE-RBF-ref-SVM,quantum,10,0.5555555555555556,0.65,"{""clf__C"": 10.0, ""clf__gamma_mult"": 1.0}",21.016653399999996
50,quantum/QRE-RBF-ref-SVM,quantum,11,0.5555555555555556,0.55,"{""clf__C"": 10.0, ""clf__gamma_mult"": 1.0}",21.016653399999996
50,quantum/QRE-RBF-ref-SVM,quantum,12,0.4444444444444444,0.6,"{""clf__C"": 10.0, ""clf__gamma_mult"": 0.25}",21.016653399999996
50,quantum/QRE-RBF-ref-SVM,quantum,13,0.6666666666666666,0.8,"{""clf__C"": 10.0, ""clf__gamma_mult"": 4.0}",21.016653399999996
50,quantum/QRE-RBF-ref-SVM,quantum,14,0.4444444444444444,0.3,"{""clf__C"": 10.0, ""clf__gamma_mult"": 0.25}",21.016653399999996
50,quantum/IQP-kernel-SVM,quantum,0,0.5555555555555556,0.6,"{""clf__C"": 1.0, ""clf__scale"": 1.0}",25.278680699999313
50,quantum/IQP-kernel-SVM,quantum,1,0.5555555555555556,0.5,"{""clf__C"": 10.0, ""clf__scale"": 2.0}",25.278680699999313
50,quantum/IQP-kernel-SVM,quantum,2,0.3333333333333333,0.04999999999999999,"{""clf__C"": 10.0, ""clf__scale"": 2.0}",25.278680699999313
50,quantum/IQP-kernel-SVM,quantum,3,0.2222222222222222,0.04999999999999999,"{""clf__C"": 1.0, ""clf__scale"": 2.0}",25.278680699999313
50,quantum/IQP-kernel-SVM,quantum,4,0.6666666666666666,0.7000000000000001,"{""clf__C"": 10.0, ""clf__scale"": 2.0}",25.278680699999313
50,quantum/IQP-kernel-SVM,quantum,5,0.4444444444444444,0.4,"{""clf__C"": 1.0, ""clf__scale"": 0.5}",25.278680699999313
50,quantum/IQP-kernel-SVM,quantum,6,0.4444444444444444,0.6000000000000001,"{""clf__C"": 0.1, ""clf__scale"": 0.5}",25.278680699999313
50,quantum/IQP-kernel-SVM,quantum,7,0.3333333333333333,0.39999999999999997,"{""clf__C"": 10.0, ""clf__scale"": 0.5}",25.278680699999313
50,quantum/IQP-kernel-SVM,quantum,8,0.2222222222222222,0.0,"{""clf__C"": 1.0, ""clf__scale"": 0.5}",25.278680699999313
50,quantum/IQP-kernel-SVM,quantum,9,0.3333333333333333,0.44999999999999996,"{""clf__C"": 1.0, ""clf__scale"": 1.0}",25.278680699999313
50,quantum/IQP-kernel-SVM,quantum,10,0.6666666666666666,0.85,"{""clf__C"": 1.0, ""clf__scale"": 2.0}",25.278680699999313
50,quantum/IQP-kernel-SVM,quantum,11,0.1111111111111111,0.05,"{""clf__C"": 10.0, ""clf__scale"": 2.0}",25.278680699999313
50,quantum/IQP-kernel-SVM,quantum,12,0.6666666666666666,0.8500000000000001,"{""clf__C"": 10.0, ""clf__scale"": 1.0}",25.278680699999313
50,quantum/IQP-kernel-SVM,quantum,13,0.2222222222222222,0.35,"{""clf__C"": 10.0, ""clf__scale"": 1.0}",25.278680699999313
50,quantum/IQP-kernel-SVM,quantum,14,0.2222222222222222,0.1,"{""clf__C"": 10.0, ""clf__scale"": 0.5}",25.278680699999313
50,quantum/CNOT-kernel-SVM,quantum,0,0.3333333333333333,0.25,"{""clf__C"": 10.0, ""clf__scale"": 2.0}",23.369305500000337
50,quantum/CNOT-kernel-SVM,quantum,1,0.5555555555555556,0.5,"{""clf__C"": 1.0, ""clf__scale"": 1.0}",23.369305500000337
50,quantum/CNOT-kernel-SVM,quantum,2,0.5555555555555556,0.55,"{""clf__C"": 10.0, ""clf__scale"": 2.0}",23.369305500000337
50,quantum/CNOT-kernel-SVM,quantum,3,0.4444444444444444,0.55,"{""clf__C"": 10.0, ""clf__scale"": 2.0}",23.369305500000337
50,quantum/CNOT-kernel-SVM,quantum,4,0.4444444444444444,0.45,"{""clf__C"": 0.1, ""clf__scale"": 0.5}",23.369305500000337
50,quantum/CNOT-kernel-SVM,quantum,5,0.4444444444444444,0.45000000000000007,"{""clf__C"": 0.1, ""clf__scale"": 0.5}",23.369305500000337
50,quantum/CNOT-kernel-SVM,quantum,6,0.4444444444444444,0.35,"{""clf__C"": 0.1, ""clf__scale"": 0.5}",23.369305500000337
50,quantum/CNOT-kernel-SVM,quantum,7,0.2222222222222222,0.09999999999999998,"{""clf__C"": 10.0, ""clf__scale"": 2.0}",23.369305500000337
50,quantum/CNOT-kernel-SVM,quantum,8,0.2222222222222222,0.09999999999999998,"{""clf__C"": 1.0, ""clf__scale"": 2.0}",23.369305500000337
50,quantum/CNOT-kernel-SVM,quantum,9,0.5555555555555556,0.4,"{""clf__C"": 10.0, ""clf__scale"": 2.0}",23.369305500000337
50,quantum/CNOT-kernel-SVM,quantum,10,0.6666666666666666,0.7,"{""clf__C"": 10.0, ""clf__scale"": 2.0}",23.369305500000337
50,quantum/CNOT-kernel-SVM,quantum,11,0.4444444444444444,0.35,"{""clf__C"": 1.0, ""clf__scale"": 1.0}",23.369305500000337
50,quantum/CNOT-kernel-SVM,quantum,12,0.3333333333333333,0.39999999999999997,"{""clf__C"": 1.0, ""clf__scale"": 2.0}",23.369305500000337
50,quantum/CNOT-kernel-SVM,quantum,13,0.3333333333333333,0.09999999999999998,"{""clf__C"": 10.0, ""clf__scale"": 0.5}",23.369305500000337
50,quantum/CNOT-kernel-SVM,quantum,14,0.4444444444444444,0.25,"{""clf__C"": 1.0, ""clf__scale"": 2.0}",23.369305500000337
50,control/IQP-no-entangle,control,0,0.3333333333333333,0.45,"{""clf__C"": 1.0, ""clf__scale"": 2.0}",21.841569999999592
50,control/IQP-no-entangle,control,1,0.6666666666666666,0.5,"{""clf__C"": 10.0, ""clf__scale"": 0.5}",21.841569999999592
50,control/IQP-no-entangle,control,2,0.6666666666666666,0.55,"{""clf__C"": 10.0, ""clf__scale"": 2.0}",21.841569999999592
50,control/IQP-no-entangle,control,3,0.5555555555555556,0.55,"{""clf__C"": 10.0, ""clf__scale"": 1.0}",21.841569999999592
50,control/IQP-no-entangle,control,4,0.5555555555555556,0.55,"{""clf__C"": 1.0, ""clf__scale"": 2.0}",21.841569999999592
50,control/IQP-no-entangle,control,5,0.6666666666666666,0.55,"{""clf__C"": 1.0, ""clf__scale"": 2.0}",21.841569999999592
50,control/IQP-no-entangle,control,6,0.3333333333333333,0.2,"{""clf__C"": 10.0, ""clf__scale"": 2.0}",21.841569999999592
50,control/IQP-no-entangle,control,7,0.4444444444444444,0.30000000000000004,"{""clf__C"": 1.0, ""clf__scale"": 2.0}",21.841569999999592
50,control/IQP-no-entangle,control,8,0.5555555555555556,0.85,"{""clf__C"": 1.0, ""clf__scale"": 2.0}",21.841569999999592
50,control/IQP-no-entangle,control,9,0.3333333333333333,0.39999999999999997,"{""clf__C"": 10.0, ""clf__scale"": 2.0}",21.841569999999592
50,control/IQP-no-entangle,control,10,0.5555555555555556,0.7,"{""clf__C"": 1.0, ""clf__scale"": 2.0}",21.841569999999592
50,control/IQP-no-entangle,control,11,0.4444444444444444,0.6,"{""clf__C"": 10.0, ""clf__scale"": 2.0}",21.841569999999592
50,control/IQP-no-entangle,control,12,0.5555555555555556,0.75,"{""clf__C"": 10.0, ""clf__scale"": 2.0}",21.841569999999592
50,control/IQP-no-entangle,control,13,0.4444444444444444,0.2,"{""clf__C"": 1.0, ""clf__scale"": 1.0}",21.841569999999592
50,control/IQP-no-entangle,control,14,0.2222222222222222,0.04999999999999999,"{""clf__C"": 10.0, ""clf__scale"": 1.0}",21.841569999999592
50,control/PCA-matched-RBF,control,0,0.3333333333333333,0.4,"{""clf__C"": 10.0, ""clf__gamma"": ""scale""}",18.228257400000075
50,control/PCA-matched-RBF,control,1,0.4444444444444444,0.5,"{""clf__C"": 0.1, ""clf__gamma"": ""scale""}",18.228257400000075
50,control/PCA-matched-RBF,control,2,0.4444444444444444,0.0,"{""clf__C"": 10.0, ""clf__gamma"": ""scale""}",18.228257400000075
50,control/PCA-matched-RBF,control,3,0.5555555555555556,0.49999999999999994,"{""clf__C"": 10.0, ""clf__gamma"": ""scale""}",18.228257400000075
50,control/PCA-matched-RBF,control,4,0.3333333333333333,0.25,"{""clf__C"": 10.0, ""clf__gamma"": 0.01}",18.228257400000075
50,control/PCA-matched-RBF,control,5,0.4444444444444444,0.5499999999999999,"{""clf__C"": 0.1, ""clf__gamma"": ""scale""}",18.228257400000075
50,control/PCA-matched-RBF,control,6,0.4444444444444444,0.45,"{""clf__C"": 0.1, ""clf__gamma"": ""scale""}",18.228257400000075
50,control/PCA-matched-RBF,control,7,0.4444444444444444,0.2,"{""clf__C"": 1.0, ""clf__gamma"": ""scale""}",18.228257400000075
50,control/PCA-matched-RBF,control,8,0.4444444444444444,0.09999999999999998,"{""clf__C"": 10.0, ""clf__gamma"": 0.1}",18.228257400000075
50,control/PCA-matched-RBF,control,9,0.4444444444444444,0.35,"{""clf__C"": 10.0, ""clf__gamma"": ""scale""}",18.228257400000075
50,control/PCA-matched-RBF,control,10,0.6666666666666666,0.85,"{""clf__C"": 10.0, ""clf__gamma"": ""scale""}",18.228257400000075
50,control/PCA-matched-RBF,control,11,0.4444444444444444,0.30000000000000004,"{""clf__C"": 0.1, ""clf__gamma"": ""scale""}",18.228257400000075
50,control/PCA-matched-RBF,control,12,0.3333333333333333,0.19999999999999998,"{""clf__C"": 10.0, ""clf__gamma"": ""scale""}",18.228257400000075
50,control/PCA-matched-RBF,control,13,0.2222222222222222,0.15,"{""clf__C"": 10.0, ""clf__gamma"": 0.01}",18.228257400000075
50,control/PCA-matched-RBF,control,14,0.3333333333333333,0.04999999999999999,"{""clf__C"": 10.0, ""clf__gamma"": 0.1}",18.228257400000075
50,control/PCA-matched-linear,control,0,0.4444444444444444,0.65,"{""clf__C"": 0.1}",6.536160399999972
50,control/PCA-matched-linear,control,1,0.4444444444444444,0.45,"{""clf__C"": 0.1}",6.536160399999972
50,control/PCA-matched-linear,control,2,0.2222222222222222,0.14999999999999997,"{""clf__C"": 1.0}",6.536160399999972
50,control/PCA-matched-linear,control,3,0.3333333333333333,0.35,"{""clf__C"": 1.0}",6.536160399999972
50,control/PCA-matched-linear,control,4,0.3333333333333333,0.25,"{""clf__C"": 1.0}",6.536160399999972
50,control/PCA-matched-linear,control,5,0.4444444444444444,0.3,"{""clf__C"": 0.1}",6.536160399999972
50,control/PCA-matched-linear,control,6,0.4444444444444444,0.4,"{""clf__C"": 0.1}",6.536160399999972
50,control/PCA-matched-linear,control,7,0.4444444444444444,0.25,"{""clf__C"": 1.0}",6.536160399999972
50,control/PCA-matched-linear,control,8,0.1111111111111111,0.0,"{""clf__C"": 10.0}",6.536160399999972
50,control/PCA-matched-linear,control,9,0.3333333333333333,0.15,"{""clf__C"": 1.0}",6.536160399999972
50,control/PCA-matched-linear,control,10,0.4444444444444444,0.25,"{""clf__C"": 0.1}",6.536160399999972
50,control/PCA-matched-linear,control,11,0.2222222222222222,0.4,"{""clf__C"": 1.0}",6.536160399999972
50,control/PCA-matched-linear,control,12,0.2222222222222222,0.19999999999999998,"{""clf__C"": 0.1}",6.536160399999972
50,control/PCA-matched-linear,control,13,0.3333333333333333,0.15,"{""clf__C"": 1.0}",6.536160399999972
50,control/PCA-matched-linear,control,14,0.0,0.0,"{""clf__C"": 10.0}",6.536160399999972
50,control/logeuclid-TS+LR,control,0,0.5555555555555556,0.5,"{""clf__C"": 1.0}",5.267192899999827
50,control/logeuclid-TS+LR,control,1,0.3333333333333333,0.25,"{""clf__C"": 0.1}",5.267192899999827
50,control/logeuclid-TS+LR,control,2,0.4444444444444444,0.39999999999999997,"{""clf__C"": 0.1}",5.267192899999827
50,control/logeuclid-TS+LR,control,3,0.3333333333333333,0.3,"{""clf__C"": 0.1}",5.267192899999827
50,control/logeuclid-TS+LR,control,4,0.3333333333333333,0.39999999999999997,"{""clf__C"": 10.0}",5.267192899999827
50,control/logeuclid-TS+LR,control,5,0.4444444444444444,0.49999999999999994,"{""clf__C"": 10.0}",5.267192899999827
50,control/logeuclid-TS+LR,control,6,0.1111111111111111,0.2,"{""clf__C"": 0.1}",5.267192899999827
50,control/logeuclid-TS+LR,control,7,0.4444444444444444,0.3,"{""clf__C"": 1.0}",5.267192899999827
50,control/logeuclid-TS+LR,control,8,0.4444444444444444,0.65,"{""clf__C"": 0.1}",5.267192899999827
50,control/logeuclid-TS+LR,control,9,0.4444444444444444,0.55,"{""clf__C"": 1.0}",5.267192899999827
50,control/logeuclid-TS+LR,control,10,0.5555555555555556,0.6,"{""clf__C"": 10.0}",5.267192899999827
50,control/logeuclid-TS+LR,control,11,0.3333333333333333,0.25,"{""clf__C"": 0.1}",5.267192899999827
50,control/logeuclid-TS+LR,control,12,0.5555555555555556,0.5,"{""clf__C"": 0.1}",5.267192899999827
50,control/logeuclid-TS+LR,control,13,0.5555555555555556,0.6000000000000001,"{""clf__C"": 0.1}",5.267192899999827
50,control/logeuclid-TS+LR,control,14,0.1111111111111111,0.25,"{""clf__C"": 1.0}",5.267192899999827
50,control/riemann-kernel-SVM,control,0,0.6666666666666666,0.75,"{""clf__C"": 1.0}",6.434988099999828
50,control/riemann-kernel-SVM,control,1,0.5555555555555556,0.45000000000000007,"{""clf__C"": 1.0}",6.434988099999828
50,control/riemann-kernel-SVM,control,2,0.3333333333333333,0.1,"{""clf__C"": 1.0}",6.434988099999828
50,control/riemann-kernel-SVM,control,3,0.3333333333333333,0.35000000000000003,"{""clf__C"": 1.0}",6.434988099999828
50,control/riemann-kernel-SVM,control,4,0.4444444444444444,0.6000000000000001,"{""clf__C"": 1.0}",6.434988099999828
50,control/riemann-kernel-SVM,control,5,0.5555555555555556,0.55,"{""clf__C"": 10.0}",6.434988099999828
50,control/riemann-kernel-SVM,control,6,0.4444444444444444,0.45,"{""clf__C"": 10.0}",6.434988099999828
50,control/riemann-kernel-SVM,control,7,0.5555555555555556,0.44999999999999996,"{""clf__C"": 1.0}",6.434988099999828
50,control/riemann-kernel-SVM,control,8,0.7777777777777778,0.9,"{""clf__C"": 1.0}",6.434988099999828
50,control/riemann-kernel-SVM,control,9,0.6666666666666666,0.75,"{""clf__C"": 10.0}",6.434988099999828
50,control/riemann-kernel-SVM,control,10,0.5555555555555556,0.7,"{""clf__C"": 1.0}",6.434988099999828
50,control/riemann-kernel-SVM,control,11,0.5555555555555556,0.5499999999999999,"{""clf__C"": 1.0}",6.434988099999828
50,control/riemann-kernel-SVM,control,12,0.4444444444444444,0.5499999999999999,"{""clf__C"": 10.0}",6.434988099999828
50,control/riemann-kernel-SVM,control,13,0.6666666666666666,0.75,"{""clf__C"": 1.0}",6.434988099999828
50,control/riemann-kernel-SVM,control,14,0.4444444444444444,0.25,"{""clf__C"": 1.0}",6.434988099999828
50,control/logeuclid-kernel-SVM,control,0,0.5555555555555556,0.6,"{""clf__C"": 10.0}",6.3177544000000125
50,control/logeuclid-kernel-SVM,control,1,0.5555555555555556,0.35000000000000003,"{""clf__C"": 1.0}",6.3177544000000125
50,control/logeuclid-kernel-SVM,control,2,0.2222222222222222,0.15,"{""clf__C"": 1.0}",6.3177544000000125
50,control/logeuclid-kernel-SVM,control,3,0.4444444444444444,0.44999999999999996,"{""clf__C"": 1.0}",6.3177544000000125
50,control/logeuclid-kernel-SVM,control,4,0.5555555555555556,0.6499999999999999,"{""clf__C"": 1.0}",6.3177544000000125
50,control/logeuclid-kernel-SVM,control,5,0.4444444444444444,0.55,"{""clf__C"": 1.0}",6.3177544000000125
50,control/logeuclid-kernel-SVM,control,6,0.4444444444444444,0.4,"{""clf__C"": 0.1}",6.3177544000000125
50,control/logeuclid-kernel-SVM,control,7,0.5555555555555556,0.5499999999999999,"{""clf__C"": 10.0}",6.3177544000000125
50,control/logeuclid-kernel-SVM,control,8,0.7777777777777778,0.9,"{""clf__C"": 10.0}",6.3177544000000125
50,control/logeuclid-kernel-SVM,control,9,0.7777777777777778,0.7000000000000001,"{""clf__C"": 10.0}",6.3177544000000125
50,control/logeuclid-kernel-SVM,control,10,0.5555555555555556,0.7,"{""clf__C"": 10.0}",6.3177544000000125
50,control/logeuclid-kernel-SVM,control,11,0.6666666666666666,0.45000000000000007,"{""clf__C"": 1.0}",6.3177544000000125
50,control/logeuclid-kernel-SVM,control,12,0.5555555555555556,0.5499999999999999,"{""clf__C"": 10.0}",6.3177544000000125
50,control/logeuclid-kernel-SVM,control,13,0.6666666666666666,0.55,"{""clf__C"": 10.0}",6.3177544000000125
50,control/logeuclid-kernel-SVM,control,14,0.4444444444444444,0.35000000000000003,"{""clf__C"": 1.0}",6.3177544000000125
51,classical/logvar+LDA,classical,0,0.5555555555555556,0.5,{},0.1038873000006788
51,classical/logvar+LDA,classical,1,0.6666666666666666,0.85,{},0.1038873000006788
51,classical/logvar+LDA,classical,2,0.5555555555555556,0.35,{},0.1038873000006788
51,classical/logvar+LDA,classical,3,0.4444444444444444,0.35,{},0.1038873000006788
51,classical/logvar+LDA,classical,4,0.3333333333333333,0.35,{},0.1038873000006788
51,classical/logvar+LDA,classical,5,0.7777777777777778,0.8,{},0.1038873000006788
51,classical/logvar+LDA,classical,6,0.2222222222222222,0.30000000000000004,{},0.1038873000006788
51,classical/logvar+LDA,classical,7,0.6666666666666666,0.8,{},0.1038873000006788
51,classical/logvar+LDA,classical,8,0.3333333333333333,0.39999999999999997,{},0.1038873000006788
51,classical/logvar+LDA,classical,9,0.4444444444444444,0.45,{},0.1038873000006788
51,classical/logvar+LDA,classical,10,0.2222222222222222,0.35,{},0.1038873000006788
51,classical/logvar+LDA,classical,11,0.5555555555555556,0.7,{},0.1038873000006788
51,classical/logvar+LDA,classical,12,0.3333333333333333,0.29999999999999993,{},0.1038873000006788
51,classical/logvar+LDA,classical,13,0.6666666666666666,0.45,{},0.1038873000006788
51,classical/logvar+LDA,classical,14,0.2222222222222222,0.15,{},0.1038873000006788
51,classical/CSP+LDA,classical,0,0.5555555555555556,0.4,"{""csp__nfilter"": 2}",4.2746347999991485
51,classical/CSP+LDA,classical,1,0.4444444444444444,0.5,"{""csp__nfilter"": 2}",4.2746347999991485
51,classical/CSP+LDA,classical,2,0.2222222222222222,0.35,"{""csp__nfilter"": 4}",4.2746347999991485
51,classical/CSP+LDA,classical,3,0.3333333333333333,0.5,"{""csp__nfilter"": 6}",4.2746347999991485
51,classical/CSP+LDA,classical,4,0.4444444444444444,0.35000000000000003,"{""csp__nfilter"": 4}",4.2746347999991485
51,classical/CSP+LDA,classical,5,0.3333333333333333,0.3,"{""csp__nfilter"": 6}",4.2746347999991485
51,classical/CSP+LDA,classical,6,0.3333333333333333,0.24999999999999997,"{""csp__nfilter"": 4}",4.2746347999991485
51,classical/CSP+LDA,classical,7,0.5555555555555556,0.65,"{""csp__nfilter"": 2}",4.2746347999991485
51,classical/CSP+LDA,classical,8,0.3333333333333333,0.3,"{""csp__nfilter"": 4}",4.2746347999991485
51,classical/CSP+LDA,classical,9,0.4444444444444444,0.44999999999999996,"{""csp__nfilter"": 2}",4.2746347999991485
51,classical/CSP+LDA,classical,10,0.5555555555555556,0.5499999999999999,"{""csp__nfilter"": 2}",4.2746347999991485
51,classical/CSP+LDA,classical,11,0.5555555555555556,0.7,"{""csp__nfilter"": 2}",4.2746347999991485
51,classical/CSP+LDA,classical,12,0.4444444444444444,0.3,"{""csp__nfilter"": 4}",4.2746347999991485
51,classical/CSP+LDA,classical,13,0.6666666666666666,0.55,"{""csp__nfilter"": 4}",4.2746347999991485
51,classical/CSP+LDA,classical,14,0.4444444444444444,0.35000000000000003,"{""csp__nfilter"": 6}",4.2746347999991485
51,classical/MDM,classical,0,0.5555555555555556,0.55,{},0.6613022999999885
51,classical/MDM,classical,1,0.4444444444444444,0.6000000000000001,{},0.6613022999999885
51,classical/MDM,classical,2,0.2222222222222222,0.29999999999999993,{},0.6613022999999885
51,classical/MDM,classical,3,0.4444444444444444,0.3,{},0.6613022999999885
51,classical/MDM,classical,4,0.3333333333333333,0.35000000000000003,{},0.6613022999999885
51,classical/MDM,classical,5,0.5555555555555556,0.35,{},0.6613022999999885
51,classical/MDM,classical,6,0.2222222222222222,0.2,{},0.6613022999999885
51,classical/MDM,classical,7,0.3333333333333333,0.5,{},0.6613022999999885
51,classical/MDM,classical,8,0.2222222222222222,0.3,{},0.6613022999999885
51,classical/MDM,classical,9,0.3333333333333333,0.30000000000000004,{},0.6613022999999885
51,classical/MDM,classical,10,0.3333333333333333,0.35,{},0.6613022999999885
51,classical/MDM,classical,11,0.5555555555555556,0.6499999999999999,{},0.6613022999999885
51,classical/MDM,classical,12,0.3333333333333333,0.15,{},0.6613022999999885
51,classical/MDM,classical,13,0.5555555555555556,0.5499999999999999,{},0.6613022999999885
51,classical/MDM,classical,14,0.2222222222222222,0.25,{},0.6613022999999885
51,classical/TS+LR,classical,0,0.5555555555555556,0.35000000000000003,"{""clf__C"": 1.0}",6.533675600000606
51,classical/TS+LR,classical,1,0.7777777777777778,0.65,"{""clf__C"": 0.1}",6.533675600000606
51,classical/TS+LR,classical,2,0.3333333333333333,0.19999999999999998,"{""clf__C"": 1.0}",6.533675600000606
51,classical/TS+LR,classical,3,0.1111111111111111,0.19999999999999996,"{""clf__C"": 10.0}",6.533675600000606
51,classical/TS+LR,classical,4,0.5555555555555556,0.55,"{""clf__C"": 1.0}",6.533675600000606
51,classical/TS+LR,classical,5,0.3333333333333333,0.19999999999999998,"{""clf__C"": 0.1}",6.533675600000606
51,classical/TS+LR,classical,6,0.4444444444444444,0.39999999999999997,"{""clf__C"": 10.0}",6.533675600000606
51,classical/TS+LR,classical,7,0.3333333333333333,0.4,"{""clf__C"": 0.1}",6.533675600000606
51,classical/TS+LR,classical,8,0.3333333333333333,0.3,"{""clf__C"": 0.1}",6.533675600000606
51,classical/TS+LR,classical,9,0.4444444444444444,0.30000000000000004,"{""clf__C"": 0.1}",6.533675600000606
51,classical/TS+LR,classical,10,0.3333333333333333,0.39999999999999997,"{""clf__C"": 1.0}",6.533675600000606
51,classical/TS+LR,classical,11,0.3333333333333333,0.5,"{""clf__C"": 1.0}",6.533675600000606
51,classical/TS+LR,classical,12,0.4444444444444444,0.35,"{""clf__C"": 1.0}",6.533675600000606
51,classical/TS+LR,classical,13,0.5555555555555556,0.5,"{""clf__C"": 1.0}",6.533675600000606
51,classical/TS+LR,classical,14,0.2222222222222222,0.05,"{""clf__C"": 0.1}",6.533675600000606
51,classical/TS+RBF-SVM,classical,0,0.5555555555555556,0.55,"{""clf__C"": 0.1, ""clf__gamma"": ""scale""}",17.74450429999979
51,classical/TS+RBF-SVM,classical,1,0.5555555555555556,0.6,"{""clf__C"": 0.1, ""clf__gamma"": ""scale""}",17.74450429999979
51,classical/TS+RBF-SVM,classical,2,0.5555555555555556,0.19999999999999998,"{""clf__C"": 0.1, ""clf__gamma"": ""scale""}",17.74450429999979
51,classical/TS+RBF-SVM,classical,3,0.1111111111111111,0.19999999999999996,"{""clf__C"": 10.0, ""clf__gamma"": 0.01}",17.74450429999979
51,classical/TS+RBF-SVM,classical,4,0.4444444444444444,0.44999999999999996,"{""clf__C"": 0.1, ""clf__gamma"": ""scale""}",17.74450429999979
51,classical/TS+RBF-SVM,classical,5,0.2222222222222222,0.19999999999999996,"{""clf__C"": 10.0, ""clf__gamma"": 0.01}",17.74450429999979
51,classical/TS+RBF-SVM,classical,6,0.5555555555555556,0.19999999999999998,"{""clf__C"": 0.1, ""clf__gamma"": ""scale""}",17.74450429999979
51,classical/TS+RBF-SVM,classical,7,0.5555555555555556,0.39999999999999997,"{""clf__C"": 0.1, ""clf__gamma"": ""scale""}",17.74450429999979
51,classical/TS+RBF-SVM,classical,8,0.5555555555555556,0.3,"{""clf__C"": 0.1, ""clf__gamma"": ""scale""}",17.74450429999979
51,classical/TS+RBF-SVM,classical,9,0.4444444444444444,0.30000000000000004,"{""clf__C"": 0.1, ""clf__gamma"": ""scale""}",17.74450429999979
51,classical/TS+RBF-SVM,classical,10,0.5555555555555556,0.5,"{""clf__C"": 0.1, ""clf__gamma"": ""scale""}",17.74450429999979
51,classical/TS+RBF-SVM,classical,11,0.5555555555555556,0.6500000000000001,"{""clf__C"": 0.1, ""clf__gamma"": ""scale""}",17.74450429999979
51,classical/TS+RBF-SVM,classical,12,0.5555555555555556,0.29999999999999993,"{""clf__C"": 0.1, ""clf__gamma"": ""scale""}",17.74450429999979
51,classical/TS+RBF-SVM,classical,13,0.4444444444444444,0.5499999999999999,"{""clf__C"": 1.0, ""clf__gamma"": ""scale""}",17.74450429999979
51,classical/TS+RBF-SVM,classical,14,0.4444444444444444,0.1,"{""clf__C"": 0.1, ""clf__gamma"": ""scale""}",17.74450429999979
51,quantum/HS-overlap-SVM,quantum,0,0.5555555555555556,0.19999999999999998,"{""clf__C"": 0.1}",4.397573700000066
51,quantum/HS-overlap-SVM,quantum,1,0.5555555555555556,0.7750000000000001,"{""clf__C"": 0.1}",4.397573700000066
51,quantum/HS-overlap-SVM,quantum,2,0.5555555555555556,0.475,"{""clf__C"": 0.1}",4.397573700000066
51,quantum/HS-overlap-SVM,quantum,3,0.5555555555555556,0.7,"{""clf__C"": 0.1}",4.397573700000066
51,quantum/HS-overlap-SVM,quantum,4,0.4444444444444444,0.35,"{""clf__C"": 0.1}",4.397573700000066
51,quantum/HS-overlap-SVM,quantum,5,0.5555555555555556,0.19999999999999996,"{""clf__C"": 0.1}",4.397573700000066
51,quantum/HS-overlap-SVM,quantum,6,0.5555555555555556,0.7,"{""clf__C"": 0.1}",4.397573700000066
51,quantum/HS-overlap-SVM,quantum,7,0.5555555555555556,0.6499999999999999,"{""clf__C"": 0.1}",4.397573700000066
51,quantum/HS-overlap-SVM,quantum,8,0.5555555555555556,0.25,"{""clf__C"": 0.1}",4.397573700000066
51,quantum/HS-overlap-SVM,quantum,9,0.4444444444444444,0.575,"{""clf__C"": 0.1}",4.397573700000066
51,quantum/HS-overlap-SVM,quantum,10,0.5555555555555556,0.9500000000000001,"{""clf__C"": 0.1}",4.397573700000066
51,quantum/HS-overlap-SVM,quantum,11,0.5555555555555556,0.6,"{""clf__C"": 0.1}",4.397573700000066
51,quantum/HS-overlap-SVM,quantum,12,0.5555555555555556,0.2,"{""clf__C"": 0.1}",4.397573700000066
51,quantum/HS-overlap-SVM,quantum,13,0.5555555555555556,0.35000000000000003,"{""clf__C"": 0.1}",4.397573700000066
51,quantum/HS-overlap-SVM,quantum,14,0.4444444444444444,0.75,"{""clf__C"": 0.1}",4.397573700000066
51,quantum/Fidelity-SVM,quantum,0,0.5555555555555556,0.525,"{""clf__C"": 0.1}",7.997365600000194
51,quantum/Fidelity-SVM,quantum,1,0.5555555555555556,0.5,"{""clf__C"": 0.1}",7.997365600000194
51,quantum/Fidelity-SVM,quantum,2,0.5555555555555556,0.49999999999999994,"{""clf__C"": 0.1}",7.997365600000194
51,quantum/Fidelity-SVM,quantum,3,0.5555555555555556,0.275,"{""clf__C"": 0.1}",7.997365600000194
51,quantum/Fidelity-SVM,quantum,4,0.4444444444444444,0.45,"{""clf__C"": 0.1}",7.997365600000194
51,quantum/Fidelity-SVM,quantum,5,0.5555555555555556,0.32499999999999996,"{""clf__C"": 0.1}",7.997365600000194
51,quantum/Fidelity-SVM,quantum,6,0.5555555555555556,0.42500000000000004,"{""clf__C"": 0.1}",7.997365600000194
51,quantum/Fidelity-SVM,quantum,7,0.5555555555555556,0.5,"{""clf__C"": 0.1}",7.997365600000194
51,quantum/Fidelity-SVM,quantum,8,0.5555555555555556,0.375,"{""clf__C"": 0.1}",7.997365600000194
51,quantum/Fidelity-SVM,quantum,9,0.4444444444444444,0.45000000000000007,"{""clf__C"": 0.1}",7.997365600000194
51,quantum/Fidelity-SVM,quantum,10,0.5555555555555556,0.5,"{""clf__C"": 0.1}",7.997365600000194
51,quantum/Fidelity-SVM,quantum,11,0.5555555555555556,0.42499999999999993,"{""clf__C"": 0.1}",7.997365600000194
51,quantum/Fidelity-SVM,quantum,12,0.5555555555555556,0.07499999999999998,"{""clf__C"": 0.1}",7.997365600000194
51,quantum/Fidelity-SVM,quantum,13,0.5555555555555556,0.6749999999999999,"{""clf__C"": 0.1}",7.997365600000194
51,quantum/Fidelity-SVM,quantum,14,0.4444444444444444,0.4,"{""clf__C"": 0.1}",7.997365600000194
51,quantum/HS-RBF-SVM,quantum,0,0.5555555555555556,0.5,"{""clf__C"": 0.1, ""clf__gamma_mult"": 0.25}",12.37495730000046
51,quantum/HS-RBF-SVM,quantum,1,0.5555555555555556,0.5,"{""clf__C"": 0.1, ""clf__gamma_mult"": 0.25}",12.37495730000046
51,quantum/HS-RBF-SVM,quantum,2,0.5555555555555556,0.5,"{""clf__C"": 0.1, ""clf__gamma_mult"": 0.25}",12.37495730000046
51,quantum/HS-RBF-SVM,quantum,3,0.5555555555555556,0.5,"{""clf__C"": 0.1, ""clf__gamma_mult"": 0.25}",12.37495730000046
51,quantum/HS-RBF-SVM,quantum,4,0.4444444444444444,0.5,"{""clf__C"": 0.1, ""clf__gamma_mult"": 0.25}",12.37495730000046
51,quantum/HS-RBF-SVM,quantum,5,0.5555555555555556,0.5,"{""clf__C"": 0.1, ""clf__gamma_mult"": 0.25}",12.37495730000046
51,quantum/HS-RBF-SVM,quantum,6,0.5555555555555556,0.5,"{""clf__C"": 0.1, ""clf__gamma_mult"": 0.25}",12.37495730000046
51,quantum/HS-RBF-SVM,quantum,7,0.5555555555555556,0.5,"{""clf__C"": 0.1, ""clf__gamma_mult"": 0.25}",12.37495730000046
51,quantum/HS-RBF-SVM,quantum,8,0.5555555555555556,0.5,"{""clf__C"": 0.1, ""clf__gamma_mult"": 0.25}",12.37495730000046
51,quantum/HS-RBF-SVM,quantum,9,0.4444444444444444,0.5,"{""clf__C"": 0.1, ""clf__gamma_mult"": 0.25}",12.37495730000046
51,quantum/HS-RBF-SVM,quantum,10,0.5555555555555556,0.5,"{""clf__C"": 0.1, ""clf__gamma_mult"": 0.25}",12.37495730000046
51,quantum/HS-RBF-SVM,quantum,11,0.5555555555555556,0.5,"{""clf__C"": 0.1, ""clf__gamma_mult"": 0.25}",12.37495730000046
51,quantum/HS-RBF-SVM,quantum,12,0.5555555555555556,0.5,"{""clf__C"": 0.1, ""clf__gamma_mult"": 0.25}",12.37495730000046
51,quantum/HS-RBF-SVM,quantum,13,0.5555555555555556,0.5,"{""clf__C"": 0.1, ""clf__gamma_mult"": 0.25}",12.37495730000046
51,quantum/HS-RBF-SVM,quantum,14,0.4444444444444444,0.5,"{""clf__C"": 0.1, ""clf__gamma_mult"": 0.25}",12.37495730000046
51,quantum/Bures-RBF-SVM,quantum,0,0.5555555555555556,0.5,"{""clf__C"": 0.1, ""clf__gamma_mult"": 0.25}",20.601644600000327
51,quantum/Bures-RBF-SVM,quantum,1,0.5555555555555556,0.55,"{""clf__C"": 0.1, ""clf__gamma_mult"": 0.25}",20.601644600000327
51,quantum/Bures-RBF-SVM,quantum,2,0.5555555555555556,0.475,"{""clf__C"": 0.1, ""clf__gamma_mult"": 0.25}",20.601644600000327
51,quantum/Bures-RBF-SVM,quantum,3,0.5555555555555556,0.525,"{""clf__C"": 0.1, ""clf__gamma_mult"": 0.25}",20.601644600000327
51,quantum/Bures-RBF-SVM,quantum,4,0.4444444444444444,0.6,"{""clf__C"": 0.1, ""clf__gamma_mult"": 0.25}",20.601644600000327
51,quantum/Bures-RBF-SVM,quantum,5,0.5555555555555556,0.6500000000000001,"{""clf__C"": 0.1, ""clf__gamma_mult"": 0.25}",20.601644600000327
51,quantum/Bures-RBF-SVM,quantum,6,0.5555555555555556,0.6000000000000001,"{""clf__C"": 0.1, ""clf__gamma_mult"": 0.25}",20.601644600000327
51,quantum/Bures-RBF-SVM,quantum,7,0.5555555555555556,0.475,"{""clf__C"": 0.1, ""clf__gamma_mult"": 0.25}",20.601644600000327
51,quantum/Bures-RBF-SVM,quantum,8,0.5555555555555556,0.575,"{""clf__C"": 0.1, ""clf__gamma_mult"": 0.25}",20.601644600000327
51,quantum/Bures-RBF-SVM,quantum,9,0.4444444444444444,0.35,"{""clf__C"": 0.1, ""clf__gamma_mult"": 0.25}",20.601644600000327
51,quantum/Bures-RBF-SVM,quantum,10,0.5555555555555556,0.325,"{""clf__C"": 0.1, ""clf__gamma_mult"": 0.25}",20.601644600000327
51,quantum/Bures-RBF-SVM,quantum,11,0.5555555555555556,0.6500000000000001,"{""clf__C"": 0.1, ""clf__gamma_mult"": 0.25}",20.601644600000327
51,quantum/Bures-RBF-SVM,quantum,12,0.5555555555555556,0.4,"{""clf__C"": 0.1, ""clf__gamma_mult"": 0.25}",20.601644600000327
51,quantum/Bures-RBF-SVM,quantum,13,0.5555555555555556,0.6,"{""clf__C"": 0.1, ""clf__gamma_mult"": 0.25}",20.601644600000327
51,quantum/Bures-RBF-SVM,quantum,14,0.4444444444444444,0.5,"{""clf__C"": 0.1, ""clf__gamma_mult"": 0.25}",20.601644600000327
51,quantum/QRE-RBF-SVM,quantum,0,0.5555555555555556,0.30000000000000004,"{""clf__C"": 0.1, ""clf__gamma_mult"": 0.25}",15.121000699999968
51,quantum/QRE-RBF-SVM,quantum,1,0.5555555555555556,0.625,"{""clf__C"": 0.1, ""clf__gamma_mult"": 0.25}",15.121000699999968
51,quantum/QRE-RBF-SVM,quantum,2,0.5555555555555556,0.4,"{""clf__C"": 0.1, ""clf__gamma_mult"": 0.25}",15.121000699999968
51,quantum/QRE-RBF-SVM,quantum,3,0.5555555555555556,0.5,"{""clf__C"": 0.1, ""clf__gamma_mult"": 0.25}",15.121000699999968
51,quantum/QRE-RBF-SVM,quantum,4,0.4444444444444444,0.5,"{""clf__C"": 0.1, ""clf__gamma_mult"": 0.25}",15.121000699999968
51,quantum/QRE-RBF-SVM,quantum,5,0.5555555555555556,0.5,"{""clf__C"": 0.1, ""clf__gamma_mult"": 0.25}",15.121000699999968
51,quantum/QRE-RBF-SVM,quantum,6,0.5555555555555556,0.5,"{""clf__C"": 0.1, ""clf__gamma_mult"": 0.25}",15.121000699999968
51,quantum/QRE-RBF-SVM,quantum,7,0.5555555555555556,0.475,"{""clf__C"": 0.1, ""clf__gamma_mult"": 0.25}",15.121000699999968
51,quantum/QRE-RBF-SVM,quantum,8,0.5555555555555556,0.5,"{""clf__C"": 0.1, ""clf__gamma_mult"": 0.25}",15.121000699999968
51,quantum/QRE-RBF-SVM,quantum,9,0.4444444444444444,0.5,"{""clf__C"": 0.1, ""clf__gamma_mult"": 0.25}",15.121000699999968
51,quantum/QRE-RBF-SVM,quantum,10,0.5555555555555556,0.5,"{""clf__C"": 0.1, ""clf__gamma_mult"": 0.25}",15.121000699999968
51,quantum/QRE-RBF-SVM,quantum,11,0.5555555555555556,0.5,"{""clf__C"": 0.1, ""clf__gamma_mult"": 0.25}",15.121000699999968
51,quantum/QRE-RBF-SVM,quantum,12,0.5555555555555556,0.5,"{""clf__C"": 0.1, ""clf__gamma_mult"": 0.25}",15.121000699999968
51,quantum/QRE-RBF-SVM,quantum,13,0.5555555555555556,0.5,"{""clf__C"": 0.1, ""clf__gamma_mult"": 0.25}",15.121000699999968
51,quantum/QRE-RBF-SVM,quantum,14,0.4444444444444444,0.4,"{""clf__C"": 0.1, ""clf__gamma_mult"": 0.25}",15.121000699999968
51,quantum/HS-overlap-ref-SVM,quantum,0,0.6666666666666666,0.6500000000000001,"{""clf__C"": 10.0}",6.417480500000238
51,quantum/HS-overlap-ref-SVM,quantum,1,0.5555555555555556,0.5499999999999999,"{""clf__C"": 0.1}",6.417480500000238
51,quantum/HS-overlap-ref-SVM,quantum,2,0.5555555555555556,0.24999999999999997,"{""clf__C"": 0.1}",6.417480500000238
51,quantum/HS-overlap-ref-SVM,quantum,3,0.3333333333333333,0.25,"{""clf__C"": 10.0}",6.417480500000238
51,quantum/HS-overlap-ref-SVM,quantum,4,0.4444444444444444,0.7500000000000001,"{""clf__C"": 0.1}",6.417480500000238
51,quantum/HS-overlap-ref-SVM,quantum,5,0.5555555555555556,0.44999999999999996,"{""clf__C"": 0.1}",6.417480500000238
51,quantum/HS-overlap-ref-SVM,quantum,6,0.3333333333333333,0.19999999999999996,"{""clf__C"": 10.0}",6.417480500000238
51,quantum/HS-overlap-ref-SVM,quantum,7,0.5555555555555556,0.55,"{""clf__C"": 0.1}",6.417480500000238
51,quantum/HS-overlap-ref-SVM,quantum,8,0.5555555555555556,0.4,"{""clf__C"": 0.1}",6.417480500000238
51,quantum/HS-overlap-ref-SVM,quantum,9,0.4444444444444444,0.45,"{""clf__C"": 0.1}",6.417480500000238
51,quantum/HS-overlap-ref-SVM,quantum,10,0.5555555555555556,0.25,"{""clf__C"": 0.1}",6.417480500000238
51,quantum/HS-overlap-ref-SVM,quantum,11,0.5555555555555556,0.55,"{""clf__C"": 10.0}",6.417480500000238
51,quantum/HS-overlap-ref-SVM,quantum,12,0.4444444444444444,0.24999999999999997,"{""clf__C"": 10.0}",6.417480500000238
51,quantum/HS-overlap-ref-SVM,quantum,13,0.5555555555555556,0.7000000000000001,"{""clf__C"": 0.1}",6.417480500000238
51,quantum/HS-overlap-ref-SVM,quantum,14,0.1111111111111111,0.15000000000000002,"{""clf__C"": 10.0}",6.417480500000238
51,quantum/Fidelity-ref-SVM,quantum,0,0.6666666666666666,0.6,"{""clf__C"": 10.0}",10.42825559999983
51,quantum/Fidelity-ref-SVM,quantum,1,0.5555555555555556,0.5499999999999999,"{""clf__C"": 10.0}",10.42825559999983
51,quantum/Fidelity-ref-SVM,quantum,2,0.4444444444444444,0.35,"{""clf__C"": 10.0}",10.42825559999983
51,quantum/Fidelity-ref-SVM,quantum,3,0.6666666666666666,0.35,"{""clf__C"": 10.0}",10.42825559999983
51,quantum/Fidelity-ref-SVM,quantum,4,0.4444444444444444,0.7000000000000001,"{""clf__C"": 0.1}",10.42825559999983
51,quantum/Fidelity-ref-SVM,quantum,5,0.5555555555555556,0.14999999999999997,"{""clf__C"": 10.0}",10.42825559999983
51,quantum/Fidelity-ref-SVM,quantum,6,0.4444444444444444,0.14999999999999997,"{""clf__C"": 10.0}",10.42825559999983
51,quantum/Fidelity-ref-SVM,quantum,7,0.5555555555555556,0.5,"{""clf__C"": 0.1}",10.42825559999983
51,quantum/Fidelity-ref-SVM,quantum,8,0.5555555555555556,0.4,"{""clf__C"": 0.1}",10.42825559999983
51,quantum/Fidelity-ref-SVM,quantum,9,0.4444444444444444,0.4,"{""clf__C"": 0.1}",10.42825559999983
51,quantum/Fidelity-ref-SVM,quantum,10,0.5555555555555556,0.25,"{""clf__C"": 0.1}",10.42825559999983
51,quantum/Fidelity-ref-SVM,quantum,11,0.5555555555555556,0.65,"{""clf__C"": 0.1}",10.42825559999983
51,quantum/Fidelity-ref-SVM,quantum,12,0.5555555555555556,0.24999999999999997,"{""clf__C"": 0.1}",10.42825559999983
51,quantum/Fidelity-ref-SVM,quantum,13,0.5555555555555556,0.75,"{""clf__C"": 0.1}",10.42825559999983
51,quantum/Fidelity-ref-SVM,quantum,14,0.3333333333333333,0.15000000000000002,"{""clf__C"": 10.0}",10.42825559999983
51,quantum/HS-RBF-ref-SVM,quantum,0,0.5555555555555556,0.5499999999999999,"{""clf__C"": 10.0, ""clf__gamma_mult"": 4.0}",17.857761799999935
51,quantum/HS-RBF-ref-SVM,quantum,1,0.5555555555555556,0.45,"{""clf__C"": 1.0, ""clf__gamma_mult"": 1.0}",17.857761799999935
51,quantum/HS-RBF-ref-SVM,quantum,2,0.2222222222222222,0.04999999999999999,"{""clf__C"": 10.0, ""clf__gamma_mult"": 1.0}",17.857761799999935
51,quantum/HS-RBF-ref-SVM,quantum,3,0.4444444444444444,0.25,"{""clf__C"": 10.0, ""clf__gamma_mult"": 0.25}",17.857761799999935
51,quantum/HS-RBF-ref-SVM,quantum,4,0.4444444444444444,0.8,"{""clf__C"": 0.1, ""clf__gamma_mult"": 0.25}",17.857761799999935
51,quantum/HS-RBF-ref-SVM,quantum,5,0.5555555555555556,0.35000000000000003,"{""clf__C"": 0.1, ""clf__gamma_mult"": 0.25}",17.857761799999935
51,quantum/HS-RBF-ref-SVM,quantum,6,0.2222222222222222,0.14999999999999997,"{""clf__C"": 10.0, ""clf__gamma_mult"": 1.0}",17.857761799999935
51,quantum/HS-RBF-ref-SVM,quantum,7,0.5555555555555556,0.6500000000000001,"{""clf__C"": 0.1, ""clf__gamma_mult"": 0.25}",17.857761799999935
51,quantum/HS-RBF-ref-SVM,quantum,8,0.6666666666666666,0.3,"{""clf__C"": 10.0, ""clf__gamma_mult"": 1.0}",17.857761799999935
51,quantum/HS-RBF-ref-SVM,quantum,9,0.4444444444444444,0.4,"{""clf__C"": 1.0, ""clf__gamma_mult"": 1.0}",17.857761799999935
51,quantum/HS-RBF-ref-SVM,quantum,10,0.5555555555555556,0.35,"{""clf__C"": 0.1, ""clf__gamma_mult"": 0.25}",17.857761799999935
51,quantum/HS-RBF-ref-SVM,quantum,11,0.4444444444444444,0.35,"{""clf__C"": 10.0, ""clf__gamma_mult"": 1.0}",17.857761799999935
51,quantum/HS-RBF-ref-SVM,quantum,12,0.4444444444444444,0.3,"{""clf__C"": 10.0, ""clf__gamma_mult"": 0.25}",17.857761799999935
51,quantum/HS-RBF-ref-SVM,quantum,13,0.5555555555555556,0.65,"{""clf__C"": 0.1, ""clf__gamma_mult"": 0.25}",17.857761799999935
51,quantum/HS-RBF-ref-SVM,quantum,14,0.4444444444444444,0.15000000000000002,"{""clf__C"": 0.1, ""clf__gamma_mult"": 0.25}",17.857761799999935
51,quantum/Bures-RBF-ref-SVM,quantum,0,0.5555555555555556,0.6,"{""clf__C"": 0.1, ""clf__gamma_mult"": 0.25}",27.497655699999996
51,quantum/Bures-RBF-ref-SVM,quantum,1,0.5555555555555556,0.49999999999999994,"{""clf__C"": 0.1, ""clf__gamma_mult"": 0.25}",27.497655699999996
51,quantum/Bures-RBF-ref-SVM,quantum,2,0.2222222222222222,0.15,"{""clf__C"": 10.0, ""clf__gamma_mult"": 1.0}",27.497655699999996
51,quantum/Bures-RBF-ref-SVM,quantum,3,0.2222222222222222,0.09999999999999998,"{""clf__C"": 10.0, ""clf__gamma_mult"": 0.25}",27.497655699999996
51,quantum/Bures-RBF-ref-SVM,quantum,4,0.4444444444444444,0.7000000000000001,"{""clf__C"": 0.1, ""clf__gamma_mult"": 0.25}",27.497655699999996
51,quantum/Bures-RBF-ref-SVM,quantum,5,0.5555555555555556,0.24999999999999997,"{""clf__C"": 0.1, ""clf__gamma_mult"": 0.25}",27.497655699999996
51,quantum/Bures-RBF-ref-SVM,quantum,6,0.3333333333333333,0.14999999999999997,"{""clf__C"": 10.0, ""clf__gamma_mult"": 1.0}",27.497655699999996
51,quantum/Bures-RBF-ref-SVM,quantum,7,0.5555555555555556,0.55,"{""clf__C"": 0.1, ""clf__gamma_mult"": 0.25}",27.497655699999996
51,quantum/Bures-RBF-ref-SVM,quantum,8,0.6666666666666666,0.3,"{""clf__C"": 10.0, ""clf__gamma_mult"": 1.0}",27.497655699999996
51,quantum/Bures-RBF-ref-SVM,quantum,9,0.4444444444444444,0.4,"{""clf__C"": 0.1, ""clf__gamma_mult"": 0.25}",27.497655699999996
51,quantum/Bures-RBF-ref-SVM,quantum,10,0.5555555555555556,0.3,"{""clf__C"": 0.1, ""clf__gamma_mult"": 0.25}",27.497655699999996
51,quantum/Bures-RBF-ref-SVM,quantum,11,0.5555555555555556,0.55,"{""clf__C"": 0.1, ""clf__gamma_mult"": 0.25}",27.497655699999996
51,quantum/Bures-RBF-ref-SVM,quantum,12,0.5555555555555556,0.24999999999999997,"{""clf__C"": 0.1, ""clf__gamma_mult"": 0.25}",27.497655699999996
51,quantum/Bures-RBF-ref-SVM,quantum,13,0.5555555555555556,0.6500000000000001,"{""clf__C"": 0.1, ""clf__gamma_mult"": 0.25}",27.497655699999996
51,quantum/Bures-RBF-ref-SVM,quantum,14,0.4444444444444444,0.15000000000000002,"{""clf__C"": 0.1, ""clf__gamma_mult"": 0.25}",27.497655699999996
51,quantum/QRE-RBF-ref-SVM,quantum,0,0.6666666666666666,0.6500000000000001,"{""clf__C"": 10.0, ""clf__gamma_mult"": 0.25}",21.04500460000054
51,quantum/QRE-RBF-ref-SVM,quantum,1,0.5555555555555556,0.5499999999999999,"{""clf__C"": 0.1, ""clf__gamma_mult"": 0.25}",21.04500460000054
51,quantum/QRE-RBF-ref-SVM,quantum,2,0.2222222222222222,0.15,"{""clf__C"": 10.0, ""clf__gamma_mult"": 1.0}",21.04500460000054
51,quantum/QRE-RBF-ref-SVM,quantum,3,0.2222222222222222,0.19999999999999998,"{""clf__C"": 10.0, ""clf__gamma_mult"": 0.25}",21.04500460000054
51,quantum/QRE-RBF-ref-SVM,quantum,4,0.4444444444444444,0.7000000000000001,"{""clf__C"": 0.1, ""clf__gamma_mult"": 0.25}",21.04500460000054
51,quantum/QRE-RBF-ref-SVM,quantum,5,0.5555555555555556,0.3,"{""clf__C"": 0.1, ""clf__gamma_mult"": 0.25}",21.04500460000054
51,quantum/QRE-RBF-ref-SVM,quantum,6,0.3333333333333333,0.19999999999999996,"{""clf__C"": 10.0, ""clf__gamma_mult"": 0.25}",21.04500460000054
51,quantum/QRE-RBF-ref-SVM,quantum,7,0.5555555555555556,0.55,"{""clf__C"": 0.1, ""clf__gamma_mult"": 0.25}",21.04500460000054
51,quantum/QRE-RBF-ref-SVM,quantum,8,0.6666666666666666,0.3,"{""clf__C"": 10.0, ""clf__gamma_mult"": 1.0}",21.04500460000054
51,quantum/QRE-RBF-ref-SVM,quantum,9,0.4444444444444444,0.4,"{""clf__C"": 0.1, ""clf__gamma_mult"": 0.25}",21.04500460000054
51,quantum/QRE-RBF-ref-SVM,quantum,10,0.5555555555555556,0.3,"{""clf__C"": 0.1, ""clf__gamma_mult"": 0.25}",21.04500460000054
51,quantum/QRE-RBF-ref-SVM,quantum,11,0.5555555555555556,0.5,"{""clf__C"": 10.0, ""clf__gamma_mult"": 1.0}",21.04500460000054
51,quantum/QRE-RBF-ref-SVM,quantum,12,0.3333333333333333,0.24999999999999997,"{""clf__C"": 10.0, ""clf__gamma_mult"": 0.25}",21.04500460000054
51,quantum/QRE-RBF-ref-SVM,quantum,13,0.5555555555555556,0.7000000000000001,"{""clf__C"": 0.1, ""clf__gamma_mult"": 0.25}",21.04500460000054
51,quantum/QRE-RBF-ref-SVM,quantum,14,0.4444444444444444,0.15000000000000002,"{""clf__C"": 0.1, ""clf__gamma_mult"": 0.25}",21.04500460000054
51,quantum/IQP-kernel-SVM,quantum,0,0.6666666666666666,0.45,"{""clf__C"": 10.0, ""clf__scale"": 0.5}",25.704541199999767
51,quantum/IQP-kernel-SVM,quantum,1,0.4444444444444444,0.49999999999999994,"{""clf__C"": 1.0, ""clf__scale"": 1.0}",25.704541199999767
51,quantum/IQP-kernel-SVM,quantum,2,0.4444444444444444,0.25,"{""clf__C"": 1.0, ""clf__scale"": 0.5}",25.704541199999767
51,quantum/IQP-kernel-SVM,quantum,3,0.5555555555555556,0.45,"{""clf__C"": 1.0, ""clf__scale"": 0.5}",25.704541199999767
51,quantum/IQP-kernel-SVM,quantum,4,0.4444444444444444,0.8,"{""clf__C"": 0.1, ""clf__scale"": 0.5}",25.704541199999767
51,quantum/IQP-kernel-SVM,quantum,5,0.5555555555555556,0.4,"{""clf__C"": 10.0, ""clf__scale"": 1.0}",25.704541199999767
51,quantum/IQP-kernel-SVM,quantum,6,0.5555555555555556,0.5,"{""clf__C"": 10.0, ""clf__scale"": 2.0}",25.704541199999767
51,quantum/IQP-kernel-SVM,quantum,7,0.4444444444444444,0.5,"{""clf__C"": 1.0, ""clf__scale"": 0.5}",25.704541199999767
51,quantum/IQP-kernel-SVM,quantum,8,0.5555555555555556,0.75,"{""clf__C"": 1.0, ""clf__scale"": 0.5}",25.704541199999767
51,quantum/IQP-kernel-SVM,quantum,9,0.4444444444444444,0.45,"{""clf__C"": 1.0, ""clf__scale"": 0.5}",25.704541199999767
51,quantum/IQP-kernel-SVM,quantum,10,0.5555555555555556,0.65,"{""clf__C"": 0.1, ""clf__scale"": 0.5}",25.704541199999767
51,quantum/IQP-kernel-SVM,quantum,11,0.8888888888888888,0.9,"{""clf__C"": 10.0, ""clf__scale"": 0.5}",25.704541199999767
51,quantum/IQP-kernel-SVM,quantum,12,0.5555555555555556,0.5499999999999999,"{""clf__C"": 10.0, ""clf__scale"": 1.0}",25.704541199999767
51,quantum/IQP-kernel-SVM,quantum,13,0.5555555555555556,0.5,"{""clf__C"": 10.0, ""clf__scale"": 1.0}",25.704541199999767
51,quantum/IQP-kernel-SVM,quantum,14,0.5555555555555556,0.35000000000000003,"{""clf__C"": 10.0, ""clf__scale"": 0.5}",25.704541199999767
51,quantum/CNOT-kernel-SVM,quantum,0,0.3333333333333333,0.5,"{""clf__C"": 1.0, ""clf__scale"": 1.0}",23.478363799999897
51,quantum/CNOT-kernel-SVM,quantum,1,0.6666666666666666,0.65,"{""clf__C"": 1.0, ""clf__scale"": 0.5}",23.478363799999897
51,quantum/CNOT-kernel-SVM,quantum,2,0.6666666666666666,0.5,"{""clf__C"": 10.0, ""clf__scale"": 1.0}",23.478363799999897
51,quantum/CNOT-kernel-SVM,quantum,3,0.5555555555555556,0.4,"{""clf__C"": 10.0, ""clf__scale"": 0.5}",23.478363799999897
51,quantum/CNOT-kernel-SVM,quantum,4,0.4444444444444444,0.5,"{""clf__C"": 0.1, ""clf__scale"": 0.5}",23.478363799999897
51,quantum/CNOT-kernel-SVM,quantum,5,0.3333333333333333,0.55,"{""clf__C"": 10.0, ""clf__scale"": 2.0}",23.478363799999897
51,quantum/CNOT-kernel-SVM,quantum,6,0.5555555555555556,0.6,"{""clf__C"": 1.0, ""clf__scale"": 1.0}",23.478363799999897
51,quantum/CNOT-kernel-SVM,quantum,7,0.6666666666666666,0.39999999999999997,"{""clf__C"": 10.0, ""clf__scale"": 0.5}",23.478363799999897
51,quantum/CNOT-kernel-SVM,quantum,8,0.6666666666666666,0.8500000000000001,"{""clf__C"": 1.0, ""clf__scale"": 2.0}",23.478363799999897
51,quantum/CNOT-kernel-SVM,quantum,9,0.4444444444444444,0.25,"{""clf__C"": 1.0, ""clf__scale"": 2.0}",23.478363799999897
51,quantum/CNOT-kernel-SVM,quantum,10,0.4444444444444444,0.6000000000000001,"{""clf__C"": 1.0, ""clf__scale"": 2.0}",23.478363799999897
51,quantum/CNOT-kernel-SVM,quantum,11,0.5555555555555556,0.8,"{""clf__C"": 10.0, ""clf__scale"": 0.5}",23.478363799999897
51,quantum/CNOT-kernel-SVM,quantum,12,0.6666666666666666,0.65,"{""clf__C"": 1.0, ""clf__scale"": 2.0}",23.478363799999897
51,quantum/CNOT-kernel-SVM,quantum,13,0.4444444444444444,0.49999999999999994,"{""clf__C"": 1.0, ""clf__scale"": 1.0}",23.478363799999897
51,quantum/CNOT-kernel-SVM,quantum,14,0.4444444444444444,0.4,"{""clf__C"": 1.0, ""clf__scale"": 2.0}",23.478363799999897
51,control/IQP-no-entangle,control,0,0.5555555555555556,0.6,"{""clf__C"": 1.0, ""clf__scale"": 0.5}",21.982694500000434
51,control/IQP-no-entangle,control,1,0.6666666666666666,0.8,"{""clf__C"": 10.0, ""clf__scale"": 2.0}",21.982694500000434
51,control/IQP-no-entangle,control,2,0.5555555555555556,0.44999999999999996,"{""clf__C"": 10.0, ""clf__scale"": 1.0}",21.982694500000434
51,control/IQP-no-entangle,control,3,0.6666666666666666,0.75,"{""clf__C"": 10.0, ""clf__scale"": 2.0}",21.982694500000434
51,control/IQP-no-entangle,control,4,0.4444444444444444,0.95,"{""clf__C"": 1.0, ""clf__scale"": 2.0}",21.982694500000434
51,control/IQP-no-entangle,control,5,0.5555555555555556,0.2,"{""clf__C"": 1.0, ""clf__scale"": 1.0}",21.982694500000434
51,control/IQP-no-entangle,control,6,0.5555555555555556,0.45,"{""clf__C"": 1.0, ""clf__scale"": 2.0}",21.982694500000434
51,control/IQP-no-entangle,control,7,0.6666666666666666,0.39999999999999997,"{""clf__C"": 1.0, ""clf__scale"": 1.0}",21.982694500000434
51,control/IQP-no-entangle,control,8,0.7777777777777778,0.75,"{""clf__C"": 1.0, ""clf__scale"": 2.0}",21.982694500000434
51,control/IQP-no-entangle,control,9,0.4444444444444444,0.4,"{""clf__C"": 1.0, ""clf__scale"": 2.0}",21.982694500000434
51,control/IQP-no-entangle,control,10,0.3333333333333333,0.3,"{""clf__C"": 10.0, ""clf__scale"": 2.0}",21.982694500000434
51,control/IQP-no-entangle,control,11,0.7777777777777778,0.85,"{""clf__C"": 10.0, ""clf__scale"": 1.0}",21.982694500000434
51,control/IQP-no-entangle,control,12,0.6666666666666666,0.8,"{""clf__C"": 10.0, ""clf__scale"": 2.0}",21.982694500000434
51,control/IQP-no-entangle,control,13,0.4444444444444444,0.39999999999999997,"{""clf__C"": 10.0, ""clf__scale"": 1.0}",21.982694500000434
51,control/IQP-no-entangle,control,14,0.5555555555555556,0.30000000000000004,"{""clf__C"": 10.0, ""clf__scale"": 2.0}",21.982694500000434
51,control/PCA-matched-RBF,control,0,0.3333333333333333,0.5,"{""clf__C"": 10.0, ""clf__gamma"": ""scale""}",18.752039399999376
51,control/PCA-matched-RBF,control,1,0.5555555555555556,0.75,"{""clf__C"": 0.1, ""clf__gamma"": ""scale""}",18.752039399999376
51,control/PCA-matched-RBF,control,2,0.3333333333333333,0.35,"{""clf__C"": 10.0, ""clf__gamma"": 0.01}",18.752039399999376
51,control/PCA-matched-RBF,control,3,0.5555555555555556,0.6000000000000001,"{""clf__C"": 1.0, ""clf__gamma"": ""scale""}",18.752039399999376
51,control/PCA-matched-RBF,control,4,0.4444444444444444,0.45,"{""clf__C"": 1.0, ""clf__gamma"": 0.1}",18.752039399999376
51,control/PCA-matched-RBF,control,5,0.5555555555555556,0.25,"{""clf__C"": 1.0, ""clf__gamma"": ""scale""}",18.752039399999376
51,control/PCA-matched-RBF,control,6,0.4444444444444444,0.4,"{""clf__C"": 1.0, ""clf__gamma"": 0.1}",18.752039399999376
51,control/PCA-matched-RBF,control,7,0.5555555555555556,0.39999999999999997,"{""clf__C"": 1.0, ""clf__gamma"": ""scale""}",18.752039399999376
51,control/PCA-matched-RBF,control,8,0.5555555555555556,0.45,"{""clf__C"": 10.0, ""clf__gamma"": 0.01}",18.752039399999376
51,control/PCA-matched-RBF,control,9,0.4444444444444444,0.25,"{""clf__C"": 10.0, ""clf__gamma"": ""scale""}",18.752039399999376
51,control/PCA-matched-RBF,control,10,0.5555555555555556,0.44999999999999996,"{""clf__C"": 0.1, ""clf__gamma"": ""scale""}",18.752039399999376
51,control/PCA-matched-RBF,control,11,0.5555555555555556,0.7000000000000001,"{""clf__C"": 1.0, ""clf__gamma"": 0.1}",18.752039399999376
51,control/PCA-matched-RBF,control,12,0.4444444444444444,0.3,"{""clf__C"": 10.0, ""clf__gamma"": 0.01}",18.752039399999376
51,control/PCA-matched-RBF,control,13,0.5555555555555556,0.55,"{""clf__C"": 1.0, ""clf__gamma"": 0.1}",18.752039399999376
51,control/PCA-matched-RBF,control,14,0.4444444444444444,0.5,"{""clf__C"": 10.0, ""clf__gamma"": 0.01}",18.752039399999376
51,control/PCA-matched-linear,control,0,0.6666666666666666,0.55,"{""clf__C"": 0.1}",6.670325800000683
51,control/PCA-matched-linear,control,1,0.5555555555555556,0.65,"{""clf__C"": 1.0}",6.670325800000683
51,control/PCA-matched-linear,control,2,0.3333333333333333,0.39999999999999997,"{""clf__C"": 1.0}",6.670325800000683
51,control/PCA-matched-linear,control,3,0.5555555555555556,0.45,"{""clf__C"": 1.0}",6.670325800000683
51,control/PCA-matched-linear,control,4,0.4444444444444444,0.35,"{""clf__C"": 10.0}",6.670325800000683
51,control/PCA-matched-linear,control,5,0.6666666666666666,0.4,"{""clf__C"": 0.1}",6.670325800000683
51,control/PCA-matched-linear,control,6,0.3333333333333333,0.4,"{""clf__C"": 0.1}",6.670325800000683
51,control/PCA-matched-linear,control,7,0.5555555555555556,0.55,"{""clf__C"": 0.1}",6.670325800000683
51,control/PCA-matched-linear,control,8,0.5555555555555556,0.45,"{""clf__C"": 1.0}",6.670325800000683
51,control/PCA-matched-linear,control,9,0.5555555555555556,0.5,"{""clf__C"": 10.0}",6.670325800000683
51,control/PCA-matched-linear,control,10,0.5555555555555556,0.39999999999999997,"{""clf__C"": 0.1}",6.670325800000683
51,control/PCA-matched-linear,control,11,0.5555555555555556,0.7000000000000001,"{""clf__C"": 0.1}",6.670325800000683
51,control/PCA-matched-linear,control,12,0.4444444444444444,0.4,"{""clf__C"": 1.0}",6.670325800000683
51,control/PCA-matched-linear,control,13,0.6666666666666666,0.65,"{""clf__C"": 1.0}",6.670325800000683
51,control/PCA-matched-linear,control,14,0.6666666666666666,0.6000000000000001,"{""clf__C"": 10.0}",6.670325800000683
51,control/logeuclid-TS+LR,control,0,0.4444444444444444,0.45,"{""clf__C"": 1.0}",5.161089399999582
51,control/logeuclid-TS+LR,control,1,0.5555555555555556,0.45,"{""clf__C"": 10.0}",5.161089399999582
51,control/logeuclid-TS+LR,control,2,0.6666666666666666,0.65,"{""clf__C"": 10.0}",5.161089399999582
51,control/logeuclid-TS+LR,control,3,0.3333333333333333,0.5,"{""clf__C"": 10.0}",5.161089399999582
51,control/logeuclid-TS+LR,control,4,0.3333333333333333,0.15000000000000002,"{""clf__C"": 0.1}",5.161089399999582
51,control/logeuclid-TS+LR,control,5,0.4444444444444444,0.65,"{""clf__C"": 1.0}",5.161089399999582
51,control/logeuclid-TS+LR,control,6,0.2222222222222222,0.19999999999999998,"{""clf__C"": 1.0}",5.161089399999582
51,control/logeuclid-TS+LR,control,7,0.6666666666666666,0.75,"{""clf__C"": 10.0}",5.161089399999582
51,control/logeuclid-TS+LR,control,8,0.5555555555555556,0.6,"{""clf__C"": 10.0}",5.161089399999582
51,control/logeuclid-TS+LR,control,9,0.3333333333333333,0.15,"{""clf__C"": 1.0}",5.161089399999582
51,control/logeuclid-TS+LR,control,10,0.3333333333333333,0.2,"{""clf__C"": 0.1}",5.161089399999582
51,control/logeuclid-TS+LR,control,11,0.6666666666666666,0.6,"{""clf__C"": 10.0}",5.161089399999582
51,control/logeuclid-TS+LR,control,12,0.3333333333333333,0.15,"{""clf__C"": 0.1}",5.161089399999582
51,control/logeuclid-TS+LR,control,13,0.5555555555555556,0.5,"{""clf__C"": 1.0}",5.161089399999582
51,control/logeuclid-TS+LR,control,14,0.2222222222222222,0.2,"{""clf__C"": 0.1}",5.161089399999582
51,control/riemann-kernel-SVM,control,0,0.5555555555555556,0.65,"{""clf__C"": 1.0}",6.546569100000852
51,control/riemann-kernel-SVM,control,1,0.5555555555555556,0.6000000000000001,"{""clf__C"": 0.1}",6.546569100000852
51,control/riemann-kernel-SVM,control,2,0.5555555555555556,0.29999999999999993,"{""clf__C"": 0.1}",6.546569100000852
51,control/riemann-kernel-SVM,control,3,0.2222222222222222,0.19999999999999996,"{""clf__C"": 10.0}",6.546569100000852
51,control/riemann-kernel-SVM,control,4,0.4444444444444444,0.35,"{""clf__C"": 0.1}",6.546569100000852
51,control/riemann-kernel-SVM,control,5,0.5555555555555556,0.3,"{""clf__C"": 0.1}",6.546569100000852
51,control/riemann-kernel-SVM,control,6,0.4444444444444444,0.14999999999999997,"{""clf__C"": 1.0}",6.546569100000852
51,control/riemann-kernel-SVM,control,7,0.5555555555555556,0.5499999999999999,"{""clf__C"": 0.1}",6.546569100000852
51,control/riemann-kernel-SVM,control,8,0.5555555555555556,0.3,"{""clf__C"": 0.1}",6.546569100000852
51,control/riemann-kernel-SVM,control,9,0.4444444444444444,0.4,"{""clf__C"": 0.1}",6.546569100000852
51,control/riemann-kernel-SVM,control,10,0.5555555555555556,0.3,"{""clf__C"": 0.1}",6.546569100000852
51,control/riemann-kernel-SVM,control,11,0.5555555555555556,0.75,"{""clf__C"": 0.1}",6.546569100000852
51,control/riemann-kernel-SVM,control,12,0.5555555555555556,0.15,"{""clf__C"": 0.1}",6.546569100000852
51,control/riemann-kernel-SVM,control,13,0.5555555555555556,0.5499999999999999,"{""clf__C"": 0.1}",6.546569100000852
51,control/riemann-kernel-SVM,control,14,0.4444444444444444,0.2,"{""clf__C"": 0.1}",6.546569100000852
51,control/logeuclid-kernel-SVM,control,0,0.5555555555555556,0.5499999999999999,"{""clf__C"": 0.1}",6.48620260000007
51,control/logeuclid-kernel-SVM,control,1,0.5555555555555556,0.5499999999999999,"{""clf__C"": 0.1}",6.48620260000007
51,control/logeuclid-kernel-SVM,control,2,0.5555555555555556,0.39999999999999997,"{""clf__C"": 0.1}",6.48620260000007
51,control/logeuclid-kernel-SVM,control,3,0.2222222222222222,0.09999999999999998,"{""clf__C"": 10.0}",6.48620260000007
51,control/logeuclid-kernel-SVM,control,4,0.4444444444444444,0.25,"{""clf__C"": 0.1}",6.48620260000007
51,control/logeuclid-kernel-SVM,control,5,0.5555555555555556,0.3,"{""clf__C"": 0.1}",6.48620260000007
51,control/logeuclid-kernel-SVM,control,6,0.4444444444444444,0.14999999999999997,"{""clf__C"": 10.0}",6.48620260000007
51,control/logeuclid-kernel-SVM,control,7,0.5555555555555556,0.44999999999999996,"{""clf__C"": 0.1}",6.48620260000007
51,control/logeuclid-kernel-SVM,control,8,0.5555555555555556,0.35,"{""clf__C"": 0.1}",6.48620260000007
51,control/logeuclid-kernel-SVM,control,9,0.4444444444444444,0.4,"{""clf__C"": 0.1}",6.48620260000007
51,control/logeuclid-kernel-SVM,control,10,0.5555555555555556,0.35,"{""clf__C"": 0.1}",6.48620260000007
51,control/logeuclid-kernel-SVM,control,11,0.5555555555555556,0.8,"{""clf__C"": 0.1}",6.48620260000007
51,control/logeuclid-kernel-SVM,control,12,0.5555555555555556,0.15,"{""clf__C"": 0.1}",6.48620260000007
51,control/logeuclid-kernel-SVM,control,13,0.5555555555555556,0.6,"{""clf__C"": 0.1}",6.48620260000007
51,control/logeuclid-kernel-SVM,control,14,0.4444444444444444,0.2,"{""clf__C"": 0.1}",6.48620260000007
52,classical/logvar+LDA,classical,0,0.3333333333333333,0.45,{},0.09188780000022234
52,classical/logvar+LDA,classical,1,0.5555555555555556,0.6,{},0.09188780000022234
52,classical/logvar+LDA,classical,2,0.7777777777777778,0.85,{},0.09188780000022234
52,classical/logvar+LDA,classical,3,0.5555555555555556,0.75,{},0.09188780000022234
52,classical/logvar+LDA,classical,4,0.5555555555555556,0.8,{},0.09188780000022234
52,classical/logvar+LDA,classical,5,0.6666666666666666,0.85,{},0.09188780000022234
52,classical/logvar+LDA,classical,6,0.6666666666666666,0.75,{},0.09188780000022234
52,classical/logvar+LDA,classical,7,0.6666666666666666,0.8,{},0.09188780000022234
52,classical/logvar+LDA,classical,8,0.4444444444444444,0.45,{},0.09188780000022234
52,classical/logvar+LDA,classical,9,0.6666666666666666,0.65,{},0.09188780000022234
52,classical/logvar+LDA,classical,10,0.2222222222222222,0.39999999999999997,{},0.09188780000022234
52,classical/logvar+LDA,classical,11,0.6666666666666666,0.8,{},0.09188780000022234
52,classical/logvar+LDA,classical,12,0.6666666666666666,0.65,{},0.09188780000022234
52,classical/logvar+LDA,classical,13,0.5555555555555556,0.6,{},0.09188780000022234
52,classical/logvar+LDA,classical,14,0.7777777777777778,1.0,{},0.09188780000022234
52,classical/CSP+LDA,classical,0,0.6666666666666666,0.75,"{""csp__nfilter"": 6}",4.164963100000023
52,classical/CSP+LDA,classical,1,0.8888888888888888,0.8500000000000001,"{""csp__nfilter"": 6}",4.164963100000023
52,classical/CSP+LDA,classical,2,0.8888888888888888,1.0,"{""csp__nfilter"": 6}",4.164963100000023
52,classical/CSP+LDA,classical,3,0.8888888888888888,1.0,"{""csp__nfilter"": 4}",4.164963100000023
52,classical/CSP+LDA,classical,4,0.6666666666666666,0.55,"{""csp__nfilter"": 4}",4.164963100000023
52,classical/CSP+LDA,classical,5,0.7777777777777778,1.0,"{""csp__nfilter"": 6}",4.164963100000023
52,classical/CSP+LDA,classical,6,0.7777777777777778,0.9500000000000001,"{""csp__nfilter"": 6}",4.164963100000023
52,classical/CSP+LDA,classical,7,0.6666666666666666,0.8,"{""csp__nfilter"": 4}",4.164963100000023
52,classical/CSP+LDA,classical,8,0.5555555555555556,0.5,"{""csp__nfilter"": 4}",4.164963100000023
52,classical/CSP+LDA,classical,9,0.5555555555555556,0.7500000000000001,"{""csp__nfilter"": 4}",4.164963100000023
52,classical/CSP+LDA,classical,10,0.5555555555555556,0.75,"{""csp__nfilter"": 4}",4.164963100000023
52,classical/CSP+LDA,classical,11,0.5555555555555556,0.75,"{""csp__nfilter"": 4}",4.164963100000023
52,classical/CSP+LDA,classical,12,0.5555555555555556,0.75,"{""csp__nfilter"": 2}",4.164963100000023
52,classical/CSP+LDA,classical,13,0.4444444444444444,0.45,"{""csp__nfilter"": 6}",4.164963100000023
52,classical/CSP+LDA,classical,14,0.8888888888888888,1.0,"{""csp__nfilter"": 2}",4.164963100000023
52,classical/MDM,classical,0,0.5555555555555556,0.8,{},0.732077699999536
52,classical/MDM,classical,1,0.6666666666666666,0.9,{},0.732077699999536
52,classical/MDM,classical,2,0.8888888888888888,0.8500000000000001,{},0.732077699999536
52,classical/MDM,classical,3,0.8888888888888888,1.0,{},0.732077699999536
52,classical/MDM,classical,4,0.5555555555555556,0.7,{},0.732077699999536
52,classical/MDM,classical,5,0.7777777777777778,0.9500000000000001,{},0.732077699999536
52,classical/MDM,classical,6,0.7777777777777778,0.75,{},0.732077699999536
52,classical/MDM,classical,7,0.7777777777777778,0.9500000000000001,{},0.732077699999536
52,classical/MDM,classical,8,0.5555555555555556,0.8,{},0.732077699999536
52,classical/MDM,classical,9,0.5555555555555556,0.8,{},0.732077699999536
52,classical/MDM,classical,10,0.6666666666666666,0.9,{},0.732077699999536
52,classical/MDM,classical,11,0.8888888888888888,1.0,{},0.732077699999536
52,classical/MDM,classical,12,0.5555555555555556,0.9,{},0.732077699999536
52,classical/MDM,classical,13,0.4444444444444444,0.35000000000000003,{},0.732077699999536
52,classical/MDM,classical,14,1.0,1.0,{},0.732077699999536
52,classical/TS+LR,classical,0,0.7777777777777778,0.9,"{""clf__C"": 10.0}",6.648152099999606
52,classical/TS+LR,classical,1,0.7777777777777778,0.9500000000000001,"{""clf__C"": 0.1}",6.648152099999606
52,classical/TS+LR,classical,2,0.7777777777777778,0.9,"{""clf__C"": 0.1}",6.648152099999606
52,classical/TS+LR,classical,3,0.8888888888888888,1.0,"{""clf__C"": 0.1}",6.648152099999606
52,classical/TS+LR,classical,4,0.8888888888888888,0.8,"{""clf__C"": 0.1}",6.648152099999606
52,classical/TS+LR,classical,5,0.7777777777777778,1.0,"{""clf__C"": 1.0}",6.648152099999606
52,classical/TS+LR,classical,6,0.5555555555555556,0.75,"{""clf__C"": 0.1}",6.648152099999606
52,classical/TS+LR,classical,7,0.7777777777777778,0.9,"{""clf__C"": 0.1}",6.648152099999606
52,classical/TS+LR,classical,8,0.6666666666666666,0.65,"{""clf__C"": 0.1}",6.648152099999606
52,classical/TS+LR,classical,9,0.8888888888888888,0.85,"{""clf__C"": 0.1}",6.648152099999606
52,classical/TS+LR,classical,10,0.7777777777777778,0.9,"{""clf__C"": 0.1}",6.648152099999606
52,classical/TS+LR,classical,11,0.5555555555555556,0.8,"{""clf__C"": 1.0}",6.648152099999606
52,classical/TS+LR,classical,12,0.7777777777777778,0.9,"{""clf__C"": 10.0}",6.648152099999606
52,classical/TS+LR,classical,13,0.7777777777777778,0.75,"{""clf__C"": 10.0}",6.648152099999606
52,classical/TS+LR,classical,14,1.0,1.0,"{""clf__C"": 0.1}",6.648152099999606
52,classical/TS+RBF-SVM,classical,0,0.6666666666666666,0.75,"{""clf__C"": 10.0, ""clf__gamma"": ""scale""}",17.951400699999795
52,classical/TS+RBF-SVM,classical,1,0.8888888888888888,0.9500000000000001,"{""clf__C"": 1.0, ""clf__gamma"": ""scale""}",17.951400699999795
52,classical/TS+RBF-SVM,classical,2,0.6666666666666666,0.85,"{""clf__C"": 10.0, ""clf__gamma"": 0.01}",17.951400699999795
52,classical/TS+RBF-SVM,classical,3,1.0,1.0,"{""clf__C"": 10.0, ""clf__gamma"": ""scale""}",17.951400699999795
52,classical/TS+RBF-SVM,classical,4,0.8888888888888888,0.8500000000000001,"{""clf__C"": 10.0, ""clf__gamma"": ""scale""}",17.951400699999795
52,classical/TS+RBF-SVM,classical,5,0.7777777777777778,1.0,"{""clf__C"": 10.0, ""clf__gamma"": ""scale""}",17.951400699999795
52,classical/TS+RBF-SVM,classical,6,0.6666666666666666,0.8,"{""clf__C"": 10.0, ""clf__gamma"": ""scale""}",17.951400699999795
52,classical/TS+RBF-SVM,classical,7,0.6666666666666666,0.85,"{""clf__C"": 10.0, ""clf__gamma"": 0.01}",17.951400699999795
52,classical/TS+RBF-SVM,classical,8,0.6666666666666666,0.8,"{""clf__C"": 10.0, ""clf__gamma"": ""scale""}",17.951400699999795
52,classical/TS+RBF-SVM,classical,9,0.8888888888888888,0.9,"{""clf__C"": 10.0, ""clf__gamma"": ""scale""}",17.951400699999795
52,classical/TS+RBF-SVM,classical,10,0.7777777777777778,0.85,"{""clf__C"": 10.0, ""clf__gamma"": ""scale""}",17.951400699999795
52,classical/TS+RBF-SVM,classical,11,0.5555555555555556,0.85,"{""clf__C"": 10.0, ""clf__gamma"": 0.01}",17.951400699999795
52,classical/TS+RBF-SVM,classical,12,0.6666666666666666,0.9,"{""clf__C"": 10.0, ""clf__gamma"": ""scale""}",17.951400699999795
52,classical/TS+RBF-SVM,classical,13,0.6666666666666666,0.75,"{""clf__C"": 10.0, ""clf__gamma"": ""scale""}",17.951400699999795
52,classical/TS+RBF-SVM,classical,14,0.7777777777777778,1.0,"{""clf__C"": 10.0, ""clf__gamma"": ""scale""}",17.951400699999795
52,quantum/HS-overlap-SVM,quantum,0,0.4444444444444444,0.45,"{""clf__C"": 10.0}",4.414745699999912
52,quantum/HS-overlap-SVM,quantum,1,0.6666666666666666,0.65,"{""clf__C"": 10.0}",4.414745699999912
52,quantum/HS-overlap-SVM,quantum,2,0.5555555555555556,0.7,"{""clf__C"": 0.1}",4.414745699999912
52,quantum/HS-overlap-SVM,quantum,3,0.5555555555555556,0.6,"{""clf__C"": 10.0}",4.414745699999912
52,quantum/HS-overlap-SVM,quantum,4,0.4444444444444444,0.45000000000000007,"{""clf__C"": 0.1}",4.414745699999912
52,quantum/HS-overlap-SVM,quantum,5,0.5555555555555556,0.65,"{""clf__C"": 0.1}",4.414745699999912
52,quantum/HS-overlap-SVM,quantum,6,0.5555555555555556,0.39999999999999997,"{""clf__C"": 0.1}",4.414745699999912
52,quantum/HS-overlap-SVM,quantum,7,0.5555555555555556,0.8,"{""clf__C"": 0.1}",4.414745699999912
52,quantum/HS-overlap-SVM,quantum,8,0.3333333333333333,0.35,"{""clf__C"": 10.0}",4.414745699999912
52,quantum/HS-overlap-SVM,quantum,9,0.4444444444444444,0.5,"{""clf__C"": 0.1}",4.414745699999912
52,quantum/HS-overlap-SVM,quantum,10,0.5555555555555556,0.5,"{""clf__C"": 10.0}",4.414745699999912
52,quantum/HS-overlap-SVM,quantum,11,0.6666666666666666,1.0,"{""clf__C"": 10.0}",4.414745699999912
52,quantum/HS-overlap-SVM,quantum,12,0.5555555555555556,0.6,"{""clf__C"": 10.0}",4.414745699999912
52,quantum/HS-overlap-SVM,quantum,13,0.5555555555555556,0.65,"{""clf__C"": 0.1}",4.414745699999912
52,quantum/HS-overlap-SVM,quantum,14,0.4444444444444444,0.95,"{""clf__C"": 0.1}",4.414745699999912
52,quantum/Fidelity-SVM,quantum,0,0.4444444444444444,0.75,"{""clf__C"": 10.0}",7.70682990000023
52,quantum/Fidelity-SVM,quantum,1,0.6666666666666666,0.75,"{""clf__C"": 10.0}",7.70682990000023
52,quantum/Fidelity-SVM,quantum,2,0.5555555555555556,0.75,"{""clf__C"": 10.0}",7.70682990000023
52,quantum/Fidelity-SVM,quantum,3,0.7777777777777778,0.8,"{""clf__C"": 10.0}",7.70682990000023
52,quantum/Fidelity-SVM,quantum,4,0.7777777777777778,0.95,"{""clf__C"": 10.0}",7.70682990000023
52,quantum/Fidelity-SVM,quantum,5,0.7777777777777778,0.85,"{""clf__C"": 10.0}",7.70682990000023
52,quantum/Fidelity-SVM,quantum,6,0.5555555555555556,0.6500000000000001,"{""clf__C"": 10.0}",7.70682990000023
52,quantum/Fidelity-SVM,quantum,7,0.8888888888888888,0.9500000000000001,"{""clf__C"": 10.0}",7.70682990000023
52,quantum/Fidelity-SVM,quantum,8,0.4444444444444444,0.45,"{""clf__C"": 10.0}",7.70682990000023
52,quantum/Fidelity-SVM,quantum,9,0.6666666666666666,0.75,"{""clf__C"": 10.0}",7.70682990000023
52,quantum/Fidelity-SVM,quantum,10,0.5555555555555556,0.6,"{""clf__C"": 10.0}",7.70682990000023
52,quantum/Fidelity-SVM,quantum,11,0.7777777777777778,1.0,"{""clf__C"": 10.0}",7.70682990000023
52,quantum/Fidelity-SVM,quantum,12,0.5555555555555556,0.65,"{""clf__C"": 10.0}",7.70682990000023
52,quantum/Fidelity-SVM,quantum,13,0.4444444444444444,0.5,"{""clf__C"": 10.0}",7.70682990000023
52,quantum/Fidelity-SVM,quantum,14,0.4444444444444444,1.0,"{""clf__C"": 0.1}",7.70682990000023
52,quantum/HS-RBF-SVM,quantum,0,0.6666666666666666,0.8500000000000001,"{""clf__C"": 10.0, ""clf__gamma_mult"": 1.0}",12.382154099999752
52,quantum/HS-RBF-SVM,quantum,1,0.5555555555555556,0.75,"{""clf__C"": 10.0, ""clf__gamma_mult"": 0.25}",12.382154099999752
52,quantum/HS-RBF-SVM,quantum,2,0.4444444444444444,0.45,"{""clf__C"": 10.0, ""clf__gamma_mult"": 4.0}",12.382154099999752
52,quantum/HS-RBF-SVM,quantum,3,0.6666666666666666,0.6,"{""clf__C"": 10.0, ""clf__gamma_mult"": 0.25}",12.382154099999752
52,quantum/HS-RBF-SVM,quantum,4,0.7777777777777778,0.75,"{""clf__C"": 10.0, ""clf__gamma_mult"": 0.25}",12.382154099999752
52,quantum/HS-RBF-SVM,quantum,5,0.8888888888888888,0.9,"{""clf__C"": 10.0, ""clf__gamma_mult"": 0.25}",12.382154099999752
52,quantum/HS-RBF-SVM,quantum,6,0.5555555555555556,0.75,"{""clf__C"": 10.0, ""clf__gamma_mult"": 1.0}",12.382154099999752
52,quantum/HS-RBF-SVM,quantum,7,0.6666666666666666,0.75,"{""clf__C"": 10.0, ""clf__gamma_mult"": 0.25}",12.382154099999752
52,quantum/HS-RBF-SVM,quantum,8,0.5555555555555556,0.6,"{""clf__C"": 10.0, ""clf__gamma_mult"": 0.25}",12.382154099999752
52,quantum/HS-RBF-SVM,quantum,9,0.6666666666666666,0.85,"{""clf__C"": 10.0, ""clf__gamma_mult"": 0.25}",12.382154099999752
52,quantum/HS-RBF-SVM,quantum,10,0.5555555555555556,0.75,"{""clf__C"": 10.0, ""clf__gamma_mult"": 0.25}",12.382154099999752
52,quantum/HS-RBF-SVM,quantum,11,0.4444444444444444,0.6,"{""clf__C"": 10.0, ""clf__gamma_mult"": 4.0}",12.382154099999752
52,quantum/HS-RBF-SVM,quantum,12,0.7777777777777778,0.8,"{""clf__C"": 10.0, ""clf__gamma_mult"": 0.25}",12.382154099999752
52,quantum/HS-RBF-SVM,quantum,13,0.6666666666666666,0.8,"{""clf__C"": 10.0, ""clf__gamma_mult"": 0.25}",12.382154099999752
52,quantum/HS-RBF-SVM,quantum,14,0.7777777777777778,1.0,"{""clf__C"": 10.0, ""clf__gamma_mult"": 0.25}",12.382154099999752
52,quantum/Bures-RBF-SVM,quantum,0,0.6666666666666666,0.8,"{""clf__C"": 10.0, ""clf__gamma_mult"": 1.0}",20.147904599999492
52,quantum/Bures-RBF-SVM,quantum,1,0.7777777777777778,0.85,"{""clf__C"": 10.0, ""clf__gamma_mult"": 0.25}",20.147904599999492
52,quantum/Bures-RBF-SVM,quantum,2,0.4444444444444444,0.55,"{""clf__C"": 10.0, ""clf__gamma_mult"": 4.0}",20.147904599999492
52,quantum/Bures-RBF-SVM,quantum,3,0.4444444444444444,0.7,"{""clf__C"": 1.0, ""clf__gamma_mult"": 1.0}",20.147904599999492
52,quantum/Bures-RBF-SVM,quantum,4,0.7777777777777778,0.95,"{""clf__C"": 10.0, ""clf__gamma_mult"": 0.25}",20.147904599999492
52,quantum/Bures-RBF-SVM,quantum,5,0.7777777777777778,0.9500000000000001,"{""clf__C"": 1.0, ""clf__gamma_mult"": 1.0}",20.147904599999492
52,quantum/Bures-RBF-SVM,quantum,6,0.7777777777777778,0.9,"{""clf__C"": 10.0, ""clf__gamma_mult"": 0.25}",20.147904599999492
52,quantum/Bures-RBF-SVM,quantum,7,0.7777777777777778,0.9,"{""clf__C"": 10.0, ""clf__gamma_mult"": 1.0}",20.147904599999492
52,quantum/Bures-RBF-SVM,quantum,8,0.5555555555555556,0.6,"{""clf__C"": 10.0, ""clf__gamma_mult"": 0.25}",20.147904599999492
52,quantum/Bures-RBF-SVM,quantum,9,0.7777777777777778,0.9,"{""clf__C"": 10.0, ""clf__gamma_mult"": 0.25}",20.147904599999492
52,quantum/Bures-RBF-SVM,quantum,10,0.6666666666666666,0.7,"{""clf__C"": 10.0, ""clf__gamma_mult"": 0.25}",20.147904599999492
52,quantum/Bures-RBF-SVM,quantum,11,0.6666666666666666,0.65,"{""clf__C"": 1.0, ""clf__gamma_mult"": 4.0}",20.147904599999492
52,quantum/Bures-RBF-SVM,quantum,12,0.6666666666666666,0.8,"{""clf__C"": 10.0, ""clf__gamma_mult"": 1.0}",20.147904599999492
52,quantum/Bures-RBF-SVM,quantum,13,0.7777777777777778,0.8,"{""clf__C"": 10.0, ""clf__gamma_mult"": 0.25}",20.147904599999492
52,quantum/Bures-RBF-SVM,quantum,14,0.6666666666666666,0.75,"{""clf__C"": 10.0, ""clf__gamma_mult"": 4.0}",20.147904599999492
52,quantum/QRE-RBF-SVM,quantum,0,0.7777777777777778,0.9,"{""clf__C"": 10.0, ""clf__gamma_mult"": 0.25}",15.007621100000506
52,quantum/QRE-RBF-SVM,quantum,1,0.7777777777777778,0.85,"{""clf__C"": 10.0, ""clf__gamma_mult"": 0.25}",15.007621100000506
52,quantum/QRE-RBF-SVM,quantum,2,0.4444444444444444,0.6,"{""clf__C"": 10.0, ""clf__gamma_mult"": 4.0}",15.007621100000506
52,quantum/QRE-RBF-SVM,quantum,3,0.4444444444444444,0.49999999999999994,"{""clf__C"": 1.0, ""clf__gamma_mult"": 1.0}",15.007621100000506
52,quantum/QRE-RBF-SVM,quantum,4,0.7777777777777778,0.9,"{""clf__C"": 10.0, ""clf__gamma_mult"": 1.0}",15.007621100000506
52,quantum/QRE-RBF-SVM,quantum,5,0.8888888888888888,0.9,"{""clf__C"": 10.0, ""clf__gamma_mult"": 1.0}",15.007621100000506
52,quantum/QRE-RBF-SVM,quantum,6,0.7777777777777778,0.9500000000000001,"{""clf__C"": 10.0, ""clf__gamma_mult"": 0.25}",15.007621100000506
52,quantum/QRE-RBF-SVM,quantum,7,0.7777777777777778,0.9,"{""clf__C"": 10.0, ""clf__gamma_mult"": 0.25}",15.007621100000506
52,quantum/QRE-RBF-SVM,quantum,8,0.5555555555555556,0.6,"{""clf__C"": 10.0, ""clf__gamma_mult"": 0.25}",15.007621100000506
52,quantum/QRE-RBF-SVM,quantum,9,0.7777777777777778,0.9,"{""clf__C"": 10.0, ""clf__gamma_mult"": 0.25}",15.007621100000506
52,quantum/QRE-RBF-SVM,quantum,10,0.6666666666666666,0.7000000000000001,"{""clf__C"": 10.0, ""clf__gamma_mult"": 1.0}",15.007621100000506
52,quantum/QRE-RBF-SVM,quantum,11,0.5555555555555556,0.85,"{""clf__C"": 10.0, ""clf__gamma_mult"": 0.25}",15.007621100000506
52,quantum/QRE-RBF-SVM,quantum,12,0.7777777777777778,0.9,"{""clf__C"": 10.0, ""clf__gamma_mult"": 0.25}",15.007621100000506
52,quantum/QRE-RBF-SVM,quantum,13,0.7777777777777778,0.8,"{""clf__C"": 10.0, ""clf__gamma_mult"": 0.25}",15.007621100000506
52,quantum/QRE-RBF-SVM,quantum,14,0.5555555555555556,0.8,"{""clf__C"": 10.0, ""clf__gamma_mult"": 4.0}",15.007621100000506
52,quantum/HS-overlap-ref-SVM,quantum,0,0.8888888888888888,0.9,"{""clf__C"": 10.0}",6.6119244000001345
52,quantum/HS-overlap-ref-SVM,quantum,1,0.8888888888888888,1.0,"{""clf__C"": 10.0}",6.6119244000001345
52,quantum/HS-overlap-ref-SVM,quantum,2,0.6666666666666666,0.8,"{""clf__C"": 10.0}",6.6119244000001345
52,quantum/HS-overlap-ref-SVM,quantum,3,0.8888888888888888,0.9500000000000001,"{""clf__C"": 10.0}",6.6119244000001345
52,quantum/HS-overlap-ref-SVM,quantum,4,0.8888888888888888,0.9,"{""clf__C"": 10.0}",6.6119244000001345
52,quantum/HS-overlap-ref-SVM,quantum,5,0.7777777777777778,1.0,"{""clf__C"": 10.0}",6.6119244000001345
52,quantum/HS-overlap-ref-SVM,quantum,6,0.5555555555555556,0.7,"{""clf__C"": 10.0}",6.6119244000001345
52,quantum/HS-overlap-ref-SVM,quantum,7,0.7777777777777778,0.85,"{""clf__C"": 10.0}",6.6119244000001345
52,quantum/HS-overlap-ref-SVM,quantum,8,0.6666666666666666,0.8,"{""clf__C"": 10.0}",6.6119244000001345
52,quantum/HS-overlap-ref-SVM,quantum,9,0.7777777777777778,0.9,"{""clf__C"": 10.0}",6.6119244000001345
52,quantum/HS-overlap-ref-SVM,quantum,10,0.7777777777777778,0.8,"{""clf__C"": 10.0}",6.6119244000001345
52,quantum/HS-overlap-ref-SVM,quantum,11,0.5555555555555556,0.75,"{""clf__C"": 10.0}",6.6119244000001345
52,quantum/HS-overlap-ref-SVM,quantum,12,0.7777777777777778,1.0,"{""clf__C"": 10.0}",6.6119244000001345
52,quantum/HS-overlap-ref-SVM,quantum,13,0.7777777777777778,0.85,"{""clf__C"": 10.0}",6.6119244000001345
52,quantum/HS-overlap-ref-SVM,quantum,14,1.0,1.0,"{""clf__C"": 10.0}",6.6119244000001345
52,quantum/Fidelity-ref-SVM,quantum,0,0.8888888888888888,0.9,"{""clf__C"": 10.0}",10.663413499999479
52,quantum/Fidelity-ref-SVM,quantum,1,0.8888888888888888,1.0,"{""clf__C"": 10.0}",10.663413499999479
52,quantum/Fidelity-ref-SVM,quantum,2,0.7777777777777778,0.85,"{""clf__C"": 10.0}",10.663413499999479
52,quantum/Fidelity-ref-SVM,quantum,3,1.0,1.0,"{""clf__C"": 10.0}",10.663413499999479
52,quantum/Fidelity-ref-SVM,quantum,4,0.8888888888888888,0.9,"{""clf__C"": 10.0}",10.663413499999479
52,quantum/Fidelity-ref-SVM,quantum,5,0.7777777777777778,1.0,"{""clf__C"": 10.0}",10.663413499999479
52,quantum/Fidelity-ref-SVM,quantum,6,0.5555555555555556,0.75,"{""clf__C"": 10.0}",10.663413499999479
52,quantum/Fidelity-ref-SVM,quantum,7,0.6666666666666666,0.9,"{""clf__C"": 10.0}",10.663413499999479
52,quantum/Fidelity-ref-SVM,quantum,8,0.5555555555555556,0.8,"{""clf__C"": 10.0}",10.663413499999479
52,quantum/Fidelity-ref-SVM,quantum,9,0.7777777777777778,1.0,"{""clf__C"": 10.0}",10.663413499999479
52,quantum/Fidelity-ref-SVM,quantum,10,0.7777777777777778,0.85,"{""clf__C"": 10.0}",10.663413499999479
52,quantum/Fidelity-ref-SVM,quantum,11,0.6666666666666666,0.8,"{""clf__C"": 10.0}",10.663413499999479
52,quantum/Fidelity-ref-SVM,quantum,12,0.7777777777777778,1.0,"{""clf__C"": 10.0}",10.663413499999479
52,quantum/Fidelity-ref-SVM,quantum,13,0.6666666666666666,0.85,"{""clf__C"": 10.0}",10.663413499999479
52,quantum/Fidelity-ref-SVM,quantum,14,1.0,1.0,"{""clf__C"": 10.0}",10.663413499999479
52,quantum/HS-RBF-ref-SVM,quantum,0,0.7777777777777778,0.9,"{""clf__C"": 10.0, ""clf__gamma_mult"": 0.25}",18.24749470000006
52,quantum/HS-RBF-ref-SVM,quantum,1,0.8888888888888888,0.9500000000000001,"{""clf__C"": 10.0, ""clf__gamma_mult"": 1.0}",18.24749470000006
52,quantum/HS-RBF-ref-SVM,quantum,2,0.6666666666666666,0.8,"{""clf__C"": 10.0, ""clf__gamma_mult"": 0.25}",18.24749470000006
52,quantum/HS-RBF-ref-SVM,quantum,3,0.8888888888888888,0.9500000000000001,"{""clf__C"": 10.0, ""clf__gamma_mult"": 0.25}",18.24749470000006
52,quantum/HS-RBF-ref-SVM,quantum,4,0.8888888888888888,1.0,"{""clf__C"": 10.0, ""clf__gamma_mult"": 0.25}",18.24749470000006
52,quantum/HS-RBF-ref-SVM,quantum,5,0.7777777777777778,1.0,"{""clf__C"": 10.0, ""clf__gamma_mult"": 0.25}",18.24749470000006
52,quantum/HS-RBF-ref-SVM,quantum,6,0.5555555555555556,0.7,"{""clf__C"": 10.0, ""clf__gamma_mult"": 0.25}",18.24749470000006
52,quantum/HS-RBF-ref-SVM,quantum,7,0.7777777777777778,0.8,"{""clf__C"": 10.0, ""clf__gamma_mult"": 1.0}",18.24749470000006
52,quantum/HS-RBF-ref-SVM,quantum,8,0.7777777777777778,0.8,"{""clf__C"": 10.0, ""clf__gamma_mult"": 0.25}",18.24749470000006
52,quantum/HS-RBF-ref-SVM,quantum,9,0.7777777777777778,1.0,"{""clf__C"": 10.0, ""clf__gamma_mult"": 1.0}",18.24749470000006
52,quantum/HS-RBF-ref-SVM,quantum,10,0.7777777777777778,0.85,"{""clf__C"": 10.0, ""clf__gamma_mult"": 0.25}",18.24749470000006
52,quantum/HS-RBF-ref-SVM,quantum,11,0.5555555555555556,0.8,"{""clf__C"": 10.0, ""clf__gamma_mult"": 1.0}",18.24749470000006
52,quantum/HS-RBF-ref-SVM,quantum,12,0.7777777777777778,1.0,"{""clf__C"": 10.0, ""clf__gamma_mult"": 0.25}",18.24749470000006
52,quantum/HS-RBF-ref-SVM,quantum,13,0.7777777777777778,0.9500000000000001,"{""clf__C"": 10.0, ""clf__gamma_mult"": 0.25}",18.24749470000006
52,quantum/HS-RBF-ref-SVM,quantum,14,0.8888888888888888,1.0,"{""clf__C"": 1.0, ""clf__gamma_mult"": 1.0}",18.24749470000006
52,quantum/Bures-RBF-ref-SVM,quantum,0,0.6666666666666666,0.8,"{""clf__C"": 1.0, ""clf__gamma_mult"": 1.0}",28.351413100000173
52,quantum/Bures-RBF-ref-SVM,quantum,1,0.8888888888888888,1.0,"{""clf__C"": 10.0, ""clf__gamma_mult"": 0.25}",28.351413100000173
52,quantum/Bures-RBF-ref-SVM,quantum,2,0.7777777777777778,0.9,"{""clf__C"": 10.0, ""clf__gamma_mult"": 0.25}",28.351413100000173
52,quantum/Bures-RBF-ref-SVM,quantum,3,1.0,1.0,"{""clf__C"": 10.0, ""clf__gamma_mult"": 1.0}",28.351413100000173
52,quantum/Bures-RBF-ref-SVM,quantum,4,0.8888888888888888,0.95,"{""clf__C"": 10.0, ""clf__gamma_mult"": 0.25}",28.351413100000173
52,quantum/Bures-RBF-ref-SVM,quantum,5,0.7777777777777778,1.0,"{""clf__C"": 10.0, ""clf__gamma_mult"": 1.0}",28.351413100000173
52,quantum/Bures-RBF-ref-SVM,quantum,6,0.5555555555555556,0.75,"{""clf__C"": 10.0, ""clf__gamma_mult"": 0.25}",28.351413100000173
52,quantum/Bures-RBF-ref-SVM,quantum,7,0.7777777777777778,0.9,"{""clf__C"": 10.0, ""clf__gamma_mult"": 0.25}",28.351413100000173
52,quantum/Bures-RBF-ref-SVM,quantum,8,0.6666666666666666,0.85,"{""clf__C"": 10.0, ""clf__gamma_mult"": 0.25}",28.351413100000173
52,quantum/Bures-RBF-ref-SVM,quantum,9,0.7777777777777778,1.0,"{""clf__C"": 10.0, ""clf__gamma_mult"": 1.0}",28.351413100000173
52,quantum/Bures-RBF-ref-SVM,quantum,10,0.7777777777777778,0.85,"{""clf__C"": 10.0, ""clf__gamma_mult"": 0.25}",28.351413100000173
52,quantum/Bures-RBF-ref-SVM,quantum,11,0.5555555555555556,0.75,"{""clf__C"": 10.0, ""clf__gamma_mult"": 0.25}",28.351413100000173
52,quantum/Bures-RBF-ref-SVM,quantum,12,0.7777777777777778,1.0,"{""clf__C"": 10.0, ""clf__gamma_mult"": 0.25}",28.351413100000173
52,quantum/Bures-RBF-ref-SVM,quantum,13,0.6666666666666666,0.9,"{""clf__C"": 10.0, ""clf__gamma_mult"": 0.25}",28.351413100000173
52,quantum/Bures-RBF-ref-SVM,quantum,14,1.0,1.0,"{""clf__C"": 10.0, ""clf__gamma_mult"": 1.0}",28.351413100000173
52,quantum/QRE-RBF-ref-SVM,quantum,0,0.6666666666666666,0.8,"{""clf__C"": 1.0, ""clf__gamma_mult"": 1.0}",21.599440899999536
52,quantum/QRE-RBF-ref-SVM,quantum,1,0.8888888888888888,1.0,"{""clf__C"": 10.0, ""clf__gamma_mult"": 0.25}",21.599440899999536
52,quantum/QRE-RBF-ref-SVM,quantum,2,0.7777777777777778,0.9,"{""clf__C"": 10.0, ""clf__gamma_mult"": 1.0}",21.599440899999536
52,quantum/QRE-RBF-ref-SVM,quantum,3,1.0,1.0,"{""clf__C"": 10.0, ""clf__gamma_mult"": 1.0}",21.599440899999536
52,quantum/QRE-RBF-ref-SVM,quantum,4,0.8888888888888888,0.9,"{""clf__C"": 10.0, ""clf__gamma_mult"": 0.25}",21.599440899999536
52,quantum/QRE-RBF-ref-SVM,quantum,5,0.7777777777777778,1.0,"{""clf__C"": 10.0, ""clf__gamma_mult"": 1.0}",21.599440899999536
52,quantum/QRE-RBF-ref-SVM,quantum,6,0.5555555555555556,0.75,"{""clf__C"": 10.0, ""clf__gamma_mult"": 0.25}",21.599440899999536
52,quantum/QRE-RBF-ref-SVM,quantum,7,0.7777777777777778,0.9,"{""clf__C"": 10.0, ""clf__gamma_mult"": 0.25}",21.599440899999536
52,quantum/QRE-RBF-ref-SVM,quantum,8,0.6666666666666666,0.8,"{""clf__C"": 10.0, ""clf__gamma_mult"": 0.25}",21.599440899999536
52,quantum/QRE-RBF-ref-SVM,quantum,9,0.7777777777777778,1.0,"{""clf__C"": 10.0, ""clf__gamma_mult"": 1.0}",21.599440899999536
52,quantum/QRE-RBF-ref-SVM,quantum,10,0.7777777777777778,0.85,"{""clf__C"": 10.0, ""clf__gamma_mult"": 0.25}",21.599440899999536
52,quantum/QRE-RBF-ref-SVM,quantum,11,0.6666666666666666,0.75,"{""clf__C"": 10.0, ""clf__gamma_mult"": 0.25}",21.599440899999536
52,quantum/QRE-RBF-ref-SVM,quantum,12,0.7777777777777778,1.0,"{""clf__C"": 10.0, ""clf__gamma_mult"": 0.25}",21.599440899999536
52,quantum/QRE-RBF-ref-SVM,quantum,13,0.6666666666666666,0.85,"{""clf__C"": 10.0, ""clf__gamma_mult"": 0.25}",21.599440899999536
52,quantum/QRE-RBF-ref-SVM,quantum,14,1.0,1.0,"{""clf__C"": 10.0, ""clf__gamma_mult"": 0.25}",21.599440899999536
52,quantum/IQP-kernel-SVM,quantum,0,0.4444444444444444,0.5,"{""clf__C"": 1.0, ""clf__scale"": 1.0}",25.851185100000293
52,quantum/IQP-kernel-SVM,quantum,1,0.7777777777777778,0.8,"{""clf__C"": 1.0, ""clf__scale"": 0.5}",25.851185100000293
52,quantum/IQP-kernel-SVM,quantum,2,0.6666666666666666,0.6000000000000001,"{""clf__C"": 1.0, ""clf__scale"": 0.5}",25.851185100000293
52,quantum/IQP-kernel-SVM,quantum,3,0.8888888888888888,0.9,"{""clf__C"": 10.0, ""clf__scale"": 0.5}",25.851185100000293
52,quantum/IQP-kernel-SVM,quantum,4,0.5555555555555556,0.6,"{""clf__C"": 1.0, ""clf__scale"": 0.5}",25.851185100000293
52,quantum/IQP-kernel-SVM,quantum,5,0.6666666666666666,0.7000000000000001,"{""clf__C"": 1.0, ""clf__scale"": 1.0}",25.851185100000293
52,quantum/IQP-kernel-SVM,quantum,6,0.3333333333333333,0.15,"{""clf__C"": 10.0, ""clf__scale"": 1.0}",25.851185100000293
52,quantum/IQP-kernel-SVM,quantum,7,0.7777777777777778,0.75,"{""clf__C"": 1.0, ""clf__scale"": 0.5}",25.851185100000293
52,quantum/IQP-kernel-SVM,quantum,8,0.3333333333333333,0.6,"{""clf__C"": 1.0, ""clf__scale"": 0.5}",25.851185100000293
52,quantum/IQP-kernel-SVM,quantum,9,0.8888888888888888,0.95,"{""clf__C"": 1.0, ""clf__scale"": 0.5}",25.851185100000293
52,quantum/IQP-kernel-SVM,quantum,10,0.7777777777777778,0.9500000000000001,"{""clf__C"": 1.0, ""clf__scale"": 1.0}",25.851185100000293
52,quantum/IQP-kernel-SVM,quantum,11,0.8888888888888888,0.9,"{""clf__C"": 10.0, ""clf__scale"": 1.0}",25.851185100000293
52,quantum/IQP-kernel-SVM,quantum,12,0.6666666666666666,0.85,"{""clf__C"": 10.0, ""clf__scale"": 0.5}",25.851185100000293
52,quantum/IQP-kernel-SVM,quantum,13,0.6666666666666666,0.8,"{""clf__C"": 1.0, ""clf__scale"": 0.5}",25.851185100000293
52,quantum/IQP-kernel-SVM,quantum,14,0.6666666666666666,0.95,"{""clf__C"": 10.0, ""clf__scale"": 0.5}",25.851185100000293
52,quantum/CNOT-kernel-SVM,quantum,0,0.4444444444444444,0.75,"{""clf__C"": 1.0, ""clf__scale"": 0.5}",23.967638699999952
52,quantum/CNOT-kernel-SVM,quantum,1,0.6666666666666666,0.75,"{""clf__C"": 1.0, ""clf__scale"": 1.0}",23.967638699999952
52,quantum/CNOT-kernel-SVM,quantum,2,0.7777777777777778,0.75,"{""clf__C"": 1.0, ""clf__scale"": 1.0}",23.967638699999952
52,quantum/CNOT-kernel-SVM,quantum,3,0.7777777777777778,0.9,"{""clf__C"": 1.0, ""clf__scale"": 1.0}",23.967638699999952
52,quantum/CNOT-kernel-SVM,quantum,4,0.3333333333333333,0.6,"{""clf__C"": 1.0, ""clf__scale"": 0.5}",23.967638699999952
52,quantum/CNOT-kernel-SVM,quantum,5,0.7777777777777778,0.9,"{""clf__C"": 1.0, ""clf__scale"": 0.5}",23.967638699999952
52,quantum/CNOT-kernel-SVM,quantum,6,0.6666666666666666,0.65,"{""clf__C"": 10.0, ""clf__scale"": 1.0}",23.967638699999952
52,quantum/CNOT-kernel-SVM,quantum,7,0.6666666666666666,0.9,"{""clf__C"": 1.0, ""clf__scale"": 1.0}",23.967638699999952
52,quantum/CNOT-kernel-SVM,quantum,8,0.4444444444444444,0.55,"{""clf__C"": 1.0, ""clf__scale"": 0.5}",23.967638699999952
52,quantum/CNOT-kernel-SVM,quantum,9,0.7777777777777778,0.85,"{""clf__C"": 1.0, ""clf__scale"": 0.5}",23.967638699999952
52,quantum/CNOT-kernel-SVM,quantum,10,0.6666666666666666,0.75,"{""clf__C"": 10.0, ""clf__scale"": 1.0}",23.967638699999952
52,quantum/CNOT-kernel-SVM,quantum,11,0.8888888888888888,0.9,"{""clf__C"": 10.0, ""clf__scale"": 0.5}",23.967638699999952
52,quantum/CNOT-kernel-SVM,quantum,12,0.6666666666666666,0.85,"{""clf__C"": 10.0, ""clf__scale"": 1.0}",23.967638699999952
52,quantum/CNOT-kernel-SVM,quantum,13,0.6666666666666666,0.6,"{""clf__C"": 1.0, ""clf__scale"": 0.5}",23.967638699999952
52,quantum/CNOT-kernel-SVM,quantum,14,0.6666666666666666,0.7000000000000001,"{""clf__C"": 10.0, ""clf__scale"": 1.0}",23.967638699999952
52,control/IQP-no-entangle,control,0,0.4444444444444444,0.75,"{""clf__C"": 1.0, ""clf__scale"": 0.5}",22.342008500000702
52,control/IQP-no-entangle,control,1,0.7777777777777778,0.7000000000000001,"{""clf__C"": 1.0, ""clf__scale"": 1.0}",22.342008500000702
52,control/IQP-no-entangle,control,2,0.7777777777777778,0.85,"{""clf__C"": 1.0, ""clf__scale"": 0.5}",22.342008500000702
52,control/IQP-no-entangle,control,3,0.6666666666666666,0.9500000000000001,"{""clf__C"": 10.0, ""clf__scale"": 0.5}",22.342008500000702
52,control/IQP-no-entangle,control,4,0.4444444444444444,0.6,"{""clf__C"": 1.0, ""clf__scale"": 0.5}",22.342008500000702
52,control/IQP-no-entangle,control,5,0.7777777777777778,0.9,"{""clf__C"": 1.0, ""clf__scale"": 0.5}",22.342008500000702
52,control/IQP-no-entangle,control,6,0.4444444444444444,0.24999999999999997,"{""clf__C"": 10.0, ""clf__scale"": 2.0}",22.342008500000702
52,control/IQP-no-entangle,control,7,0.6666666666666666,0.8,"{""clf__C"": 1.0, ""clf__scale"": 1.0}",22.342008500000702
52,control/IQP-no-entangle,control,8,0.4444444444444444,0.5499999999999999,"{""clf__C"": 1.0, ""clf__scale"": 0.5}",22.342008500000702
52,control/IQP-no-entangle,control,9,0.6666666666666666,0.9,"{""clf__C"": 10.0, ""clf__scale"": 0.5}",22.342008500000702
52,control/IQP-no-entangle,control,10,0.6666666666666666,0.85,"{""clf__C"": 10.0, ""clf__scale"": 1.0}",22.342008500000702
52,control/IQP-no-entangle,control,11,0.6666666666666666,0.9,"{""clf__C"": 10.0, ""clf__scale"": 1.0}",22.342008500000702
52,control/IQP-no-entangle,control,12,0.6666666666666666,0.85,"{""clf__C"": 10.0, ""clf__scale"": 1.0}",22.342008500000702
52,control/IQP-no-entangle,control,13,0.5555555555555556,0.65,"{""clf__C"": 1.0, ""clf__scale"": 0.5}",22.342008500000702
52,control/IQP-no-entangle,control,14,0.7777777777777778,0.9,"{""clf__C"": 1.0, ""clf__scale"": 0.5}",22.342008500000702
52,control/PCA-matched-RBF,control,0,0.4444444444444444,0.65,"{""clf__C"": 1.0, ""clf__gamma"": ""scale""}",18.805724900000314
52,control/PCA-matched-RBF,control,1,0.7777777777777778,0.9,"{""clf__C"": 10.0, ""clf__gamma"": 0.01}",18.805724900000314
52,control/PCA-matched-RBF,control,2,0.7777777777777778,0.85,"{""clf__C"": 1.0, ""clf__gamma"": 0.1}",18.805724900000314
52,control/PCA-matched-RBF,control,3,0.7777777777777778,0.9500000000000001,"{""clf__C"": 1.0, ""clf__gamma"": 0.1}",18.805724900000314
52,control/PCA-matched-RBF,control,4,0.3333333333333333,0.6,"{""clf__C"": 10.0, ""clf__gamma"": 0.01}",18.805724900000314
52,control/PCA-matched-RBF,control,5,0.8888888888888888,0.9,"{""clf__C"": 10.0, ""clf__gamma"": 0.1}",18.805724900000314
52,control/PCA-matched-RBF,control,6,0.6666666666666666,0.5499999999999999,"{""clf__C"": 10.0, ""clf__gamma"": ""scale""}",18.805724900000314
52,control/PCA-matched-RBF,control,7,0.6666666666666666,0.8500000000000001,"{""clf__C"": 1.0, ""clf__gamma"": 0.1}",18.805724900000314
52,control/PCA-matched-RBF,control,8,0.4444444444444444,0.55,"{""clf__C"": 1.0, ""clf__gamma"": 0.1}",18.805724900000314
52,control/PCA-matched-RBF,control,9,0.6666666666666666,0.85,"{""clf__C"": 1.0, ""clf__gamma"": 0.1}",18.805724900000314
52,control/PCA-matched-RBF,control,10,0.7777777777777778,0.9,"{""clf__C"": 1.0, ""clf__gamma"": ""scale""}",18.805724900000314
52,control/PCA-matched-RBF,control,11,0.7777777777777778,0.9500000000000001,"{""clf__C"": 1.0, ""clf__gamma"": ""scale""}",18.805724900000314
52,control/PCA-matched-RBF,control,12,0.7777777777777778,0.8,"{""clf__C"": 10.0, ""clf__gamma"": 0.01}",18.805724900000314
52,control/PCA-matched-RBF,control,13,0.4444444444444444,0.7,"{""clf__C"": 1.0, ""clf__gamma"": ""scale""}",18.805724900000314
52,control/PCA-matched-RBF,control,14,0.7777777777777778,0.9,"{""clf__C"": 1.0, ""clf__gamma"": 0.1}",18.805724900000314
52,control/PCA-matched-linear,control,0,0.7777777777777778,0.75,"{""clf__C"": 0.1}",6.925666899999669
52,control/PCA-matched-linear,control,1,0.6666666666666666,0.9,"{""clf__C"": 0.1}",6.925666899999669
52,control/PCA-matched-linear,control,2,0.7777777777777778,0.9,"{""clf__C"": 0.1}",6.925666899999669
52,control/PCA-matched-linear,control,3,0.6666666666666666,1.0,"{""clf__C"": 1.0}",6.925666899999669
52,control/PCA-matched-linear,control,4,0.4444444444444444,0.6,"{""clf__C"": 1.0}",6.925666899999669
52,control/PCA-matched-linear,control,5,0.6666666666666666,0.9,"{""clf__C"": 10.0}",6.925666899999669
52,control/PCA-matched-linear,control,6,0.6666666666666666,0.75,"{""clf__C"": 10.0}",6.925666899999669
52,control/PCA-matched-linear,control,7,0.7777777777777778,0.8,"{""clf__C"": 1.0}",6.925666899999669
52,control/PCA-matched-linear,control,8,0.4444444444444444,0.6,"{""clf__C"": 1.0}",6.925666899999669
52,control/PCA-matched-linear,control,9,0.7777777777777778,0.85,"{""clf__C"": 10.0}",6.925666899999669
52,control/PCA-matched-linear,control,10,0.6666666666666666,0.75,"{""clf__C"": 0.1}",6.925666899999669
52,control/PCA-matched-linear,control,11,0.8888888888888888,0.9,"{""clf__C"": 1.0}",6.925666899999669
52,control/PCA-matched-linear,control,12,0.7777777777777778,0.8,"{""clf__C"": 0.1}",6.925666899999669
52,control/PCA-matched-linear,control,13,0.6666666666666666,0.55,"{""clf__C"": 0.1}",6.925666899999669
52,control/PCA-matched-linear,control,14,0.7777777777777778,0.9,"{""clf__C"": 1.0}",6.925666899999669
52,control/logeuclid-TS+LR,control,0,0.5555555555555556,0.65,"{""clf__C"": 10.0}",5.144768799999838
52,control/logeuclid-TS+LR,control,1,0.6666666666666666,0.65,"{""clf__C"": 0.1}",5.144768799999838
52,control/logeuclid-TS+LR,control,2,0.7777777777777778,0.85,"{""clf__C"": 10.0}",5.144768799999838
52,control/logeuclid-TS+LR,control,3,0.8888888888888888,0.9500000000000001,"{""clf__C"": 10.0}",5.144768799999838
52,control/logeuclid-TS+LR,control,4,0.7777777777777778,1.0,"{""clf__C"": 10.0}",5.144768799999838
52,control/logeuclid-TS+LR,control,5,0.7777777777777778,0.9,"{""clf__C"": 1.0}",5.144768799999838
52,control/logeuclid-TS+LR,control,6,0.7777777777777778,0.85,"{""clf__C"": 10.0}",5.144768799999838
52,control/logeuclid-TS+LR,control,7,0.7777777777777778,0.85,"{""clf__C"": 10.0}",5.144768799999838
52,control/logeuclid-TS+LR,control,8,0.4444444444444444,0.55,"{""clf__C"": 10.0}",5.144768799999838
52,control/logeuclid-TS+LR,control,9,0.6666666666666666,0.8500000000000001,"{""clf__C"": 10.0}",5.144768799999838
52,control/logeuclid-TS+LR,control,10,0.5555555555555556,0.75,"{""clf__C"": 1.0}",5.144768799999838
52,control/logeuclid-TS+LR,control,11,0.6666666666666666,0.8,"{""clf__C"": 10.0}",5.144768799999838
52,control/logeuclid-TS+LR,control,12,0.7777777777777778,0.9,"{""clf__C"": 10.0}",5.144768799999838
52,control/logeuclid-TS+LR,control,13,0.5555555555555556,0.49999999999999994,"{""clf__C"": 0.1}",5.144768799999838
52,control/logeuclid-TS+LR,control,14,0.8888888888888888,1.0,"{""clf__C"": 1.0}",5.144768799999838
52,control/riemann-kernel-SVM,control,0,0.7777777777777778,0.9,"{""clf__C"": 1.0}",6.731023899999855
52,control/riemann-kernel-SVM,control,1,0.8888888888888888,0.9500000000000001,"{""clf__C"": 1.0}",6.731023899999855
52,control/riemann-kernel-SVM,control,2,0.8888888888888888,0.9,"{""clf__C"": 1.0}",6.731023899999855
52,control/riemann-kernel-SVM,control,3,1.0,1.0,"{""clf__C"": 1.0}",6.731023899999855
52,control/riemann-kernel-SVM,control,4,0.8888888888888888,0.95,"{""clf__C"": 1.0}",6.731023899999855
52,control/riemann-kernel-SVM,control,5,0.8888888888888888,1.0,"{""clf__C"": 1.0}",6.731023899999855
52,control/riemann-kernel-SVM,control,6,0.6666666666666666,0.8,"{""clf__C"": 1.0}",6.731023899999855
52,control/riemann-kernel-SVM,control,7,0.6666666666666666,0.9,"{""clf__C"": 0.1}",6.731023899999855
52,control/riemann-kernel-SVM,control,8,0.7777777777777778,0.8,"{""clf__C"": 1.0}",6.731023899999855
52,control/riemann-kernel-SVM,control,9,0.8888888888888888,1.0,"{""clf__C"": 1.0}",6.731023899999855
52,control/riemann-kernel-SVM,control,10,0.5555555555555556,0.75,"{""clf__C"": 0.1}",6.731023899999855
52,control/riemann-kernel-SVM,control,11,0.6666666666666666,0.8,"{""clf__C"": 1.0}",6.731023899999855
52,control/riemann-kernel-SVM,control,12,1.0,1.0,"{""clf__C"": 1.0}",6.731023899999855
52,control/riemann-kernel-SVM,control,13,0.4444444444444444,0.6,"{""clf__C"": 0.1}",6.731023899999855
52,control/riemann-kernel-SVM,control,14,1.0,1.0,"{""clf__C"": 1.0}",6.731023899999855
52,control/logeuclid-kernel-SVM,control,0,0.7777777777777778,0.85,"{""clf__C"": 1.0}",6.618107400000554
52,control/logeuclid-kernel-SVM,control,1,0.8888888888888888,0.9500000000000001,"{""clf__C"": 1.0}",6.618107400000554
52,control/logeuclid-kernel-SVM,control,2,0.8888888888888888,0.9500000000000001,"{""clf__C"": 1.0}",6.618107400000554
52,control/logeuclid-kernel-SVM,control,3,1.0,1.0,"{""clf__C"": 1.0}",6.618107400000554
52,control/logeuclid-kernel-SVM,control,4,0.7777777777777778,0.9,"{""clf__C"": 1.0}",6.618107400000554
52,control/logeuclid-kernel-SVM,control,5,0.8888888888888888,1.0,"{""clf__C"": 1.0}",6.618107400000554
52,control/logeuclid-kernel-SVM,control,6,0.5555555555555556,0.75,"{""clf__C"": 1.0}",6.618107400000554
52,control/logeuclid-kernel-SVM,control,7,0.7777777777777778,0.9500000000000001,"{""clf__C"": 1.0}",6.618107400000554
52,control/logeuclid-kernel-SVM,control,8,0.7777777777777778,0.7,"{""clf__C"": 0.1}",6.618107400000554
52,control/logeuclid-kernel-SVM,control,9,1.0,1.0,"{""clf__C"": 1.0}",6.618107400000554
52,control/logeuclid-kernel-SVM,control,10,0.6666666666666666,0.75,"{""clf__C"": 0.1}",6.618107400000554
52,control/logeuclid-kernel-SVM,control,11,0.6666666666666666,0.75,"{""clf__C"": 1.0}",6.618107400000554
52,control/logeuclid-kernel-SVM,control,12,0.8888888888888888,0.9500000000000001,"{""clf__C"": 1.0}",6.618107400000554
52,control/logeuclid-kernel-SVM,control,13,0.7777777777777778,0.75,"{""clf__C"": 1.0}",6.618107400000554
52,control/logeuclid-kernel-SVM,control,14,1.0,1.0,"{""clf__C"": 1.0}",6.618107400000554
53,classical/logvar+LDA,classical,0,0.6666666666666666,0.8500000000000001,{},0.11969680000038352
53,classical/logvar+LDA,classical,1,0.5555555555555556,0.8,{},0.11969680000038352
53,classical/logvar+LDA,classical,2,0.5555555555555556,0.5,{},0.11969680000038352
53,classical/logvar+LDA,classical,3,0.5555555555555556,0.44999999999999996,{},0.11969680000038352
53,classical/logvar+LDA,classical,4,0.5555555555555556,0.75,{},0.11969680000038352
53,classical/logvar+LDA,classical,5,0.6666666666666666,0.7000000000000001,{},0.11969680000038352
53,classical/logvar+LDA,classical,6,0.5555555555555556,0.5499999999999999,{},0.11969680000038352
53,classical/logvar+LDA,classical,7,0.3333333333333333,0.30000000000000004,{},0.11969680000038352
53,classical/logvar+LDA,classical,8,0.6666666666666666,0.65,{},0.11969680000038352
53,classical/logvar+LDA,classical,9,0.5555555555555556,0.55,{},0.11969680000038352
53,classical/logvar+LDA,classical,10,0.3333333333333333,0.6499999999999999,{},0.11969680000038352
53,classical/logvar+LDA,classical,11,0.5555555555555556,0.75,{},0.11969680000038352
53,classical/logvar+LDA,classical,12,0.4444444444444444,0.35,{},0.11969680000038352
53,classical/logvar+LDA,classical,13,0.8888888888888888,0.8500000000000001,{},0.11969680000038352
53,classical/logvar+LDA,classical,14,0.6666666666666666,0.75,{},0.11969680000038352
53,classical/CSP+LDA,classical,0,0.7777777777777778,0.9,"{""csp__nfilter"": 2}",4.238295699999981
53,classical/CSP+LDA,classical,1,0.6666666666666666,0.85,"{""csp__nfilter"": 6}",4.238295699999981
53,classical/CSP+LDA,classical,2,0.6666666666666666,0.6,"{""csp__nfilter"": 4}",4.238295699999981
53,classical/CSP+LDA,classical,3,0.4444444444444444,0.4,"{""csp__nfilter"": 2}",4.238295699999981
53,classical/CSP+LDA,classical,4,0.6666666666666666,0.9,"{""csp__nfilter"": 2}",4.238295699999981
53,classical/CSP+LDA,classical,5,0.6666666666666666,0.8,"{""csp__nfilter"": 2}",4.238295699999981
53,classical/CSP+LDA,classical,6,0.6666666666666666,0.5,"{""csp__nfilter"": 2}",4.238295699999981
53,classical/CSP+LDA,classical,7,0.6666666666666666,0.8,"{""csp__nfilter"": 4}",4.238295699999981
53,classical/CSP+LDA,classical,8,0.5555555555555556,0.7,"{""csp__nfilter"": 2}",4.238295699999981
53,classical/CSP+LDA,classical,9,0.5555555555555556,0.55,"{""csp__nfilter"": 2}",4.238295699999981
53,classical/CSP+LDA,classical,10,0.5555555555555556,0.6,"{""csp__nfilter"": 4}",4.238295699999981
53,classical/CSP+LDA,classical,11,0.5555555555555556,0.65,"{""csp__nfilter"": 2}",4.238295699999981
53,classical/CSP+LDA,classical,12,0.5555555555555556,0.55,"{""csp__nfilter"": 2}",4.238295699999981
53,classical/CSP+LDA,classical,13,0.8888888888888888,1.0,"{""csp__nfilter"": 6}",4.238295699999981
53,classical/CSP+LDA,classical,14,0.7777777777777778,0.9,"{""csp__nfilter"": 6}",4.238295699999981
53,classical/MDM,classical,0,0.7777777777777778,0.9,{},0.6679042999994635
53,classical/MDM,classical,1,0.7777777777777778,0.9,{},0.6679042999994635
53,classical/MDM,classical,2,0.4444444444444444,0.4,{},0.6679042999994635
53,classical/MDM,classical,3,0.4444444444444444,0.4,{},0.6679042999994635
53,classical/MDM,classical,4,0.6666666666666666,0.75,{},0.6679042999994635
53,classical/MDM,classical,5,0.5555555555555556,0.9,{},0.6679042999994635
53,classical/MDM,classical,6,0.5555555555555556,0.7,{},0.6679042999994635
53,classical/MDM,classical,7,0.6666666666666666,0.7,{},0.6679042999994635
53,classical/MDM,classical,8,0.5555555555555556,0.75,{},0.6679042999994635
53,classical/MDM,classical,9,0.6666666666666666,0.5,{},0.6679042999994635
53,classical/MDM,classical,10,0.5555555555555556,0.6,{},0.6679042999994635
53,classical/MDM,classical,11,0.6666666666666666,0.65,{},0.6679042999994635
53,classical/MDM,classical,12,0.4444444444444444,0.45,{},0.6679042999994635
53,classical/MDM,classical,13,1.0,1.0,{},0.6679042999994635
53,classical/MDM,classical,14,0.7777777777777778,0.8,{},0.6679042999994635
53,classical/TS+LR,classical,0,0.8888888888888888,0.8500000000000001,"{""clf__C"": 0.1}",6.661839999999756
53,classical/TS+LR,classical,1,0.5555555555555556,0.7,"{""clf__C"": 1.0}",6.661839999999756
53,classical/TS+LR,classical,2,0.6666666666666666,0.65,"{""clf__C"": 10.0}",6.661839999999756
53,classical/TS+LR,classical,3,0.4444444444444444,0.45,"{""clf__C"": 0.1}",6.661839999999756
53,classical/TS+LR,classical,4,0.6666666666666666,0.85,"{""clf__C"": 0.1}",6.661839999999756
53,classical/TS+LR,classical,5,0.6666666666666666,0.9,"{""clf__C"": 1.0}",6.661839999999756
53,classical/TS+LR,classical,6,0.7777777777777778,0.9500000000000001,"{""clf__C"": 0.1}",6.661839999999756
53,classical/TS+LR,classical,7,0.5555555555555556,0.6,"{""clf__C"": 0.1}",6.661839999999756
53,classical/TS+LR,classical,8,0.8888888888888888,0.9,"{""clf__C"": 0.1}",6.661839999999756
53,classical/TS+LR,classical,9,0.6666666666666666,0.7,"{""clf__C"": 0.1}",6.661839999999756
53,classical/TS+LR,classical,10,0.5555555555555556,0.7,"{""clf__C"": 0.1}",6.661839999999756
53,classical/TS+LR,classical,11,0.5555555555555556,0.65,"{""clf__C"": 0.1}",6.661839999999756
53,classical/TS+LR,classical,12,0.8888888888888888,0.8,"{""clf__C"": 1.0}",6.661839999999756
53,classical/TS+LR,classical,13,0.7777777777777778,0.9,"{""clf__C"": 0.1}",6.661839999999756
53,classical/TS+LR,classical,14,0.8888888888888888,0.85,"{""clf__C"": 0.1}",6.661839999999756
53,classical/TS+RBF-SVM,classical,0,0.4444444444444444,1.0,"{""clf__C"": 0.1, ""clf__gamma"": ""scale""}",18.038701099999344
53,classical/TS+RBF-SVM,classical,1,0.3333333333333333,0.6,"{""clf__C"": 10.0, ""clf__gamma"": ""scale""}",18.038701099999344
53,classical/TS+RBF-SVM,classical,2,0.6666666666666666,0.6,"{""clf__C"": 10.0, ""clf__gamma"": ""scale""}",18.038701099999344
53,classical/TS+RBF-SVM,classical,3,0.5555555555555556,0.45,"{""clf__C"": 10.0, ""clf__gamma"": 0.01}",18.038701099999344
53,classical/TS+RBF-SVM,classical,4,0.6666666666666666,0.8,"{""clf__C"": 10.0, ""clf__gamma"": ""scale""}",18.038701099999344
53,classical/TS+RBF-SVM,classical,5,0.7777777777777778,0.9,"{""clf__C"": 1.0, ""clf__gamma"": ""scale""}",18.038701099999344
53,classical/TS+RBF-SVM,classical,6,0.6666666666666666,0.9,"{""clf__C"": 10.0, ""clf__gamma"": 0.01}",18.038701099999344
53,classical/TS+RBF-SVM,classical,7,0.7777777777777778,0.75,"{""clf__C"": 10.0, ""clf__gamma"": ""scale""}",18.038701099999344
53,classical/TS+RBF-SVM,classical,8,0.8888888888888888,1.0,"{""clf__C"": 10.0, ""clf__gamma"": ""scale""}",18.038701099999344
53,classical/TS+RBF-SVM,classical,9,0.6666666666666666,0.75,"{""clf__C"": 10.0, ""clf__gamma"": ""scale""}",18.038701099999344
53,classical/TS+RBF-SVM,classical,10,0.5555555555555556,0.6,"{""clf__C"": 1.0, ""clf__gamma"": ""scale""}",18.038701099999344
53,classical/TS+RBF-SVM,classical,11,0.7777777777777778,0.65,"{""clf__C"": 1.0, ""clf__gamma"": ""scale""}",18.038701099999344
53,classical/TS+RBF-SVM,classical,12,0.7777777777777778,0.75,"{""clf__C"": 10.0, ""clf__gamma"": ""scale""}",18.038701099999344
53,classical/TS+RBF-SVM,classical,13,0.7777777777777778,0.9,"{""clf__C"": 10.0, ""clf__gamma"": 0.01}",18.038701099999344
53,classical/TS+RBF-SVM,classical,14,0.7777777777777778,0.9,"{""clf__C"": 10.0, ""clf__gamma"": 0.01}",18.038701099999344
53,quantum/HS-overlap-SVM,quantum,0,0.4444444444444444,0.9,"{""clf__C"": 0.1}",4.488179799999671
53,quantum/HS-overlap-SVM,quantum,1,0.4444444444444444,0.9,"{""clf__C"": 0.1}",4.488179799999671
53,quantum/HS-overlap-SVM,quantum,2,0.6666666666666666,0.65,"{""clf__C"": 10.0}",4.488179799999671
53,quantum/HS-overlap-SVM,quantum,3,0.5555555555555556,0.65,"{""clf__C"": 10.0}",4.488179799999671
53,quantum/HS-overlap-SVM,quantum,4,0.5555555555555556,0.65,"{""clf__C"": 0.1}",4.488179799999671
53,quantum/HS-overlap-SVM,quantum,5,0.4444444444444444,0.85,"{""clf__C"": 0.1}",4.488179799999671
53,quantum/HS-overlap-SVM,quantum,6,0.4444444444444444,0.5499999999999999,"{""clf__C"": 10.0}",4.488179799999671
53,quantum/HS-overlap-SVM,quantum,7,0.5555555555555556,0.65,"{""clf__C"": 10.0}",4.488179799999671
53,quantum/HS-overlap-SVM,quantum,8,0.5555555555555556,0.75,"{""clf__C"": 10.0}",4.488179799999671
53,quantum/HS-overlap-SVM,quantum,9,0.5555555555555556,0.9,"{""clf__C"": 0.1}",4.488179799999671
53,quantum/HS-overlap-SVM,quantum,10,0.4444444444444444,0.8,"{""clf__C"": 0.1}",4.488179799999671
53,quantum/HS-overlap-SVM,quantum,11,0.4444444444444444,0.7,"{""clf__C"": 10.0}",4.488179799999671
53,quantum/HS-overlap-SVM,quantum,12,0.5555555555555556,0.45,"{""clf__C"": 10.0}",4.488179799999671
53,quantum/HS-overlap-SVM,quantum,13,0.6666666666666666,0.7,"{""clf__C"": 0.1}",4.488179799999671
53,quantum/HS-overlap-SVM,quantum,14,0.7777777777777778,0.75,"{""clf__C"": 0.1}",4.488179799999671
53,quantum/Fidelity-SVM,quantum,0,0.4444444444444444,0.8500000000000001,"{""clf__C"": 0.1}",7.573547900000449
53,quantum/Fidelity-SVM,quantum,1,0.5555555555555556,1.0,"{""clf__C"": 10.0}",7.573547900000449
53,quantum/Fidelity-SVM,quantum,2,0.6666666666666666,0.55,"{""clf__C"": 10.0}",7.573547900000449
53,quantum/Fidelity-SVM,quantum,3,0.4444444444444444,0.55,"{""clf__C"": 10.0}",7.573547900000449
53,quantum/Fidelity-SVM,quantum,4,0.5555555555555556,0.65,"{""clf__C"": 10.0}",7.573547900000449
53,quantum/Fidelity-SVM,quantum,5,0.4444444444444444,0.8,"{""clf__C"": 0.1}",7.573547900000449
53,quantum/Fidelity-SVM,quantum,6,0.7777777777777778,0.6,"{""clf__C"": 10.0}",7.573547900000449
53,quantum/Fidelity-SVM,quantum,7,0.6666666666666666,0.75,"{""clf__C"": 10.0}",7.573547900000449
53,quantum/Fidelity-SVM,quantum,8,0.6666666666666666,0.65,"{""clf__C"": 10.0}",7.573547900000449
53,quantum/Fidelity-SVM,quantum,9,0.6666666666666666,0.75,"{""clf__C"": 10.0}",7.573547900000449
53,quantum/Fidelity-SVM,quantum,10,0.6666666666666666,0.7,"{""clf__C"": 10.0}",7.573547900000449
53,quantum/Fidelity-SVM,quantum,11,0.5555555555555556,0.7000000000000001,"{""clf__C"": 10.0}",7.573547900000449
53,quantum/Fidelity-SVM,quantum,12,0.5555555555555556,0.4,"{""clf__C"": 10.0}",7.573547900000449
53,quantum/Fidelity-SVM,quantum,13,0.7777777777777778,0.95,"{""clf__C"": 10.0}",7.573547900000449
53,quantum/Fidelity-SVM,quantum,14,0.5555555555555556,0.8,"{""clf__C"": 10.0}",7.573547900000449
53,quantum/HS-RBF-SVM,quantum,0,0.6666666666666666,0.9,"{""clf__C"": 1.0, ""clf__gamma_mult"": 0.25}",12.25310350000018
53,quantum/HS-RBF-SVM,quantum,1,0.5555555555555556,0.7,"{""clf__C"": 10.0, ""clf__gamma_mult"": 0.25}",12.25310350000018
53,quantum/HS-RBF-SVM,quantum,2,0.5555555555555556,0.7,"{""clf__C"": 1.0, ""clf__gamma_mult"": 1.0}",12.25310350000018
53,quantum/HS-RBF-SVM,quantum,3,0.4444444444444444,0.65,"{""clf__C"": 10.0, ""clf__gamma_mult"": 0.25}",12.25310350000018
53,quantum/HS-RBF-SVM,quantum,4,0.4444444444444444,0.6000000000000001,"{""clf__C"": 10.0, ""clf__gamma_mult"": 0.25}",12.25310350000018
53,quantum/HS-RBF-SVM,quantum,5,0.5555555555555556,0.75,"{""clf__C"": 1.0, ""clf__gamma_mult"": 1.0}",12.25310350000018
53,quantum/HS-RBF-SVM,quantum,6,0.4444444444444444,0.4,"{""clf__C"": 10.0, ""clf__gamma_mult"": 0.25}",12.25310350000018
53,quantum/HS-RBF-SVM,quantum,7,0.5555555555555556,0.65,"{""clf__C"": 1.0, ""clf__gamma_mult"": 0.25}",12.25310350000018
53,quantum/HS-RBF-SVM,quantum,8,0.5555555555555556,0.7,"{""clf__C"": 1.0, ""clf__gamma_mult"": 1.0}",12.25310350000018
53,quantum/HS-RBF-SVM,quantum,9,0.5555555555555556,0.65,"{""clf__C"": 1.0, ""clf__gamma_mult"": 1.0}",12.25310350000018
53,quantum/HS-RBF-SVM,quantum,10,0.5555555555555556,0.7000000000000001,"{""clf__C"": 10.0, ""clf__gamma_mult"": 0.25}",12.25310350000018
53,quantum/HS-RBF-SVM,quantum,11,0.5555555555555556,0.65,"{""clf__C"": 10.0, ""clf__gamma_mult"": 0.25}",12.25310350000018
53,quantum/HS-RBF-SVM,quantum,12,0.4444444444444444,0.44999999999999996,"{""clf__C"": 10.0, ""clf__gamma_mult"": 0.25}",12.25310350000018
53,quantum/HS-RBF-SVM,quantum,13,0.5555555555555556,0.75,"{""clf__C"": 1.0, ""clf__gamma_mult"": 0.25}",12.25310350000018
53,quantum/HS-RBF-SVM,quantum,14,0.6666666666666666,0.75,"{""clf__C"": 10.0, ""clf__gamma_mult"": 0.25}",12.25310350000018
53,quantum/Bures-RBF-SVM,quantum,0,0.7777777777777778,0.9,"{""clf__C"": 1.0, ""clf__gamma_mult"": 0.25}",19.926107799999954
53,quantum/Bures-RBF-SVM,quantum,1,0.5555555555555556,0.9,"{""clf__C"": 1.0, ""clf__gamma_mult"": 0.25}",19.926107799999954
53,quantum/Bures-RBF-SVM,quantum,2,0.6666666666666666,0.55,"{""clf__C"": 1.0, ""clf__gamma_mult"": 1.0}",19.926107799999954
53,quantum/Bures-RBF-SVM,quantum,3,0.4444444444444444,0.5,"{""clf__C"": 1.0, ""clf__gamma_mult"": 1.0}",19.926107799999954
53,quantum/Bures-RBF-SVM,quantum,4,0.5555555555555556,0.6000000000000001,"{""clf__C"": 1.0, ""clf__gamma_mult"": 0.25}",19.926107799999954
53,quantum/Bures-RBF-SVM,quantum,5,0.5555555555555556,0.7000000000000001,"{""clf__C"": 1.0, ""clf__gamma_mult"": 1.0}",19.926107799999954
53,quantum/Bures-RBF-SVM,quantum,6,0.5555555555555556,0.55,"{""clf__C"": 10.0, ""clf__gamma_mult"": 0.25}",19.926107799999954
53,quantum/Bures-RBF-SVM,quantum,7,0.6666666666666666,0.65,"{""clf__C"": 1.0, ""clf__gamma_mult"": 0.25}",19.926107799999954
53,quantum/Bures-RBF-SVM,quantum,8,0.6666666666666666,0.65,"{""clf__C"": 1.0, ""clf__gamma_mult"": 1.0}",19.926107799999954
53,quantum/Bures-RBF-SVM,quantum,9,0.7777777777777778,0.7,"{""clf__C"": 10.0, ""clf__gamma_mult"": 0.25}",19.926107799999954
53,quantum/Bures-RBF-SVM,quantum,10,0.4444444444444444,0.7,"{""clf__C"": 10.0, ""clf__gamma_mult"": 0.25}",19.926107799999954
53,quantum/Bures-RBF-SVM,quantum,11,0.5555555555555556,0.55,"{""clf__C"": 1.0, ""clf__gamma_mult"": 1.0}",19.926107799999954
53,quantum/Bures-RBF-SVM,quantum,12,0.5555555555555556,0.25,"{""clf__C"": 1.0, ""clf__gamma_mult"": 1.0}",19.926107799999954
53,quantum/Bures-RBF-SVM,quantum,13,0.6666666666666666,0.65,"{""clf__C"": 10.0, ""clf__gamma_mult"": 0.25}",19.926107799999954
53,quantum/Bures-RBF-SVM,quantum,14,0.5555555555555556,0.7,"{""clf__C"": 1.0, ""clf__gamma_mult"": 1.0}",19.926107799999954
53,quantum/QRE-RBF-SVM,quantum,0,0.7777777777777778,0.9,"{""clf__C"": 1.0, ""clf__gamma_mult"": 0.25}",14.930848900000456
53,quantum/QRE-RBF-SVM,quantum,1,0.5555555555555556,0.55,"{""clf__C"": 10.0, ""clf__gamma_mult"": 0.25}",14.930848900000456
53,quantum/QRE-RBF-SVM,quantum,2,0.6666666666666666,0.55,"{""clf__C"": 1.0, ""clf__gamma_mult"": 0.25}",14.930848900000456
53,quantum/QRE-RBF-SVM,quantum,3,0.4444444444444444,0.55,"{""clf__C"": 1.0, ""clf__gamma_mult"": 1.0}",14.930848900000456
53,quantum/QRE-RBF-SVM,quantum,4,0.5555555555555556,0.6000000000000001,"{""clf__C"": 1.0, ""clf__gamma_mult"": 0.25}",14.930848900000456
53,quantum/QRE-RBF-SVM,quantum,5,0.7777777777777778,0.75,"{""clf__C"": 1.0, ""clf__gamma_mult"": 0.25}",14.930848900000456
53,quantum/QRE-RBF-SVM,quantum,6,0.5555555555555556,0.55,"{""clf__C"": 10.0, ""clf__gamma_mult"": 0.25}",14.930848900000456
53,quantum/QRE-RBF-SVM,quantum,7,0.6666666666666666,0.7,"{""clf__C"": 1.0, ""clf__gamma_mult"": 0.25}",14.930848900000456
53,quantum/QRE-RBF-SVM,quantum,8,0.6666666666666666,0.75,"{""clf__C"": 1.0, ""clf__gamma_mult"": 0.25}",14.930848900000456
53,quantum/QRE-RBF-SVM,quantum,9,0.6666666666666666,0.65,"{""clf__C"": 10.0, ""clf__gamma_mult"": 0.25}",14.930848900000456
53,quantum/QRE-RBF-SVM,quantum,10,0.5555555555555556,0.6,"{""clf__C"": 1.0, ""clf__gamma_mult"": 1.0}",14.930848900000456
53,quantum/QRE-RBF-SVM,quantum,11,0.5555555555555556,0.7,"{""clf__C"": 1.0, ""clf__gamma_mult"": 0.25}",14.930848900000456
53,quantum/QRE-RBF-SVM,quantum,12,0.5555555555555556,0.35,"{""clf__C"": 1.0, ""clf__gamma_mult"": 1.0}",14.930848900000456
53,quantum/QRE-RBF-SVM,quantum,13,0.5555555555555556,0.65,"{""clf__C"": 10.0, ""clf__gamma_mult"": 0.25}",14.930848900000456
53,quantum/QRE-RBF-SVM,quantum,14,0.5555555555555556,0.75,"{""clf__C"": 1.0, ""clf__gamma_mult"": 0.25}",14.930848900000456
53,quantum/HS-overlap-ref-SVM,quantum,0,0.8888888888888888,0.8,"{""clf__C"": 10.0}",6.631714799999827
53,quantum/HS-overlap-ref-SVM,quantum,1,0.6666666666666666,0.7,"{""clf__C"": 10.0}",6.631714799999827
53,quantum/HS-overlap-ref-SVM,quantum,2,0.6666666666666666,0.45,"{""clf__C"": 10.0}",6.631714799999827
53,quantum/HS-overlap-ref-SVM,quantum,3,0.4444444444444444,0.65,"{""clf__C"": 10.0}",6.631714799999827
53,quantum/HS-overlap-ref-SVM,quantum,4,0.6666666666666666,0.8,"{""clf__C"": 10.0}",6.631714799999827
53,quantum/HS-overlap-ref-SVM,quantum,5,0.6666666666666666,0.85,"{""clf__C"": 10.0}",6.631714799999827
53,quantum/HS-overlap-ref-SVM,quantum,6,0.6666666666666666,0.9,"{""clf__C"": 10.0}",6.631714799999827
53,quantum/HS-overlap-ref-SVM,quantum,7,0.5555555555555556,0.5,"{""clf__C"": 10.0}",6.631714799999827
53,quantum/HS-overlap-ref-SVM,quantum,8,0.7777777777777778,0.9,"{""clf__C"": 10.0}",6.631714799999827
53,quantum/HS-overlap-ref-SVM,quantum,9,0.6666666666666666,0.9,"{""clf__C"": 10.0}",6.631714799999827
53,quantum/HS-overlap-ref-SVM,quantum,10,0.5555555555555556,0.5,"{""clf__C"": 10.0}",6.631714799999827
53,quantum/HS-overlap-ref-SVM,quantum,11,0.6666666666666666,0.7,"{""clf__C"": 10.0}",6.631714799999827
53,quantum/HS-overlap-ref-SVM,quantum,12,0.7777777777777778,0.65,"{""clf__C"": 10.0}",6.631714799999827
53,quantum/HS-overlap-ref-SVM,quantum,13,0.8888888888888888,1.0,"{""clf__C"": 10.0}",6.631714799999827
53,quantum/HS-overlap-ref-SVM,quantum,14,0.7777777777777778,0.8,"{""clf__C"": 10.0}",6.631714799999827
53,quantum/Fidelity-ref-SVM,quantum,0,0.7777777777777778,0.8,"{""clf__C"": 10.0}",10.76630969999951
53,quantum/Fidelity-ref-SVM,quantum,1,0.7777777777777778,0.8,"{""clf__C"": 10.0}",10.76630969999951
53,quantum/Fidelity-ref-SVM,quantum,2,0.5555555555555556,0.45,"{""clf__C"": 10.0}",10.76630969999951
53,quantum/Fidelity-ref-SVM,quantum,3,0.4444444444444444,0.65,"{""clf__C"": 10.0}",10.76630969999951
53,quantum/Fidelity-ref-SVM,quantum,4,0.6666666666666666,0.9,"{""clf__C"": 10.0}",10.76630969999951
53,quantum/Fidelity-ref-SVM,quantum,5,0.6666666666666666,0.8,"{""clf__C"": 10.0}",10.76630969999951
53,quantum/Fidelity-ref-SVM,quantum,6,0.6666666666666666,0.7,"{""clf__C"": 10.0}",10.76630969999951
53,quantum/Fidelity-ref-SVM,quantum,7,0.7777777777777778,0.6,"{""clf__C"": 10.0}",10.76630969999951
53,quantum/Fidelity-ref-SVM,quantum,8,0.7777777777777778,0.85,"{""clf__C"": 10.0}",10.76630969999951
53,quantum/Fidelity-ref-SVM,quantum,9,0.6666666666666666,0.9,"{""clf__C"": 10.0}",10.76630969999951
53,quantum/Fidelity-ref-SVM,quantum,10,0.5555555555555556,0.55,"{""clf__C"": 10.0}",10.76630969999951
53,quantum/Fidelity-ref-SVM,quantum,11,0.6666666666666666,0.7,"{""clf__C"": 10.0}",10.76630969999951
53,quantum/Fidelity-ref-SVM,quantum,12,0.5555555555555556,0.5,"{""clf__C"": 10.0}",10.76630969999951
53,quantum/Fidelity-ref-SVM,quantum,13,1.0,1.0,"{""clf__C"": 10.0}",10.76630969999951
53,quantum/Fidelity-ref-SVM,quantum,14,0.7777777777777778,0.85,"{""clf__C"": 10.0}",10.76630969999951
53,quantum/HS-RBF-ref-SVM,quantum,0,0.4444444444444444,0.9,"{""clf__C"": 1.0, ""clf__gamma_mult"": 0.25}",18.157443299999613
53,quantum/HS-RBF-ref-SVM,quantum,1,0.4444444444444444,0.65,"{""clf__C"": 10.0, ""clf__gamma_mult"": 1.0}",18.157443299999613
53,quantum/HS-RBF-ref-SVM,quantum,2,0.5555555555555556,0.6000000000000001,"{""clf__C"": 10.0, ""clf__gamma_mult"": 0.25}",18.157443299999613
53,quantum/HS-RBF-ref-SVM,quantum,3,0.5555555555555556,0.65,"{""clf__C"": 1.0, ""clf__gamma_mult"": 1.0}",18.157443299999613
53,quantum/HS-RBF-ref-SVM,quantum,4,0.7777777777777778,0.8,"{""clf__C"": 10.0, ""clf__gamma_mult"": 0.25}",18.157443299999613
53,quantum/HS-RBF-ref-SVM,quantum,5,0.7777777777777778,0.9,"{""clf__C"": 1.0, ""clf__gamma_mult"": 1.0}",18.157443299999613
53,quantum/HS-RBF-ref-SVM,quantum,6,0.6666666666666666,0.9,"{""clf__C"": 10.0, ""clf__gamma_mult"": 1.0}",18.157443299999613
53,quantum/HS-RBF-ref-SVM,quantum,7,0.7777777777777778,0.8,"{""clf__C"": 10.0, ""clf__gamma_mult"": 1.0}",18.157443299999613
53,quantum/HS-RBF-ref-SVM,quantum,8,0.6666666666666666,0.8,"{""clf__C"": 1.0, ""clf__gamma_mult"": 1.0}",18.157443299999613
53,quantum/HS-RBF-ref-SVM,quantum,9,0.7777777777777778,0.8,"{""clf__C"": 10.0, ""clf__gamma_mult"": 1.0}",18.157443299999613
53,quantum/HS-RBF-ref-SVM,quantum,10,0.6666666666666666,0.8500000000000001,"{""clf__C"": 10.0, ""clf__gamma_mult"": 1.0}",18.157443299999613
53,quantum/HS-RBF-ref-SVM,quantum,11,0.7777777777777778,0.65,"{""clf__C"": 1.0, ""clf__gamma_mult"": 1.0}",18.157443299999613
53,quantum/HS-RBF-ref-SVM,quantum,12,0.7777777777777778,0.7,"{""clf__C"": 10.0, ""clf__gamma_mult"": 1.0}",18.157443299999613
53,quantum/HS-RBF-ref-SVM,quantum,13,0.8888888888888888,0.95,"{""clf__C"": 10.0, ""clf__gamma_mult"": 1.0}",18.157443299999613
53,quantum/HS-RBF-ref-SVM,quantum,14,0.7777777777777778,1.0,"{""clf__C"": 10.0, ""clf__gamma_mult"": 1.0}",18.157443299999613
53,quantum/Bures-RBF-ref-SVM,quantum,0,0.4444444444444444,0.9,"{""clf__C"": 0.1, ""clf__gamma_mult"": 0.25}",27.843718199999785
53,quantum/Bures-RBF-ref-SVM,quantum,1,0.4444444444444444,0.65,"{""clf__C"": 10.0, ""clf__gamma_mult"": 1.0}",27.843718199999785
53,quantum/Bures-RBF-ref-SVM,quantum,2,0.5555555555555556,0.45,"{""clf__C"": 10.0, ""clf__gamma_mult"": 1.0}",27.843718199999785
53,quantum/Bures-RBF-ref-SVM,quantum,3,0.4444444444444444,0.65,"{""clf__C"": 1.0, ""clf__gamma_mult"": 1.0}",27.843718199999785
53,quantum/Bures-RBF-ref-SVM,quantum,4,0.6666666666666666,0.7,"{""clf__C"": 10.0, ""clf__gamma_mult"": 1.0}",27.843718199999785
53,quantum/Bures-RBF-ref-SVM,quantum,5,0.7777777777777778,0.8,"{""clf__C"": 10.0, ""clf__gamma_mult"": 0.25}",27.843718199999785
53,quantum/Bures-RBF-ref-SVM,quantum,6,0.6666666666666666,0.9,"{""clf__C"": 10.0, ""clf__gamma_mult"": 1.0}",27.843718199999785
53,quantum/Bures-RBF-ref-SVM,quantum,7,0.6666666666666666,0.55,"{""clf__C"": 10.0, ""clf__gamma_mult"": 0.25}",27.843718199999785
53,quantum/Bures-RBF-ref-SVM,quantum,8,0.6666666666666666,0.75,"{""clf__C"": 1.0, ""clf__gamma_mult"": 1.0}",27.843718199999785
53,quantum/Bures-RBF-ref-SVM,quantum,9,0.7777777777777778,0.8,"{""clf__C"": 10.0, ""clf__gamma_mult"": 1.0}",27.843718199999785
53,quantum/Bures-RBF-ref-SVM,quantum,10,0.6666666666666666,0.65,"{""clf__C"": 1.0, ""clf__gamma_mult"": 1.0}",27.843718199999785
53,quantum/Bures-RBF-ref-SVM,quantum,11,0.7777777777777778,0.65,"{""clf__C"": 1.0, ""clf__gamma_mult"": 1.0}",27.843718199999785
53,quantum/Bures-RBF-ref-SVM,quantum,12,0.7777777777777778,0.75,"{""clf__C"": 10.0, ""clf__gamma_mult"": 0.25}",27.843718199999785
53,quantum/Bures-RBF-ref-SVM,quantum,13,0.7777777777777778,1.0,"{""clf__C"": 10.0, ""clf__gamma_mult"": 1.0}",27.843718199999785
53,quantum/Bures-RBF-ref-SVM,quantum,14,0.7777777777777778,1.0,"{""clf__C"": 10.0, ""clf__gamma_mult"": 1.0}",27.843718199999785
53,quantum/QRE-RBF-ref-SVM,quantum,0,0.4444444444444444,0.9,"{""clf__C"": 1.0, ""clf__gamma_mult"": 0.25}",21.386313200000586
53,quantum/QRE-RBF-ref-SVM,quantum,1,0.4444444444444444,0.65,"{""clf__C"": 10.0, ""clf__gamma_mult"": 1.0}",21.386313200000586
53,quantum/QRE-RBF-ref-SVM,quantum,2,0.5555555555555556,0.5,"{""clf__C"": 10.0, ""clf__gamma_mult"": 1.0}",21.386313200000586
53,quantum/QRE-RBF-ref-SVM,quantum,3,0.4444444444444444,0.65,"{""clf__C"": 1.0, ""clf__gamma_mult"": 1.0}",21.386313200000586
53,quantum/QRE-RBF-ref-SVM,quantum,4,0.6666666666666666,0.7,"{""clf__C"": 10.0, ""clf__gamma_mult"": 1.0}",21.386313200000586
53,quantum/QRE-RBF-ref-SVM,quantum,5,0.7777777777777778,0.8,"{""clf__C"": 10.0, ""clf__gamma_mult"": 0.25}",21.386313200000586
53,quantum/QRE-RBF-ref-SVM,quantum,6,0.6666666666666666,0.9,"{""clf__C"": 10.0, ""clf__gamma_mult"": 1.0}",21.386313200000586
53,quantum/QRE-RBF-ref-SVM,quantum,7,0.6666666666666666,0.55,"{""clf__C"": 10.0, ""clf__gamma_mult"": 0.25}",21.386313200000586
53,quantum/QRE-RBF-ref-SVM,quantum,8,0.6666666666666666,0.75,"{""clf__C"": 1.0, ""clf__gamma_mult"": 1.0}",21.386313200000586
53,quantum/QRE-RBF-ref-SVM,quantum,9,0.7777777777777778,0.8,"{""clf__C"": 10.0, ""clf__gamma_mult"": 1.0}",21.386313200000586
53,quantum/QRE-RBF-ref-SVM,quantum,10,0.6666666666666666,0.65,"{""clf__C"": 1.0, ""clf__gamma_mult"": 1.0}",21.386313200000586
53,quantum/QRE-RBF-ref-SVM,quantum,11,0.5555555555555556,0.7,"{""clf__C"": 10.0, ""clf__gamma_mult"": 0.25}",21.386313200000586
53,quantum/QRE-RBF-ref-SVM,quantum,12,0.6666666666666666,0.7,"{""clf__C"": 10.0, ""clf__gamma_mult"": 1.0}",21.386313200000586
53,quantum/QRE-RBF-ref-SVM,quantum,13,0.7777777777777778,1.0,"{""clf__C"": 10.0, ""clf__gamma_mult"": 1.0}",21.386313200000586
53,quantum/QRE-RBF-ref-SVM,quantum,14,0.7777777777777778,1.0,"{""clf__C"": 10.0, ""clf__gamma_mult"": 1.0}",21.386313200000586
53,quantum/IQP-kernel-SVM,quantum,0,0.5555555555555556,0.8500000000000001,"{""clf__C"": 10.0, ""clf__scale"": 0.5}",25.869392600000538
53,quantum/IQP-kernel-SVM,quantum,1,0.4444444444444444,0.5,"{""clf__C"": 1.0, ""clf__scale"": 1.0}",25.869392600000538
53,quantum/IQP-kernel-SVM,quantum,2,0.2222222222222222,0.2,"{""clf__C"": 1.0, ""clf__scale"": 1.0}",25.869392600000538
53,quantum/IQP-kernel-SVM,quantum,3,0.5555555555555556,0.5,"{""clf__C"": 1.0, ""clf__scale"": 0.5}",25.869392600000538
53,quantum/IQP-kernel-SVM,quantum,4,0.6666666666666666,0.7,"{""clf__C"": 1.0, ""clf__scale"": 0.5}",25.869392600000538
53,quantum/IQP-kernel-SVM,quantum,5,0.5555555555555556,0.45,"{""clf__C"": 10.0, ""clf__scale"": 2.0}",25.869392600000538
53,quantum/IQP-kernel-SVM,quantum,6,0.5555555555555556,0.29999999999999993,"{""clf__C"": 10.0, ""clf__scale"": 0.5}",25.869392600000538
53,quantum/IQP-kernel-SVM,quantum,7,0.6666666666666666,0.65,"{""clf__C"": 10.0, ""clf__scale"": 0.5}",25.869392600000538
53,quantum/IQP-kernel-SVM,quantum,8,0.6666666666666666,0.75,"{""clf__C"": 10.0, ""clf__scale"": 0.5}",25.869392600000538
53,quantum/IQP-kernel-SVM,quantum,9,0.5555555555555556,0.65,"{""clf__C"": 1.0, ""clf__scale"": 0.5}",25.869392600000538
53,quantum/IQP-kernel-SVM,quantum,10,0.5555555555555556,0.49999999999999994,"{""clf__C"": 1.0, ""clf__scale"": 1.0}",25.869392600000538
53,quantum/IQP-kernel-SVM,quantum,11,0.4444444444444444,0.55,"{""clf__C"": 10.0, ""clf__scale"": 2.0}",25.869392600000538
53,quantum/IQP-kernel-SVM,quantum,12,0.7777777777777778,0.75,"{""clf__C"": 10.0, ""clf__scale"": 0.5}",25.869392600000538
53,quantum/IQP-kernel-SVM,quantum,13,0.2222222222222222,0.15,"{""clf__C"": 10.0, ""clf__scale"": 2.0}",25.869392600000538
53,quantum/IQP-kernel-SVM,quantum,14,0.5555555555555556,0.55,"{""clf__C"": 10.0, ""clf__scale"": 1.0}",25.869392600000538
53,quantum/CNOT-kernel-SVM,quantum,0,0.5555555555555556,1.0,"{""clf__C"": 1.0, ""clf__scale"": 0.5}",23.807047199999943
53,quantum/CNOT-kernel-SVM,quantum,1,0.7777777777777778,0.7,"{""clf__C"": 1.0, ""clf__scale"": 0.5}",23.807047199999943
53,quantum/CNOT-kernel-SVM,quantum,2,0.3333333333333333,0.3,"{""clf__C"": 1.0, ""clf__scale"": 0.5}",23.807047199999943
53,quantum/CNOT-kernel-SVM,quantum,3,0.5555555555555556,0.6,"{""clf__C"": 1.0, ""clf__scale"": 1.0}",23.807047199999943
53,quantum/CNOT-kernel-SVM,quantum,4,0.6666666666666666,0.8,"{""clf__C"": 1.0, ""clf__scale"": 1.0}",23.807047199999943
53,quantum/CNOT-kernel-SVM,quantum,5,0.5555555555555556,0.85,"{""clf__C"": 10.0, ""clf__scale"": 0.5}",23.807047199999943
53,quantum/CNOT-kernel-SVM,quantum,6,0.4444444444444444,0.5,"{""clf__C"": 10.0, ""clf__scale"": 0.5}",23.807047199999943
53,quantum/CNOT-kernel-SVM,quantum,7,0.5555555555555556,0.75,"{""clf__C"": 10.0, ""clf__scale"": 1.0}",23.807047199999943
53,quantum/CNOT-kernel-SVM,quantum,8,0.5555555555555556,0.65,"{""clf__C"": 1.0, ""clf__scale"": 0.5}",23.807047199999943
53,quantum/CNOT-kernel-SVM,quantum,9,0.6666666666666666,0.75,"{""clf__C"": 1.0, ""clf__scale"": 1.0}",23.807047199999943
53,quantum/CNOT-kernel-SVM,quantum,10,0.4444444444444444,0.5499999999999999,"{""clf__C"": 1.0, ""clf__scale"": 1.0}",23.807047199999943
53,quantum/CNOT-kernel-SVM,quantum,11,0.5555555555555556,0.5499999999999999,"{""clf__C"": 10.0, ""clf__scale"": 2.0}",23.807047199999943
53,quantum/CNOT-kernel-SVM,quantum,12,0.7777777777777778,0.8,"{""clf__C"": 10.0, ""clf__scale"": 1.0}",23.807047199999943
53,quantum/CNOT-kernel-SVM,quantum,13,0.4444444444444444,0.8,"{""clf__C"": 10.0, ""clf__scale"": 0.5}",23.807047199999943
53,quantum/CNOT-kernel-SVM,quantum,14,0.6666666666666666,0.8,"{""clf__C"": 10.0, ""clf__scale"": 0.5}",23.807047199999943
53,control/IQP-no-entangle,control,0,0.4444444444444444,0.65,"{""clf__C"": 10.0, ""clf__scale"": 1.0}",22.16562520000025
53,control/IQP-no-entangle,control,1,0.8888888888888888,1.0,"{""clf__C"": 10.0, ""clf__scale"": 0.5}",22.16562520000025
53,control/IQP-no-entangle,control,2,0.5555555555555556,0.5,"{""clf__C"": 10.0, ""clf__scale"": 1.0}",22.16562520000025
53,control/IQP-no-entangle,control,3,0.5555555555555556,0.6,"{""clf__C"": 1.0, ""clf__scale"": 1.0}",22.16562520000025
53,control/IQP-no-entangle,control,4,0.6666666666666666,0.55,"{""clf__C"": 10.0, ""clf__scale"": 0.5}",22.16562520000025
53,control/IQP-no-entangle,control,5,0.3333333333333333,0.6000000000000001,"{""clf__C"": 10.0, ""clf__scale"": 2.0}",22.16562520000025
53,control/IQP-no-entangle,control,6,0.4444444444444444,0.55,"{""clf__C"": 1.0, ""clf__scale"": 0.5}",22.16562520000025
53,control/IQP-no-entangle,control,7,0.6666666666666666,0.7,"{""clf__C"": 10.0, ""clf__scale"": 2.0}",22.16562520000025
53,control/IQP-no-entangle,control,8,0.6666666666666666,0.7,"{""clf__C"": 1.0, ""clf__scale"": 0.5}",22.16562520000025
53,control/IQP-no-entangle,control,9,0.6666666666666666,0.75,"{""clf__C"": 10.0, ""clf__scale"": 0.5}",22.16562520000025
53,control/IQP-no-entangle,control,10,0.4444444444444444,0.49999999999999994,"{""clf__C"": 1.0, ""clf__scale"": 1.0}",22.16562520000025
53,control/IQP-no-entangle,control,11,0.5555555555555556,0.3,"{""clf__C"": 10.0, ""clf__scale"": 2.0}",22.16562520000025
53,control/IQP-no-entangle,control,12,0.6666666666666666,0.75,"{""clf__C"": 10.0, ""clf__scale"": 0.5}",22.16562520000025
53,control/IQP-no-entangle,control,13,0.5555555555555556,0.8500000000000001,"{""clf__C"": 10.0, ""clf__scale"": 0.5}",22.16562520000025
53,control/IQP-no-entangle,control,14,0.6666666666666666,0.85,"{""clf__C"": 1.0, ""clf__scale"": 1.0}",22.16562520000025
53,control/PCA-matched-RBF,control,0,0.4444444444444444,0.65,"{""clf__C"": 10.0, ""clf__gamma"": ""scale""}",18.59533029999966
53,control/PCA-matched-RBF,control,1,0.7777777777777778,1.0,"{""clf__C"": 10.0, ""clf__gamma"": ""scale""}",18.59533029999966
53,control/PCA-matched-RBF,control,2,0.4444444444444444,0.3,"{""clf__C"": 10.0, ""clf__gamma"": 0.1}",18.59533029999966
53,control/PCA-matched-RBF,control,3,0.4444444444444444,0.5,"{""clf__C"": 10.0, ""clf__gamma"": 0.1}",18.59533029999966
53,control/PCA-matched-RBF,control,4,0.6666666666666666,0.6,"{""clf__C"": 1.0, ""clf__gamma"": ""scale""}",18.59533029999966
53,control/PCA-matched-RBF,control,5,0.7777777777777778,0.7,"{""clf__C"": 10.0, ""clf__gamma"": 0.01}",18.59533029999966
53,control/PCA-matched-RBF,control,6,0.4444444444444444,0.39999999999999997,"{""clf__C"": 1.0, ""clf__gamma"": ""scale""}",18.59533029999966
53,control/PCA-matched-RBF,control,7,0.7777777777777778,0.75,"{""clf__C"": 10.0, ""clf__gamma"": 0.1}",18.59533029999966
53,control/PCA-matched-RBF,control,8,0.7777777777777778,0.75,"{""clf__C"": 10.0, ""clf__gamma"": 0.1}",18.59533029999966
53,control/PCA-matched-RBF,control,9,0.6666666666666666,0.75,"{""clf__C"": 1.0, ""clf__gamma"": ""scale""}",18.59533029999966
53,control/PCA-matched-RBF,control,10,0.4444444444444444,0.44999999999999996,"{""clf__C"": 10.0, ""clf__gamma"": 0.01}",18.59533029999966
53,control/PCA-matched-RBF,control,11,0.5555555555555556,0.5,"{""clf__C"": 1.0, ""clf__gamma"": ""scale""}",18.59533029999966
53,control/PCA-matched-RBF,control,12,0.6666666666666666,0.75,"{""clf__C"": 1.0, ""clf__gamma"": ""scale""}",18.59533029999966
53,control/PCA-matched-RBF,control,13,0.4444444444444444,0.8,"{""clf__C"": 1.0, ""clf__gamma"": ""scale""}",18.59533029999966
53,control/PCA-matched-RBF,control,14,0.7777777777777778,0.85,"{""clf__C"": 1.0, ""clf__gamma"": 0.1}",18.59533029999966
53,control/PCA-matched-linear,control,0,0.5555555555555556,0.85,"{""clf__C"": 0.1}",6.728557599999476
53,control/PCA-matched-linear,control,1,0.7777777777777778,0.9500000000000001,"{""clf__C"": 1.0}",6.728557599999476
53,control/PCA-matched-linear,control,2,0.4444444444444444,0.4,"{""clf__C"": 1.0}",6.728557599999476
53,control/PCA-matched-linear,control,3,0.5555555555555556,0.6,"{""clf__C"": 0.1}",6.728557599999476
53,control/PCA-matched-linear,control,4,0.6666666666666666,0.6,"{""clf__C"": 10.0}",6.728557599999476
53,control/PCA-matched-linear,control,5,0.5555555555555556,0.65,"{""clf__C"": 0.1}",6.728557599999476
53,control/PCA-matched-linear,control,6,0.5555555555555556,0.6,"{""clf__C"": 1.0}",6.728557599999476
53,control/PCA-matched-linear,control,7,0.6666666666666666,0.75,"{""clf__C"": 10.0}",6.728557599999476
53,control/PCA-matched-linear,control,8,0.6666666666666666,0.75,"{""clf__C"": 10.0}",6.728557599999476
53,control/PCA-matched-linear,control,9,0.5555555555555556,0.7,"{""clf__C"": 1.0}",6.728557599999476
53,control/PCA-matched-linear,control,10,0.4444444444444444,0.44999999999999996,"{""clf__C"": 1.0}",6.728557599999476
53,control/PCA-matched-linear,control,11,0.5555555555555556,0.65,"{""clf__C"": 1.0}",6.728557599999476
53,control/PCA-matched-linear,control,12,0.6666666666666666,0.7,"{""clf__C"": 1.0}",6.728557599999476
53,control/PCA-matched-linear,control,13,0.7777777777777778,1.0,"{""clf__C"": 1.0}",6.728557599999476
53,control/PCA-matched-linear,control,14,0.6666666666666666,0.85,"{""clf__C"": 10.0}",6.728557599999476
53,control/logeuclid-TS+LR,control,0,0.6666666666666666,0.75,"{""clf__C"": 0.1}",5.090432899999541
53,control/logeuclid-TS+LR,control,1,0.6666666666666666,0.85,"{""clf__C"": 0.1}",5.090432899999541
53,control/logeuclid-TS+LR,control,2,0.5555555555555556,0.5,"{""clf__C"": 1.0}",5.090432899999541
53,control/logeuclid-TS+LR,control,3,0.4444444444444444,0.35,"{""clf__C"": 1.0}",5.090432899999541
53,control/logeuclid-TS+LR,control,4,0.4444444444444444,0.44999999999999996,"{""clf__C"": 10.0}",5.090432899999541
53,control/logeuclid-TS+LR,control,5,0.7777777777777778,0.75,"{""clf__C"": 0.1}",5.090432899999541
53,control/logeuclid-TS+LR,control,6,0.4444444444444444,0.5,"{""clf__C"": 10.0}",5.090432899999541
53,control/logeuclid-TS+LR,control,7,0.4444444444444444,0.5,"{""clf__C"": 0.1}",5.090432899999541
53,control/logeuclid-TS+LR,control,8,0.7777777777777778,0.8,"{""clf__C"": 0.1}",5.090432899999541
53,control/logeuclid-TS+LR,control,9,0.4444444444444444,0.55,"{""clf__C"": 0.1}",5.090432899999541
53,control/logeuclid-TS+LR,control,10,0.4444444444444444,0.6499999999999999,"{""clf__C"": 0.1}",5.090432899999541
53,control/logeuclid-TS+LR,control,11,0.6666666666666666,0.6499999999999999,"{""clf__C"": 0.1}",5.090432899999541
53,control/logeuclid-TS+LR,control,12,0.6666666666666666,0.45,"{""clf__C"": 0.1}",5.090432899999541
53,control/logeuclid-TS+LR,control,13,0.7777777777777778,0.75,"{""clf__C"": 0.1}",5.090432899999541
53,control/logeuclid-TS+LR,control,14,0.6666666666666666,0.7,"{""clf__C"": 10.0}",5.090432899999541
53,control/riemann-kernel-SVM,control,0,0.6666666666666666,0.9,"{""clf__C"": 0.1}",6.646136800000022
53,control/riemann-kernel-SVM,control,1,0.8888888888888888,0.85,"{""clf__C"": 10.0}",6.646136800000022
53,control/riemann-kernel-SVM,control,2,0.5555555555555556,0.45,"{""clf__C"": 1.0}",6.646136800000022
53,control/riemann-kernel-SVM,control,3,0.3333333333333333,0.5,"{""clf__C"": 1.0}",6.646136800000022
53,control/riemann-kernel-SVM,control,4,0.7777777777777778,0.9,"{""clf__C"": 1.0}",6.646136800000022
53,control/riemann-kernel-SVM,control,5,0.6666666666666666,0.75,"{""clf__C"": 1.0}",6.646136800000022
53,control/riemann-kernel-SVM,control,6,0.7777777777777778,0.9,"{""clf__C"": 1.0}",6.646136800000022
53,control/riemann-kernel-SVM,control,7,0.7777777777777778,0.7000000000000001,"{""clf__C"": 1.0}",6.646136800000022
53,control/riemann-kernel-SVM,control,8,0.6666666666666666,0.75,"{""clf__C"": 0.1}",6.646136800000022
53,control/riemann-kernel-SVM,control,9,0.4444444444444444,0.45000000000000007,"{""clf__C"": 1.0}",6.646136800000022
53,control/riemann-kernel-SVM,control,10,0.4444444444444444,0.75,"{""clf__C"": 1.0}",6.646136800000022
53,control/riemann-kernel-SVM,control,11,0.5555555555555556,0.65,"{""clf__C"": 1.0}",6.646136800000022
53,control/riemann-kernel-SVM,control,12,0.4444444444444444,0.45,"{""clf__C"": 0.1}",6.646136800000022
53,control/riemann-kernel-SVM,control,13,0.7777777777777778,1.0,"{""clf__C"": 1.0}",6.646136800000022
53,control/riemann-kernel-SVM,control,14,0.8888888888888888,1.0,"{""clf__C"": 10.0}",6.646136800000022
53,control/logeuclid-kernel-SVM,control,0,0.6666666666666666,0.65,"{""clf__C"": 10.0}",6.563672000000224
53,control/logeuclid-kernel-SVM,control,1,0.7777777777777778,0.75,"{""clf__C"": 1.0}",6.563672000000224
53,control/logeuclid-kernel-SVM,control,2,0.6666666666666666,0.6,"{""clf__C"": 1.0}",6.563672000000224
53,control/logeuclid-kernel-SVM,control,3,0.4444444444444444,0.45,"{""clf__C"": 10.0}",6.563672000000224
53,control/logeuclid-kernel-SVM,control,4,0.8888888888888888,0.9,"{""clf__C"": 10.0}",6.563672000000224
53,control/logeuclid-kernel-SVM,control,5,0.6666666666666666,0.7000000000000001,"{""clf__C"": 1.0}",6.563672000000224
53,control/logeuclid-kernel-SVM,control,6,0.6666666666666666,0.9500000000000001,"{""clf__C"": 1.0}",6.563672000000224
53,control/logeuclid-kernel-SVM,control,7,0.6666666666666666,0.55,"{""clf__C"": 1.0}",6.563672000000224
53,control/logeuclid-kernel-SVM,control,8,0.6666666666666666,0.75,"{""clf__C"": 0.1}",6.563672000000224
53,control/logeuclid-kernel-SVM,control,9,0.4444444444444444,0.6,"{""clf__C"": 10.0}",6.563672000000224
53,control/logeuclid-kernel-SVM,control,10,0.5555555555555556,0.75,"{""clf__C"": 1.0}",6.563672000000224
53,control/logeuclid-kernel-SVM,control,11,0.6666666666666666,0.7,"{""clf__C"": 1.0}",6.563672000000224
53,control/logeuclid-kernel-SVM,control,12,0.4444444444444444,0.45,"{""clf__C"": 0.1}",6.563672000000224
53,control/logeuclid-kernel-SVM,control,13,0.7777777777777778,1.0,"{""clf__C"": 1.0}",6.563672000000224
53,control/logeuclid-kernel-SVM,control,14,0.7777777777777778,0.95,"{""clf__C"": 1.0}",6.563672000000224
54,classical/logvar+LDA,classical,0,0.8888888888888888,1.0,{},0.11689469999964786
54,classical/logvar+LDA,classical,1,0.6666666666666666,0.8,{},0.11689469999964786
54,classical/logvar+LDA,classical,2,0.8888888888888888,0.85,{},0.11689469999964786
54,classical/logvar+LDA,classical,3,1.0,1.0,{},0.11689469999964786
54,classical/logvar+LDA,classical,4,0.8888888888888888,0.9500000000000001,{},0.11689469999964786
54,classical/logvar+LDA,classical,5,0.8888888888888888,0.95,{},0.11689469999964786
54,classical/logvar+LDA,classical,6,1.0,1.0,{},0.11689469999964786
54,classical/logvar+LDA,classical,7,0.8888888888888888,1.0,{},0.11689469999964786
54,classical/logvar+LDA,classical,8,0.7777777777777778,0.8,{},0.11689469999964786
54,classical/logvar+LDA,classical,9,0.5555555555555556,0.7,{},0.11689469999964786
54,classical/logvar+LDA,classical,10,0.8888888888888888,0.9,{},0.11689469999964786
54,classical/logvar+LDA,classical,11,0.6666666666666666,0.8,{},0.11689469999964786
54,classical/logvar+LDA,classical,12,0.5555555555555556,0.8,{},0.11689469999964786
54,classical/logvar+LDA,classical,13,1.0,1.0,{},0.11689469999964786
54,classical/logvar+LDA,classical,14,0.8888888888888888,1.0,{},0.11689469999964786
54,classical/CSP+LDA,classical,0,0.8888888888888888,1.0,"{""csp__nfilter"": 2}",4.214869600000384
54,classical/CSP+LDA,classical,1,0.6666666666666666,0.65,"{""csp__nfilter"": 2}",4.214869600000384
54,classical/CSP+LDA,classical,2,0.7777777777777778,0.9,"{""csp__nfilter"": 2}",4.214869600000384
54,classical/CSP+LDA,classical,3,1.0,1.0,"{""csp__nfilter"": 2}",4.214869600000384
54,classical/CSP+LDA,classical,4,0.6666666666666666,0.65,"{""csp__nfilter"": 2}",4.214869600000384
54,classical/CSP+LDA,classical,5,1.0,1.0,"{""csp__nfilter"": 2}",4.214869600000384
54,classical/CSP+LDA,classical,6,0.7777777777777778,0.85,"{""csp__nfilter"": 6}",4.214869600000384
54,classical/CSP+LDA,classical,7,0.8888888888888888,0.9,"{""csp__nfilter"": 2}",4.214869600000384
54,classical/CSP+LDA,classical,8,0.8888888888888888,0.8,"{""csp__nfilter"": 2}",4.214869600000384
54,classical/CSP+LDA,classical,9,0.6666666666666666,0.65,"{""csp__nfilter"": 2}",4.214869600000384
54,classical/CSP+LDA,classical,10,0.7777777777777778,0.7500000000000001,"{""csp__nfilter"": 2}",4.214869600000384
54,classical/CSP+LDA,classical,11,0.8888888888888888,0.8500000000000001,"{""csp__nfilter"": 2}",4.214869600000384
54,classical/CSP+LDA,classical,12,0.7777777777777778,0.7,"{""csp__nfilter"": 4}",4.214869600000384
54,classical/CSP+LDA,classical,13,1.0,1.0,"{""csp__nfilter"": 4}",4.214869600000384
54,classical/CSP+LDA,classical,14,0.8888888888888888,0.8,"{""csp__nfilter"": 2}",4.214869600000384
54,classical/MDM,classical,0,0.8888888888888888,0.95,{},0.6525481999997282
54,classical/MDM,classical,1,0.6666666666666666,0.6499999999999999,{},0.6525481999997282
54,classical/MDM,classical,2,0.7777777777777778,0.9,{},0.6525481999997282
54,classical/MDM,classical,3,1.0,1.0,{},0.6525481999997282
54,classical/MDM,classical,4,0.5555555555555556,0.6000000000000001,{},0.6525481999997282
54,classical/MDM,classical,5,1.0,1.0,{},0.6525481999997282
54,classical/MDM,classical,6,0.8888888888888888,0.9,{},0.6525481999997282
54,classical/MDM,classical,7,0.8888888888888888,0.9,{},0.6525481999997282
54,classical/MDM,classical,8,0.7777777777777778,0.8,{},0.6525481999997282
54,classical/MDM,classical,9,0.5555555555555556,0.5,{},0.6525481999997282
54,classical/MDM,classical,10,0.7777777777777778,0.8,{},0.6525481999997282
54,classical/MDM,classical,11,0.6666666666666666,0.8,{},0.6525481999997282
54,classical/MDM,classical,12,0.5555555555555556,0.65,{},0.6525481999997282
54,classical/MDM,classical,13,1.0,1.0,{},0.6525481999997282
54,classical/MDM,classical,14,0.8888888888888888,0.8500000000000001,{},0.6525481999997282
54,classical/TS+LR,classical,0,0.8888888888888888,1.0,"{""clf__C"": 0.1}",6.769158099999913
54,classical/TS+LR,classical,1,0.6666666666666666,0.7,"{""clf__C"": 0.1}",6.769158099999913
54,classical/TS+LR,classical,2,0.8888888888888888,1.0,"{""clf__C"": 0.1}",6.769158099999913
54,classical/TS+LR,classical,3,1.0,1.0,"{""clf__C"": 0.1}",6.769158099999913
54,classical/TS+LR,classical,4,0.7777777777777778,0.75,"{""clf__C"": 0.1}",6.769158099999913
54,classical/TS+LR,classical,5,0.8888888888888888,0.95,"{""clf__C"": 0.1}",6.769158099999913
54,classical/TS+LR,classical,6,0.8888888888888888,0.95,"{""clf__C"": 0.1}",6.769158099999913
54,classical/TS+LR,classical,7,0.8888888888888888,0.9500000000000001,"{""clf__C"": 0.1}",6.769158099999913
54,classical/TS+LR,classical,8,0.7777777777777778,0.85,"{""clf__C"": 1.0}",6.769158099999913
54,classical/TS+LR,classical,9,0.6666666666666666,0.55,"{""clf__C"": 0.1}",6.769158099999913
54,classical/TS+LR,classical,10,0.7777777777777778,0.8,"{""clf__C"": 0.1}",6.769158099999913
54,classical/TS+LR,classical,11,0.6666666666666666,0.8500000000000001,"{""clf__C"": 0.1}",6.769158099999913
54,classical/TS+LR,classical,12,0.7777777777777778,0.8500000000000001,"{""clf__C"": 0.1}",6.769158099999913
54,classical/TS+LR,classical,13,0.8888888888888888,1.0,"{""clf__C"": 0.1}",6.769158099999913
54,classical/TS+LR,classical,14,0.8888888888888888,0.8500000000000001,"{""clf__C"": 0.1}",6.769158099999913
54,classical/TS+RBF-SVM,classical,0,0.8888888888888888,1.0,"{""clf__C"": 1.0, ""clf__gamma"": ""scale""}",18.126893499999824
54,classical/TS+RBF-SVM,classical,1,0.7777777777777778,0.75,"{""clf__C"": 1.0, ""clf__gamma"": ""scale""}",18.126893499999824
54,classical/TS+RBF-SVM,classical,2,0.7777777777777778,1.0,"{""clf__C"": 1.0, ""clf__gamma"": ""scale""}",18.126893499999824
54,classical/TS+RBF-SVM,classical,3,1.0,1.0,"{""clf__C"": 10.0, ""clf__gamma"": ""scale""}",18.126893499999824
54,classical/TS+RBF-SVM,classical,4,0.6666666666666666,0.8,"{""clf__C"": 1.0, ""clf__gamma"": ""scale""}",18.126893499999824
54,classical/TS+RBF-SVM,classical,5,0.8888888888888888,0.8500000000000001,"{""clf__C"": 1.0, ""clf__gamma"": ""scale""}",18.126893499999824
54,classical/TS+RBF-SVM,classical,6,0.8888888888888888,1.0,"{""clf__C"": 1.0, ""clf__gamma"": ""scale""}",18.126893499999824
54,classical/TS+RBF-SVM,classical,7,0.8888888888888888,1.0,"{""clf__C"": 1.0, ""clf__gamma"": 0.01}",18.126893499999824
54,classical/TS+RBF-SVM,classical,8,0.7777777777777778,0.85,"{""clf__C"": 10.0, ""clf__gamma"": ""scale""}",18.126893499999824
54,classical/TS+RBF-SVM,classical,9,0.6666666666666666,0.6,"{""clf__C"": 1.0, ""clf__gamma"": ""scale""}",18.126893499999824
54,classical/TS+RBF-SVM,classical,10,0.7777777777777778,0.85,"{""clf__C"": 10.0, ""clf__gamma"": ""scale""}",18.126893499999824
54,classical/TS+RBF-SVM,classical,11,0.8888888888888888,0.9,"{""clf__C"": 1.0, ""clf__gamma"": 0.01}",18.126893499999824
54,classical/TS+RBF-SVM,classical,12,0.7777777777777778,0.85,"{""clf__C"": 1.0, ""clf__gamma"": ""scale""}",18.126893499999824
54,classical/TS+RBF-SVM,classical,13,0.8888888888888888,0.9500000000000001,"{""clf__C"": 1.0, ""clf__gamma"": 0.01}",18.126893499999824
54,classical/TS+RBF-SVM,classical,14,0.7777777777777778,0.9500000000000001,"{""clf__C"": 1.0, ""clf__gamma"": ""scale""}",18.126893499999824
54,quantum/HS-overlap-SVM,quantum,0,0.6666666666666666,0.9,"{""clf__C"": 10.0}",4.405816600000435
54,quantum/HS-overlap-SVM,quantum,1,0.6666666666666666,0.8,"{""clf__C"": 10.0}",4.405816600000435
54,quantum/HS-overlap-SVM,quantum,2,0.6666666666666666,0.8,"{""clf__C"": 10.0}",4.405816600000435
54,quantum/HS-overlap-SVM,quantum,3,0.8888888888888888,1.0,"{""clf__C"": 10.0}",4.405816600000435
54,quantum/HS-overlap-SVM,quantum,4,0.6666666666666666,0.9,"{""clf__C"": 10.0}",4.405816600000435
54,quantum/HS-overlap-SVM,quantum,5,0.7777777777777778,0.85,"{""clf__C"": 10.0}",4.405816600000435
54,quantum/HS-overlap-SVM,quantum,6,0.7777777777777778,1.0,"{""clf__C"": 10.0}",4.405816600000435
54,quantum/HS-overlap-SVM,quantum,7,0.7777777777777778,1.0,"{""clf__C"": 10.0}",4.405816600000435
54,quantum/HS-overlap-SVM,quantum,8,0.5555555555555556,0.75,"{""clf__C"": 10.0}",4.405816600000435
54,quantum/HS-overlap-SVM,quantum,9,0.7777777777777778,0.8500000000000001,"{""clf__C"": 10.0}",4.405816600000435
54,quantum/HS-overlap-SVM,quantum,10,0.5555555555555556,0.9,"{""clf__C"": 10.0}",4.405816600000435
54,quantum/HS-overlap-SVM,quantum,11,0.6666666666666666,0.7,"{""clf__C"": 10.0}",4.405816600000435
54,quantum/HS-overlap-SVM,quantum,12,0.8888888888888888,1.0,"{""clf__C"": 10.0}",4.405816600000435
54,quantum/HS-overlap-SVM,quantum,13,0.8888888888888888,1.0,"{""clf__C"": 10.0}",4.405816600000435
54,quantum/HS-overlap-SVM,quantum,14,0.7777777777777778,0.8500000000000001,"{""clf__C"": 10.0}",4.405816600000435
54,quantum/Fidelity-SVM,quantum,0,0.8888888888888888,1.0,"{""clf__C"": 10.0}",7.628560099999959
54,quantum/Fidelity-SVM,quantum,1,0.7777777777777778,0.8500000000000001,"{""clf__C"": 10.0}",7.628560099999959
54,quantum/Fidelity-SVM,quantum,2,1.0,1.0,"{""clf__C"": 10.0}",7.628560099999959
54,quantum/Fidelity-SVM,quantum,3,0.8888888888888888,1.0,"{""clf__C"": 10.0}",7.628560099999959
54,quantum/Fidelity-SVM,quantum,4,0.8888888888888888,0.9,"{""clf__C"": 10.0}",7.628560099999959
54,quantum/Fidelity-SVM,quantum,5,1.0,1.0,"{""clf__C"": 10.0}",7.628560099999959
54,quantum/Fidelity-SVM,quantum,6,1.0,1.0,"{""clf__C"": 10.0}",7.628560099999959
54,quantum/Fidelity-SVM,quantum,7,1.0,1.0,"{""clf__C"": 10.0}",7.628560099999959
54,quantum/Fidelity-SVM,quantum,8,0.6666666666666666,0.8,"{""clf__C"": 10.0}",7.628560099999959
54,quantum/Fidelity-SVM,quantum,9,0.7777777777777778,0.65,"{""clf__C"": 10.0}",7.628560099999959
54,quantum/Fidelity-SVM,quantum,10,0.8888888888888888,0.9,"{""clf__C"": 10.0}",7.628560099999959
54,quantum/Fidelity-SVM,quantum,11,0.6666666666666666,0.8500000000000001,"{""clf__C"": 10.0}",7.628560099999959
54,quantum/Fidelity-SVM,quantum,12,1.0,1.0,"{""clf__C"": 10.0}",7.628560099999959
54,quantum/Fidelity-SVM,quantum,13,0.8888888888888888,1.0,"{""clf__C"": 10.0}",7.628560099999959
54,quantum/Fidelity-SVM,quantum,14,0.7777777777777778,0.8500000000000001,"{""clf__C"": 10.0}",7.628560099999959
54,quantum/HS-RBF-SVM,quantum,0,0.8888888888888888,0.95,"{""clf__C"": 1.0, ""clf__gamma_mult"": 0.25}",12.45076379999955
54,quantum/HS-RBF-SVM,quantum,1,0.7777777777777778,0.8,"{""clf__C"": 1.0, ""clf__gamma_mult"": 1.0}",12.45076379999955
54,quantum/HS-RBF-SVM,quantum,2,0.8888888888888888,0.9,"{""clf__C"": 10.0, ""clf__gamma_mult"": 1.0}",12.45076379999955
54,quantum/HS-RBF-SVM,quantum,3,0.7777777777777778,0.9500000000000001,"{""clf__C"": 1.0, ""clf__gamma_mult"": 4.0}",12.45076379999955
54,quantum/HS-RBF-SVM,quantum,4,0.7777777777777778,0.9,"{""clf__C"": 1.0, ""clf__gamma_mult"": 1.0}",12.45076379999955
54,quantum/HS-RBF-SVM,quantum,5,0.7777777777777778,0.9,"{""clf__C"": 1.0, ""clf__gamma_mult"": 0.25}",12.45076379999955
54,quantum/HS-RBF-SVM,quantum,6,1.0,1.0,"{""clf__C"": 1.0, ""clf__gamma_mult"": 1.0}",12.45076379999955
54,quantum/HS-RBF-SVM,quantum,7,0.8888888888888888,0.9,"{""clf__C"": 10.0, ""clf__gamma_mult"": 0.25}",12.45076379999955
54,quantum/HS-RBF-SVM,quantum,8,0.6666666666666666,0.8,"{""clf__C"": 1.0, ""clf__gamma_mult"": 1.0}",12.45076379999955
54,quantum/HS-RBF-SVM,quantum,9,0.7777777777777778,0.8500000000000001,"{""clf__C"": 1.0, ""clf__gamma_mult"": 0.25}",12.45076379999955
54,quantum/HS-RBF-SVM,quantum,10,0.5555555555555556,1.0,"{""clf__C"": 1.0, ""clf__gamma_mult"": 1.0}",12.45076379999955
54,quantum/HS-RBF-SVM,quantum,11,0.7777777777777778,0.8500000000000001,"{""clf__C"": 1.0, ""clf__gamma_mult"": 1.0}",12.45076379999955
54,quantum/HS-RBF-SVM,quantum,12,1.0,1.0,"{""clf__C"": 1.0, ""clf__gamma_mult"": 1.0}",12.45076379999955
54,quantum/HS-RBF-SVM,quantum,13,0.8888888888888888,0.9500000000000001,"{""clf__C"": 10.0, ""clf__gamma_mult"": 4.0}",12.45076379999955
54,quantum/HS-RBF-SVM,quantum,14,0.5555555555555556,0.75,"{""clf__C"": 1.0, ""clf__gamma_mult"": 4.0}",12.45076379999955
54,quantum/Bures-RBF-SVM,quantum,0,0.8888888888888888,1.0,"{""clf__C"": 1.0, ""clf__gamma_mult"": 0.25}",20.14369920000081
54,quantum/Bures-RBF-SVM,quantum,1,0.8888888888888888,0.8,"{""clf__C"": 1.0, ""clf__gamma_mult"": 1.0}",20.14369920000081
54,quantum/Bures-RBF-SVM,quantum,2,0.8888888888888888,0.9,"{""clf__C"": 10.0, ""clf__gamma_mult"": 0.25}",20.14369920000081
54,quantum/Bures-RBF-SVM,quantum,3,1.0,1.0,"{""clf__C"": 1.0, ""clf__gamma_mult"": 0.25}",20.14369920000081
54,quantum/Bures-RBF-SVM,quantum,4,0.7777777777777778,0.9,"{""clf__C"": 1.0, ""clf__gamma_mult"": 0.25}",20.14369920000081
54,quantum/Bures-RBF-SVM,quantum,5,1.0,1.0,"{""clf__C"": 1.0, ""clf__gamma_mult"": 0.25}",20.14369920000081
54,quantum/Bures-RBF-SVM,quantum,6,1.0,1.0,"{""clf__C"": 1.0, ""clf__gamma_mult"": 1.0}",20.14369920000081
54,quantum/Bures-RBF-SVM,quantum,7,0.8888888888888888,0.9500000000000001,"{""clf__C"": 1.0, ""clf__gamma_mult"": 1.0}",20.14369920000081
54,quantum/Bures-RBF-SVM,quantum,8,0.8888888888888888,0.75,"{""clf__C"": 1.0, ""clf__gamma_mult"": 1.0}",20.14369920000081
54,quantum/Bures-RBF-SVM,quantum,9,0.7777777777777778,0.7000000000000001,"{""clf__C"": 1.0, ""clf__gamma_mult"": 0.25}",20.14369920000081
54,quantum/Bures-RBF-SVM,quantum,10,0.7777777777777778,0.95,"{""clf__C"": 1.0, ""clf__gamma_mult"": 1.0}",20.14369920000081
54,quantum/Bures-RBF-SVM,quantum,11,0.7777777777777778,0.8500000000000001,"{""clf__C"": 10.0, ""clf__gamma_mult"": 0.25}",20.14369920000081
54,quantum/Bures-RBF-SVM,quantum,12,1.0,1.0,"{""clf__C"": 1.0, ""clf__gamma_mult"": 0.25}",20.14369920000081
54,quantum/Bures-RBF-SVM,quantum,13,1.0,1.0,"{""clf__C"": 1.0, ""clf__gamma_mult"": 1.0}",20.14369920000081
54,quantum/Bures-RBF-SVM,quantum,14,0.6666666666666666,0.9,"{""clf__C"": 1.0, ""clf__gamma_mult"": 4.0}",20.14369920000081
54,quantum/QRE-RBF-SVM,quantum,0,0.8888888888888888,1.0,"{""clf__C"": 1.0, ""clf__gamma_mult"": 0.25}",14.82885989999977
54,quantum/QRE-RBF-SVM,quantum,1,0.8888888888888888,0.8,"{""clf__C"": 1.0, ""clf__gamma_mult"": 1.0}",14.82885989999977
54,quantum/QRE-RBF-SVM,quantum,2,0.6666666666666666,0.8,"{""clf__C"": 10.0, ""clf__gamma_mult"": 4.0}",14.82885989999977
54,quantum/QRE-RBF-SVM,quantum,3,1.0,1.0,"{""clf__C"": 1.0, ""clf__gamma_mult"": 0.25}",14.82885989999977
54,quantum/QRE-RBF-SVM,quantum,4,0.7777777777777778,0.9,"{""clf__C"": 1.0, ""clf__gamma_mult"": 0.25}",14.82885989999977
54,quantum/QRE-RBF-SVM,quantum,5,1.0,1.0,"{""clf__C"": 1.0, ""clf__gamma_mult"": 0.25}",14.82885989999977
54,quantum/QRE-RBF-SVM,quantum,6,1.0,1.0,"{""clf__C"": 1.0, ""clf__gamma_mult"": 1.0}",14.82885989999977
54,quantum/QRE-RBF-SVM,quantum,7,1.0,1.0,"{""clf__C"": 1.0, ""clf__gamma_mult"": 0.25}",14.82885989999977
54,quantum/QRE-RBF-SVM,quantum,8,0.8888888888888888,0.8,"{""clf__C"": 1.0, ""clf__gamma_mult"": 1.0}",14.82885989999977
54,quantum/QRE-RBF-SVM,quantum,9,0.7777777777777778,0.7000000000000001,"{""clf__C"": 1.0, ""clf__gamma_mult"": 0.25}",14.82885989999977
54,quantum/QRE-RBF-SVM,quantum,10,0.8888888888888888,0.95,"{""clf__C"": 10.0, ""clf__gamma_mult"": 0.25}",14.82885989999977
54,quantum/QRE-RBF-SVM,quantum,11,0.7777777777777778,0.8500000000000001,"{""clf__C"": 10.0, ""clf__gamma_mult"": 0.25}",14.82885989999977
54,quantum/QRE-RBF-SVM,quantum,12,1.0,1.0,"{""clf__C"": 1.0, ""clf__gamma_mult"": 0.25}",14.82885989999977
54,quantum/QRE-RBF-SVM,quantum,13,0.8888888888888888,1.0,"{""clf__C"": 10.0, ""clf__gamma_mult"": 0.25}",14.82885989999977
54,quantum/QRE-RBF-SVM,quantum,14,0.7777777777777778,0.9,"{""clf__C"": 1.0, ""clf__gamma_mult"": 1.0}",14.82885989999977
54,quantum/HS-overlap-ref-SVM,quantum,0,0.7777777777777778,1.0,"{""clf__C"": 10.0}",6.5570173000005525
54,quantum/HS-overlap-ref-SVM,quantum,1,0.8888888888888888,0.8,"{""clf__C"": 10.0}",6.5570173000005525
54,quantum/HS-overlap-ref-SVM,quantum,2,0.7777777777777778,0.9500000000000001,"{""clf__C"": 10.0}",6.5570173000005525
54,quantum/HS-overlap-ref-SVM,quantum,3,0.8888888888888888,1.0,"{""clf__C"": 10.0}",6.5570173000005525
54,quantum/HS-overlap-ref-SVM,quantum,4,0.5555555555555556,0.7000000000000001,"{""clf__C"": 10.0}",6.5570173000005525
54,quantum/HS-overlap-ref-SVM,quantum,5,0.7777777777777778,0.8,"{""clf__C"": 10.0}",6.5570173000005525
54,quantum/HS-overlap-ref-SVM,quantum,6,0.8888888888888888,1.0,"{""clf__C"": 10.0}",6.5570173000005525
54,quantum/HS-overlap-ref-SVM,quantum,7,0.6666666666666666,0.9,"{""clf__C"": 10.0}",6.5570173000005525
54,quantum/HS-overlap-ref-SVM,quantum,8,0.7777777777777778,0.7,"{""clf__C"": 10.0}",6.5570173000005525
54,quantum/HS-overlap-ref-SVM,quantum,9,0.7777777777777778,0.75,"{""clf__C"": 10.0}",6.5570173000005525
54,quantum/HS-overlap-ref-SVM,quantum,10,0.7777777777777778,0.8,"{""clf__C"": 10.0}",6.5570173000005525
54,quantum/HS-overlap-ref-SVM,quantum,11,0.5555555555555556,0.75,"{""clf__C"": 10.0}",6.5570173000005525
54,quantum/HS-overlap-ref-SVM,quantum,12,0.6666666666666666,0.8500000000000001,"{""clf__C"": 10.0}",6.5570173000005525
54,quantum/HS-overlap-ref-SVM,quantum,13,0.8888888888888888,1.0,"{""clf__C"": 10.0}",6.5570173000005525
54,quantum/HS-overlap-ref-SVM,quantum,14,0.6666666666666666,0.9,"{""clf__C"": 1.0}",6.5570173000005525
54,quantum/Fidelity-ref-SVM,quantum,0,0.7777777777777778,1.0,"{""clf__C"": 10.0}",10.733613799999148
54,quantum/Fidelity-ref-SVM,quantum,1,0.7777777777777778,0.8,"{""clf__C"": 10.0}",10.733613799999148
54,quantum/Fidelity-ref-SVM,quantum,2,0.7777777777777778,0.9500000000000001,"{""clf__C"": 10.0}",10.733613799999148
54,quantum/Fidelity-ref-SVM,quantum,3,1.0,1.0,"{""clf__C"": 10.0}",10.733613799999148
54,quantum/Fidelity-ref-SVM,quantum,4,0.5555555555555556,0.75,"{""clf__C"": 10.0}",10.733613799999148
54,quantum/Fidelity-ref-SVM,quantum,5,0.7777777777777778,0.9,"{""clf__C"": 10.0}",10.733613799999148
54,quantum/Fidelity-ref-SVM,quantum,6,0.8888888888888888,1.0,"{""clf__C"": 10.0}",10.733613799999148
54,quantum/Fidelity-ref-SVM,quantum,7,0.6666666666666666,0.9,"{""clf__C"": 10.0}",10.733613799999148
54,quantum/Fidelity-ref-SVM,quantum,8,0.8888888888888888,0.85,"{""clf__C"": 10.0}",10.733613799999148
54,quantum/Fidelity-ref-SVM,quantum,9,0.6666666666666666,0.75,"{""clf__C"": 10.0}",10.733613799999148
54,quantum/Fidelity-ref-SVM,quantum,10,0.7777777777777778,0.75,"{""clf__C"": 10.0}",10.733613799999148
54,quantum/Fidelity-ref-SVM,quantum,11,0.8888888888888888,0.8500000000000001,"{""clf__C"": 10.0}",10.733613799999148
54,quantum/Fidelity-ref-SVM,quantum,12,0.7777777777777778,0.85,"{""clf__C"": 10.0}",10.733613799999148
54,quantum/Fidelity-ref-SVM,quantum,13,0.8888888888888888,1.0,"{""clf__C"": 10.0}",10.733613799999148
54,quantum/Fidelity-ref-SVM,quantum,14,0.7777777777777778,0.9,"{""clf__C"": 10.0}",10.733613799999148
54,quantum/HS-RBF-ref-SVM,quantum,0,0.7777777777777778,1.0,"{""clf__C"": 10.0, ""clf__gamma_mult"": 1.0}",18.04143060000024
54,quantum/HS-RBF-ref-SVM,quantum,1,0.8888888888888888,0.8,"{""clf__C"": 10.0, ""clf__gamma_mult"": 0.25}",18.04143060000024
54,quantum/HS-RBF-ref-SVM,quantum,2,0.8888888888888888,0.9,"{""clf__C"": 10.0, ""clf__gamma_mult"": 1.0}",18.04143060000024
54,quantum/HS-RBF-ref-SVM,quantum,3,1.0,1.0,"{""clf__C"": 1.0, ""clf__gamma_mult"": 1.0}",18.04143060000024
54,quantum/HS-RBF-ref-SVM,quantum,4,0.5555555555555556,0.65,"{""clf__C"": 10.0, ""clf__gamma_mult"": 0.25}",18.04143060000024
54,quantum/HS-RBF-ref-SVM,quantum,5,0.7777777777777778,1.0,"{""clf__C"": 1.0, ""clf__gamma_mult"": 1.0}",18.04143060000024
54,quantum/HS-RBF-ref-SVM,quantum,6,1.0,1.0,"{""clf__C"": 10.0, ""clf__gamma_mult"": 1.0}",18.04143060000024
54,quantum/HS-RBF-ref-SVM,quantum,7,0.8888888888888888,0.9500000000000001,"{""clf__C"": 1.0, ""clf__gamma_mult"": 1.0}",18.04143060000024
54,quantum/HS-RBF-ref-SVM,quantum,8,0.7777777777777778,0.7,"{""clf__C"": 10.0, ""clf__gamma_mult"": 1.0}",18.04143060000024
54,quantum/HS-RBF-ref-SVM,quantum,9,0.6666666666666666,1.0,"{""clf__C"": 1.0, ""clf__gamma_mult"": 4.0}",18.04143060000024
54,quantum/HS-RBF-ref-SVM,quantum,10,0.7777777777777778,0.85,"{""clf__C"": 10.0, ""clf__gamma_mult"": 1.0}",18.04143060000024
54,quantum/HS-RBF-ref-SVM,quantum,11,0.7777777777777778,0.8500000000000001,"{""clf__C"": 10.0, ""clf__gamma_mult"": 1.0}",18.04143060000024
54,quantum/HS-RBF-ref-SVM,quantum,12,0.7777777777777778,0.9500000000000001,"{""clf__C"": 1.0, ""clf__gamma_mult"": 1.0}",18.04143060000024
54,quantum/HS-RBF-ref-SVM,quantum,13,0.8888888888888888,1.0,"{""clf__C"": 10.0, ""clf__gamma_mult"": 0.25}",18.04143060000024
54,quantum/HS-RBF-ref-SVM,quantum,14,0.7777777777777778,0.9500000000000001,"{""clf__C"": 1.0, ""clf__gamma_mult"": 1.0}",18.04143060000024
54,quantum/Bures-RBF-ref-SVM,quantum,0,0.7777777777777778,1.0,"{""clf__C"": 1.0, ""clf__gamma_mult"": 1.0}",28.006829400000242
54,quantum/Bures-RBF-ref-SVM,quantum,1,0.7777777777777778,0.8,"{""clf__C"": 10.0, ""clf__gamma_mult"": 0.25}",28.006829400000242
54,quantum/Bures-RBF-ref-SVM,quantum,2,0.7777777777777778,0.9500000000000001,"{""clf__C"": 1.0, ""clf__gamma_mult"": 1.0}",28.006829400000242
54,quantum/Bures-RBF-ref-SVM,quantum,3,1.0,1.0,"{""clf__C"": 10.0, ""clf__gamma_mult"": 1.0}",28.006829400000242
54,quantum/Bures-RBF-ref-SVM,quantum,4,0.5555555555555556,0.7000000000000001,"{""clf__C"": 10.0, ""clf__gamma_mult"": 0.25}",28.006829400000242
54,quantum/Bures-RBF-ref-SVM,quantum,5,0.8888888888888888,0.95,"{""clf__C"": 10.0, ""clf__gamma_mult"": 1.0}",28.006829400000242
54,quantum/Bures-RBF-ref-SVM,quantum,6,1.0,1.0,"{""clf__C"": 10.0, ""clf__gamma_mult"": 1.0}",28.006829400000242
54,quantum/Bures-RBF-ref-SVM,quantum,7,0.8888888888888888,0.9,"{""clf__C"": 1.0, ""clf__gamma_mult"": 1.0}",28.006829400000242
54,quantum/Bures-RBF-ref-SVM,quantum,8,0.7777777777777778,0.8,"{""clf__C"": 10.0, ""clf__gamma_mult"": 1.0}",28.006829400000242
54,quantum/Bures-RBF-ref-SVM,quantum,9,0.6666666666666666,1.0,"{""clf__C"": 1.0, ""clf__gamma_mult"": 4.0}",28.006829400000242
54,quantum/Bures-RBF-ref-SVM,quantum,10,0.7777777777777778,0.8,"{""clf__C"": 1.0, ""clf__gamma_mult"": 1.0}",28.006829400000242
54,quantum/Bures-RBF-ref-SVM,quantum,11,0.7777777777777778,0.8,"{""clf__C"": 10.0, ""clf__gamma_mult"": 0.25}",28.006829400000242
54,quantum/Bures-RBF-ref-SVM,quantum,12,0.7777777777777778,0.9500000000000001,"{""clf__C"": 1.0, ""clf__gamma_mult"": 1.0}",28.006829400000242
54,quantum/Bures-RBF-ref-SVM,quantum,13,0.8888888888888888,1.0,"{""clf__C"": 10.0, ""clf__gamma_mult"": 0.25}",28.006829400000242
54,quantum/Bures-RBF-ref-SVM,quantum,14,0.7777777777777778,0.9,"{""clf__C"": 1.0, ""clf__gamma_mult"": 1.0}",28.006829400000242
54,quantum/QRE-RBF-ref-SVM,quantum,0,0.7777777777777778,1.0,"{""clf__C"": 10.0, ""clf__gamma_mult"": 1.0}",21.3318091000001
54,quantum/QRE-RBF-ref-SVM,quantum,1,0.8888888888888888,0.8,"{""clf__C"": 10.0, ""clf__gamma_mult"": 1.0}",21.3318091000001
54,quantum/QRE-RBF-ref-SVM,quantum,2,0.7777777777777778,0.9500000000000001,"{""clf__C"": 1.0, ""clf__gamma_mult"": 1.0}",21.3318091000001
54,quantum/QRE-RBF-ref-SVM,quantum,3,1.0,1.0,"{""clf__C"": 10.0, ""clf__gamma_mult"": 1.0}",21.3318091000001
54,quantum/QRE-RBF-ref-SVM,quantum,4,0.5555555555555556,0.7000000000000001,"{""clf__C"": 10.0, ""clf__gamma_mult"": 0.25}",21.3318091000001
54,quantum/QRE-RBF-ref-SVM,quantum,5,0.7777777777777778,0.9,"{""clf__C"": 10.0, ""clf__gamma_mult"": 0.25}",21.3318091000001
54,quantum/QRE-RBF-ref-SVM,quantum,6,1.0,1.0,"{""clf__C"": 10.0, ""clf__gamma_mult"": 1.0}",21.3318091000001
54,quantum/QRE-RBF-ref-SVM,quantum,7,0.8888888888888888,0.9,"{""clf__C"": 1.0, ""clf__gamma_mult"": 1.0}",21.3318091000001
54,quantum/QRE-RBF-ref-SVM,quantum,8,0.7777777777777778,0.8,"{""clf__C"": 10.0, ""clf__gamma_mult"": 1.0}",21.3318091000001
54,quantum/QRE-RBF-ref-SVM,quantum,9,0.6666666666666666,1.0,"{""clf__C"": 1.0, ""clf__gamma_mult"": 4.0}",21.3318091000001
54,quantum/QRE-RBF-ref-SVM,quantum,10,0.7777777777777778,0.75,"{""clf__C"": 10.0, ""clf__gamma_mult"": 0.25}",21.3318091000001
54,quantum/QRE-RBF-ref-SVM,quantum,11,0.6666666666666666,0.8,"{""clf__C"": 10.0, ""clf__gamma_mult"": 0.25}",21.3318091000001
54,quantum/QRE-RBF-ref-SVM,quantum,12,0.7777777777777778,0.9500000000000001,"{""clf__C"": 1.0, ""clf__gamma_mult"": 1.0}",21.3318091000001
54,quantum/QRE-RBF-ref-SVM,quantum,13,0.8888888888888888,1.0,"{""clf__C"": 10.0, ""clf__gamma_mult"": 0.25}",21.3318091000001
54,quantum/QRE-RBF-ref-SVM,quantum,14,0.7777777777777778,0.9,"{""clf__C"": 1.0, ""clf__gamma_mult"": 1.0}",21.3318091000001
54,quantum/IQP-kernel-SVM,quantum,0,0.8888888888888888,0.95,"{""clf__C"": 1.0, ""clf__scale"": 0.5}",25.778788700000405
54,quantum/IQP-kernel-SVM,quantum,1,0.7777777777777778,0.7,"{""clf__C"": 10.0, ""clf__scale"": 0.5}",25.778788700000405
54,quantum/IQP-kernel-SVM,quantum,2,0.7777777777777778,0.9,"{""clf__C"": 1.0, ""clf__scale"": 0.5}",25.778788700000405
54,quantum/IQP-kernel-SVM,quantum,3,0.5555555555555556,0.75,"{""clf__C"": 1.0, ""clf__scale"": 1.0}",25.778788700000405
54,quantum/IQP-kernel-SVM,quantum,4,0.4444444444444444,0.6,"{""clf__C"": 1.0, ""clf__scale"": 0.5}",25.778788700000405
54,quantum/IQP-kernel-SVM,quantum,5,0.5555555555555556,0.7,"{""clf__C"": 1.0, ""clf__scale"": 0.5}",25.778788700000405
54,quantum/IQP-kernel-SVM,quantum,6,0.6666666666666666,0.85,"{""clf__C"": 10.0, ""clf__scale"": 0.5}",25.778788700000405
54,quantum/IQP-kernel-SVM,quantum,7,0.7777777777777778,0.9,"{""clf__C"": 1.0, ""clf__scale"": 0.5}",25.778788700000405
54,quantum/IQP-kernel-SVM,quantum,8,0.7777777777777778,0.85,"{""clf__C"": 10.0, ""clf__scale"": 0.5}",25.778788700000405
54,quantum/IQP-kernel-SVM,quantum,9,0.6666666666666666,0.8500000000000001,"{""clf__C"": 10.0, ""clf__scale"": 0.5}",25.778788700000405
54,quantum/IQP-kernel-SVM,quantum,10,0.7777777777777778,0.95,"{""clf__C"": 1.0, ""clf__scale"": 0.5}",25.778788700000405
54,quantum/IQP-kernel-SVM,quantum,11,0.7777777777777778,0.9,"{""clf__C"": 1.0, ""clf__scale"": 0.5}",25.778788700000405
54,quantum/IQP-kernel-SVM,quantum,12,0.8888888888888888,0.9,"{""clf__C"": 1.0, ""clf__scale"": 0.5}",25.778788700000405
54,quantum/IQP-kernel-SVM,quantum,13,0.7777777777777778,0.7,"{""clf__C"": 10.0, ""clf__scale"": 0.5}",25.778788700000405
54,quantum/IQP-kernel-SVM,quantum,14,0.6666666666666666,0.65,"{""clf__C"": 10.0, ""clf__scale"": 0.5}",25.778788700000405
54,quantum/CNOT-kernel-SVM,quantum,0,0.8888888888888888,0.95,"{""clf__C"": 10.0, ""clf__scale"": 0.5}",23.853050200000325
54,quantum/CNOT-kernel-SVM,quantum,1,0.5555555555555556,0.4,"{""clf__C"": 10.0, ""clf__scale"": 2.0}",23.853050200000325
54,quantum/CNOT-kernel-SVM,quantum,2,1.0,1.0,"{""clf__C"": 1.0, ""clf__scale"": 0.5}",23.853050200000325
54,quantum/CNOT-kernel-SVM,quantum,3,0.8888888888888888,1.0,"{""clf__C"": 1.0, ""clf__scale"": 0.5}",23.853050200000325
54,quantum/CNOT-kernel-SVM,quantum,4,0.6666666666666666,0.8,"{""clf__C"": 1.0, ""clf__scale"": 0.5}",23.853050200000325
54,quantum/CNOT-kernel-SVM,quantum,5,0.7777777777777778,0.85,"{""clf__C"": 10.0, ""clf__scale"": 0.5}",23.853050200000325
54,quantum/CNOT-kernel-SVM,quantum,6,1.0,1.0,"{""clf__C"": 1.0, ""clf__scale"": 1.0}",23.853050200000325
54,quantum/CNOT-kernel-SVM,quantum,7,0.8888888888888888,1.0,"{""clf__C"": 1.0, ""clf__scale"": 0.5}",23.853050200000325
54,quantum/CNOT-kernel-SVM,quantum,8,0.5555555555555556,0.8,"{""clf__C"": 10.0, ""clf__scale"": 1.0}",23.853050200000325
54,quantum/CNOT-kernel-SVM,quantum,9,0.5555555555555556,0.5,"{""clf__C"": 1.0, ""clf__scale"": 1.0}",23.853050200000325
54,quantum/CNOT-kernel-SVM,quantum,10,0.7777777777777778,0.95,"{""clf__C"": 1.0, ""clf__scale"": 0.5}",23.853050200000325
54,quantum/CNOT-kernel-SVM,quantum,11,0.7777777777777778,0.8500000000000001,"{""clf__C"": 1.0, ""clf__scale"": 0.5}",23.853050200000325
54,quantum/CNOT-kernel-SVM,quantum,12,0.8888888888888888,0.9500000000000001,"{""clf__C"": 1.0, ""clf__scale"": 0.5}",23.853050200000325
54,quantum/CNOT-kernel-SVM,quantum,13,0.8888888888888888,0.9500000000000001,"{""clf__C"": 1.0, ""clf__scale"": 0.5}",23.853050200000325
54,quantum/CNOT-kernel-SVM,quantum,14,0.7777777777777778,0.7,"{""clf__C"": 10.0, ""clf__scale"": 0.5}",23.853050200000325
54,control/IQP-no-entangle,control,0,0.8888888888888888,0.95,"{""clf__C"": 1.0, ""clf__scale"": 0.5}",22.30172280000079
54,control/IQP-no-entangle,control,1,0.6666666666666666,0.6,"{""clf__C"": 1.0, ""clf__scale"": 0.5}",22.30172280000079
54,control/IQP-no-entangle,control,2,1.0,1.0,"{""clf__C"": 1.0, ""clf__scale"": 0.5}",22.30172280000079
54,control/IQP-no-entangle,control,3,1.0,1.0,"{""clf__C"": 1.0, ""clf__scale"": 1.0}",22.30172280000079
54,control/IQP-no-entangle,control,4,0.5555555555555556,0.8,"{""clf__C"": 1.0, ""clf__scale"": 0.5}",22.30172280000079
54,control/IQP-no-entangle,control,5,0.7777777777777778,0.85,"{""clf__C"": 10.0, ""clf__scale"": 0.5}",22.30172280000079
54,control/IQP-no-entangle,control,6,0.8888888888888888,1.0,"{""clf__C"": 1.0, ""clf__scale"": 1.0}",22.30172280000079
54,control/IQP-no-entangle,control,7,1.0,1.0,"{""clf__C"": 1.0, ""clf__scale"": 0.5}",22.30172280000079
54,control/IQP-no-entangle,control,8,0.5555555555555556,0.75,"{""clf__C"": 10.0, ""clf__scale"": 1.0}",22.30172280000079
54,control/IQP-no-entangle,control,9,0.5555555555555556,0.75,"{""clf__C"": 1.0, ""clf__scale"": 1.0}",22.30172280000079
54,control/IQP-no-entangle,control,10,0.7777777777777778,1.0,"{""clf__C"": 1.0, ""clf__scale"": 1.0}",22.30172280000079
54,control/IQP-no-entangle,control,11,0.7777777777777778,0.8500000000000001,"{""clf__C"": 1.0, ""clf__scale"": 0.5}",22.30172280000079
54,control/IQP-no-entangle,control,12,0.7777777777777778,1.0,"{""clf__C"": 1.0, ""clf__scale"": 0.5}",22.30172280000079
54,control/IQP-no-entangle,control,13,0.8888888888888888,1.0,"{""clf__C"": 10.0, ""clf__scale"": 0.5}",22.30172280000079
54,control/IQP-no-entangle,control,14,0.7777777777777778,0.7,"{""clf__C"": 1.0, ""clf__scale"": 0.5}",22.30172280000079
54,control/PCA-matched-RBF,control,0,0.8888888888888888,1.0,"{""clf__C"": 1.0, ""clf__gamma"": ""scale""}",18.75092119999954
54,control/PCA-matched-RBF,control,1,0.5555555555555556,0.55,"{""clf__C"": 10.0, ""clf__gamma"": ""scale""}",18.75092119999954
54,control/PCA-matched-RBF,control,2,1.0,1.0,"{""clf__C"": 1.0, ""clf__gamma"": 0.1}",18.75092119999954
54,control/PCA-matched-RBF,control,3,1.0,1.0,"{""clf__C"": 1.0, ""clf__gamma"": ""scale""}",18.75092119999954
54,control/PCA-matched-RBF,control,4,0.5555555555555556,0.8,"{""clf__C"": 1.0, ""clf__gamma"": 0.1}",18.75092119999954
54,control/PCA-matched-RBF,control,5,0.6666666666666666,0.7500000000000001,"{""clf__C"": 10.0, ""clf__gamma"": ""scale""}",18.75092119999954
54,control/PCA-matched-RBF,control,6,1.0,1.0,"{""clf__C"": 1.0, ""clf__gamma"": 0.1}",18.75092119999954
54,control/PCA-matched-RBF,control,7,1.0,1.0,"{""clf__C"": 1.0, ""clf__gamma"": ""scale""}",18.75092119999954
54,control/PCA-matched-RBF,control,8,0.6666666666666666,0.75,"{""clf__C"": 1.0, ""clf__gamma"": 0.1}",18.75092119999954
54,control/PCA-matched-RBF,control,9,0.6666666666666666,0.55,"{""clf__C"": 1.0, ""clf__gamma"": 0.1}",18.75092119999954
54,control/PCA-matched-RBF,control,10,0.7777777777777778,0.8500000000000001,"{""clf__C"": 10.0, ""clf__gamma"": 0.1}",18.75092119999954
54,control/PCA-matched-RBF,control,11,0.6666666666666666,0.75,"{""clf__C"": 10.0, ""clf__gamma"": ""scale""}",18.75092119999954
54,control/PCA-matched-RBF,control,12,0.7777777777777778,0.9500000000000001,"{""clf__C"": 10.0, ""clf__gamma"": 0.01}",18.75092119999954
54,control/PCA-matched-RBF,control,13,0.8888888888888888,1.0,"{""clf__C"": 10.0, ""clf__gamma"": 0.01}",18.75092119999954
54,control/PCA-matched-RBF,control,14,0.6666666666666666,0.7,"{""clf__C"": 10.0, ""clf__gamma"": 0.01}",18.75092119999954
54,control/PCA-matched-linear,control,0,0.7777777777777778,0.95,"{""clf__C"": 1.0}",6.733968900000036
54,control/PCA-matched-linear,control,1,0.6666666666666666,0.55,"{""clf__C"": 0.1}",6.733968900000036
54,control/PCA-matched-linear,control,2,0.8888888888888888,1.0,"{""clf__C"": 0.1}",6.733968900000036
54,control/PCA-matched-linear,control,3,0.8888888888888888,1.0,"{""clf__C"": 10.0}",6.733968900000036
54,control/PCA-matched-linear,control,4,0.6666666666666666,0.8,"{""clf__C"": 0.1}",6.733968900000036
54,control/PCA-matched-linear,control,5,0.8888888888888888,0.9,"{""clf__C"": 0.1}",6.733968900000036
54,control/PCA-matched-linear,control,6,0.7777777777777778,0.9,"{""clf__C"": 10.0}",6.733968900000036
54,control/PCA-matched-linear,control,7,0.8888888888888888,1.0,"{""clf__C"": 0.1}",6.733968900000036
54,control/PCA-matched-linear,control,8,0.6666666666666666,0.8,"{""clf__C"": 0.1}",6.733968900000036
54,control/PCA-matched-linear,control,9,0.5555555555555556,0.55,"{""clf__C"": 0.1}",6.733968900000036
54,control/PCA-matched-linear,control,10,0.7777777777777778,0.9,"{""clf__C"": 0.1}",6.733968900000036
54,control/PCA-matched-linear,control,11,0.7777777777777778,0.8500000000000001,"{""clf__C"": 0.1}",6.733968900000036
54,control/PCA-matched-linear,control,12,0.7777777777777778,0.9500000000000001,"{""clf__C"": 0.1}",6.733968900000036
54,control/PCA-matched-linear,control,13,0.8888888888888888,1.0,"{""clf__C"": 1.0}",6.733968900000036
54,control/PCA-matched-linear,control,14,0.6666666666666666,0.7,"{""clf__C"": 10.0}",6.733968900000036
54,control/logeuclid-TS+LR,control,0,0.8888888888888888,1.0,"{""clf__C"": 0.1}",4.873031600000104
54,control/logeuclid-TS+LR,control,1,0.7777777777777778,0.8,"{""clf__C"": 0.1}",4.873031600000104
54,control/logeuclid-TS+LR,control,2,1.0,1.0,"{""clf__C"": 0.1}",4.873031600000104
54,control/logeuclid-TS+LR,control,3,1.0,1.0,"{""clf__C"": 0.1}",4.873031600000104
54,control/logeuclid-TS+LR,control,4,0.8888888888888888,0.9500000000000001,"{""clf__C"": 1.0}",4.873031600000104
54,control/logeuclid-TS+LR,control,5,0.7777777777777778,0.95,"{""clf__C"": 10.0}",4.873031600000104
54,control/logeuclid-TS+LR,control,6,1.0,1.0,"{""clf__C"": 0.1}",4.873031600000104
54,control/logeuclid-TS+LR,control,7,1.0,1.0,"{""clf__C"": 0.1}",4.873031600000104
54,control/logeuclid-TS+LR,control,8,0.7777777777777778,0.8,"{""clf__C"": 0.1}",4.873031600000104
54,control/logeuclid-TS+LR,control,9,0.6666666666666666,0.6,"{""clf__C"": 0.1}",4.873031600000104
54,control/logeuclid-TS+LR,control,10,0.8888888888888888,0.9,"{""clf__C"": 0.1}",4.873031600000104
54,control/logeuclid-TS+LR,control,11,0.7777777777777778,0.8500000000000001,"{""clf__C"": 0.1}",4.873031600000104
54,control/logeuclid-TS+LR,control,12,0.6666666666666666,0.8,"{""clf__C"": 0.1}",4.873031600000104
54,control/logeuclid-TS+LR,control,13,1.0,1.0,"{""clf__C"": 0.1}",4.873031600000104
54,control/logeuclid-TS+LR,control,14,0.8888888888888888,0.8500000000000001,"{""clf__C"": 0.1}",4.873031600000104
54,control/riemann-kernel-SVM,control,0,0.8888888888888888,1.0,"{""clf__C"": 0.1}",6.606486800000312
54,control/riemann-kernel-SVM,control,1,0.5555555555555556,0.6,"{""clf__C"": 1.0}",6.606486800000312
54,control/riemann-kernel-SVM,control,2,0.7777777777777778,1.0,"{""clf__C"": 0.1}",6.606486800000312
54,control/riemann-kernel-SVM,control,3,1.0,1.0,"{""clf__C"": 0.1}",6.606486800000312
54,control/riemann-kernel-SVM,control,4,0.6666666666666666,0.75,"{""clf__C"": 0.1}",6.606486800000312
54,control/riemann-kernel-SVM,control,5,0.7777777777777778,0.9,"{""clf__C"": 1.0}",6.606486800000312
54,control/riemann-kernel-SVM,control,6,0.8888888888888888,0.9,"{""clf__C"": 0.1}",6.606486800000312
54,control/riemann-kernel-SVM,control,7,0.8888888888888888,0.9500000000000001,"{""clf__C"": 0.1}",6.606486800000312
54,control/riemann-kernel-SVM,control,8,0.7777777777777778,0.8,"{""clf__C"": 0.1}",6.606486800000312
54,control/riemann-kernel-SVM,control,9,0.6666666666666666,0.6,"{""clf__C"": 0.1}",6.606486800000312
54,control/riemann-kernel-SVM,control,10,0.7777777777777778,0.8500000000000001,"{""clf__C"": 0.1}",6.606486800000312
54,control/riemann-kernel-SVM,control,11,0.7777777777777778,0.8500000000000001,"{""clf__C"": 0.1}",6.606486800000312
54,control/riemann-kernel-SVM,control,12,0.7777777777777778,0.7,"{""clf__C"": 0.1}",6.606486800000312
54,control/riemann-kernel-SVM,control,13,1.0,1.0,"{""clf__C"": 1.0}",6.606486800000312
54,control/riemann-kernel-SVM,control,14,0.7777777777777778,0.9500000000000001,"{""clf__C"": 0.1}",6.606486800000312
54,control/logeuclid-kernel-SVM,control,0,0.8888888888888888,1.0,"{""clf__C"": 0.1}",6.604751900000338
54,control/logeuclid-kernel-SVM,control,1,0.4444444444444444,0.7,"{""clf__C"": 1.0}",6.604751900000338
54,control/logeuclid-kernel-SVM,control,2,0.7777777777777778,0.8,"{""clf__C"": 1.0}",6.604751900000338
54,control/logeuclid-kernel-SVM,control,3,1.0,1.0,"{""clf__C"": 1.0}",6.604751900000338
54,control/logeuclid-kernel-SVM,control,4,0.6666666666666666,0.7000000000000001,"{""clf__C"": 0.1}",6.604751900000338
54,control/logeuclid-kernel-SVM,control,5,0.6666666666666666,0.85,"{""clf__C"": 10.0}",6.604751900000338
54,control/logeuclid-kernel-SVM,control,6,0.8888888888888888,0.9,"{""clf__C"": 0.1}",6.604751900000338
54,control/logeuclid-kernel-SVM,control,7,0.8888888888888888,0.9,"{""clf__C"": 0.1}",6.604751900000338
54,control/logeuclid-kernel-SVM,control,8,0.6666666666666666,0.8,"{""clf__C"": 1.0}",6.604751900000338
54,control/logeuclid-kernel-SVM,control,9,0.5555555555555556,0.6,"{""clf__C"": 0.1}",6.604751900000338
54,control/logeuclid-kernel-SVM,control,10,0.7777777777777778,0.8,"{""clf__C"": 0.1}",6.604751900000338
54,control/logeuclid-kernel-SVM,control,11,0.8888888888888888,0.8500000000000001,"{""clf__C"": 0.1}",6.604751900000338
54,control/logeuclid-kernel-SVM,control,12,0.6666666666666666,0.65,"{""clf__C"": 0.1}",6.604751900000338
54,control/logeuclid-kernel-SVM,control,13,1.0,1.0,"{""clf__C"": 1.0}",6.604751900000338
54,control/logeuclid-kernel-SVM,control,14,0.7777777777777778,0.9500000000000001,"{""clf__C"": 0.1}",6.604751900000338
55,classical/logvar+LDA,classical,0,0.5555555555555556,0.49999999999999994,{},0.115921999999955
55,classical/logvar+LDA,classical,1,0.8888888888888888,0.9,{},0.115921999999955
55,classical/logvar+LDA,classical,2,0.6666666666666666,0.8,{},0.115921999999955
55,classical/logvar+LDA,classical,3,0.5555555555555556,0.6000000000000001,{},0.115921999999955
55,classical/logvar+LDA,classical,4,0.8888888888888888,0.9,{},0.115921999999955
55,classical/logvar+LDA,classical,5,0.4444444444444444,0.35,{},0.115921999999955
55,classical/logvar+LDA,classical,6,0.8888888888888888,1.0,{},0.115921999999955
55,classical/logvar+LDA,classical,7,0.8888888888888888,1.0,{},0.115921999999955
55,classical/logvar+LDA,classical,8,0.6666666666666666,0.75,{},0.115921999999955
55,classical/logvar+LDA,classical,9,0.7777777777777778,0.9,{},0.115921999999955
55,classical/logvar+LDA,classical,10,0.5555555555555556,0.44999999999999996,{},0.115921999999955
55,classical/logvar+LDA,classical,11,0.8888888888888888,0.9500000000000001,{},0.115921999999955
55,classical/logvar+LDA,classical,12,0.6666666666666666,0.7000000000000001,{},0.115921999999955
55,classical/logvar+LDA,classical,13,0.7777777777777778,0.8,{},0.115921999999955
55,classical/logvar+LDA,classical,14,0.7777777777777778,0.75,{},0.115921999999955
55,classical/CSP+LDA,classical,0,0.7777777777777778,0.9500000000000001,"{""csp__nfilter"": 4}",4.288927499999772
55,classical/CSP+LDA,classical,1,0.7777777777777778,0.9500000000000001,"{""csp__nfilter"": 2}",4.288927499999772
55,classical/CSP+LDA,classical,2,0.8888888888888888,1.0,"{""csp__nfilter"": 2}",4.288927499999772
55,classical/CSP+LDA,classical,3,1.0,1.0,"{""csp__nfilter"": 2}",4.288927499999772
55,classical/CSP+LDA,classical,4,0.8888888888888888,1.0,"{""csp__nfilter"": 2}",4.288927499999772
55,classical/CSP+LDA,classical,5,0.8888888888888888,0.9,"{""csp__nfilter"": 6}",4.288927499999772
55,classical/CSP+LDA,classical,6,1.0,1.0,"{""csp__nfilter"": 2}",4.288927499999772
55,classical/CSP+LDA,classical,7,0.7777777777777778,1.0,"{""csp__nfilter"": 2}",4.288927499999772
55,classical/CSP+LDA,classical,8,1.0,1.0,"{""csp__nfilter"": 2}",4.288927499999772
55,classical/CSP+LDA,classical,9,0.8888888888888888,1.0,"{""csp__nfilter"": 2}",4.288927499999772
55,classical/CSP+LDA,classical,10,1.0,1.0,"{""csp__nfilter"": 2}",4.288927499999772
55,classical/CSP+LDA,classical,11,1.0,1.0,"{""csp__nfilter"": 2}",4.288927499999772
55,classical/CSP+LDA,classical,12,0.8888888888888888,1.0,"{""csp__nfilter"": 2}",4.288927499999772
55,classical/CSP+LDA,classical,13,0.8888888888888888,1.0,"{""csp__nfilter"": 2}",4.288927499999772
55,classical/CSP+LDA,classical,14,0.7777777777777778,0.9,"{""csp__nfilter"": 2}",4.288927499999772
55,classical/MDM,classical,0,0.8888888888888888,0.9,{},0.6926665999999386
55,classical/MDM,classical,1,0.7777777777777778,0.75,{},0.6926665999999386
55,classical/MDM,classical,2,0.8888888888888888,1.0,{},0.6926665999999386
55,classical/MDM,classical,3,0.8888888888888888,1.0,{},0.6926665999999386
55,classical/MDM,classical,4,0.8888888888888888,1.0,{},0.6926665999999386
55,classical/MDM,classical,5,0.7777777777777778,0.9500000000000001,{},0.6926665999999386
55,classical/MDM,classical,6,1.0,1.0,{},0.6926665999999386
55,classical/MDM,classical,7,0.7777777777777778,0.9,{},0.6926665999999386
55,classical/MDM,classical,8,1.0,1.0,{},0.6926665999999386
55,classical/MDM,classical,9,0.7777777777777778,1.0,{},0.6926665999999386
55,classical/MDM,classical,10,1.0,1.0,{},0.6926665999999386
55,classical/MDM,classical,11,1.0,1.0,{},0.6926665999999386
55,classical/MDM,classical,12,0.7777777777777778,1.0,{},0.6926665999999386
55,classical/MDM,classical,13,0.8888888888888888,1.0,{},0.6926665999999386
55,classical/MDM,classical,14,0.5555555555555556,0.8,{},0.6926665999999386
55,classical/TS+LR,classical,0,0.8888888888888888,1.0,"{""clf__C"": 0.1}",6.635382000000391
55,classical/TS+LR,classical,1,0.7777777777777778,1.0,"{""clf__C"": 0.1}",6.635382000000391
55,classical/TS+LR,classical,2,0.7777777777777778,0.9500000000000001,"{""clf__C"": 0.1}",6.635382000000391
55,classical/TS+LR,classical,3,1.0,1.0,"{""clf__C"": 1.0}",6.635382000000391
55,classical/TS+LR,classical,4,0.8888888888888888,1.0,"{""clf__C"": 0.1}",6.635382000000391
55,classical/TS+LR,classical,5,0.8888888888888888,1.0,"{""clf__C"": 0.1}",6.635382000000391
55,classical/TS+LR,classical,6,0.7777777777777778,0.9500000000000001,"{""clf__C"": 0.1}",6.635382000000391
55,classical/TS+LR,classical,7,1.0,1.0,"{""clf__C"": 0.1}",6.635382000000391
55,classical/TS+LR,classical,8,0.8888888888888888,1.0,"{""clf__C"": 0.1}",6.635382000000391
55,classical/TS+LR,classical,9,0.8888888888888888,0.9,"{""clf__C"": 0.1}",6.635382000000391
55,classical/TS+LR,classical,10,0.6666666666666666,1.0,"{""clf__C"": 0.1}",6.635382000000391
55,classical/TS+LR,classical,11,0.8888888888888888,1.0,"{""clf__C"": 0.1}",6.635382000000391
55,classical/TS+LR,classical,12,1.0,1.0,"{""clf__C"": 0.1}",6.635382000000391
55,classical/TS+LR,classical,13,0.8888888888888888,1.0,"{""clf__C"": 0.1}",6.635382000000391
55,classical/TS+LR,classical,14,0.7777777777777778,0.8,"{""clf__C"": 0.1}",6.635382000000391
55,classical/TS+RBF-SVM,classical,0,0.8888888888888888,1.0,"{""clf__C"": 10.0, ""clf__gamma"": ""scale""}",17.839120300000104
55,classical/TS+RBF-SVM,classical,1,0.8888888888888888,0.9500000000000001,"{""clf__C"": 1.0, ""clf__gamma"": ""scale""}",17.839120300000104
55,classical/TS+RBF-SVM,classical,2,0.8888888888888888,1.0,"{""clf__C"": 10.0, ""clf__gamma"": ""scale""}",17.839120300000104
55,classical/TS+RBF-SVM,classical,3,0.8888888888888888,1.0,"{""clf__C"": 10.0, ""clf__gamma"": ""scale""}",17.839120300000104
55,classical/TS+RBF-SVM,classical,4,0.7777777777777778,1.0,"{""clf__C"": 1.0, ""clf__gamma"": ""scale""}",17.839120300000104
55,classical/TS+RBF-SVM,classical,5,0.7777777777777778,1.0,"{""clf__C"": 10.0, ""clf__gamma"": ""scale""}",17.839120300000104
55,classical/TS+RBF-SVM,classical,6,0.7777777777777778,1.0,"{""clf__C"": 1.0, ""clf__gamma"": ""scale""}",17.839120300000104
55,classical/TS+RBF-SVM,classical,7,0.8888888888888888,1.0,"{""clf__C"": 1.0, ""clf__gamma"": ""scale""}",17.839120300000104
55,classical/TS+RBF-SVM,classical,8,0.8888888888888888,1.0,"{""clf__C"": 1.0, ""clf__gamma"": ""scale""}",17.839120300000104
55,classical/TS+RBF-SVM,classical,9,0.8888888888888888,1.0,"{""clf__C"": 10.0, ""clf__gamma"": ""scale""}",17.839120300000104
55,classical/TS+RBF-SVM,classical,10,0.8888888888888888,1.0,"{""clf__C"": 10.0, ""clf__gamma"": ""scale""}",17.839120300000104
55,classical/TS+RBF-SVM,classical,11,0.8888888888888888,1.0,"{""clf__C"": 10.0, ""clf__gamma"": ""scale""}",17.839120300000104
55,classical/TS+RBF-SVM,classical,12,1.0,1.0,"{""clf__C"": 1.0, ""clf__gamma"": 0.01}",17.839120300000104
55,classical/TS+RBF-SVM,classical,13,0.8888888888888888,1.0,"{""clf__C"": 10.0, ""clf__gamma"": ""scale""}",17.839120300000104
55,classical/TS+RBF-SVM,classical,14,0.6666666666666666,0.8,"{""clf__C"": 10.0, ""clf__gamma"": ""scale""}",17.839120300000104
55,quantum/HS-overlap-SVM,quantum,0,0.6666666666666666,0.55,"{""clf__C"": 0.1}",4.34345089999988
55,quantum/HS-overlap-SVM,quantum,1,0.5555555555555556,0.5,"{""clf__C"": 10.0}",4.34345089999988
55,quantum/HS-overlap-SVM,quantum,2,0.5555555555555556,0.65,"{""clf__C"": 0.1}",4.34345089999988
55,quantum/HS-overlap-SVM,quantum,3,0.4444444444444444,0.49999999999999994,"{""clf__C"": 10.0}",4.34345089999988
55,quantum/HS-overlap-SVM,quantum,4,0.4444444444444444,0.8,"{""clf__C"": 0.1}",4.34345089999988
55,quantum/HS-overlap-SVM,quantum,5,0.5555555555555556,0.5499999999999999,"{""clf__C"": 0.1}",4.34345089999988
55,quantum/HS-overlap-SVM,quantum,6,0.6666666666666666,0.65,"{""clf__C"": 0.1}",4.34345089999988
55,quantum/HS-overlap-SVM,quantum,7,0.3333333333333333,0.5499999999999999,"{""clf__C"": 10.0}",4.34345089999988
55,quantum/HS-overlap-SVM,quantum,8,0.4444444444444444,0.8,"{""clf__C"": 0.1}",4.34345089999988
55,quantum/HS-overlap-SVM,quantum,9,0.4444444444444444,0.55,"{""clf__C"": 10.0}",4.34345089999988
55,quantum/HS-overlap-SVM,quantum,10,0.5555555555555556,0.8500000000000001,"{""clf__C"": 0.1}",4.34345089999988
55,quantum/HS-overlap-SVM,quantum,11,0.6666666666666666,0.7,"{""clf__C"": 0.1}",4.34345089999988
55,quantum/HS-overlap-SVM,quantum,12,0.4444444444444444,0.3,"{""clf__C"": 10.0}",4.34345089999988
55,quantum/HS-overlap-SVM,quantum,13,0.4444444444444444,0.55,"{""clf__C"": 0.1}",4.34345089999988
55,quantum/HS-overlap-SVM,quantum,14,0.4444444444444444,0.35,"{""clf__C"": 0.1}",4.34345089999988
55,quantum/Fidelity-SVM,quantum,0,0.5555555555555556,0.55,"{""clf__C"": 0.1}",7.872286499999973
55,quantum/Fidelity-SVM,quantum,1,0.5555555555555556,0.5,"{""clf__C"": 0.1}",7.872286499999973
55,quantum/Fidelity-SVM,quantum,2,0.5555555555555556,0.65,"{""clf__C"": 0.1}",7.872286499999973
55,quantum/Fidelity-SVM,quantum,3,0.4444444444444444,0.49999999999999994,"{""clf__C"": 0.1}",7.872286499999973
55,quantum/Fidelity-SVM,quantum,4,0.4444444444444444,0.7,"{""clf__C"": 0.1}",7.872286499999973
55,quantum/Fidelity-SVM,quantum,5,0.5555555555555556,0.5499999999999999,"{""clf__C"": 0.1}",7.872286499999973
55,quantum/Fidelity-SVM,quantum,6,0.6666666666666666,0.65,"{""clf__C"": 0.1}",7.872286499999973
55,quantum/Fidelity-SVM,quantum,7,0.3333333333333333,0.5499999999999999,"{""clf__C"": 0.1}",7.872286499999973
55,quantum/Fidelity-SVM,quantum,8,0.4444444444444444,0.7500000000000001,"{""clf__C"": 0.1}",7.872286499999973
55,quantum/Fidelity-SVM,quantum,9,0.4444444444444444,0.5,"{""clf__C"": 0.1}",7.872286499999973
55,quantum/Fidelity-SVM,quantum,10,0.5555555555555556,0.8500000000000001,"{""clf__C"": 0.1}",7.872286499999973
55,quantum/Fidelity-SVM,quantum,11,0.6666666666666666,0.7,"{""clf__C"": 0.1}",7.872286499999973
55,quantum/Fidelity-SVM,quantum,12,0.4444444444444444,0.3,"{""clf__C"": 0.1}",7.872286499999973
55,quantum/Fidelity-SVM,quantum,13,0.4444444444444444,0.55,"{""clf__C"": 0.1}",7.872286499999973
55,quantum/Fidelity-SVM,quantum,14,0.4444444444444444,0.35,"{""clf__C"": 0.1}",7.872286499999973
55,quantum/HS-RBF-SVM,quantum,0,0.3333333333333333,0.19999999999999998,"{""clf__C"": 10.0, ""clf__gamma_mult"": 0.25}",12.163516199999322
55,quantum/HS-RBF-SVM,quantum,1,0.4444444444444444,0.5,"{""clf__C"": 10.0, ""clf__gamma_mult"": 0.25}",12.163516199999322
55,quantum/HS-RBF-SVM,quantum,2,0.3333333333333333,0.39999999999999997,"{""clf__C"": 10.0, ""clf__gamma_mult"": 4.0}",12.163516199999322
55,quantum/HS-RBF-SVM,quantum,3,0.4444444444444444,0.49999999999999994,"{""clf__C"": 1.0, ""clf__gamma_mult"": 0.25}",12.163516199999322
55,quantum/HS-RBF-SVM,quantum,4,0.4444444444444444,0.6,"{""clf__C"": 0.1, ""clf__gamma_mult"": 0.25}",12.163516199999322
55,quantum/HS-RBF-SVM,quantum,5,0.4444444444444444,0.45,"{""clf__C"": 10.0, ""clf__gamma_mult"": 0.25}",12.163516199999322
55,quantum/HS-RBF-SVM,quantum,6,0.5555555555555556,0.55,"{""clf__C"": 0.1, ""clf__gamma_mult"": 0.25}",12.163516199999322
55,quantum/HS-RBF-SVM,quantum,7,0.3333333333333333,0.6,"{""clf__C"": 1.0, ""clf__gamma_mult"": 0.25}",12.163516199999322
55,quantum/HS-RBF-SVM,quantum,8,0.4444444444444444,0.35,"{""clf__C"": 0.1, ""clf__gamma_mult"": 0.25}",12.163516199999322
55,quantum/HS-RBF-SVM,quantum,9,0.4444444444444444,0.45,"{""clf__C"": 1.0, ""clf__gamma_mult"": 0.25}",12.163516199999322
55,quantum/HS-RBF-SVM,quantum,10,0.2222222222222222,0.19999999999999998,"{""clf__C"": 10.0, ""clf__gamma_mult"": 4.0}",12.163516199999322
55,quantum/HS-RBF-SVM,quantum,11,0.6666666666666666,0.7,"{""clf__C"": 0.1, ""clf__gamma_mult"": 0.25}",12.163516199999322
55,quantum/HS-RBF-SVM,quantum,12,0.4444444444444444,0.3,"{""clf__C"": 1.0, ""clf__gamma_mult"": 0.25}",12.163516199999322
55,quantum/HS-RBF-SVM,quantum,13,0.2222222222222222,0.1,"{""clf__C"": 10.0, ""clf__gamma_mult"": 4.0}",12.163516199999322
55,quantum/HS-RBF-SVM,quantum,14,0.3333333333333333,0.30000000000000004,"{""clf__C"": 1.0, ""clf__gamma_mult"": 0.25}",12.163516199999322
55,quantum/Bures-RBF-SVM,quantum,0,0.2222222222222222,0.19999999999999998,"{""clf__C"": 10.0, ""clf__gamma_mult"": 1.0}",20.38297969999985
55,quantum/Bures-RBF-SVM,quantum,1,0.4444444444444444,0.39999999999999997,"{""clf__C"": 1.0, ""clf__gamma_mult"": 1.0}",20.38297969999985
55,quantum/Bures-RBF-SVM,quantum,2,0.4444444444444444,0.55,"{""clf__C"": 10.0, ""clf__gamma_mult"": 0.25}",20.38297969999985
55,quantum/Bures-RBF-SVM,quantum,3,0.3333333333333333,0.44999999999999996,"{""clf__C"": 10.0, ""clf__gamma_mult"": 0.25}",20.38297969999985
55,quantum/Bures-RBF-SVM,quantum,4,0.4444444444444444,0.6,"{""clf__C"": 0.1, ""clf__gamma_mult"": 0.25}",20.38297969999985
55,quantum/Bures-RBF-SVM,quantum,5,0.5555555555555556,0.5499999999999999,"{""clf__C"": 1.0, ""clf__gamma_mult"": 0.25}",20.38297969999985
55,quantum/Bures-RBF-SVM,quantum,6,0.3333333333333333,0.3,"{""clf__C"": 10.0, ""clf__gamma_mult"": 1.0}",20.38297969999985
55,quantum/Bures-RBF-SVM,quantum,7,0.3333333333333333,0.6,"{""clf__C"": 1.0, ""clf__gamma_mult"": 0.25}",20.38297969999985
55,quantum/Bures-RBF-SVM,quantum,8,0.4444444444444444,0.4,"{""clf__C"": 0.1, ""clf__gamma_mult"": 0.25}",20.38297969999985
55,quantum/Bures-RBF-SVM,quantum,9,0.4444444444444444,0.45,"{""clf__C"": 1.0, ""clf__gamma_mult"": 0.25}",20.38297969999985
55,quantum/Bures-RBF-SVM,quantum,10,0.2222222222222222,0.15,"{""clf__C"": 10.0, ""clf__gamma_mult"": 4.0}",20.38297969999985
55,quantum/Bures-RBF-SVM,quantum,11,0.6666666666666666,0.7,"{""clf__C"": 0.1, ""clf__gamma_mult"": 0.25}",20.38297969999985
55,quantum/Bures-RBF-SVM,quantum,12,0.4444444444444444,0.3,"{""clf__C"": 1.0, ""clf__gamma_mult"": 0.25}",20.38297969999985
55,quantum/Bures-RBF-SVM,quantum,13,0.2222222222222222,0.1,"{""clf__C"": 10.0, ""clf__gamma_mult"": 4.0}",20.38297969999985
55,quantum/Bures-RBF-SVM,quantum,14,0.3333333333333333,0.30000000000000004,"{""clf__C"": 1.0, ""clf__gamma_mult"": 0.25}",20.38297969999985
55,quantum/QRE-RBF-SVM,quantum,0,0.2222222222222222,0.19999999999999998,"{""clf__C"": 10.0, ""clf__gamma_mult"": 1.0}",15.884768099999746
55,quantum/QRE-RBF-SVM,quantum,1,0.4444444444444444,0.39999999999999997,"{""clf__C"": 1.0, ""clf__gamma_mult"": 1.0}",15.884768099999746
55,quantum/QRE-RBF-SVM,quantum,2,0.3333333333333333,0.35,"{""clf__C"": 10.0, ""clf__gamma_mult"": 4.0}",15.884768099999746
55,quantum/QRE-RBF-SVM,quantum,3,0.3333333333333333,0.44999999999999996,"{""clf__C"": 10.0, ""clf__gamma_mult"": 0.25}",15.884768099999746
55,quantum/QRE-RBF-SVM,quantum,4,0.4444444444444444,0.6,"{""clf__C"": 0.1, ""clf__gamma_mult"": 0.25}",15.884768099999746
55,quantum/QRE-RBF-SVM,quantum,5,0.5555555555555556,0.5499999999999999,"{""clf__C"": 1.0, ""clf__gamma_mult"": 0.25}",15.884768099999746
55,quantum/QRE-RBF-SVM,quantum,6,0.3333333333333333,0.3,"{""clf__C"": 10.0, ""clf__gamma_mult"": 1.0}",15.884768099999746
55,quantum/QRE-RBF-SVM,quantum,7,0.3333333333333333,0.6,"{""clf__C"": 1.0, ""clf__gamma_mult"": 0.25}",15.884768099999746
55,quantum/QRE-RBF-SVM,quantum,8,0.4444444444444444,0.4,"{""clf__C"": 0.1, ""clf__gamma_mult"": 0.25}",15.884768099999746
55,quantum/QRE-RBF-SVM,quantum,9,0.4444444444444444,0.45,"{""clf__C"": 1.0, ""clf__gamma_mult"": 0.25}",15.884768099999746
55,quantum/QRE-RBF-SVM,quantum,10,0.2222222222222222,0.15,"{""clf__C"": 10.0, ""clf__gamma_mult"": 4.0}",15.884768099999746
55,quantum/QRE-RBF-SVM,quantum,11,0.6666666666666666,0.7,"{""clf__C"": 0.1, ""clf__gamma_mult"": 0.25}",15.884768099999746
55,quantum/QRE-RBF-SVM,quantum,12,0.4444444444444444,0.3,"{""clf__C"": 1.0, ""clf__gamma_mult"": 0.25}",15.884768099999746
55,quantum/QRE-RBF-SVM,quantum,13,0.2222222222222222,0.1,"{""clf__C"": 10.0, ""clf__gamma_mult"": 4.0}",15.884768099999746
55,quantum/QRE-RBF-SVM,quantum,14,0.3333333333333333,0.30000000000000004,"{""clf__C"": 1.0, ""clf__gamma_mult"": 0.25}",15.884768099999746
55,quantum/HS-overlap-ref-SVM,quantum,0,1.0,1.0,"{""clf__C"": 10.0}",6.5889790999999605
55,quantum/HS-overlap-ref-SVM,quantum,1,0.8888888888888888,0.9500000000000001,"{""clf__C"": 10.0}",6.5889790999999605
55,quantum/HS-overlap-ref-SVM,quantum,2,1.0,1.0,"{""clf__C"": 10.0}",6.5889790999999605
55,quantum/HS-overlap-ref-SVM,quantum,3,1.0,1.0,"{""clf__C"": 10.0}",6.5889790999999605
55,quantum/HS-overlap-ref-SVM,quantum,4,1.0,1.0,"{""clf__C"": 10.0}",6.5889790999999605
55,quantum/HS-overlap-ref-SVM,quantum,5,0.8888888888888888,0.9,"{""clf__C"": 10.0}",6.5889790999999605
55,quantum/HS-overlap-ref-SVM,quantum,6,1.0,1.0,"{""clf__C"": 10.0}",6.5889790999999605
55,quantum/HS-overlap-ref-SVM,quantum,7,0.8888888888888888,1.0,"{""clf__C"": 10.0}",6.5889790999999605
55,quantum/HS-overlap-ref-SVM,quantum,8,1.0,1.0,"{""clf__C"": 10.0}",6.5889790999999605
55,quantum/HS-overlap-ref-SVM,quantum,9,0.8888888888888888,1.0,"{""clf__C"": 10.0}",6.5889790999999605
55,quantum/HS-overlap-ref-SVM,quantum,10,0.7777777777777778,1.0,"{""clf__C"": 10.0}",6.5889790999999605
55,quantum/HS-overlap-ref-SVM,quantum,11,1.0,1.0,"{""clf__C"": 10.0}",6.5889790999999605
55,quantum/HS-overlap-ref-SVM,quantum,12,0.8888888888888888,1.0,"{""clf__C"": 10.0}",6.5889790999999605
55,quantum/HS-overlap-ref-SVM,quantum,13,1.0,1.0,"{""clf__C"": 10.0}",6.5889790999999605
55,quantum/HS-overlap-ref-SVM,quantum,14,0.7777777777777778,0.9,"{""clf__C"": 10.0}",6.5889790999999605
55,quantum/Fidelity-ref-SVM,quantum,0,1.0,1.0,"{""clf__C"": 10.0}",10.612350499999593
55,quantum/Fidelity-ref-SVM,quantum,1,0.7777777777777778,0.9500000000000001,"{""clf__C"": 10.0}",10.612350499999593
55,quantum/Fidelity-ref-SVM,quantum,2,1.0,1.0,"{""clf__C"": 10.0}",10.612350499999593
55,quantum/Fidelity-ref-SVM,quantum,3,1.0,1.0,"{""clf__C"": 10.0}",10.612350499999593
55,quantum/Fidelity-ref-SVM,quantum,4,0.8888888888888888,1.0,"{""clf__C"": 10.0}",10.612350499999593
55,quantum/Fidelity-ref-SVM,quantum,5,0.8888888888888888,0.9500000000000001,"{""clf__C"": 10.0}",10.612350499999593
55,quantum/Fidelity-ref-SVM,quantum,6,1.0,1.0,"{""clf__C"": 10.0}",10.612350499999593
55,quantum/Fidelity-ref-SVM,quantum,7,0.8888888888888888,1.0,"{""clf__C"": 10.0}",10.612350499999593
55,quantum/Fidelity-ref-SVM,quantum,8,0.8888888888888888,0.95,"{""clf__C"": 10.0}",10.612350499999593
55,quantum/Fidelity-ref-SVM,quantum,9,0.8888888888888888,1.0,"{""clf__C"": 10.0}",10.612350499999593
55,quantum/Fidelity-ref-SVM,quantum,10,0.7777777777777778,1.0,"{""clf__C"": 10.0}",10.612350499999593
55,quantum/Fidelity-ref-SVM,quantum,11,1.0,1.0,"{""clf__C"": 10.0}",10.612350499999593
55,quantum/Fidelity-ref-SVM,quantum,12,0.8888888888888888,1.0,"{""clf__C"": 10.0}",10.612350499999593
55,quantum/Fidelity-ref-SVM,quantum,13,1.0,1.0,"{""clf__C"": 10.0}",10.612350499999593
55,quantum/Fidelity-ref-SVM,quantum,14,0.7777777777777778,0.85,"{""clf__C"": 10.0}",10.612350499999593
55,quantum/HS-RBF-ref-SVM,quantum,0,1.0,1.0,"{""clf__C"": 10.0, ""clf__gamma_mult"": 0.25}",18.113403899999867
55,quantum/HS-RBF-ref-SVM,quantum,1,0.8888888888888888,0.9500000000000001,"{""clf__C"": 10.0, ""clf__gamma_mult"": 0.25}",18.113403899999867
55,quantum/HS-RBF-ref-SVM,quantum,2,0.8888888888888888,1.0,"{""clf__C"": 10.0, ""clf__gamma_mult"": 0.25}",18.113403899999867
55,quantum/HS-RBF-ref-SVM,quantum,3,1.0,1.0,"{""clf__C"": 10.0, ""clf__gamma_mult"": 1.0}",18.113403899999867
55,quantum/HS-RBF-ref-SVM,quantum,4,1.0,1.0,"{""clf__C"": 10.0, ""clf__gamma_mult"": 0.25}",18.113403899999867
55,quantum/HS-RBF-ref-SVM,quantum,5,0.8888888888888888,0.9500000000000001,"{""clf__C"": 10.0, ""clf__gamma_mult"": 4.0}",18.113403899999867
55,quantum/HS-RBF-ref-SVM,quantum,6,1.0,1.0,"{""clf__C"": 10.0, ""clf__gamma_mult"": 1.0}",18.113403899999867
55,quantum/HS-RBF-ref-SVM,quantum,7,0.7777777777777778,0.9500000000000001,"{""clf__C"": 1.0, ""clf__gamma_mult"": 0.25}",18.113403899999867
55,quantum/HS-RBF-ref-SVM,quantum,8,1.0,1.0,"{""clf__C"": 10.0, ""clf__gamma_mult"": 0.25}",18.113403899999867
55,quantum/HS-RBF-ref-SVM,quantum,9,0.7777777777777778,1.0,"{""clf__C"": 1.0, ""clf__gamma_mult"": 1.0}",18.113403899999867
55,quantum/HS-RBF-ref-SVM,quantum,10,0.7777777777777778,1.0,"{""clf__C"": 10.0, ""clf__gamma_mult"": 0.25}",18.113403899999867
55,quantum/HS-RBF-ref-SVM,quantum,11,1.0,1.0,"{""clf__C"": 10.0, ""clf__gamma_mult"": 1.0}",18.113403899999867
55,quantum/HS-RBF-ref-SVM,quantum,12,0.8888888888888888,1.0,"{""clf__C"": 10.0, ""clf__gamma_mult"": 1.0}",18.113403899999867
55,quantum/HS-RBF-ref-SVM,quantum,13,0.8888888888888888,1.0,"{""clf__C"": 1.0, ""clf__gamma_mult"": 1.0}",18.113403899999867
55,quantum/HS-RBF-ref-SVM,quantum,14,0.7777777777777778,0.9,"{""clf__C"": 10.0, ""clf__gamma_mult"": 1.0}",18.113403899999867
55,quantum/Bures-RBF-ref-SVM,quantum,0,1.0,1.0,"{""clf__C"": 10.0, ""clf__gamma_mult"": 1.0}",28.03890700000011
55,quantum/Bures-RBF-ref-SVM,quantum,1,0.8888888888888888,0.9500000000000001,"{""clf__C"": 10.0, ""clf__gamma_mult"": 0.25}",28.03890700000011
55,quantum/Bures-RBF-ref-SVM,quantum,2,1.0,1.0,"{""clf__C"": 1.0, ""clf__gamma_mult"": 1.0}",28.03890700000011
55,quantum/Bures-RBF-ref-SVM,quantum,3,1.0,1.0,"{""clf__C"": 10.0, ""clf__gamma_mult"": 1.0}",28.03890700000011
55,quantum/Bures-RBF-ref-SVM,quantum,4,0.8888888888888888,1.0,"{""clf__C"": 10.0, ""clf__gamma_mult"": 0.25}",28.03890700000011
55,quantum/Bures-RBF-ref-SVM,quantum,5,0.8888888888888888,0.9,"{""clf__C"": 10.0, ""clf__gamma_mult"": 0.25}",28.03890700000011
55,quantum/Bures-RBF-ref-SVM,quantum,6,1.0,1.0,"{""clf__C"": 10.0, ""clf__gamma_mult"": 1.0}",28.03890700000011
55,quantum/Bures-RBF-ref-SVM,quantum,7,0.8888888888888888,1.0,"{""clf__C"": 10.0, ""clf__gamma_mult"": 1.0}",28.03890700000011
55,quantum/Bures-RBF-ref-SVM,quantum,8,0.8888888888888888,1.0,"{""clf__C"": 10.0, ""clf__gamma_mult"": 0.25}",28.03890700000011
55,quantum/Bures-RBF-ref-SVM,quantum,9,0.8888888888888888,1.0,"{""clf__C"": 10.0, ""clf__gamma_mult"": 1.0}",28.03890700000011
55,quantum/Bures-RBF-ref-SVM,quantum,10,0.7777777777777778,1.0,"{""clf__C"": 10.0, ""clf__gamma_mult"": 0.25}",28.03890700000011
55,quantum/Bures-RBF-ref-SVM,quantum,11,1.0,1.0,"{""clf__C"": 10.0, ""clf__gamma_mult"": 1.0}",28.03890700000011
55,quantum/Bures-RBF-ref-SVM,quantum,12,1.0,1.0,"{""clf__C"": 1.0, ""clf__gamma_mult"": 4.0}",28.03890700000011
55,quantum/Bures-RBF-ref-SVM,quantum,13,1.0,1.0,"{""clf__C"": 10.0, ""clf__gamma_mult"": 1.0}",28.03890700000011
55,quantum/Bures-RBF-ref-SVM,quantum,14,0.7777777777777778,0.9,"{""clf__C"": 10.0, ""clf__gamma_mult"": 1.0}",28.03890700000011
55,quantum/QRE-RBF-ref-SVM,quantum,0,1.0,1.0,"{""clf__C"": 10.0, ""clf__gamma_mult"": 1.0}",21.490857300000243
55,quantum/QRE-RBF-ref-SVM,quantum,1,0.8888888888888888,0.9500000000000001,"{""clf__C"": 10.0, ""clf__gamma_mult"": 1.0}",21.490857300000243
55,quantum/QRE-RBF-ref-SVM,quantum,2,1.0,1.0,"{""clf__C"": 1.0, ""clf__gamma_mult"": 1.0}",21.490857300000243
55,quantum/QRE-RBF-ref-SVM,quantum,3,1.0,1.0,"{""clf__C"": 10.0, ""clf__gamma_mult"": 1.0}",21.490857300000243
55,quantum/QRE-RBF-ref-SVM,quantum,4,0.8888888888888888,1.0,"{""clf__C"": 10.0, ""clf__gamma_mult"": 0.25}",21.490857300000243
55,quantum/QRE-RBF-ref-SVM,quantum,5,0.8888888888888888,0.9,"{""clf__C"": 10.0, ""clf__gamma_mult"": 0.25}",21.490857300000243
55,quantum/QRE-RBF-ref-SVM,quantum,6,1.0,1.0,"{""clf__C"": 10.0, ""clf__gamma_mult"": 1.0}",21.490857300000243
55,quantum/QRE-RBF-ref-SVM,quantum,7,0.8888888888888888,1.0,"{""clf__C"": 10.0, ""clf__gamma_mult"": 0.25}",21.490857300000243
55,quantum/QRE-RBF-ref-SVM,quantum,8,0.8888888888888888,1.0,"{""clf__C"": 10.0, ""clf__gamma_mult"": 0.25}",21.490857300000243
55,quantum/QRE-RBF-ref-SVM,quantum,9,0.8888888888888888,1.0,"{""clf__C"": 10.0, ""clf__gamma_mult"": 1.0}",21.490857300000243
55,quantum/QRE-RBF-ref-SVM,quantum,10,0.7777777777777778,1.0,"{""clf__C"": 10.0, ""clf__gamma_mult"": 0.25}",21.490857300000243
55,quantum/QRE-RBF-ref-SVM,quantum,11,1.0,1.0,"{""clf__C"": 10.0, ""clf__gamma_mult"": 1.0}",21.490857300000243
55,quantum/QRE-RBF-ref-SVM,quantum,12,1.0,1.0,"{""clf__C"": 1.0, ""clf__gamma_mult"": 4.0}",21.490857300000243
55,quantum/QRE-RBF-ref-SVM,quantum,13,0.8888888888888888,1.0,"{""clf__C"": 1.0, ""clf__gamma_mult"": 1.0}",21.490857300000243
55,quantum/QRE-RBF-ref-SVM,quantum,14,0.7777777777777778,0.9,"{""clf__C"": 10.0, ""clf__gamma_mult"": 1.0}",21.490857300000243
55,quantum/IQP-kernel-SVM,quantum,0,0.6666666666666666,0.75,"{""clf__C"": 1.0, ""clf__scale"": 0.5}",26.022724899999957
55,quantum/IQP-kernel-SVM,quantum,1,0.7777777777777778,0.8,"{""clf__C"": 10.0, ""clf__scale"": 0.5}",26.022724899999957
55,quantum/IQP-kernel-SVM,quantum,2,0.5555555555555556,0.7,"{""clf__C"": 1.0, ""clf__scale"": 0.5}",26.022724899999957
55,quantum/IQP-kernel-SVM,quantum,3,0.8888888888888888,1.0,"{""clf__C"": 1.0, ""clf__scale"": 0.5}",26.022724899999957
55,quantum/IQP-kernel-SVM,quantum,4,0.7777777777777778,1.0,"{""clf__C"": 1.0, ""clf__scale"": 0.5}",26.022724899999957
55,quantum/IQP-kernel-SVM,quantum,5,1.0,1.0,"{""clf__C"": 1.0, ""clf__scale"": 0.5}",26.022724899999957
55,quantum/IQP-kernel-SVM,quantum,6,1.0,1.0,"{""clf__C"": 10.0, ""clf__scale"": 0.5}",26.022724899999957
55,quantum/IQP-kernel-SVM,quantum,7,0.7777777777777778,0.9,"{""clf__C"": 1.0, ""clf__scale"": 0.5}",26.022724899999957
55,quantum/IQP-kernel-SVM,quantum,8,1.0,1.0,"{""clf__C"": 10.0, ""clf__scale"": 0.5}",26.022724899999957
55,quantum/IQP-kernel-SVM,quantum,9,0.7777777777777778,0.85,"{""clf__C"": 1.0, ""clf__scale"": 0.5}",26.022724899999957
55,quantum/IQP-kernel-SVM,quantum,10,0.8888888888888888,1.0,"{""clf__C"": 10.0, ""clf__scale"": 0.5}",26.022724899999957
55,quantum/IQP-kernel-SVM,quantum,11,1.0,1.0,"{""clf__C"": 1.0, ""clf__scale"": 0.5}",26.022724899999957
55,quantum/IQP-kernel-SVM,quantum,12,0.7777777777777778,1.0,"{""clf__C"": 1.0, ""clf__scale"": 0.5}",26.022724899999957
55,quantum/IQP-kernel-SVM,quantum,13,0.8888888888888888,1.0,"{""clf__C"": 10.0, ""clf__scale"": 0.5}",26.022724899999957
55,quantum/IQP-kernel-SVM,quantum,14,0.6666666666666666,0.9,"{""clf__C"": 1.0, ""clf__scale"": 0.5}",26.022724899999957
55,quantum/CNOT-kernel-SVM,quantum,0,0.7777777777777778,1.0,"{""clf__C"": 10.0, ""clf__scale"": 1.0}",23.946681000000353
55,quantum/CNOT-kernel-SVM,quantum,1,1.0,1.0,"{""clf__C"": 1.0, ""clf__scale"": 0.5}",23.946681000000353
55,quantum/CNOT-kernel-SVM,quantum,2,0.5555555555555556,0.8,"{""clf__C"": 10.0, ""clf__scale"": 0.5}",23.946681000000353
55,quantum/CNOT-kernel-SVM,quantum,3,0.8888888888888888,1.0,"{""clf__C"": 1.0, ""clf__scale"": 0.5}",23.946681000000353
55,quantum/CNOT-kernel-SVM,quantum,4,0.7777777777777778,1.0,"{""clf__C"": 1.0, ""clf__scale"": 0.5}",23.946681000000353
55,quantum/CNOT-kernel-SVM,quantum,5,0.8888888888888888,1.0,"{""clf__C"": 1.0, ""clf__scale"": 0.5}",23.946681000000353
55,quantum/CNOT-kernel-SVM,quantum,6,0.8888888888888888,1.0,"{""clf__C"": 1.0, ""clf__scale"": 1.0}",23.946681000000353
55,quantum/CNOT-kernel-SVM,quantum,7,0.7777777777777778,0.9,"{""clf__C"": 1.0, ""clf__scale"": 0.5}",23.946681000000353
55,quantum/CNOT-kernel-SVM,quantum,8,0.8888888888888888,1.0,"{""clf__C"": 1.0, ""clf__scale"": 0.5}",23.946681000000353
55,quantum/CNOT-kernel-SVM,quantum,9,0.8888888888888888,1.0,"{""clf__C"": 1.0, ""clf__scale"": 0.5}",23.946681000000353
55,quantum/CNOT-kernel-SVM,quantum,10,0.8888888888888888,1.0,"{""clf__C"": 1.0, ""clf__scale"": 1.0}",23.946681000000353
55,quantum/CNOT-kernel-SVM,quantum,11,1.0,1.0,"{""clf__C"": 1.0, ""clf__scale"": 0.5}",23.946681000000353
55,quantum/CNOT-kernel-SVM,quantum,12,1.0,1.0,"{""clf__C"": 1.0, ""clf__scale"": 0.5}",23.946681000000353
55,quantum/CNOT-kernel-SVM,quantum,13,0.8888888888888888,1.0,"{""clf__C"": 1.0, ""clf__scale"": 0.5}",23.946681000000353
55,quantum/CNOT-kernel-SVM,quantum,14,0.6666666666666666,0.9,"{""clf__C"": 1.0, ""clf__scale"": 0.5}",23.946681000000353
55,control/IQP-no-entangle,control,0,0.7777777777777778,1.0,"{""clf__C"": 10.0, ""clf__scale"": 0.5}",22.399496799999724
55,control/IQP-no-entangle,control,1,0.8888888888888888,0.8500000000000001,"{""clf__C"": 1.0, ""clf__scale"": 1.0}",22.399496799999724
55,control/IQP-no-entangle,control,2,0.6666666666666666,0.8,"{""clf__C"": 10.0, ""clf__scale"": 0.5}",22.399496799999724
55,control/IQP-no-entangle,control,3,0.8888888888888888,1.0,"{""clf__C"": 1.0, ""clf__scale"": 0.5}",22.399496799999724
55,control/IQP-no-entangle,control,4,0.7777777777777778,1.0,"{""clf__C"": 1.0, ""clf__scale"": 0.5}",22.399496799999724
55,control/IQP-no-entangle,control,5,1.0,1.0,"{""clf__C"": 1.0, ""clf__scale"": 0.5}",22.399496799999724
55,control/IQP-no-entangle,control,6,1.0,1.0,"{""clf__C"": 1.0, ""clf__scale"": 0.5}",22.399496799999724
55,control/IQP-no-entangle,control,7,0.7777777777777778,0.9,"{""clf__C"": 1.0, ""clf__scale"": 0.5}",22.399496799999724
55,control/IQP-no-entangle,control,8,0.8888888888888888,1.0,"{""clf__C"": 1.0, ""clf__scale"": 0.5}",22.399496799999724
55,control/IQP-no-entangle,control,9,1.0,1.0,"{""clf__C"": 1.0, ""clf__scale"": 0.5}",22.399496799999724
55,control/IQP-no-entangle,control,10,1.0,1.0,"{""clf__C"": 10.0, ""clf__scale"": 0.5}",22.399496799999724
55,control/IQP-no-entangle,control,11,1.0,1.0,"{""clf__C"": 10.0, ""clf__scale"": 1.0}",22.399496799999724
55,control/IQP-no-entangle,control,12,0.8888888888888888,1.0,"{""clf__C"": 10.0, ""clf__scale"": 0.5}",22.399496799999724
55,control/IQP-no-entangle,control,13,0.8888888888888888,1.0,"{""clf__C"": 1.0, ""clf__scale"": 0.5}",22.399496799999724
55,control/IQP-no-entangle,control,14,0.5555555555555556,0.8,"{""clf__C"": 1.0, ""clf__scale"": 0.5}",22.399496799999724
55,control/PCA-matched-RBF,control,0,0.8888888888888888,1.0,"{""clf__C"": 1.0, ""clf__gamma"": 0.1}",18.886291900000288
55,control/PCA-matched-RBF,control,1,0.8888888888888888,1.0,"{""clf__C"": 10.0, ""clf__gamma"": 0.01}",18.886291900000288
55,control/PCA-matched-RBF,control,2,0.7777777777777778,0.9,"{""clf__C"": 1.0, ""clf__gamma"": 0.1}",18.886291900000288
55,control/PCA-matched-RBF,control,3,0.8888888888888888,1.0,"{""clf__C"": 10.0, ""clf__gamma"": 0.01}",18.886291900000288
55,control/PCA-matched-RBF,control,4,0.8888888888888888,0.95,"{""clf__C"": 1.0, ""clf__gamma"": ""scale""}",18.886291900000288
55,control/PCA-matched-RBF,control,5,0.8888888888888888,1.0,"{""clf__C"": 10.0, ""clf__gamma"": 0.01}",18.886291900000288
55,control/PCA-matched-RBF,control,6,1.0,1.0,"{""clf__C"": 1.0, ""clf__gamma"": 0.1}",18.886291900000288
55,control/PCA-matched-RBF,control,7,0.6666666666666666,0.9,"{""clf__C"": 1.0, ""clf__gamma"": ""scale""}",18.886291900000288
55,control/PCA-matched-RBF,control,8,0.7777777777777778,1.0,"{""clf__C"": 10.0, ""clf__gamma"": 0.01}",18.886291900000288
55,control/PCA-matched-RBF,control,9,0.8888888888888888,1.0,"{""clf__C"": 1.0, ""clf__gamma"": ""scale""}",18.886291900000288
55,control/PCA-matched-RBF,control,10,0.8888888888888888,1.0,"{""clf__C"": 1.0, ""clf__gamma"": ""scale""}",18.886291900000288
55,control/PCA-matched-RBF,control,11,1.0,1.0,"{""clf__C"": 1.0, ""clf__gamma"": 0.1}",18.886291900000288
55,control/PCA-matched-RBF,control,12,0.8888888888888888,1.0,"{""clf__C"": 10.0, ""clf__gamma"": 0.01}",18.886291900000288
55,control/PCA-matched-RBF,control,13,0.8888888888888888,1.0,"{""clf__C"": 1.0, ""clf__gamma"": 0.1}",18.886291900000288
55,control/PCA-matched-RBF,control,14,0.7777777777777778,0.9,"{""clf__C"": 10.0, ""clf__gamma"": 0.01}",18.886291900000288
55,control/PCA-matched-linear,control,0,0.7777777777777778,1.0,"{""clf__C"": 10.0}",6.890443899999809
55,control/PCA-matched-linear,control,1,1.0,1.0,"{""clf__C"": 0.1}",6.890443899999809
55,control/PCA-matched-linear,control,2,0.7777777777777778,0.9500000000000001,"{""clf__C"": 10.0}",6.890443899999809
55,control/PCA-matched-linear,control,3,0.8888888888888888,1.0,"{""clf__C"": 1.0}",6.890443899999809
55,control/PCA-matched-linear,control,4,0.7777777777777778,1.0,"{""clf__C"": 1.0}",6.890443899999809
55,control/PCA-matched-linear,control,5,0.8888888888888888,1.0,"{""clf__C"": 10.0}",6.890443899999809
55,control/PCA-matched-linear,control,6,0.8888888888888888,1.0,"{""clf__C"": 1.0}",6.890443899999809
55,control/PCA-matched-linear,control,7,0.8888888888888888,0.9,"{""clf__C"": 0.1}",6.890443899999809
55,control/PCA-matched-linear,control,8,0.8888888888888888,1.0,"{""clf__C"": 1.0}",6.890443899999809
55,control/PCA-matched-linear,control,9,1.0,1.0,"{""clf__C"": 0.1}",6.890443899999809
55,control/PCA-matched-linear,control,10,0.7777777777777778,1.0,"{""clf__C"": 0.1}",6.890443899999809
55,control/PCA-matched-linear,control,11,1.0,1.0,"{""clf__C"": 10.0}",6.890443899999809
55,control/PCA-matched-linear,control,12,0.8888888888888888,1.0,"{""clf__C"": 0.1}",6.890443899999809
55,control/PCA-matched-linear,control,13,0.8888888888888888,1.0,"{""clf__C"": 1.0}",6.890443899999809
55,control/PCA-matched-linear,control,14,0.8888888888888888,0.9,"{""clf__C"": 10.0}",6.890443899999809
55,control/logeuclid-TS+LR,control,0,0.5555555555555556,0.7,"{""clf__C"": 10.0}",5.140492799999265
55,control/logeuclid-TS+LR,control,1,0.8888888888888888,0.9,"{""clf__C"": 10.0}",5.140492799999265
55,control/logeuclid-TS+LR,control,2,0.4444444444444444,0.6,"{""clf__C"": 10.0}",5.140492799999265
55,control/logeuclid-TS+LR,control,3,0.5555555555555556,0.5,"{""clf__C"": 0.1}",5.140492799999265
55,control/logeuclid-TS+LR,control,4,0.7777777777777778,0.95,"{""clf__C"": 1.0}",5.140492799999265
55,control/logeuclid-TS+LR,control,5,0.6666666666666666,0.75,"{""clf__C"": 10.0}",5.140492799999265
55,control/logeuclid-TS+LR,control,6,1.0,1.0,"{""clf__C"": 10.0}",5.140492799999265
55,control/logeuclid-TS+LR,control,7,0.8888888888888888,0.9500000000000001,"{""clf__C"": 10.0}",5.140492799999265
55,control/logeuclid-TS+LR,control,8,1.0,1.0,"{""clf__C"": 10.0}",5.140492799999265
55,control/logeuclid-TS+LR,control,9,0.8888888888888888,1.0,"{""clf__C"": 10.0}",5.140492799999265
55,control/logeuclid-TS+LR,control,10,0.4444444444444444,0.7,"{""clf__C"": 10.0}",5.140492799999265
55,control/logeuclid-TS+LR,control,11,0.8888888888888888,0.9500000000000001,"{""clf__C"": 10.0}",5.140492799999265
55,control/logeuclid-TS+LR,control,12,0.7777777777777778,0.9,"{""clf__C"": 10.0}",5.140492799999265
55,control/logeuclid-TS+LR,control,13,0.8888888888888888,1.0,"{""clf__C"": 10.0}",5.140492799999265
55,control/logeuclid-TS+LR,control,14,0.8888888888888888,0.9,"{""clf__C"": 10.0}",5.140492799999265
55,control/riemann-kernel-SVM,control,0,0.8888888888888888,0.9500000000000001,"{""clf__C"": 1.0}",6.787614500000018
55,control/riemann-kernel-SVM,control,1,0.8888888888888888,0.9500000000000001,"{""clf__C"": 1.0}",6.787614500000018
55,control/riemann-kernel-SVM,control,2,0.7777777777777778,1.0,"{""clf__C"": 1.0}",6.787614500000018
55,control/riemann-kernel-SVM,control,3,1.0,1.0,"{""clf__C"": 1.0}",6.787614500000018
55,control/riemann-kernel-SVM,control,4,0.8888888888888888,0.95,"{""clf__C"": 1.0}",6.787614500000018
55,control/riemann-kernel-SVM,control,5,0.8888888888888888,0.9,"{""clf__C"": 1.0}",6.787614500000018
55,control/riemann-kernel-SVM,control,6,1.0,1.0,"{""clf__C"": 1.0}",6.787614500000018
55,control/riemann-kernel-SVM,control,7,0.8888888888888888,1.0,"{""clf__C"": 1.0}",6.787614500000018
55,control/riemann-kernel-SVM,control,8,0.8888888888888888,0.9,"{""clf__C"": 1.0}",6.787614500000018
55,control/riemann-kernel-SVM,control,9,0.8888888888888888,1.0,"{""clf__C"": 1.0}",6.787614500000018
55,control/riemann-kernel-SVM,control,10,0.7777777777777778,1.0,"{""clf__C"": 1.0}",6.787614500000018
55,control/riemann-kernel-SVM,control,11,1.0,1.0,"{""clf__C"": 0.1}",6.787614500000018
55,control/riemann-kernel-SVM,control,12,0.8888888888888888,1.0,"{""clf__C"": 1.0}",6.787614500000018
55,control/riemann-kernel-SVM,control,13,0.8888888888888888,1.0,"{""clf__C"": 0.1}",6.787614500000018
55,control/riemann-kernel-SVM,control,14,0.7777777777777778,0.85,"{""clf__C"": 1.0}",6.787614500000018
55,control/logeuclid-kernel-SVM,control,0,0.7777777777777778,0.9500000000000001,"{""clf__C"": 1.0}",6.6378592000000936
55,control/logeuclid-kernel-SVM,control,1,0.8888888888888888,0.9500000000000001,"{""clf__C"": 1.0}",6.6378592000000936
55,control/logeuclid-kernel-SVM,control,2,0.8888888888888888,1.0,"{""clf__C"": 1.0}",6.6378592000000936
55,control/logeuclid-kernel-SVM,control,3,1.0,1.0,"{""clf__C"": 10.0}",6.6378592000000936
55,control/logeuclid-kernel-SVM,control,4,0.8888888888888888,0.8500000000000001,"{""clf__C"": 1.0}",6.6378592000000936
55,control/logeuclid-kernel-SVM,control,5,0.8888888888888888,0.9,"{""clf__C"": 1.0}",6.6378592000000936
55,control/logeuclid-kernel-SVM,control,6,1.0,1.0,"{""clf__C"": 1.0}",6.6378592000000936
55,control/logeuclid-kernel-SVM,control,7,0.8888888888888888,1.0,"{""clf__C"": 1.0}",6.6378592000000936
55,control/logeuclid-kernel-SVM,control,8,0.8888888888888888,0.9,"{""clf__C"": 1.0}",6.6378592000000936
55,control/logeuclid-kernel-SVM,control,9,0.8888888888888888,1.0,"{""clf__C"": 10.0}",6.6378592000000936
55,control/logeuclid-kernel-SVM,control,10,0.7777777777777778,0.9500000000000001,"{""clf__C"": 1.0}",6.6378592000000936
55,control/logeuclid-kernel-SVM,control,11,0.8888888888888888,0.9500000000000001,"{""clf__C"": 1.0}",6.6378592000000936
55,control/logeuclid-kernel-SVM,control,12,0.8888888888888888,0.9,"{""clf__C"": 1.0}",6.6378592000000936
55,control/logeuclid-kernel-SVM,control,13,1.0,1.0,"{""clf__C"": 1.0}",6.6378592000000936
55,control/logeuclid-kernel-SVM,control,14,0.7777777777777778,0.85,"{""clf__C"": 1.0}",6.6378592000000936
